Scenario,Time,Follower,SourceColumn,LeaderEdges,AllFollowerEdges,TotalRangeEdges,Rank,Condition,MinRange,MaxRange,Connected
baseline_3f,1.0,1,1,3,5,12,3,3.770657553791448,384.68949994735846,465.60181732805006,True
baseline_3f,1.0,2,2,3,5,12,3,3.5094555245284713,270.6750831692796,439.848938263923,True
baseline_3f,1.0,3,3,3,5,12,3,2.7168406190515637,157.84492700970068,462.45545621697164,True
baseline_3f,2.0,1,1,3,5,12,3,3.7706575541942513,384.68949993062205,465.6018173172746,True
baseline_3f,2.0,2,2,3,5,12,3,3.509455524331028,270.6750831707263,439.8489383114016,True
baseline_3f,2.0,3,3,3,5,12,3,2.716840619186399,157.8449270668656,462.45545614668316,True
baseline_3f,3.0,1,1,3,5,12,3,3.7706575545923076,384.68949991433584,465.60181730685673,True
baseline_3f,3.0,2,2,3,5,12,3,3.509455524127634,270.67508317204397,439.8489383588803,True
baseline_3f,3.0,3,3,3,5,12,3,2.7168406193125265,157.8449271240306,462.4554560783634,True
baseline_3f,4.0,1,1,3,5,12,3,3.7706575549906205,384.6894998975994,465.601817296439,True
baseline_3f,4.0,2,2,3,5,12,3,3.5094555239149554,270.6750831733617,439.8489384050432,True
baseline_3f,4.0,3,3,3,5,12,3,2.716840619443006,157.84492718119552,462.45545600905945,True
baseline_3f,5.0,1,1,3,5,12,3,3.770657555397909,384.6894998808629,465.60181728530586,True
baseline_3f,5.0,2,2,3,5,12,3,3.5094555237082234,270.6750831748084,439.8489384512058,True
baseline_3f,5.0,3,3,3,5,12,3,2.7168406195921873,157.84492723768838,462.45545593877097,True
baseline_3f,6.0,1,1,3,5,12,3,3.7706575557861464,384.6894998650271,465.60181727488805,True
baseline_3f,6.0,2,2,3,5,12,3,3.509455523520729,270.6750831761905,439.84893849736864,True
baseline_3f,6.0,3,3,3,5,12,3,2.716840619698313,157.84492729418116,462.4554558694669,True
baseline_3f,7.0,1,1,3,5,12,3,3.770657556190834,384.6894998482906,465.60181726447024,True
baseline_3f,7.0,2,2,3,5,12,3,3.509455523311815,270.6750831775082,439.8489385461631,True
baseline_3f,7.0,3,3,3,5,12,3,2.716840619825903,157.84492735269032,462.4554558001629,True
baseline_3f,8.0,1,1,3,5,12,3,3.7706575565827736,384.6894998315541,465.60181725405243,True
baseline_3f,8.0,2,2,3,5,12,3,3.5094555230953683,270.6750831788259,439.8489385896941,True
baseline_3f,8.0,3,3,3,5,12,3,2.7168406199592763,157.84492740851107,462.4554557308588,True
baseline_3f,9.0,1,1,3,5,12,3,3.770657556981343,384.68949981436737,465.60181724363457,True
baseline_3f,9.0,2,2,3,5,12,3,3.509455522885665,270.6750831802081,439.848938635857,True
baseline_3f,9.0,3,3,3,5,12,3,2.716840620094108,157.84492746567602,462.4554556605703,True
baseline_3f,10.0,1,1,3,5,12,3,3.770657557379653,384.68949979763084,465.60181723321676,True
baseline_3f,10.0,2,2,3,5,12,3,3.5094555226852453,270.6750831815903,439.8489386833356,True
baseline_3f,10.0,3,3,3,5,12,3,2.7168406202345823,157.84492752216886,462.4554555922507,True
baseline_3f,11.0,1,1,3,5,12,3,3.770657557778757,384.689499781795,465.60181722244135,True
baseline_3f,11.0,2,2,3,5,12,3,3.5094555224922312,270.67508318297246,439.84893873081427,True
baseline_3f,11.0,3,3,3,5,12,3,2.7168406203421682,157.8449275800059,462.45545552196234,True
baseline_3f,12.0,1,1,3,5,12,3,3.7706575581728354,384.6894997646083,465.60181721238115,True
baseline_3f,12.0,2,2,3,5,12,3,3.5094555222795503,270.67508318429014,439.84893877697704,True
baseline_3f,12.0,3,3,3,5,12,3,2.7168406204826447,157.84492763649874,462.4554554536425,True
baseline_3f,13.0,1,1,3,5,12,3,3.770657558576682,384.68949974832213,465.601817201248,True
baseline_3f,13.0,2,2,3,5,12,3,3.5094555220802253,270.67508318573687,439.8489388231398,True
baseline_3f,13.0,3,3,3,5,12,3,2.71684062060893,157.84492769366364,462.4554553823698,True
baseline_3f,14.0,1,1,3,5,12,3,3.7706575589749964,384.6894997315856,465.6018171908303,True
baseline_3f,14.0,2,2,3,5,12,3,3.509455521879809,270.675083187119,439.8489388706185,True
baseline_3f,14.0,3,3,3,5,12,3,2.7168406207494047,157.84492775015653,462.45545531405,True
baseline_3f,15.0,1,1,3,5,12,3,3.770657559376497,384.68949971484915,465.6018171804124,True
baseline_3f,15.0,2,2,3,5,12,3,3.5094555216690084,270.6750831884367,439.8489389180971,True
baseline_3f,15.0,3,3,3,5,12,3,2.7168406208784392,157.84492780799357,462.455455244746,True
baseline_3f,16.0,1,1,3,5,12,3,3.770657559772411,384.6894996990133,465.60181716963694,True
baseline_3f,16.0,2,2,3,5,12,3,3.5094555214741106,270.6750831898189,439.84893896425984,True
baseline_3f,16.0,3,3,3,5,12,3,2.7168406209974636,157.84492786448644,462.45545517544184,True
baseline_3f,17.0,1,1,3,5,12,3,3.7706575601667462,384.6894996813762,465.60181715957674,True
baseline_3f,17.0,2,2,3,5,12,3,3.509455521264409,270.67508319120105,439.84893901042255,True
baseline_3f,17.0,3,3,3,5,12,3,2.7168406211322984,157.84492792165133,462.4554551051535,True
baseline_3f,18.0,1,1,3,5,12,3,3.770657560561614,384.6894996650901,465.601817149159,True
baseline_3f,18.0,2,2,3,5,12,3,3.5094555210713922,270.67508319258326,439.84893905790125,True
baseline_3f,18.0,3,3,3,5,12,3,2.716840621259872,157.84492797814423,462.4554550368338,True
baseline_3f,19.0,1,1,3,5,12,3,3.770657560967605,384.68949964835366,465.60181713838347,True
baseline_3f,19.0,2,2,3,5,12,3,3.5094555208635714,270.67508319396546,439.84893910538,True
baseline_3f,19.0,3,3,3,5,12,3,2.7168406213932608,157.84492803598127,462.45545496654535,True
baseline_3f,20.0,1,1,3,5,12,3,3.770657561365918,384.6894996316172,465.6018171279657,True
baseline_3f,20.0,2,2,3,5,12,3,3.509455520638628,270.67508319521863,439.84893915022695,True
baseline_3f,20.0,3,3,3,5,12,3,2.7168406215337337,157.84492809247408,462.45545489822575,True
baseline_3f,21.0,1,1,3,5,12,3,3.7706575617697626,384.689499615331,465.60181711683254,True
baseline_3f,21.0,2,2,3,5,12,3,3.5094555204393023,270.67508319666535,439.84893919638967,True
baseline_3f,21.0,3,3,3,5,12,3,2.7168406216600216,157.84492814963903,462.45545482695275,True
baseline_3f,22.0,1,1,3,5,12,3,3.7706575621646317,384.68949959904484,465.6018171064148,True
baseline_3f,22.0,2,2,3,5,12,3,3.5094555202462883,270.6750831980475,439.8489392438683,True
baseline_3f,22.0,3,3,3,5,12,3,2.7168406217875947,157.84492820613187,462.45545475863315,True
baseline_3f,23.0,1,1,3,5,12,3,3.7706575625661336,384.6894995823084,465.6018170959969,True
baseline_3f,23.0,2,2,3,5,12,3,3.5094555200354924,270.6750831993652,439.84893929134694,True
baseline_3f,23.0,3,3,3,5,12,3,2.7168406219166292,157.8449282639689,462.4554546893291,True
baseline_3f,24.0,1,1,3,5,12,3,3.7706575629567696,384.68949956557185,465.60181708593683,True
baseline_3f,24.0,2,2,3,5,12,3,3.5094555198302113,270.6750832006829,439.84893933750976,True
baseline_3f,24.0,3,3,3,5,12,3,2.71684062203421,157.84492832113386,462.4554546200252,True
baseline_3f,25.0,1,1,3,5,12,3,3.7706575633598285,384.68949954838513,465.6018170751613,True
baseline_3f,25.0,2,2,3,5,12,3,3.5094555196234847,270.67508320212954,439.84893938367253,True
baseline_3f,25.0,3,3,3,5,12,3,2.716840622183391,157.84492837762673,462.45545454973654,True
baseline_3f,26.0,1,1,3,5,12,3,3.77065756375814,384.68949953164866,465.6018170647435,True
baseline_3f,26.0,2,2,3,5,12,3,3.5094555194230685,270.67508320351175,439.8489394311511,True
baseline_3f,26.0,3,3,3,5,12,3,2.7168406223138715,157.84492843479168,462.4554544804325,True
baseline_3f,27.0,1,1,3,5,12,3,3.770657564157243,384.6894995158128,465.6018170539681,True
baseline_3f,27.0,2,2,3,5,12,3,3.509455519230052,270.6750832048939,439.84893947862975,True
baseline_3f,27.0,3,3,3,5,12,3,2.7168406224314516,157.8449284919566,462.4554544111285,True
baseline_3f,28.0,1,1,3,5,12,3,3.770657564551322,384.689499498626,465.6018170439079,True
baseline_3f,28.0,2,2,3,5,12,3,3.5094555190173677,270.67508320621164,439.8489395247925,True
baseline_3f,28.0,3,3,3,5,12,3,2.716840622561932,157.84492854912156,462.45545434182446,True
baseline_3f,29.0,1,1,3,5,12,3,3.7706575649506795,384.6894994823399,465.60181703313236,True
baseline_3f,29.0,2,2,3,5,12,3,3.5094555188028087,270.6750832075293,439.8489395696395,True
baseline_3f,29.0,3,3,3,5,12,3,2.716840622693859,157.8449286056144,462.45545427252034,True
baseline_3f,30.0,1,1,3,5,12,3,3.7706575653502927,384.6894994656034,465.60181702235695,True
baseline_3f,30.0,2,2,3,5,12,3,3.509455518615747,270.6750832090405,439.84893961711816,True
baseline_3f,30.0,3,3,3,5,12,3,2.716840622830138,157.84492866210724,462.45545420223186,True
baseline_3f,31.0,1,1,3,5,12,3,3.770657565754984,384.68949944886697,465.60181701193915,True
baseline_3f,31.0,2,2,3,5,12,3,3.5094555183945686,270.6750832102937,439.8489396645968,True
baseline_3f,31.0,3,3,3,5,12,3,2.7168406229677213,157.84492871994428,462.4554541339122,True
baseline_3f,32.0,1,1,3,5,12,3,3.7706575661464083,384.6894994330311,465.60181700152134,True
baseline_3f,32.0,2,2,3,5,12,3,3.5094555181966944,270.67508321161137,439.8489397107596,True
baseline_3f,32.0,3,3,3,5,12,3,2.7168406230723985,157.84492877710923,462.4554540646082,True
baseline_3f,33.0,1,1,3,5,12,3,3.7706575665420443,384.68949941539404,465.60181699110353,True
baseline_3f,33.0,2,2,3,5,12,3,3.509455517988082,270.67508321305803,439.84893975560647,True
baseline_3f,33.0,3,3,3,5,12,3,2.7168406232230256,157.84492883292995,462.4554539943197,True
baseline_3f,34.0,1,1,3,5,12,3,3.770657566936913,384.6894993991079,465.60181698068567,True
baseline_3f,34.0,2,2,3,5,12,3,3.5094555177950673,270.67508321444024,439.84893980308505,True
baseline_3f,34.0,3,3,3,5,12,3,2.716840623340606,157.84492889009488,462.4554539250156,True
baseline_3f,35.0,1,1,3,5,12,3,3.7706575673460905,384.68949938237137,465.6018169699102,True
baseline_3f,35.0,2,2,3,5,12,3,3.5094555175891298,270.6750832158224,439.8489398518797,True
baseline_3f,35.0,3,3,3,5,12,3,2.7168406234825415,157.844928947932,462.45545385571154,True
baseline_3f,36.0,1,1,3,5,12,3,3.770657567741215,384.6894993656349,465.6018169594924,True
baseline_3f,36.0,2,2,3,5,12,3,3.5094555173745654,270.6750832171401,439.84893989672656,True
baseline_3f,36.0,3,3,3,5,12,3,2.7168406236144693,157.8449290044248,462.45545378640753,True
baseline_3f,37.0,1,1,3,5,12,3,3.7706575681405705,384.6894993493487,465.601816948717,True
baseline_3f,37.0,2,2,3,5,12,3,3.5094555171722632,270.6750832185223,439.8489399428893,True
baseline_3f,37.0,3,3,3,5,12,3,2.7168406237463967,157.84492906091765,462.4554537171036,True
baseline_3f,38.0,1,1,3,5,12,3,3.7706575685399315,384.6894993330626,465.6018169379415,True
baseline_3f,38.0,2,2,3,5,12,3,3.5094555169822272,270.67508321996894,439.84893999036797,True
baseline_3f,38.0,3,3,3,5,12,3,2.716840623868329,157.8449291180826,462.45545364681504,True
baseline_3f,39.0,1,1,3,5,12,3,3.770657568933758,384.68949931632613,465.6018169278814,True
baseline_3f,39.0,2,2,3,5,12,3,3.5094555167788304,270.6750832212866,439.84894003784655,True
baseline_3f,39.0,3,3,3,5,12,3,2.7168406239944565,157.84492917524753,462.4554535784954,True
baseline_3f,40.0,1,1,3,5,12,3,3.770657569332067,384.68949929958967,465.60181691746357,True
baseline_3f,40.0,2,2,3,5,12,3,3.509455516566151,270.6750832226043,439.8489400840094,True
baseline_3f,40.0,3,3,3,5,12,3,2.716840624124938,157.84492923241248,462.4554535091914,True
baseline_3f,41.0,1,1,3,5,12,3,3.7706575697351252,384.6894992824029,465.60181690668804,True
baseline_3f,41.0,2,2,3,5,12,3,3.50945551634716,270.6750832239865,439.8489401288564,True
baseline_3f,41.0,3,3,3,5,12,3,2.7168406242641248,157.8449292895774,462.45545343791844,True
baseline_3f,42.0,1,1,3,5,12,3,3.7706575701299925,384.68949926611674,465.60181689627024,True
baseline_3f,42.0,2,2,3,5,12,3,3.509455516166408,270.6750832254332,439.84894017765083,True
baseline_3f,42.0,3,3,3,5,12,3,2.716840624391699,157.84492934607024,462.4554533695988,True
baseline_3f,43.0,1,1,3,5,12,3,3.7706575705280514,384.6894992498306,465.6018168858524,True
baseline_3f,43.0,2,2,3,5,12,3,3.509455515950753,270.67508322668635,439.8489402238136,True
baseline_3f,43.0,3,3,3,5,12,3,2.716840624507833,157.84492940390732,462.4554533002947,True
baseline_3f,44.0,1,1,3,5,12,3,3.770657570923176,384.6894992330941,465.60181687543457,True
baseline_3f,44.0,2,2,3,5,12,3,3.5094555157484484,270.67508322806856,439.84894026997625,True
baseline_3f,44.0,3,3,3,5,12,3,2.7168406246397585,157.84492946040015,462.4554532309907,True
baseline_3f,45.0,1,1,3,5,12,3,3.7706575713259776,384.68949921635766,465.60181686465916,True
baseline_3f,45.0,2,2,3,5,12,3,3.509455515538746,270.67508322945076,439.8489403161392,True
baseline_3f,45.0,3,3,3,5,12,3,2.7168406247745933,157.8449295175651,462.4554531607023,True
baseline_3f,46.0,1,1,3,5,12,3,3.7706575717287776,384.68949919962114,465.6018168538837,True
baseline_3f,46.0,2,2,3,5,12,3,3.5094555153413007,270.6750832308974,439.84894036361766,True
baseline_3f,46.0,3,3,3,5,12,3,2.7168406249194197,157.84492957405797,462.4554530913981,True
baseline_3f,47.0,1,1,3,5,12,3,3.7706575721268365,384.68949918333504,465.6018168434658,True
baseline_3f,47.0,2,2,3,5,12,3,3.5094555151379065,270.6750832322151,439.8489404110965,True
baseline_3f,47.0,3,3,3,5,12,3,2.716840625035556,157.844929631895,462.4554530220941,True
baseline_3f,48.0,1,1,3,5,12,3,3.770657572521705,384.6894991670489,465.6018168330481,True
baseline_3f,48.0,2,2,3,5,12,3,3.5094555149326325,270.6750832335328,439.84894045725923,True
baseline_3f,48.0,3,3,3,5,12,3,2.716840625163127,157.84492968838785,462.45545295377445,True
baseline_3f,49.0,1,1,3,5,12,3,3.770657572917087,384.6894991498621,465.6018168226302,True
baseline_3f,49.0,2,2,3,5,12,3,3.509455514733306,270.67508323497947,439.84894050342183,True
baseline_3f,49.0,3,3,3,5,12,3,2.716840625289415,157.84492974555278,462.4554528825016,True
baseline_3f,50.0,1,1,3,5,12,3,3.770657573315398,384.6894991331256,465.60181681221246,True
baseline_3f,50.0,2,2,3,5,12,3,3.5094555145328874,270.6750832363617,439.8489405509006,True
baseline_3f,50.0,3,3,3,5,12,3,2.71684062542989,157.84492980204558,462.455452814182,True
baseline_3f,51.0,1,1,3,5,12,3,3.7706575737168992,384.6894991163892,465.6018168017946,True
baseline_3f,51.0,2,2,3,5,12,3,3.509455514322091,270.67508323767936,439.84894059837933,True
baseline_3f,51.0,3,3,3,5,12,3,2.7168406255589237,157.84492985988274,462.45545274487785,True
baseline_3f,52.0,1,1,3,5,12,3,3.7706575741162576,384.68949910010303,465.6018167910192,True
baseline_3f,52.0,2,2,3,5,12,3,3.509455514107526,270.67508323899705,439.84894064322623,True
baseline_3f,52.0,3,3,3,5,12,3,2.7168406256908497,157.84492991637552,462.45545267557384,True
baseline_3f,53.0,1,1,3,5,12,3,3.7706575745190594,384.6894990833665,465.6018167802437,True
baseline_3f,53.0,2,2,3,5,12,3,3.509455513897821,270.67508324037925,439.84894068938894,True
baseline_3f,53.0,3,3,3,5,12,3,2.716840625825684,157.84492997354047,462.4554526052854,True
baseline_3f,54.0,1,1,3,5,12,3,3.7706575749149747,384.6894990675307,465.60181676946826,True
baseline_3f,54.0,2,2,3,5,12,3,3.5094555137151846,270.6750832418259,439.8489407368676,True
baseline_3f,54.0,3,3,3,5,12,3,2.716840625944711,157.8449300300333,462.45545253598124,True
baseline_3f,55.0,1,1,3,5,12,3,3.770657575312243,384.6894990503439,465.60181675940805,True
baseline_3f,55.0,2,2,3,5,12,3,3.5094555135043892,270.6750832431436,439.8489407843464,True
baseline_3f,55.0,3,3,3,5,12,3,2.7168406260737443,157.84493008787044,462.4554524666772,True
baseline_3f,56.0,1,1,3,5,12,3,3.7706575757105556,384.68949903360743,465.60181674899025,True
baseline_3f,56.0,2,2,3,5,12,3,3.5094555132917082,270.6750832444613,439.84894083050904,True
baseline_3f,56.0,3,3,3,5,12,3,2.7168406262142195,157.84493014436325,462.4554523983575,True
baseline_3f,57.0,1,1,3,5,12,3,3.7706575761101675,384.689499016871,465.6018167382148,True
baseline_3f,57.0,2,2,3,5,12,3,3.509455513092384,270.67508324590796,439.84894087667186,True
baseline_3f,57.0,3,3,3,5,12,3,2.716840626340506,157.8449302015282,462.45545232708463,True
baseline_3f,58.0,1,1,3,5,12,3,3.770657576505292,384.6894990001345,465.601816727797,True
baseline_3f,58.0,2,2,3,5,12,3,3.509455512890082,270.67508324729016,439.84894092283446,True
baseline_3f,58.0,3,3,3,5,12,3,2.716840626472435,157.84493025802098,462.4554522577806,True
baseline_3f,59.0,1,1,3,5,12,3,3.77065757690654,384.6894989838484,465.60181671737917,True
baseline_3f,59.0,2,2,3,5,12,3,3.5094555126885734,270.67508324860785,439.8489409716292,True
baseline_3f,59.0,3,3,3,5,12,3,2.716840626597113,157.84493031585814,462.45545218946097,True
baseline_3f,60.0,1,1,3,5,12,3,3.770657577298474,384.6894989671119,465.60181670696136,True
baseline_3f,60.0,2,2,3,5,12,3,3.5094555124843874,270.67508324999005,439.84894101647603,True
baseline_3f,60.0,3,3,3,5,12,3,2.7168406267204928,157.84493037235086,462.45545211917266,True
baseline_3f,61.0,1,1,3,5,12,3,3.770657577701275,384.6894989503754,465.6018166961859,True
baseline_3f,61.0,2,2,3,5,12,3,3.5094555122746836,270.6750832513722,439.84894106263886,True
baseline_3f,61.0,3,3,3,5,12,3,2.7168406268653227,157.8449304288437,462.4554520498685,True
baseline_3f,62.0,1,1,3,5,12,3,3.7706575780995903,384.68949893363896,465.6018166857681,True
baseline_3f,62.0,2,2,3,5,12,3,3.509455512074264,270.6750832527544,439.8489411101174,True
baseline_3f,62.0,3,3,3,5,12,3,2.7168406269958036,157.84493048600868,462.4554519805644,True
baseline_3f,63.0,1,1,3,5,12,3,3.770657578502133,384.68949891735286,465.6018166749926,True
baseline_3f,63.0,2,2,3,5,12,3,3.5094555118738464,270.67508325413655,439.8489411575962,True
baseline_3f,63.0,3,3,3,5,12,3,2.716840627126282,157.8449305431736,462.4554519112605,True
baseline_3f,64.0,1,1,3,5,12,3,3.7706575788970045,384.68949890106666,465.6018166645748,True
baseline_3f,64.0,2,2,3,5,12,3,3.5094555116563044,270.6750832553898,439.84894120244286,True
baseline_3f,64.0,3,3,3,5,12,3,2.7168406272438603,157.84493060033859,462.45545184195623,True
baseline_3f,65.0,1,1,3,5,12,3,3.7706575792923824,384.6894988838799,465.60181665415695,True
baseline_3f,65.0,2,2,3,5,12,3,3.509455511456982,270.67508325683644,439.84894124860574,True
baseline_3f,65.0,3,3,3,5,12,3,2.7168406273801433,157.84493065683142,462.4554517716677,True
baseline_3f,66.0,1,1,3,5,12,3,3.770657579690696,384.6894988671434,465.60181664373914,True
baseline_3f,66.0,2,2,3,5,12,3,3.5094555112565633,270.67508325821865,439.8489412960845,True
baseline_3f,66.0,3,3,3,5,12,3,2.7168406275106243,157.84493071399635,462.4554517023638,True
baseline_3f,67.0,1,1,3,5,12,3,3.7706575800921964,384.68949885040695,465.60181663332133,True
baseline_3f,67.0,2,2,3,5,12,3,3.5094555110457666,270.6750832595363,439.84894134356307,True
baseline_3f,67.0,3,3,3,5,12,3,2.7168406276496513,157.84493077116136,462.45545163404415,True
baseline_3f,68.0,1,1,3,5,12,3,3.770657580487065,384.68949883412074,465.6018166229035,True
baseline_3f,68.0,2,2,3,5,12,3,3.509455510840488,270.675083260854,439.8489413897258,True
baseline_3f,68.0,3,3,3,5,12,3,2.716840627767233,157.84493082832626,462.4554515647401,True
baseline_3f,69.0,1,1,3,5,12,3,3.7706575808943574,384.6894988173842,465.60181661177046,True
baseline_3f,69.0,2,2,3,5,12,3,3.50945551063376,270.6750832623007,439.84894143588866,True
baseline_3f,69.0,3,3,3,5,12,3,2.716840627916414,157.84493088481906,462.45545149445167,True
baseline_3f,70.0,1,1,3,5,12,3,3.770657581285782,384.68949880154844,465.60181660135265,True
baseline_3f,70.0,2,2,3,5,12,3,3.5094555104481495,270.6750832636829,439.8489414833673,True
baseline_3f,70.0,3,3,3,5,12,3,2.7168406280210924,157.84493094198407,462.4554514251476,True
baseline_3f,71.0,1,1,3,5,12,3,3.77065758168754,384.68949878436166,465.6018165909348,True
baseline_3f,71.0,2,2,3,5,12,3,3.509455510240328,270.67508326506504,439.848941530846,True
baseline_3f,71.0,3,3,3,5,12,3,2.7168406281644737,157.84493099914906,462.4554513558435,True
baseline_3f,72.0,1,1,3,5,12,3,3.7706575820858523,384.68949876762525,465.601816580517,True
baseline_3f,72.0,2,2,3,5,12,3,3.5094555100276468,270.6750832663827,439.8489415770087,True
baseline_3f,72.0,3,3,3,5,12,3,2.7168406282949547,157.84493105631392,462.45545128653947,True
baseline_3f,73.0,1,1,3,5,12,3,3.7706575824854647,384.68949875088873,465.6018165697415,True
baseline_3f,73.0,2,2,3,5,12,3,3.509455509828323,270.67508326782945,439.8489416231715,True
baseline_3f,73.0,3,3,3,5,12,3,2.7168406284312354,157.84493111280676,462.455451216251,True
baseline_3f,74.0,1,1,3,5,12,3,3.7706575828837763,384.6894987341523,465.6018165593237,True
baseline_3f,74.0,2,2,3,5,12,3,3.5094555096279016,270.6750832692116,439.84894167065005,True
baseline_3f,74.0,3,3,3,5,12,3,2.7168406285617137,157.8449311699717,462.455451146947,True
baseline_3f,75.0,1,1,3,5,12,3,3.7706575832783913,384.6894987183165,465.6018165489059,True
baseline_3f,75.0,2,2,3,5,12,3,3.5094555094196487,270.6750832704648,439.84894171681293,True
baseline_3f,75.0,3,3,3,5,12,3,2.7168406286649462,157.84493122780887,462.4554510776428,True
baseline_3f,76.0,1,1,3,5,12,3,3.7706575836724707,384.6894987011297,465.6018165388457,True
baseline_3f,76.0,2,2,3,5,12,3,3.5094555092069677,270.6750832717825,439.8489417629757,True
baseline_3f,76.0,3,3,3,5,12,3,2.7168406288054214,157.84493128430168,462.45545100932316,True
baseline_3f,77.0,1,1,3,5,12,3,3.7706575840797627,384.68949868439313,465.6018165277126,True
baseline_3f,77.0,2,2,3,5,12,3,3.509455509000239,270.6750832732292,439.84894180913835,True
baseline_3f,77.0,3,3,3,5,12,3,2.716840628944611,157.84493134146658,462.4554509380503,True
baseline_3f,78.0,1,1,3,5,12,3,3.7706575844746304,384.68949866810703,465.6018165172948,True
baseline_3f,78.0,2,2,3,5,12,3,3.5094555088072235,270.6750832746113,439.8489418566171,True
baseline_3f,78.0,3,3,3,5,12,3,2.7168406290721836,157.8449313979594,462.45545086973084,True
baseline_3f,79.0,1,1,3,5,12,3,3.770657584880621,384.68949865137057,465.6018165065193,True
baseline_3f,79.0,2,2,3,5,12,3,3.509455508599403,270.67508327599353,439.84894190409557,True
baseline_3f,79.0,3,3,3,5,12,3,2.7168406292055725,157.84493145579643,462.45545079944225,True
baseline_3f,80.0,1,1,3,5,12,3,3.770657585272045,384.68949863553473,465.60181649610155,True
baseline_3f,80.0,2,2,3,5,12,3,3.509455508401532,270.6750832773112,439.8489419502587,True
baseline_3f,80.0,3,3,3,5,12,3,2.7168406293202447,157.84493151228935,462.4554507311226,True
baseline_3f,81.0,1,1,3,5,12,3,3.7706575856663807,384.6894986178977,465.60181648604134,True
baseline_3f,81.0,2,2,3,5,12,3,3.509455508191824,270.6750832786934,439.84894199642133,True
baseline_3f,81.0,3,3,3,5,12,3,2.7168406294550773,157.84493156945436,462.4554506608341,True
baseline_3f,82.0,1,1,3,5,12,3,3.770657586065996,384.68949860116123,465.6018164752658,True
baseline_3f,82.0,2,2,3,5,12,3,3.5094555079924983,270.6750832801401,439.8489420425841,True
baseline_3f,82.0,3,3,3,5,12,3,2.7168406296013523,157.84493162527502,462.45545059153,True
baseline_3f,83.0,1,1,3,5,12,3,3.7706575864672405,384.689498584875,465.60181646484807,True
baseline_3f,83.0,2,2,3,5,12,3,3.5094555077909875,270.6750832814578,439.84894209137855,True
baseline_3f,83.0,3,3,3,5,12,3,2.71684062971604,157.84493168378418,462.455450522226,True
baseline_3f,84.0,1,1,3,5,12,3,3.7706575868655534,384.6894985681386,465.60181645443026,True
baseline_3f,84.0,2,2,3,5,12,3,3.5094555075783083,270.67508328277546,439.8489421375413,True
baseline_3f,84.0,3,3,3,5,12,3,2.716840629856512,157.84493174027708,462.4554504539064,True
baseline_3f,85.0,1,1,3,5,12,3,3.770657587269653,384.68949855140204,465.6018164432972,True
baseline_3f,85.0,2,2,3,5,12,3,3.5094555073574347,270.67508328415767,439.84894218107246,True
baseline_3f,85.0,3,3,3,5,12,3,2.7168406299971477,157.84493179676977,462.45545038263367,True
baseline_3f,86.0,1,1,3,5,12,3,3.770657587661079,384.68949853556626,465.60181643287933,True
baseline_3f,86.0,2,2,3,5,12,3,3.509455507184086,270.67508328560433,439.848942229867,True
baseline_3f,86.0,3,3,3,5,12,3,2.7168406301118195,157.84493185326272,462.4554503143138,True
baseline_3f,87.0,1,1,3,5,12,3,3.770657588058349,384.6894985183795,465.60181642281924,True
baseline_3f,87.0,2,2,3,5,12,3,3.509455506961024,270.6750832868575,439.8489422760295,True
baseline_3f,87.0,3,3,3,5,12,3,2.716840630240856,157.84493191109976,462.45545024500984,True
baseline_3f,88.0,1,1,3,5,12,3,3.770657588457707,384.68949850209333,465.6018164120437,True
baseline_3f,88.0,2,2,3,5,12,3,3.5094555067587248,270.6750832882397,439.84894232219267,True
baseline_3f,88.0,3,3,3,5,12,3,2.7168406303727823,157.84493196759263,462.4554501757058,True
baseline_3f,89.0,1,1,3,5,12,3,3.7706575888562743,384.6894984849065,465.6018164016259,True
baseline_3f,89.0,2,2,3,5,12,3,3.509455506549022,270.6750832896219,439.8489423683556,True
baseline_3f,89.0,3,3,3,5,12,3,2.716840630507616,157.84493202475764,462.45545010541724,True
baseline_3f,90.0,1,1,3,5,12,3,3.770657589259077,384.68949846817003,465.60181639085044,True
baseline_3f,90.0,2,2,3,5,12,3,3.5094555063515784,270.6750832910686,439.8489424158339,True
baseline_3f,90.0,3,3,3,5,12,3,2.7168406306524435,157.84493208125036,462.45545003611323,True
baseline_3f,91.0,1,1,3,5,12,3,3.7706575896536885,384.68949845233425,465.60181638043264,True
baseline_3f,91.0,2,2,3,5,12,3,3.5094555061555877,270.67508329238626,439.84894246331277,True
baseline_3f,91.0,3,3,3,5,12,3,2.7168406307556756,157.84493213908752,462.4554499668091,True
baseline_3f,92.0,1,1,3,5,12,3,3.7706575900477697,384.68949843514736,465.6018163703725,True
baseline_3f,92.0,2,2,3,5,12,3,3.5094555059429045,270.67508329370395,439.84894250947525,True
baseline_3f,92.0,3,3,3,5,12,3,2.716840630886158,157.84493219625242,462.45544989750505,True
baseline_3f,93.0,1,1,3,5,12,3,3.7706575904550608,384.68949841841095,465.60181635923936,True
baseline_3f,93.0,2,2,3,5,12,3,3.5094555057361756,270.6750832951506,439.8489425556382,True
baseline_3f,93.0,3,3,3,5,12,3,2.7168406310353377,157.84493225274525,462.4554498272166,True
baseline_3f,94.0,1,1,3,5,12,3,3.770657590849929,384.68949840212474,465.6018163488215,True
baseline_3f,94.0,2,2,3,5,12,3,3.509455505543162,270.6750832965328,439.84894260311677,True
baseline_3f,94.0,3,3,3,5,12,3,2.7168406311529196,157.8449323099102,462.4554497579126,True
baseline_3f,95.0,1,1,3,5,12,3,3.7706575912514326,384.6894983853883,465.60181633840375,True
baseline_3f,95.0,2,2,3,5,12,3,3.509455505332365,270.6750832978505,439.8489426505954,True
baseline_3f,95.0,3,3,3,5,12,3,2.716840631291948,157.8449323670751,462.4554496895929,True
baseline_3f,96.0,1,1,3,5,12,3,3.770657591647343,384.68949836955255,465.6018163276283,True
baseline_3f,96.0,2,2,3,5,12,3,3.509455505137468,270.6750832992327,439.84894269675823,True
baseline_3f,96.0,3,3,3,5,12,3,2.716840631400978,157.84493242424017,462.4554496193044,True
baseline_3f,97.0,1,1,3,5,12,3,3.7706575920416796,384.6894983519155,465.601816317568,True
baseline_3f,97.0,2,2,3,5,12,3,3.509455504915499,270.67508330055034,439.8489427416049,True
baseline_3f,97.0,3,3,3,5,12,3,2.716840631545806,157.844932480733,462.4554495500003,True
baseline_3f,98.0,1,1,3,5,12,3,3.770657592444479,384.689498335179,465.6018163067926,True
baseline_3f,98.0,2,2,3,5,12,3,3.509455504718059,270.67508330199706,439.8489427890838,True
baseline_3f,98.0,3,3,3,5,12,3,2.7168406316806393,157.8449325378979,462.45544947971194,True
baseline_3f,99.0,1,1,3,5,12,3,3.7706575928425368,384.68949831889284,465.60181629637475,True
baseline_3f,99.0,2,2,3,5,12,3,3.509455504514664,270.67508330331475,439.84894283656246,True
baseline_3f,99.0,3,3,3,5,12,3,2.716840631806767,157.84493259506291,462.4554494113922,True
baseline_3f,100.0,1,1,3,5,12,3,3.7706575932408506,384.6894983021563,465.60181628595706,True
baseline_3f,100.0,2,2,3,5,12,3,3.5094555043019837,270.67508330463244,439.84894288272505,True
baseline_3f,100.0,3,3,3,5,12,3,2.716840631937251,157.84493265222775,462.4554493420883,True
baseline_3f,101.0,1,1,3,5,12,3,3.7706575936481412,384.6894982854199,465.6018162748239,True
baseline_3f,101.0,2,2,3,5,12,3,3.509455504095255,270.6750833060791,439.8489429288881,True
baseline_3f,101.0,3,3,3,5,12,3,2.7168406320864293,157.84493270872065,462.4554492717998,True
baseline_3f,102.0,1,1,3,5,12,3,3.7706575940395646,384.689498269584,465.60181626440607,True
baseline_3f,102.0,2,2,3,5,12,3,3.5094555039096416,270.6750833074613,439.84894297636663,True
baseline_3f,102.0,3,3,3,5,12,3,2.71684063219111,157.84493276588566,462.45544920249563,True
baseline_3f,103.0,1,1,3,5,12,3,3.7706575944368335,384.68949825239724,465.6018162543459,True
baseline_3f,103.0,2,2,3,5,12,3,3.5094555036988457,270.675083308779,439.8489430238453,True
baseline_3f,103.0,3,3,3,5,12,3,2.7168406323301357,157.8449328230505,462.45544913417615,True
baseline_3f,104.0,1,1,3,5,12,3,3.7706575948361936,384.6894982361111,465.60181624357045,True
baseline_3f,104.0,2,2,3,5,12,3,3.509455503496542,270.67508331016114,439.84894307000786,True
baseline_3f,104.0,3,3,3,5,12,3,2.716840632452072,157.8449328802155,462.45544906388756,True
baseline_3f,105.0,1,1,3,5,12,3,3.7706575952347623,384.6894982189243,465.6018162331526,True
baseline_3f,105.0,2,2,3,5,12,3,3.50945550328684,270.67508331154335,439.84894311617063,True
baseline_3f,105.0,3,3,3,5,12,3,2.7168406325968975,157.84493293670835,462.4554489945833,True
baseline_3f,106.0,1,1,3,5,12,3,3.770657595633073,384.68949820218785,465.60181622273484,True
baseline_3f,106.0,2,2,3,5,12,3,3.5094555030864205,270.6750833129255,439.8489431636494,True
baseline_3f,106.0,3,3,3,5,12,3,2.716840632727378,157.84493299387336,462.45544892527954,True
baseline_3f,107.0,1,1,3,5,12,3,3.770657596027944,384.68949818590164,465.6018162123169,True
baseline_3f,107.0,2,2,3,5,12,3,3.5094555028934056,270.6750833143077,439.848943211128,True
baseline_3f,107.0,3,3,3,5,12,3,2.7168406328449617,157.84493305103837,462.4554488559752,True
baseline_3f,108.0,1,1,3,5,12,3,3.7706575964262568,384.6894981691651,465.6018162018992,True
baseline_3f,108.0,2,2,3,5,12,3,3.509455502668463,270.6750833155609,439.848943255975,True
baseline_3f,108.0,3,3,3,5,12,3,2.7168406329754444,157.84493310820307,462.45544878667147,True
baseline_3f,109.0,1,1,3,5,12,3,3.7706575968269145,384.68949815287914,465.601816190766,True
baseline_3f,109.0,2,2,3,5,12,3,3.5094555024672562,270.6750833170076,439.84894330082193,True
baseline_3f,109.0,3,3,3,5,12,3,2.7168406331031756,157.844933164696,462.4554487153984,True
baseline_3f,110.0,1,1,3,5,12,3,3.7706575972252274,384.6894981361427,465.6018161803482,True
baseline_3f,110.0,2,2,3,5,12,3,3.509455502266837,270.6750833183898,439.8489433483006,True
baseline_3f,110.0,3,3,3,5,12,3,2.7168406332436463,157.8449332211889,462.45544864707875,True
baseline_3f,111.0,1,1,3,5,12,3,3.7706575976299166,384.68949811940615,465.60181616993043,True
baseline_3f,111.0,2,2,3,5,12,3,3.5094555020579237,270.6750833197075,439.8489433970951,True
baseline_3f,111.0,3,3,3,5,12,3,2.716840633371234,157.84493327969804,462.4554485777747,True
baseline_3f,112.0,1,1,3,5,12,3,3.77065759802264,384.6894981035703,465.60181615915496,True
baseline_3f,112.0,2,2,3,5,12,3,3.509455501861144,270.6750833210897,439.8489434419422,True
baseline_3f,112.0,3,3,3,5,12,3,2.716840633491707,157.84493333551885,462.4554485084706,True
baseline_3f,113.0,1,1,3,5,12,3,3.770657598416977,384.68949808593317,465.6018161490948,True
baseline_3f,113.0,2,2,3,5,12,3,3.5094555016514364,270.67508332247183,439.84894348810474,True
baseline_3f,113.0,3,3,3,5,12,3,2.7168406336265436,157.84493339268369,462.4554484381824,True
baseline_3f,114.0,1,1,3,5,12,3,3.7706575988118454,384.689498069647,465.601816138677,True
baseline_3f,114.0,2,2,3,5,12,3,3.5094555014584246,270.67508332385404,439.84894353558354,True
baseline_3f,114.0,3,3,3,5,12,3,2.7168406337541167,157.84493344917655,462.4554483698626,True
baseline_3f,115.0,1,1,3,5,12,3,3.7706575992178366,384.6894980529105,465.60181612790154,True
baseline_3f,115.0,2,2,3,5,12,3,3.5094555012506006,270.6750833252362,439.84894358306207,True
baseline_3f,115.0,3,3,3,5,12,3,2.7168406338875055,157.84493350701365,462.45544829957413,True
baseline_3f,116.0,1,1,3,5,12,3,3.770657599616148,384.6894980361742,465.6018161174837,True
baseline_3f,116.0,2,2,3,5,12,3,3.5094555010379205,270.6750833265539,439.8489436292248,True
baseline_3f,116.0,3,3,3,5,12,3,2.7168406340279763,157.8449335635065,462.4554482312544,True
baseline_3f,117.0,1,1,3,5,12,3,3.770657600019995,384.68949801988794,465.6018161063506,True
baseline_3f,117.0,2,2,3,5,12,3,3.509455500838595,270.6750833280006,439.8489436753875,True
baseline_3f,117.0,3,3,3,5,12,3,2.7168406341542646,157.84493362067138,462.45544815998153,True
baseline_3f,118.0,1,1,3,5,12,3,3.770657600414864,384.68949800360184,465.6018160959328,True
baseline_3f,118.0,2,2,3,5,12,3,3.5094555006455823,270.67508332938274,439.84894372286647,True
baseline_3f,118.0,3,3,3,5,12,3,2.7168406342818394,157.8449336771643,462.45544809166205,True
baseline_3f,119.0,1,1,3,5,12,3,3.77065760080869,384.68949798686543,465.6018160858726,True
baseline_3f,119.0,2,2,3,5,12,3,3.509455500442186,270.67508333070043,439.8489437703448,True
baseline_3f,119.0,3,3,3,5,12,3,2.7168406343979705,157.84493373500135,462.45544802235787,True
baseline_3f,120.0,1,1,3,5,12,3,3.770657601207003,384.68949797012897,465.6018160754548,True
baseline_3f,120.0,2,2,3,5,12,3,3.5094555002172423,270.67508333195366,439.8489438151918,True
baseline_3f,120.0,3,3,3,5,12,3,2.7168406345384435,157.84493379149427,462.4554479540381,True
baseline_3f,121.0,1,1,3,5,12,3,3.7706576016100577,384.6894979529421,465.6018160646794,True
baseline_3f,121.0,2,2,3,5,12,3,3.5094555000105125,270.6750833334003,439.8489438613546,True
baseline_3f,121.0,3,3,3,5,12,3,2.716840634677632,157.8449338486592,462.45544788276527,True
baseline_3f,122.0,1,1,3,5,12,3,3.770657602004925,384.689497936656,465.6018160542615,True
baseline_3f,122.0,2,2,3,5,12,3,3.5094554998175003,270.67508333478247,439.8489439088331,True
baseline_3f,122.0,3,3,3,5,12,3,2.7168406348052074,157.844933905152,462.4554478144456,True
baseline_3f,123.0,1,1,3,5,12,3,3.770657602403242,384.6894979199195,465.6018160438437,True
baseline_3f,123.0,2,2,3,5,12,3,3.5094554996170793,270.6750833361647,439.84894395631176,True
baseline_3f,123.0,3,3,3,5,12,3,2.7168406349256964,157.844933962989,462.45544774415725,True
baseline_3f,124.0,1,1,3,5,12,3,3.7706576027981105,384.6894979036333,465.6018160334259,True
baseline_3f,124.0,2,2,3,5,12,3,3.509455499411804,270.67508333748236,439.8489440024748,True
baseline_3f,124.0,3,3,3,5,12,3,2.716840635053269,157.8449340194819,462.45544767583766,True
baseline_3f,125.0,1,1,3,5,12,3,3.770657603200911,384.68949788689685,465.60181602265044,True
baseline_3f,125.0,2,2,3,5,12,3,3.509455499202097,270.67508333886457,439.8489440486373,True
baseline_3f,125.0,3,3,3,5,12,3,2.716840635188103,157.84493407664687,462.4554476055491,True
baseline_3f,126.0,1,1,3,5,12,3,3.7706576036037136,384.6894978701603,465.60181601187503,True
baseline_3f,126.0,2,2,3,5,12,3,3.5094554990046607,270.67508334031123,439.84894409611616,True
baseline_3f,126.0,3,3,3,5,12,3,2.716840635322936,157.8449341338118,462.45544753526065,True
baseline_3f,127.0,1,1,3,5,12,3,3.7706576040017703,384.6894978538743,465.6018160014571,True
baseline_3f,127.0,2,2,3,5,12,3,3.5094554988012647,270.6750833416289,439.84894414359474,True
baseline_3f,127.0,3,3,3,5,12,3,2.7168406354490635,157.84493419097686,462.4554474669409,True
baseline_3f,128.0,1,1,3,5,12,3,3.77065760439664,384.6894978375881,465.60181599103936,True
baseline_3f,128.0,2,2,3,5,12,3,3.509455498595988,270.6750833429466,439.8489441897576,True
baseline_3f,128.0,3,3,3,5,12,3,2.7168406355666463,157.8449342481417,462.45544739763693,True
baseline_3f,129.0,1,1,3,5,12,3,3.770657604795464,384.689497819951,465.60181598062155,True
baseline_3f,129.0,2,2,3,5,12,3,3.5094554983892565,270.6750833443933,439.84894423592044,True
baseline_3f,129.0,3,3,3,5,12,3,2.716840635715825,157.84493430463462,462.4554473273485,True
baseline_3f,130.0,1,1,3,5,12,3,3.7706576051903324,384.68949780366484,465.6018159702037,True
baseline_3f,130.0,2,2,3,5,12,3,3.509455498196244,270.6750833457755,439.84894428339896,True
baseline_3f,130.0,3,3,3,5,12,3,2.716840635833406,157.84493436179952,462.45544725804433,True
baseline_3f,131.0,1,1,3,5,12,3,3.770657605591834,384.6894977869284,465.6018159597858,True
baseline_3f,131.0,2,2,3,5,12,3,3.5094554979731827,270.6750833470287,439.8489443295618,True
baseline_3f,131.0,3,3,3,5,12,3,2.716840635972432,157.8449344189645,462.45544718972457,True
baseline_3f,132.0,1,1,3,5,12,3,3.7706576059946344,384.68949777019185,465.6018159490105,True
baseline_3f,132.0,2,2,3,5,12,3,3.509455497763476,270.67508334841085,439.8489443757245,True
baseline_3f,132.0,3,3,3,5,12,3,2.716840636107266,157.8449344761294,462.4554471194363,True
baseline_3f,133.0,1,1,3,5,12,3,3.7706576063939936,384.68949775390564,465.60181593823495,True
baseline_3f,133.0,2,2,3,5,12,3,3.5094554975611754,270.67508334979306,439.8489444218873,True
baseline_3f,133.0,3,3,3,5,12,3,2.7168406362391972,157.84493453262226,462.455447050132,True
baseline_3f,134.0,1,1,3,5,12,3,3.770657606785929,384.68949773716935,465.60181592781714,True
baseline_3f,134.0,2,2,3,5,12,3,3.5094554973692547,270.6750833512397,439.84894446805004,True
baseline_3f,134.0,3,3,3,5,12,3,2.716840636362574,157.84493458911507,462.45544697984377,True
baseline_3f,135.0,1,1,3,5,12,3,3.770657607187176,384.68949772088314,465.60181591739934,True
baseline_3f,135.0,2,2,3,5,12,3,3.5094554971677447,270.6750833525574,439.84894451684454,True
baseline_3f,135.0,3,3,3,5,12,3,2.716840636487256,157.84493464695217,462.455446911524,True
baseline_3f,136.0,1,1,3,5,12,3,3.7706576075822986,384.6894977041466,465.6018159069815,True
baseline_3f,136.0,2,2,3,5,12,3,3.5094554969531813,270.6750833538751,439.8489445616915,True
baseline_3f,136.0,3,3,3,5,12,3,2.716840636619183,157.844934703445,462.45544684221994,True
baseline_3f,137.0,1,1,3,5,12,3,3.770657607985357,384.6894976869598,465.6018158962061,True
baseline_3f,137.0,2,2,3,5,12,3,3.5094554967464506,270.67508335532176,439.8489446078541,True
baseline_3f,137.0,3,3,3,5,12,3,2.7168406367683624,157.84493475993787,462.45544677193163,True
baseline_3f,138.0,1,1,3,5,12,3,3.770657608380228,384.68949767067375,465.60181588578826,True
baseline_3f,138.0,2,2,3,5,12,3,3.5094554965534366,270.67508335670396,439.84894465533284,True
baseline_3f,138.0,3,3,3,5,12,3,2.716840636885943,157.84493481710277,462.45544670262757,True
baseline_3f,139.0,1,1,3,5,12,3,3.7706576087740484,384.6894976539373,465.60181587572816,True
baseline_3f,139.0,2,2,3,5,12,3,3.5094554963500446,270.67508335802165,439.8489447028118,True
baseline_3f,139.0,3,3,3,5,12,3,2.7168406370120706,157.84493487426772,462.45544663430815,True
baseline_3f,140.0,1,1,3,5,12,3,3.770657609173408,384.6894976376511,465.60181586495264,True
baseline_3f,140.0,2,2,3,5,12,3,3.5094554961477398,270.67508335940386,439.8489447489743,True
baseline_3f,140.0,3,3,3,5,12,3,2.7168406371340064,157.84493493143273,462.4554465640194,True
baseline_3f,141.0,1,1,3,5,12,3,3.7706576095762117,384.6894976209146,465.6018158541772,True
baseline_3f,141.0,2,2,3,5,12,3,3.5094554959257738,270.67508336072154,439.84894479382126,True
baseline_3f,141.0,3,3,3,5,12,3,2.716840637278833,157.84493498792557,462.4554464947153,True
baseline_3f,142.0,1,1,3,5,12,3,3.77065760997901,384.68949760417814,465.60181584340177,True
baseline_3f,142.0,2,2,3,5,12,3,3.5094554957405943,270.67508336223267,439.84894484261565,True
baseline_3f,142.0,3,3,3,5,12,3,2.716840637413665,157.84493504509047,462.455446424427,True
baseline_3f,143.0,1,1,3,5,12,3,3.770657610377068,384.689497587892,465.6018158329839,True
baseline_3f,143.0,2,2,3,5,12,3,3.509455495524937,270.6750833634859,439.84894488877836,True
baseline_3f,143.0,3,3,3,5,12,3,2.7168406375298018,157.84493510292745,462.45544635512294,True
baseline_3f,144.0,1,1,3,5,12,3,3.770657610771937,384.6894975716059,465.60181582256604,True
baseline_3f,144.0,2,2,3,5,12,3,3.5094554953196613,270.6750833648036,439.8489449349414,True
baseline_3f,144.0,3,3,3,5,12,3,2.716840637657373,157.8449351594205,462.455446286803,True
baseline_3f,145.0,1,1,3,5,12,3,3.770657611167319,384.6894975544191,465.60181581214823,True
baseline_3f,145.0,2,2,3,5,12,3,3.509455495120335,270.67508336625025,439.8489449811039,True
baseline_3f,145.0,3,3,3,5,12,3,2.7168406377836605,157.84493521658533,462.4554462155303,True
baseline_3f,146.0,1,1,3,5,12,3,3.77065761156563,384.68949753768266,465.6018158017304,True
baseline_3f,146.0,2,2,3,5,12,3,3.5094554949199184,270.67508336763245,439.84894502858265,True
baseline_3f,146.0,3,3,3,5,12,3,2.7168406379241343,157.8449352730782,462.4554461472107,True
baseline_3f,147.0,1,1,3,5,12,3,3.770657611967133,384.6894975209461,465.6018157913126,True
baseline_3f,147.0,2,2,3,5,12,3,3.5094554947091177,270.67508336895014,439.84894507606145,True
baseline_3f,147.0,3,3,3,5,12,3,2.7168406380531693,157.8449353309154,462.45544607790663,True
baseline_3f,148.0,1,1,3,5,12,3,3.770657612366488,384.68949750466004,465.6018157805371,True
baseline_3f,148.0,2,2,3,5,12,3,3.5094554945068213,270.67508337033235,439.848945122224,True
baseline_3f,148.0,3,3,3,5,12,3,2.716840638185096,157.8449353874081,462.45544600860245,True
baseline_3f,149.0,1,1,3,5,12,3,3.770657612769291,384.6894974879235,465.60181576976174,True
baseline_3f,149.0,2,2,3,5,12,3,3.5094554942971157,270.6750833717145,439.84894516838716,True
baseline_3f,149.0,3,3,3,5,12,3,2.7168406383199284,157.84493544457308,462.4554459383142,True
baseline_3f,150.0,1,1,3,5,12,3,3.7706576131564815,384.6894974716374,465.6018157597016,True
baseline_3f,150.0,2,2,3,5,12,3,3.509455494111507,270.6750833730967,439.8489452158659,True
baseline_3f,150.0,3,3,3,5,12,3,2.716840638434602,157.84493550106595,462.4554458699946,True
baseline_3f,151.0,1,1,3,5,12,3,3.770657613562473,384.6894974549009,465.6018157489261,True
baseline_3f,151.0,2,2,3,5,12,3,3.5094554939036824,270.6750833744789,439.84894526334426,True
baseline_3f,151.0,3,3,3,5,12,3,2.7168406385679917,157.844935558903,462.45544579970584,True
baseline_3f,152.0,1,1,3,5,12,3,3.770657613960785,384.6894974381644,465.6018157385084,True
baseline_3f,152.0,2,2,3,5,12,3,3.5094554936909983,270.67508337579653,439.8489453095071,True
baseline_3f,152.0,3,3,3,5,12,3,2.7168406387084647,157.8449356153958,462.4554457313866,True
baseline_3f,153.0,1,1,3,5,12,3,3.7706576143603985,384.689497421428,465.6018157277328,True
baseline_3f,153.0,2,2,3,5,12,3,3.509455493479413,270.67508337717874,439.84894535435365,True
baseline_3f,153.0,3,3,3,5,12,3,2.716840638834754,157.8449356725607,462.45544566011347,True
baseline_3f,154.0,1,1,3,5,12,3,3.7706576147587128,384.68949740469145,465.601815717315,True
baseline_3f,154.0,2,2,3,5,12,3,3.5094554932789963,270.67508337856094,439.84894540183257,True
baseline_3f,154.0,3,3,3,5,12,3,2.716840638975228,157.8449357290535,462.4554455917939,True
baseline_3f,155.0,1,1,3,5,12,3,3.7706576151490947,384.6894973884053,465.6018157072548,True
baseline_3f,155.0,2,2,3,5,12,3,3.509455493083002,270.67508337987863,439.84894544931115,True
baseline_3f,155.0,3,3,3,5,12,3,2.7168406390784616,157.84493578689072,462.45544552248975,True
baseline_3f,156.0,1,1,3,5,12,3,3.7706576155518925,384.68949737166884,465.6018156964794,True
baseline_3f,156.0,2,2,3,5,12,3,3.509455492873297,270.6750833812608,439.8489454954738,True
baseline_3f,156.0,3,3,3,5,12,3,2.716840639223287,157.84493584338355,462.45544545318563,True
baseline_3f,157.0,1,1,3,5,12,3,3.770657615954697,384.6894973549324,465.6018156857039,True
baseline_3f,157.0,2,2,3,5,12,3,3.5094554926635952,270.675083382643,439.8489455416368,True
baseline_3f,157.0,3,3,3,5,12,3,2.7168406393581193,157.8449359005485,462.4554453828972,True
baseline_3f,158.0,1,1,3,5,12,3,3.770657616349565,384.6894973386463,465.60181567528616,True
baseline_3f,158.0,2,2,3,5,12,3,3.50945549247058,270.67508338402513,439.8489455891154,True
baseline_3f,158.0,3,3,3,5,12,3,2.716840639485692,157.84493595704149,462.4554453145776,True
baseline_3f,159.0,1,1,3,5,12,3,3.7706576167555554,384.6894973219098,465.60181566451064,True
baseline_3f,159.0,2,2,3,5,12,3,3.509455492262761,270.6750833854074,439.8489456365941,True
baseline_3f,159.0,3,3,3,5,12,3,2.7168406396190834,157.84493601487836,462.4554452442892,True
baseline_3f,160.0,1,1,3,5,12,3,3.77065761714698,384.689497306074,465.60181565409283,True
baseline_3f,160.0,2,2,3,5,12,3,3.509455492064885,270.6750833867251,439.8489456827572,True
baseline_3f,160.0,3,3,3,5,12,3,2.716840639723765,157.84493607204337,462.4554451749852,True
baseline_3f,161.0,1,1,3,5,12,3,3.770657617542616,384.6894972884368,465.601815643675,True
baseline_3f,161.0,2,2,3,5,12,3,3.5094554918562726,270.67508338817174,439.8489457276037,True
baseline_3f,161.0,3,3,3,5,12,3,2.7168406398743894,157.8449361278641,462.45544510469665,True
baseline_3f,162.0,1,1,3,5,12,3,3.7706576179409272,384.68949727170036,465.6018156332572,True
baseline_3f,162.0,2,2,3,5,12,3,3.5094554916558574,270.6750833895539,439.8489457750826,True
baseline_3f,162.0,3,3,3,5,12,3,2.7168406400048704,157.844936185029,462.4554450353926,True
baseline_3f,163.0,1,1,3,5,12,3,3.7706576183421725,384.68949725541427,465.6018156228394,True
baseline_3f,163.0,2,2,3,5,12,3,3.5094554914543457,270.6750833908716,439.8489458238769,True
baseline_3f,163.0,3,3,3,5,12,3,2.7168406401295475,157.84493624286614,462.455444967073,True
baseline_3f,164.0,1,1,3,5,12,3,3.7706576187372964,384.6894972386778,465.60181561242166,True
baseline_3f,164.0,2,2,3,5,12,3,3.5094554912275213,270.6750833921248,439.8489458674082,True
baseline_3f,164.0,3,3,3,5,12,3,2.716840640261476,157.84493629935898,462.45544489776887,True
baseline_3f,165.0,1,1,3,5,12,3,3.770657619144589,384.68949722194134,465.6018156012884,True
baseline_3f,165.0,2,2,3,5,12,3,3.50945549102079,270.67508339357147,439.8489459135708,True
baseline_3f,165.0,3,3,3,5,12,3,2.7168406404106586,157.8449363558518,462.4554448274802,True
baseline_3f,166.0,1,1,3,5,12,3,3.7706576195317814,384.6894972056551,465.6018155912282,True
baseline_3f,166.0,2,2,3,5,12,3,3.5094554908351774,270.6750833949537,439.84894596104965,True
baseline_3f,166.0,3,3,3,5,12,3,2.716840640515341,157.8449364130168,462.4554447581762,True
baseline_3f,167.0,1,1,3,5,12,3,3.7706576199377717,384.6894971889186,465.60181558045286,True
baseline_3f,167.0,2,2,3,5,12,3,3.509455490627358,270.6750833963359,439.84894600852834,True
baseline_3f,167.0,3,3,3,5,12,3,2.7168406406587216,157.84493647018175,462.4554446888723,True
baseline_3f,168.0,1,1,3,5,12,3,3.770657620336084,384.68949717218214,465.6018155700351,True
baseline_3f,168.0,2,2,3,5,12,3,3.5094554904146706,270.6750833976535,439.8489460546905,True
baseline_3f,168.0,3,3,3,5,12,3,2.7168406407892034,157.84493652734665,462.45544461956837,True
baseline_3f,169.0,1,1,3,5,12,3,3.7706576207312086,384.68949715544574,465.6018155596172,True
baseline_3f,169.0,2,2,3,5,12,3,3.5094554902123756,270.6750833990357,439.8489461008538,True
baseline_3f,169.0,3,3,3,5,12,3,2.716840640921131,157.84493658383948,462.4554445502642,True
baseline_3f,170.0,1,1,3,5,12,3,3.7706576211340095,384.6894971387094,465.60181554884167,True
baseline_3f,170.0,2,2,3,5,12,3,3.5094554900149344,270.6750834004824,439.8489461483323,True
baseline_3f,170.0,3,3,3,5,12,3,2.7168406410559642,157.84493664100432,462.45544447997577,True
baseline_3f,171.0,1,1,3,5,12,3,3.7706576215243928,384.6894971224232,465.6018155387815,True
baseline_3f,171.0,2,2,3,5,12,3,3.5094554898189414,270.67508340180007,439.84894619581104,True
baseline_3f,171.0,3,3,3,5,12,3,2.7168406411691888,157.8449366981695,462.45544441165595,True
baseline_3f,172.0,1,1,3,5,12,3,3.7706576219227035,384.6894971056867,465.6018155283637,True
baseline_3f,172.0,2,2,3,5,12,3,3.50945548960626,270.67508340311775,439.84894624197375,True
baseline_3f,172.0,3,3,3,5,12,3,2.716840641299672,157.84493675533432,462.4554443423521,True
baseline_3f,173.0,1,1,3,5,12,3,3.7706576223299937,384.6894970889502,465.60181551723065,True
baseline_3f,173.0,2,2,3,5,12,3,3.509455489399533,270.6750834045644,439.84894628813635,True
baseline_3f,173.0,3,3,3,5,12,3,2.716840641448849,157.84493681182715,462.45544427206346,True
baseline_3f,174.0,1,1,3,5,12,3,3.770657622724865,384.68949707266404,465.6018155068128,True
baseline_3f,174.0,2,2,3,5,12,3,3.5094554892065184,270.6750834059466,439.8489463356152,True
baseline_3f,174.0,3,3,3,5,12,3,2.7168406415664323,157.8449368689921,462.45544420275957,True
baseline_3f,175.0,1,1,3,5,12,3,3.770657623130853,384.68949705592763,465.6018154960373,True
baseline_3f,175.0,2,2,3,5,12,3,3.509455488998697,270.6750834073288,439.84894638309385,True
baseline_3f,175.0,3,3,3,5,12,3,2.71684064170981,157.8449369261573,462.45544413345516,True
baseline_3f,176.0,1,1,3,5,12,3,3.770657623522278,384.6894970400917,465.60181548561957,True
baseline_3f,176.0,2,2,3,5,12,3,3.509455488788557,270.675083408582,439.84894642794035,True
baseline_3f,176.0,3,3,3,5,12,3,2.716840641814491,157.84493698332213,462.4554440641511,True
baseline_3f,177.0,1,1,3,5,12,3,3.770657623916614,384.6894970224547,465.60181547555936,True
baseline_3f,177.0,2,2,3,5,12,3,3.5094554885788516,270.67508340996415,439.84894647410334,True
baseline_3f,177.0,3,3,3,5,12,3,2.7168406419493265,157.84493704048703,462.455443993863,True
baseline_3f,178.0,1,1,3,5,12,3,3.7706576243194156,384.6894970057183,465.6018154647839,True
baseline_3f,178.0,2,2,3,5,12,3,3.509455488381412,270.67508341141087,439.848946521582,True
baseline_3f,178.0,3,3,3,5,12,3,2.7168406420941507,157.84493709698,462.4554439245587,True
baseline_3f,179.0,1,1,3,5,12,3,3.770657624717473,384.68949698943203,465.60181545436603,True
baseline_3f,179.0,2,2,3,5,12,3,3.5094554881780233,270.6750834127286,439.84894656906096,True
baseline_3f,179.0,3,3,3,5,12,3,2.7168406422102875,157.84493715481688,462.45544385525466,True
baseline_3f,180.0,1,1,3,5,12,3,3.770657625115788,384.6894969726956,465.6018154439482,True
baseline_3f,180.0,2,2,3,5,12,3,3.509455487965336,270.67508341404624,439.84894661522344,True
baseline_3f,180.0,3,3,3,5,12,3,2.7168406423507623,157.84493721130988,462.455443786935,True
baseline_3f,181.0,1,1,3,5,12,3,3.7706576255230733,384.689496955959,465.6018154328153,True
baseline_3f,181.0,2,2,3,5,12,3,3.5094554877586104,270.6750834154929,439.8489466613865,True
baseline_3f,181.0,3,3,3,5,12,3,2.716840642489949,157.84493726847484,462.45544371566234,True
baseline_3f,182.0,1,1,3,5,12,3,3.7706576259102675,384.6894969396729,465.60181542275495,True
baseline_3f,182.0,2,2,3,5,12,3,3.509455487572996,270.6750834168751,439.84894670886456,True
baseline_3f,182.0,3,3,3,5,12,3,2.7168406426046237,157.84493732496756,462.4554436473425,True
baseline_3f,183.0,1,1,3,5,12,3,3.7706576263117686,384.6894969229365,465.60181541233726,True
baseline_3f,183.0,2,2,3,5,12,3,3.5094554873622004,270.6750834181928,439.84894675634376,True
baseline_3f,183.0,3,3,3,5,12,3,2.716840642733655,157.8449373828049,462.45544357803846,True
baseline_3f,184.0,1,1,3,5,12,3,3.7706576267111265,384.68949690665045,465.6018154015617,True
baseline_3f,184.0,2,2,3,5,12,3,3.5094554871599004,270.675083419575,439.84894680250636,True
baseline_3f,184.0,3,3,3,5,12,3,2.716840642865582,157.8449374392975,462.4554435087345,True
baseline_3f,185.0,1,1,3,5,12,3,3.7706576271096957,384.68949688946356,465.6018153911438,True
baseline_3f,185.0,2,2,3,5,12,3,3.5094554869379344,270.6750834208927,439.84894684735343,True
baseline_3f,185.0,3,3,3,5,12,3,2.7168406430004213,157.8449374964624,462.4554434384459,True
baseline_3f,186.0,1,1,3,5,12,3,3.77065762750931,384.6894968727271,465.60181538036846,True
baseline_3f,186.0,2,2,3,5,12,3,3.509455486750871,270.6750834224038,439.848946894832,True
baseline_3f,186.0,3,3,3,5,12,3,2.7168406431466923,157.84493755228323,462.455443369142,True
baseline_3f,187.0,1,1,3,5,12,3,3.7706576279028767,384.689496856441,465.6018153703083,True
baseline_3f,187.0,2,2,3,5,12,3,3.5094554865445025,270.67508342365704,439.84894694231076,True
baseline_3f,187.0,3,3,3,5,12,3,2.716840643248476,157.8449376107923,462.4554432998381,True
baseline_3f,188.0,1,1,3,5,12,3,3.7706576282980016,384.6894968397045,465.60181535989045,True
baseline_3f,188.0,2,2,3,5,12,3,3.5094554863299363,270.67508342497473,439.8489469871576,True
baseline_3f,188.0,3,3,3,5,12,3,2.7168406433903987,157.84493766661325,462.45544323151796,True
baseline_3f,189.0,1,1,3,5,12,3,3.7706576287018483,384.68949682341827,465.6018153487574,True
baseline_3f,189.0,2,2,3,5,12,3,3.5094554861306104,270.6750834264214,439.8489470333201,True
baseline_3f,189.0,3,3,3,5,12,3,2.7168406435166865,157.84493772377803,462.45544316024524,True
baseline_3f,190.0,1,1,3,5,12,3,3.770657629100162,384.6894968066818,465.6018153383395,True
baseline_3f,190.0,2,2,3,5,12,3,3.5094554859301934,270.6750834278036,439.84894708079906,True
baseline_3f,190.0,3,3,3,5,12,3,2.7168406436571626,157.84493778027095,462.45544309192576,True
baseline_3f,191.0,1,1,3,5,12,3,3.77065762950166,384.6894967899453,465.6018153279219,True
baseline_3f,191.0,2,2,3,5,12,3,3.509455485719394,270.6750834291213,439.8489471282774,True
baseline_3f,191.0,3,3,3,5,12,3,2.7168406437861945,157.84493783810794,462.45544302262186,True
baseline_3f,192.0,1,1,3,5,12,3,3.7706576298975754,384.68949677410956,465.6018153171463,True
baseline_3f,192.0,2,2,3,5,12,3,3.509455485524496,270.6750834305035,439.84894717444007,True
baseline_3f,192.0,3,3,3,5,12,3,2.7168406439052193,157.84493789460086,462.45544295331746,True
baseline_3f,193.0,1,1,3,5,12,3,3.7706576302919115,384.6894967564725,465.6018153070861,True
baseline_3f,193.0,2,2,3,5,12,3,3.509455485314793,270.67508343188564,439.84894722060324,True
baseline_3f,193.0,3,3,3,5,12,3,2.7168406440400537,157.84493795176584,462.4554428830292,True
baseline_3f,194.0,1,1,3,5,12,3,3.770657630686783,384.68949674018626,465.60181529666835,True
baseline_3f,194.0,2,2,3,5,12,3,3.509455485121776,270.67508343326784,439.8489472680818,True
baseline_3f,194.0,3,3,3,5,12,3,2.716840644157636,157.84493800893074,462.45544281372526,True
baseline_3f,195.0,1,1,3,5,12,3,3.7706576310927704,384.68949672344985,465.60181528589277,True
baseline_3f,195.0,2,2,3,5,12,3,3.5094554849139596,270.67508343465005,439.84894731556057,True
baseline_3f,195.0,3,3,3,5,12,3,2.7168406443010147,157.8449380660959,462.4554427444207,True
baseline_3f,196.0,1,1,3,5,12,3,3.770657631491083,384.6894967067132,465.6018152754751,True
baseline_3f,196.0,2,2,3,5,12,3,3.5094554847012764,270.67508343596774,439.8489473617235,True
baseline_3f,196.0,3,3,3,5,12,3,2.716840644431497,157.8449381232608,462.455442675117,True
baseline_3f,197.0,1,1,3,5,12,3,3.770657631894932,384.68949669042723,465.6018152643419,True
baseline_3f,197.0,2,2,3,5,12,3,3.5094554844896857,270.6750834373499,439.8489474065701,True
baseline_3f,197.0,3,3,3,5,12,3,2.71684064456778,157.84493817975357,462.45544260482853,True
baseline_3f,198.0,1,1,3,5,12,3,3.7706576322855643,384.6894966736908,465.60181525428163,True
baseline_3f,198.0,2,2,3,5,12,3,3.5094554843089387,270.6750834387966,439.8489474553645,True
baseline_3f,198.0,3,3,3,5,12,3,2.7168406446853575,157.84493823691847,462.4554425355241,True
baseline_3f,199.0,1,1,3,5,12,3,3.7706576326870676,384.68949665695425,465.601815243864,True
baseline_3f,199.0,2,2,3,5,12,3,3.5094554840858763,270.6750834400498,439.8489475015277,True
baseline_3f,199.0,3,3,3,5,12,3,2.7168406448243854,157.84493829408362,462.45544246720476,True
baseline_3f,200.0,1,1,3,5,12,3,3.770657633086425,384.68949664066815,465.6018152330885,True
baseline_3f,200.0,2,2,3,5,12,3,3.509455483883577,270.675083441432,439.84894754769033,True
baseline_3f,200.0,3,3,3,5,12,3,2.7168406449463225,157.84493835124826,462.4554423969165,True
baseline_3f,201.0,1,1,3,5,12,3,3.770657633484993,384.6894966234813,465.60181522267067,True
baseline_3f,201.0,2,2,3,5,12,3,3.5094554836738734,270.6750834428141,439.84894759385327,True
baseline_3f,201.0,3,3,3,5,12,3,2.716840645091148,157.8449384077413,462.4554423276121,True
baseline_3f,202.0,1,1,3,5,12,3,3.7706576338790727,384.68949660629454,465.60181521261046,True
baseline_3f,202.0,2,2,3,5,12,3,3.5094554834734506,270.67508344419633,439.84894764133185,True
baseline_3f,202.0,3,3,3,5,12,3,2.71684064522163,157.8449384649062,462.4554422583082,True
baseline_3f,203.0,1,1,3,5,12,3,3.770657634278176,384.68949659045876,465.601815201835,True
baseline_3f,203.0,2,2,3,5,12,3,3.5094554832804357,270.6750834455785,439.84894768881014,True
baseline_3f,203.0,3,3,3,5,12,3,2.7168406453392078,157.8449385220712,462.45544218900415,True
baseline_3f,204.0,1,1,3,5,12,3,3.770657634676487,384.6894965737223,465.60181519141724,True
baseline_3f,204.0,2,2,3,5,12,3,3.5094554830677547,270.67508344689617,439.84894773497285,True
baseline_3f,204.0,3,3,3,5,12,3,2.71684064546969,157.8449385792361,462.45544211970025,True
baseline_3f,205.0,1,1,3,5,12,3,3.7706576350803336,384.68949655743614,465.6018151802841,True
baseline_3f,205.0,2,2,3,5,12,3,3.509455482868432,270.6750834483429,439.84894778113573,True
baseline_3f,205.0,3,3,3,5,12,3,2.7168406456059686,157.84493863572902,462.4554420494115,True
baseline_3f,206.0,1,1,3,5,12,3,3.7706576354786483,384.68949654069974,465.60181516986626,True
baseline_3f,206.0,2,2,3,5,12,3,3.5094554826680104,270.67508344972504,439.8489478286143,True
baseline_3f,206.0,3,3,3,5,12,3,2.7168406457364482,157.84493869289403,462.4554419801076,True
baseline_3f,207.0,1,1,3,5,12,3,3.7706576358801493,384.6894965239632,465.60181515944845,True
baseline_3f,207.0,2,2,3,5,12,3,3.509455482457215,270.6750834510428,439.84894787609306,True
baseline_3f,207.0,3,3,3,5,12,3,2.7168406458754797,157.84493875005882,462.45544191178806,True
baseline_3f,208.0,1,1,3,5,12,3,3.770657636271575,384.6894965081274,465.60181514903076,True
baseline_3f,208.0,2,2,3,5,12,3,3.5094554822470783,270.67508345229595,439.84894792093996,True
baseline_3f,208.0,3,3,3,5,12,3,2.716840645980157,157.84493880722383,462.455441842484,True
baseline_3f,209.0,1,1,3,5,12,3,3.770657636670398,384.68949649049017,465.6018151386129,True
baseline_3f,209.0,2,2,3,5,12,3,3.509455482040351,270.6750834537426,439.84894796710284,True
baseline_3f,209.0,3,3,3,5,12,3,2.7168406461293415,157.84493886371664,462.45544177219557,True
baseline_3f,210.0,1,1,3,5,12,3,3.7706576370620817,384.68949647420413,465.60181512819497,True
baseline_3f,210.0,2,2,3,5,12,3,3.5094554818454506,270.6750834551248,439.84894801326533,True
baseline_3f,210.0,3,3,3,5,12,3,2.716840646248367,157.84493892020944,462.4554417028913,True
baseline_3f,211.0,1,1,3,5,12,3,3.770657637471258,384.68949645746756,465.6018151174195,True
baseline_3f,211.0,2,2,3,5,12,3,3.5094554816395127,270.675083456507,439.84894806205995,True
baseline_3f,211.0,3,3,3,5,12,3,2.7168406463803123,157.84493897871863,462.45544163260286,True
baseline_3f,212.0,1,1,3,5,12,3,3.770657637869568,384.6894964407312,465.6018151070018,True
baseline_3f,212.0,2,2,3,5,12,3,3.509455481426831,270.67508345782466,439.8489481082229,True
baseline_3f,212.0,3,3,3,5,12,3,2.716840646520779,157.84493903521155,462.45544156428355,True
baseline_3f,213.0,1,1,3,5,12,3,3.7706576382657384,384.689496424445,465.6018150962263,True
baseline_3f,213.0,2,2,3,5,12,3,3.5094554812226493,270.67508345920686,439.8489481530697,True
baseline_3f,213.0,3,3,3,5,12,3,2.7168406466441604,157.84493909170448,462.4554414939947,True
baseline_3f,214.0,1,1,3,5,12,3,3.7706576386608623,384.68949640770853,465.6018150858085,True
baseline_3f,214.0,2,2,3,5,12,3,3.509455481032611,270.6750834606535,439.84894820054825,True
baseline_3f,214.0,3,3,3,5,12,3,2.7168406467760873,157.84493914819728,462.45544142469066,True
baseline_3f,215.0,1,1,3,5,12,3,3.7706576390589195,384.6894963914223,465.6018150753908,True
baseline_3f,215.0,2,2,3,5,12,3,3.509455480829216,270.6750834619712,439.8489482480272,True
baseline_3f,215.0,3,3,3,5,12,3,2.7168406468922215,157.84493920603438,462.4554413553871,True
baseline_3f,216.0,1,1,3,5,12,3,3.770657639457234,384.6894963746858,465.6018150649729,True
baseline_3f,216.0,2,2,3,5,12,3,3.509455480616532,270.6750834632889,439.84894829419,True
baseline_3f,216.0,3,3,3,5,12,3,2.716840647032699,157.8449392625272,462.45544128706723,True
baseline_3f,217.0,1,1,3,5,12,3,3.770657639860292,384.689496357499,465.6018150541975,True
baseline_3f,217.0,2,2,3,5,12,3,3.509455480409807,270.6750834647356,439.84894834035265,True
baseline_3f,217.0,3,3,3,5,12,3,2.7168406471718867,157.84493931969197,462.45544121579445,True
baseline_3f,218.0,1,1,3,5,12,3,3.7706576402509278,384.6894963407626,465.6018150441372,True
baseline_3f,218.0,2,2,3,5,12,3,3.50945548021679,270.67508346611777,439.84894838783123,True
baseline_3f,218.0,3,3,3,5,12,3,2.7168406472994606,157.844939376185,462.4554411474744,True
baseline_3f,219.0,1,1,3,5,12,3,3.7706576406534733,384.6894963244765,465.6018150333618,True
baseline_3f,219.0,2,2,3,5,12,3,3.5094554800163786,270.6750834675,439.84894843531,True
baseline_3f,219.0,3,3,3,5,12,3,2.7168406474199434,157.8449394340221,462.455441077186,True
baseline_3f,220.0,1,1,3,5,12,3,3.770657641048342,384.68949630819026,465.601815022944,True
baseline_3f,220.0,2,2,3,5,12,3,3.5094554797988358,270.67508346875314,439.84894848015705,True
baseline_3f,220.0,3,3,3,5,12,3,2.7168406475475186,157.84493949051503,462.4554410088663,True
baseline_3f,221.0,1,1,3,5,12,3,3.770657641451144,384.6894962914538,465.6018150121685,True
baseline_3f,221.0,2,2,3,5,12,3,3.5094554795891324,270.67508347013535,439.84894852631993,True
baseline_3f,221.0,3,3,3,5,12,3,2.716840647682354,157.84493954767993,462.4554409385778,True
baseline_3f,222.0,1,1,3,5,12,3,3.770657641853945,384.6894962747174,465.601815001393,True
baseline_3f,222.0,2,2,3,5,12,3,3.5094554793916872,270.675083471582,439.8489485737983,True
baseline_3f,222.0,3,3,3,5,12,3,2.7168406478271816,157.84493960417262,462.45544086927396,True
baseline_3f,223.0,1,1,3,5,12,3,3.7706576422520035,384.68949625843123,465.6018149909752,True
baseline_3f,223.0,2,2,3,5,12,3,3.509455479188294,270.67508347289976,439.84894862127686,True
baseline_3f,223.0,3,3,3,5,12,3,2.716840647943317,157.8449396620096,462.4554407999699,True
baseline_3f,224.0,1,1,3,5,12,3,3.7706576426468756,384.68949624214514,465.6018149805573,True
baseline_3f,224.0,2,2,3,5,12,3,3.509455478983019,270.6750834742174,439.84894866743974,True
baseline_3f,224.0,3,3,3,5,12,3,2.716840648070891,157.84493971850253,462.4554407316502,True
baseline_3f,225.0,1,1,3,5,12,3,3.7706576430422527,384.6894962249583,465.60181497013957,True
baseline_3f,225.0,2,2,3,5,12,3,3.509455478783689,270.67508347566405,439.84894871360245,True
baseline_3f,225.0,3,3,3,5,12,3,2.7168406481971767,157.84493977566777,462.4554406603772,True
baseline_3f,226.0,1,1,3,5,12,3,3.7706576434405643,384.6894962082219,465.60181495972176,True
baseline_3f,226.0,2,2,3,5,12,3,3.5094554785832734,270.67508347704626,439.84894876108103,True
baseline_3f,226.0,3,3,3,5,12,3,2.716840648337649,157.84493983216046,462.4554405920577,True
baseline_3f,227.0,1,1,3,5,12,3,3.7706576438420667,384.68949619148543,465.601814949304,True
baseline_3f,227.0,2,2,3,5,12,3,3.509455478372474,270.67508347836394,439.84894880855956,True
baseline_3f,227.0,3,3,3,5,12,3,2.7168406484666847,157.84493988999745,462.45544052275375,True
baseline_3f,228.0,1,1,3,5,12,3,3.7706576442414232,384.6894961751992,465.60181493852855,True
baseline_3f,228.0,2,2,3,5,12,3,3.509455478170172,270.6750834797461,439.84894885472227,True
baseline_3f,228.0,3,3,3,5,12,3,2.716840648588619,157.84493994716235,462.4554404524655,True
baseline_3f,229.0,1,1,3,5,12,3,3.7706576446399946,384.68949615801245,465.6018149281106,True
baseline_3f,229.0,2,2,3,5,12,3,3.5094554779604694,270.67508348112835,439.8489489008854,True
baseline_3f,229.0,3,3,3,5,12,3,2.7168406487334478,157.84494000365538,462.4554403831609,True
baseline_3f,230.0,1,1,3,5,12,3,3.770657645035908,384.6894961421766,465.6018149173352,True
baseline_3f,230.0,2,2,3,5,12,3,3.5094554777778337,270.675083482575,439.84894894836395,True
baseline_3f,230.0,3,3,3,5,12,3,2.7168406488424806,157.84494006082028,462.45544031287267,True
baseline_3f,231.0,1,1,3,5,12,3,3.7706576454374106,384.6894961254402,465.6018149069173,True
baseline_3f,231.0,2,2,3,5,12,3,3.509455477554772,270.6750834838282,439.84894899452667,True
baseline_3f,231.0,3,3,3,5,12,3,2.716840648981509,157.8449401179853,462.4554402445528,True
baseline_3f,232.0,1,1,3,5,12,3,3.770657645835724,384.6894961087036,465.6018148964996,True
baseline_3f,232.0,2,2,3,5,12,3,3.509455477342094,270.6750834851459,439.8489490406898,True
baseline_3f,232.0,3,3,3,5,12,3,2.7168406491119876,157.8449401751503,462.45544017524895,True
baseline_3f,233.0,1,1,3,5,12,3,3.7706576462353336,384.6894960919673,465.6018148857241,True
baseline_3f,233.0,2,2,3,5,12,3,3.5094554771427675,270.67508348659254,439.84894908685226,True
baseline_3f,233.0,3,3,3,5,12,3,2.716840649248268,157.844940231643,462.4554401049605,True
baseline_3f,234.0,1,1,3,5,12,3,3.770657646629414,384.6894960747805,465.6018148756639,True
baseline_3f,234.0,2,2,3,5,12,3,3.50945547694235,270.67508348797475,439.848949134331,True
baseline_3f,234.0,3,3,3,5,12,3,2.7168406493787467,157.84494028880812,462.45544003565624,True
baseline_3f,235.0,1,1,3,5,12,3,3.7706576470274724,384.6894960584943,465.60181486524624,True
baseline_3f,235.0,2,2,3,5,12,3,3.509455476738953,270.67508348929243,439.8489491818096,True
baseline_3f,235.0,3,3,3,5,12,3,2.716840649504875,157.84494034597301,462.4554399673369,True
baseline_3f,236.0,1,1,3,5,12,3,3.7706576474268294,384.68949604220813,465.6018148544707,True
baseline_3f,236.0,2,2,3,5,12,3,3.509455476536655,270.67508349067464,439.8489492279723,True
baseline_3f,236.0,3,3,3,5,12,3,2.716840649626809,157.8449404031379,462.4554398970483,True
baseline_3f,237.0,1,1,3,5,12,3,3.770657647826444,384.6894960254717,465.60181484369514,True
baseline_3f,237.0,2,2,3,5,12,3,3.509455476325065,270.6750834920568,439.8489492728191,True
baseline_3f,237.0,3,3,3,5,12,3,2.7168406497730837,157.84494045895863,462.45543982774404,True
baseline_3f,238.0,1,1,3,5,12,3,3.7706576482292444,384.6894960087351,465.6018148329198,True
baseline_3f,238.0,2,2,3,5,12,3,3.5094554761276235,270.6750834935035,439.8489493202979,True
baseline_3f,238.0,3,3,3,5,12,3,2.7168406499079176,157.84494051612376,462.4554397574556,True
baseline_3f,239.0,1,1,3,5,12,3,3.77065764863049,384.689495992449,465.601814822502,True
baseline_3f,239.0,2,2,3,5,12,3,3.509455475926116,270.6750834948212,439.84894936909257,True
baseline_3f,239.0,3,3,3,5,12,3,2.716840650032599,157.84494057396074,462.4554396891361,True
baseline_3f,240.0,1,1,3,5,12,3,3.770657649017937,384.6894959757126,465.6018148124419,True
baseline_3f,240.0,2,2,3,5,12,3,3.509455475718953,270.6750834961389,439.8489494139391,True
baseline_3f,240.0,3,3,3,5,12,3,2.716840650151624,157.84494063045344,462.45543961983213,True
baseline_3f,241.0,1,1,3,5,12,3,3.770657649417552,384.6894959589761,465.6018148016663,True
baseline_3f,241.0,2,2,3,5,12,3,3.5094554755073686,270.6750834975211,439.8489494587864,True
baseline_3f,241.0,3,3,3,5,12,3,2.7168406502879066,157.84494068694636,462.45543954954354,True
baseline_3f,242.0,1,1,3,5,12,3,3.770657649815863,384.68949594223966,465.6018147912485,True
baseline_3f,242.0,2,2,3,5,12,3,3.509455475319211,270.67508349896775,439.84894950758064,True
baseline_3f,242.0,3,3,3,5,12,3,2.716840650418385,157.84494074411137,462.4554394802393,True
baseline_3f,243.0,1,1,3,5,12,3,3.7706576502173643,384.68949592550325,465.6018147808307,True
baseline_3f,243.0,2,2,3,5,12,3,3.5094554750961513,270.6750835002209,439.8489495537435,True
baseline_3f,243.0,3,3,3,5,12,3,2.7168406505574154,157.84494080127618,462.45543941192,True
baseline_3f,244.0,1,1,3,5,12,3,3.770657650616721,384.6894959092171,465.6018147700553,True
baseline_3f,244.0,2,2,3,5,12,3,3.5094554748938487,270.6750835016031,439.84894959990646,True
baseline_3f,244.0,3,3,3,5,12,3,2.716840650679347,157.8449408584413,462.4554393416315,True
baseline_3f,245.0,1,1,3,5,12,3,3.7706576510152927,384.68949589203027,465.60181475963736,True
baseline_3f,245.0,2,2,3,5,12,3,3.5094554746841466,270.6750835029853,439.8489496460692,True
baseline_3f,245.0,3,3,3,5,12,3,2.716840650814183,157.8449409156062,462.4554392713429,True
baseline_3f,246.0,1,1,3,5,12,3,3.7706576514067196,384.6894958761944,465.6018147492196,True
baseline_3f,246.0,2,2,3,5,12,3,3.509455474498532,270.6750835043675,439.8489496935479,True
baseline_3f,246.0,3,3,3,5,12,3,2.7168406509288547,157.8449409720992,462.4554392030233,True
baseline_3f,247.0,1,1,3,5,12,3,3.770657651812707,384.68949585945796,465.60181473844415,True
baseline_3f,247.0,2,2,3,5,12,3,3.5094554742907147,270.6750835057497,439.8489497410267,True
baseline_3f,247.0,3,3,3,5,12,3,2.716840651062244,157.84494102993622,462.4554391327348,True
baseline_3f,248.0,1,1,3,5,12,3,3.7706576522110176,384.6894958427215,465.60181472802645,True
baseline_3f,248.0,2,2,3,5,12,3,3.5094554740780293,270.6750835070673,439.84894978718893,True
baseline_3f,248.0,3,3,3,5,12,3,2.716840651202717,157.84494108642892,462.45543906441543,True
baseline_3f,249.0,1,1,3,5,12,3,3.770657652610632,384.6894958259851,465.6018147172509,True
baseline_3f,249.0,2,2,3,5,12,3,3.5094554738787047,270.67508350851404,439.8489498333514,True
baseline_3f,249.0,3,3,3,5,12,3,2.716840651329001,157.84494114359393,462.45543899314225,True
baseline_3f,250.0,1,1,3,5,12,3,3.7706576530047133,384.6894958087983,465.60181470719067,True
baseline_3f,250.0,2,2,3,5,12,3,3.5094554736782926,270.67508350989624,439.84894988083107,True
baseline_3f,250.0,3,3,3,5,12,3,2.716840651469478,157.84494120008696,462.45543892482243,True
baseline_3f,251.0,1,1,3,5,12,3,3.7706576533993266,384.6894957929624,465.6018146967729,True
baseline_3f,251.0,2,2,3,5,12,3,3.5094554734822956,270.6750835112139,439.8489499283094,True
baseline_3f,251.0,3,3,3,5,12,3,2.716840651572712,157.84494125792406,462.4554388555187,True
baseline_3f,252.0,1,1,3,5,12,3,3.770657653797638,384.6894957762259,465.60181468635506,True
baseline_3f,252.0,2,2,3,5,12,3,3.509455473269617,270.6750835125316,439.84894997447213,True
baseline_3f,252.0,3,3,3,5,12,3,2.7168406517131896,157.84494131441664,462.455438787199,True
baseline_3f,253.0,1,1,3,5,12,3,3.7706576542049306,384.6894957594895,465.6018146752219,True
baseline_3f,253.0,2,2,3,5,12,3,3.5094554730506236,270.67508351391376,439.84895001931875,True
baseline_3f,253.0,3,3,3,5,12,3,2.7168406518523764,157.84494137158165,462.45543871592605,True
baseline_3f,254.0,1,1,3,5,12,3,3.7706576545997996,384.6894957432034,465.6018146648042,True
baseline_3f,254.0,2,2,3,5,12,3,3.5094554728576117,270.67508351529597,439.8489500667977,True
baseline_3f,254.0,3,3,3,5,12,3,2.7168406519799473,157.84494142807458,462.4554386476067,True
baseline_3f,255.0,1,1,3,5,12,3,3.77065765500579,384.6894957264669,465.60181465402866,True
baseline_3f,255.0,2,2,3,5,12,3,3.509455472649787,270.67508351667817,439.84895011427585,True
baseline_3f,255.0,3,3,3,5,12,3,2.7168406521133353,157.84494148591156,462.4554385773177,True
baseline_3f,256.0,1,1,3,5,12,3,3.770657655392982,384.68949571018067,465.60181464396845,True
baseline_3f,256.0,2,2,3,5,12,3,3.5094554724519136,270.67508351799586,439.84895016043896,True
baseline_3f,256.0,3,3,3,5,12,3,2.7168406522280097,157.84494154240437,462.4554385089984,True
baseline_3f,257.0,1,1,3,5,12,3,3.770657655796037,384.68949569299394,465.60181463319304,True
baseline_3f,257.0,2,2,3,5,12,3,3.509455472245186,270.6750835194425,439.8489502066019,True
baseline_3f,257.0,3,3,3,5,12,3,2.716840652367197,157.8449415995695,462.45543843772555,True
baseline_3f,258.0,1,1,3,5,12,3,3.770657656194352,384.6894956762574,465.60181462277524,True
baseline_3f,258.0,2,2,3,5,12,3,3.5094554720447673,270.6750835208247,439.84895025408025,True
baseline_3f,258.0,3,3,3,5,12,3,2.7168406525076714,157.8449416560622,462.4554383694057,True
baseline_3f,259.0,1,1,3,5,12,3,3.7706576565924093,384.68949565997127,465.6018146123575,True
baseline_3f,259.0,2,2,3,5,12,3,3.5094554718413726,270.6750835221424,439.8489503015592,True
baseline_3f,259.0,3,3,3,5,12,3,2.716840652623807,157.84494171389943,462.45543830010183,True
baseline_3f,260.0,1,1,3,5,12,3,3.7706576569907218,384.68949564323486,465.6018146019397,True
baseline_3f,260.0,2,2,3,5,12,3,3.5094554716286903,270.67508352346005,439.8489503477217,True
baseline_3f,260.0,3,3,3,5,12,3,2.7168406527642803,157.84494177039224,462.4554382317823,True
baseline_3f,261.0,1,1,3,5,12,3,3.7706576573937767,384.6894956260481,465.6018145911642,True
baseline_3f,261.0,2,2,3,5,12,3,3.5094554714219632,270.67508352490677,439.84895039388465,True
baseline_3f,261.0,3,3,3,5,12,3,2.716840652903467,157.84494182755714,462.45543816050946,True
baseline_3f,262.0,1,1,3,5,12,3,3.770657657782015,384.68949561021213,465.6018145807464,True
baseline_3f,262.0,2,2,3,5,12,3,3.5094554712344683,270.675083526289,439.8489504400471,True
baseline_3f,262.0,3,3,3,5,12,3,2.716840653019587,157.84494188337786,462.4554380921896,True
baseline_3f,263.0,1,1,3,5,12,3,3.7706576581911935,384.6894955934758,465.6018145699708,True
baseline_3f,263.0,2,2,3,5,12,3,3.5094554710285317,270.6750835276711,439.84895048884215,True
baseline_3f,263.0,3,3,3,5,12,3,2.7168406531515297,157.84494194188716,462.45543802190116,True
baseline_3f,264.0,1,1,3,5,12,3,3.7706576585860625,384.68949557718963,465.6018145595531,True
baseline_3f,264.0,2,2,3,5,12,3,3.5094554708109937,270.6750835289243,439.84895053368876,True
baseline_3f,264.0,3,3,3,5,12,3,2.7168406532691076,157.84494199905205,462.4554379525971,True
baseline_3f,265.0,1,1,3,5,12,3,3.770657658981442,384.6894955600029,465.6018145491352,True
baseline_3f,265.0,2,2,3,5,12,3,3.5094554705994057,270.6750835303065,439.84895057853583,True
baseline_3f,265.0,3,3,3,5,12,3,2.7168406534153813,157.84494205487277,462.45543788329303,True
baseline_3f,266.0,1,1,3,5,12,3,3.770657659380011,384.68949554281613,465.6018145387174,True
baseline_3f,266.0,2,2,3,5,12,3,3.5094554704019623,270.6750835317532,439.84895062601436,True
baseline_3f,266.0,3,3,3,5,12,3,2.716840653550215,157.84494211203778,462.4554378130046,True
baseline_3f,267.0,1,1,3,5,12,3,3.7706576597746233,384.68949552698024,465.6018145282997,True
baseline_3f,267.0,2,2,3,5,12,3,3.5094554702059724,270.6750835330709,439.8489506734934,True
baseline_3f,267.0,3,3,3,5,12,3,2.7168406536634433,157.84494216920268,462.45543774468524,True
baseline_3f,268.0,1,1,3,5,12,3,3.7706576601729376,384.68949551024383,465.60181451788173,True
baseline_3f,268.0,2,2,3,5,12,3,3.509455469993293,270.6750835343886,439.8489507196559,True
baseline_3f,268.0,3,3,3,5,12,3,2.716840653793923,157.8449422263676,462.45543767538084,True
baseline_3f,269.0,1,1,3,5,12,3,3.7706576605767843,384.6894954939576,465.60181450674867,True
baseline_3f,269.0,2,2,3,5,12,3,3.5094554697939655,270.67508353583526,439.84895076581836,True
baseline_3f,269.0,3,3,3,5,12,3,2.716840653930204,157.84494228286042,462.4554376050924,True
baseline_3f,270.0,1,1,3,5,12,3,3.7706576609750937,384.6894954772211,465.601814496331,True
baseline_3f,270.0,2,2,3,5,12,3,3.5094554695935476,270.67508353721746,439.8489508132971,True
baseline_3f,270.0,3,3,3,5,12,3,2.7168406540606846,157.84494234002543,462.45543753578846,True
baseline_3f,271.0,1,1,3,5,12,3,3.7706576613765996,384.6894954604845,465.60181448591305,True
baseline_3f,271.0,2,2,3,5,12,3,3.5094554693827513,270.67508353853515,439.8489508607763,True
baseline_3f,271.0,3,3,3,5,12,3,2.716840654199715,157.84494239719055,462.4554374674685,True
baseline_3f,272.0,1,1,3,5,12,3,3.770657661768279,384.6894954441984,465.60181447549536,True
baseline_3f,272.0,2,2,3,5,12,3,3.509455469187852,270.6750835399173,439.8489509069388,True
baseline_3f,272.0,3,3,3,5,12,3,2.716840654308743,157.84494245435556,462.4554373971802,True
baseline_3f,273.0,1,1,3,5,12,3,3.770657662166848,384.68949542701165,465.6018144650775,True
baseline_3f,273.0,2,2,3,5,12,3,3.5094554689781505,270.6750835412995,439.84895095310173,True
baseline_3f,273.0,3,3,3,5,12,3,2.7168406544535757,157.84494251084826,462.45543732787615,True
baseline_3f,274.0,1,1,3,5,12,3,3.7706576625696475,384.6894954102752,465.6018144543021,True
baseline_3f,274.0,2,2,3,5,12,3,3.509455468780705,270.67508354274617,439.84895100058003,True
baseline_3f,274.0,3,3,3,5,12,3,2.716840654588411,157.84494256801304,462.4554372575882,True
baseline_3f,275.0,1,1,3,5,12,3,3.7706576629677038,384.68949539398903,465.6018144438843,True
baseline_3f,275.0,2,2,3,5,12,3,3.5094554685773134,270.67508354406385,439.84895104805884,True
baseline_3f,275.0,3,3,3,5,12,3,2.716840654714535,157.84494262517805,462.4554371892682,True
baseline_3f,276.0,1,1,3,5,12,3,3.770657663366019,384.68949537725246,465.6018144334664,True
baseline_3f,276.0,2,2,3,5,12,3,3.5094554683523658,270.675083545317,439.8489510929057,True
baseline_3f,276.0,3,3,3,5,12,3,2.716840654845019,157.8449426823432,462.45543711996396,True
baseline_3f,277.0,1,1,3,5,12,3,3.7706576637690747,384.68949536006573,465.601814422691,True
baseline_3f,277.0,2,2,3,5,12,3,3.509455468145638,270.6750835467637,439.8489511390684,True
baseline_3f,277.0,3,3,3,5,12,3,2.7168406549941997,157.8449427388359,462.4554370496758,True
baseline_3f,278.0,1,1,3,5,12,3,3.7706576641605003,384.68949534423007,465.60181441227314,True
baseline_3f,278.0,2,2,3,5,12,3,3.509455467960027,270.6750835481459,439.8489511865469,True
baseline_3f,278.0,3,3,3,5,12,3,2.7168406550988737,157.84494279600102,462.4554369803716,True
baseline_3f,279.0,1,1,3,5,12,3,3.7706576645620027,384.6894953274936,465.6018144018552,True
baseline_3f,279.0,2,2,3,5,12,3,3.5094554677492313,270.67508354946364,439.84895123402566,True
baseline_3f,279.0,3,3,3,5,12,3,2.716840655237906,157.8449428531658,462.45543691205194,True
baseline_3f,280.0,1,1,3,5,12,3,3.770657664961361,384.68949531120745,465.6018143910798,True
baseline_3f,280.0,2,2,3,5,12,3,3.5094554675469287,270.6750835508458,439.84895128018843,True
baseline_3f,280.0,3,3,3,5,12,3,2.716840655359837,157.84494291033081,462.45543684176346,True
baseline_3f,281.0,1,1,3,5,12,3,3.7706576653599293,384.68949529402056,465.60181438066206,True
baseline_3f,281.0,2,2,3,5,12,3,3.509455467337227,270.675083552228,439.84895132635154,True
baseline_3f,281.0,3,3,3,5,12,3,2.7168406554946745,157.84494296749583,462.45543677147504,True
baseline_3f,282.0,1,1,3,5,12,3,3.7706576657584994,384.68949527683384,465.601814370244,True
baseline_3f,282.0,2,2,3,5,12,3,3.5094554671397824,270.6750835536747,439.84895137382983,True
baseline_3f,282.0,3,3,3,5,12,3,2.716840655639502,157.84494302398863,462.45543670217063,True
baseline_3f,283.0,1,1,3,5,12,3,3.770657666153109,384.689495260998,465.6018143598265,True
baseline_3f,283.0,2,2,3,5,12,3,3.5094554669437916,270.67508355499234,439.8489514213084,True
baseline_3f,283.0,3,3,3,5,12,3,2.716840655742732,157.84494308182573,462.4554366328671,True
baseline_3f,284.0,1,1,3,5,12,3,3.7706576665514246,384.6894952442616,465.60181434940847,True
baseline_3f,284.0,2,2,3,5,12,3,3.50945546673111,270.67508355631,439.8489514674713,True
baseline_3f,284.0,3,3,3,5,12,3,2.7168406558832094,157.84494313831854,462.4554365645472,True
baseline_3f,285.0,1,1,3,5,12,3,3.7706576669552705,384.6894952279754,465.6018143382754,True
baseline_3f,285.0,2,2,3,5,12,3,3.5094554665317843,270.6750835577567,439.8489515136338,True
baseline_3f,285.0,3,3,3,5,12,3,2.716840656009495,157.84494319548358,462.4554364932741,True
baseline_3f,286.0,1,1,3,5,12,3,3.7706576673535834,384.68949521123886,465.60181432785765,True
baseline_3f,286.0,2,2,3,5,12,3,3.50945546633137,270.67508355913895,439.84895156111327,True
baseline_3f,286.0,3,3,3,5,12,3,2.7168406561499716,157.8449432519765,462.4554364249547,True
baseline_3f,287.0,1,1,3,5,12,3,3.770657667755085,384.6894951945024,465.60181431743985,True
baseline_3f,287.0,2,2,3,5,12,3,3.5094554661083066,270.67508356039207,439.8489516072753,True
baseline_3f,287.0,3,3,3,5,12,3,2.716840656279009,157.84494330981326,462.4554363556508,True
baseline_3f,288.0,1,1,3,5,12,3,3.7706576681467663,384.6894951782163,465.601814307022,True
baseline_3f,288.0,2,2,3,5,12,3,3.509455465913412,270.6750835617743,439.84895165343863,True
baseline_3f,288.0,3,3,3,5,12,3,2.716840656398029,157.84494336630652,462.45543628634624,True
baseline_3f,289.0,1,1,3,5,12,3,3.770657668542144,384.6894951610296,465.60181429660423,True
baseline_3f,289.0,2,2,3,5,12,3,3.509455465701821,270.6750835631564,439.848951698285,True
baseline_3f,289.0,3,3,3,5,12,3,2.7168406565343104,157.8449434227991,462.4554362160583,True
baseline_3f,290.0,1,1,3,5,12,3,3.7706576689370173,384.6894951447435,465.60181428618637,True
baseline_3f,290.0,2,2,3,5,12,3,3.5094554655088097,270.6750835645387,439.8489517457642,True
baseline_3f,290.0,3,3,3,5,12,3,2.7168406566618826,157.84494347929225,462.4554361477383,True
baseline_3f,291.0,1,1,3,5,12,3,3.7706576693461935,384.6894951280068,465.6018142754111,True
baseline_3f,291.0,2,2,3,5,12,3,3.509455465302867,270.67508356592083,439.8489517945582,True
baseline_3f,291.0,3,3,3,5,12,3,2.7168406567938255,157.84494353780124,462.45543607745014,True
baseline_3f,292.0,1,1,3,5,12,3,3.770657669741318,384.6894951112704,465.60181426499315,True
baseline_3f,292.0,2,2,3,5,12,3,3.509455465088307,270.6750835672385,439.8489518394055,True
baseline_3f,292.0,3,3,3,5,12,3,2.7168406569357497,157.84494359362193,462.4554360091305,True
baseline_3f,293.0,1,1,3,5,12,3,3.770657670140933,384.689495094534,465.6018142542175,True
baseline_3f,293.0,2,2,3,5,12,3,3.5094554648889775,270.6750835686852,439.84895188556777,True
baseline_3f,293.0,3,3,3,5,12,3,2.716840657062036,157.84494365078697,462.45543593785715,True
baseline_3f,294.0,1,1,3,5,12,3,3.770657670535798,384.68949507824783,465.60181424379994,True
baseline_3f,294.0,2,2,3,5,12,3,3.509455464695967,270.6750835700674,439.84895193304675,True
baseline_3f,294.0,3,3,3,5,12,3,2.7168406571896044,157.84494370727975,462.45543586953795,True
baseline_3f,295.0,1,1,3,5,12,3,3.7706576709338577,384.68949506196157,465.601814233382,True
baseline_3f,295.0,2,2,3,5,12,3,3.5094554644925675,270.6750835713851,439.84895198052504,True
baseline_3f,295.0,3,3,3,5,12,3,2.716840657305741,157.844943765117,462.4554358002336,True
baseline_3f,296.0,1,1,3,5,12,3,3.770657671336659,384.68949504522516,465.60181422260655,True
baseline_3f,296.0,2,2,3,5,12,3,3.509455464282865,270.6750835727673,439.8489520266882,True
baseline_3f,296.0,3,3,3,5,12,3,2.7168406574505717,157.8449438216098,462.4554357309297,True
baseline_3f,297.0,1,1,3,5,12,3,3.7706576717309943,384.68949502758807,465.60181421254646,True
baseline_3f,297.0,2,2,3,5,12,3,3.509455464060901,270.67508357408497,439.8489520715355,True
baseline_3f,297.0,3,3,3,5,12,3,2.716840657585405,157.8449438787747,462.4554356606414,True
baseline_3f,298.0,1,1,3,5,12,3,3.7706576721258633,384.6894950113018,465.6018142021286,True
baseline_3f,298.0,2,2,3,5,12,3,3.5094554638801463,270.67508357553163,439.8489521203292,True
baseline_3f,298.0,3,3,3,5,12,3,2.7168406577029853,157.84494393593963,462.4554355913372,True
baseline_3f,299.0,1,1,3,5,12,3,3.770657672528412,384.68949499501565,465.60181419135307,True
baseline_3f,299.0,2,2,3,5,12,3,3.509455463667469,270.6750835768493,439.84895216649284,True
baseline_3f,299.0,3,3,3,5,12,3,2.716840657833471,157.84494399310464,462.45543552203316,True
baseline_3f,300.0,1,1,3,5,12,3,3.770657672923279,384.68949497872967,465.60181418093526,True
baseline_3f,300.0,2,2,3,5,12,3,3.5094554634621864,270.675083578167,439.84895221265464,True
baseline_3f,300.0,3,3,3,5,12,3,2.7168406579510465,157.84494405026942,462.4554354527292,True
baseline_3f,301.0,1,1,3,5,12,3,3.7706576730543797,384.68949606324827,465.60181499404445,True
baseline_3f,301.0,2,2,3,5,12,3,3.50945551750082,270.6750835939663,439.84896280354315,True
baseline_3f,301.0,3,3,3,5,12,3,2.7168406496867745,157.84494502160445,462.45544168301507,True
baseline_3f,302.0,1,1,3,5,12,3,3.7706576732943398,384.6894993545181,465.601817456617,True
baseline_3f,302.0,2,2,3,5,12,3,3.5094556808025166,270.6750836407353,439.84899489246646,True
baseline_3f,302.0,3,3,3,5,12,3,2.7168406244864296,157.844947974364,462.4554605663753,True
baseline_3f,303.0,1,1,3,5,12,3,3.7706576736622095,384.6895048121137,465.6018215399131,True
baseline_3f,303.0,2,2,3,5,12,3,3.5094559517636994,270.67508371862243,439.8490481569037,True
baseline_3f,303.0,3,3,3,5,12,3,2.716840582730144,157.84495288178874,462.4554919002269,True
baseline_3f,304.0,1,1,3,5,12,3,3.7706576742454425,384.68951237460817,465.6018272019633,True
baseline_3f,304.0,2,2,3,5,12,3,3.5094563274590524,270.6750838264955,439.84912197609293,True
baseline_3f,304.0,3,3,3,5,12,3,2.7168405248643115,157.84495967855668,462.45553532371457,True
baseline_3f,305.0,1,1,3,5,12,3,3.770657674883357,384.68952196139526,465.6018343807916,True
baseline_3f,305.0,2,2,3,5,12,3,3.509456803620353,270.67508396385495,439.849215569116,True
baseline_3f,305.0,3,3,3,5,12,3,2.7168404514613607,157.8449682992392,462.4555903732195,True
baseline_3f,306.0,1,1,3,5,12,3,3.7706576757069135,384.6895334664062,465.60184299981125,True
baseline_3f,306.0,2,2,3,5,12,3,3.5094573752089655,270.6750841285878,439.8493279036393,True
baseline_3f,306.0,3,3,3,5,12,3,2.7168403633721967,157.84497865169888,462.45565644721654,True
baseline_3f,307.0,1,1,3,5,12,3,3.770657676620344,384.6895467641878,465.60185296142146,True
baseline_3f,307.0,2,2,3,5,12,3,3.5094580358705434,270.6750843179596,439.8494577136284,True
baseline_3f,307.0,3,3,3,5,12,3,2.7168402614515546,157.84499060841588,462.45573280787323,True
baseline_3f,308.0,1,1,3,5,12,3,3.770657677604768,384.6895617119977,465.60186415576914,True
baseline_3f,308.0,2,2,3,5,12,3,3.5094587782553086,270.6750845316084,439.8496036236953,True
baseline_3f,308.0,3,3,3,5,12,3,2.7168401469141035,157.84500405364636,462.4558186307319,True
baseline_3f,309.0,1,1,3,5,12,3,3.7706576787936923,384.6895781412195,465.60187645789966,True
baseline_3f,309.0,2,2,3,5,12,3,3.509459594398252,270.6750847669251,439.84976402297764,True
baseline_3f,309.0,3,3,3,5,12,3,2.7168400211474126,157.84501882846638,462.4559129702589,True
baseline_3f,310.0,1,1,3,5,12,3,3.770657680127305,384.68959587552905,465.6018897361411,True
baseline_3f,310.0,2,2,3,5,12,3,3.5094604753224017,270.6750850206199,439.8499371438077,True
baseline_3f,310.0,3,3,3,5,12,3,2.7168398855013844,157.84503477511112,462.45601480116864,True
baseline_3f,311.0,1,1,3,5,12,3,3.7706576814459827,384.689614717189,465.6019038491625,True
baseline_3f,311.0,2,2,3,5,12,3,3.509461411391788,270.67508528948997,439.85012109922263,True
baseline_3f,311.0,3,3,3,5,12,3,2.71683974116178,157.8450517298654,462.45612299848284,True
baseline_3f,312.0,1,1,3,5,12,3,3.7706576827415796,384.6896344642574,465.601918636282,True
baseline_3f,312.0,2,2,3,5,12,3,3.50946239231586,270.6750855717906,439.8503138726815,True
baseline_3f,312.0,3,3,3,5,12,3,2.7168395899453652,157.84506948467765,462.4562363892342,True
baseline_3f,313.0,1,1,3,5,12,3,3.7706576840395165,384.68965489499993,465.60193393832736,True
baseline_3f,313.0,2,2,3,5,12,3,3.5094634072044353,270.6750858640362,439.8505133484527,True
baseline_3f,313.0,3,3,3,5,12,3,2.7168394334443793,157.84508786751297,462.4563537122459,True
baseline_3f,314.0,1,1,3,5,12,3,3.7706576854135894,384.6896757891962,465.60194958903156,True
baseline_3f,314.0,2,2,3,5,12,3,3.5094644449796677,270.6750861626768,439.85071732607065,True
baseline_3f,314.0,3,3,3,5,12,3,2.716839273464519,157.84510665911145,462.45647370002274,True
baseline_3f,315.0,1,1,3,5,12,3,3.7706576867745336,384.6896969153911,465.6019654113665,True
baseline_3f,315.0,2,2,3,5,12,3,3.509465494444953,270.6750864652378,439.8509236017765,True
baseline_3f,315.0,3,3,3,5,12,3,2.7168391116382997,157.8451256700024,462.4565950182242,True
baseline_3f,316.0,1,1,3,5,12,3,3.7706576883197718,384.68971808202417,465.6019812664298,True
baseline_3f,316.0,2,2,3,5,12,3,3.509466546038375,270.6750867681221,439.85113026491223,True
baseline_3f,316.0,3,3,3,5,12,3,2.7168389495787664,157.845144710386,462.4567165708797,True
baseline_3f,317.0,1,1,3,5,12,3,3.7706576898340565,384.68973925008254,465.6019971160001,True
baseline_3f,317.0,2,2,3,5,12,3,3.5094675976912253,270.6750870704362,439.8513369268431,True
baseline_3f,317.0,3,3,3,5,12,3,2.716838787522805,157.84516375075503,462.4568381230691,True
baseline_3f,318.0,1,1,3,5,12,3,3.7706576913916865,384.6897604164167,465.6020129724168,True
baseline_3f,318.0,2,2,3,5,12,3,3.5094686493414846,270.6750873730356,439.85154358820114,True
baseline_3f,318.0,3,3,3,5,12,3,2.7168386254608525,157.8451827902603,462.4569596756799,True
baseline_3f,319.0,1,1,3,5,12,3,3.7706576926946274,384.6897815843069,465.60202882471134,True
baseline_3f,319.0,2,2,3,5,12,3,3.509469700724827,270.67508767563515,439.85175025151995,True
baseline_3f,319.0,3,3,3,5,12,3,2.716838463322067,157.8452018433275,462.45708122891654,True
baseline_3f,320.0,1,1,3,5,12,3,3.770657694146534,384.6898027515887,465.6020446785967,True
baseline_3f,320.0,2,2,3,5,12,3,3.5094707522081485,270.6750879787238,439.8519569141597,True
baseline_3f,320.0,3,3,3,5,12,3,2.7168383012155215,157.84522088280337,462.45720278093677,True
baseline_3f,321.0,1,1,3,5,12,3,3.7706576956099904,384.6898239178022,465.6020605352153,True
baseline_3f,321.0,2,2,3,5,12,3,3.509471803666655,270.675088281772,439.85216357738943,True
baseline_3f,321.0,3,3,3,5,12,3,2.716838139137153,157.84523993117384,462.45732433365083,True
baseline_3f,322.0,1,1,3,5,12,3,3.770657697031699,384.68984508485073,465.60207638976823,True
baseline_3f,322.0,2,2,3,5,12,3,3.5094728551370133,270.6750885846166,439.85237023941306,True
baseline_3f,322.0,3,3,3,5,12,3,2.716837977016053,157.84525896934736,462.4574458848754,True
baseline_3f,323.0,1,1,3,5,12,3,3.7706576983835625,384.68986625194617,465.6020922449982,True
baseline_3f,323.0,2,2,3,5,12,3,3.5094739065596285,270.67508888729833,439.8525769009696,True
baseline_3f,323.0,3,3,3,5,12,3,2.716837814864982,157.84527801089996,462.45756743638486,True
baseline_3f,324.0,1,1,3,5,12,3,3.7706576997681376,384.6898874187612,465.6021081004473,True
baseline_3f,324.0,2,2,3,5,12,3,3.5094749580074436,270.6750891899395,439.85278356237615,True
baseline_3f,324.0,3,3,3,5,12,3,2.7168376527284783,157.84529704989217,462.45768898722315,True
baseline_3f,325.0,1,1,3,5,12,3,3.7706577012976776,384.68990858601694,465.6021239531459,True
baseline_3f,325.0,2,2,3,5,12,3,3.509476009626219,270.6750894925808,439.8529902222591,True
baseline_3f,325.0,3,3,3,5,12,3,2.716837490657909,157.8453160846272,462.4578105380735,True
baseline_3f,326.0,1,1,3,5,12,3,3.7706577027386348,384.68992975279514,465.6021398085778,True
baseline_3f,326.0,2,2,3,5,12,3,3.5094770610867085,270.67508979562984,439.85319688336534,True
baseline_3f,326.0,3,3,3,5,12,3,2.7168373285583125,157.8453351295296,462.45793209016404,True
baseline_3f,327.0,1,1,3,5,12,3,3.770657704105487,384.6899509202769,465.6021556624012,True
baseline_3f,327.0,2,2,3,5,12,3,3.50947811246858,270.67509009880126,439.85340354463744,True
baseline_3f,327.0,3,3,3,5,12,3,2.716837166432417,157.8453541782353,462.4580536426761,True
baseline_3f,328.0,1,1,3,5,12,3,3.770657705600779,384.6899720871497,465.6021715146161,True
baseline_3f,328.0,2,2,3,5,12,3,3.5094791639772978,270.6750904015653,439.85361020618143,True
baseline_3f,328.0,3,3,3,5,12,3,2.7168370043862273,157.8453732218351,462.4581751932209,True
baseline_3f,329.0,1,1,3,5,12,3,3.770657706945317,384.68999325393895,465.6021873697927,True
baseline_3f,329.0,2,2,3,5,12,3,3.5094802153428533,270.6750907043703,439.85381686736434,True
baseline_3f,329.0,3,3,3,5,12,3,2.716836842263791,157.8453922726326,462.4582967449371,True
baseline_3f,330.0,1,1,3,5,12,3,3.770657708525614,384.690014420316,465.60220322290405,True
baseline_3f,330.0,2,2,3,5,12,3,3.5094812669783906,270.67509100680866,439.854023527024,True
baseline_3f,330.0,3,3,3,5,12,3,2.71683668024974,157.84541131238436,462.4584182949593,True
baseline_3f,331.0,1,1,3,5,12,3,3.7706577099239578,384.6900355868063,465.602219080805,True
baseline_3f,331.0,2,2,3,5,12,3,3.509482318439741,270.67509130965476,439.8542301853732,True
baseline_3f,331.0,3,3,3,5,12,3,2.7168365181061795,157.84543035339428,462.4585398464262,True
baseline_3f,332.0,1,1,3,5,12,3,3.770657711436274,384.69005675354026,465.60223493321314,True
baseline_3f,332.0,2,2,3,5,12,3,3.5094833700303054,270.67509161193044,439.85443684441606,True
baseline_3f,332.0,3,3,3,5,12,3,2.7168363560621716,157.8454493935407,462.45866139606227,True
baseline_3f,333.0,1,1,3,5,12,3,3.7706577129815484,384.69007792078105,465.6022507856123,True
baseline_3f,333.0,2,2,3,5,12,3,3.509484421668923,270.6750919145324,439.854643501725,True
baseline_3f,333.0,3,3,3,5,12,3,2.7168361939978634,157.8454684260355,462.4587829458468,True
baseline_3f,334.0,1,1,3,5,12,3,3.77065771442535,384.6900990870851,465.60226664165907,True
baseline_3f,334.0,2,2,3,5,12,3,3.509485473084213,270.6750922177049,439.85485016162926,True
baseline_3f,334.0,3,3,3,5,12,3,2.7168360319216514,157.845487476759,462.4589044975545,True
baseline_3f,335.0,1,1,3,5,12,3,3.7706577156156134,384.69012025527303,465.6022824949547,True
baseline_3f,335.0,2,2,3,5,12,3,3.5094865242920394,270.67509252091844,439.85505682117184,True
baseline_3f,335.0,3,3,3,5,12,3,2.7168358697007573,157.845506521952,462.45902604838614,True
baseline_3f,336.0,1,1,3,5,12,3,3.770657716992004,384.6901414227212,465.6022983454993,True
baseline_3f,336.0,2,2,3,5,12,3,3.509487575748257,270.6750928231133,439.85526348003566,True
baseline_3f,336.0,3,3,3,5,12,3,2.716835707610432,157.84552556670596,462.4591475975921,True
baseline_3f,337.0,1,1,3,5,12,3,3.7706577183837853,384.69016259008544,465.602314197406,True
baseline_3f,337.0,2,2,3,5,12,3,3.509488627258248,270.67509312522685,439.8554701371659,True
baseline_3f,337.0,3,3,3,5,12,3,2.7168355455141837,157.8455446118692,462.45926914755967,True
baseline_3f,338.0,1,1,3,5,12,3,3.770657719969815,384.69018375703797,465.6023300472473,True
baseline_3f,338.0,2,2,3,5,12,3,3.509489678938774,270.6750934272999,439.8556767942523,True
baseline_3f,338.0,3,3,3,5,12,3,2.7168353835234793,157.84556365235116,462.4593906964474,True
baseline_3f,339.0,1,1,3,5,12,3,3.7706577213059473,384.6902049244312,465.6023459021072,True
baseline_3f,339.0,2,2,3,5,12,3,3.5094907303037695,270.6750937304325,439.8558834513986,True
baseline_3f,339.0,3,3,3,5,12,3,2.716835221364228,157.84558269493897,462.45951224712195,True
baseline_3f,340.0,1,1,3,5,12,3,3.770657722804023,384.69022609128143,465.60236175467304,True
baseline_3f,340.0,2,2,3,5,12,3,3.509491781841708,270.6750940330763,439.8560901085006,True
baseline_3f,340.0,3,3,3,5,12,3,2.7168350593093247,157.84560173496675,462.4596337963068,True
baseline_3f,341.0,1,1,3,5,12,3,3.7706577242252317,384.690247258179,465.60237760951503,True
baseline_3f,341.0,2,2,3,5,12,3,3.509492833296023,270.67509433600554,439.8562967649244,True
baseline_3f,341.0,3,3,3,5,12,3,2.716834897200229,157.84562077710095,462.4597553464584,True
baseline_3f,342.0,1,1,3,5,12,3,3.7706577256448592,384.6902684251895,465.6023934618348,True
baseline_3f,342.0,2,2,3,5,12,3,3.509493884697582,270.6750946389757,439.8565034230989,True
baseline_3f,342.0,3,3,3,5,12,3,2.7168347351363304,157.8456398285543,462.45987689675883,True
baseline_3f,343.0,1,1,3,5,12,3,3.7706577269706574,384.6902895928377,465.6024093141456,True
baseline_3f,343.0,2,2,3,5,12,3,3.5094949360583656,270.6750949418237,439.85671007985474,True
baseline_3f,343.0,3,3,3,5,12,3,2.716834573002586,157.84565887490126,462.45999844666096,True
baseline_3f,344.0,1,1,3,5,12,3,3.7706577283270373,384.69031076033616,465.6024251646193,True
baseline_3f,344.0,2,2,3,5,12,3,3.5094959874997267,270.6750952439792,439.85691673625047,True
baseline_3f,344.0,3,3,3,5,12,3,2.716834410904864,157.84567791996102,462.4601199951416,True
baseline_3f,345.0,1,1,3,5,12,3,3.7706577297976147,384.6903319268325,465.6024410175978,True
baseline_3f,345.0,2,2,3,5,12,3,3.5094970390566966,270.67509554605334,439.85712339154577,True
baseline_3f,345.0,3,3,3,5,12,3,2.716834248851979,157.84569696246044,462.4602415434974,True
baseline_3f,346.0,1,1,3,5,12,3,3.7706577313910192,384.6903530934416,465.60245686988196,True
baseline_3f,346.0,2,2,3,5,12,3,3.5094980906723126,270.6750958488204,439.85733004669004,True
baseline_3f,346.0,3,3,3,5,12,3,2.716834086844234,157.84571600112608,462.4603630922068,True
baseline_3f,347.0,1,1,3,5,12,3,3.7706577327299806,384.6903742603608,465.6024727255852,True
baseline_3f,347.0,2,2,3,5,12,3,3.5094991420427784,270.6750961517506,439.85753670157925,True
baseline_3f,347.0,3,3,3,5,12,3,2.716833924695613,157.84573504486832,462.46048464188357,True
baseline_3f,348.0,1,1,3,5,12,3,3.7706577343821914,384.69039542680224,465.6024885755666,True
baseline_3f,348.0,2,2,3,5,12,3,3.5095001937920562,270.6750964536215,439.8577433555789,True
baseline_3f,348.0,3,3,3,5,12,3,2.7168337627522545,157.84575408732326,462.46060618986525,True
baseline_3f,349.0,1,1,3,5,12,3,3.770657735854748,384.69041659322534,465.6025044298809,True
baseline_3f,349.0,2,2,3,5,12,3,3.5095012453296346,270.6750967560223,439.8579500094285,True
baseline_3f,349.0,3,3,3,5,12,3,2.716833600689166,157.84577313061152,462.46072773867843,True
baseline_3f,350.0,1,1,3,5,12,3,3.770657737354703,384.69043776008954,465.602520280987,True
baseline_3f,350.0,2,2,3,5,12,3,3.5095022968468026,270.67509705862705,439.8581566645003,True
baseline_3f,350.0,3,3,3,5,12,3,2.716833438665081,157.8457921764307,462.4608492871611,True
baseline_3f,351.0,1,1,3,5,12,3,3.770657738660198,384.6904589273945,465.60253613574093,True
baseline_3f,351.0,2,2,3,5,12,3,3.509503348129533,270.6750973620061,439.85836331931523,True
baseline_3f,351.0,3,3,3,5,12,3,2.716833276505982,157.84581122223466,462.46097083681764,True
baseline_3f,352.0,1,1,3,5,12,3,3.770657740158919,384.6904800943532,465.6025519868296,True
baseline_3f,352.0,2,2,3,5,12,3,3.509504399648986,270.6750976646519,439.85856997355864,True
baseline_3f,352.0,3,3,3,5,12,3,2.7168331144794626,157.84583026844845,462.4610923853925,True
baseline_3f,353.0,1,1,3,5,12,3,3.770657741734981,384.6905012604408,465.60256784042286,True
baseline_3f,353.0,2,2,3,5,12,3,3.5095054512892085,270.67509796693116,439.85877662606805,True
baseline_3f,353.0,3,3,3,5,12,3,2.716832952467648,157.84584930701052,462.4612139329556,True
baseline_3f,354.0,1,1,3,5,12,3,3.7706577433394473,384.6905224269036,465.60258369263613,True
baseline_3f,354.0,2,2,3,5,12,3,3.509506502910581,270.67509826965875,439.8589832789543,True
baseline_3f,354.0,3,3,3,5,12,3,2.7168327904660625,157.84586834343625,462.4613354803937,True
baseline_3f,355.0,1,1,3,5,12,3,3.7706577448635867,384.69054359321734,465.6025995462119,True
baseline_3f,355.0,2,2,3,5,12,3,3.5095075544605554,270.6750985722643,439.85918993169145,True
baseline_3f,355.0,3,3,3,5,12,3,2.7168326284271407,157.84588738239304,462.46145702784486,True
baseline_3f,356.0,1,1,3,5,12,3,3.7706577464333635,384.690564759709,465.6026153984078,True
baseline_3f,356.0,2,2,3,5,12,3,3.509508606113929,270.67509887446255,439.85939658301163,True
baseline_3f,356.0,3,3,3,5,12,3,2.716832466414731,157.84590642048673,462.4615785751015,True
baseline_3f,357.0,1,1,3,5,12,3,3.7706577479422063,384.69058592572355,465.60263125356533,True
baseline_3f,357.0,2,2,3,5,12,3,3.5095096576899016,270.6750991767832,439.8596032341809,True
baseline_3f,357.0,3,3,3,5,12,3,2.7168323043807443,157.84592546832297,462.46170012394083,True
baseline_3f,358.0,1,1,3,5,12,3,3.7706577492711104,384.6906070929664,465.6026471059719,True
baseline_3f,358.0,2,2,3,5,12,3,3.509510709002781,270.67509947975594,439.85980988773366,True
baseline_3f,358.0,3,3,3,5,12,3,2.7168321422673745,157.84594451699314,462.4618216721776,True
baseline_3f,359.0,1,1,3,5,12,3,3.7706577507260417,384.6906282597313,465.6026629588268,True
baseline_3f,359.0,2,2,3,5,12,3,3.50951176039616,270.6750997830549,439.86001654113585,True
baseline_3f,359.0,3,3,3,5,12,3,2.7168319802079783,157.84596356225455,462.46194322022086,True
baseline_3f,360.0,1,1,3,5,12,3,3.770657752167715,384.6906494264779,465.60267881075856,True
baseline_3f,360.0,2,2,3,5,12,3,3.509512811858245,270.67510008557974,439.8602231933326,True
baseline_3f,360.0,3,3,3,5,12,3,2.716831818152916,157.8459826066525,462.4620647673204,True
baseline_3f,361.0,1,1,3,5,12,3,3.7706577539046324,384.69067059176325,465.60269466291004,True
baseline_3f,361.0,2,2,3,5,12,3,3.509513863670522,270.67510038733053,439.86042984358403,True
baseline_3f,361.0,3,3,3,5,12,3,2.716831656252574,157.84600164636882,462.46218631333977,True
baseline_3f,362.0,1,1,3,5,12,3,3.77065775531844,384.6906917585392,465.6027105161953,True
baseline_3f,362.0,2,2,3,5,12,3,3.509514915096011,270.67510069010024,439.86063649484663,True
baseline_3f,362.0,3,3,3,5,12,3,2.7168314941587575,157.8460206856461,462.4623078600535,True
baseline_3f,363.0,1,1,3,5,12,3,3.7706577569881614,384.6907129237221,465.602726371071,True
baseline_3f,363.0,2,2,3,5,12,3,3.5095159667869655,270.67510099246266,439.86084314490336,True
baseline_3f,363.0,3,3,3,5,12,3,2.7168313321979167,157.84603972278708,462.46242940623284,True
baseline_3f,364.0,1,1,3,5,12,3,3.770657758612549,384.69073408954307,465.6027422247957,True
baseline_3f,364.0,2,2,3,5,12,3,3.5095170184175566,270.6751012951104,439.86104979491523,True
baseline_3f,364.0,3,3,3,5,12,3,2.716831170218225,157.84605876330738,462.46255095317537,True
baseline_3f,365.0,1,1,3,5,12,3,3.77065776006571,384.6907552556737,465.60275807919703,True
baseline_3f,365.0,2,2,3,5,12,3,3.5095180699235504,270.67510159739163,439.8612564445664,True
baseline_3f,365.0,3,3,3,5,12,3,2.716831008165623,157.84607781017672,462.46267250047043,True
baseline_3f,366.0,1,1,3,5,12,3,3.770657761312441,384.6907764233603,465.6027739317613,True
baseline_3f,366.0,2,2,3,5,12,3,3.509519121168356,270.67510190044726,439.8614630953335,True
baseline_3f,366.0,3,3,3,5,12,3,2.716830845988493,157.84609685194005,462.4627940472316,True
baseline_3f,367.0,1,1,3,5,12,3,3.770657762697799,384.6907975902412,465.6027897845457,True
baseline_3f,367.0,2,2,3,5,12,3,3.509520172449233,270.675102203992,439.8616697475335,True
baseline_3f,367.0,3,3,3,5,12,3,2.7168306839033582,157.846115899204,462.4629155944827,True
baseline_3f,368.0,1,1,3,5,12,3,3.7706577641355685,384.6908187569071,465.6028056364068,True
baseline_3f,368.0,2,2,3,5,12,3,3.5095212238871185,270.67510250659967,439.8618763977884,True
baseline_3f,368.0,3,3,3,5,12,3,2.716830521845348,157.84613494093784,462.46303714024293,True
baseline_3f,369.0,1,1,3,5,12,3,3.7706577658191036,384.6908399225709,465.60282148894447,True
baseline_3f,369.0,2,2,3,5,12,3,3.509522275627399,270.6751028087186,439.862083045572,True
baseline_3f,369.0,3,3,3,5,12,3,2.716830359901442,157.84615397798999,462.4631586857422,True
baseline_3f,370.0,1,1,3,5,12,3,3.77065776716532,384.6908610889381,465.6028373446723,True
baseline_3f,370.0,2,2,3,5,12,3,3.50952332698089,270.6751031114896,439.86228969447046,True
baseline_3f,370.0,3,3,3,5,12,3,2.716830197762868,157.8461730154513,462.46328023138983,True
baseline_3f,371.0,1,1,3,5,12,3,3.7706577688754597,384.69088225469636,465.6028531949073,True
baseline_3f,371.0,2,2,3,5,12,3,3.509524378708324,270.67510341364954,439.86249634311423,True
baseline_3f,371.0,3,3,3,5,12,3,2.716830035851559,157.84619205162525,462.46340177568476,True
baseline_3f,372.0,1,1,3,5,12,3,3.7706577704646422,384.6909034202398,465.6028690501607,True
baseline_3f,372.0,2,2,3,5,12,3,3.509525430204807,270.67510371699143,439.8627029924518,True
baseline_3f,372.0,3,3,3,5,12,3,2.7168298738425953,157.84621108863283,462.4635233213562,True
baseline_3f,373.0,1,1,3,5,12,3,3.770657771989678,384.69092458550256,465.6028849056339,True
baseline_3f,373.0,2,2,3,5,12,3,3.5095264817488,270.67510401923323,439.86290964037306,True
baseline_3f,373.0,3,3,3,5,12,3,2.716829711835186,157.84623013495911,462.46364486731295,True
baseline_3f,374.0,1,1,3,5,12,3,3.7706577732151816,384.6909457529113,465.60290075767057,True
baseline_3f,374.0,2,2,3,5,12,3,3.509527532962489,270.6751043220456,439.8631162897264,True
baseline_3f,374.0,3,3,3,5,12,3,2.716829549669347,157.84624917830115,462.46376641253005,True
baseline_3f,375.0,1,1,3,5,12,3,3.7706577745631953,384.6909669196461,465.6029166101551,True
baseline_3f,375.0,2,2,3,5,12,3,3.509528584215304,270.67510462530646,439.86332293998476,True
baseline_3f,375.0,3,3,3,5,12,3,2.716829387570065,157.84626822162778,462.46388795762243,True
baseline_3f,376.0,1,1,3,5,12,3,3.7706577759981412,384.69098808616576,465.602932462631,True
baseline_3f,376.0,2,2,3,5,12,3,3.5095296356278234,270.6751049280785,439.8635295880882,True
baseline_3f,376.0,3,3,3,5,12,3,2.7168292255028432,157.8462872602733,462.46400950224887,True
baseline_3f,377.0,1,1,3,5,12,3,3.7706577776684536,384.6910092514864,465.60294831532644,True
baseline_3f,377.0,2,2,3,5,12,3,3.50953068730493,270.6751052303209,439.86373623488026,True
baseline_3f,377.0,3,3,3,5,12,3,2.716829063576806,157.8463063031465,462.46413104722825,True
baseline_3f,378.0,1,1,3,5,12,3,3.7706577790718248,384.6910304174447,465.60296417029826,True
baseline_3f,378.0,2,2,3,5,12,3,3.5095317386595504,270.6751055332155,439.86394288278876,True
baseline_3f,378.0,3,3,3,5,12,3,2.7168289014989115,157.84632534727734,462.46425259249304,True
baseline_3f,379.0,1,1,3,5,12,3,3.7706577807065087,384.69105158325334,465.60298002183356,True
baseline_3f,379.0,2,2,3,5,12,3,3.509532790325198,270.67510583537677,439.8641495286461,True
baseline_3f,379.0,3,3,3,5,12,3,2.7168287395420694,157.84634438375696,462.4643741363355,True
baseline_3f,380.0,1,1,3,5,12,3,3.7706577821535583,384.6910727491097,465.60299587678765,True
baseline_3f,380.0,2,2,3,5,12,3,3.509533841686509,270.67510613855694,439.8643561763591,True
baseline_3f,380.0,3,3,3,5,12,3,2.716828577478081,157.8463634244641,462.464495681078,True
baseline_3f,381.0,1,1,3,5,12,3,3.770657783783481,384.69109391481624,465.60301172853383,True
baseline_3f,381.0,2,2,3,5,12,3,3.509534893284008,270.6751064411261,439.86456282286775,True
baseline_3f,381.0,3,3,3,5,12,3,2.7168284155452067,157.84638247236887,462.4646172264461,True
baseline_3f,382.0,1,1,3,5,12,3,3.7706577849829004,384.6911150818164,465.60302758301316,True
baseline_3f,382.0,2,2,3,5,12,3,3.5095359444625074,270.6751067440621,439.86476946954065,True
baseline_3f,382.0,3,3,3,5,12,3,2.716828253360338,157.84640151813744,462.46473877168927,True
baseline_3f,383.0,1,1,3,5,12,3,3.7706577862439548,384.69113624847034,465.6030434358843,True
baseline_3f,383.0,2,2,3,5,12,3,3.5095369957473177,270.6751070463055,439.86497611585327,True
baseline_3f,383.0,3,3,3,5,12,3,2.716828091240689,157.84642056855813,462.4648603164667,True
baseline_3f,384.0,1,1,3,5,12,3,3.7706577877418415,384.6911574146469,465.6030592876038,True
baseline_3f,384.0,2,2,3,5,12,3,3.5095380472433897,270.6751073487121,439.86518276138224,True
baseline_3f,384.0,3,3,3,5,12,3,2.7168279292177475,157.84643960623634,462.464981859686,True
baseline_3f,385.0,1,1,3,5,12,3,3.7706577892814335,384.6911785802149,465.603075141371,True
baseline_3f,385.0,2,2,3,5,12,3,3.509539098716133,270.67510765156715,439.8653894073414,True
baseline_3f,385.0,3,3,3,5,12,3,2.7168277672242547,157.846458651324,462.4651034042819,True
baseline_3f,386.0,1,1,3,5,12,3,3.7706577908700174,384.6911997457643,465.603090994444,True
baseline_3f,386.0,2,2,3,5,12,3,3.509540150275178,270.67510795413705,439.8655960522003,True
baseline_3f,386.0,3,3,3,5,12,3,2.7168276052472007,157.84647769088164,462.4652249479344,True
baseline_3f,387.0,1,1,3,5,12,3,3.7706577924774582,384.6912209110332,465.6031068479652,True
baseline_3f,387.0,2,2,3,5,12,3,3.509541201886424,270.6751082563812,439.86580269616974,True
baseline_3f,387.0,3,3,3,5,12,3,2.7168274432810913,157.8464967300002,462.46534649125715,True
baseline_3f,388.0,1,1,3,5,12,3,3.770657793969335,384.6912420772023,465.6031227001062,True
baseline_3f,388.0,2,2,3,5,12,3,3.509542253378678,270.67510855882915,439.8660093402532,True
baseline_3f,388.0,3,3,3,5,12,3,2.716827281258693,157.8465157710129,462.46546803486495,True
baseline_3f,389.0,1,1,3,5,12,3,3.7706577955929914,384.6912632427623,465.60313855223876,True
baseline_3f,389.0,2,2,3,5,12,3,3.509543304975363,270.6751088613181,439.8662159842388,True
baseline_3f,389.0,3,3,3,5,12,3,2.7168271193183617,157.8465348160412,462.4655895789623,True
baseline_3f,390.0,1,1,3,5,12,3,3.7706577970167623,384.6912844090917,465.6031544045906,True
baseline_3f,390.0,2,2,3,5,12,3,3.509544356406166,270.67510916372566,439.8664226278631,True
baseline_3f,390.0,3,3,3,5,12,3,2.7168269572706505,157.84655386147895,462.46571112293486,True
baseline_3f,391.0,1,1,3,5,12,3,3.7706577985504977,384.6913055748777,465.60317025601955,True
baseline_3f,391.0,2,2,3,5,12,3,3.509545407864963,270.6751094664187,439.8666292729728,True
baseline_3f,391.0,3,3,3,5,12,3,2.7168267952992533,157.84657290838686,462.46583266637253,True
baseline_3f,392.0,1,1,3,5,12,3,3.7706578000399267,384.6913267410392,465.6031861069828,True
baseline_3f,392.0,2,2,3,5,12,3,3.5095464593734,270.67510976854135,439.86683591608545,True
baseline_3f,392.0,3,3,3,5,12,3,2.716826633276867,157.84659194318883,462.46595420791147,True
baseline_3f,393.0,1,1,3,5,12,3,3.7706578015156453,384.6913479065917,465.6032019611362,True
baseline_3f,393.0,2,2,3,5,12,3,3.509547510738125,270.67511007164217,439.86704256078946,True
baseline_3f,393.0,3,3,3,5,12,3,2.716826471252156,157.84661098709716,462.4660757512369,True
baseline_3f,394.0,1,1,3,5,12,3,3.77065780301655,384.6913690729133,465.603217812082,True
baseline_3f,394.0,2,2,3,5,12,3,3.5095485622548197,270.67511037392813,439.86724920296757,True
baseline_3f,394.0,3,3,3,5,12,3,2.716826309243009,157.84663002823305,462.4661972940967,True
baseline_3f,395.0,1,1,3,5,12,3,3.7706578045128483,384.69139023829825,465.60323366644616,True
baseline_3f,395.0,2,2,3,5,12,3,3.50954961372295,270.67511067639776,439.8674558454719,True
baseline_3f,395.0,3,3,3,5,12,3,2.7168261472257442,157.84664907020255,462.46631883689923,True
baseline_3f,396.0,1,1,3,5,12,3,3.770657806000724,384.69141140418947,465.6032495189737,True
baseline_3f,396.0,2,2,3,5,12,3,3.509550665161477,270.6751109790712,439.8676624882474,True
baseline_3f,396.0,3,3,3,5,12,3,2.716825985209472,157.8466681121576,462.4664403795772,True
baseline_3f,397.0,1,1,3,5,12,3,3.7706578075297683,384.6914325705219,465.6032653692071,True
baseline_3f,397.0,2,2,3,5,12,3,3.5095517166464494,270.6751112817448,439.86786913066095,True
baseline_3f,397.0,3,3,3,5,12,3,2.716825823220629,157.84668715367295,462.46656192213095,True
baseline_3f,398.0,1,1,3,5,12,3,3.770657808980927,384.6914537369668,465.60328122000317,True
baseline_3f,398.0,2,2,3,5,12,3,3.509552768068711,270.6751115843167,439.86807577276653,True
baseline_3f,398.0,3,3,3,5,12,3,2.716825661195427,157.84670619750736,462.4666834647982,True
baseline_3f,399.0,1,1,3,5,12,3,3.770657810527656,384.69147490208184,465.6032970744464,True
baseline_3f,399.0,2,2,3,5,12,3,3.5095538195466665,270.67511188701104,439.8682824146688,True
baseline_3f,399.0,3,3,3,5,12,3,2.7168254992095235,157.84672524069026,462.4668050074097,True
baseline_3f,400.0,1,1,3,5,12,3,3.7706578119874434,384.69149606763784,465.60331292842363,True
baseline_3f,400.0,2,2,3,5,12,3,3.509554870957124,270.67511218962403,439.8684890562623,True
baseline_3f,400.0,3,3,3,5,12,3,2.716825337171716,157.84674428025232,462.46692654921355,True
baseline_3f,401.0,1,1,3,5,12,3,3.7706578135316353,384.6915171956122,465.603328754124,True
baseline_3f,401.0,2,2,3,5,12,3,3.5095559206749503,270.6751124921274,439.8686953296723,True
baseline_3f,401.0,3,3,3,5,12,3,2.716825175483237,157.8467632824257,462.46704787707006,True
baseline_3f,402.0,1,1,3,5,12,3,3.7706578148922074,384.69153809565165,465.603344409776,True
baseline_3f,402.0,2,2,3,5,12,3,3.5095569588238447,270.67511279031623,439.86889935403667,True
baseline_3f,402.0,3,3,3,5,12,3,2.716825015395624,157.84678208150447,462.4671678918268,True
baseline_3f,403.0,1,1,3,5,12,3,3.770657816220092,384.6915585402708,465.6033597189372,True
baseline_3f,403.0,2,2,3,5,12,3,3.509557974190777,270.67511308249766,439.86909891099526,True
baseline_3f,403.0,3,3,3,5,12,3,2.716824858862417,157.84680046688996,462.4672852757751,True
baseline_3f,404.0,1,1,3,5,12,3,3.770657817613048,384.69157830126386,465.6033745162102,True
baseline_3f,404.0,2,2,3,5,12,3,3.5095589556888247,270.6751133646511,439.8692918154022,True
baseline_3f,404.0,3,3,3,5,12,3,2.7168247075962895,157.84681824485904,462.4673987401012,True
baseline_3f,405.0,1,1,3,5,12,3,3.7706578189059035,384.69159716313754,465.60338864392355,True
baseline_3f,405.0,2,2,3,5,12,3,3.5095598926280336,270.6751136342775,439.86947595181175,True
baseline_3f,405.0,3,3,3,5,12,3,2.71682456323487,157.8468352097989,462.4675070518878,True
baseline_3f,406.0,1,1,3,5,12,3,3.770657820194459,384.691614919782,465.60340194068937,True
baseline_3f,406.0,2,2,3,5,12,3,3.509560774698206,270.67511388848396,439.86964929235563,True
baseline_3f,406.0,3,3,3,5,12,3,2.716824427351461,157.84685117965952,462.46760900737263,True
baseline_3f,407.0,1,1,3,5,12,3,3.770657821471029,384.69163137345146,465.60341426458587,True
baseline_3f,407.0,2,2,3,5,12,3,3.5095615922030245,270.6751141239452,439.8698099447924,True
baseline_3f,407.0,3,3,3,5,12,3,2.7168243015326126,157.84686598049618,462.46770349931626,True
baseline_3f,408.0,1,1,3,5,12,3,3.770657822677171,384.69164634973026,465.60342548048914,True
baseline_3f,408.0,2,2,3,5,12,3,3.5095623361064345,270.67511433803764,439.86995614589614,True
baseline_3f,408.0,3,3,3,5,12,3,2.7168241869935446,157.84687945293237,462.4677894941224,True
baseline_3f,409.0,1,1,3,5,12,3,3.7706578236578356,384.69165968094103,465.60343546459893,True
baseline_3f,409.0,2,2,3,5,12,3,3.5095629983435663,270.6751145285922,439.87008629879045,True
baseline_3f,409.0,3,3,3,5,12,3,2.716824085035115,157.84689144307998,462.4678660522991,True
baseline_3f,410.0,1,1,3,5,12,3,3.7706578244576314,384.6916712184613,465.6034441079441,True
baseline_3f,410.0,2,2,3,5,12,3,3.5095635715422078,270.67511469365917,439.8701989747164,True
baseline_3f,410.0,3,3,3,5,12,3,2.716823996749793,157.84690183010986,462.46793232041307,True
baseline_3f,411.0,1,1,3,5,12,3,3.770657825057968,384.6916808397791,465.60345131970683,True
baseline_3f,411.0,2,2,3,5,12,3,3.509564049548162,270.67511483072803,439.87029292971613,True
baseline_3f,411.0,3,3,3,5,12,3,2.716823923036483,157.84691048948994,462.467987588553,True
baseline_3f,412.0,1,1,3,5,12,3,3.770657825611919,384.69168844191057,465.60345701496516,True
baseline_3f,412.0,2,2,3,5,12,3,3.5095644271408246,270.6751149390165,439.87036714943883,True
baseline_3f,412.0,3,3,3,5,12,3,2.7168238648602334,157.84691733066188,462.46803124918296,True
baseline_3f,413.0,1,1,3,5,12,3,3.7706578260227763,384.691693937138,465.60346113512355,True
baseline_3f,413.0,2,2,3,5,12,3,3.509564700300836,270.6751150175907,439.8704208200019,True
baseline_3f,413.0,3,3,3,5,12,3,2.7168238227563672,157.84692227820173,462.46806281374927,True
baseline_3f,414.0,1,1,3,5,12,3,3.770657826322561,384.69169727081135,465.6034636296728,True
baseline_3f,414.0,2,2,3,5,12,3,3.509564865899989,270.6751150655268,439.870453353562,True
baseline_3f,414.0,3,3,3,5,12,3,2.7168237971951275,157.84692528382416,462.46808193764264,True
baseline_3f,415.0,1,1,3,5,12,3,3.7706578264116914,384.6916984011307,465.6034644755621,True
baseline_3f,415.0,2,2,3,5,12,3,3.509564922007851,270.6751150820359,439.8704643815795,True
baseline_3f,415.0,3,3,3,5,12,3,2.7168237885793323,157.84692629734764,462.4680884247485,True
baseline_3f,416.0,1,1,3,5,12,3,3.770657826314311,384.6916983928301,465.6034644841393,True
baseline_3f,416.0,2,2,3,5,12,3,3.5095649214207656,270.6751150786597,439.87046432229846,True
baseline_3f,416.0,3,3,3,5,12,3,2.7168237884738735,157.84692630381846,462.4680884224508,True
baseline_3f,417.0,1,1,3,5,12,3,3.770657826219021,384.6916983854304,465.6034644920011,True
baseline_3f,417.0,2,2,3,5,12,3,3.5095649208544377,270.6751150754126,439.87046426301697,True
baseline_3f,417.0,3,3,3,5,12,3,2.7168237883613116,157.84692630961695,462.46808841916874,True
baseline_3f,418.0,1,1,3,5,12,3,3.7706578261250825,384.6916983766798,465.60346450057824,True
baseline_3f,418.0,2,2,3,5,12,3,3.5095649202722137,270.6751150721009,439.87046420505203,True
baseline_3f,418.0,3,3,3,5,12,3,2.716823788258756,157.84692631676003,462.46808841588665,True
baseline_3f,419.0,1,1,3,5,12,3,3.770657826024516,384.6916983683793,465.6034645091554,True
baseline_3f,419.0,2,2,3,5,12,3,3.5095649196832404,270.6751150687247,439.87046414445496,True
baseline_3f,419.0,3,3,3,5,12,3,2.7168237881547386,157.84692632255886,462.46808841358865,True
baseline_3f,420.0,1,1,3,5,12,3,3.7706578259249937,384.6916983605294,465.6034645173748,True
baseline_3f,420.0,2,2,3,5,12,3,3.509564919116912,270.6751150654775,439.87046408517324,True
baseline_3f,420.0,3,3,3,5,12,3,2.716823788052171,157.84692632768522,462.46808841129115,True
baseline_3f,421.0,1,1,3,5,12,3,3.770657825824677,384.69169835177877,465.60346452595195,True
baseline_3f,421.0,2,2,3,5,12,3,3.509564918530918,270.67511506216584,439.87046402457594,True
baseline_3f,421.0,3,3,3,5,12,3,2.7168237879525017,157.84692633348394,462.4680884080088,True
baseline_3f,422.0,1,1,3,5,12,3,3.7706578257280894,384.691698344379,465.6034645341714,True
baseline_3f,422.0,2,2,3,5,12,3,3.5095649179512383,270.6751150587897,439.8704639652949,True
baseline_3f,422.0,3,3,3,5,12,3,2.7168237878341417,157.8469263399548,462.4680884057108,True
baseline_3f,423.0,1,1,3,5,12,3,3.770657825636502,384.69169833607884,465.603464542033,True
baseline_3f,423.0,2,2,3,5,12,3,3.5095649173804806,270.675115055607,439.87046390601364,True
baseline_3f,423.0,3,3,3,5,12,3,2.716823787738832,157.84692634575362,462.46808840144394,True
baseline_3f,424.0,1,1,3,5,12,3,3.770657825536188,384.69169832732814,465.60346455061017,True
baseline_3f,424.0,2,2,3,5,12,3,3.5095649168067538,270.67511505235984,439.87046384673283,True
baseline_3f,424.0,3,3,3,5,12,3,2.71682378763917,157.8469263515522,462.4680883981622,True
baseline_3f,425.0,1,1,3,5,12,3,3.770657825436665,384.69169831947806,465.6034645588296,True
baseline_3f,425.0,2,2,3,5,12,3,3.509564916240423,270.67511504911266,439.8704637874511,True
baseline_3f,425.0,3,3,3,5,12,3,2.7168237875266086,157.8469263573508,462.4680883948798,True
baseline_3f,426.0,1,1,3,5,12,3,3.770657825343516,384.69169831162793,465.6034645670493,True
baseline_3f,426.0,2,2,3,5,12,3,3.509564915653336,270.67511504573645,439.8704637281699,True
baseline_3f,426.0,3,3,3,5,12,3,2.716823787431138,157.84692636314963,462.4680883935666,True
baseline_3f,427.0,1,1,3,5,12,3,3.770657825246395,384.6916983028772,465.60346457562616,True
baseline_3f,427.0,2,2,3,5,12,3,3.5095649150692223,270.6751150424248,439.8704636688882,True
baseline_3f,427.0,3,3,3,5,12,3,2.7168237873300347,157.84692636962023,462.468088390284,True
baseline_3f,428.0,1,1,3,5,12,3,3.7706578251500606,384.69169829502727,465.60346458384566,True
baseline_3f,428.0,2,2,3,5,12,3,3.5095649145047743,270.6751150391776,439.8704636109228,True
baseline_3f,428.0,3,3,3,5,12,3,2.716823787216025,157.8469263760911,462.46808838700207,True
baseline_3f,429.0,1,1,3,5,12,3,3.7706578250537213,384.6916982871772,465.6034645920652,True
baseline_3f,429.0,2,2,3,5,12,3,3.5095649139158143,270.67511503580147,439.8704635503262,True
baseline_3f,429.0,3,3,3,5,12,3,2.71682378711201,157.84692638188957,462.4680883847046,True
baseline_3f,430.0,1,1,3,5,12,3,3.770657824949967,384.69169827887697,465.6034646006424,True
baseline_3f,430.0,2,2,3,5,12,3,3.50956491333722,270.67511503248977,439.8704634897293,True
baseline_3f,430.0,3,3,3,5,12,3,2.716823786999441,157.84692638768854,462.4680883814225,True
baseline_3f,431.0,1,1,3,5,12,3,3.770657824858376,384.69169827057675,465.6034646085039,True
baseline_3f,431.0,2,2,3,5,12,3,3.509564912766469,270.6751150293071,439.87046343044784,True
baseline_3f,431.0,3,3,3,5,12,3,2.716823786914123,157.84692639281513,462.4680883781398,True
baseline_3f,432.0,1,1,3,5,12,3,3.770657824768927,384.69169826182605,465.60346461672344,True
baseline_3f,432.0,2,2,3,5,12,3,3.5095649121749557,270.67511502599547,439.87046337116703,True
baseline_3f,432.0,3,3,3,5,12,3,2.7168237868259166,157.84692639928585,462.46808837485804,True
baseline_3f,433.0,1,1,3,5,12,3,3.770657824669151,384.6916982544264,465.6034646249428,True
baseline_3f,433.0,2,2,3,5,12,3,3.509564911593385,270.6751150226193,439.8704633105692,True
baseline_3f,433.0,3,3,3,5,12,3,2.7168237867089986,157.84692640508456,462.4680883725597,True
baseline_3f,434.0,1,1,3,5,12,3,3.770657824572024,384.69169824567564,465.60346463352016,True
baseline_3f,434.0,2,2,3,5,12,3,3.509564911021535,270.6751150193721,439.8704632526039,True
baseline_3f,434.0,3,3,3,5,12,3,2.716823786607888,157.8469264115555,462.46808836927795,True
baseline_3f,435.0,1,1,3,5,12,3,3.770657824479135,384.69169823737525,465.6034646417394,True
baseline_3f,435.0,2,2,3,5,12,3,3.509564910437427,270.67511501606043,439.87046319332285,True
baseline_3f,435.0,3,3,3,5,12,3,2.716823786506786,157.84692641802636,462.4680883659952,True
baseline_3f,436.0,1,1,3,5,12,3,3.7706578243751236,384.69169822952523,465.6034646503166,True
baseline_3f,436.0,2,2,3,5,12,3,3.5095649098558575,270.6751150126842,439.87046313272526,True
baseline_3f,436.0,3,3,3,5,12,3,2.716823786399856,157.84692642315284,462.46808836468193,True
baseline_3f,437.0,1,1,3,5,12,3,3.7706578242748106,384.6916982207746,465.6034646588936,True
baseline_3f,437.0,2,2,3,5,12,3,3.50956490928213,270.6751150094371,439.8704630734443,True
baseline_3f,437.0,3,3,3,5,12,3,2.716823786300196,157.84692642895143,462.46808836139974,True
baseline_3f,438.0,1,1,3,5,12,3,3.7706578241827122,384.6916982133748,465.60346466675543,True
baseline_3f,438.0,2,2,3,5,12,3,3.509564908705421,270.67511500612545,439.87046301416325,True
baseline_3f,438.0,3,3,3,5,12,3,2.7168237861861897,157.84692643542238,462.4680883581175,True
baseline_3f,439.0,1,1,3,5,12,3,3.770657824091121,384.69169820507466,465.603464674617,True
baseline_3f,439.0,2,2,3,5,12,3,3.509564908122403,270.6751150028783,439.87046295356566,True
baseline_3f,439.0,3,3,3,5,12,3,2.7168237860908797,157.84692644122097,462.46808835385065,True
baseline_3f,440.0,1,1,3,5,12,3,3.770657823986318,384.69169819632407,465.60346468355175,True
baseline_3f,440.0,2,2,3,5,12,3,3.509564907557964,270.6751149996311,439.8704628956005,True
baseline_3f,440.0,3,3,3,5,12,3,2.7168237859868603,157.8469264470196,462.4680883515528,True
baseline_3f,441.0,1,1,3,5,12,3,3.770657823886796,384.69169818847394,465.60346469177136,True
baseline_3f,441.0,2,2,3,5,12,3,3.5095649069793726,270.6751149963194,439.8704628350032,True
baseline_3f,441.0,3,3,3,5,12,3,2.7168237858742965,157.8469264528183,462.4680883482708,True
baseline_3f,442.0,1,1,3,5,12,3,3.7706578237981385,384.691698180624,465.60346469963304,True
baseline_3f,442.0,2,2,3,5,12,3,3.509564906407521,270.6751149930722,439.87046277703735,True
baseline_3f,442.0,3,3,3,5,12,3,2.716823785783183,157.8469264586169,462.4680883459728,True
baseline_3f,443.0,1,1,3,5,12,3,3.77065782369652,384.6916981718732,465.603464708568,True
baseline_3f,443.0,2,2,3,5,12,3,3.5095649058204383,270.67511498969606,439.87046271775677,True
baseline_3f,443.0,3,3,3,5,12,3,2.716823785677717,157.84692646508773,462.46808834367545,True
baseline_3f,444.0,1,1,3,5,12,3,3.770657823597002,384.69169816402336,465.6034647167872,True
baseline_3f,444.0,2,2,3,5,12,3,3.509564905241847,270.6751149863844,439.87046265715946,True
baseline_3f,444.0,3,3,3,5,12,3,2.7168237855651585,157.84692647088647,462.4680883403927,True
baseline_3f,445.0,1,1,3,5,12,3,3.7706578235083414,384.6916981561731,465.6034647246493,True
baseline_3f,445.0,2,2,3,5,12,3,3.5095649046699964,270.67511498313723,439.87046259919407,True
baseline_3f,445.0,3,3,3,5,12,3,2.7168237854640456,157.8469264773574,462.46808833711094,True
baseline_3f,446.0,1,1,3,5,12,3,3.7706578234000974,384.69169814787296,465.603464733584,True
baseline_3f,446.0,2,2,3,5,12,3,3.509564904088429,270.675114979761,439.87046253859677,True
baseline_3f,446.0,3,3,3,5,12,3,2.716823785347127,157.84692648315612,462.46808833481293,True
baseline_3f,447.0,1,1,3,5,12,3,3.770657823308508,384.6916981395725,465.6034647414457,True
baseline_3f,447.0,2,2,3,5,12,3,3.5095649035054093,270.6751149765139,439.87046247799964,True
baseline_3f,447.0,3,3,3,5,12,3,2.7168237852718082,157.8469264876106,462.46808833251515,True
baseline_3f,448.0,1,1,3,5,12,3,3.7706578232158736,384.6916981308219,465.603464749665,True
baseline_3f,448.0,2,2,3,5,12,3,3.5095649029242812,270.6751149732667,439.87046241871906,True
baseline_3f,448.0,3,3,3,5,12,3,2.716823785185048,157.8469264934091,462.468088329233,True
baseline_3f,449.0,1,1,3,5,12,3,3.7706578231203256,384.6916981238726,465.6034647575269,True
baseline_3f,449.0,2,2,3,5,12,3,3.5095649023549735,270.675114969955,439.8704623594367,True
baseline_3f,449.0,3,3,3,5,12,3,2.7168237850581347,157.8469264998797,462.46808832595093,True
baseline_3f,450.0,1,1,3,5,12,3,3.7706578230221552,384.6916981146715,465.6034647664617,True
baseline_3f,450.0,2,2,3,5,12,3,3.5095649017604864,270.67511496657886,439.8704623001559,True
baseline_3f,450.0,3,3,3,5,12,3,2.716823784965573,157.84692650635066,462.468088323653,True
baseline_3f,451.0,1,1,3,5,12,3,3.7706578229292638,384.6916981063711,465.6034647746812,True
baseline_3f,451.0,2,2,3,5,12,3,3.509564901188638,270.6751149633317,439.87046224219074,True
baseline_3f,451.0,3,3,3,5,12,3,2.7168237848644687,157.84692651282148,462.4680883203709,True
baseline_3f,452.0,1,1,3,5,12,3,3.770657822829743,384.69169809852104,465.6034647829005,True
baseline_3f,452.0,2,2,3,5,12,3,3.509564900610045,270.67511496002004,439.8704621815932,True
baseline_3f,452.0,3,3,3,5,12,3,2.7168237847619006,157.84692651794796,462.4680883180729,True
baseline_3f,453.0,1,1,3,5,12,3,3.7706578227249397,384.6916980897704,465.60346479183545,True
baseline_3f,453.0,2,2,3,5,12,3,3.5095649000210707,270.6751149566438,439.87046212099585,True
baseline_3f,453.0,3,3,3,5,12,3,2.7168237846578833,157.84692652374667,462.46808831577556,True
baseline_3f,454.0,1,1,3,5,12,3,3.7706578226296514,384.69169808237046,465.60346479969724,True
baseline_3f,454.0,2,2,3,5,12,3,3.509564899454746,270.67511495339664,439.8704620617151,True
baseline_3f,454.0,3,3,3,5,12,3,2.7168237845453223,157.8469265295454,462.46808831249297,True
baseline_3f,455.0,1,1,3,5,12,3,3.7706578225412533,384.6916980740704,465.6034648075588,True
baseline_3f,455.0,2,2,3,5,12,3,3.5095648988736134,270.6751149501495,439.87046200243407,True
baseline_3f,455.0,3,3,3,5,12,3,2.7168237844485637,157.84692653601647,462.4680883082262,True
baseline_3f,456.0,1,1,3,5,12,3,3.7706578224409384,384.69169806531966,465.60346481613595,True
baseline_3f,456.0,2,2,3,5,12,3,3.509564898299884,270.67511494690234,439.8704619431526,True
baseline_3f,456.0,3,3,3,5,12,3,2.7168237843489,157.84692654181495,462.46808830494376,True
baseline_3f,457.0,1,1,3,5,12,3,3.7706578223411595,384.69169805792,465.6034648243554,True
baseline_3f,457.0,2,2,3,5,12,3,3.509564897730578,270.67511494359064,439.8704618838713,True
baseline_3f,457.0,3,3,3,5,12,3,2.7168237842319867,157.84692654761355,462.46808830264644,True
baseline_3f,458.0,1,1,3,5,12,3,3.7706578222450795,384.6916980496197,465.60346483257484,True
baseline_3f,458.0,2,2,3,5,12,3,3.509564897144584,270.675114940279,439.870461823274,True
baseline_3f,458.0,3,3,3,5,12,3,2.716823784142315,157.84692655274014,462.4680883003484,True
baseline_3f,459.0,1,1,3,5,12,3,3.7706578221511426,384.69169804086897,465.6034648411521,True
baseline_3f,459.0,2,2,3,5,12,3,3.5095648965746142,270.67511493703176,439.87046176662426,True
baseline_3f,459.0,3,3,3,5,12,3,2.7168237840397635,157.8469265598829,462.468088297067,True
baseline_3f,460.0,1,1,3,5,12,3,3.7706578220471316,384.691698033019,465.6034648497291,True
baseline_3f,460.0,2,2,3,5,12,3,3.509564895993051,270.67511493365566,439.87046170602713,True
baseline_3f,460.0,3,3,3,5,12,3,2.7168237839228455,157.8469265656817,462.4680882947687,True
baseline_3f,461.0,1,1,3,5,12,3,3.770657821958472,384.69169802516893,465.603464857591,True
baseline_3f,461.0,2,2,3,5,12,3,3.509564895408941,270.67511493034397,439.8704616467461,True
baseline_3f,461.0,3,3,3,5,12,3,2.716823783821736,157.84692657215257,462.4680882914866,True
baseline_3f,462.0,1,1,3,5,12,3,3.7706578218547158,384.6916980168685,465.60346486616817,True
baseline_3f,462.0,2,2,3,5,12,3,3.509564894842618,270.6751149270968,439.8704615874649,True
baseline_3f,462.0,3,3,3,5,12,3,2.716823783709171,157.84692657795114,462.4680882882042,True
baseline_3f,463.0,1,1,3,5,12,3,3.7706578217631264,384.6916980085684,465.6034648740297,True
baseline_3f,463.0,2,2,3,5,12,3,3.5095648942595985,270.67511492384966,439.87046152686753,True
baseline_3f,463.0,3,3,3,5,12,3,2.716823783623855,157.84692658307762,462.468088284922,True
baseline_3f,464.0,1,1,3,5,12,3,3.7706578216625584,384.6916980002679,465.60346488260694,True
baseline_3f,464.0,2,2,3,5,12,3,3.5095648936706225,270.67511492047345,439.8704614662702,True
baseline_3f,464.0,3,3,3,5,12,3,2.716823783519842,157.84692658887636,462.46808828262436,True
baseline_3f,465.0,1,1,3,5,12,3,3.7706578215704574,384.6916979928684,465.6034648904686,True
baseline_3f,465.0,2,2,3,5,12,3,3.5095648931061803,270.67511491722627,439.87046140830483,True
baseline_3f,465.0,3,3,3,5,12,3,2.716823783405832,157.84692659534707,462.4680882793422,True
baseline_3f,466.0,1,1,3,5,12,3,3.7706578214733337,384.6916979841177,465.6034648990458,True
baseline_3f,466.0,2,2,3,5,12,3,3.509564892522072,270.67511491391457,439.8704613490238,True
baseline_3f,466.0,3,3,3,5,12,3,2.7168237833047213,157.84692660181813,462.46808827605986,True
baseline_3f,467.0,1,1,3,5,12,3,3.7706578213762088,384.69169797536694,465.60346490762277,True
baseline_3f,467.0,2,2,3,5,12,3,3.5095648919256974,270.67511491053847,439.8704612884265,True
baseline_3f,467.0,3,3,3,5,12,3,2.7168237832136097,157.84692660761664,462.46808827376185,True
baseline_3f,468.0,1,1,3,5,12,3,3.770657821279874,384.69169796751703,465.6034649158424,True
baseline_3f,468.0,2,2,3,5,12,3,3.509564891361259,270.6751149072913,439.870461230462,True
baseline_3f,468.0,3,3,3,5,12,3,2.716823783109588,157.8469266134157,462.4680882714642,True
baseline_3f,469.0,1,1,3,5,12,3,3.770657821183796,384.69169795921647,465.6034649240617,True
baseline_3f,469.0,2,2,3,5,12,3,3.5095648907752612,270.67511490397965,439.87046116986465,True
baseline_3f,469.0,3,3,3,5,12,3,2.716823783009932,157.84692661921417,462.46808826818176,True
baseline_3f,470.0,1,1,3,5,12,3,3.7706578210797828,384.6916979513665,465.60346493263893,True
baseline_3f,470.0,2,2,3,5,12,3,3.509564890193691,270.67511490060343,439.8704611092669,True
baseline_3f,470.0,3,3,3,5,12,3,2.7168237828930137,157.84692662501266,462.46808826588443,True
baseline_3f,471.0,1,1,3,5,12,3,3.7706578209913797,384.6916979430664,465.60346494050066,True
baseline_3f,471.0,2,2,3,5,12,3,3.509564889624822,270.6751148974207,439.8704610513015,True
baseline_3f,471.0,3,3,3,5,12,3,2.7168237827962556,157.8469266314835,462.4680882616178,True
baseline_3f,472.0,1,1,3,5,12,3,3.770657820891066,384.69169793431564,465.60346494907765,True
baseline_3f,472.0,2,2,3,5,12,3,3.50956488905109,270.6751148941736,439.87046099202,True
baseline_3f,472.0,3,3,3,5,12,3,2.7168237826965944,157.8469266372821,462.46808825833523,True
baseline_3f,473.0,1,1,3,5,12,3,3.7706578207957793,384.69169792691605,465.6034649569393,True
baseline_3f,473.0,2,2,3,5,12,3,3.5095648884725006,270.67511489086195,439.8704609314225,True
baseline_3f,473.0,3,3,3,5,12,3,2.7168237825840307,157.8469266430807,462.46808825505286,True
baseline_3f,474.0,1,1,3,5,12,3,3.7706578206952126,384.69169791861566,465.60346496551654,True
baseline_3f,474.0,2,2,3,5,12,3,3.509564887895791,270.6751148875502,439.8704608721419,True
baseline_3f,474.0,3,3,3,5,12,3,2.71682378249001,157.84692664820741,462.46808825374006,True
baseline_3f,475.0,1,1,3,5,12,3,3.770657820601273,384.6916979098649,465.6034649740938,True
baseline_3f,475.0,2,2,3,5,12,3,3.509564887313567,270.6751148842386,439.8704608141765,True
baseline_3f,475.0,3,3,3,5,12,3,2.716823782387453,157.84692665535013,462.4680882504578,True
baseline_3f,476.0,1,1,3,5,12,3,3.770657820501747,384.691697902015,465.60346498231326,True
baseline_3f,476.0,2,2,3,5,12,3,3.5095648867349762,270.67511488092686,439.8704607535792,True
baseline_3f,476.0,3,3,3,5,12,3,2.716823782274887,157.84692666114898,462.46808824717556,True
baseline_3f,477.0,1,1,3,5,12,3,3.770657820405417,384.6916978941649,465.6034649905326,True
baseline_3f,477.0,2,2,3,5,12,3,3.50956488615827,270.6751148776152,439.8704606942982,True
baseline_3f,477.0,3,3,3,5,12,3,2.7168237821708727,157.8469266669478,462.46808824487744,True
baseline_3f,478.0,1,1,3,5,12,3,3.770657820304844,384.69169788586447,465.60346499910986,True
baseline_3f,478.0,2,2,3,5,12,3,3.509564885581563,270.6751148743035,439.87046063501646,True
baseline_3f,478.0,3,3,3,5,12,3,2.716823782056861,157.84692667341864,462.4680882415952,True
baseline_3f,479.0,1,1,3,5,12,3,3.7706578202132586,384.6916978775641,465.60346500697136,True
baseline_3f,479.0,2,2,3,5,12,3,3.5095648849985395,270.6751148710564,439.8704605744196,True
baseline_3f,479.0,3,3,3,5,12,3,2.7168237819815415,157.84692667787323,462.468088239297,True
baseline_3f,480.0,1,1,3,5,12,3,3.770657820117177,384.6916978692638,465.603465015191,True
baseline_3f,480.0,2,2,3,5,12,3,3.509564884424809,270.6751148678092,439.8704605151386,True
baseline_3f,480.0,3,3,3,5,12,3,2.7168237818718883,157.8469266843437,462.46808823503136,True
baseline_3f,481.0,1,1,3,5,12,3,3.7706578200205905,384.6916978618642,465.6034650234103,True
baseline_3f,481.0,2,2,3,5,12,3,3.5095648838451274,270.675114864433,439.8704604558569,True
baseline_3f,481.0,3,3,3,5,12,3,2.716823781753524,157.84692669081457,462.46808823273324,True
baseline_3f,482.0,1,1,3,5,12,3,3.7706578199234633,384.6916978531135,465.60346503198747,True
baseline_3f,482.0,2,2,3,5,12,3,3.509564883261016,270.67511486112136,439.87046039657565,True
baseline_3f,482.0,3,3,3,5,12,3,2.7168237816524163,157.8469266972854,462.468088229451,True
baseline_3f,483.0,1,1,3,5,12,3,3.7706578198308276,384.6916978443626,465.6034650402069,True
baseline_3f,483.0,2,2,3,5,12,3,3.50956488267988,270.67511485787423,439.8704603372946,True
baseline_3f,483.0,3,3,3,5,12,3,2.7168237815656564,157.84692670308422,462.4680882261684,True
baseline_3f,484.0,1,1,3,5,12,3,3.7706578197265586,384.691697836963,465.60346504878413,True
baseline_3f,484.0,2,2,3,5,12,3,3.509564882107603,270.675114854498,439.8704602780131,True
baseline_3f,484.0,3,3,3,5,12,3,2.7168237814543756,157.8469267082107,462.4680882258397,True
baseline_3f,485.0,1,1,3,5,12,3,3.770657819633926,384.6916978282123,465.6034650570035,True
baseline_3f,485.0,2,2,3,5,12,3,3.509564881526463,270.67511485125084,439.87046021873186,True
baseline_3f,485.0,3,3,3,5,12,3,2.716823781367622,157.84692671400921,462.4680882225578,True
baseline_3f,486.0,1,1,3,5,12,3,3.770657819530959,384.6916978208128,465.60346506522296,True
baseline_3f,486.0,2,2,3,5,12,3,3.5095648809552826,270.6751148479392,439.870460158135,True
baseline_3f,486.0,3,3,3,5,12,3,2.716823781242149,157.84692671980804,462.46808821927556,True
baseline_3f,487.0,1,1,3,5,12,3,3.7706578194428118,384.6916978120622,465.6034650730845,True
baseline_3f,487.0,2,2,3,5,12,3,3.5095648803648625,270.675114844692,439.87046009753817,True
baseline_3f,487.0,3,3,3,5,12,3,2.716823781159743,157.84692672560664,462.4680882150086,True
baseline_3f,488.0,1,1,3,5,12,3,3.7706578193411957,384.69169780331146,465.6034650820194,True
baseline_3f,488.0,2,2,3,5,12,3,3.509564879802303,270.67511484144484,439.87046004088836,True
baseline_3f,488.0,3,3,3,5,12,3,2.716823781054278,157.84692673207758,462.46808821271077,True
baseline_3f,489.0,1,1,3,5,12,3,3.7706578192459093,384.69169779591175,465.6034650898811,True
baseline_3f,489.0,2,2,3,5,12,3,3.509564879223707,270.6751148381332,439.87045998029083,True
baseline_3f,489.0,3,3,3,5,12,3,2.71682378094172,157.8469267378761,462.4680882094285,True
baseline_3f,490.0,1,1,3,5,12,3,3.7706578191498297,384.6916977876113,465.6034650981007,True
baseline_3f,490.0,2,2,3,5,12,3,3.5095648786377125,270.6751148348215,439.870459919694,True
baseline_3f,490.0,3,3,3,5,12,3,2.7168237808520472,157.8469267430028,462.468088207131,True
baseline_3f,491.0,1,1,3,5,12,3,3.770657819051402,384.6916977788607,465.60346510703545,True
baseline_3f,491.0,2,2,3,5,12,3,3.5095648780647726,270.6751148315098,439.8704598630442,True
baseline_3f,491.0,3,3,3,5,12,3,2.7168237807451385,157.84692675014563,462.4680882048332,True
baseline_3f,492.0,1,1,3,5,12,3,3.770657818951879,384.69169777101064,465.60346511525495,True
baseline_3f,492.0,2,2,3,5,12,3,3.509564877486183,270.67511482819816,439.87045980244665,True
baseline_3f,492.0,3,3,3,5,12,3,2.716823780632574,157.84692675594434,462.46808820155064,True
baseline_3f,493.0,1,1,3,5,12,3,3.770657818860034,384.69169776316085,465.6034651231166,True
baseline_3f,493.0,2,2,3,5,12,3,3.5095648769001935,270.6751148248865,439.8704597418504,True
baseline_3f,493.0,3,3,3,5,12,3,2.716823780532909,157.84692676174308,462.46808819826873,True
baseline_3f,494.0,1,1,3,5,12,3,3.7706578187549793,384.6916977548602,465.60346513205155,True
baseline_3f,494.0,2,2,3,5,12,3,3.5095648763327714,270.6751148215748,439.8704596838851,True
baseline_3f,494.0,3,3,3,5,12,3,2.7168237804145505,157.84692676821413,462.46808819597055,True
baseline_3f,495.0,1,1,3,5,12,3,3.7706578186633863,384.69169774656007,465.60346513991306,True
baseline_3f,495.0,2,2,3,5,12,3,3.509564875749753,270.67511481832764,439.8704596232875,True
baseline_3f,495.0,3,3,3,5,12,3,2.7168237803292365,157.84692677334027,462.46808819268864,True
baseline_3f,496.0,1,1,3,5,12,3,3.770657818567309,384.6916977382596,465.60346514813256,True
baseline_3f,496.0,2,2,3,5,12,3,3.5095648751637585,270.675114815016,439.87045956269037,True
baseline_3f,496.0,3,3,3,5,12,3,2.7168237802295736,157.84692677913898,462.4680881894064,True
baseline_3f,497.0,1,1,3,5,12,3,3.77065781847202,384.6916977308602,465.6034651559944,True
baseline_3f,497.0,2,2,3,5,12,3,3.5095648745974306,270.67511481176876,439.87045950340917,True
baseline_3f,497.0,3,3,3,5,12,3,2.7168237801170045,157.84692678493792,462.4680881861242,True
baseline_3f,498.0,1,1,3,5,12,3,3.7706578183735924,384.69169772210944,465.6034651649293,True
baseline_3f,498.0,2,2,3,5,12,3,3.5095648740122227,270.6751148083926,439.87045944544377,True
baseline_3f,498.0,3,3,3,5,12,3,2.7168237800100976,157.8469267920809,462.4680881838267,True
baseline_3f,499.0,1,1,3,5,12,3,3.7706578182775146,384.6916977138089,465.6034651731486,True
baseline_3f,499.0,2,2,3,5,12,3,3.509564873426232,270.67511480508097,439.8704593848467,True
baseline_3f,499.0,3,3,3,5,12,3,2.7168237799104378,157.8469267978796,462.46808818054376,True
baseline_3f,500.0,1,1,3,5,12,3,3.770657818185413,384.6916977064093,465.60346518101045,True
baseline_3f,500.0,2,2,3,5,12,3,3.509564872861789,270.6751148018338,439.8704593268808,True
baseline_3f,500.0,3,3,3,5,12,3,2.7168237798064214,157.84692680367786,462.46808817824626,True
baseline_3f,501.0,1,1,3,5,12,3,3.7706578180806085,384.6916976976585,465.60346518994544,True
baseline_3f,501.0,2,2,3,5,12,3,3.5095648722728168,270.67511479845757,439.8704592662842,True
baseline_3f,501.0,3,3,3,5,12,3,2.716823779702404,157.84692680947683,462.4680881759491,True
baseline_3f,502.0,1,1,3,5,12,3,3.770657817981087,384.6916976898088,465.60346519816466,True
baseline_3f,502.0,2,2,3,5,12,3,3.5095648716942267,270.6751147951459,439.8704592056862,True
baseline_3f,502.0,3,3,3,5,12,3,2.7168237795898427,157.84692681527508,462.46808817266685,True
baseline_3f,503.0,1,1,3,5,12,3,3.7706578178929395,384.69169768105803,465.6034652060265,True
baseline_3f,503.0,2,2,3,5,12,3,3.509564871116064,270.67511479196327,439.87045914640447,True
baseline_3f,503.0,3,3,3,5,12,3,2.7168237795074304,157.8469268210738,462.4680881683999,True
baseline_3f,504.0,1,1,3,5,12,3,3.770657817795818,384.69169767230727,465.6034652146035,True
baseline_3f,504.0,2,2,3,5,12,3,3.5095648705442213,270.6751147887161,439.8704590884404,True
baseline_3f,504.0,3,3,3,5,12,3,2.716823779406326,157.84692682754508,462.46808816511765,True
baseline_3f,505.0,1,1,3,5,12,3,3.7706578176960392,384.69169766490757,465.60346522282293,True
baseline_3f,505.0,2,2,3,5,12,3,3.509564869974915,270.6751147854044,439.8704590291587,True
baseline_3f,505.0,3,3,3,5,12,3,2.716823779289413,157.84692683334356,462.4680881628198,True
baseline_3f,506.0,1,1,3,5,12,3,3.770657817599959,384.6916976566073,465.60346523104226,True
baseline_3f,506.0,2,2,3,5,12,3,3.5095648693889268,270.6751147820928,439.87045896856165,True
baseline_3f,506.0,3,3,3,5,12,3,2.7168237791997387,157.84692683846993,462.46808816052163,True
baseline_3f,507.0,1,1,3,5,12,3,3.7706578175060206,384.6916976478567,465.60346523961954,True
baseline_3f,507.0,2,2,3,5,12,3,3.5095648688067036,270.6751147787811,439.8704589105967,True
baseline_3f,507.0,3,3,3,5,12,3,2.716823779097179,157.84692684561313,462.4680881572397,True
baseline_3f,508.0,1,1,3,5,12,3,3.770657817402009,384.69169764000657,465.60346524819676,True
baseline_3f,508.0,2,2,3,5,12,3,3.509564868237397,270.6751147754694,439.87045885131545,True
baseline_3f,508.0,3,3,3,5,12,3,2.7168237789802614,157.84692685141206,462.46808815494194,True
baseline_3f,509.0,1,1,3,5,12,3,3.770657817310165,384.69169763215655,465.6034652560584,True
baseline_3f,509.0,2,2,3,5,12,3,3.509564867651398,270.6751147721577,439.8704587907179,True
baseline_3f,509.0,3,3,3,5,12,3,2.716823778880603,157.84692685721055,462.46808815165963,True
baseline_3f,510.0,1,1,3,5,12,3,3.7706578172095977,384.691697623856,465.6034652646356,True
baseline_3f,510.0,2,2,3,5,12,3,3.5095648670746877,270.6751147688461,439.87045873143666,True
baseline_3f,510.0,3,3,3,5,12,3,2.7168237787666025,157.84692686368115,462.4680881483777,True
baseline_3f,511.0,1,1,3,5,12,3,3.7706578171180096,384.6916976155557,465.60346527249726,True
baseline_3f,511.0,2,2,3,5,12,3,3.5095648665039345,270.6751147656634,439.8704586721554,True
baseline_3f,511.0,3,3,3,5,12,3,2.716823778681284,157.846926868808,462.4680881450952,True
baseline_3f,512.0,1,1,3,5,12,3,3.7706578170216747,384.6916976077059,465.6034652807166,True
baseline_3f,512.0,2,2,3,5,12,3,3.509564865914973,270.67511476228725,439.8704586115587,True
baseline_3f,512.0,3,3,3,5,12,3,2.7168237785772646,157.84692687460648,462.46808814279734,True
baseline_3f,513.0,1,1,3,5,12,3,3.7706578169221485,384.69169759985584,465.6034652889362,True
baseline_3f,513.0,2,2,3,5,12,3,3.5095648653363796,270.6751147589756,439.8704585509612,True
baseline_3f,513.0,3,3,3,5,12,3,2.7168237784647005,157.84692688040496,462.46808813951543,True
baseline_3f,514.0,1,1,3,5,12,3,3.7706578168282108,384.69169759110514,465.6034652975133,True
baseline_3f,514.0,2,2,3,5,12,3,3.5095648647664133,270.67511475572843,439.87045849431166,True
baseline_3f,514.0,3,3,3,5,12,3,2.716823778362145,157.84692688754814,462.4680881362329,True
baseline_3f,515.0,1,1,3,5,12,3,3.770657816727645,384.6916975828047,465.6034653060904,True
baseline_3f,515.0,2,2,3,5,12,3,3.5095648641774404,270.6751147523522,439.870458433715,True
baseline_3f,515.0,3,3,3,5,12,3,2.7168237782581315,157.8469268933471,462.46808813393534,True
baseline_3f,516.0,1,1,3,5,12,3,3.7706578166323568,384.69169757540527,465.60346531395203,True
baseline_3f,516.0,2,2,3,5,12,3,3.5095648635988517,270.6751147490406,439.870458373117,True
baseline_3f,516.0,3,3,3,5,12,3,2.7168237781655558,157.8469268978009,462.4680881326219,True
baseline_3f,517.0,1,1,3,5,12,3,3.77065781653523,384.69169756665434,465.60346532252936,True
baseline_3f,517.0,2,2,3,5,12,3,3.509564863026998,270.67511474579334,439.8704583151516,True
baseline_3f,517.0,3,3,3,5,12,3,2.716823778064447,157.84692690427195,462.46808812934006,True
baseline_3f,518.0,1,1,3,5,12,3,3.7706578164312177,384.69169755880444,465.60346533110646,True
baseline_3f,518.0,2,2,3,5,12,3,3.509564862445438,270.67511474241724,439.870458254555,True
baseline_3f,518.0,3,3,3,5,12,3,2.7168237779475275,157.84692691007066,462.4680881270422,True
baseline_3f,519.0,1,1,3,5,12,3,3.7706578163396296,384.69169755050405,465.603465338968,True
baseline_3f,519.0,2,2,3,5,12,3,3.509564861862418,270.67511473917006,439.8704581939574,True
baseline_3f,519.0,3,3,3,5,12,3,2.716823777842226,157.84692691654172,462.4680881217901,True
baseline_3f,520.0,1,1,3,5,12,3,3.7706578162459454,384.691697541303,465.6034653475453,True
baseline_3f,520.0,2,2,3,5,12,3,3.5095648612954276,270.67511473598734,439.8704581373079,True
baseline_3f,520.0,3,3,3,5,12,3,2.7168237777540156,157.84692692301257,462.46808811850826,True
baseline_3f,521.0,1,1,3,5,12,3,3.7706578161472155,384.69169753435386,465.60346535540697,True
baseline_3f,521.0,2,2,3,5,12,3,3.509564860724243,270.6751147326757,439.8704580767108,True
baseline_3f,521.0,3,3,3,5,12,3,2.7168237776285524,157.84692692881106,462.46808811522635,True
baseline_3f,522.0,1,1,3,5,12,3,3.770657816050086,384.6916975256031,465.60346536398424,True
baseline_3f,522.0,2,2,3,5,12,3,3.5095648601401335,270.675114729364,439.87045801742954,True
baseline_3f,522.0,3,3,3,5,12,3,2.716823777557418,157.84692693326554,462.4680881148973,True
baseline_3f,523.0,1,1,3,5,12,3,3.7706578159561537,384.6916975168525,465.60346537256123,True
baseline_3f,523.0,2,2,3,5,12,3,3.509564859557902,270.67511472605236,439.8704579594637,True
baseline_3f,523.0,3,3,3,5,12,3,2.716823777454866,157.84692694040848,462.4680881116151,True
baseline_3f,524.0,1,1,3,5,12,3,3.7706578158566306,384.69169750900227,465.6034653807807,True
baseline_3f,524.0,2,2,3,5,12,3,3.509564858979312,270.67511472274066,439.8704578988671,True
baseline_3f,524.0,3,3,3,5,12,3,2.7168237773423054,157.84692694620745,462.4680881083325,True
baseline_3f,525.0,1,1,3,5,12,3,3.7706578157602952,384.69169750115236,465.6034653890001,True
baseline_3f,525.0,2,2,3,5,12,3,3.5095648584026113,270.675114719429,439.87045783958627,True
baseline_3f,525.0,3,3,3,5,12,3,2.7168237772382873,157.84692695200593,462.468088106035,True
baseline_3f,526.0,1,1,3,5,12,3,3.7706578156565396,384.6916974928521,465.6034653975773,True
baseline_3f,526.0,2,2,3,5,12,3,3.509564857824016,270.6751147161173,439.87045777898874,True
baseline_3f,526.0,3,3,3,5,12,3,2.716823777125725,157.8469269578044,462.4680881027531,True
baseline_3f,527.0,1,1,3,5,12,3,3.7706578155681374,384.6916974845517,465.60346540543895,True
baseline_3f,527.0,2,2,3,5,12,3,3.5095648572428804,270.67511471287014,439.870457719707,True
baseline_3f,527.0,3,3,3,5,12,3,2.7168237770389676,157.8469269636029,462.4680880994709,True
baseline_3f,528.0,1,1,3,5,12,3,3.7706578154762926,384.6916974767016,465.6034654133008,True
baseline_3f,528.0,2,2,3,5,12,3,3.509564856669153,270.675114709623,439.87045766042667,True
baseline_3f,528.0,3,3,3,5,12,3,2.716823776939303,157.84692696940206,462.4680880961883,True
baseline_3f,529.0,1,1,3,5,12,3,3.770657815372281,384.69169746885166,465.6034654218779,True
baseline_3f,529.0,2,2,3,5,12,3,3.5095648560875827,270.6751147062468,439.8704575998291,True
baseline_3f,529.0,3,3,3,5,12,3,2.7168237768223857,157.84692697520057,462.4680880938908,True
baseline_3f,530.0,1,1,3,5,12,3,3.7706578152783434,384.69169746010107,465.603465430455,True
baseline_3f,530.0,2,2,3,5,12,3,3.509564855505353,270.6751147029351,439.8704575418633,True
baseline_3f,530.0,3,3,3,5,12,3,2.7168237767198296,157.84692698234352,462.46808809060855,True
baseline_3f,531.0,1,1,3,5,12,3,3.770657815182264,384.6916974518005,465.60346543867456,True
baseline_3f,531.0,2,2,3,5,12,3,3.509564854931626,270.675114699688,439.87045748258294,True
baseline_3f,531.0,3,3,3,5,12,3,2.7168237766201653,157.84692698814246,462.4680880873263,True
baseline_3f,532.0,1,1,3,5,12,3,3.770657815082486,384.6916974444011,465.6034654468939,True
baseline_3f,532.0,2,2,3,5,12,3,3.5095648543500624,270.6751146963118,439.8704574219854,True
baseline_3f,532.0,3,3,3,5,12,3,2.716823776513241,157.84692699326882,462.46808808601287,True
baseline_3f,533.0,1,1,3,5,12,3,3.7706578149853596,384.6916974356503,465.60346545547105,True
baseline_3f,533.0,2,2,3,5,12,3,3.50956485376595,270.6751146930002,439.8704573627037,True
baseline_3f,533.0,3,3,3,5,12,3,2.716823776412129,157.84692699973965,462.46808808273033,True
baseline_3f,534.0,1,1,3,5,12,3,3.7706578148858374,384.69169742780025,465.6034654636905,True
baseline_3f,534.0,2,2,3,5,12,3,3.5095648531996226,270.675114689753,439.8704573034229,True
baseline_3f,534.0,3,3,3,5,12,3,2.7168237762995693,157.8469270055384,462.4680880794484,True
baseline_3f,535.0,1,1,3,5,12,3,3.770657814794246,384.69169741950014,465.60346547155206,True
baseline_3f,535.0,2,2,3,5,12,3,3.5095648526166063,270.6751146865058,439.8704572428253,True
baseline_3f,535.0,3,3,3,5,12,3,2.7168237762042544,157.8469270113371,462.4680880751811,True
baseline_3f,536.0,1,1,3,5,12,3,3.7706578146894456,384.69169741074927,465.603465480487,True
baseline_3f,536.0,2,2,3,5,12,3,3.5095648520521587,270.67511468325864,439.87045718485996,True
baseline_3f,536.0,3,3,3,5,12,3,2.716823776100249,157.84692701713536,462.46808807288426,True
baseline_3f,537.0,1,1,3,5,12,3,3.7706578145973464,384.6916974033498,465.60346548834866,True
baseline_3f,537.0,2,2,3,5,12,3,3.509564851475456,270.675114679947,439.87045712557915,True
baseline_3f,537.0,3,3,3,5,12,3,2.7168237759862333,157.8469270236064,462.4680880696017,True
baseline_3f,538.0,1,1,3,5,12,3,3.770657814504708,384.6916973945989,465.6034654965682,True
baseline_3f,538.0,2,2,3,5,12,3,3.509564850882059,270.6751146766353,439.870457064982,True
baseline_3f,538.0,3,3,3,5,12,3,2.716823775909468,157.8469270287328,462.4680880673042,True
baseline_3f,539.0,1,1,3,5,12,3,3.770657814406286,384.69169738584804,465.60346550550304,True
baseline_3f,539.0,2,2,3,5,12,3,3.50956485030911,270.6751146733236,439.8704570083325,True
baseline_3f,539.0,3,3,3,5,12,3,2.7168237758025633,157.8469270358762,462.46808806500604,True
baseline_3f,540.0,1,1,3,5,12,3,3.7706578143109963,384.6916973784484,465.6034655133647,True
baseline_3f,540.0,2,2,3,5,12,3,3.5095648497305207,270.67511467001196,439.87045694773497,True
baseline_3f,540.0,3,3,3,5,12,3,2.7168237756900027,157.8469270416747,462.4680880617238,True
baseline_3f,541.0,1,1,3,5,12,3,3.7706578142149167,384.691697370148,465.60346552158416,True
baseline_3f,541.0,2,2,3,5,12,3,3.5095648491445246,270.67511466670027,439.8704568871374,True
baseline_3f,541.0,3,3,3,5,12,3,2.716823775590339,157.8469270474732,462.46808805844154,True
baseline_3f,542.0,1,1,3,5,12,3,3.7706578141111575,384.69169736184773,465.60346553016143,True
baseline_3f,542.0,2,2,3,5,12,3,3.5095648485781994,270.6751146634531,439.87045682785663,True
baseline_3f,542.0,3,3,3,5,12,3,2.716823775477771,157.84692705327214,462.4680880551597,True
baseline_3f,543.0,1,1,3,5,12,3,3.7706578140182674,384.6916973535475,465.60346553838076,True
baseline_3f,543.0,2,2,3,5,12,3,3.5095648479940906,270.67511466014145,439.87045676857537,True
baseline_3f,543.0,3,3,3,5,12,3,2.716823775386661,157.8469270590704,462.4680880528622,True
baseline_3f,544.0,1,1,3,5,12,3,3.770657813926421,384.6916973456977,465.6034655462425,True
baseline_3f,544.0,2,2,3,5,12,3,3.5095648474080985,270.6751146568298,439.87045670797824,True
baseline_3f,544.0,3,3,3,5,12,3,2.71682377528699,157.84692706486933,462.4680880495796,True
baseline_3f,545.0,1,1,3,5,12,3,3.7706578138268982,384.6916973378473,465.60346555446205,True
baseline_3f,545.0,2,2,3,5,12,3,3.509564846841772,270.6751146535826,439.8704566486975,True
baseline_3f,545.0,3,3,3,5,12,3,2.7168237751744324,157.84692707066804,462.46808804629734,True
baseline_3f,546.0,1,1,3,5,12,3,3.770657813728476,384.69169732909677,465.6034655633966,True
baseline_3f,546.0,2,2,3,5,12,3,3.5095648462565685,270.67511465020647,439.87045659073164,True
baseline_3f,546.0,3,3,3,5,12,3,2.716823775067525,157.84692707781102,462.4680880439988,True
baseline_3f,547.0,1,1,3,5,12,3,3.7706578136323943,384.6916973207963,465.60346557161625,True
baseline_3f,547.0,2,2,3,5,12,3,3.5095648456705675,270.6751146468947,439.8704565301345,True
baseline_3f,547.0,3,3,3,5,12,3,2.7168237749678625,157.84692708360973,462.4680880407176,True
baseline_3f,548.0,1,1,3,5,12,3,3.7706578135371047,384.6916973133969,465.603465579478,True
baseline_3f,548.0,2,2,3,5,12,3,3.5095648451042414,270.67511464364753,439.8704564708524,True
baseline_3f,548.0,3,3,3,5,12,3,2.7168237748652873,157.8469270887361,462.46808803841947,True
baseline_3f,549.0,1,1,3,5,12,3,3.7706578134399806,384.6916973046463,465.603465588055,True
baseline_3f,549.0,2,2,3,5,12,3,3.5095648445201335,270.67511464033595,439.8704564115716,True
baseline_3f,549.0,3,3,3,5,12,3,2.7168237747641792,157.84692709520692,462.46808803513716,True
baseline_3f,550.0,1,1,3,5,12,3,3.770657813335969,384.69169729679606,465.6034655966322,True
baseline_3f,550.0,2,2,3,5,12,3,3.509564843938568,270.67511463695973,439.8704563509749,True
baseline_3f,550.0,3,3,3,5,12,3,2.7168237746472648,157.8469271010059,462.4680880328394,True
baseline_3f,551.0,1,1,3,5,12,3,3.770657813244381,384.6916972884958,465.60346560449375,True
baseline_3f,551.0,2,2,3,5,12,3,3.5095648433678166,270.6751146337771,439.87045629169415,True
baseline_3f,551.0,3,3,3,5,12,3,2.716823774551954,157.8469271068046,462.46808802857237,True
baseline_3f,552.0,1,1,3,5,12,3,3.7706578131482993,384.6916972801954,465.60346561271325,True
baseline_3f,552.0,2,2,3,5,12,3,3.5095648427940795,270.67511463052995,439.8704562324115,True
baseline_3f,552.0,3,3,3,5,12,3,2.716823774452297,157.84692711260263,462.46808802529046,True
baseline_3f,553.0,1,1,3,5,12,3,3.770657813047474,384.6916972723456,465.6034656212906,True
baseline_3f,553.0,2,2,3,5,12,3,3.509564842226664,270.6751146272182,439.87045617444704,True
baseline_3f,553.0,3,3,3,5,12,3,2.7168237743339247,157.8469271190739,462.4680880229933,True
baseline_3f,554.0,1,1,3,5,12,3,3.7706578129513955,384.6916972640449,465.6034656295101,True
baseline_3f,554.0,2,2,3,5,12,3,3.5095648416406666,270.67511462390655,439.87045611384997,True
baseline_3f,554.0,3,3,3,5,12,3,2.716823774254254,157.8469271235284,462.46808802167953,True
baseline_3f,555.0,1,1,3,5,12,3,3.770657812857716,384.69169725484414,465.60346563808696,True
baseline_3f,555.0,2,2,3,5,12,3,3.509564841049151,270.6751146205949,439.87045605456825,True
baseline_3f,555.0,3,3,3,5,12,3,2.716823774166047,157.84692712999902,462.46808801839734,True
baseline_3f,556.0,1,1,3,5,12,3,3.7706578127621726,384.6916972478946,465.60346564594875,True
baseline_3f,556.0,2,2,3,5,12,3,3.509564840492111,270.67511461734773,439.8704559966024,True
baseline_3f,556.0,3,3,3,5,12,3,2.7168237740391428,157.84692713646962,462.46808801511474,True
baseline_3f,557.0,1,1,3,5,12,3,3.7706578126650423,384.6916972391438,465.60346565452625,True
baseline_3f,557.0,2,2,3,5,12,3,3.5095648398957375,270.6751146139715,439.8704559360058,True
baseline_3f,557.0,3,3,3,5,12,3,2.7168237739480188,157.84692714226856,462.4680880128176,True
baseline_3f,558.0,1,1,3,5,12,3,3.770657812557843,384.6916972312942,465.6034656631031,True
baseline_3f,558.0,2,2,3,5,12,3,3.509564839324554,270.6751146106599,439.87045587540865,True
baseline_3f,558.0,3,3,3,5,12,3,2.716823773822552,157.84692714806727,462.46808800953534,True
baseline_3f,559.0,1,1,3,5,12,3,3.770657812472887,384.69169722254344,465.6034656709648,True
baseline_3f,559.0,2,2,3,5,12,3,3.509564838748277,270.6751146074772,439.87045581744326,True
baseline_3f,559.0,3,3,3,5,12,3,2.716823773748693,157.84692715386578,462.46808800625314,True
baseline_3f,560.0,1,1,3,5,12,3,3.7706578123765504,384.69169721469336,465.60346567918424,True
baseline_3f,560.0,2,2,3,5,12,3,3.509564838159305,270.67511460410105,439.8704557568462,True
baseline_3f,560.0,3,3,3,5,12,3,2.716823773644676,157.84692715966472,462.4680880039549,True
baseline_3f,561.0,1,1,3,5,12,3,3.77065781227703,384.6916972068434,465.6034656874036,True
baseline_3f,561.0,2,2,3,5,12,3,3.5095648375807125,270.67511460078936,439.8704556962486,True
baseline_3f,561.0,3,3,3,5,12,3,2.7168237735321177,157.8469271654632,462.46808800067305,True
baseline_3f,562.0,1,1,3,5,12,3,3.7706578121830927,384.6916971980927,465.60346569598073,True
baseline_3f,562.0,2,2,3,5,12,3,3.5095648370107493,270.67511459754223,439.8704556395991,True
baseline_3f,562.0,3,3,3,5,12,3,2.7168237734295615,157.84692717260614,462.46808799739046,True
baseline_3f,563.0,1,1,3,5,12,3,3.7706578120870122,384.69169718979225,465.60346570420035,True
baseline_3f,563.0,2,2,3,5,12,3,3.5095648364247545,270.67511459423054,439.87045557900194,True
baseline_3f,563.0,3,3,3,5,12,3,2.716823773329897,157.84692717840488,462.46808799410854,True
baseline_3f,564.0,1,1,3,5,12,3,3.7706578119872365,384.6916971823927,465.6034657124197,True
baseline_3f,564.0,2,2,3,5,12,3,3.509564835843196,270.6751145908544,439.8704555184058,True
baseline_3f,564.0,3,3,3,5,12,3,2.716823773222974,157.84692718353148,462.4680879927951,True
baseline_3f,565.0,1,1,3,5,12,3,3.77065781188692,384.6916971736418,465.603465720997,True
baseline_3f,565.0,2,2,3,5,12,3,3.5095648352694595,270.6751145876072,439.8704554591236,True
baseline_3f,565.0,3,3,3,5,12,3,2.716823773123311,157.84692718932996,462.4680879895132,True
baseline_3f,566.0,1,1,3,5,12,3,3.7706578117905907,384.69169716579205,465.6034657292161,True
baseline_3f,566.0,2,2,3,5,12,3,3.5095648346927524,270.6751145842955,439.8704553998424,True
baseline_3f,566.0,3,3,3,5,12,3,2.716823773009302,157.84692719580102,462.46808798623033,True
baseline_3f,567.0,1,1,3,5,12,3,3.7706578116987433,384.691697157942,465.60346573707807,True
baseline_3f,567.0,2,2,3,5,12,3,3.5095648341067562,270.67511458098386,439.8704553392457,True
baseline_3f,567.0,3,3,3,5,12,3,2.716823772909642,157.84692720159973,462.46808798294876,True
baseline_3f,568.0,1,1,3,5,12,3,3.7706578115984293,384.69169714919104,465.60346574565506,True
baseline_3f,568.0,2,2,3,5,12,3,3.509564833545289,270.6751145778012,439.8704552812799,True
baseline_3f,568.0,3,3,3,5,12,3,2.7168237728099838,157.8469272073982,462.4680879796659,True
baseline_3f,569.0,1,1,3,5,12,3,3.770657811502093,384.6916971413414,465.6034657538745,True
baseline_3f,569.0,2,2,3,5,12,3,3.50956483296858,270.6751145744895,439.8704552219982,True
baseline_3f,569.0,3,3,3,5,12,3,2.716823772695965,157.84692721386907,462.4680879763839,True
baseline_3f,570.0,1,1,3,5,12,3,3.770657811406017,384.69169713304086,465.6034657620939,True
baseline_3f,570.0,2,2,3,5,12,3,3.5095648323948554,270.6751145712424,439.87045516271786,True
baseline_3f,570.0,3,3,3,5,12,3,2.716823772606304,157.84692721899543,462.4680879740861,True
baseline_3f,571.0,1,1,3,5,12,3,3.770657811304404,384.6916971242901,465.60346577102877,True
baseline_3f,571.0,2,2,3,5,12,3,3.509564831807768,270.6751145678662,439.8704551034366,True
baseline_3f,571.0,3,3,3,5,12,3,2.7168237725008404,157.8469272254665,462.4680879717883,True
baseline_3f,572.0,1,1,3,5,12,3,3.770657811212302,384.6916971168907,465.60346577889044,True
baseline_3f,572.0,2,2,3,5,12,3,3.5095648312310628,270.6751145645545,439.87045504415534,True
baseline_3f,572.0,3,3,3,5,12,3,2.716823772386828,157.84692723193734,462.46808796850604,True
baseline_3f,573.0,1,1,3,5,12,3,3.770657811116223,384.6916971085903,465.60346578710977,True
baseline_3f,573.0,2,2,3,5,12,3,3.509564830657328,270.67511456130734,439.8704549848732,True
baseline_3f,573.0,3,3,3,5,12,3,2.716823772287168,157.84692723773583,462.46808796522345,True
baseline_3f,574.0,1,1,3,5,12,3,3.7706578110079767,384.69169710028984,465.6034657960448,True
baseline_3f,574.0,2,2,3,5,12,3,3.509564830075757,270.6751145579312,439.87045492427615,True
baseline_3f,574.0,3,3,3,5,12,3,2.716823772170254,157.8469272435343,462.46808796292663,True
baseline_3f,575.0,1,1,3,5,12,3,3.77065781091983,384.69169709153914,465.6034658039065,True
baseline_3f,575.0,2,2,3,5,12,3,3.509564829485336,270.675114554684,439.87045486367947,True
baseline_3f,575.0,3,3,3,5,12,3,2.7168237720978343,157.84692724866136,462.4680879596437,True
baseline_3f,576.0,1,1,3,5,12,3,3.7706578108311706,384.6916970836892,465.60346581176833,True
baseline_3f,576.0,2,2,3,5,12,3,3.5095648289134886,270.6751145514368,439.8704548057141,True
baseline_3f,576.0,3,3,3,5,12,3,2.716823771996725,157.84692725513196,462.4680879563618,True
baseline_3f,577.0,1,1,3,5,12,3,3.7706578107316493,384.6916970758391,465.6034658199878,True
baseline_3f,577.0,2,2,3,5,12,3,3.5095648283348995,270.6751145481252,439.87045474511694,True
baseline_3f,577.0,3,3,3,5,12,3,2.716823771884163,157.8469272609307,462.4680879530796,True
baseline_3f,578.0,1,1,3,5,12,3,3.7706578106332254,384.6916970670885,465.6034658289224,True
baseline_3f,578.0,2,2,3,5,12,3,3.5095648277496903,270.67511454474896,439.8704546871511,True
baseline_3f,578.0,3,3,3,5,12,3,2.7168237717772548,157.84692726807387,462.4680879507814,True
baseline_3f,579.0,1,1,3,5,12,3,3.7706578105371458,384.6916970587884,465.60346583714175,True
baseline_3f,579.0,2,2,3,5,12,3,3.509564827175965,270.67511454150184,439.8704546278699,True
baseline_3f,579.0,3,3,3,5,12,3,2.7168237716775905,157.84692727387213,462.4680879474995,True
baseline_3f,580.0,1,1,3,5,12,3,3.770657810441856,384.69169705138853,465.6034658450037,True
baseline_3f,580.0,2,2,3,5,12,3,3.509564826597377,270.67511453819014,439.8704545672732,True
baseline_3f,580.0,3,3,3,5,12,3,2.716823771575022,157.84692727899895,462.46808794520166,True
baseline_3f,581.0,1,1,3,5,12,3,3.770657810337056,384.6916970426376,465.6034658539385,True
baseline_3f,581.0,2,2,3,5,12,3,3.509564826008403,270.675114534814,439.8704545066757,True
baseline_3f,581.0,3,3,3,5,12,3,2.716823771471011,157.84692728479746,462.4680879429038,True
baseline_3f,582.0,1,1,3,5,12,3,3.7706578102407153,384.6916970347877,465.6034658621581,True
baseline_3f,582.0,2,2,3,5,12,3,3.509564825443953,270.6751145315668,439.8704544487094,True
baseline_3f,582.0,3,3,3,5,12,3,2.7168237713569963,157.8469272912683,462.4680879396216,True
baseline_3f,583.0,1,1,3,5,12,3,3.7706578101533608,384.6916970269381,465.6034658696619,True
baseline_3f,583.0,2,2,3,5,12,3,3.509564824860947,270.6751145283197,439.8704543881136,True
baseline_3f,583.0,3,3,3,5,12,3,2.716823771261685,157.846927297067,462.46808793535496,True
baseline_3f,584.0,1,1,3,5,12,3,3.770657810053048,384.691697018187,465.6034658782392,True
baseline_3f,584.0,2,2,3,5,12,3,3.5095648242994755,270.67511452513696,439.87045433014777,True
baseline_3f,584.0,3,3,3,5,12,3,2.7168237711620233,157.8469273028657,462.4680879320727,True
baseline_3f,585.0,1,1,3,5,12,3,3.7706578099490358,384.6916970103371,465.6034658868163,True
baseline_3f,585.0,2,2,3,5,12,3,3.509564823717906,270.6751145217608,439.87045426955024,True
baseline_3f,585.0,3,3,3,5,12,3,2.716823771045106,157.8469273086642,462.4680879297752,True
baseline_3f,586.0,1,1,3,5,12,3,3.770657809856145,384.69169700203685,465.6034658950357,True
baseline_3f,586.0,2,2,3,5,12,3,3.5095648231338026,270.67511451844916,439.8704542102699,True
baseline_3f,586.0,3,3,3,5,12,3,2.7168237709639804,157.84692731379104,462.46808792846144,True
baseline_3f,587.0,1,1,3,5,12,3,3.7706578097590215,384.6916969932861,465.6034659036127,True
baseline_3f,587.0,2,2,3,5,12,3,3.509564822561957,270.675114515202,439.8704541523045,True
baseline_3f,587.0,3,3,3,5,12,3,2.7168237708528817,157.846927320934,462.4680879241945,True
baseline_3f,588.0,1,1,3,5,12,3,3.770657809662429,384.6916969858865,465.60346591183236,True
baseline_3f,588.0,2,2,3,5,12,3,3.509564821982269,270.67511451182577,439.87045409302283,True
baseline_3f,588.0,3,3,3,5,12,3,2.716823770734519,157.8469273274046,462.4680879218977,True
baseline_3f,589.0,1,1,3,5,12,3,3.7706578095663508,384.6916969775861,465.60346592005175,True
baseline_3f,589.0,2,2,3,5,12,3,3.5095648213962694,270.67511450851407,439.8704540324253,True
baseline_3f,589.0,3,3,3,5,12,3,2.7168237706348575,157.84692733320333,462.4680879186151,True
baseline_3f,590.0,1,1,3,5,12,3,3.770657809462596,384.69169696928554,465.60346592862885,True
baseline_3f,590.0,2,2,3,5,12,3,3.5095648208299437,270.67511450526695,439.87045397314444,True
baseline_3f,590.0,3,3,3,5,12,3,2.7168237705222995,157.84692733900204,462.46808791533283,True
baseline_3f,591.0,1,1,3,5,12,3,3.7706578093710044,384.69169696098544,465.6034659364906,True
baseline_3f,591.0,2,2,3,5,12,3,3.5095648202469274,270.67511450201977,439.8704539125469,True
baseline_3f,591.0,3,3,3,5,12,3,2.7168237704469718,157.8469273434563,462.468087913035,True
baseline_3f,592.0,1,1,3,5,12,3,3.7706578092813,384.69169695268516,465.60346594471,True
baseline_3f,592.0,2,2,3,5,12,3,3.5095648196524394,270.6751144986436,439.8704538532661,True
baseline_3f,592.0,3,3,3,5,12,3,2.71682377035441,157.8469273499271,462.4680879107375,True
baseline_3f,593.0,1,1,3,5,12,3,3.770657809178335,384.6916969452854,465.60346595292947,True
baseline_3f,593.0,2,2,3,5,12,3,3.5095648190935154,270.67511449539643,439.8704537939849,True
baseline_3f,593.0,3,3,3,5,12,3,2.7168237702289484,157.84692735572582,462.46808790745524,True
baseline_3f,594.0,1,1,3,5,12,3,3.7706578090846516,384.6916969360843,465.6034659615066,True
baseline_3f,594.0,2,2,3,5,12,3,3.5095648185020023,270.6751144920848,439.87045373470363,True
baseline_3f,594.0,3,3,3,5,12,3,2.716823770140738,157.84692736219668,462.46808790417265,True
baseline_3f,595.0,1,1,3,5,12,3,3.7706578089915093,384.6916969282344,465.60346596972596,True
baseline_3f,595.0,2,2,3,5,12,3,3.5095648179149137,270.67511448870863,439.87045367542237,True
baseline_3f,595.0,3,3,3,5,12,3,2.716823770035275,157.8469273686675,462.46808790187487,True
baseline_3f,596.0,1,1,3,5,12,3,3.7706578088919844,384.69169692038446,465.6034659779455,True
baseline_3f,596.0,2,2,3,5,12,3,3.5095648173485894,270.67511448546145,439.87045361614156,True
baseline_3f,596.0,3,3,3,5,12,3,2.716823769932698,157.84692737379456,462.46808789957703,True
baseline_3f,597.0,1,1,3,5,12,3,3.7706578087916744,384.6916969116336,465.6034659865225,True
baseline_3f,597.0,2,2,3,5,12,3,3.509564816762589,270.67511448214975,439.8704535555436,True
baseline_3f,597.0,3,3,3,5,12,3,2.716823769833049,157.8469273795926,462.4680878962951,True
baseline_3f,598.0,1,1,3,5,12,3,3.7706578086908484,384.6916969037835,465.6034659950998,True
baseline_3f,598.0,2,2,3,5,12,3,3.509564816182903,270.6751144787736,439.8704534962619,True
baseline_3f,598.0,3,3,3,5,12,3,2.7168237697146873,157.8469273860632,462.4680878939976,True
baseline_3f,599.0,1,1,3,5,12,3,3.770657808603492,384.6916968959337,465.6034660026038,True
baseline_3f,599.0,2,2,3,5,12,3,3.5095648156121486,270.67511447559093,439.8704534369811,True
baseline_3f,599.0,3,3,3,5,12,3,2.7168237696193693,157.84692739186238,462.46808788973067,True
baseline_3f,600.0,1,1,3,5,12,3,3.770657808503181,384.691696887183,465.6034660111808,True
baseline_3f,600.0,2,2,3,5,12,3,3.5095648150384178,270.6751144723438,439.87045337769985,True
baseline_3f,600.0,3,3,3,5,12,3,2.7168237695197113,157.84692739766086,462.46808788644836,True
healthy_maneuver,1.0,1,1,3,5,12,3,3.770657553791448,384.68949994735846,465.60181732805006,True
healthy_maneuver,1.0,2,2,3,5,12,3,3.5094555245284713,270.6750831692796,439.848938263923,True
healthy_maneuver,1.0,3,3,3,5,12,3,2.7168406190515637,157.84492700970068,462.45545621697164,True
healthy_maneuver,2.0,1,1,3,5,12,3,3.7706575541942513,384.68949993062205,465.6018173172746,True
healthy_maneuver,2.0,2,2,3,5,12,3,3.509455524331028,270.6750831707263,439.8489383114016,True
healthy_maneuver,2.0,3,3,3,5,12,3,2.716840619186399,157.8449270668656,462.45545614668316,True
healthy_maneuver,3.0,1,1,3,5,12,3,3.7706575545923076,384.68949991433584,465.60181730685673,True
healthy_maneuver,3.0,2,2,3,5,12,3,3.509455524127634,270.67508317204397,439.8489383588803,True
healthy_maneuver,3.0,3,3,3,5,12,3,2.7168406193125265,157.8449271240306,462.4554560783634,True
healthy_maneuver,4.0,1,1,3,5,12,3,3.7706575549906205,384.6894998975994,465.601817296439,True
healthy_maneuver,4.0,2,2,3,5,12,3,3.5094555239149554,270.6750831733617,439.8489384050432,True
healthy_maneuver,4.0,3,3,3,5,12,3,2.716840619443006,157.84492718119552,462.45545600905945,True
healthy_maneuver,5.0,1,1,3,5,12,3,3.770657555397909,384.6894998808629,465.60181728530586,True
healthy_maneuver,5.0,2,2,3,5,12,3,3.5094555237082234,270.6750831748084,439.8489384512058,True
healthy_maneuver,5.0,3,3,3,5,12,3,2.7168406195921873,157.84492723768838,462.45545593877097,True
healthy_maneuver,6.0,1,1,3,5,12,3,3.7706575557861464,384.6894998650271,465.60181727488805,True
healthy_maneuver,6.0,2,2,3,5,12,3,3.509455523520729,270.6750831761905,439.84893849736864,True
healthy_maneuver,6.0,3,3,3,5,12,3,2.716840619698313,157.84492729418116,462.4554558694669,True
healthy_maneuver,7.0,1,1,3,5,12,3,3.770657556190834,384.6894998482906,465.60181726447024,True
healthy_maneuver,7.0,2,2,3,5,12,3,3.509455523311815,270.6750831775082,439.8489385461631,True
healthy_maneuver,7.0,3,3,3,5,12,3,2.716840619825903,157.84492735269032,462.4554558001629,True
healthy_maneuver,8.0,1,1,3,5,12,3,3.7706575565827736,384.6894998315541,465.60181725405243,True
healthy_maneuver,8.0,2,2,3,5,12,3,3.5094555230953683,270.6750831788259,439.8489385896941,True
healthy_maneuver,8.0,3,3,3,5,12,3,2.7168406199592763,157.84492740851107,462.4554557308588,True
healthy_maneuver,9.0,1,1,3,5,12,3,3.770657556981343,384.68949981436737,465.60181724363457,True
healthy_maneuver,9.0,2,2,3,5,12,3,3.509455522885665,270.6750831802081,439.848938635857,True
healthy_maneuver,9.0,3,3,3,5,12,3,2.716840620094108,157.84492746567602,462.4554556605703,True
healthy_maneuver,10.0,1,1,3,5,12,3,3.770657557379653,384.68949979763084,465.60181723321676,True
healthy_maneuver,10.0,2,2,3,5,12,3,3.5094555226852453,270.6750831815903,439.8489386833356,True
healthy_maneuver,10.0,3,3,3,5,12,3,2.7168406202345823,157.84492752216886,462.4554555922507,True
healthy_maneuver,11.0,1,1,3,5,12,3,3.770657557778757,384.689499781795,465.60181722244135,True
healthy_maneuver,11.0,2,2,3,5,12,3,3.5094555224922312,270.67508318297246,439.84893873081427,True
healthy_maneuver,11.0,3,3,3,5,12,3,2.7168406203421682,157.8449275800059,462.45545552196234,True
healthy_maneuver,12.0,1,1,3,5,12,3,3.7706575581728354,384.6894997646083,465.60181721238115,True
healthy_maneuver,12.0,2,2,3,5,12,3,3.5094555222795503,270.67508318429014,439.84893877697704,True
healthy_maneuver,12.0,3,3,3,5,12,3,2.7168406204826447,157.84492763649874,462.4554554536425,True
healthy_maneuver,13.0,1,1,3,5,12,3,3.770657558576682,384.68949974832213,465.601817201248,True
healthy_maneuver,13.0,2,2,3,5,12,3,3.5094555220802253,270.67508318573687,439.8489388231398,True
healthy_maneuver,13.0,3,3,3,5,12,3,2.71684062060893,157.84492769366364,462.4554553823698,True
healthy_maneuver,14.0,1,1,3,5,12,3,3.7706575589749964,384.6894997315856,465.6018171908303,True
healthy_maneuver,14.0,2,2,3,5,12,3,3.509455521879809,270.675083187119,439.8489388706185,True
healthy_maneuver,14.0,3,3,3,5,12,3,2.7168406207494047,157.84492775015653,462.45545531405,True
healthy_maneuver,15.0,1,1,3,5,12,3,3.770657559376497,384.68949971484915,465.6018171804124,True
healthy_maneuver,15.0,2,2,3,5,12,3,3.5094555216690084,270.6750831884367,439.8489389180971,True
healthy_maneuver,15.0,3,3,3,5,12,3,2.7168406208784392,157.84492780799357,462.455455244746,True
healthy_maneuver,16.0,1,1,3,5,12,3,3.770657559772411,384.6894996990133,465.60181716963694,True
healthy_maneuver,16.0,2,2,3,5,12,3,3.5094555214741106,270.6750831898189,439.84893896425984,True
healthy_maneuver,16.0,3,3,3,5,12,3,2.7168406209974636,157.84492786448644,462.45545517544184,True
healthy_maneuver,17.0,1,1,3,5,12,3,3.7706575601667462,384.6894996813762,465.60181715957674,True
healthy_maneuver,17.0,2,2,3,5,12,3,3.509455521264409,270.67508319120105,439.84893901042255,True
healthy_maneuver,17.0,3,3,3,5,12,3,2.7168406211322984,157.84492792165133,462.4554551051535,True
healthy_maneuver,18.0,1,1,3,5,12,3,3.770657560561614,384.6894996650901,465.601817149159,True
healthy_maneuver,18.0,2,2,3,5,12,3,3.5094555210713922,270.67508319258326,439.84893905790125,True
healthy_maneuver,18.0,3,3,3,5,12,3,2.716840621259872,157.84492797814423,462.4554550368338,True
healthy_maneuver,19.0,1,1,3,5,12,3,3.770657560967605,384.68949964835366,465.60181713838347,True
healthy_maneuver,19.0,2,2,3,5,12,3,3.5094555208635714,270.67508319396546,439.84893910538,True
healthy_maneuver,19.0,3,3,3,5,12,3,2.7168406213932608,157.84492803598127,462.45545496654535,True
healthy_maneuver,20.0,1,1,3,5,12,3,3.770657561365918,384.6894996316172,465.6018171279657,True
healthy_maneuver,20.0,2,2,3,5,12,3,3.509455520638628,270.67508319521863,439.84893915022695,True
healthy_maneuver,20.0,3,3,3,5,12,3,2.7168406215337337,157.84492809247408,462.45545489822575,True
healthy_maneuver,21.0,1,1,3,5,12,3,3.7706575617697626,384.689499615331,465.60181711683254,True
healthy_maneuver,21.0,2,2,3,5,12,3,3.5094555204393023,270.67508319666535,439.84893919638967,True
healthy_maneuver,21.0,3,3,3,5,12,3,2.7168406216600216,157.84492814963903,462.45545482695275,True
healthy_maneuver,22.0,1,1,3,5,12,3,3.7706575621646317,384.68949959904484,465.6018171064148,True
healthy_maneuver,22.0,2,2,3,5,12,3,3.5094555202462883,270.6750831980475,439.8489392438683,True
healthy_maneuver,22.0,3,3,3,5,12,3,2.7168406217875947,157.84492820613187,462.45545475863315,True
healthy_maneuver,23.0,1,1,3,5,12,3,3.7706575625661336,384.6894995823084,465.6018170959969,True
healthy_maneuver,23.0,2,2,3,5,12,3,3.5094555200354924,270.6750831993652,439.84893929134694,True
healthy_maneuver,23.0,3,3,3,5,12,3,2.7168406219166292,157.8449282639689,462.4554546893291,True
healthy_maneuver,24.0,1,1,3,5,12,3,3.7706575629567696,384.68949956557185,465.60181708593683,True
healthy_maneuver,24.0,2,2,3,5,12,3,3.5094555198302113,270.6750832006829,439.84893933750976,True
healthy_maneuver,24.0,3,3,3,5,12,3,2.71684062203421,157.84492832113386,462.4554546200252,True
healthy_maneuver,25.0,1,1,3,5,12,3,3.7706575633598285,384.68949954838513,465.6018170751613,True
healthy_maneuver,25.0,2,2,3,5,12,3,3.5094555196234847,270.67508320212954,439.84893938367253,True
healthy_maneuver,25.0,3,3,3,5,12,3,2.716840622183391,157.84492837762673,462.45545454973654,True
healthy_maneuver,26.0,1,1,3,5,12,3,3.77065756375814,384.68949953164866,465.6018170647435,True
healthy_maneuver,26.0,2,2,3,5,12,3,3.5094555194230685,270.67508320351175,439.8489394311511,True
healthy_maneuver,26.0,3,3,3,5,12,3,2.7168406223138715,157.84492843479168,462.4554544804325,True
healthy_maneuver,27.0,1,1,3,5,12,3,3.770657564157243,384.6894995158128,465.6018170539681,True
healthy_maneuver,27.0,2,2,3,5,12,3,3.509455519230052,270.6750832048939,439.84893947862975,True
healthy_maneuver,27.0,3,3,3,5,12,3,2.7168406224314516,157.8449284919566,462.4554544111285,True
healthy_maneuver,28.0,1,1,3,5,12,3,3.770657564551322,384.689499498626,465.6018170439079,True
healthy_maneuver,28.0,2,2,3,5,12,3,3.5094555190173677,270.67508320621164,439.8489395247925,True
healthy_maneuver,28.0,3,3,3,5,12,3,2.716840622561932,157.84492854912156,462.45545434182446,True
healthy_maneuver,29.0,1,1,3,5,12,3,3.7706575649506795,384.6894994823399,465.60181703313236,True
healthy_maneuver,29.0,2,2,3,5,12,3,3.5094555188028087,270.6750832075293,439.8489395696395,True
healthy_maneuver,29.0,3,3,3,5,12,3,2.716840622693859,157.8449286056144,462.45545427252034,True
healthy_maneuver,30.0,1,1,3,5,12,3,3.7706575653502927,384.6894994656034,465.60181702235695,True
healthy_maneuver,30.0,2,2,3,5,12,3,3.509455518615747,270.6750832090405,439.84893961711816,True
healthy_maneuver,30.0,3,3,3,5,12,3,2.716840622830138,157.84492866210724,462.45545420223186,True
healthy_maneuver,31.0,1,1,3,5,12,3,3.770657565754984,384.68949944886697,465.60181701193915,True
healthy_maneuver,31.0,2,2,3,5,12,3,3.5094555183945686,270.6750832102937,439.8489396645968,True
healthy_maneuver,31.0,3,3,3,5,12,3,2.7168406229677213,157.84492871994428,462.4554541339122,True
healthy_maneuver,32.0,1,1,3,5,12,3,3.7706575661464083,384.6894994330311,465.60181700152134,True
healthy_maneuver,32.0,2,2,3,5,12,3,3.5094555181966944,270.67508321161137,439.8489397107596,True
healthy_maneuver,32.0,3,3,3,5,12,3,2.7168406230723985,157.84492877710923,462.4554540646082,True
healthy_maneuver,33.0,1,1,3,5,12,3,3.7706575665420443,384.68949941539404,465.60181699110353,True
healthy_maneuver,33.0,2,2,3,5,12,3,3.509455517988082,270.67508321305803,439.84893975560647,True
healthy_maneuver,33.0,3,3,3,5,12,3,2.7168406232230256,157.84492883292995,462.4554539943197,True
healthy_maneuver,34.0,1,1,3,5,12,3,3.770657566936913,384.6894993991079,465.60181698068567,True
healthy_maneuver,34.0,2,2,3,5,12,3,3.5094555177950673,270.67508321444024,439.84893980308505,True
healthy_maneuver,34.0,3,3,3,5,12,3,2.716840623340606,157.84492889009488,462.4554539250156,True
healthy_maneuver,35.0,1,1,3,5,12,3,3.7706575673460905,384.68949938237137,465.6018169699102,True
healthy_maneuver,35.0,2,2,3,5,12,3,3.5094555175891298,270.6750832158224,439.8489398518797,True
healthy_maneuver,35.0,3,3,3,5,12,3,2.7168406234825415,157.844928947932,462.45545385571154,True
healthy_maneuver,36.0,1,1,3,5,12,3,3.770657567741215,384.6894993656349,465.6018169594924,True
healthy_maneuver,36.0,2,2,3,5,12,3,3.5094555173745654,270.6750832171401,439.84893989672656,True
healthy_maneuver,36.0,3,3,3,5,12,3,2.7168406236144693,157.8449290044248,462.45545378640753,True
healthy_maneuver,37.0,1,1,3,5,12,3,3.7706575681405705,384.6894993493487,465.601816948717,True
healthy_maneuver,37.0,2,2,3,5,12,3,3.5094555171722632,270.6750832185223,439.8489399428893,True
healthy_maneuver,37.0,3,3,3,5,12,3,2.7168406237463967,157.84492906091765,462.4554537171036,True
healthy_maneuver,38.0,1,1,3,5,12,3,3.7706575685399315,384.6894993330626,465.6018169379415,True
healthy_maneuver,38.0,2,2,3,5,12,3,3.5094555169822272,270.67508321996894,439.84893999036797,True
healthy_maneuver,38.0,3,3,3,5,12,3,2.716840623868329,157.8449291180826,462.45545364681504,True
healthy_maneuver,39.0,1,1,3,5,12,3,3.770657568933758,384.68949931632613,465.6018169278814,True
healthy_maneuver,39.0,2,2,3,5,12,3,3.5094555167788304,270.6750832212866,439.84894003784655,True
healthy_maneuver,39.0,3,3,3,5,12,3,2.7168406239944565,157.84492917524753,462.4554535784954,True
healthy_maneuver,40.0,1,1,3,5,12,3,3.770657569332067,384.68949929958967,465.60181691746357,True
healthy_maneuver,40.0,2,2,3,5,12,3,3.509455516566151,270.6750832226043,439.8489400840094,True
healthy_maneuver,40.0,3,3,3,5,12,3,2.716840624124938,157.84492923241248,462.4554535091914,True
healthy_maneuver,41.0,1,1,3,5,12,3,3.7706575697351252,384.6894992824029,465.60181690668804,True
healthy_maneuver,41.0,2,2,3,5,12,3,3.50945551634716,270.6750832239865,439.8489401288564,True
healthy_maneuver,41.0,3,3,3,5,12,3,2.7168406242641248,157.8449292895774,462.45545343791844,True
healthy_maneuver,42.0,1,1,3,5,12,3,3.7706575701299925,384.68949926611674,465.60181689627024,True
healthy_maneuver,42.0,2,2,3,5,12,3,3.509455516166408,270.6750832254332,439.84894017765083,True
healthy_maneuver,42.0,3,3,3,5,12,3,2.716840624391699,157.84492934607024,462.4554533695988,True
healthy_maneuver,43.0,1,1,3,5,12,3,3.7706575705280514,384.6894992498306,465.6018168858524,True
healthy_maneuver,43.0,2,2,3,5,12,3,3.509455515950753,270.67508322668635,439.8489402238136,True
healthy_maneuver,43.0,3,3,3,5,12,3,2.716840624507833,157.84492940390732,462.4554533002947,True
healthy_maneuver,44.0,1,1,3,5,12,3,3.770657570923176,384.6894992330941,465.60181687543457,True
healthy_maneuver,44.0,2,2,3,5,12,3,3.5094555157484484,270.67508322806856,439.84894026997625,True
healthy_maneuver,44.0,3,3,3,5,12,3,2.7168406246397585,157.84492946040015,462.4554532309907,True
healthy_maneuver,45.0,1,1,3,5,12,3,3.7706575713259776,384.68949921635766,465.60181686465916,True
healthy_maneuver,45.0,2,2,3,5,12,3,3.509455515538746,270.67508322945076,439.8489403161392,True
healthy_maneuver,45.0,3,3,3,5,12,3,2.7168406247745933,157.8449295175651,462.4554531607023,True
healthy_maneuver,46.0,1,1,3,5,12,3,3.7706575717287776,384.68949919962114,465.6018168538837,True
healthy_maneuver,46.0,2,2,3,5,12,3,3.5094555153413007,270.6750832308974,439.84894036361766,True
healthy_maneuver,46.0,3,3,3,5,12,3,2.7168406249194197,157.84492957405797,462.4554530913981,True
healthy_maneuver,47.0,1,1,3,5,12,3,3.7706575721268365,384.68949918333504,465.6018168434658,True
healthy_maneuver,47.0,2,2,3,5,12,3,3.5094555151379065,270.6750832322151,439.8489404110965,True
healthy_maneuver,47.0,3,3,3,5,12,3,2.716840625035556,157.844929631895,462.4554530220941,True
healthy_maneuver,48.0,1,1,3,5,12,3,3.770657572521705,384.6894991670489,465.6018168330481,True
healthy_maneuver,48.0,2,2,3,5,12,3,3.5094555149326325,270.6750832335328,439.84894045725923,True
healthy_maneuver,48.0,3,3,3,5,12,3,2.716840625163127,157.84492968838785,462.45545295377445,True
healthy_maneuver,49.0,1,1,3,5,12,3,3.770657572917087,384.6894991498621,465.6018168226302,True
healthy_maneuver,49.0,2,2,3,5,12,3,3.509455514733306,270.67508323497947,439.84894050342183,True
healthy_maneuver,49.0,3,3,3,5,12,3,2.716840625289415,157.84492974555278,462.4554528825016,True
healthy_maneuver,50.0,1,1,3,5,12,3,3.770657573315398,384.6894991331256,465.60181681221246,True
healthy_maneuver,50.0,2,2,3,5,12,3,3.5094555145328874,270.6750832363617,439.8489405509006,True
healthy_maneuver,50.0,3,3,3,5,12,3,2.71684062542989,157.84492980204558,462.455452814182,True
healthy_maneuver,51.0,1,1,3,5,12,3,3.7706575737168992,384.6894991163892,465.6018168017946,True
healthy_maneuver,51.0,2,2,3,5,12,3,3.509455514322091,270.67508323767936,439.84894059837933,True
healthy_maneuver,51.0,3,3,3,5,12,3,2.7168406255589237,157.84492985988274,462.45545274487785,True
healthy_maneuver,52.0,1,1,3,5,12,3,3.7706575741162576,384.68949910010303,465.6018167910192,True
healthy_maneuver,52.0,2,2,3,5,12,3,3.509455514107526,270.67508323899705,439.84894064322623,True
healthy_maneuver,52.0,3,3,3,5,12,3,2.7168406256908497,157.84492991637552,462.45545267557384,True
healthy_maneuver,53.0,1,1,3,5,12,3,3.7706575745190594,384.6894990833665,465.6018167802437,True
healthy_maneuver,53.0,2,2,3,5,12,3,3.509455513897821,270.67508324037925,439.84894068938894,True
healthy_maneuver,53.0,3,3,3,5,12,3,2.716840625825684,157.84492997354047,462.4554526052854,True
healthy_maneuver,54.0,1,1,3,5,12,3,3.7706575749149747,384.6894990675307,465.60181676946826,True
healthy_maneuver,54.0,2,2,3,5,12,3,3.5094555137151846,270.6750832418259,439.8489407368676,True
healthy_maneuver,54.0,3,3,3,5,12,3,2.716840625944711,157.8449300300333,462.45545253598124,True
healthy_maneuver,55.0,1,1,3,5,12,3,3.770657575312243,384.6894990503439,465.60181675940805,True
healthy_maneuver,55.0,2,2,3,5,12,3,3.5094555135043892,270.6750832431436,439.8489407843464,True
healthy_maneuver,55.0,3,3,3,5,12,3,2.7168406260737443,157.84493008787044,462.4554524666772,True
healthy_maneuver,56.0,1,1,3,5,12,3,3.7706575757105556,384.68949903360743,465.60181674899025,True
healthy_maneuver,56.0,2,2,3,5,12,3,3.5094555132917082,270.6750832444613,439.84894083050904,True
healthy_maneuver,56.0,3,3,3,5,12,3,2.7168406262142195,157.84493014436325,462.4554523983575,True
healthy_maneuver,57.0,1,1,3,5,12,3,3.7706575761101675,384.689499016871,465.6018167382148,True
healthy_maneuver,57.0,2,2,3,5,12,3,3.509455513092384,270.67508324590796,439.84894087667186,True
healthy_maneuver,57.0,3,3,3,5,12,3,2.716840626340506,157.8449302015282,462.45545232708463,True
healthy_maneuver,58.0,1,1,3,5,12,3,3.770657576505292,384.6894990001345,465.601816727797,True
healthy_maneuver,58.0,2,2,3,5,12,3,3.509455512890082,270.67508324729016,439.84894092283446,True
healthy_maneuver,58.0,3,3,3,5,12,3,2.716840626472435,157.84493025802098,462.4554522577806,True
healthy_maneuver,59.0,1,1,3,5,12,3,3.77065757690654,384.6894989838484,465.60181671737917,True
healthy_maneuver,59.0,2,2,3,5,12,3,3.5094555126885734,270.67508324860785,439.8489409716292,True
healthy_maneuver,59.0,3,3,3,5,12,3,2.716840626597113,157.84493031585814,462.45545218946097,True
healthy_maneuver,60.0,1,1,3,5,12,3,3.770657577298474,384.6894989671119,465.60181670696136,True
healthy_maneuver,60.0,2,2,3,5,12,3,3.5094555124843874,270.67508324999005,439.84894101647603,True
healthy_maneuver,60.0,3,3,3,5,12,3,2.7168406267204928,157.84493037235086,462.45545211917266,True
healthy_maneuver,61.0,1,1,3,5,12,3,3.770657577701275,384.6894989503754,465.6018166961859,True
healthy_maneuver,61.0,2,2,3,5,12,3,3.5094555122746836,270.6750832513722,439.84894106263886,True
healthy_maneuver,61.0,3,3,3,5,12,3,2.7168406268653227,157.8449304288437,462.4554520498685,True
healthy_maneuver,62.0,1,1,3,5,12,3,3.7706575780995903,384.68949893363896,465.6018166857681,True
healthy_maneuver,62.0,2,2,3,5,12,3,3.509455512074264,270.6750832527544,439.8489411101174,True
healthy_maneuver,62.0,3,3,3,5,12,3,2.7168406269958036,157.84493048600868,462.4554519805644,True
healthy_maneuver,63.0,1,1,3,5,12,3,3.770657578502133,384.68949891735286,465.6018166749926,True
healthy_maneuver,63.0,2,2,3,5,12,3,3.5094555118738464,270.67508325413655,439.8489411575962,True
healthy_maneuver,63.0,3,3,3,5,12,3,2.716840627126282,157.8449305431736,462.4554519112605,True
healthy_maneuver,64.0,1,1,3,5,12,3,3.7706575788970045,384.68949890106666,465.6018166645748,True
healthy_maneuver,64.0,2,2,3,5,12,3,3.5094555116563044,270.6750832553898,439.84894120244286,True
healthy_maneuver,64.0,3,3,3,5,12,3,2.7168406272438603,157.84493060033859,462.45545184195623,True
healthy_maneuver,65.0,1,1,3,5,12,3,3.7706575792923824,384.6894988838799,465.60181665415695,True
healthy_maneuver,65.0,2,2,3,5,12,3,3.509455511456982,270.67508325683644,439.84894124860574,True
healthy_maneuver,65.0,3,3,3,5,12,3,2.7168406273801433,157.84493065683142,462.4554517716677,True
healthy_maneuver,66.0,1,1,3,5,12,3,3.770657579690696,384.6894988671434,465.60181664373914,True
healthy_maneuver,66.0,2,2,3,5,12,3,3.5094555112565633,270.67508325821865,439.8489412960845,True
healthy_maneuver,66.0,3,3,3,5,12,3,2.7168406275106243,157.84493071399635,462.4554517023638,True
healthy_maneuver,67.0,1,1,3,5,12,3,3.7706575800921964,384.68949885040695,465.60181663332133,True
healthy_maneuver,67.0,2,2,3,5,12,3,3.5094555110457666,270.6750832595363,439.84894134356307,True
healthy_maneuver,67.0,3,3,3,5,12,3,2.7168406276496513,157.84493077116136,462.45545163404415,True
healthy_maneuver,68.0,1,1,3,5,12,3,3.770657580487065,384.68949883412074,465.6018166229035,True
healthy_maneuver,68.0,2,2,3,5,12,3,3.509455510840488,270.675083260854,439.8489413897258,True
healthy_maneuver,68.0,3,3,3,5,12,3,2.716840627767233,157.84493082832626,462.4554515647401,True
healthy_maneuver,69.0,1,1,3,5,12,3,3.7706575808943574,384.6894988173842,465.60181661177046,True
healthy_maneuver,69.0,2,2,3,5,12,3,3.50945551063376,270.6750832623007,439.84894143588866,True
healthy_maneuver,69.0,3,3,3,5,12,3,2.716840627916414,157.84493088481906,462.45545149445167,True
healthy_maneuver,70.0,1,1,3,5,12,3,3.770657581285782,384.68949880154844,465.60181660135265,True
healthy_maneuver,70.0,2,2,3,5,12,3,3.5094555104481495,270.6750832636829,439.8489414833673,True
healthy_maneuver,70.0,3,3,3,5,12,3,2.7168406280210924,157.84493094198407,462.4554514251476,True
healthy_maneuver,71.0,1,1,3,5,12,3,3.77065758168754,384.68949878436166,465.6018165909348,True
healthy_maneuver,71.0,2,2,3,5,12,3,3.509455510240328,270.67508326506504,439.848941530846,True
healthy_maneuver,71.0,3,3,3,5,12,3,2.7168406281644737,157.84493099914906,462.4554513558435,True
healthy_maneuver,72.0,1,1,3,5,12,3,3.7706575820858523,384.68949876762525,465.601816580517,True
healthy_maneuver,72.0,2,2,3,5,12,3,3.5094555100276468,270.6750832663827,439.8489415770087,True
healthy_maneuver,72.0,3,3,3,5,12,3,2.7168406282949547,157.84493105631392,462.45545128653947,True
healthy_maneuver,73.0,1,1,3,5,12,3,3.7706575824854647,384.68949875088873,465.6018165697415,True
healthy_maneuver,73.0,2,2,3,5,12,3,3.509455509828323,270.67508326782945,439.8489416231715,True
healthy_maneuver,73.0,3,3,3,5,12,3,2.7168406284312354,157.84493111280676,462.455451216251,True
healthy_maneuver,74.0,1,1,3,5,12,3,3.7706575828837763,384.6894987341523,465.6018165593237,True
healthy_maneuver,74.0,2,2,3,5,12,3,3.5094555096279016,270.6750832692116,439.84894167065005,True
healthy_maneuver,74.0,3,3,3,5,12,3,2.7168406285617137,157.8449311699717,462.455451146947,True
healthy_maneuver,75.0,1,1,3,5,12,3,3.7706575832783913,384.6894987183165,465.6018165489059,True
healthy_maneuver,75.0,2,2,3,5,12,3,3.5094555094196487,270.6750832704648,439.84894171681293,True
healthy_maneuver,75.0,3,3,3,5,12,3,2.7168406286649462,157.84493122780887,462.4554510776428,True
healthy_maneuver,76.0,1,1,3,5,12,3,3.7706575836724707,384.6894987011297,465.6018165388457,True
healthy_maneuver,76.0,2,2,3,5,12,3,3.5094555092069677,270.6750832717825,439.8489417629757,True
healthy_maneuver,76.0,3,3,3,5,12,3,2.7168406288054214,157.84493128430168,462.45545100932316,True
healthy_maneuver,77.0,1,1,3,5,12,3,3.7706575840797627,384.68949868439313,465.6018165277126,True
healthy_maneuver,77.0,2,2,3,5,12,3,3.509455509000239,270.6750832732292,439.84894180913835,True
healthy_maneuver,77.0,3,3,3,5,12,3,2.716840628944611,157.84493134146658,462.4554509380503,True
healthy_maneuver,78.0,1,1,3,5,12,3,3.7706575844746304,384.68949866810703,465.6018165172948,True
healthy_maneuver,78.0,2,2,3,5,12,3,3.5094555088072235,270.6750832746113,439.8489418566171,True
healthy_maneuver,78.0,3,3,3,5,12,3,2.7168406290721836,157.8449313979594,462.45545086973084,True
healthy_maneuver,79.0,1,1,3,5,12,3,3.770657584880621,384.68949865137057,465.6018165065193,True
healthy_maneuver,79.0,2,2,3,5,12,3,3.509455508599403,270.67508327599353,439.84894190409557,True
healthy_maneuver,79.0,3,3,3,5,12,3,2.7168406292055725,157.84493145579643,462.45545079944225,True
healthy_maneuver,80.0,1,1,3,5,12,3,3.770657585272045,384.68949863553473,465.60181649610155,True
healthy_maneuver,80.0,2,2,3,5,12,3,3.509455508401532,270.6750832773112,439.8489419502587,True
healthy_maneuver,80.0,3,3,3,5,12,3,2.7168406293202447,157.84493151228935,462.4554507311226,True
healthy_maneuver,81.0,1,1,3,5,12,3,3.7706575856663807,384.6894986178977,465.60181648604134,True
healthy_maneuver,81.0,2,2,3,5,12,3,3.509455508191824,270.6750832786934,439.84894199642133,True
healthy_maneuver,81.0,3,3,3,5,12,3,2.7168406294550773,157.84493156945436,462.4554506608341,True
healthy_maneuver,82.0,1,1,3,5,12,3,3.770657586065996,384.68949860116123,465.6018164752658,True
healthy_maneuver,82.0,2,2,3,5,12,3,3.5094555079924983,270.6750832801401,439.8489420425841,True
healthy_maneuver,82.0,3,3,3,5,12,3,2.7168406296013523,157.84493162527502,462.45545059153,True
healthy_maneuver,83.0,1,1,3,5,12,3,3.7706575864672405,384.689498584875,465.60181646484807,True
healthy_maneuver,83.0,2,2,3,5,12,3,3.5094555077909875,270.6750832814578,439.84894209137855,True
healthy_maneuver,83.0,3,3,3,5,12,3,2.71684062971604,157.84493168378418,462.455450522226,True
healthy_maneuver,84.0,1,1,3,5,12,3,3.7706575868655534,384.6894985681386,465.60181645443026,True
healthy_maneuver,84.0,2,2,3,5,12,3,3.5094555075783083,270.67508328277546,439.8489421375413,True
healthy_maneuver,84.0,3,3,3,5,12,3,2.716840629856512,157.84493174027708,462.4554504539064,True
healthy_maneuver,85.0,1,1,3,5,12,3,3.770657587269653,384.68949855140204,465.6018164432972,True
healthy_maneuver,85.0,2,2,3,5,12,3,3.5094555073574347,270.67508328415767,439.84894218107246,True
healthy_maneuver,85.0,3,3,3,5,12,3,2.7168406299971477,157.84493179676977,462.45545038263367,True
healthy_maneuver,86.0,1,1,3,5,12,3,3.770657587661079,384.68949853556626,465.60181643287933,True
healthy_maneuver,86.0,2,2,3,5,12,3,3.509455507184086,270.67508328560433,439.848942229867,True
healthy_maneuver,86.0,3,3,3,5,12,3,2.7168406301118195,157.84493185326272,462.4554503143138,True
healthy_maneuver,87.0,1,1,3,5,12,3,3.770657588058349,384.6894985183795,465.60181642281924,True
healthy_maneuver,87.0,2,2,3,5,12,3,3.509455506961024,270.6750832868575,439.8489422760295,True
healthy_maneuver,87.0,3,3,3,5,12,3,2.716840630240856,157.84493191109976,462.45545024500984,True
healthy_maneuver,88.0,1,1,3,5,12,3,3.770657588457707,384.68949850209333,465.6018164120437,True
healthy_maneuver,88.0,2,2,3,5,12,3,3.5094555067587248,270.6750832882397,439.84894232219267,True
healthy_maneuver,88.0,3,3,3,5,12,3,2.7168406303727823,157.84493196759263,462.4554501757058,True
healthy_maneuver,89.0,1,1,3,5,12,3,3.7706575888562743,384.6894984849065,465.6018164016259,True
healthy_maneuver,89.0,2,2,3,5,12,3,3.509455506549022,270.6750832896219,439.8489423683556,True
healthy_maneuver,89.0,3,3,3,5,12,3,2.716840630507616,157.84493202475764,462.45545010541724,True
healthy_maneuver,90.0,1,1,3,5,12,3,3.770657589259077,384.68949846817003,465.60181639085044,True
healthy_maneuver,90.0,2,2,3,5,12,3,3.5094555063515784,270.6750832910686,439.8489424158339,True
healthy_maneuver,90.0,3,3,3,5,12,3,2.7168406306524435,157.84493208125036,462.45545003611323,True
healthy_maneuver,91.0,1,1,3,5,12,3,3.7706575896536885,384.68949845233425,465.60181638043264,True
healthy_maneuver,91.0,2,2,3,5,12,3,3.5094555061555877,270.67508329238626,439.84894246331277,True
healthy_maneuver,91.0,3,3,3,5,12,3,2.7168406307556756,157.84493213908752,462.4554499668091,True
healthy_maneuver,92.0,1,1,3,5,12,3,3.7706575900477697,384.68949843514736,465.6018163703725,True
healthy_maneuver,92.0,2,2,3,5,12,3,3.5094555059429045,270.67508329370395,439.84894250947525,True
healthy_maneuver,92.0,3,3,3,5,12,3,2.716840630886158,157.84493219625242,462.45544989750505,True
healthy_maneuver,93.0,1,1,3,5,12,3,3.7706575904550608,384.68949841841095,465.60181635923936,True
healthy_maneuver,93.0,2,2,3,5,12,3,3.5094555057361756,270.6750832951506,439.8489425556382,True
healthy_maneuver,93.0,3,3,3,5,12,3,2.7168406310353377,157.84493225274525,462.4554498272166,True
healthy_maneuver,94.0,1,1,3,5,12,3,3.770657590849929,384.68949840212474,465.6018163488215,True
healthy_maneuver,94.0,2,2,3,5,12,3,3.509455505543162,270.6750832965328,439.84894260311677,True
healthy_maneuver,94.0,3,3,3,5,12,3,2.7168406311529196,157.8449323099102,462.4554497579126,True
healthy_maneuver,95.0,1,1,3,5,12,3,3.7706575912514326,384.6894983853883,465.60181633840375,True
healthy_maneuver,95.0,2,2,3,5,12,3,3.509455505332365,270.6750832978505,439.8489426505954,True
healthy_maneuver,95.0,3,3,3,5,12,3,2.716840631291948,157.8449323670751,462.4554496895929,True
healthy_maneuver,96.0,1,1,3,5,12,3,3.770657591647343,384.68949836955255,465.6018163276283,True
healthy_maneuver,96.0,2,2,3,5,12,3,3.509455505137468,270.6750832992327,439.84894269675823,True
healthy_maneuver,96.0,3,3,3,5,12,3,2.716840631400978,157.84493242424017,462.4554496193044,True
healthy_maneuver,97.0,1,1,3,5,12,3,3.7706575920416796,384.6894983519155,465.601816317568,True
healthy_maneuver,97.0,2,2,3,5,12,3,3.509455504915499,270.67508330055034,439.8489427416049,True
healthy_maneuver,97.0,3,3,3,5,12,3,2.716840631545806,157.844932480733,462.4554495500003,True
healthy_maneuver,98.0,1,1,3,5,12,3,3.770657592444479,384.689498335179,465.6018163067926,True
healthy_maneuver,98.0,2,2,3,5,12,3,3.509455504718059,270.67508330199706,439.8489427890838,True
healthy_maneuver,98.0,3,3,3,5,12,3,2.7168406316806393,157.8449325378979,462.45544947971194,True
healthy_maneuver,99.0,1,1,3,5,12,3,3.7706575928425368,384.68949831889284,465.60181629637475,True
healthy_maneuver,99.0,2,2,3,5,12,3,3.509455504514664,270.67508330331475,439.84894283656246,True
healthy_maneuver,99.0,3,3,3,5,12,3,2.716840631806767,157.84493259506291,462.4554494113922,True
healthy_maneuver,100.0,1,1,3,5,12,3,3.7706575932408506,384.6894983021563,465.60181628595706,True
healthy_maneuver,100.0,2,2,3,5,12,3,3.5094555043019837,270.67508330463244,439.84894288272505,True
healthy_maneuver,100.0,3,3,3,5,12,3,2.716840631937251,157.84493265222775,462.4554493420883,True
healthy_maneuver,101.0,1,1,3,5,12,3,3.7706575936481412,384.6894982854199,465.6018162748239,True
healthy_maneuver,101.0,2,2,3,5,12,3,3.509455504095255,270.6750833060791,439.8489429288881,True
healthy_maneuver,101.0,3,3,3,5,12,3,2.7168406320864293,157.84493270872065,462.4554492717998,True
healthy_maneuver,102.0,1,1,3,5,12,3,3.7706575940395646,384.689498269584,465.60181626440607,True
healthy_maneuver,102.0,2,2,3,5,12,3,3.5094555039096416,270.6750833074613,439.84894297636663,True
healthy_maneuver,102.0,3,3,3,5,12,3,2.71684063219111,157.84493276588566,462.45544920249563,True
healthy_maneuver,103.0,1,1,3,5,12,3,3.7706575944368335,384.68949825239724,465.6018162543459,True
healthy_maneuver,103.0,2,2,3,5,12,3,3.5094555036988457,270.675083308779,439.8489430238453,True
healthy_maneuver,103.0,3,3,3,5,12,3,2.7168406323301357,157.8449328230505,462.45544913417615,True
healthy_maneuver,104.0,1,1,3,5,12,3,3.7706575948361936,384.6894982361111,465.60181624357045,True
healthy_maneuver,104.0,2,2,3,5,12,3,3.509455503496542,270.67508331016114,439.84894307000786,True
healthy_maneuver,104.0,3,3,3,5,12,3,2.716840632452072,157.8449328802155,462.45544906388756,True
healthy_maneuver,105.0,1,1,3,5,12,3,3.7706575952347623,384.6894982189243,465.6018162331526,True
healthy_maneuver,105.0,2,2,3,5,12,3,3.50945550328684,270.67508331154335,439.84894311617063,True
healthy_maneuver,105.0,3,3,3,5,12,3,2.7168406325968975,157.84493293670835,462.4554489945833,True
healthy_maneuver,106.0,1,1,3,5,12,3,3.770657595633073,384.68949820218785,465.60181622273484,True
healthy_maneuver,106.0,2,2,3,5,12,3,3.5094555030864205,270.6750833129255,439.8489431636494,True
healthy_maneuver,106.0,3,3,3,5,12,3,2.716840632727378,157.84493299387336,462.45544892527954,True
healthy_maneuver,107.0,1,1,3,5,12,3,3.770657596027944,384.68949818590164,465.6018162123169,True
healthy_maneuver,107.0,2,2,3,5,12,3,3.5094555028934056,270.6750833143077,439.848943211128,True
healthy_maneuver,107.0,3,3,3,5,12,3,2.7168406328449617,157.84493305103837,462.4554488559752,True
healthy_maneuver,108.0,1,1,3,5,12,3,3.7706575964262568,384.6894981691651,465.6018162018992,True
healthy_maneuver,108.0,2,2,3,5,12,3,3.509455502668463,270.6750833155609,439.848943255975,True
healthy_maneuver,108.0,3,3,3,5,12,3,2.7168406329754444,157.84493310820307,462.45544878667147,True
healthy_maneuver,109.0,1,1,3,5,12,3,3.7706575968269145,384.68949815287914,465.601816190766,True
healthy_maneuver,109.0,2,2,3,5,12,3,3.5094555024672562,270.6750833170076,439.84894330082193,True
healthy_maneuver,109.0,3,3,3,5,12,3,2.7168406331031756,157.844933164696,462.4554487153984,True
healthy_maneuver,110.0,1,1,3,5,12,3,3.7706575972252274,384.6894981361427,465.6018161803482,True
healthy_maneuver,110.0,2,2,3,5,12,3,3.509455502266837,270.6750833183898,439.8489433483006,True
healthy_maneuver,110.0,3,3,3,5,12,3,2.7168406332436463,157.8449332211889,462.45544864707875,True
healthy_maneuver,111.0,1,1,3,5,12,3,3.7706575976299166,384.68949811940615,465.60181616993043,True
healthy_maneuver,111.0,2,2,3,5,12,3,3.5094555020579237,270.6750833197075,439.8489433970951,True
healthy_maneuver,111.0,3,3,3,5,12,3,2.716840633371234,157.84493327969804,462.4554485777747,True
healthy_maneuver,112.0,1,1,3,5,12,3,3.77065759802264,384.6894981035703,465.60181615915496,True
healthy_maneuver,112.0,2,2,3,5,12,3,3.509455501861144,270.6750833210897,439.8489434419422,True
healthy_maneuver,112.0,3,3,3,5,12,3,2.716840633491707,157.84493333551885,462.4554485084706,True
healthy_maneuver,113.0,1,1,3,5,12,3,3.770657598416977,384.68949808593317,465.6018161490948,True
healthy_maneuver,113.0,2,2,3,5,12,3,3.5094555016514364,270.67508332247183,439.84894348810474,True
healthy_maneuver,113.0,3,3,3,5,12,3,2.7168406336265436,157.84493339268369,462.4554484381824,True
healthy_maneuver,114.0,1,1,3,5,12,3,3.7706575988118454,384.689498069647,465.601816138677,True
healthy_maneuver,114.0,2,2,3,5,12,3,3.5094555014584246,270.67508332385404,439.84894353558354,True
healthy_maneuver,114.0,3,3,3,5,12,3,2.7168406337541167,157.84493344917655,462.4554483698626,True
healthy_maneuver,115.0,1,1,3,5,12,3,3.7706575992178366,384.6894980529105,465.60181612790154,True
healthy_maneuver,115.0,2,2,3,5,12,3,3.5094555012506006,270.6750833252362,439.84894358306207,True
healthy_maneuver,115.0,3,3,3,5,12,3,2.7168406338875055,157.84493350701365,462.45544829957413,True
healthy_maneuver,116.0,1,1,3,5,12,3,3.770657599616148,384.6894980361742,465.6018161174837,True
healthy_maneuver,116.0,2,2,3,5,12,3,3.5094555010379205,270.6750833265539,439.8489436292248,True
healthy_maneuver,116.0,3,3,3,5,12,3,2.7168406340279763,157.8449335635065,462.4554482312544,True
healthy_maneuver,117.0,1,1,3,5,12,3,3.770657600019995,384.68949801988794,465.6018161063506,True
healthy_maneuver,117.0,2,2,3,5,12,3,3.509455500838595,270.6750833280006,439.8489436753875,True
healthy_maneuver,117.0,3,3,3,5,12,3,2.7168406341542646,157.84493362067138,462.45544815998153,True
healthy_maneuver,118.0,1,1,3,5,12,3,3.770657600414864,384.68949800360184,465.6018160959328,True
healthy_maneuver,118.0,2,2,3,5,12,3,3.5094555006455823,270.67508332938274,439.84894372286647,True
healthy_maneuver,118.0,3,3,3,5,12,3,2.7168406342818394,157.8449336771643,462.45544809166205,True
healthy_maneuver,119.0,1,1,3,5,12,3,3.77065760080869,384.68949798686543,465.6018160858726,True
healthy_maneuver,119.0,2,2,3,5,12,3,3.509455500442186,270.67508333070043,439.8489437703448,True
healthy_maneuver,119.0,3,3,3,5,12,3,2.7168406343979705,157.84493373500135,462.45544802235787,True
healthy_maneuver,120.0,1,1,3,5,12,3,3.770657601207003,384.68949797012897,465.6018160754548,True
healthy_maneuver,120.0,2,2,3,5,12,3,3.5094555002172423,270.67508333195366,439.8489438151918,True
healthy_maneuver,120.0,3,3,3,5,12,3,2.7168406345384435,157.84493379149427,462.4554479540381,True
healthy_maneuver,121.0,1,1,3,5,12,3,3.7706576016100577,384.6894979529421,465.6018160646794,True
healthy_maneuver,121.0,2,2,3,5,12,3,3.5094555000105125,270.6750833334003,439.8489438613546,True
healthy_maneuver,121.0,3,3,3,5,12,3,2.716840634677632,157.8449338486592,462.45544788276527,True
healthy_maneuver,122.0,1,1,3,5,12,3,3.770657602004925,384.689497936656,465.6018160542615,True
healthy_maneuver,122.0,2,2,3,5,12,3,3.5094554998175003,270.67508333478247,439.8489439088331,True
healthy_maneuver,122.0,3,3,3,5,12,3,2.7168406348052074,157.844933905152,462.4554478144456,True
healthy_maneuver,123.0,1,1,3,5,12,3,3.770657602403242,384.6894979199195,465.6018160438437,True
healthy_maneuver,123.0,2,2,3,5,12,3,3.5094554996170793,270.6750833361647,439.84894395631176,True
healthy_maneuver,123.0,3,3,3,5,12,3,2.7168406349256964,157.844933962989,462.45544774415725,True
healthy_maneuver,124.0,1,1,3,5,12,3,3.7706576027981105,384.6894979036333,465.6018160334259,True
healthy_maneuver,124.0,2,2,3,5,12,3,3.509455499411804,270.67508333748236,439.8489440024748,True
healthy_maneuver,124.0,3,3,3,5,12,3,2.716840635053269,157.8449340194819,462.45544767583766,True
healthy_maneuver,125.0,1,1,3,5,12,3,3.770657603200911,384.68949788689685,465.60181602265044,True
healthy_maneuver,125.0,2,2,3,5,12,3,3.509455499202097,270.67508333886457,439.8489440486373,True
healthy_maneuver,125.0,3,3,3,5,12,3,2.716840635188103,157.84493407664687,462.4554476055491,True
healthy_maneuver,126.0,1,1,3,5,12,3,3.7706576036037136,384.6894978701603,465.60181601187503,True
healthy_maneuver,126.0,2,2,3,5,12,3,3.5094554990046607,270.67508334031123,439.84894409611616,True
healthy_maneuver,126.0,3,3,3,5,12,3,2.716840635322936,157.8449341338118,462.45544753526065,True
healthy_maneuver,127.0,1,1,3,5,12,3,3.7706576040017703,384.6894978538743,465.6018160014571,True
healthy_maneuver,127.0,2,2,3,5,12,3,3.5094554988012647,270.6750833416289,439.84894414359474,True
healthy_maneuver,127.0,3,3,3,5,12,3,2.7168406354490635,157.84493419097686,462.4554474669409,True
healthy_maneuver,128.0,1,1,3,5,12,3,3.77065760439664,384.6894978375881,465.60181599103936,True
healthy_maneuver,128.0,2,2,3,5,12,3,3.509455498595988,270.6750833429466,439.8489441897576,True
healthy_maneuver,128.0,3,3,3,5,12,3,2.7168406355666463,157.8449342481417,462.45544739763693,True
healthy_maneuver,129.0,1,1,3,5,12,3,3.770657604795464,384.689497819951,465.60181598062155,True
healthy_maneuver,129.0,2,2,3,5,12,3,3.5094554983892565,270.6750833443933,439.84894423592044,True
healthy_maneuver,129.0,3,3,3,5,12,3,2.716840635715825,157.84493430463462,462.4554473273485,True
healthy_maneuver,130.0,1,1,3,5,12,3,3.7706576051903324,384.68949780366484,465.6018159702037,True
healthy_maneuver,130.0,2,2,3,5,12,3,3.509455498196244,270.6750833457755,439.84894428339896,True
healthy_maneuver,130.0,3,3,3,5,12,3,2.716840635833406,157.84493436179952,462.45544725804433,True
healthy_maneuver,131.0,1,1,3,5,12,3,3.770657605591834,384.6894977869284,465.6018159597858,True
healthy_maneuver,131.0,2,2,3,5,12,3,3.5094554979731827,270.6750833470287,439.8489443295618,True
healthy_maneuver,131.0,3,3,3,5,12,3,2.716840635972432,157.8449344189645,462.45544718972457,True
healthy_maneuver,132.0,1,1,3,5,12,3,3.7706576059946344,384.68949777019185,465.6018159490105,True
healthy_maneuver,132.0,2,2,3,5,12,3,3.509455497763476,270.67508334841085,439.8489443757245,True
healthy_maneuver,132.0,3,3,3,5,12,3,2.716840636107266,157.8449344761294,462.4554471194363,True
healthy_maneuver,133.0,1,1,3,5,12,3,3.7706576063939936,384.68949775390564,465.60181593823495,True
healthy_maneuver,133.0,2,2,3,5,12,3,3.5094554975611754,270.67508334979306,439.8489444218873,True
healthy_maneuver,133.0,3,3,3,5,12,3,2.7168406362391972,157.84493453262226,462.455447050132,True
healthy_maneuver,134.0,1,1,3,5,12,3,3.770657606785929,384.68949773716935,465.60181592781714,True
healthy_maneuver,134.0,2,2,3,5,12,3,3.5094554973692547,270.6750833512397,439.84894446805004,True
healthy_maneuver,134.0,3,3,3,5,12,3,2.716840636362574,157.84493458911507,462.45544697984377,True
healthy_maneuver,135.0,1,1,3,5,12,3,3.770657607187176,384.68949772088314,465.60181591739934,True
healthy_maneuver,135.0,2,2,3,5,12,3,3.5094554971677447,270.6750833525574,439.84894451684454,True
healthy_maneuver,135.0,3,3,3,5,12,3,2.716840636487256,157.84493464695217,462.455446911524,True
healthy_maneuver,136.0,1,1,3,5,12,3,3.7706576075822986,384.6894977041466,465.6018159069815,True
healthy_maneuver,136.0,2,2,3,5,12,3,3.5094554969531813,270.6750833538751,439.8489445616915,True
healthy_maneuver,136.0,3,3,3,5,12,3,2.716840636619183,157.844934703445,462.45544684221994,True
healthy_maneuver,137.0,1,1,3,5,12,3,3.770657607985357,384.6894976869598,465.6018158962061,True
healthy_maneuver,137.0,2,2,3,5,12,3,3.5094554967464506,270.67508335532176,439.8489446078541,True
healthy_maneuver,137.0,3,3,3,5,12,3,2.7168406367683624,157.84493475993787,462.45544677193163,True
healthy_maneuver,138.0,1,1,3,5,12,3,3.770657608380228,384.68949767067375,465.60181588578826,True
healthy_maneuver,138.0,2,2,3,5,12,3,3.5094554965534366,270.67508335670396,439.84894465533284,True
healthy_maneuver,138.0,3,3,3,5,12,3,2.716840636885943,157.84493481710277,462.45544670262757,True
healthy_maneuver,139.0,1,1,3,5,12,3,3.7706576087740484,384.6894976539373,465.60181587572816,True
healthy_maneuver,139.0,2,2,3,5,12,3,3.5094554963500446,270.67508335802165,439.8489447028118,True
healthy_maneuver,139.0,3,3,3,5,12,3,2.7168406370120706,157.84493487426772,462.45544663430815,True
healthy_maneuver,140.0,1,1,3,5,12,3,3.770657609173408,384.6894976376511,465.60181586495264,True
healthy_maneuver,140.0,2,2,3,5,12,3,3.5094554961477398,270.67508335940386,439.8489447489743,True
healthy_maneuver,140.0,3,3,3,5,12,3,2.7168406371340064,157.84493493143273,462.4554465640194,True
healthy_maneuver,141.0,1,1,3,5,12,3,3.7706576095762117,384.6894976209146,465.6018158541772,True
healthy_maneuver,141.0,2,2,3,5,12,3,3.5094554959257738,270.67508336072154,439.84894479382126,True
healthy_maneuver,141.0,3,3,3,5,12,3,2.716840637278833,157.84493498792557,462.4554464947153,True
healthy_maneuver,142.0,1,1,3,5,12,3,3.77065760997901,384.68949760417814,465.60181584340177,True
healthy_maneuver,142.0,2,2,3,5,12,3,3.5094554957405943,270.67508336223267,439.84894484261565,True
healthy_maneuver,142.0,3,3,3,5,12,3,2.716840637413665,157.84493504509047,462.455446424427,True
healthy_maneuver,143.0,1,1,3,5,12,3,3.770657610377068,384.689497587892,465.6018158329839,True
healthy_maneuver,143.0,2,2,3,5,12,3,3.509455495524937,270.6750833634859,439.84894488877836,True
healthy_maneuver,143.0,3,3,3,5,12,3,2.7168406375298018,157.84493510292745,462.45544635512294,True
healthy_maneuver,144.0,1,1,3,5,12,3,3.770657610771937,384.6894975716059,465.60181582256604,True
healthy_maneuver,144.0,2,2,3,5,12,3,3.5094554953196613,270.6750833648036,439.8489449349414,True
healthy_maneuver,144.0,3,3,3,5,12,3,2.716840637657373,157.8449351594205,462.455446286803,True
healthy_maneuver,145.0,1,1,3,5,12,3,3.770657611167319,384.6894975544191,465.60181581214823,True
healthy_maneuver,145.0,2,2,3,5,12,3,3.509455495120335,270.67508336625025,439.8489449811039,True
healthy_maneuver,145.0,3,3,3,5,12,3,2.7168406377836605,157.84493521658533,462.4554462155303,True
healthy_maneuver,146.0,1,1,3,5,12,3,3.77065761156563,384.68949753768266,465.6018158017304,True
healthy_maneuver,146.0,2,2,3,5,12,3,3.5094554949199184,270.67508336763245,439.84894502858265,True
healthy_maneuver,146.0,3,3,3,5,12,3,2.7168406379241343,157.8449352730782,462.4554461472107,True
healthy_maneuver,147.0,1,1,3,5,12,3,3.770657611967133,384.6894975209461,465.6018157913126,True
healthy_maneuver,147.0,2,2,3,5,12,3,3.5094554947091177,270.67508336895014,439.84894507606145,True
healthy_maneuver,147.0,3,3,3,5,12,3,2.7168406380531693,157.8449353309154,462.45544607790663,True
healthy_maneuver,148.0,1,1,3,5,12,3,3.770657612366488,384.68949750466004,465.6018157805371,True
healthy_maneuver,148.0,2,2,3,5,12,3,3.5094554945068213,270.67508337033235,439.848945122224,True
healthy_maneuver,148.0,3,3,3,5,12,3,2.716840638185096,157.8449353874081,462.45544600860245,True
healthy_maneuver,149.0,1,1,3,5,12,3,3.770657612769291,384.6894974879235,465.60181576976174,True
healthy_maneuver,149.0,2,2,3,5,12,3,3.5094554942971157,270.6750833717145,439.84894516838716,True
healthy_maneuver,149.0,3,3,3,5,12,3,2.7168406383199284,157.84493544457308,462.4554459383142,True
healthy_maneuver,150.0,1,1,3,5,12,3,3.7706576131564815,384.6894974716374,465.6018157597016,True
healthy_maneuver,150.0,2,2,3,5,12,3,3.509455494111507,270.6750833730967,439.8489452158659,True
healthy_maneuver,150.0,3,3,3,5,12,3,2.716840638434602,157.84493550106595,462.4554458699946,True
healthy_maneuver,151.0,1,1,3,5,12,3,3.770657613562473,384.6894974549009,465.6018157489261,True
healthy_maneuver,151.0,2,2,3,5,12,3,3.5094554939036824,270.6750833744789,439.84894526334426,True
healthy_maneuver,151.0,3,3,3,5,12,3,2.7168406385679917,157.844935558903,462.45544579970584,True
healthy_maneuver,152.0,1,1,3,5,12,3,3.770657613960785,384.6894974381644,465.6018157385084,True
healthy_maneuver,152.0,2,2,3,5,12,3,3.5094554936909983,270.67508337579653,439.8489453095071,True
healthy_maneuver,152.0,3,3,3,5,12,3,2.7168406387084647,157.8449356153958,462.4554457313866,True
healthy_maneuver,153.0,1,1,3,5,12,3,3.7706576143603985,384.689497421428,465.6018157277328,True
healthy_maneuver,153.0,2,2,3,5,12,3,3.509455493479413,270.67508337717874,439.84894535435365,True
healthy_maneuver,153.0,3,3,3,5,12,3,2.716840638834754,157.8449356725607,462.45544566011347,True
healthy_maneuver,154.0,1,1,3,5,12,3,3.7706576147587128,384.68949740469145,465.601815717315,True
healthy_maneuver,154.0,2,2,3,5,12,3,3.5094554932789963,270.67508337856094,439.84894540183257,True
healthy_maneuver,154.0,3,3,3,5,12,3,2.716840638975228,157.8449357290535,462.4554455917939,True
healthy_maneuver,155.0,1,1,3,5,12,3,3.7706576151490947,384.6894973884053,465.6018157072548,True
healthy_maneuver,155.0,2,2,3,5,12,3,3.509455493083002,270.67508337987863,439.84894544931115,True
healthy_maneuver,155.0,3,3,3,5,12,3,2.7168406390784616,157.84493578689072,462.45544552248975,True
healthy_maneuver,156.0,1,1,3,5,12,3,3.7706576155518925,384.68949737166884,465.6018156964794,True
healthy_maneuver,156.0,2,2,3,5,12,3,3.509455492873297,270.6750833812608,439.8489454954738,True
healthy_maneuver,156.0,3,3,3,5,12,3,2.716840639223287,157.84493584338355,462.45544545318563,True
healthy_maneuver,157.0,1,1,3,5,12,3,3.770657615954697,384.6894973549324,465.6018156857039,True
healthy_maneuver,157.0,2,2,3,5,12,3,3.5094554926635952,270.675083382643,439.8489455416368,True
healthy_maneuver,157.0,3,3,3,5,12,3,2.7168406393581193,157.8449359005485,462.4554453828972,True
healthy_maneuver,158.0,1,1,3,5,12,3,3.770657616349565,384.6894973386463,465.60181567528616,True
healthy_maneuver,158.0,2,2,3,5,12,3,3.50945549247058,270.67508338402513,439.8489455891154,True
healthy_maneuver,158.0,3,3,3,5,12,3,2.716840639485692,157.84493595704149,462.4554453145776,True
healthy_maneuver,159.0,1,1,3,5,12,3,3.7706576167555554,384.6894973219098,465.60181566451064,True
healthy_maneuver,159.0,2,2,3,5,12,3,3.509455492262761,270.6750833854074,439.8489456365941,True
healthy_maneuver,159.0,3,3,3,5,12,3,2.7168406396190834,157.84493601487836,462.4554452442892,True
healthy_maneuver,160.0,1,1,3,5,12,3,3.77065761714698,384.689497306074,465.60181565409283,True
healthy_maneuver,160.0,2,2,3,5,12,3,3.509455492064885,270.6750833867251,439.8489456827572,True
healthy_maneuver,160.0,3,3,3,5,12,3,2.716840639723765,157.84493607204337,462.4554451749852,True
healthy_maneuver,161.0,1,1,3,5,12,3,3.770657617542616,384.6894972884368,465.601815643675,True
healthy_maneuver,161.0,2,2,3,5,12,3,3.5094554918562726,270.67508338817174,439.8489457276037,True
healthy_maneuver,161.0,3,3,3,5,12,3,2.7168406398743894,157.8449361278641,462.45544510469665,True
healthy_maneuver,162.0,1,1,3,5,12,3,3.7706576179409272,384.68949727170036,465.6018156332572,True
healthy_maneuver,162.0,2,2,3,5,12,3,3.5094554916558574,270.6750833895539,439.8489457750826,True
healthy_maneuver,162.0,3,3,3,5,12,3,2.7168406400048704,157.844936185029,462.4554450353926,True
healthy_maneuver,163.0,1,1,3,5,12,3,3.7706576183421725,384.68949725541427,465.6018156228394,True
healthy_maneuver,163.0,2,2,3,5,12,3,3.5094554914543457,270.6750833908716,439.8489458238769,True
healthy_maneuver,163.0,3,3,3,5,12,3,2.7168406401295475,157.84493624286614,462.455444967073,True
healthy_maneuver,164.0,1,1,3,5,12,3,3.7706576187372964,384.6894972386778,465.60181561242166,True
healthy_maneuver,164.0,2,2,3,5,12,3,3.5094554912275213,270.6750833921248,439.8489458674082,True
healthy_maneuver,164.0,3,3,3,5,12,3,2.716840640261476,157.84493629935898,462.45544489776887,True
healthy_maneuver,165.0,1,1,3,5,12,3,3.770657619144589,384.68949722194134,465.6018156012884,True
healthy_maneuver,165.0,2,2,3,5,12,3,3.50945549102079,270.67508339357147,439.8489459135708,True
healthy_maneuver,165.0,3,3,3,5,12,3,2.7168406404106586,157.8449363558518,462.4554448274802,True
healthy_maneuver,166.0,1,1,3,5,12,3,3.7706576195317814,384.6894972056551,465.6018155912282,True
healthy_maneuver,166.0,2,2,3,5,12,3,3.5094554908351774,270.6750833949537,439.84894596104965,True
healthy_maneuver,166.0,3,3,3,5,12,3,2.716840640515341,157.8449364130168,462.4554447581762,True
healthy_maneuver,167.0,1,1,3,5,12,3,3.7706576199377717,384.6894971889186,465.60181558045286,True
healthy_maneuver,167.0,2,2,3,5,12,3,3.509455490627358,270.6750833963359,439.84894600852834,True
healthy_maneuver,167.0,3,3,3,5,12,3,2.7168406406587216,157.84493647018175,462.4554446888723,True
healthy_maneuver,168.0,1,1,3,5,12,3,3.770657620336084,384.68949717218214,465.6018155700351,True
healthy_maneuver,168.0,2,2,3,5,12,3,3.5094554904146706,270.6750833976535,439.8489460546905,True
healthy_maneuver,168.0,3,3,3,5,12,3,2.7168406407892034,157.84493652734665,462.45544461956837,True
healthy_maneuver,169.0,1,1,3,5,12,3,3.7706576207312086,384.68949715544574,465.6018155596172,True
healthy_maneuver,169.0,2,2,3,5,12,3,3.5094554902123756,270.6750833990357,439.8489461008538,True
healthy_maneuver,169.0,3,3,3,5,12,3,2.716840640921131,157.84493658383948,462.4554445502642,True
healthy_maneuver,170.0,1,1,3,5,12,3,3.7706576211340095,384.6894971387094,465.60181554884167,True
healthy_maneuver,170.0,2,2,3,5,12,3,3.5094554900149344,270.6750834004824,439.8489461483323,True
healthy_maneuver,170.0,3,3,3,5,12,3,2.7168406410559642,157.84493664100432,462.45544447997577,True
healthy_maneuver,171.0,1,1,3,5,12,3,3.7706576215243928,384.6894971224232,465.6018155387815,True
healthy_maneuver,171.0,2,2,3,5,12,3,3.5094554898189414,270.67508340180007,439.84894619581104,True
healthy_maneuver,171.0,3,3,3,5,12,3,2.7168406411691888,157.8449366981695,462.45544441165595,True
healthy_maneuver,172.0,1,1,3,5,12,3,3.7706576219227035,384.6894971056867,465.6018155283637,True
healthy_maneuver,172.0,2,2,3,5,12,3,3.50945548960626,270.67508340311775,439.84894624197375,True
healthy_maneuver,172.0,3,3,3,5,12,3,2.716840641299672,157.84493675533432,462.4554443423521,True
healthy_maneuver,173.0,1,1,3,5,12,3,3.7706576223299937,384.6894970889502,465.60181551723065,True
healthy_maneuver,173.0,2,2,3,5,12,3,3.509455489399533,270.6750834045644,439.84894628813635,True
healthy_maneuver,173.0,3,3,3,5,12,3,2.716840641448849,157.84493681182715,462.45544427206346,True
healthy_maneuver,174.0,1,1,3,5,12,3,3.770657622724865,384.68949707266404,465.6018155068128,True
healthy_maneuver,174.0,2,2,3,5,12,3,3.5094554892065184,270.6750834059466,439.8489463356152,True
healthy_maneuver,174.0,3,3,3,5,12,3,2.7168406415664323,157.8449368689921,462.45544420275957,True
healthy_maneuver,175.0,1,1,3,5,12,3,3.770657623130853,384.68949705592763,465.6018154960373,True
healthy_maneuver,175.0,2,2,3,5,12,3,3.509455488998697,270.6750834073288,439.84894638309385,True
healthy_maneuver,175.0,3,3,3,5,12,3,2.71684064170981,157.8449369261573,462.45544413345516,True
healthy_maneuver,176.0,1,1,3,5,12,3,3.770657623522278,384.6894970400917,465.60181548561957,True
healthy_maneuver,176.0,2,2,3,5,12,3,3.509455488788557,270.675083408582,439.84894642794035,True
healthy_maneuver,176.0,3,3,3,5,12,3,2.716840641814491,157.84493698332213,462.4554440641511,True
healthy_maneuver,177.0,1,1,3,5,12,3,3.770657623916614,384.6894970224547,465.60181547555936,True
healthy_maneuver,177.0,2,2,3,5,12,3,3.5094554885788516,270.67508340996415,439.84894647410334,True
healthy_maneuver,177.0,3,3,3,5,12,3,2.7168406419493265,157.84493704048703,462.455443993863,True
healthy_maneuver,178.0,1,1,3,5,12,3,3.7706576243194156,384.6894970057183,465.6018154647839,True
healthy_maneuver,178.0,2,2,3,5,12,3,3.509455488381412,270.67508341141087,439.848946521582,True
healthy_maneuver,178.0,3,3,3,5,12,3,2.7168406420941507,157.84493709698,462.4554439245587,True
healthy_maneuver,179.0,1,1,3,5,12,3,3.770657624717473,384.68949698943203,465.60181545436603,True
healthy_maneuver,179.0,2,2,3,5,12,3,3.5094554881780233,270.6750834127286,439.84894656906096,True
healthy_maneuver,179.0,3,3,3,5,12,3,2.7168406422102875,157.84493715481688,462.45544385525466,True
healthy_maneuver,180.0,1,1,3,5,12,3,3.770657625115788,384.6894969726956,465.6018154439482,True
healthy_maneuver,180.0,2,2,3,5,12,3,3.509455487965336,270.67508341404624,439.84894661522344,True
healthy_maneuver,180.0,3,3,3,5,12,3,2.7168406423507623,157.84493721130988,462.455443786935,True
healthy_maneuver,181.0,1,1,3,5,12,3,3.7706576255230733,384.689496955959,465.6018154328153,True
healthy_maneuver,181.0,2,2,3,5,12,3,3.5094554877586104,270.6750834154929,439.8489466613865,True
healthy_maneuver,181.0,3,3,3,5,12,3,2.716840642489949,157.84493726847484,462.45544371566234,True
healthy_maneuver,182.0,1,1,3,5,12,3,3.7706576259102675,384.6894969396729,465.60181542275495,True
healthy_maneuver,182.0,2,2,3,5,12,3,3.509455487572996,270.6750834168751,439.84894670886456,True
healthy_maneuver,182.0,3,3,3,5,12,3,2.7168406426046237,157.84493732496756,462.4554436473425,True
healthy_maneuver,183.0,1,1,3,5,12,3,3.7706576263117686,384.6894969229365,465.60181541233726,True
healthy_maneuver,183.0,2,2,3,5,12,3,3.5094554873622004,270.6750834181928,439.84894675634376,True
healthy_maneuver,183.0,3,3,3,5,12,3,2.716840642733655,157.8449373828049,462.45544357803846,True
healthy_maneuver,184.0,1,1,3,5,12,3,3.7706576267111265,384.68949690665045,465.6018154015617,True
healthy_maneuver,184.0,2,2,3,5,12,3,3.5094554871599004,270.675083419575,439.84894680250636,True
healthy_maneuver,184.0,3,3,3,5,12,3,2.716840642865582,157.8449374392975,462.4554435087345,True
healthy_maneuver,185.0,1,1,3,5,12,3,3.7706576271096957,384.68949688946356,465.6018153911438,True
healthy_maneuver,185.0,2,2,3,5,12,3,3.5094554869379344,270.6750834208927,439.84894684735343,True
healthy_maneuver,185.0,3,3,3,5,12,3,2.7168406430004213,157.8449374964624,462.4554434384459,True
healthy_maneuver,186.0,1,1,3,5,12,3,3.77065762750931,384.6894968727271,465.60181538036846,True
healthy_maneuver,186.0,2,2,3,5,12,3,3.509455486750871,270.6750834224038,439.848946894832,True
healthy_maneuver,186.0,3,3,3,5,12,3,2.7168406431466923,157.84493755228323,462.455443369142,True
healthy_maneuver,187.0,1,1,3,5,12,3,3.7706576279028767,384.689496856441,465.6018153703083,True
healthy_maneuver,187.0,2,2,3,5,12,3,3.5094554865445025,270.67508342365704,439.84894694231076,True
healthy_maneuver,187.0,3,3,3,5,12,3,2.716840643248476,157.8449376107923,462.4554432998381,True
healthy_maneuver,188.0,1,1,3,5,12,3,3.7706576282980016,384.6894968397045,465.60181535989045,True
healthy_maneuver,188.0,2,2,3,5,12,3,3.5094554863299363,270.67508342497473,439.8489469871576,True
healthy_maneuver,188.0,3,3,3,5,12,3,2.7168406433903987,157.84493766661325,462.45544323151796,True
healthy_maneuver,189.0,1,1,3,5,12,3,3.7706576287018483,384.68949682341827,465.6018153487574,True
healthy_maneuver,189.0,2,2,3,5,12,3,3.5094554861306104,270.6750834264214,439.8489470333201,True
healthy_maneuver,189.0,3,3,3,5,12,3,2.7168406435166865,157.84493772377803,462.45544316024524,True
healthy_maneuver,190.0,1,1,3,5,12,3,3.770657629100162,384.6894968066818,465.6018153383395,True
healthy_maneuver,190.0,2,2,3,5,12,3,3.5094554859301934,270.6750834278036,439.84894708079906,True
healthy_maneuver,190.0,3,3,3,5,12,3,2.7168406436571626,157.84493778027095,462.45544309192576,True
healthy_maneuver,191.0,1,1,3,5,12,3,3.77065762950166,384.6894967899453,465.6018153279219,True
healthy_maneuver,191.0,2,2,3,5,12,3,3.509455485719394,270.6750834291213,439.8489471282774,True
healthy_maneuver,191.0,3,3,3,5,12,3,2.7168406437861945,157.84493783810794,462.45544302262186,True
healthy_maneuver,192.0,1,1,3,5,12,3,3.7706576298975754,384.68949677410956,465.6018153171463,True
healthy_maneuver,192.0,2,2,3,5,12,3,3.509455485524496,270.6750834305035,439.84894717444007,True
healthy_maneuver,192.0,3,3,3,5,12,3,2.7168406439052193,157.84493789460086,462.45544295331746,True
healthy_maneuver,193.0,1,1,3,5,12,3,3.7706576302919115,384.6894967564725,465.6018153070861,True
healthy_maneuver,193.0,2,2,3,5,12,3,3.509455485314793,270.67508343188564,439.84894722060324,True
healthy_maneuver,193.0,3,3,3,5,12,3,2.7168406440400537,157.84493795176584,462.4554428830292,True
healthy_maneuver,194.0,1,1,3,5,12,3,3.770657630686783,384.68949674018626,465.60181529666835,True
healthy_maneuver,194.0,2,2,3,5,12,3,3.509455485121776,270.67508343326784,439.8489472680818,True
healthy_maneuver,194.0,3,3,3,5,12,3,2.716840644157636,157.84493800893074,462.45544281372526,True
healthy_maneuver,195.0,1,1,3,5,12,3,3.7706576310927704,384.68949672344985,465.60181528589277,True
healthy_maneuver,195.0,2,2,3,5,12,3,3.5094554849139596,270.67508343465005,439.84894731556057,True
healthy_maneuver,195.0,3,3,3,5,12,3,2.7168406443010147,157.8449380660959,462.4554427444207,True
healthy_maneuver,196.0,1,1,3,5,12,3,3.770657631491083,384.6894967067132,465.6018152754751,True
healthy_maneuver,196.0,2,2,3,5,12,3,3.5094554847012764,270.67508343596774,439.8489473617235,True
healthy_maneuver,196.0,3,3,3,5,12,3,2.716840644431497,157.8449381232608,462.455442675117,True
healthy_maneuver,197.0,1,1,3,5,12,3,3.770657631894932,384.68949669042723,465.6018152643419,True
healthy_maneuver,197.0,2,2,3,5,12,3,3.5094554844896857,270.6750834373499,439.8489474065701,True
healthy_maneuver,197.0,3,3,3,5,12,3,2.71684064456778,157.84493817975357,462.45544260482853,True
healthy_maneuver,198.0,1,1,3,5,12,3,3.7706576322855643,384.6894966736908,465.60181525428163,True
healthy_maneuver,198.0,2,2,3,5,12,3,3.5094554843089387,270.6750834387966,439.8489474553645,True
healthy_maneuver,198.0,3,3,3,5,12,3,2.7168406446853575,157.84493823691847,462.4554425355241,True
healthy_maneuver,199.0,1,1,3,5,12,3,3.7706576326870676,384.68949665695425,465.601815243864,True
healthy_maneuver,199.0,2,2,3,5,12,3,3.5094554840858763,270.6750834400498,439.8489475015277,True
healthy_maneuver,199.0,3,3,3,5,12,3,2.7168406448243854,157.84493829408362,462.45544246720476,True
healthy_maneuver,200.0,1,1,3,5,12,3,3.770657633086425,384.68949664066815,465.6018152330885,True
healthy_maneuver,200.0,2,2,3,5,12,3,3.509455483883577,270.675083441432,439.84894754769033,True
healthy_maneuver,200.0,3,3,3,5,12,3,2.7168406449463225,157.84493835124826,462.4554423969165,True
healthy_maneuver,201.0,1,1,3,5,12,3,3.770657633484993,384.6894966234813,465.60181522267067,True
healthy_maneuver,201.0,2,2,3,5,12,3,3.5094554836738734,270.6750834428141,439.84894759385327,True
healthy_maneuver,201.0,3,3,3,5,12,3,2.716840645091148,157.8449384077413,462.4554423276121,True
healthy_maneuver,202.0,1,1,3,5,12,3,3.7706576338790727,384.68949660629454,465.60181521261046,True
healthy_maneuver,202.0,2,2,3,5,12,3,3.5094554834734506,270.67508344419633,439.84894764133185,True
healthy_maneuver,202.0,3,3,3,5,12,3,2.71684064522163,157.8449384649062,462.4554422583082,True
healthy_maneuver,203.0,1,1,3,5,12,3,3.770657634278176,384.68949659045876,465.601815201835,True
healthy_maneuver,203.0,2,2,3,5,12,3,3.5094554832804357,270.6750834455785,439.84894768881014,True
healthy_maneuver,203.0,3,3,3,5,12,3,2.7168406453392078,157.8449385220712,462.45544218900415,True
healthy_maneuver,204.0,1,1,3,5,12,3,3.770657634676487,384.6894965737223,465.60181519141724,True
healthy_maneuver,204.0,2,2,3,5,12,3,3.5094554830677547,270.67508344689617,439.84894773497285,True
healthy_maneuver,204.0,3,3,3,5,12,3,2.71684064546969,157.8449385792361,462.45544211970025,True
healthy_maneuver,205.0,1,1,3,5,12,3,3.7706576350803336,384.68949655743614,465.6018151802841,True
healthy_maneuver,205.0,2,2,3,5,12,3,3.509455482868432,270.6750834483429,439.84894778113573,True
healthy_maneuver,205.0,3,3,3,5,12,3,2.7168406456059686,157.84493863572902,462.4554420494115,True
healthy_maneuver,206.0,1,1,3,5,12,3,3.7706576354786483,384.68949654069974,465.60181516986626,True
healthy_maneuver,206.0,2,2,3,5,12,3,3.5094554826680104,270.67508344972504,439.8489478286143,True
healthy_maneuver,206.0,3,3,3,5,12,3,2.7168406457364482,157.84493869289403,462.4554419801076,True
healthy_maneuver,207.0,1,1,3,5,12,3,3.7706576358801493,384.6894965239632,465.60181515944845,True
healthy_maneuver,207.0,2,2,3,5,12,3,3.509455482457215,270.6750834510428,439.84894787609306,True
healthy_maneuver,207.0,3,3,3,5,12,3,2.7168406458754797,157.84493875005882,462.45544191178806,True
healthy_maneuver,208.0,1,1,3,5,12,3,3.770657636271575,384.6894965081274,465.60181514903076,True
healthy_maneuver,208.0,2,2,3,5,12,3,3.5094554822470783,270.67508345229595,439.84894792093996,True
healthy_maneuver,208.0,3,3,3,5,12,3,2.716840645980157,157.84493880722383,462.455441842484,True
healthy_maneuver,209.0,1,1,3,5,12,3,3.770657636670398,384.68949649049017,465.6018151386129,True
healthy_maneuver,209.0,2,2,3,5,12,3,3.509455482040351,270.6750834537426,439.84894796710284,True
healthy_maneuver,209.0,3,3,3,5,12,3,2.7168406461293415,157.84493886371664,462.45544177219557,True
healthy_maneuver,210.0,1,1,3,5,12,3,3.7706576370620817,384.68949647420413,465.60181512819497,True
healthy_maneuver,210.0,2,2,3,5,12,3,3.5094554818454506,270.6750834551248,439.84894801326533,True
healthy_maneuver,210.0,3,3,3,5,12,3,2.716840646248367,157.84493892020944,462.4554417028913,True
healthy_maneuver,211.0,1,1,3,5,12,3,3.770657637471258,384.68949645746756,465.6018151174195,True
healthy_maneuver,211.0,2,2,3,5,12,3,3.5094554816395127,270.675083456507,439.84894806205995,True
healthy_maneuver,211.0,3,3,3,5,12,3,2.7168406463803123,157.84493897871863,462.45544163260286,True
healthy_maneuver,212.0,1,1,3,5,12,3,3.770657637869568,384.6894964407312,465.6018151070018,True
healthy_maneuver,212.0,2,2,3,5,12,3,3.509455481426831,270.67508345782466,439.8489481082229,True
healthy_maneuver,212.0,3,3,3,5,12,3,2.716840646520779,157.84493903521155,462.45544156428355,True
healthy_maneuver,213.0,1,1,3,5,12,3,3.7706576382657384,384.689496424445,465.6018150962263,True
healthy_maneuver,213.0,2,2,3,5,12,3,3.5094554812226493,270.67508345920686,439.8489481530697,True
healthy_maneuver,213.0,3,3,3,5,12,3,2.7168406466441604,157.84493909170448,462.4554414939947,True
healthy_maneuver,214.0,1,1,3,5,12,3,3.7706576386608623,384.68949640770853,465.6018150858085,True
healthy_maneuver,214.0,2,2,3,5,12,3,3.509455481032611,270.6750834606535,439.84894820054825,True
healthy_maneuver,214.0,3,3,3,5,12,3,2.7168406467760873,157.84493914819728,462.45544142469066,True
healthy_maneuver,215.0,1,1,3,5,12,3,3.7706576390589195,384.6894963914223,465.6018150753908,True
healthy_maneuver,215.0,2,2,3,5,12,3,3.509455480829216,270.6750834619712,439.8489482480272,True
healthy_maneuver,215.0,3,3,3,5,12,3,2.7168406468922215,157.84493920603438,462.4554413553871,True
healthy_maneuver,216.0,1,1,3,5,12,3,3.770657639457234,384.6894963746858,465.6018150649729,True
healthy_maneuver,216.0,2,2,3,5,12,3,3.509455480616532,270.6750834632889,439.84894829419,True
healthy_maneuver,216.0,3,3,3,5,12,3,2.716840647032699,157.8449392625272,462.45544128706723,True
healthy_maneuver,217.0,1,1,3,5,12,3,3.770657639860292,384.689496357499,465.6018150541975,True
healthy_maneuver,217.0,2,2,3,5,12,3,3.509455480409807,270.6750834647356,439.84894834035265,True
healthy_maneuver,217.0,3,3,3,5,12,3,2.7168406471718867,157.84493931969197,462.45544121579445,True
healthy_maneuver,218.0,1,1,3,5,12,3,3.7706576402509278,384.6894963407626,465.6018150441372,True
healthy_maneuver,218.0,2,2,3,5,12,3,3.50945548021679,270.67508346611777,439.84894838783123,True
healthy_maneuver,218.0,3,3,3,5,12,3,2.7168406472994606,157.844939376185,462.4554411474744,True
healthy_maneuver,219.0,1,1,3,5,12,3,3.7706576406534733,384.6894963244765,465.6018150333618,True
healthy_maneuver,219.0,2,2,3,5,12,3,3.5094554800163786,270.6750834675,439.84894843531,True
healthy_maneuver,219.0,3,3,3,5,12,3,2.7168406474199434,157.8449394340221,462.455441077186,True
healthy_maneuver,220.0,1,1,3,5,12,3,3.770657641048342,384.68949630819026,465.601815022944,True
healthy_maneuver,220.0,2,2,3,5,12,3,3.5094554797988358,270.67508346875314,439.84894848015705,True
healthy_maneuver,220.0,3,3,3,5,12,3,2.7168406475475186,157.84493949051503,462.4554410088663,True
healthy_maneuver,221.0,1,1,3,5,12,3,3.770657641451144,384.6894962914538,465.6018150121685,True
healthy_maneuver,221.0,2,2,3,5,12,3,3.5094554795891324,270.67508347013535,439.84894852631993,True
healthy_maneuver,221.0,3,3,3,5,12,3,2.716840647682354,157.84493954767993,462.4554409385778,True
healthy_maneuver,222.0,1,1,3,5,12,3,3.770657641853945,384.6894962747174,465.601815001393,True
healthy_maneuver,222.0,2,2,3,5,12,3,3.5094554793916872,270.675083471582,439.8489485737983,True
healthy_maneuver,222.0,3,3,3,5,12,3,2.7168406478271816,157.84493960417262,462.45544086927396,True
healthy_maneuver,223.0,1,1,3,5,12,3,3.7706576422520035,384.68949625843123,465.6018149909752,True
healthy_maneuver,223.0,2,2,3,5,12,3,3.509455479188294,270.67508347289976,439.84894862127686,True
healthy_maneuver,223.0,3,3,3,5,12,3,2.716840647943317,157.8449396620096,462.4554407999699,True
healthy_maneuver,224.0,1,1,3,5,12,3,3.7706576426468756,384.68949624214514,465.6018149805573,True
healthy_maneuver,224.0,2,2,3,5,12,3,3.509455478983019,270.6750834742174,439.84894866743974,True
healthy_maneuver,224.0,3,3,3,5,12,3,2.716840648070891,157.84493971850253,462.4554407316502,True
healthy_maneuver,225.0,1,1,3,5,12,3,3.7706576430422527,384.6894962249583,465.60181497013957,True
healthy_maneuver,225.0,2,2,3,5,12,3,3.509455478783689,270.67508347566405,439.84894871360245,True
healthy_maneuver,225.0,3,3,3,5,12,3,2.7168406481971767,157.84493977566777,462.4554406603772,True
healthy_maneuver,226.0,1,1,3,5,12,3,3.7706576434405643,384.6894962082219,465.60181495972176,True
healthy_maneuver,226.0,2,2,3,5,12,3,3.5094554785832734,270.67508347704626,439.84894876108103,True
healthy_maneuver,226.0,3,3,3,5,12,3,2.716840648337649,157.84493983216046,462.4554405920577,True
healthy_maneuver,227.0,1,1,3,5,12,3,3.7706576438420667,384.68949619148543,465.601814949304,True
healthy_maneuver,227.0,2,2,3,5,12,3,3.509455478372474,270.67508347836394,439.84894880855956,True
healthy_maneuver,227.0,3,3,3,5,12,3,2.7168406484666847,157.84493988999745,462.45544052275375,True
healthy_maneuver,228.0,1,1,3,5,12,3,3.7706576442414232,384.6894961751992,465.60181493852855,True
healthy_maneuver,228.0,2,2,3,5,12,3,3.509455478170172,270.6750834797461,439.84894885472227,True
healthy_maneuver,228.0,3,3,3,5,12,3,2.716840648588619,157.84493994716235,462.4554404524655,True
healthy_maneuver,229.0,1,1,3,5,12,3,3.7706576446399946,384.68949615801245,465.6018149281106,True
healthy_maneuver,229.0,2,2,3,5,12,3,3.5094554779604694,270.67508348112835,439.8489489008854,True
healthy_maneuver,229.0,3,3,3,5,12,3,2.7168406487334478,157.84494000365538,462.4554403831609,True
healthy_maneuver,230.0,1,1,3,5,12,3,3.770657645035908,384.6894961421766,465.6018149173352,True
healthy_maneuver,230.0,2,2,3,5,12,3,3.5094554777778337,270.675083482575,439.84894894836395,True
healthy_maneuver,230.0,3,3,3,5,12,3,2.7168406488424806,157.84494006082028,462.45544031287267,True
healthy_maneuver,231.0,1,1,3,5,12,3,3.7706576454374106,384.6894961254402,465.6018149069173,True
healthy_maneuver,231.0,2,2,3,5,12,3,3.509455477554772,270.6750834838282,439.84894899452667,True
healthy_maneuver,231.0,3,3,3,5,12,3,2.716840648981509,157.8449401179853,462.4554402445528,True
healthy_maneuver,232.0,1,1,3,5,12,3,3.770657645835724,384.6894961087036,465.6018148964996,True
healthy_maneuver,232.0,2,2,3,5,12,3,3.509455477342094,270.6750834851459,439.8489490406898,True
healthy_maneuver,232.0,3,3,3,5,12,3,2.7168406491119876,157.8449401751503,462.45544017524895,True
healthy_maneuver,233.0,1,1,3,5,12,3,3.7706576462353336,384.6894960919673,465.6018148857241,True
healthy_maneuver,233.0,2,2,3,5,12,3,3.5094554771427675,270.67508348659254,439.84894908685226,True
healthy_maneuver,233.0,3,3,3,5,12,3,2.716840649248268,157.844940231643,462.4554401049605,True
healthy_maneuver,234.0,1,1,3,5,12,3,3.770657646629414,384.6894960747805,465.6018148756639,True
healthy_maneuver,234.0,2,2,3,5,12,3,3.50945547694235,270.67508348797475,439.848949134331,True
healthy_maneuver,234.0,3,3,3,5,12,3,2.7168406493787467,157.84494028880812,462.45544003565624,True
healthy_maneuver,235.0,1,1,3,5,12,3,3.7706576470274724,384.6894960584943,465.60181486524624,True
healthy_maneuver,235.0,2,2,3,5,12,3,3.509455476738953,270.67508348929243,439.8489491818096,True
healthy_maneuver,235.0,3,3,3,5,12,3,2.716840649504875,157.84494034597301,462.4554399673369,True
healthy_maneuver,236.0,1,1,3,5,12,3,3.7706576474268294,384.68949604220813,465.6018148544707,True
healthy_maneuver,236.0,2,2,3,5,12,3,3.509455476536655,270.67508349067464,439.8489492279723,True
healthy_maneuver,236.0,3,3,3,5,12,3,2.716840649626809,157.8449404031379,462.4554398970483,True
healthy_maneuver,237.0,1,1,3,5,12,3,3.770657647826444,384.6894960254717,465.60181484369514,True
healthy_maneuver,237.0,2,2,3,5,12,3,3.509455476325065,270.6750834920568,439.8489492728191,True
healthy_maneuver,237.0,3,3,3,5,12,3,2.7168406497730837,157.84494045895863,462.45543982774404,True
healthy_maneuver,238.0,1,1,3,5,12,3,3.7706576482292444,384.6894960087351,465.6018148329198,True
healthy_maneuver,238.0,2,2,3,5,12,3,3.5094554761276235,270.6750834935035,439.8489493202979,True
healthy_maneuver,238.0,3,3,3,5,12,3,2.7168406499079176,157.84494051612376,462.4554397574556,True
healthy_maneuver,239.0,1,1,3,5,12,3,3.77065764863049,384.689495992449,465.601814822502,True
healthy_maneuver,239.0,2,2,3,5,12,3,3.509455475926116,270.6750834948212,439.84894936909257,True
healthy_maneuver,239.0,3,3,3,5,12,3,2.716840650032599,157.84494057396074,462.4554396891361,True
healthy_maneuver,240.0,1,1,3,5,12,3,3.770657649017937,384.6894959757126,465.6018148124419,True
healthy_maneuver,240.0,2,2,3,5,12,3,3.509455475718953,270.6750834961389,439.8489494139391,True
healthy_maneuver,240.0,3,3,3,5,12,3,2.716840650151624,157.84494063045344,462.45543961983213,True
healthy_maneuver,241.0,1,1,3,5,12,3,3.770657649417552,384.6894959589761,465.6018148016663,True
healthy_maneuver,241.0,2,2,3,5,12,3,3.5094554755073686,270.6750834975211,439.8489494587864,True
healthy_maneuver,241.0,3,3,3,5,12,3,2.7168406502879066,157.84494068694636,462.45543954954354,True
healthy_maneuver,242.0,1,1,3,5,12,3,3.770657649815863,384.68949594223966,465.6018147912485,True
healthy_maneuver,242.0,2,2,3,5,12,3,3.509455475319211,270.67508349896775,439.84894950758064,True
healthy_maneuver,242.0,3,3,3,5,12,3,2.716840650418385,157.84494074411137,462.4554394802393,True
healthy_maneuver,243.0,1,1,3,5,12,3,3.7706576502173643,384.68949592550325,465.6018147808307,True
healthy_maneuver,243.0,2,2,3,5,12,3,3.5094554750961513,270.6750835002209,439.8489495537435,True
healthy_maneuver,243.0,3,3,3,5,12,3,2.7168406505574154,157.84494080127618,462.45543941192,True
healthy_maneuver,244.0,1,1,3,5,12,3,3.770657650616721,384.6894959092171,465.6018147700553,True
healthy_maneuver,244.0,2,2,3,5,12,3,3.5094554748938487,270.6750835016031,439.84894959990646,True
healthy_maneuver,244.0,3,3,3,5,12,3,2.716840650679347,157.8449408584413,462.4554393416315,True
healthy_maneuver,245.0,1,1,3,5,12,3,3.7706576510152927,384.68949589203027,465.60181475963736,True
healthy_maneuver,245.0,2,2,3,5,12,3,3.5094554746841466,270.6750835029853,439.8489496460692,True
healthy_maneuver,245.0,3,3,3,5,12,3,2.716840650814183,157.8449409156062,462.4554392713429,True
healthy_maneuver,246.0,1,1,3,5,12,3,3.7706576514067196,384.6894958761944,465.6018147492196,True
healthy_maneuver,246.0,2,2,3,5,12,3,3.509455474498532,270.6750835043675,439.8489496935479,True
healthy_maneuver,246.0,3,3,3,5,12,3,2.7168406509288547,157.8449409720992,462.4554392030233,True
healthy_maneuver,247.0,1,1,3,5,12,3,3.770657651812707,384.68949585945796,465.60181473844415,True
healthy_maneuver,247.0,2,2,3,5,12,3,3.5094554742907147,270.6750835057497,439.8489497410267,True
healthy_maneuver,247.0,3,3,3,5,12,3,2.716840651062244,157.84494102993622,462.4554391327348,True
healthy_maneuver,248.0,1,1,3,5,12,3,3.7706576522110176,384.6894958427215,465.60181472802645,True
healthy_maneuver,248.0,2,2,3,5,12,3,3.5094554740780293,270.6750835070673,439.84894978718893,True
healthy_maneuver,248.0,3,3,3,5,12,3,2.716840651202717,157.84494108642892,462.45543906441543,True
healthy_maneuver,249.0,1,1,3,5,12,3,3.770657652610632,384.6894958259851,465.6018147172509,True
healthy_maneuver,249.0,2,2,3,5,12,3,3.5094554738787047,270.67508350851404,439.8489498333514,True
healthy_maneuver,249.0,3,3,3,5,12,3,2.716840651329001,157.84494114359393,462.45543899314225,True
healthy_maneuver,250.0,1,1,3,5,12,3,3.7706576530047133,384.6894958087983,465.60181470719067,True
healthy_maneuver,250.0,2,2,3,5,12,3,3.5094554736782926,270.67508350989624,439.84894988083107,True
healthy_maneuver,250.0,3,3,3,5,12,3,2.716840651469478,157.84494120008696,462.45543892482243,True
healthy_maneuver,251.0,1,1,3,5,12,3,3.7706576533993266,384.6894957929624,465.6018146967729,True
healthy_maneuver,251.0,2,2,3,5,12,3,3.5094554734822956,270.6750835112139,439.8489499283094,True
healthy_maneuver,251.0,3,3,3,5,12,3,2.716840651572712,157.84494125792406,462.4554388555187,True
healthy_maneuver,252.0,1,1,3,5,12,3,3.770657653797638,384.6894957762259,465.60181468635506,True
healthy_maneuver,252.0,2,2,3,5,12,3,3.509455473269617,270.6750835125316,439.84894997447213,True
healthy_maneuver,252.0,3,3,3,5,12,3,2.7168406517131896,157.84494131441664,462.455438787199,True
healthy_maneuver,253.0,1,1,3,5,12,3,3.7706576542049306,384.6894957594895,465.6018146752219,True
healthy_maneuver,253.0,2,2,3,5,12,3,3.5094554730506236,270.67508351391376,439.84895001931875,True
healthy_maneuver,253.0,3,3,3,5,12,3,2.7168406518523764,157.84494137158165,462.45543871592605,True
healthy_maneuver,254.0,1,1,3,5,12,3,3.7706576545997996,384.6894957432034,465.6018146648042,True
healthy_maneuver,254.0,2,2,3,5,12,3,3.5094554728576117,270.67508351529597,439.8489500667977,True
healthy_maneuver,254.0,3,3,3,5,12,3,2.7168406519799473,157.84494142807458,462.4554386476067,True
healthy_maneuver,255.0,1,1,3,5,12,3,3.77065765500579,384.6894957264669,465.60181465402866,True
healthy_maneuver,255.0,2,2,3,5,12,3,3.509455472649787,270.67508351667817,439.84895011427585,True
healthy_maneuver,255.0,3,3,3,5,12,3,2.7168406521133353,157.84494148591156,462.4554385773177,True
healthy_maneuver,256.0,1,1,3,5,12,3,3.770657655392982,384.68949571018067,465.60181464396845,True
healthy_maneuver,256.0,2,2,3,5,12,3,3.5094554724519136,270.67508351799586,439.84895016043896,True
healthy_maneuver,256.0,3,3,3,5,12,3,2.7168406522280097,157.84494154240437,462.4554385089984,True
healthy_maneuver,257.0,1,1,3,5,12,3,3.770657655796037,384.68949569299394,465.60181463319304,True
healthy_maneuver,257.0,2,2,3,5,12,3,3.509455472245186,270.6750835194425,439.8489502066019,True
healthy_maneuver,257.0,3,3,3,5,12,3,2.716840652367197,157.8449415995695,462.45543843772555,True
healthy_maneuver,258.0,1,1,3,5,12,3,3.770657656194352,384.6894956762574,465.60181462277524,True
healthy_maneuver,258.0,2,2,3,5,12,3,3.5094554720447673,270.6750835208247,439.84895025408025,True
healthy_maneuver,258.0,3,3,3,5,12,3,2.7168406525076714,157.8449416560622,462.4554383694057,True
healthy_maneuver,259.0,1,1,3,5,12,3,3.7706576565924093,384.68949565997127,465.6018146123575,True
healthy_maneuver,259.0,2,2,3,5,12,3,3.5094554718413726,270.6750835221424,439.8489503015592,True
healthy_maneuver,259.0,3,3,3,5,12,3,2.716840652623807,157.84494171389943,462.45543830010183,True
healthy_maneuver,260.0,1,1,3,5,12,3,3.7706576569907218,384.68949564323486,465.6018146019397,True
healthy_maneuver,260.0,2,2,3,5,12,3,3.5094554716286903,270.67508352346005,439.8489503477217,True
healthy_maneuver,260.0,3,3,3,5,12,3,2.7168406527642803,157.84494177039224,462.4554382317823,True
healthy_maneuver,261.0,1,1,3,5,12,3,3.770657617980674,384.68949835725795,465.6018058015622,True
healthy_maneuver,261.0,2,2,3,5,12,3,3.50945525045147,270.67508501636564,439.84895358080365,True
healthy_maneuver,261.0,3,3,3,5,12,3,2.7168406330115236,157.84493405042866,462.4554366135969,True
healthy_maneuver,262.0,1,1,3,5,12,3,3.7706573669858092,384.6895192491805,465.601743625004,True
healthy_maneuver,262.0,2,2,3,5,12,3,3.5094536714055025,270.6750949739235,439.848969296834,True
healthy_maneuver,262.0,3,3,3,5,12,3,2.7168404711801037,157.84488225401296,462.4554234324149,True
healthy_maneuver,263.0,1,1,3,5,12,3,3.770656748215926,384.6895820245443,465.60157072436465,True
healthy_maneuver,263.0,2,2,3,5,12,3,3.5094492351131965,270.6751209474205,439.84899307640006,True
healthy_maneuver,263.0,3,3,3,5,12,3,2.716839963064773,157.84474708446942,462.4553809643074,True
healthy_maneuver,264.0,1,1,3,5,12,3,3.7706556643174225,384.689716537365,465.60122494928817,True
healthy_maneuver,264.0,2,2,3,5,12,3,3.5094402763468557,270.67516958557235,439.8490023602846,True
healthy_maneuver,264.0,3,3,3,5,12,3,2.7168388361363567,157.84449392499826,462.4552847637562,True
healthy_maneuver,265.0,1,1,3,5,12,3,3.7706540757074003,384.68995866048874,465.6006394809069,True
healthy_maneuver,265.0,2,2,3,5,12,3,3.509424967300523,270.67524663891186,439.8489566549205,True
healthy_maneuver,265.0,3,3,3,5,12,3,2.716836750916663,157.84409283158368,462.45510376806595,True
healthy_maneuver,266.0,1,1,3,5,12,3,3.7706520000556254,384.69035020565826,465.5997429362514,True
healthy_maneuver,266.0,2,2,3,5,12,3,3.5094013226412524,270.6753569704642,439.8487978646341,True
healthy_maneuver,266.0,3,3,3,5,12,3,2.716833301900487,157.84351851373782,462.45480040141507,True
healthy_maneuver,267.0,1,1,3,5,12,3,3.7706495109607405,384.69093874402546,465.5984595449259,True
healthy_maneuver,267.0,2,2,3,5,12,3,3.509367203251878,270.67550456602817,439.8484505325191,True
healthy_maneuver,267.0,3,3,3,5,12,3,2.7168280195372274,157.842750243567,462.45433075570213,True
healthy_maneuver,268.0,1,1,3,5,12,3,3.7706467367755776,384.6917774333178,465.59670932361786,True
healthy_maneuver,268.0,2,2,3,5,12,3,3.509320323313872,270.67569255717365,439.8478223805056,True
healthy_maneuver,268.0,3,3,3,5,12,3,2.7168203722480526,157.84177180100684,462.45364476700064,True
healthy_maneuver,269.0,1,1,3,5,12,3,3.7706438589827873,384.69292481830706,465.59440827540186,True
healthy_maneuver,269.0,2,2,3,5,12,3,3.509258256858964,270.6759232444472,439.84680480511474,True
healthy_maneuver,269.0,3,3,3,5,12,3,2.716809768555415,157.8405713539464,462.4526864331611,True
healthy_maneuver,270.0,1,1,3,5,12,3,3.770641110401385,384.6944445954453,465.5914686141936,True
healthy_maneuver,270.0,2,2,3,5,12,3,3.5091784450214747,270.6761981301926,439.84527349225164,True
healthy_maneuver,270.0,3,3,3,5,12,3,2.71679556018685,157.83914133653505,462.45139409812055,True
healthy_maneuver,271.0,1,1,3,5,12,3,3.7706387732522955,384.69640536851017,465.58779899632975,True
healthy_maneuver,271.0,2,2,3,5,12,3,3.50907820504027,270.6765179551971,439.84308912695826,True
healthy_maneuver,271.0,3,3,3,5,12,3,2.7167770450175173,157.83747830199908,462.4497007182606,True
healthy_maneuver,272.0,1,1,3,5,12,3,3.7706371767977367,384.69888035830286,465.5833047957456,True
healthy_maneuver,272.0,2,2,3,5,12,3,3.508954738834281,270.6768827397313,439.84009811265327,True
healthy_maneuver,272.0,3,3,3,5,12,3,2.716753469955654,157.83558278429612,462.4475341331666,True
healthy_maneuver,273.0,1,1,3,5,12,3,3.7706366948972136,384.70194709576276,465.5778883864724,True
healthy_maneuver,273.0,2,2,3,5,12,3,3.5088051432272254,270.67729183551035,439.83613347329737,True
healthy_maneuver,273.0,3,3,3,5,12,3,2.71672403545894,157.83345907573164,462.4448174797854,True
healthy_maneuver,274.0,1,1,3,5,12,3,3.7706377434715823,384.7056871246756,465.5714494213474,True
healthy_maneuver,274.0,2,2,3,5,12,3,3.508626420405432,270.677743976861,439.8310157093516,True
healthy_maneuver,274.0,3,3,3,5,12,3,2.7166878987063208,157.8311150613049,462.44146948831735,True
healthy_maneuver,275.0,1,1,3,5,12,3,3.7706407776192994,384.7101856322564,465.56388518292806,True
healthy_maneuver,275.0,2,2,3,5,12,3,3.508415489117623,270.67823734606,439.8245538269568,True
healthy_maneuver,275.0,3,3,3,5,12,3,2.71664417825062,157.82856200069148,462.4374049028876,True
healthy_maneuver,276.0,1,1,3,5,12,3,3.770646288659952,384.71553110144305,465.5550908935448,True
healthy_maneuver,276.0,2,2,3,5,12,3,3.5081691964871955,270.67876963814723,439.8165463512276,True
healthy_maneuver,276.0,3,3,3,5,12,3,2.7165919584513136,157.82581429223856,462.4325348764934,True
healthy_maneuver,277.0,1,1,3,5,12,3,3.7706548010802394,384.72181493531383,465.5449600744226,True
healthy_maneuver,277.0,2,2,3,5,12,3,3.5078843299027342,270.6793381334632,439.8067824029098,True
healthy_maneuver,277.0,3,3,3,5,12,3,2.7165302941424554,157.8228892380245,462.426767401756,True
healthy_maneuver,278.0,1,1,3,5,12,3,3.7706668692154297,384.72913105802917,465.5333849191513,True
healthy_maneuver,278.0,2,2,3,5,12,3,3.5075576301689297,270.6799397775667,439.7950428827031,True
healthy_maneuver,278.0,3,3,3,5,12,3,2.71645821571183,157.8198067838784,462.4200077752352,True
healthy_maneuver,279.0,1,1,3,5,12,3,3.7706830741316133,384.7375755199725,465.52025665836885,True
healthy_maneuver,279.0,2,2,3,5,12,3,3.507185804510537,270.6805712651089,439.78110165060656,True
healthy_maneuver,279.0,3,3,3,5,12,3,2.7163747344264086,157.81658926945403,462.41215904947745,True
healthy_maneuver,280.0,1,1,3,5,12,3,3.770704019922995,384.74724606733764,465.50546596859675,True
healthy_maneuver,280.0,2,2,3,5,12,3,3.5067655402765237,270.68122913081027,439.76472678534867,True
healthy_maneuver,280.0,3,3,3,5,12,3,2.716278847431612,157.81326114386073,462.40312250216493,True
healthy_maneuver,281.0,1,1,3,5,12,3,3.77073033037639,384.75824171908124,465.48890337022203,True
healthy_maneuver,281.0,2,2,3,5,12,3,3.506293518493664,270.68190984276083,439.74568184829207,True
healthy_maneuver,281.0,3,3,3,5,12,3,2.716169543837264,157.80984868262627,462.39279816841184,True
healthy_maneuver,282.0,1,1,3,5,12,3,3.770762645439209,384.7706623427367,465.47045963147207,True
healthy_maneuver,282.0,2,2,3,5,12,3,3.505766428348496,270.68260990215725,439.7237272141024,True
healthy_maneuver,282.0,3,3,3,5,12,3,2.7160458099079867,157.80637972839222,462.38108530083747,True
healthy_maneuver,283.0,1,1,3,5,12,3,3.7708016175343353,384.7846081975073,465.4500262059849,True
healthy_maneuver,283.0,2,2,3,5,12,3,3.5051809810440293,270.6833259443414,439.69862137342216,True
healthy_maneuver,283.0,3,3,3,5,12,3,2.71590663520735,157.80288335366754,462.36788291753095,True
healthy_maneuver,284.0,1,1,3,5,12,3,3.7708479079185264,384.8001794853574,465.42749565405927,True
healthy_maneuver,284.0,2,2,3,5,12,3,3.504533924666526,270.68405485075425,439.6701223735049,True
healthy_maneuver,284.0,3,3,3,5,12,3,2.715751018622986,157.7993895972207,462.3530903193444,True
healthy_maneuver,285.0,1,1,3,5,12,3,3.770902183085214,384.81747590918155,465.4027620797033,True
healthy_maneuver,285.0,2,2,3,5,12,3,3.5038220580851394,270.68479384958454,439.637989085808,True
healthy_maneuver,285.0,3,3,3,5,12,3,2.7155779739298604,157.79592915656093,462.3366075953603,True
healthy_maneuver,286.0,1,1,3,5,12,3,3.770965111062104,384.83659621466455,465.37572156591926,True
healthy_maneuver,286.0,2,2,3,5,12,3,3.503042246073601,270.68554063410863,439.6019827142975,True
healthy_maneuver,286.0,3,3,3,5,12,3,2.715386536193821,157.7925330784473,462.3183361841912,True
healthy_maneuver,287.0,1,1,3,5,12,3,3.771037357743813,384.8576377323239,465.34627261906417,True
healthy_maneuver,287.0,2,2,3,5,12,3,3.502191433054981,270.6862934692913,439.5618680921326,True
healthy_maneuver,287.0,3,3,3,5,12,3,2.71517576752382,157.78923248553582,462.2981793704026,True
healthy_maneuver,288.0,1,1,3,5,12,3,3.771119583352031,384.88069593647805,465.3143166027948,True
healthy_maneuver,288.0,2,2,3,5,12,3,3.5012666578267324,270.6870513049919,439.5174151171079,True
healthy_maneuver,288.0,3,3,3,5,12,3,2.7149447633057124,157.78605823586457,462.276042844137,True
healthy_maneuver,289.0,1,1,3,5,12,3,3.7712124387025345,384.9058639781612,465.27975818437824,True
healthy_maneuver,289.0,2,2,3,5,12,3,3.5002650673130162,270.68781388793013,439.46840014201155,True
healthy_maneuver,289.0,3,3,3,5,12,3,2.714692658020116,157.78304065958073,462.25183520618697,True
healthy_maneuver,290.0,1,1,3,5,12,3,3.771316561740707,384.933232259868,465.2425057566007,True
healthy_maneuver,290.0,2,2,3,5,12,3,3.4991839307971953,270.68858186780164,439.4146073385379,True
healthy_maneuver,290.0,3,3,3,5,12,3,2.7144186309621054,157.78020926353577,462.2254684873492,True
healthy_maneuver,291.0,1,1,3,5,12,3,3.771432573943131,384.96288797405214,465.202471880398,True
healthy_maneuver,291.0,2,2,3,5,12,3,3.4980206526468844,270.6893569037351,439.35583001579096,True
healthy_maneuver,291.0,3,3,3,5,12,3,2.714121912199228,157.77759242445316,462.19685866203446,True
healthy_maneuver,292.0,1,1,3,5,12,3,3.771561076906182,384.9949146910164,465.15957369041365,True
healthy_maneuver,292.0,2,2,3,5,12,3,3.4967727862030062,270.69014176597244,439.2918719935747,True
healthy_maneuver,292.0,3,3,3,5,12,3,2.7138017879238916,157.77521710857164,462.1659261455897,True
healthy_maneuver,293.0,1,1,3,5,12,3,3.77170264899971,385.02939192575167,465.11373331042256,True
healthy_maneuver,293.0,2,2,3,5,12,3,3.4954380458943306,270.6909404310338,439.2225488744255,True
healthy_maneuver,293.0,3,3,3,5,12,3,2.7134576058385482,157.77310862116735,462.1325962664981,True
healthy_maneuver,294.0,1,1,3,5,12,3,3.7718578419694704,385.0663947234364,465.0648782564491,True
healthy_maneuver,294.0,2,2,3,5,12,3,3.4940143194691142,270.6917581705287,439.14768929745566,True
healthy_maneuver,294.0,3,3,3,5,12,3,2.713088780526379,157.77129030148538,462.096799772201,True
healthy_maneuver,295.0,1,1,3,5,12,3,3.7720271777142345,385.1059932569624,465.0129418127737,True
healthy_maneuver,295.0,2,2,3,5,12,3,3.492499679563905,270.69260163116314,439.0671361370195,True
healthy_maneuver,295.0,3,3,3,5,12,3,2.712694797994318,157.769783306139,462.05847323374144,True
healthy_maneuver,296.0,1,1,3,5,12,3,3.7722111450881486,385.1482524294386,464.95786341336935,True
healthy_maneuver,296.0,2,2,3,5,12,3,3.490892395196115,270.6934789099157,438.98074772876055,True
healthy_maneuver,296.0,3,3,3,5,12,3,2.7122752206122342,157.76860631150316,462.0175595206816,True
healthy_maneuver,297.0,1,1,3,5,12,3,3.7724101969820656,385.19323152088015,464.89958896850345,True
healthy_maneuver,297.0,2,2,3,5,12,3,3.489190940956837,270.69439961451496,438.8883989051108,True
healthy_maneuver,297.0,3,3,3,5,12,3,2.711829691172395,157.76777531035552,461.9740081966099,True
healthy_maneuver,298.0,1,1,3,5,12,3,3.772624747113949,385.2409837934108,464.8380712256758,True
healthy_maneuver,298.0,2,2,3,5,12,3,3.487394007685568,270.6953749152488,438.78998211257027,True
healthy_maneuver,298.0,3,3,3,5,12,3,2.7113579367072145,157.76730338622124,461.92777589063724,True
healthy_maneuver,299.0,1,1,3,5,12,3,3.7728551674149142,385.29155617430666,464.77327004847535,True
healthy_maneuver,299.0,2,2,3,5,12,3,3.485500510538946,270.69641758450507,438.68540835953314,True
healthy_maneuver,299.0,3,3,3,5,12,3,2.7108597726033676,157.76720046222692,461.8788267101256,True
healthy_maneuver,300.0,1,1,3,5,12,3,3.7731017849854496,385.3449889001185,464.7051527310261,True
healthy_maneuver,300.0,2,2,3,5,12,3,3.483509597565024,270.6975420245283,438.5746081821403,True
healthy_maneuver,300.0,3,3,3,5,12,3,2.7103351051499684,157.76747314304228,461.827132529137,True
healthy_maneuver,301.0,1,1,3,5,12,3,3.7733343089466453,385.3996057512055,464.63356664146005,True
healthy_maneuver,301.0,2,2,3,5,12,3,3.4814310386826492,270.69943319064834,438.4647931069313,True
healthy_maneuver,301.0,3,3,3,5,12,3,2.7098048993945354,157.764642019582,461.7748455302625,True
healthy_maneuver,302.0,1,1,3,5,12,3,3.773515735260235,385.45305298622355,464.5588527930547,True
healthy_maneuver,302.0,2,2,3,5,12,3,3.4792910422771257,270.70287484537124,438.36514959082854,True
healthy_maneuver,302.0,3,3,3,5,12,3,2.7092973936751275,157.75466562145098,461.7248539133458,True
healthy_maneuver,303.0,1,1,3,5,12,3,3.7736382363726797,385.504402462251,464.48183136450814,True
healthy_maneuver,303.0,2,2,3,5,12,3,3.477115601014717,270.70797870376225,438.2781946212291,True
healthy_maneuver,303.0,3,3,3,5,12,3,2.7088225888636623,157.7369656740639,461.67814910201844,True
healthy_maneuver,304.0,1,1,3,5,12,3,3.7736943375593124,385.55268057370546,464.40343965792516,True
healthy_maneuver,304.0,2,2,3,5,12,3,3.4749337087342296,270.71483722507594,438.2064450976119,True
healthy_maneuver,304.0,3,3,3,5,12,3,2.7083907495552575,157.71105039672426,461.6357529580772,True
healthy_maneuver,305.0,1,1,3,5,12,3,3.7736770899847043,385.59688441299176,464.32472255779913,True
healthy_maneuver,305.0,2,2,3,5,12,3,3.4727770006817282,270.7235201860777,438.15236684993164,True
healthy_maneuver,305.0,3,3,3,5,12,3,2.7080122107682962,157.67653145462418,461.59869942864503,True
healthy_maneuver,306.0,1,1,3,5,12,3,3.7735802454439287,385.63599976755756,464.2468198216762,True
healthy_maneuver,306.0,2,2,3,5,12,3,3.4706793052160654,270.73407149103815,438.11832073186366,True
healthy_maneuver,306.0,3,3,3,5,12,3,2.7076971714899427,157.63313991246895,461.5680144387622,True
healthy_maneuver,307.0,1,1,3,5,12,3,3.773398427493877,385.6690206431573,464.1709503180779,True
healthy_maneuver,307.0,2,2,3,5,12,3,3.4686761102493118,270.7465063232771,438.10650727194707,True
healthy_maneuver,307.0,3,3,3,5,12,3,2.707455479611723,157.58074076353108,461.5446945602096,True
healthy_maneuver,308.0,1,1,3,5,12,3,3.7731272970693497,385.69496993693565,464.098393380362,True
healthy_maneuver,308.0,2,2,3,5,12,3,3.4668039543973443,270.76080870530853,438.1189109022401,True
healthy_maneuver,308.0,3,3,3,5,12,3,2.7072964130226627,157.51934574472494,461.52968475377446,True
healthy_maneuver,309.0,1,1,3,5,12,3,3.7727637083238825,385.71292086634173,464.03046750059497,True
healthy_maneuver,309.0,2,2,3,5,12,3,3.465099753544987,270.7769295634912,438.15724497422275,True
healthy_maneuver,309.0,3,3,3,5,12,3,2.707228463559717,157.4491237296926,461.52385578493175,True
healthy_maneuver,310.0,1,1,3,5,12,3,3.7723058504996105,385.72201869714524,463.9685067558694,True
healthy_maneuver,310.0,2,2,3,5,12,3,3.463600075240735,270.79478536944015,438.2228991939198,True
healthy_maneuver,310.0,3,3,3,5,12,3,2.707259126862803,157.37040865262466,461.5279817125852,True
healthy_maneuver,311.0,1,1,3,5,12,3,3.7717533739241076,385.72150231405243,463.91383528930095,True
healthy_maneuver,311.0,2,2,3,5,12,3,3.4623403801197163,270.81425742241714,438.31689080229324,True
healthy_maneuver,311.0,3,3,3,5,12,3,2.7073947055489707,157.2837044053355,461.54271807171597,True
healthy_maneuver,312.0,1,1,3,5,12,3,3.7711074952627137,385.7107250578,463.8677404606027,True
healthy_maneuver,312.0,2,2,3,5,12,3,3.461354244624003,270.83519182260284,438.4398206689975,True
healthy_maneuver,312.0,3,3,3,5,12,3,2.7076401290390657,157.18968650694438,461.56858122058713,True
healthy_maneuver,313.0,1,1,3,5,12,3,3.7703710797477177,385.68917444804856,463.831445075428,True
healthy_maneuver,313.0,2,2,3,5,12,3,3.4606725866768566,270.8574001777427,438.5918359259563,True
healthy_maneuver,313.0,3,3,3,5,12,3,2.7079987945213713,157.08920027966963,461.605929519621,True
healthy_maneuver,314.0,1,1,3,5,12,3,3.769548696504267,385.65649017657523,463.80607942326105,True
healthy_maneuver,314.0,2,2,3,5,12,3,3.46032291321667,270.88066106655674,438.77260014766637,True
healthy_maneuver,314.0,3,3,3,5,12,3,2.7084724324060954,156.98325530493662,461.65494678133336,True
healthy_maneuver,315.0,1,1,3,5,12,3,3.768646644484366,385.61247993681826,463.79265366154374,True
healthy_maneuver,315.0,2,2,3,5,12,3,3.460328608724525,270.9047222641161,438.981272295818,True
healthy_maneuver,315.0,3,3,3,5,12,3,2.709060999400802,156.87301621048388,461.7156284699499,True
healthy_maneuver,316.0,1,1,3,5,12,3,3.7676963881401515,385.5620437046095,463.7858496896667,True
healthy_maneuver,316.0,2,2,3,5,12,3,3.460531043060555,270.92954174753424,439.2065396540423,True
healthy_maneuver,316.0,3,3,3,5,12,3,2.709717165365741,156.75974488895378,461.78314242288246,True
healthy_maneuver,317.0,1,1,3,5,12,3,3.7667258333325844,385.51031937886046,463.7795653836175,True
healthy_maneuver,317.0,2,2,3,5,12,3,3.4607527749236753,270.9552669791989,439.43744501958093,True
healthy_maneuver,317.0,3,3,3,5,12,3,2.7103927370700913,156.64392922685434,461.85256947739583,True
healthy_maneuver,318.0,1,1,3,5,12,3,3.7657357467278083,385.4573037048245,463.7739034062619,True
healthy_maneuver,318.0,2,2,3,5,12,3,3.4609962805053542,270.98189515845286,439.67391553729806,True
healthy_maneuver,318.0,3,3,3,5,12,3,2.7110878012191795,156.52567660757828,461.9239125689176,True
healthy_maneuver,319.0,1,1,3,5,12,3,3.7647269313086675,385.40299338185633,463.7689696642714,True
healthy_maneuver,319.0,2,2,3,5,12,3,3.461264122227526,271.00942094982577,439.9158718233179,True
healthy_maneuver,319.0,3,3,3,5,12,3,2.7118024271922407,156.40510140446662,461.9971729371166,True
healthy_maneuver,320.0,1,1,3,5,12,3,3.7637002244852873,385.3473850529606,463.7648729148958,True
healthy_maneuver,320.0,2,2,3,5,12,3,3.4615589406099665,271.0378363850597,440.163228125189,True
healthy_maneuver,320.0,3,3,3,5,12,3,2.712536666850818,156.28232466336155,462.0723501026677,True
healthy_maneuver,321.0,1,1,3,5,12,3,3.7626564935802715,385.29047524113116,463.76172441043946,True
healthy_maneuver,321.0,2,2,3,5,12,3,3.4618834426999294,271.06713076935944,440.41589242474095,True
healthy_maneuver,321.0,3,3,3,5,12,3,2.7132905532622393,156.15747383971953,462.1494418005147,True
healthy_maneuver,322.0,1,1,3,5,12,3,3.7615966334870334,385.2322603386854,463.75963748835056,True
healthy_maneuver,322.0,2,2,3,5,12,3,3.4622403927219696,271.09729060972546,440.6737666275741,True
healthy_maneuver,322.0,3,3,3,5,12,3,2.7140640998278105,156.03068245040322,462.2284438926152,True
healthy_maneuver,323.0,1,1,3,5,12,3,3.760521563326652,385.17273658424017,463.75872715997644,True
healthy_maneuver,323.0,2,2,3,5,12,3,3.4626326007996098,271.1282995534801,440.9367467108567,True
healthy_maneuver,323.0,3,3,3,5,12,3,2.714857300291014,155.90208974342102,462.3093503812212,True
healthy_maneuver,324.0,1,1,3,5,12,3,3.759432223444659,385.1119000485537,463.75910969497147,True
healthy_maneuver,324.0,2,2,3,5,12,3,3.4630629125838666,271.16013833791015,441.2047228814423,True
healthy_maneuver,324.0,3,3,3,5,12,3,2.7156701277475594,155.77184032079214,462.39215331476447,True
healthy_maneuver,325.0,1,1,3,5,12,3,3.7583295720226513,385.0497466161773,463.7609022095624,True
healthy_maneuver,325.0,2,2,3,5,12,3,3.4635341978177006,271.1927847639805,441.47757975959485,True
healthy_maneuver,325.0,3,3,3,5,12,3,2.716502534408952,155.64008375784374,462.47684277843854,True
healthy_maneuver,326.0,1,1,3,5,12,3,3.7572145816611884,384.9862720038218,463.76422222216144,True
healthy_maneuver,326.0,2,2,3,5,12,3,3.464049338376592,271.22621368418663,441.75519654486703,True
healthy_maneuver,326.0,3,3,3,5,12,3,2.7173544508182013,155.50697422113845,462.56340683071426,True
healthy_maneuver,327.0,1,1,3,5,12,3,3.7560882369261614,384.92147175983274,463.7691872317691,True
healthy_maneuver,327.0,2,2,3,5,12,3,3.4646112179200896,271.26039700894677,442.0374472059554,True
healthy_maneuver,327.0,3,3,3,5,12,3,2.7182257861881087,155.37267001250015,462.651831503726,True
healthy_maneuver,328.0,1,1,3,5,12,3,3.7549515311731545,384.85534127706495,463.77591429319193,True
healthy_maneuver,328.0,2,2,3,5,12,3,3.4652227098738235,271.29530373334507,442.3242006415013,True
healthy_maneuver,328.0,3,3,3,5,12,3,2.719116428070935,155.2373331728652,462.74210076037787,True
healthy_maneuver,329.0,1,1,3,5,12,3,3.75380546320197,384.78787583988657,463.78451958703727,True
healthy_maneuver,329.0,2,2,3,5,12,3,3.46588666643198,271.3308999925464,442.615320971076,True
healthy_maneuver,329.0,3,3,3,5,12,3,2.7200262416570498,155.10112904571065,462.8341964525947,True
healthy_maneuver,330.0,1,1,3,5,12,3,3.7526510355719567,384.7190706509627,463.7951179927583,True
healthy_maneuver,330.0,2,2,3,5,12,3,3.4666059073655435,271.3671491226498,442.91066762240166,True
healthy_maneuver,330.0,3,3,3,5,12,3,2.7209550710927295,154.96422579166673,462.92809835671557,True
healthy_maneuver,331.0,1,1,3,5,12,3,3.751489250534585,384.64892088899853,463.80782268623926,True
healthy_maneuver,331.0,2,2,3,5,12,3,3.467383208303445,271.40401175665846,443.21009560771677,True
healthy_maneuver,331.0,3,3,3,5,12,3,2.7219027383487284,154.82679395978926,463.02378412336026,True
healthy_maneuver,332.0,1,1,3,5,12,3,3.7503211091478197,384.5774217633916,463.82274471708655,True
healthy_maneuver,332.0,2,2,3,5,12,3,3.4682212912809187,271.44144593170597,443.5134557197541,True
healthy_maneuver,332.0,3,3,3,5,12,3,2.722869044743433,154.68900601631915,463.12122929175035,True
healthy_maneuver,333.0,1,1,3,5,12,3,3.7491476078722923,384.5045685904654,463.83999263471406,True
healthy_maneuver,333.0,2,2,3,5,12,3,3.469122813173818,271.47940723063624,443.8205947575406,True
healthy_maneuver,333.0,3,3,3,5,12,3,2.7238537704948356,154.55103584794418,463.2204072988659,True
healthy_maneuver,334.0,1,1,3,5,12,3,3.747969736952608,384.43035688217265,463.8596720879833,True
healthy_maneuver,334.0,2,2,3,5,12,3,3.4700903558287837,271.51784892955834,444.13135574982937,True
healthy_maneuver,334.0,3,3,3,5,12,3,2.724856675543063,154.41305834335043,463.3212894649856,True
healthy_maneuver,335.0,1,1,3,5,12,3,3.746788478495809,384.3547824368335,463.8818854565543,True
healthy_maneuver,335.0,2,2,3,5,12,3,3.4711264168602067,271.55672217433323,444.4455781881883,True
healthy_maneuver,335.0,3,3,3,5,12,3,2.7258775001820794,154.27524886204736,463.42384502434294,True
healthy_maneuver,336.0,1,1,3,5,12,3,3.7456048054094833,384.2778414411166,463.9067314999171,True
healthy_maneuver,336.0,2,2,3,5,12,3,3.472233400325444,271.5959761749535,444.7630982597643,True
healthy_maneuver,336.0,3,3,3,5,12,3,2.726915966545331,154.1377827637349,463.5280411746447,True
healthy_maneuver,337.0,1,1,3,5,12,3,3.7444196787733075,384.1995305909386,463.9343050268846,True
healthy_maneuver,337.0,2,2,3,5,12,3,3.4734136067575268,271.6355584198636,445.0837490635666,True
healthy_maneuver,337.0,3,3,3,5,12,3,2.7279717783670763,154.00083496378355,463.63384307521136,True
healthy_maneuver,338.0,1,1,3,5,12,3,3.743234047489185,384.11984721029893,463.9646965611031,True
healthy_maneuver,338.0,2,2,3,5,12,3,3.4746692260903242,271.6754149054266,445.4073609122406,True
healthy_maneuver,338.0,3,3,3,5,12,3,2.729044622457212,153.86457947230605,463.74121385817057,True
healthy_maneuver,339.0,1,1,3,5,12,3,3.7420488463040775,384.03878939005705,463.99799205567746,True
healthy_maneuver,339.0,2,2,3,5,12,3,3.476002328547443,271.71549038031185,445.73376152596825,True
healthy_maneuver,339.0,3,3,3,5,12,3,2.7301341697360613,153.72918888323395,463.85011474051475,True
healthy_maneuver,340.0,1,1,3,5,12,3,3.740864996302003,383.95635612373786,464.03427257791736,True
healthy_maneuver,340.0,2,2,3,5,12,3,3.4774148590524065,271.7557286032242,446.0627763318066,True
healthy_maneuver,340.0,3,3,3,5,12,3,2.7312400767702076,153.59483394949746,463.96050500473734,True
healthy_maneuver,341.0,1,1,3,5,12,3,3.7396834027469965,383.8725474530522,464.07361408382644,True
healthy_maneuver,341.0,2,2,3,5,12,3,3.4789086282308954,271.796072615616,446.39422863972044,True
healthy_maneuver,341.0,3,3,3,5,12,3,2.7323619862234882,153.46168310896925,464.0723420876149,True
healthy_maneuver,342.0,1,1,3,5,12,3,3.738504955666789,383.78736463737596,464.11608713319237,True
healthy_maneuver,342.0,2,2,3,5,12,3,3.480485308070753,271.83646502412637,446.727940006996,True
healthy_maneuver,342.0,3,3,3,5,12,3,2.733499528791361,153.3299020738826,464.1855816277507,True
healthy_maneuver,343.0,1,1,3,5,12,3,3.737330528741023,383.7008102879321,464.16175669852856,True
healthy_maneuver,343.0,2,2,3,5,12,3,3.4821464246512095,271.8768482873606,447.06373038385954,True
healthy_maneuver,343.0,3,3,3,5,12,3,2.7346523240806384,153.1996533543265,464.30017753687065,True
healthy_maneuver,344.0,1,1,3,5,12,3,3.7361609796665913,383.61288854477004,464.21068193538457,True
healthy_maneuver,344.0,2,2,3,5,12,3,3.4838933540186243,271.9171650091723,447.4014184426098,True
healthy_maneuver,344.0,3,3,3,5,12,3,2.7358199820795988,153.07109588578265,464.4160820413153,True
healthy_maneuver,345.0,1,1,3,5,12,3,3.7349971497575942,383.52360523506786,464.26291601169595,True
healthy_maneuver,345.0,2,2,3,5,12,3,3.4857273167130023,271.95735824072364,447.74082180003114,True
healthy_maneuver,345.0,3,3,3,5,12,3,2.737002104344415,152.944384594328,464.53324577411854,True
healthy_maneuver,346.0,1,1,3,5,12,3,3.733839863911424,383.43296803281964,464.3185059367421,True
healthy_maneuver,346.0,2,2,3,5,12,3,3.487649373993213,271.99737177410555,448.0817572902998,True
healthy_maneuver,346.0,3,3,3,5,12,3,2.7381982853242413,152.81967000847595,464.65161784081755,True
healthy_maneuver,347.0,1,1,3,5,12,3,3.7326899302954453,383.34098662053987,464.37749241433477,True
healthy_maneuver,347.0,2,2,3,5,12,3,3.4896604236460287,272.03715043778476,448.42404120835454,True
healthy_maneuver,347.0,3,3,3,5,12,3,2.739408113434876,152.69709789305426,464.7711458973363,True
healthy_maneuver,348.0,1,1,3,5,12,3,3.731548141974776,383.24767284659504,464.43990970792896,True
healthy_maneuver,348.0,2,2,3,5,12,3,3.4917611980694683,272.0766403885594,448.7674895645041,True
healthy_maneuver,348.0,3,3,3,5,12,3,2.7406311729621984,152.57680886598175,464.89177622166557,True
healthy_maneuver,349.0,1,1,3,5,12,3,3.7304152750316373,383.15304088522095,464.5057855497459,True
healthy_maneuver,349.0,2,2,3,5,12,3,3.49395225965365,272.11578940113964,449.1119183388595,True
healthy_maneuver,349.0,3,3,3,5,12,3,2.7418670441092376,152.45893805875176,465.0134538158898,True
healthy_maneuver,350.0,1,1,3,5,12,3,3.729292090581446,383.057107376255,464.57514102760894,True
healthy_maneuver,350.0,2,2,3,5,12,3,3.4962340001331964,272.1545471326585,449.4571436996398,True
healthy_maneuver,350.0,3,3,3,5,12,3,2.7431153051640993,152.34361479027362,465.1361224739049,True
healthy_maneuver,351.0,1,1,3,5,12,3,3.7281793338164664,382.9598915652499,464.6479905357951,True
healthy_maneuver,351.0,2,2,3,5,12,3,3.4986066376107496,272.19286539555327,449.8029822653161,True
healthy_maneuver,351.0,3,3,3,5,12,3,2.7443755324930277,152.23096226719377,465.2597248560526,True
healthy_maneuver,352.0,1,1,3,5,12,3,3.7270777353046562,382.86141543996035,464.72434168475087,True
healthy_maneuver,352.0,2,2,3,5,12,3,3.5010702164922294,272.23069839515364,450.14925133547695,True
healthy_maneuver,352.0,3,3,3,5,12,3,2.745647302242817,152.12109727696247,465.38420257389816,True
healthy_maneuver,353.0,1,1,3,5,12,3,3.7259880099529195,382.76170384679244,464.8041952867144,True
healthy_maneuver,353.0,2,2,3,5,12,3,3.503624604759225,272.2680029684584,450.49576908462655,True
healthy_maneuver,353.0,3,3,3,5,12,3,2.7469301903524657,152.0141299194874,465.50949629050507,True
healthy_maneuver,354.0,1,1,3,5,12,3,3.724910857724413,382.6607845923966,464.88754532432387,True
healthy_maneuver,354.0,2,2,3,5,12,3,3.5062694945368764,272.30473880092916,450.842354862503,True
healthy_maneuver,354.0,3,3,3,5,12,3,2.7482237735714854,151.91016335340444,465.63554579580085,True
healthy_maneuver,355.0,1,1,3,5,12,3,3.7238469634245237,382.5586885398515,464.97437893605,True
healthy_maneuver,355.0,2,2,3,5,12,3,3.5090044008628256,272.34086860900715,451.1888293089116,True
healthy_maneuver,355.0,3,3,3,5,12,3,2.7495276297407245,151.80929357348813,465.7622900856575,True
healthy_maneuver,356.0,1,1,3,5,12,3,3.7227969970398855,382.45544969546546,465.06467640926144,True
healthy_maneuver,356.0,2,2,3,5,12,3,3.511828662703567,272.3763583132761,451.53501461076604,True
healthy_maneuver,356.0,3,3,3,5,12,3,2.7508413382963774,151.711609176533,465.8896674484448,True
healthy_maneuver,357.0,1,1,3,5,12,3,3.7217616129521742,382.35110526513597,465.1584112056818,True
healthy_maneuver,357.0,2,2,3,5,12,3,3.514741442418571,272.4111771909085,451.8807347106992,True
healthy_maneuver,357.0,3,3,3,5,12,3,2.7521644800297986,151.61719120342218,466.01761553344585,True
healthy_maneuver,358.0,1,1,3,5,12,3,3.720741449877036,382.2456956998263,465.25554998408654,True
healthy_maneuver,358.0,2,2,3,5,12,3,3.517741726585402,272.44529799047723,452.22581546179333,True
healthy_maneuver,358.0,3,3,3,5,12,3,2.7534966373416943,151.5261129421935,466.14607143871694,True
healthy_maneuver,359.0,1,1,3,5,12,3,3.7197371307908123,382.1392647261265,465.3560526389757,True
healthy_maneuver,359.0,2,2,3,5,12,3,3.5208283275647774,272.478697030274,452.57008483285733,True
healthy_maneuver,359.0,3,3,3,5,12,3,2.7548373940208783,151.43843979930824,466.27497177245004,True
healthy_maneuver,360.0,1,1,3,5,12,3,3.718749261411531,382.03185934897056,465.45987235850424,True
healthy_maneuver,360.0,2,2,3,5,12,3,3.5239998833647093,272.5113542647246,452.91337305044703,True
healthy_maneuver,360.0,3,3,3,5,12,3,2.7561863345582203,151.354229181527,466.40425272776656,True
healthy_maneuver,361.0,1,1,3,5,12,3,3.717778430452068,381.9235298546628,465.56695567340836,True
healthy_maneuver,361.0,2,2,3,5,12,3,3.527254860296445,272.5432533302356,453.25551279503316,True
healthy_maneuver,361.0,3,3,3,5,12,3,2.757543044256855,151.27353036388658,466.53385017859773,True
healthy_maneuver,362.0,1,1,3,5,12,3,3.7168252073109413,381.81432977768037,465.6772425444425,True
healthy_maneuver,362.0,2,2,3,5,12,3,3.530591552976373,272.5743815539766,453.59633930535114,True
healthy_maneuver,362.0,3,3,3,5,12,3,2.7589071075220373,151.19638445130246,466.66369971846615,True
healthy_maneuver,363.0,1,1,3,5,12,3,3.715890143003323,381.7043158440757,465.79066642795834,True
healthy_maneuver,363.0,2,2,3,5,12,3,3.534008088568516,272.60472994162086,453.93569056635107,True
healthy_maneuver,363.0,3,3,3,5,12,3,2.7602781081384924,151.12282430857258,466.793736714152,True
healthy_maneuver,364.0,1,1,3,5,12,3,3.7149737670749126,381.59354791452597,465.907154384444,True
healthy_maneuver,364.0,2,2,3,5,12,3,3.5375024267873085,272.6342931364247,454.27340740825287,True
healthy_maneuver,364.0,3,3,3,5,12,3,2.7616556276485293,151.05287450653267,466.92389642297246,True
healthy_maneuver,365.0,1,1,3,5,12,3,3.7140765872172383,381.4820888953989,466.0266271678219,True
healthy_maneuver,365.0,2,2,3,5,12,3,3.5410723632190866,272.663069351615,454.60933364285455,True
healthy_maneuver,365.0,3,3,3,5,12,3,2.763039243932066,150.98655136282963,467.0541139632418,True
healthy_maneuver,366.0,1,1,3,5,12,3,3.713199087673615,381.37000461997684,466.1489993551407,True
healthy_maneuver,366.0,2,2,3,5,12,3,3.5447155323112365,272.6910602764455,454.9433161834106,True
healthy_maneuver,366.0,3,3,3,5,12,3,2.764428530732231,150.92386290262843,467.1843244518459,True
healthy_maneuver,367.0,1,1,3,5,12,3,3.712341728166078,381.25736374486434,466.274179447498,True
healthy_maneuver,367.0,2,2,3,5,12,3,3.5484294097849935,272.71827095845674,455.2752051265093,True
healthy_maneuver,367.0,3,3,3,5,12,3,2.7658230561447947,150.86480893375614,467.3144630190291,True
healthy_maneuver,368.0,1,1,3,5,12,3,3.711504941156827,381.1442375838648,466.40207002821506,True
healthy_maneuver,368.0,2,2,3,5,12,3,3.5522113157602835,272.74470965980663,455.604853865541,True
healthy_maneuver,368.0,3,3,3,5,12,3,2.7672223804735663,150.80938111112144,467.4444648362792,True
healthy_maneuver,369.0,1,1,3,5,12,3,3.710689131060727,381.03069996703067,466.532567890257,True
healthy_maneuver,369.0,2,2,3,5,12,3,3.556058418577351,272.7703876959758,455.93211917358315,True
healthy_maneuver,369.0,3,3,3,5,12,3,2.7686260555174163,150.75756300198367,467.5742652031435,True
healthy_maneuver,370.0,1,1,3,5,12,3,3.70989467130961,380.91682706359006,466.6655641920699,True
healthy_maneuver,370.0,2,2,3,5,12,3,3.5599677374384084,272.7953192520892,456.25686128548085,True
healthy_maneuver,370.0,3,3,3,5,12,3,2.7700336224283775,150.7093302107929,467.70379958228125,True
healthy_maneuver,371.0,1,1,3,5,12,3,3.7091219045352615,380.802697171016,466.80094463219166,True
healthy_maneuver,371.0,2,2,3,5,12,3,3.563936148532529,272.81952117645875,456.578943958243,True
healthy_maneuver,371.0,3,3,3,5,12,3,2.771444611001606,150.6646505208531,467.83300361428735,True
healthy_maneuver,372.0,1,1,3,5,12,3,3.708371138278272,380.68839053168006,466.93858962929414,True
healthy_maneuver,372.0,2,2,3,5,12,3,3.567960387168057,272.8430127700428,456.8982345589116,True
healthy_maneuver,372.0,3,3,3,5,12,3,2.772858536966198,150.62348402594995,467.961813196748,True
healthy_maneuver,373.0,1,1,3,5,12,3,3.7076426449057207,380.57398910795865,467.0783744901083,True
healthy_maneuver,373.0,2,2,3,5,12,3,3.5720370538331734,272.865815543385,457.2146040890104,True
healthy_maneuver,373.0,3,3,3,5,12,3,2.774274901263715,150.5857833409343,468.090164482003,True
healthy_maneuver,374.0,1,1,3,5,12,3,3.7069366590466166,380.4595763523635,467.2201696397591,True
healthy_maneuver,374.0,2,2,3,5,12,3,3.5761626189635476,272.8879529832917,457.52792728099513,True
healthy_maneuver,374.0,3,3,3,5,12,3,2.775693188372228,150.55149377664057,468.21799396411285,True
healthy_maneuver,375.0,1,1,3,5,12,3,3.7062533766606234,380.3452369701827,467.3638408155912,True
healthy_maneuver,375.0,2,2,3,5,12,3,3.5803334286398787,272.90945029375587,457.83808260564945,True
healthy_maneuver,375.0,3,3,3,5,12,3,2.7771128650929495,150.52055357958628,468.3452384789549,True
healthy_maneuver,376.0,1,1,3,5,12,3,3.7055929524817897,380.23105668102176,467.5092493029953,True
healthy_maneuver,376.0,2,2,3,5,12,3,3.58454570956443,272.93033413719036,458.14495232048864,True
healthy_maneuver,376.0,3,3,3,5,12,3,2.778533378543992,150.49289419209168,468.47183523474195,True
healthy_maneuver,377.0,1,1,3,5,12,3,3.7049554990472195,380.1171219602155,467.65625217724084,True
healthy_maneuver,377.0,2,2,3,5,12,3,3.588795576278294,272.95063237299956,458.4484225472269,True
healthy_maneuver,377.0,3,3,3,5,12,3,2.779954155912948,150.46844048552308,468.59772190244576,True
healthy_maneuver,378.0,1,1,3,5,12,3,3.7043410845008897,380.00351979029585,467.80470255615955,True
healthy_maneuver,378.0,2,2,3,5,12,3,3.593079036711417,272.97037379186906,458.7483832812875,True
healthy_maneuver,378.0,3,3,3,5,12,3,2.781374602074867,150.44711109443892,468.72283658077714,True
healthy_maneuver,379.0,1,1,3,5,12,3,3.7037497330858717,379.89033739648187,467.9544498639792,True
healthy_maneuver,379.0,2,2,3,5,12,3,3.597392000442559,272.9895878442486,459.04472838415074,True
healthy_maneuver,379.0,3,3,3,5,12,3,2.7827941001970924,150.42881868533541,468.8471178832638,True
healthy_maneuver,380.0,1,1,3,5,12,3,3.7031814221848123,379.7776619928335,468.10534012784177,True
healthy_maneuver,380.0,2,2,3,5,12,3,3.6017302850210537,273.0083043886756,459.33735568373584,True
healthy_maneuver,380.0,3,3,3,5,12,3,2.784212009756989,150.41347031406644,468.97050496668686,True
healthy_maneuver,381.0,1,1,3,5,12,3,3.7026360832762375,379.6655805248342,468.2572162507717,True
healthy_maneuver,381.0,2,2,3,5,12,3,3.6060896251160353,273.0265534262622,459.62616694373446,True
healthy_maneuver,381.0,3,3,3,5,12,3,2.785627667002405,150.40096774194365,469.0929375676395,True
healthy_maneuver,382.0,1,1,3,5,12,3,3.7021135995318857,379.55417940907324,468.4099183526854,True
healthy_maneuver,382.0,2,2,3,5,12,3,3.6104656793921044,273.04436486076395,459.91106792677897,True
healthy_maneuver,382.0,3,3,3,5,12,3,2.7870403834902575,150.3912078347273,469.21435604092267,True
healthy_maneuver,383.0,1,1,3,5,12,3,3.70161380765583,379.44354428035734,468.56328407264294,True
healthy_maneuver,383.0,2,2,3,5,12,3,3.614854041231497,273.06176825252373,460.19196839246115,True
healthy_maneuver,383.0,3,3,3,5,12,3,2.7884494473732295,150.38408290928922,469.3347014119615,True
healthy_maneuver,384.0,1,1,3,5,12,3,3.701136496492465,379.3337597563152,468.7171489172051,True
healthy_maneuver,384.0,2,2,3,5,12,3,3.6192502466360903,273.0787925959455,460.46878211807956,True
healthy_maneuver,384.0,3,3,3,5,12,3,2.789854122538002,150.37948113653928,469.4539154196498,True
healthy_maneuver,385.0,1,1,3,5,12,3,3.7006814070975484,379.22490918982174,468.8713466136101,True
healthy_maneuver,385.0,2,2,3,5,12,3,3.623649783585803,273.0954661048375,460.7414269176308,True
healthy_maneuver,385.0,3,3,3,5,12,3,2.791253648998775,150.3772869714648,469.57194055507637,True
healthy_maneuver,386.0,1,1,3,5,12,3,3.700248233847297,379.1170744354877,469.02570947461805,True
healthy_maneuver,386.0,2,2,3,5,12,3,3.6280481033042737,273.111816015825,461.0098246872668,True
healthy_maneuver,386.0,3,3,3,5,12,3,2.7926472440164973,150.37738155007477,469.68872013119875,True
healthy_maneuver,387.0,1,1,3,5,12,3,3.6998366250409953,379.01033562900324,469.1800687825277,True
healthy_maneuver,387.0,2,2,3,5,12,3,3.632440629788544,273.1278684029298,461.27390137343275,True
healthy_maneuver,387.0,3,3,3,5,12,3,2.794034102854672,150.3796431074278,469.8041983397837,True
healthy_maneuver,388.0,1,1,3,5,12,3,3.699446184083623,378.90477099491505,469.3342551543262,True
healthy_maneuver,388.0,2,2,3,5,12,3,3.636822771162389,273.14364801730846,461.5335870271682,True
healthy_maneuver,388.0,3,3,3,5,12,3,2.7954133995166606,150.38394744897911,469.9183202742558,True
healthy_maneuver,389.0,1,1,3,5,12,3,3.6990764711482242,378.80045661594295,469.4880989765425,True
healthy_maneuver,389.0,2,2,3,5,12,3,3.6411899309416973,273.1591781400187,461.7888157970265,True
healthy_maneuver,389.0,3,3,3,5,12,3,2.7967842890756787,150.39016836330552,470.0310320467412,True
healthy_maneuver,390.0,1,1,3,5,12,3,3.6987270040410314,378.69746626266806,469.6414308011279,True
healthy_maneuver,390.0,2,2,3,5,12,3,3.6455375188858183,273.17448045635905,462.03952594947486,True
healthy_maneuver,390.0,3,3,3,5,12,3,2.7981459080802398,150.3981781122802,470.14228078850533,True
healthy_maneuver,391.0,1,1,3,5,12,3,3.6983972615156726,378.59587122739424,469.7940817473853,True
healthy_maneuver,391.0,2,2,3,5,12,3,3.6498609637717183,273.18957495068275,462.28565988163285,True
healthy_maneuver,391.0,3,3,3,5,12,3,2.7994973775697756,150.40784784715638,470.25201475452644,True
healthy_maneuver,392.0,1,1,3,5,12,3,3.6980866842154954,378.4957401388142,469.9458839660388,True
healthy_maneuver,392.0,2,2,3,5,12,3,3.654155724203334,273.2044798227284,462.527164127358,True
healthy_maneuver,392.0,3,3,3,5,12,3,2.80083780459278,150.4190480859163,470.36018339509053,True
healthy_maneuver,393.0,1,1,3,5,12,3,3.6977946780326865,378.39713884267815,470.0966710299774,True
healthy_maneuver,393.0,2,2,3,5,12,3,3.658417301717848,273.21921141580424,462.76398935641976,True
healthy_maneuver,393.0,3,3,3,5,12,3,2.802166284794341,150.43164916604061,470.4667374134566,True
healthy_maneuver,394.0,1,1,3,5,12,3,3.6975206166313854,378.3001302492975,470.24627839494,True
healthy_maneuver,394.0,2,2,3,5,12,3,3.6626412528661447,273.2337841748865,462.99609039181775,True
healthy_maneuver,394.0,3,3,3,5,12,3,2.8034819050446393,150.4455216865492,470.5716288513413,True
healthy_maneuver,395.0,1,1,3,5,12,3,3.6972638443224453,378.20477422036544,470.39454383545615,True
healthy_maneuver,395.0,2,2,3,5,12,3,3.6668232012393296,273.2482106205618,463.22342620247605,True
healthy_maneuver,395.0,3,3,3,5,12,3,2.804783745987968,150.46053698287085,470.67481115648957,True
healthy_maneuver,396.0,1,1,3,5,12,3,3.697023679561639,378.1111274772256,470.54130786592333,True
healthy_maneuver,396.0,2,2,3,5,12,3,3.670958850355521,273.2625013444252,463.4459599252867,True
healthy_maneuver,396.0,3,3,3,5,12,3,2.806070885026673,150.4765675598916,470.77623925717774,True
healthy_maneuver,397.0,1,1,3,5,12,3,3.6967994180909334,378.01924348588216,470.68641420798025,True
healthy_maneuver,397.0,2,2,3,5,12,3,3.6750439957054586,273.2766650140161,463.6636588225073,True
healthy_maneuver,397.0,3,3,3,5,12,3,2.8073423996172875,150.49348751571415,470.875869662675,True
healthy_maneuver,398.0,1,1,3,5,12,3,3.6965903364041064,377.9291723999056,470.8297102030363,True
healthy_maneuver,398.0,2,2,3,5,12,3,3.6790745370426174,273.2907084074088,463.8764943129612,True
healthy_maneuver,398.0,3,3,3,5,12,3,2.8085973703568197,150.5111729840127,470.9736605417019,True
healthy_maneuver,399.0,1,1,3,5,12,3,3.6963956958999042,377.8409609978939,470.9710472392055,True
healthy_maneuver,399.0,2,2,3,5,12,3,3.6830464906582336,273.30463645392535,464.08444193085757,True
healthy_maneuver,399.0,3,3,3,5,12,3,2.809834884245775,150.5295025491678,471.06957178079733,True
healthy_maneuver,400.0,1,1,3,5,12,3,3.6962147458654915,377.754652616542,471.11028119444694,True
healthy_maneuver,400.0,2,2,3,5,12,3,3.686956000911449,273.31845229546104,464.2874813308443,True
healthy_maneuver,400.0,3,3,3,5,12,3,2.811054038252669,150.54835762964285,471.1635651061058,True
healthy_maneuver,401.0,1,1,3,5,12,3,3.6960019554062713,377.66794592033904,471.2480754668509,True
healthy_maneuver,401.0,2,2,3,5,12,3,3.6908335086276605,273.33473243714934,464.49908595984823,True
healthy_maneuver,401.0,3,3,3,5,12,3,2.8122987437036207,150.56168479837848,471.25975826439276,True
healthy_maneuver,402.0,1,1,3,5,12,3,3.6957135285817175,377.5791319591164,471.38418172821554,True
healthy_maneuver,402.0,2,2,3,5,12,3,3.694683485541053,273.3559125124293,464.7311805210788,True
healthy_maneuver,402.0,3,3,3,5,12,3,2.8136043256525882,150.56342132990338,471.3615886285471,True
healthy_maneuver,403.0,1,1,3,5,12,3,3.695354803424642,377.4893008790582,471.51706913334,True
healthy_maneuver,403.0,2,2,3,5,12,3,3.698461824948333,273.38157761862607,464.98041019068575,True
healthy_maneuver,403.0,3,3,3,5,12,3,2.8149536295269155,150.55391838343647,471.4676931295201,True
healthy_maneuver,404.0,1,1,3,5,12,3,3.6949319896239716,377.39953777437813,471.6452814229802,True
healthy_maneuver,404.0,2,2,3,5,12,3,3.7021264915542336,273.4112596412159,465.2432560130874,True
healthy_maneuver,404.0,3,3,3,5,12,3,2.816329094143952,150.53367504378426,471.5766754845196,True
healthy_maneuver,405.0,1,1,3,5,12,3,3.6944520744825406,377.31090458517957,471.7674605468158,True
healthy_maneuver,405.0,2,2,3,5,12,3,3.7056382141915076,273.4444455527702,465.51609507678376,True
healthy_maneuver,405.0,3,3,3,5,12,3,2.817713064061609,150.50332912802523,471.6871297413933,True
healthy_maneuver,406.0,1,1,3,5,12,3,3.6939227140724373,377.2244224655608,471.8823682605892,True
healthy_maneuver,406.0,2,2,3,5,12,3,3.708961110359489,273.4805865023552,465.7952620852167,True
healthy_maneuver,406.0,3,3,3,5,12,3,2.81908810843955,150.46364538264817,471.79766399669114,True
healthy_maneuver,407.0,1,1,3,5,12,3,3.6933521087112995,377.14105496482335,471.9889053220967,True
healthy_maneuver,407.0,2,2,3,5,12,3,3.7120632291204263,273.519107519333,466.0771110122509,True
healthy_maneuver,407.0,3,3,3,5,12,3,2.8204373347342946,150.41550139046967,471.90692358395734,True
healthy_maneuver,408.0,1,1,3,5,12,3,3.692748866542357,377.0616924306014,472.0861278053207,True
healthy_maneuver,408.0,2,2,3,5,12,3,3.714917002199297,273.5594176145782,466.358075470067,True
healthy_maneuver,408.0,3,3,3,5,12,3,2.8217446924211673,150.35987135428653,472.01361339829475,True
healthy_maneuver,409.0,1,1,3,5,12,3,3.692121857317257,376.9871379513553,472.17326022925624,True
healthy_maneuver,409.0,2,2,3,5,12,3,3.7174995956209447,273.6009200750904,466.63472668597643,True
healthy_maneuver,409.0,3,3,3,5,12,3,2.8229952574775647,150.29780815301817,472.1165187910312,True
healthy_maneuver,410.0,1,1,3,5,12,3,3.691480059248385,376.9180951683126,472.2497052428806,True
healthy_maneuver,410.0,2,2,3,5,12,3,3.719793155766007,273.64302269479526,466.9038276695446,True
healthy_maneuver,410.0,3,3,3,5,12,3,2.824175489426507,150.23042404746056,472.2145246167422,True
healthy_maneuver,411.0,1,1,3,5,12,3,3.6908324020230587,376.85515823088895,472.3150496734258,True
healthy_maneuver,411.0,2,2,3,5,12,3,3.721784950733424,273.685147773004,467.16238278640606,True
healthy_maneuver,411.0,3,3,3,5,12,3,2.8252734544970437,150.15887040701506,472.3066320472156,True
healthy_maneuver,412.0,1,1,3,5,12,3,3.690187610114625,376.7988040622198,472.3690668431683,True
healthy_maneuver,412.0,2,2,3,5,12,3,3.7234674038947317,273.7267416236035,467.40768148733486,True
healthy_maneuver,412.0,3,3,3,5,12,3,2.8262790105788334,150.08431690648686,472.3919727837751,True
healthy_maneuver,413.0,1,1,3,5,12,3,3.689554049567499,376.7493871487188,472.4117151716429,True
healthy_maneuver,413.0,2,2,3,5,12,3,3.7248380277069817,273.7672834421435,467.63733568497776,True
healthy_maneuver,413.0,3,3,3,5,12,3,2.8271839475211307,150.00793063091123,472.469820453446,True
healthy_maneuver,414.0,1,1,3,5,12,3,3.6889395827710003,376.7071369044264,472.44313310204785,True
healthy_maneuver,414.0,2,2,3,5,12,3,3.7258992590883513,273.80629330068416,467.84930985994185,True
healthy_maneuver,414.0,3,3,3,5,12,3,2.82798208107122,149.93085558381296,472.53959890834295,True
healthy_maneuver,415.0,1,1,3,5,12,3,3.6883514344965063,376.672157644878,472.4636305627882,True
healthy_maneuver,415.0,2,2,3,5,12,3,3.726658206628226,273.84333916467364,468.04194362850694,True
healthy_maneuver,415.0,3,3,3,5,12,3,2.828669299094046,149.85419296249384,472.60088737630787,True
healthy_maneuver,416.0,1,1,3,5,12,3,3.687790975044041,376.6416457089171,472.4783090463125,True
healthy_maneuver,416.0,2,2,3,5,12,3,3.727253890962858,273.8786216618229,468.2205900423916,True
healthy_maneuver,416.0,3,3,3,5,12,3,2.8292859861284545,149.77957638220417,472.656560631574,True
healthy_maneuver,417.0,1,1,3,5,12,3,3.6872548875418483,376.6126752079878,472.4921541739338,True
healthy_maneuver,417.0,2,2,3,5,12,3,3.72782288826418,273.9126069495914,468.39174070006896,True
healthy_maneuver,417.0,3,3,3,5,12,3,2.8298757339077834,149.70796471710307,472.70980780201324,True
healthy_maneuver,418.0,1,1,3,5,12,3,3.686743028520216,376.5852421130655,472.50513941806,True
healthy_maneuver,418.0,2,2,3,5,12,3,3.7283641397718075,273.9452721594931,468.55535599016514,True
healthy_maneuver,418.0,3,3,3,5,12,3,2.830438283862046,149.63935279385976,472.7606133756643,True
healthy_maneuver,419.0,1,1,3,5,12,3,3.6862552032400346,376.55933707106254,472.51724515663966,True
healthy_maneuver,419.0,2,2,3,5,12,3,3.728876794742704,273.9765993627295,468.71142068746747,True
healthy_maneuver,419.0,3,3,3,5,12,3,2.830973485397274,149.57372912830846,472.8089706256572,True
healthy_maneuver,420.0,1,1,3,5,12,3,3.685791167416236,376.53494559988553,472.52845852772725,True
healthy_maneuver,420.0,2,2,3,5,12,3,3.7293602065039284,274.0065755409209,468.8599433927963,True
healthy_maneuver,420.0,3,3,3,5,12,3,2.831481293703652,149.51107606983982,472.8548814010526,True
healthy_maneuver,421.0,1,1,3,5,12,3,3.685350629085864,376.51204833040305,472.5387732068468,True
healthy_maneuver,421.0,2,2,3,5,12,3,3.7298139288210366,274.0351925467021,469.0009559785685,True
healthy_maneuver,421.0,3,3,3,5,12,3,2.831961767620174,149.45136991814863,472.8983559348872,True
healthy_maneuver,422.0,1,1,3,5,12,3,3.684933250178254,376.49062120925515,472.5481892197746,True
healthy_maneuver,422.0,2,2,3,5,12,3,3.7302377102850195,274.062447023723,469.13451285028543,True
healthy_maneuver,422.0,3,3,3,5,12,3,2.832415066413683,149.3945810984925,472.9394125686827,True
healthy_maneuver,423.0,1,1,3,5,12,3,3.6845386487349017,376.4706357704093,472.55671264955396,True
healthy_maneuver,423.0,2,2,3,5,12,3,3.7306314888471364,274.08834032056103,469.26069023489873,True
healthy_maneuver,423.0,3,3,3,5,12,3,2.832841446333114,149.34067434855044,472.97807744293755,True
healthy_maneuver,424.0,1,1,3,5,12,3,3.6841664007513364,376.4520593740864,472.5643553846217,True
healthy_maneuver,424.0,2,2,3,5,12,3,3.730995384687852,274.11287836486514,469.3795853164268,True
healthy_maneuver,424.0,3,3,3,5,12,3,2.833241256992063,149.28960888756242,473.01438421852407,True
healthy_maneuver,425.0,1,1,3,5,12,3,3.6838160423991506,376.43485548691325,472.5711347835175,True
healthy_maneuver,425.0,2,2,3,5,12,3,3.7313296926053554,274.136071526351,469.4913153274299,True
healthy_maneuver,425.0,3,3,3,5,12,3,2.833614936922572,149.24133864317128,473.0483736910135,True
healthy_maneuver,426.0,1,1,3,5,12,3,3.683487072231219,376.418983953456,472.57707335186353,True
healthy_maneuver,426.0,2,2,3,5,12,3,3.7316348733973097,274.157934451546,469.596016555227,True
healthy_maneuver,426.0,3,3,3,5,12,3,2.8339630092786896,149.19581246682614,473.08009344460567,True
healthy_maneuver,427.0,1,1,3,5,12,3,3.683178953323591,376.4044012755561,472.5821983905152,True
healthy_maneuver,427.0,2,2,3,5,12,3,3.7319115447038365,274.17848588275234,469.6938432861622,True
healthy_maneuver,427.0,3,3,3,5,12,3,2.834286076734098,149.15297436751212,473.10959743897234,True
healthy_maneuver,428.0,1,1,3,5,12,3,3.682891115832757,376.39106092767906,472.58654159489726,True
healthy_maneuver,428.0,2,2,3,5,12,3,3.7321604713495495,274.1977484632654,469.78496673451536,True
healthy_maneuver,428.0,3,3,3,5,12,3,2.834584816232284,149.1127637605844,473.13694559323187,True
healthy_maneuver,429.0,1,1,3,5,12,3,3.682622959190062,376.37891363367135,472.5901386827566,True
healthy_maneuver,429.0,2,2,3,5,12,3,3.732382554251632,274.2157485140081,469.8695738220509,True
healthy_maneuver,429.0,3,3,3,5,12,3,2.8348599737275944,149.07511572467547,473.1622033566661,True
healthy_maneuver,430.0,1,1,3,5,12,3,3.6823738547391653,376.3679076923029,472.5930289641101,True
healthy_maneuver,430.0,2,2,3,5,12,3,3.732578819784686,274.2325158119634,469.94786601560804,True
healthy_maneuver,430.0,3,3,3,5,12,3,2.835112358052284,149.03996128811812,473.1854412242435,True
healthy_maneuver,431.0,1,1,3,5,12,3,3.68214314817677,376.35798927894433,472.59525492529025,True
healthy_maneuver,431.0,2,2,3,5,12,3,3.7327504078176834,274.2480833408096,470.0200580338353,True
healthy_maneuver,431.0,3,3,3,5,12,3,2.8353428351665833,149.00722769144434,473.2067342787191,True
healthy_maneuver,432.0,1,1,3,5,12,3,3.6819301622584426,376.34910278058624,472.5968617727665,True
healthy_maneuver,432.0,2,2,3,5,12,3,3.7328985596594517,274.26248704092257,470.086376569448,True
healthy_maneuver,432.0,3,3,3,5,12,3,2.83555232189691,148.97683869019056,473.22616170017267,True
healthy_maneuver,433.0,1,1,3,5,12,3,3.6817341992672135,376.341191097143,472.5978970087897,True
healthy_maneuver,433.0,2,2,3,5,12,3,3.733024605342104,274.2757655451444,470.1470589379153,True
healthy_maneuver,433.0,3,3,3,5,12,3,2.835741779417702,148.9487148534982,473.2438062451295,True
healthy_maneuver,434.0,1,1,3,5,12,3,3.6815545439200164,376.3341959837698,472.5984099495415,True
healthy_maneuver,434.0,2,2,3,5,12,3,3.7331299508667204,274.28795990655607,470.20235172633056,True
healthy_maneuver,434.0,3,3,3,5,12,3,2.835912206970252,148.92277387439157,473.25975374112153,True
healthy_maneuver,435.0,1,1,3,5,12,3,3.6813904659159404,376.3280583658749,472.59845128881034,True
healthy_maneuver,435.0,2,2,3,5,12,3,3.733216064948084,274.2991133257465,470.25250941774306,True
healthy_maneuver,435.0,3,3,3,5,12,3,2.83606463525091,148.8989308702637,473.2740925804329,True
healthy_maneuver,436.0,1,1,3,5,12,3,3.6812412228058267,376.322718680966,472.59807261122137,True
healthy_maneuver,436.0,2,2,3,5,12,3,3.7332844653563657,274.30927086451277,470.29779296026334,True
healthy_maneuver,436.0,3,3,3,5,12,3,2.8362001194142628,148.87709872450137,473.2869131574662,True
healthy_maneuver,437.0,1,1,3,5,12,3,3.681106062754007,376.3181171920354,472.59732594848634,True
healthy_maneuver,437.0,2,2,3,5,12,3,3.7333367058540574,274.3184791736495,470.33846841804535,True
healthy_maneuver,437.0,3,3,3,5,12,3,2.8363197330727647,148.85718837627294,473.2983073878113,True
healthy_maneuver,438.0,1,1,3,5,12,3,3.680984227289816,376.3141943215864,472.5962633142239,True
healthy_maneuver,438.0,2,2,3,5,12,3,3.7333743621286097,274.32678620110244,470.3748055084488,True
healthy_maneuver,438.0,3,3,3,5,12,3,2.836424560823058,148.83910918108765,473.3083681293165,True
healthy_maneuver,439.0,1,1,3,5,12,3,3.6808749542451147,376.31089097920267,472.5949362405364,True
healthy_maneuver,439.0,2,2,3,5,12,3,3.733399017855265,274.3342409092661,470.40707617187957,True
healthy_maneuver,439.0,3,3,3,5,12,3,2.83651569190752,148.82276922346523,473.3171886624955,True
healthy_maneuver,440.0,1,1,3,5,12,3,3.6807774804485827,376.3081488774551,472.59339534061843,True
healthy_maneuver,440.0,2,2,3,5,12,3,3.7334122516660297,274.3408930018742,470.43555322564316,True
healthy_maneuver,440.0,3,3,3,5,12,3,2.8365942135437607,148.8080756459045,473.32486217701427,True
healthy_maneuver,441.0,1,1,3,5,12,3,3.680691044603083,376.305910852631,472.59168985710335,True
healthy_maneuver,441.0,2,2,3,5,12,3,3.73341562309842,274.3467926428244,470.46050891746364,True
healthy_maneuver,441.0,3,3,3,5,12,3,2.836661204331124,148.79493498139368,473.331481227146,True
healthy_maneuver,442.0,1,1,3,5,12,3,3.6806148901153595,376.304121183959,472.58986722570137,True
healthy_maneuver,442.0,2,2,3,5,12,3,3.733410659493134,274.3519901884415,470.48221358550035,True
healthy_maneuver,442.0,3,3,3,5,12,3,2.8367177283363274,148.7832534569789,473.33713727010627,True
healthy_maneuver,443.0,1,1,3,5,12,3,3.680548267769564,376.30272588748005,472.58797267551415,True
healthy_maneuver,443.0,2,2,3,5,12,3,3.7333988426392373,274.35653591967093,470.5009342769127,True
healthy_maneuver,443.0,3,3,3,5,12,3,2.836764827802887,148.77293735591127,473.34192008176643,True
healthy_maneuver,444.0,1,1,3,5,12,3,3.680490438536879,376.30167302500354,472.58604880575723,True
healthy_maneuver,444.0,2,2,3,5,12,3,3.7333815962938126,274.3604797906205,470.5169334619376,True
healthy_maneuver,444.0,3,3,3,5,12,3,2.8368035179063216,148.7638933009325,473.3459173280782,True
healthy_maneuver,445.0,1,1,3,5,12,3,3.680440676169806,376.3009129829179,472.5841352119921,True
healthy_maneuver,445.0,2,2,3,5,12,3,3.7333602732000433,274.3638711727485,470.5304677107605,True
healthy_maneuver,445.0,3,3,3,5,12,3,2.836834780391541,148.75602859205446,473.3492140576691,True
healthy_maneuver,446.0,1,1,3,5,12,3,3.680398269868629,376.3003987637456,472.5822681026998,True
healthy_maneuver,446.0,2,2,3,5,12,3,3.7333361432210426,274.36675861939415,470.54178645552935,True
healthy_maneuver,446.0,3,3,3,5,12,3,2.8368595581064002,148.74925148259746,473.35189226341583,True
healthy_maneuver,447.0,1,1,3,5,12,3,3.680362526802333,376.30008623898766,472.58047996157256,True
healthy_maneuver,447.0,2,2,3,5,12,3,3.733310381857907,274.3691896388272,470.5511308076609,True
healthy_maneuver,447.0,3,3,3,5,12,3,2.8368787495022367,148.7434715011841,473.35403042241023,True
healthy_maneuver,448.0,1,1,3,5,12,3,3.6803327745959544,376.29993442391884,472.5787991979789,True
healthy_maneuver,448.0,2,2,3,5,12,3,3.7332840593601393,274.3712104734875,470.5587324037398,True
healthy_maneuver,448.0,3,3,3,5,12,3,2.8368932031351757,148.73859973023391,473.3557030709674,True
healthy_maneuver,449.0,1,1,3,5,12,3,3.6803083636238276,376.29990570778415,472.5772498483692,True
healthy_maneuver,449.0,2,2,3,5,12,3,3.733258129772955,274.3728658948772,470.564812290268,True
healthy_maneuver,449.0,3,3,3,5,12,3,2.836903713071004,148.73454908205002,473.3569804174914,True
healthy_maneuver,450.0,1,1,3,5,12,3,3.680288669331277,376.2999660830441,472.57585128287093,True
healthy_maneuver,450.0,2,2,3,5,12,3,3.7332334213982175,274.3741990105142,470.56957990649613,True
healthy_maneuver,450.0,3,3,3,5,12,3,2.8369110141172857,148.7312345641371,473.3579279465839,True
healthy_maneuver,451.0,1,1,3,5,12,3,3.6802730942410933,376.30008535862453,472.57461794595076,True
healthy_maneuver,451.0,2,2,3,5,12,3,3.73321062771636,274.375251081344,470.5732321017837,True
healthy_maneuver,451.0,3,3,3,5,12,3,2.836915777748171,148.72857351517018,473.3586061010287,True
healthy_maneuver,452.0,1,1,3,5,12,3,3.6802610700985436,376.30023736125906,472.57355910812834,True
healthy_maneuver,452.0,2,2,3,5,12,3,3.733190298586878,274.37606135167044,470.57595221627867,True
healthy_maneuver,452.0,3,3,3,5,12,3,2.836918607578631,148.7264858751321,473.35906990310673,True
healthy_maneuver,453.0,1,1,3,5,12,3,3.680252059627441,376.3004001012984,472.5726786661877,True
healthy_maneuver,453.0,2,2,3,5,12,3,3.7331728330816834,274.3766669004192,470.577909287302,True
healthy_maneuver,453.0,3,3,3,5,12,3,2.836920036363637,148.72489437864115,473.35936870568366,True
healthy_maneuver,454.0,1,1,3,5,12,3,3.6802455582544362,376.30055594211484,472.5719749428284,True
healthy_maneuver,454.0,2,2,3,5,12,3,3.7331584720622417,274.37710249258475,470.5792572293598,True
healthy_maneuver,454.0,3,3,3,5,12,3,2.8369205225699323,148.72372476018933,473.35954591195093,True
healthy_maneuver,455.0,1,1,3,5,12,3,3.680241095673958,376.30069173296613,472.57144053560324,True
healthy_maneuver,455.0,2,2,3,5,12,3,3.7331472926453917,274.37740045964404,470.58013420660455,True
healthy_maneuver,455.0,3,3,3,5,12,3,2.836920447238516,148.72290596273817,473.3596387143111,True
healthy_maneuver,456.0,1,1,3,5,12,3,3.6802382372050495,376.300798940263,472.5710621690596,True
healthy_maneuver,456.0,2,2,3,5,12,3,3.733139202791022,274.377590582889,470.5806619968552,True
healthy_maneuver,456.0,3,3,3,5,12,3,2.836920111702119,148.7223702953024,473.3596779107357,True
healthy_maneuver,457.0,1,1,3,5,12,3,3.680236584991456,376.30087373138025,472.5708206091316,True
healthy_maneuver,457.0,2,2,3,5,12,3,3.733133936897056,274.3776999960708,470.5809454734064,True
healthy_maneuver,457.0,3,3,3,5,12,3,2.8369197354522195,148.72205358552677,473.3596877201032,True
healthy_maneuver,458.0,1,1,3,5,12,3,3.6802357791201645,376.30091706875453,472.57069056068434,True
healthy_maneuver,458.0,2,2,3,5,12,3,3.7331310526899255,274.3777531021544,470.5810721735277,True
healthy_maneuver,458.0,3,3,3,5,12,3,2.8369194544429304,148.721895319034,473.35968563430384,True
healthy_maneuver,459.0,1,1,3,5,12,3,3.6802354983267374,376.30093475060914,472.57064064557846,True
healthy_maneuver,459.0,2,2,3,5,12,3,3.733129928628796,274.3777715044765,470.5811119495472,True
healthy_maneuver,459.0,3,3,3,5,12,3,2.836919319813679,148.72183874458756,473.3596823244434,True
healthy_maneuver,460.0,1,1,3,5,12,3,3.680235460721942,376.30093745846074,472.57063335928837,True
healthy_maneuver,460.0,2,2,3,5,12,3,3.7331297622670934,274.37777395066354,470.5811166801034,True
healthy_maneuver,460.0,3,3,3,5,12,3,2.8369192970009607,148.7218309806185,473.3596815521481,True
healthy_maneuver,461.0,1,1,3,5,12,3,3.6802354607425776,376.30093746287275,472.57063335579176,True
healthy_maneuver,461.0,2,2,3,5,12,3,3.7331297621045834,274.37777394726936,470.58111666719407,True
healthy_maneuver,461.0,3,3,3,5,12,3,2.8369192973443496,148.72183096442473,473.3596815866777,True
healthy_maneuver,462.0,1,1,3,5,12,3,3.6802354607583925,376.3009374679894,472.5706333518564,True
healthy_maneuver,462.0,2,2,3,5,12,3,3.733129761934716,274.3777739436644,470.5811166516526,True
healthy_maneuver,462.0,3,3,3,5,12,3,2.8369192976645095,148.72183094823097,473.3596816202021,True
healthy_maneuver,463.0,1,1,3,5,12,3,3.6802354607806076,376.3009374724013,472.57063334792133,True
healthy_maneuver,463.0,2,2,3,5,12,3,3.733129761786556,274.3777739406919,470.58111663874337,True
healthy_maneuver,463.0,3,3,3,5,12,3,2.8369192980284264,148.7218309308838,473.359681654731,True
healthy_maneuver,464.0,1,1,3,5,12,3,3.680235460796539,376.30093747716575,472.5706333444244,True
healthy_maneuver,464.0,2,2,3,5,12,3,3.733129761605644,274.37777393687617,470.5811166232026,True
healthy_maneuver,464.0,3,3,3,5,12,3,2.8369192983577816,148.72183091469026,473.35968168926024,True
healthy_maneuver,465.0,1,1,3,5,12,3,3.6802354608153647,376.30093748228234,472.57063334048917,True
healthy_maneuver,465.0,2,2,3,5,12,3,3.7331297614508765,274.3777739334821,470.5811166102935,True
healthy_maneuver,465.0,3,3,3,5,12,3,2.8369192986746876,148.72183089907338,473.3596817227848,True
healthy_maneuver,466.0,1,1,3,5,12,3,3.680235460836004,376.3009374866944,472.57063333699244,True
healthy_maneuver,466.0,2,2,3,5,12,3,3.733129761288367,274.377773930088,470.5811165973847,True
healthy_maneuver,466.0,3,3,3,5,12,3,2.836919299018071,148.7218308828801,473.35968175731347,True
healthy_maneuver,467.0,1,1,3,5,12,3,3.6802354608595413,376.3009374914588,472.5706333330569,True
healthy_maneuver,467.0,2,2,3,5,12,3,3.7331297610997187,274.3777739262724,470.5811165818435,True
healthy_maneuver,467.0,3,3,3,5,12,3,2.8369192993614654,148.72183086668636,473.3596817918424,True
healthy_maneuver,468.0,1,1,3,5,12,3,3.680235460872571,376.3009374958708,472.5706333299989,True
healthy_maneuver,468.0,2,2,3,5,12,3,3.733129760958018,274.37777392308897,470.5811165702507,True
healthy_maneuver,468.0,3,3,3,5,12,3,2.8369192997032586,148.72183084991607,473.3596818273766,True
healthy_maneuver,469.0,1,1,3,5,12,3,3.680235460895994,376.30093750098735,472.5706333256249,True
healthy_maneuver,469.0,2,2,3,5,12,3,3.733129760793482,274.37777391969496,470.5811165560256,True
healthy_maneuver,469.0,3,3,3,5,12,3,2.8369193000374593,148.72183083372232,473.3596818609008,True
healthy_maneuver,470.0,1,1,3,5,12,3,3.680235460907209,376.3009375061039,472.57063332212846,True
healthy_maneuver,470.0,2,2,3,5,12,3,3.7331297606203107,274.37777391587923,470.5811165404844,True
healthy_maneuver,470.0,3,3,3,5,12,3,2.8369193003652184,148.7218308169517,473.35968189643523,True
healthy_maneuver,471.0,1,1,3,5,12,3,3.680235460932439,376.3009375105161,472.570633318193,True
healthy_maneuver,471.0,2,2,3,5,12,3,3.7331297604611144,274.37777391269594,470.5811165275758,True
healthy_maneuver,471.0,3,3,3,5,12,3,2.836919300700995,148.7218308013351,473.3596819289546,True
healthy_maneuver,472.0,1,1,3,5,12,3,3.6802354609529644,376.30093751528045,472.5706333142577,True
healthy_maneuver,472.0,2,2,3,5,12,3,3.7331297602835116,274.37777390909116,470.581116512035,True
healthy_maneuver,472.0,3,3,3,5,12,3,2.8369193010351865,148.72183078514155,473.35968196247853,True
healthy_maneuver,473.0,1,1,3,5,12,3,3.680235460968775,376.30093752039693,472.5706333103225,True
healthy_maneuver,473.0,2,2,3,5,12,3,3.733129760139782,274.37777390590776,470.5811164991251,True
healthy_maneuver,473.0,3,3,3,5,12,3,2.8369193013802354,148.7218307677941,473.35968199801243,True
healthy_maneuver,474.0,1,1,3,5,12,3,3.680235460981808,376.3009375248089,472.5706333072645,True
healthy_maneuver,474.0,2,2,3,5,12,3,3.7331297599719426,274.3777739023028,470.5811164849009,True
healthy_maneuver,474.0,3,3,3,5,12,3,2.836919301709583,148.72183075160083,473.3596820325418,True
healthy_maneuver,475.0,1,1,3,5,12,3,3.6802354610083525,376.3009375295733,472.5706333033292,True
healthy_maneuver,475.0,2,2,3,5,12,3,3.7331297597983895,274.37777389869797,470.58111647199144,True
healthy_maneuver,475.0,3,3,3,5,12,3,2.8369193020497243,148.72183073598376,473.35968206707105,True
healthy_maneuver,476.0,1,1,3,5,12,3,3.680235461027062,376.3009375350423,472.5706332989554,True
healthy_maneuver,476.0,2,2,3,5,12,3,3.7331297596415927,274.37777389530385,470.5811164577664,True
healthy_maneuver,476.0,3,3,3,5,12,3,2.836919302369877,148.72183071979018,473.3596821005956,True
healthy_maneuver,477.0,1,1,3,5,12,3,3.680235461040099,376.30093753945437,472.5706332958969,True
healthy_maneuver,477.0,2,2,3,5,12,3,3.7331297594868227,274.3777738919098,470.5811164448576,True
healthy_maneuver,477.0,3,3,3,5,12,3,2.836919302699233,148.72183070359662,473.3596821351245,True
healthy_maneuver,478.0,1,1,3,5,12,3,3.680235461058922,376.30093754457084,472.5706332919618,True
healthy_maneuver,478.0,2,2,3,5,12,3,3.733129759318977,274.3777738883048,470.5811164306319,True
healthy_maneuver,478.0,3,3,3,5,12,3,2.8369193030285853,148.72183068740296,473.35968216965375,True
healthy_maneuver,479.0,1,1,3,5,12,3,3.680235461081143,376.30093754898274,472.57063328802644,True
healthy_maneuver,479.0,2,2,3,5,12,3,3.7331297591577517,274.37777388512154,470.5811164164073,True
healthy_maneuver,479.0,3,3,3,5,12,3,2.8369193033800615,148.7218306706329,473.35968220317744,True
healthy_maneuver,480.0,1,1,3,5,12,3,3.6802354611016637,376.3009375537472,472.5706332840914,True
healthy_maneuver,480.0,2,2,3,5,12,3,3.733129758980147,274.37777388151653,470.58111640086656,True
healthy_maneuver,480.0,3,3,3,5,12,3,2.836919303726698,148.72183065386224,473.35968223770755,True
healthy_maneuver,481.0,1,1,3,5,12,3,3.680235461115898,376.30093755886384,472.5706332805945,True
healthy_maneuver,481.0,2,2,3,5,12,3,3.733129758822068,274.3777738779117,470.5811163879571,True
healthy_maneuver,481.0,3,3,3,5,12,3,2.8369193040387675,148.72183063824548,473.3596822722362,True
healthy_maneuver,482.0,1,1,3,5,12,3,3.6802354611365358,376.30093756327585,472.5706332770977,True
healthy_maneuver,482.0,2,2,3,5,12,3,3.7331297586726255,274.37777387472835,470.58111637636375,True
healthy_maneuver,482.0,3,3,3,5,12,3,2.836919304382156,148.7218306220519,473.3596823067653,True
healthy_maneuver,483.0,1,1,3,5,12,3,3.680235461161766,376.30093756768775,472.5706332731625,True
healthy_maneuver,483.0,2,2,3,5,12,3,3.733129758487283,274.3777738711235,470.581116360823,True
healthy_maneuver,483.0,3,3,3,5,12,3,2.8369193047303884,148.72183060585823,473.35968234028974,True
healthy_maneuver,484.0,1,1,3,5,12,3,3.6802354611683903,376.3009375728044,472.57063327010434,True
healthy_maneuver,484.0,2,2,3,5,12,3,3.7331297583369465,274.37777386751856,470.58111634791373,True
healthy_maneuver,484.0,3,3,3,5,12,3,2.836919305053306,148.7218305890878,473.35968237682846,True
healthy_maneuver,485.0,1,1,3,5,12,3,3.680235461193625,376.3009375772164,472.57063326616895,True
healthy_maneuver,485.0,2,2,3,5,12,3,3.7331297581646714,274.3777738641245,470.5811163336889,True
healthy_maneuver,485.0,3,3,3,5,12,3,2.8369193054015387,148.72183057289422,473.35968241035283,True
healthy_maneuver,486.0,1,1,3,5,12,3,3.6802354612076233,376.3009375830376,472.5706332617954,True
healthy_maneuver,486.0,2,2,3,5,12,3,3.7331297580025486,274.3777738605196,470.5811163181481,True
healthy_maneuver,486.0,3,3,3,5,12,3,2.836919305707655,148.72183055670055,473.35968244387755,True
healthy_maneuver,487.0,1,1,3,5,12,3,3.680235461231656,376.30093758674525,472.57063325829836,True
healthy_maneuver,487.0,2,2,3,5,12,3,3.7331297578466573,274.3777738575471,470.5811163052393,True
healthy_maneuver,487.0,3,3,3,5,12,3,2.8369193060731632,148.7218305399303,473.3596824774013,True
healthy_maneuver,488.0,1,1,3,5,12,3,3.6802354612534915,376.3009375918618,472.57063325436326,True
healthy_maneuver,488.0,2,2,3,5,12,3,3.7331297576677667,274.37777385373136,470.5811162910138,True
healthy_maneuver,488.0,3,3,3,5,12,3,2.8369193063992677,148.72183052431342,473.35968251193066,True
healthy_maneuver,489.0,1,1,3,5,12,3,3.6802354612693073,376.3009375969782,472.5706332504281,True
healthy_maneuver,489.0,2,2,3,5,12,3,3.7331297575109703,274.3777738503373,470.5811162767886,True
healthy_maneuver,489.0,3,3,3,5,12,3,2.8369193067194294,148.72183050811967,473.3596825454551,True
healthy_maneuver,490.0,1,1,3,5,12,3,3.6802354612869332,376.3009376013902,472.57063324693144,True
healthy_maneuver,490.0,2,2,3,5,12,3,3.733129757346438,274.37777384694317,470.5811162625644,True
healthy_maneuver,490.0,3,3,3,5,12,3,2.836919307078504,148.72183049077282,473.3596825809888,True
healthy_maneuver,491.0,1,1,3,5,12,3,3.680235461308885,376.3009376061547,472.57063324343454,True
healthy_maneuver,491.0,2,2,3,5,12,3,3.7331297571695776,274.3777738431275,470.5811162496547,True
healthy_maneuver,491.0,3,3,3,5,12,3,2.8369193074138033,148.72183047515594,473.3596826165225,True
healthy_maneuver,492.0,1,1,3,5,12,3,3.6802354613246995,376.30093761127137,472.57063323949916,True
healthy_maneuver,492.0,2,2,3,5,12,3,3.7331297570127857,274.3777738397335,470.58111623542993,True
healthy_maneuver,492.0,3,3,3,5,12,3,2.836919307733964,148.721830458962,473.35968265004726,True
healthy_maneuver,493.0,1,1,3,5,12,3,3.6802354613423214,376.3009376156834,472.57063323600255,True
healthy_maneuver,493.0,2,2,3,5,12,3,3.7331297568613144,274.37777383655,470.58111622252045,True
healthy_maneuver,493.0,3,3,3,5,12,3,2.836919308068151,148.7218304427686,473.35968268357163,True
healthy_maneuver,494.0,1,1,3,5,12,3,3.680235461356558,376.3009376207998,472.57063323250577,True
healthy_maneuver,494.0,2,2,3,5,12,3,3.733129756690162,274.3777738327343,470.58111620829516,True
healthy_maneuver,494.0,3,3,3,5,12,3,2.836919308392674,148.72183042657485,473.3596827191057,True
healthy_maneuver,495.0,1,1,3,5,12,3,3.680235461378775,376.300937625212,472.57063322857044,True
healthy_maneuver,495.0,2,2,3,5,12,3,3.73312975652894,274.3777738295511,470.5811161940704,True
healthy_maneuver,495.0,3,3,3,5,12,3,2.836919308744146,148.72183040980448,473.3596827526298,True
healthy_maneuver,496.0,1,1,3,5,12,3,3.680235461399299,376.3009376299762,472.5706332246352,True
healthy_maneuver,496.0,2,2,3,5,12,3,3.7331297563513384,274.37777382594624,470.5811161785298,True
healthy_maneuver,496.0,3,3,3,5,12,3,2.8369193090907823,148.72183039303414,473.3596827871588,True
healthy_maneuver,497.0,1,1,3,5,12,3,3.680235461418005,376.3009376354453,472.57063322026147,True
healthy_maneuver,497.0,2,2,3,5,12,3,3.733129756194545,274.37777382255206,470.581116164305,True
healthy_maneuver,497.0,3,3,3,5,12,3,2.8369193094109337,148.7218303768406,473.3596828206836,True
healthy_maneuver,498.0,1,1,3,5,12,3,3.6802354614370634,376.3009376398574,472.5706332172032,True
healthy_maneuver,498.0,2,2,3,5,12,3,3.73312975604382,274.3777738191579,470.5811161540275,True
healthy_maneuver,498.0,3,3,3,5,12,3,2.8369193097337844,148.72183036180076,473.3596828552126,True
healthy_maneuver,499.0,1,1,3,5,12,3,3.680235461457588,376.30093764462146,472.57063321326797,True
healthy_maneuver,499.0,2,2,3,5,12,3,3.733129755866214,274.3777738155531,470.58111613848644,True
healthy_maneuver,499.0,3,3,3,5,12,3,2.836919310080426,148.7218303450304,473.359682889741,True
healthy_maneuver,500.0,1,1,3,5,12,3,3.680235461473514,376.300937649386,472.5706332097711,True
healthy_maneuver,500.0,2,2,3,5,12,3,3.733129755711445,274.377773812159,470.58111612557695,True
healthy_maneuver,500.0,3,3,3,5,12,3,2.8369193104097796,148.72183032883646,473.35968292427043,True
healthy_maneuver,501.0,1,1,3,5,12,3,3.680235461489443,376.30093765415023,472.5706332062746,True
healthy_maneuver,501.0,2,2,3,5,12,3,3.7331297555436067,274.37777380855397,470.5811161113526,True
healthy_maneuver,501.0,3,3,3,5,12,3,2.8369193107515716,148.72183031206632,473.3596829598048,True
healthy_maneuver,502.0,1,1,3,5,12,3,3.6802354615052546,376.3009376592668,472.57063320233937,True
healthy_maneuver,502.0,2,2,3,5,12,3,3.733129755373741,274.3777738049492,470.5811160958111,True
healthy_maneuver,502.0,3,3,3,5,12,3,2.8369193110717315,148.72183029587234,473.3596829933292,True
healthy_maneuver,503.0,1,1,3,5,12,3,3.6802354615321824,376.3009376633267,472.570633198404,True
healthy_maneuver,503.0,2,2,3,5,12,3,3.733129755217844,274.37777380197656,470.58111608290164,True
healthy_maneuver,503.0,3,3,3,5,12,3,2.8369193114372373,148.721830279102,473.35968302685325,True
healthy_maneuver,504.0,1,1,3,5,12,3,3.680235461555721,376.3009376680908,472.57063319446877,True
healthy_maneuver,504.0,2,2,3,5,12,3,3.7331297550422646,274.3777737983717,470.5811160686778,True
healthy_maneuver,504.0,3,3,3,5,12,3,2.83691931176819,148.7218302634854,473.359683060378,True
healthy_maneuver,505.0,1,1,3,5,12,3,3.680235461566941,376.3009376732074,472.57063319097205,True
healthy_maneuver,505.0,2,2,3,5,12,3,3.7331297548821594,274.37777379476677,470.5811160544521,True
healthy_maneuver,505.0,3,3,3,5,12,3,2.836919312108393,148.72183024613827,473.35968309691606,True
healthy_maneuver,506.0,1,1,3,5,12,3,3.6802354615845645,376.3009376776195,472.5706331874751,True
healthy_maneuver,506.0,2,2,3,5,12,3,3.7331297547176265,274.37777379137276,470.58111604022685,True
healthy_maneuver,506.0,3,3,3,5,12,3,2.8369193124425816,148.72183022994452,473.35968313044015,True
healthy_maneuver,507.0,1,1,3,5,12,3,3.680235461614008,376.30093768273616,472.57063318310156,True
healthy_maneuver,507.0,2,2,3,5,12,3,3.733129754544077,274.37777378776786,470.5811160273182,True
healthy_maneuver,507.0,3,3,3,5,12,3,2.836919312770277,148.72183021490451,473.3596831639652,True
healthy_maneuver,508.0,1,1,3,5,12,3,3.6802354616252284,376.300937687853,472.5706331796046,True
healthy_maneuver,508.0,2,2,3,5,12,3,3.733129754397041,274.3777737843737,470.5811160144092,True
healthy_maneuver,508.0,3,3,3,5,12,3,2.836919313098037,148.72183019813417,473.3596831994992,True
healthy_maneuver,509.0,1,1,3,5,12,3,3.680235461642855,376.3009376922648,472.5706331761079,True
healthy_maneuver,509.0,2,2,3,5,12,3,3.7331297542325066,274.37777378097957,470.5811160001839,True
healthy_maneuver,509.0,3,3,3,5,12,3,2.836919313432236,148.7218301819404,473.35968323302365,True
healthy_maneuver,510.0,1,1,3,5,12,3,3.6802354616616837,376.3009376973813,472.5706331721727,True
healthy_maneuver,510.0,2,2,3,5,12,3,3.733129754064659,274.37777377737467,470.58111598595866,True
healthy_maneuver,510.0,3,3,3,5,12,3,2.8369193137491484,148.72183016632363,473.3596832665481,True
healthy_maneuver,511.0,1,1,3,5,12,3,3.6802354616839006,376.3009377017933,472.5706331682374,True
healthy_maneuver,511.0,2,2,3,5,12,3,3.7331297539034334,274.3777737741913,470.5811159717339,True
healthy_maneuver,511.0,3,3,3,5,12,3,2.8369193141130635,148.7218301489767,473.35968330107676,True
healthy_maneuver,512.0,1,1,3,5,12,3,3.6802354616998274,376.3009377065577,472.5706331647407,True
healthy_maneuver,512.0,2,2,3,5,12,3,3.7331297537225296,274.3777737703757,470.58111595619283,True
healthy_maneuver,512.0,3,3,3,5,12,3,2.836919314442414,148.7218301327829,473.35968333560584,True
healthy_maneuver,513.0,1,1,3,5,12,3,3.680235461715641,376.30093771167435,472.5706331608054,True
healthy_maneuver,513.0,2,2,3,5,12,3,3.733129753578803,274.37777376719237,470.5811159432838,True
healthy_maneuver,513.0,3,3,3,5,12,3,2.8369193147750127,148.72183011601237,473.35968337013526,True
healthy_maneuver,514.0,1,1,3,5,12,3,3.680235461739293,376.30093771608637,472.5706331573087,True
healthy_maneuver,514.0,2,2,3,5,12,3,3.7331297534183183,274.3777737637983,470.58111593169053,True
healthy_maneuver,514.0,3,3,3,5,12,3,2.8369193151027035,148.72183010097277,473.35968340365895,True
healthy_maneuver,515.0,1,1,3,5,12,3,3.6802354617552213,376.3009377208505,472.5706331538121,True
healthy_maneuver,515.0,2,2,3,5,12,3,3.7331297532374026,274.3777737599825,470.58111591615,True
healthy_maneuver,515.0,3,3,3,5,12,3,2.8369193154445096,148.7218300842024,473.35968343919336,True
healthy_maneuver,516.0,1,1,3,5,12,3,3.680235461768137,376.3009377256151,472.570633150315,True
healthy_maneuver,516.0,2,2,3,5,12,3,3.7331297530806107,274.3777737565885,470.58111590192425,True
healthy_maneuver,516.0,3,3,3,5,12,3,2.836919315777106,148.72183006743165,473.35968347372204,True
healthy_maneuver,517.0,1,1,3,5,12,3,3.680235461794567,376.30093773073145,472.5706331459416,True
healthy_maneuver,517.0,2,2,3,5,12,3,3.7331297529311684,274.3777737534051,470.58111589033143,True
healthy_maneuver,517.0,3,3,3,5,12,3,2.8369193161204986,148.7218300512381,473.3596835082518,True
healthy_maneuver,518.0,1,1,3,5,12,3,3.680235461805787,376.30093773584827,472.5706331424447,True
healthy_maneuver,518.0,2,2,3,5,12,3,3.733129752758002,274.3777737495895,470.5811158747909,True
healthy_maneuver,518.0,3,3,3,5,12,3,2.8369193164358095,148.72183003504452,473.35968354278083,True
healthy_maneuver,519.0,1,1,3,5,12,3,3.6802354618280084,376.3009377402601,472.5706331385093,True
healthy_maneuver,519.0,2,2,3,5,12,3,3.7331297525967706,274.37777374640626,470.5811158605656,True
healthy_maneuver,519.0,3,3,3,5,12,3,2.8369193167748485,148.72183001885077,473.35968357530027,True
healthy_maneuver,520.0,1,1,3,5,12,3,3.680235461856251,376.3009377446722,472.5706331345742,True
healthy_maneuver,520.0,2,2,3,5,12,3,3.733129752413455,274.3777737428013,470.5811158463408,True
healthy_maneuver,520.0,3,3,3,5,12,3,2.836919317132267,148.72183000265738,473.35968360982935,True
healthy_maneuver,521.0,1,1,3,5,12,3,3.680235461867356,376.3009377501411,472.57063313063907,True
healthy_maneuver,521.0,2,2,3,5,12,3,3.733129752264398,274.37777373940713,470.5811158321156,True
healthy_maneuver,521.0,3,3,3,5,12,3,2.8369193174383827,148.72182998646383,473.3596836433537,True
healthy_maneuver,522.0,1,1,3,5,12,3,3.6802354618850934,376.30093775420096,472.5706331275807,True
healthy_maneuver,522.0,2,2,3,5,12,3,3.733129752101895,274.3777737360131,470.58111581920696,True
healthy_maneuver,522.0,3,3,3,5,12,3,2.836919317806659,148.7218299691165,473.35968367989244,True
healthy_maneuver,523.0,1,1,3,5,12,3,3.6802354619116433,376.30093775896535,472.5706331236454,True
healthy_maneuver,523.0,2,2,3,5,12,3,3.7331297519283417,274.3777737324083,470.58111580629793,True
healthy_maneuver,523.0,3,3,3,5,12,3,2.836919318134354,148.7218299540767,473.35968371341653,True
healthy_maneuver,524.0,1,1,3,5,12,3,3.6802354619274573,376.30093776408177,472.5706331197101,True
healthy_maneuver,524.0,2,2,3,5,12,3,3.7331297517715383,274.3777737290141,470.58111579207264,True
healthy_maneuver,524.0,3,3,3,5,12,3,2.83691931845452,148.72182993788294,473.35968374694124,True
healthy_maneuver,525.0,1,1,3,5,12,3,3.680235461940489,376.3009377684939,472.57063311665183,True
healthy_maneuver,525.0,2,2,3,5,12,3,3.7331297516036965,274.37777372540916,470.5811157778474,True
healthy_maneuver,525.0,3,3,3,5,12,3,2.836919318796316,148.7218299211124,473.3596837824753,True
healthy_maneuver,526.0,1,1,3,5,12,3,3.6802354619592,376.30093777396286,472.57063311227813,True
healthy_maneuver,526.0,2,2,3,5,12,3,3.7331297514338284,274.3777737218042,470.58111576230596,True
healthy_maneuver,526.0,3,3,3,5,12,3,2.836919319116463,148.72182990491902,473.35968381599935,True
healthy_maneuver,527.0,1,1,3,5,12,3,3.680235461981533,376.3009377780225,472.57063310878135,True
healthy_maneuver,527.0,2,2,3,5,12,3,3.7331297512877017,274.37777371883175,470.58111575071314,True
healthy_maneuver,527.0,3,3,3,5,12,3,2.836919319477142,148.72182988814848,473.3596838505284,True
healthy_maneuver,528.0,1,1,3,5,12,3,3.680235462004953,376.30093778313903,472.5706331044077,True
healthy_maneuver,528.0,2,2,3,5,12,3,3.7331297511101003,274.3777737152269,470.581115735173,True
healthy_maneuver,528.0,3,3,3,5,12,3,2.8369193198113334,148.7218298719551,473.3596838840528,True
healthy_maneuver,529.0,1,1,3,5,12,3,3.680235462016172,376.3009377882557,472.5706331009109,True
healthy_maneuver,529.0,2,2,3,5,12,3,3.7331297509499923,274.3777737116219,470.5811157209473,True
healthy_maneuver,529.0,3,3,3,5,12,3,2.8369193201390908,148.72182985518455,473.35968391958687,True
healthy_maneuver,530.0,1,1,3,5,12,3,3.6802354620398217,376.3009377926678,472.57063309741415,True
healthy_maneuver,530.0,2,2,3,5,12,3,3.733129750789504,274.3777737082278,470.5811157093536,True
healthy_maneuver,530.0,3,3,3,5,12,3,2.8369193204667877,148.72182984014455,473.35968395311124,True
healthy_maneuver,531.0,1,1,3,5,12,3,3.6802354620603444,376.300937797432,472.5706330934791,True
healthy_maneuver,531.0,2,2,3,5,12,3,3.7331297506119037,274.3777737046229,470.58111569381344,True
healthy_maneuver,531.0,3,3,3,5,12,3,2.8369193208009786,148.7218298239512,473.3596839866357,True
healthy_maneuver,532.0,1,1,3,5,12,3,3.6802354620686666,376.30093780219653,472.57063309042064,True
healthy_maneuver,532.0,2,2,3,5,12,3,3.733129750464871,274.3777737012288,470.58111568090396,True
healthy_maneuver,532.0,3,3,3,5,12,3,2.8369193211411803,148.72182980660386,473.35968402317405,True
healthy_maneuver,533.0,1,1,3,5,12,3,3.6802354620921998,376.3009378069608,472.57063308648543,True
healthy_maneuver,533.0,2,2,3,5,12,3,3.7331297503023646,274.37777369783475,470.58111566799494,True
healthy_maneuver,533.0,3,3,3,5,12,3,2.836919321472129,148.72182979098667,473.3596840566988,True
healthy_maneuver,534.0,1,1,3,5,12,3,3.6802354621080147,376.30093781207734,472.5706330825502,True
healthy_maneuver,534.0,2,2,3,5,12,3,3.733129750132499,274.37777369422986,470.58111565245434,True
healthy_maneuver,534.0,3,3,3,5,12,3,2.83691932180473,148.72182977421653,473.35968409122785,True
healthy_maneuver,535.0,1,1,3,5,12,3,3.680235462130234,376.3009378164896,472.57063307861466,True
healthy_maneuver,535.0,2,2,3,5,12,3,3.733129749971277,274.37777369104657,470.5811156382291,True
healthy_maneuver,535.0,3,3,3,5,12,3,2.8369193221437543,148.72182975802298,473.3596841237469,True
healthy_maneuver,536.0,1,1,3,5,12,3,3.6802354621461606,376.3009378212536,472.57063307511817,True
healthy_maneuver,536.0,2,2,3,5,12,3,3.7331297497903653,274.3777736872309,470.5811156226885,True
healthy_maneuver,536.0,3,3,3,5,12,3,2.83691932247311,148.7218297418294,473.3596841582763,True
healthy_maneuver,537.0,1,1,3,5,12,3,3.680235462167884,376.30093782672265,472.57063307074435,True
healthy_maneuver,537.0,2,2,3,5,12,3,3.7331297496486653,274.37777368404755,470.58111561109524,True
healthy_maneuver,537.0,3,3,3,5,12,3,2.836919322814903,148.72182972505902,473.35968419381004,True
healthy_maneuver,538.0,1,1,3,5,12,3,3.68023546219022,376.3009378307823,472.57063306724774,True
healthy_maneuver,538.0,2,2,3,5,12,3,3.7331297494763938,274.3777736806535,470.58111559687046,True
healthy_maneuver,538.0,3,3,3,5,12,3,2.836919323163132,148.72182970886547,473.35968422733447,True
healthy_maneuver,539.0,1,1,3,5,12,3,3.6802354622121767,376.3009378355466,472.57063306375085,True
healthy_maneuver,539.0,2,2,3,5,12,3,3.73312974929953,274.3777736768379,470.5811155839619,True
healthy_maneuver,539.0,3,3,3,5,12,3,2.8369193234984427,148.7218296932487,473.3596842628685,True
healthy_maneuver,540.0,1,1,3,5,12,3,3.680235462227991,376.30093784066327,472.57063305981546,True
healthy_maneuver,540.0,2,2,3,5,12,3,3.7331297491427304,274.3777736734437,470.5811155697362,True
healthy_maneuver,540.0,3,3,3,5,12,3,2.8369193238186012,148.72182967705493,473.35968429639286,True
healthy_maneuver,541.0,1,1,3,5,12,3,3.680235462245614,376.30093784507517,472.57063305631885,True
healthy_maneuver,541.0,2,2,3,5,12,3,3.733129748991261,274.3777736702603,470.58111555682626,True
healthy_maneuver,541.0,3,3,3,5,12,3,2.8369193241652373,148.72182966028438,473.359684330922,True
healthy_maneuver,542.0,1,1,3,5,12,3,3.6802354622614244,376.3009378501918,472.57063305238376,True
healthy_maneuver,542.0,2,2,3,5,12,3,3.7331297488213946,274.3777736666553,470.58111554128567,True
healthy_maneuver,542.0,3,3,3,5,12,3,2.8369193244853896,148.72182964409083,473.35968436444705,True
healthy_maneuver,543.0,1,1,3,5,12,3,3.680235462282063,376.30093785460383,472.570633048887,True
healthy_maneuver,543.0,2,2,3,5,12,3,3.7331297486588877,274.3777736632613,470.58111552837664,True
healthy_maneuver,543.0,3,3,3,5,12,3,2.836919324841221,148.72182962732046,473.35968439998044,True
healthy_maneuver,544.0,1,1,3,5,12,3,3.680235462302585,376.3009378593682,472.57063304495176,True
healthy_maneuver,544.0,2,2,3,5,12,3,3.733129748481291,274.37777365965644,470.58111551283605,True
healthy_maneuver,544.0,3,3,3,5,12,3,2.8369193251754083,148.7218296111269,473.3596844335048,True
healthy_maneuver,545.0,1,1,3,5,12,3,3.680235462321298,376.3009378648371,472.5706330405778,True
healthy_maneuver,545.0,2,2,3,5,12,3,3.733129748324489,274.37777365626226,470.5811154986108,True
healthy_maneuver,545.0,3,3,3,5,12,3,2.836919325495568,148.72182959493333,473.3596844670292,True
healthy_maneuver,546.0,1,1,3,5,12,3,3.680235462337456,376.30093786889677,472.570633037958,True
healthy_maneuver,546.0,2,2,3,5,12,3,3.7331297481606964,274.3777736526575,470.5811154870171,True
healthy_maneuver,546.0,3,3,3,5,12,3,2.836919325830875,148.72182957931636,473.35968450256263,True
healthy_maneuver,547.0,1,1,3,5,12,3,3.680235462360876,376.30093787401347,472.57063303358444,True
healthy_maneuver,547.0,2,2,3,5,12,3,3.7331297479961663,274.3777736492633,470.58111547279316,True
healthy_maneuver,547.0,3,3,3,5,12,3,2.8369193261650634,148.72182956312298,473.3596845360877,True
healthy_maneuver,548.0,1,1,3,5,12,3,3.680235462373792,376.30093787877786,472.57063303008766,True
healthy_maneuver,548.0,2,2,3,5,12,3,3.7331297478393686,274.3777736458691,470.58111545856707,True
healthy_maneuver,548.0,3,3,3,5,12,3,2.8369193265101043,148.72182954577545,473.35968457162136,True
healthy_maneuver,549.0,1,1,3,5,12,3,3.6802354623973246,376.30093788354225,472.5706330261523,True
healthy_maneuver,549.0,2,2,3,5,12,3,3.7331297476768643,274.3777736424751,470.58111544565844,True
healthy_maneuver,549.0,3,3,3,5,12,3,2.836919326841045,148.72182953015886,473.35968460514545,True
healthy_maneuver,550.0,1,1,3,5,12,3,3.680235462408548,376.3009378886589,472.5706330226554,True
healthy_maneuver,550.0,2,2,3,5,12,3,3.7331297475036975,274.3777736386595,470.5811154301183,True
healthy_maneuver,550.0,3,3,3,5,12,3,2.836919327156361,148.7218295139655,473.3596846396745,True
healthy_maneuver,551.0,1,1,3,5,12,3,3.680235462430768,376.3009378930708,472.5706330187201,True
healthy_maneuver,551.0,2,2,3,5,12,3,3.7331297473424665,274.37777363547616,470.58111541589307,True
healthy_maneuver,551.0,3,3,3,5,12,3,2.8369193275078417,148.72182949719496,473.3596846731989,True
healthy_maneuver,552.0,1,1,3,5,12,3,3.6802354624512876,376.3009378978351,472.5706330147849,True
healthy_maneuver,552.0,2,2,3,5,12,3,3.7331297471779283,274.37777363208204,470.5811154016669,True
healthy_maneuver,552.0,3,3,3,5,12,3,2.8369193278420375,148.72182948100098,473.35968470672327,True
healthy_maneuver,553.0,1,1,3,5,12,3,3.6802354624655167,376.3009379029517,472.5706330112886,True
healthy_maneuver,553.0,2,2,3,5,12,3,3.7331297470198526,274.37777362847703,470.58111538875875,True
healthy_maneuver,553.0,3,3,3,5,12,3,2.8369193281665366,148.72182946480783,473.3596847422577,True
healthy_maneuver,554.0,1,1,3,5,12,3,3.680235462483145,376.3009379073638,472.5706330077915,True
healthy_maneuver,554.0,2,2,3,5,12,3,3.733129746855322,274.3777736250831,470.5811153745344,True
healthy_maneuver,554.0,3,3,3,5,12,3,2.836919328513179,148.72182944803748,473.3596847767864,True
healthy_maneuver,555.0,1,1,3,5,12,3,3.6802354625113893,376.3009379117759,472.57063300385613,True
healthy_maneuver,555.0,2,2,3,5,12,3,3.7331297466720033,274.3777736214782,470.5811153603087,True
healthy_maneuver,555.0,3,3,3,5,12,3,2.836919328870609,148.7218294318435,473.35968481131584,True
healthy_maneuver,556.0,1,1,3,5,12,3,3.6802354625284046,376.30093791759685,472.5706329994825,True
healthy_maneuver,556.0,2,2,3,5,12,3,3.7331297465249644,274.37777361808406,470.5811153473988,True
healthy_maneuver,556.0,3,3,3,5,12,3,2.836919329173483,148.72182941622674,473.35968484483953,True
healthy_maneuver,557.0,1,1,3,5,12,3,3.68023546254614,376.3009379216566,472.5706329964246,True
healthy_maneuver,557.0,2,2,3,5,12,3,3.733129746362452,274.3777736146898,470.5811153344897,True
healthy_maneuver,557.0,3,3,3,5,12,3,2.8369193295168658,148.72182940003316,473.35968487936964,True
healthy_maneuver,558.0,1,1,3,5,12,3,3.6802354625572424,376.30093792712563,472.57063299248927,True
healthy_maneuver,558.0,2,2,3,5,12,3,3.7331297462003294,274.3777736110849,470.5811153189492,True
healthy_maneuver,558.0,3,3,3,5,12,3,2.836919329835427,148.72182938326281,473.3596849138987,True
healthy_maneuver,559.0,1,1,3,5,12,3,3.680235462587184,376.3009379311853,472.570632988554,True
healthy_maneuver,559.0,2,2,3,5,12,3,3.73312974603339,274.37777360790164,470.58111530604015,True
healthy_maneuver,559.0,3,3,3,5,12,3,2.8369193301976923,148.72182936706923,473.35968494742275,True
healthy_maneuver,560.0,1,1,3,5,12,3,3.680235462603115,376.30093793594955,472.5706329850573,True
healthy_maneuver,560.0,2,2,3,5,12,3,3.733129745852484,274.37777360408603,470.58111529049955,True
healthy_maneuver,560.0,3,3,3,5,12,3,2.8369193305394953,148.7218293502987,473.3596849829568,True
healthy_maneuver,561.0,1,1,3,5,12,3,3.6802354626189295,376.30093794106637,472.5706329811217,True
healthy_maneuver,561.0,2,2,3,5,12,3,3.7331297456956833,274.37777360069185,470.5811152762743,True
healthy_maneuver,561.0,3,3,3,5,12,3,2.836919330859645,148.72182933410534,473.35968501648085,True
healthy_maneuver,562.0,1,1,3,5,12,3,3.6802354626425773,376.30093794547815,472.5706329776253,True
healthy_maneuver,562.0,2,2,3,5,12,3,3.7331297455482693,274.37777359750856,470.5811152659968,True
healthy_maneuver,562.0,3,3,3,5,12,3,2.836919331187341,148.72182931906534,473.3596850500049,True
healthy_maneuver,563.0,1,1,3,5,12,3,3.680235462663101,376.30093795024266,472.57063297368984,True
healthy_maneuver,563.0,2,2,3,5,12,3,3.7331297453706664,274.37777359390367,470.5811152504562,True
healthy_maneuver,563.0,3,3,3,5,12,3,2.8369193315339825,148.7218293022946,473.359685084535,True
healthy_maneuver,564.0,1,1,3,5,12,3,3.680235462671425,376.30093795500693,472.5706329706316,True
healthy_maneuver,564.0,2,2,3,5,12,3,3.733129745210561,274.3777735902987,470.58111523623097,True
healthy_maneuver,564.0,3,3,3,5,12,3,2.8369193318617354,148.72182928552462,473.35968512006804,True
healthy_maneuver,565.0,1,1,3,5,12,3,3.6802354626919436,376.3009379597712,472.5706329666965,True
healthy_maneuver,565.0,2,2,3,5,12,3,3.733129745046033,274.37777358690465,470.58111522200613,True
healthy_maneuver,565.0,3,3,3,5,12,3,2.836919332208376,148.72182926875388,473.3596851545978,True
healthy_maneuver,566.0,1,1,3,5,12,3,3.6802354627136715,376.3009379652402,472.57063296232235,True
healthy_maneuver,566.0,2,2,3,5,12,3,3.733129744878192,274.37777358329987,470.58111520778135,True
healthy_maneuver,566.0,3,3,3,5,12,3,2.836919332525287,148.72182925313712,473.35968518812183,True
healthy_maneuver,567.0,1,1,3,5,12,3,3.6802354627312934,376.300937969652,472.570632958826,True
healthy_maneuver,567.0,2,2,3,5,12,3,3.7331297447267184,274.3777735801163,470.58111519487187,True
healthy_maneuver,567.0,3,3,3,5,12,3,2.8369193328719176,148.72182923636714,473.3596852226509,True
healthy_maneuver,568.0,1,1,3,5,12,3,3.680235462751819,376.3009379744164,472.57063295489036,True
healthy_maneuver,568.0,2,2,3,5,12,3,3.733129744549117,274.37777357651163,470.5811151793309,True
healthy_maneuver,568.0,3,3,3,5,12,3,2.836919333206116,148.7218292201732,473.35968525617494,True
healthy_maneuver,569.0,1,1,3,5,12,3,3.680235462770643,376.3009379795332,472.5706329509553,True
healthy_maneuver,569.0,2,2,3,5,12,3,3.733129744394345,274.37777357311734,470.5811151664214,True
healthy_maneuver,569.0,3,3,3,5,12,3,2.8369193335479066,148.72182920340265,473.35968529170935,True
healthy_maneuver,570.0,1,1,3,5,12,3,3.6802354627882705,376.3009379839451,472.5706329474584,True
healthy_maneuver,570.0,2,2,3,5,12,3,3.7331297442298164,274.37777356972344,470.581115152197,True
healthy_maneuver,570.0,3,3,3,5,12,3,2.8369193338821015,148.72182918720927,473.3596853252331,True
healthy_maneuver,571.0,1,1,3,5,12,3,3.6802354628072105,376.3009379887094,472.57063294396175,True
healthy_maneuver,571.0,2,2,3,5,12,3,3.7331297440509292,274.3777735659078,470.58111513797223,True
healthy_maneuver,571.0,3,3,3,5,12,3,2.83691933420821,148.7218291715923,473.3596853597628,True
healthy_maneuver,572.0,1,1,3,5,12,3,3.6802354628260354,376.30093799382604,472.57063294002654,True
healthy_maneuver,572.0,2,2,3,5,12,3,3.7331297439092266,274.3777735627243,470.5811151263785,True
healthy_maneuver,572.0,3,3,3,5,12,3,2.83691933453756,148.72182915539872,473.3596853942919,True
healthy_maneuver,573.0,1,1,3,5,12,3,3.680235462843662,376.30093799823806,472.57063293652965,True
healthy_maneuver,573.0,2,2,3,5,12,3,3.7331297437446955,274.3777735593303,470.58111511215327,True
healthy_maneuver,573.0,3,3,3,5,12,3,2.836919334871751,148.72182913920517,473.35968542781563,True
healthy_maneuver,574.0,1,1,3,5,12,3,3.6802354628548795,376.3009380033547,472.57063293303304,True
healthy_maneuver,574.0,2,2,3,5,12,3,3.733129743571517,274.37777355551447,470.5811150966122,True
healthy_maneuver,574.0,3,3,3,5,12,3,2.83691933518707,148.7218291230114,473.3596854623457,True
healthy_maneuver,575.0,1,1,3,5,12,3,3.6802354628818077,376.30093800741435,472.5706329290978,True
healthy_maneuver,575.0,2,2,3,5,12,3,3.733129743402556,274.37777355233123,470.58111508238784,True
healthy_maneuver,575.0,3,3,3,5,12,3,2.8369193355650237,148.72182910566445,473.3596854968744,True
healthy_maneuver,576.0,1,1,3,5,12,3,3.68023546290824,376.3009380125311,472.57063292472395,True
healthy_maneuver,576.0,2,2,3,5,12,3,3.7331297432269768,274.3777735487263,470.5811150681626,True
healthy_maneuver,576.0,3,3,3,5,12,3,2.8369193358959643,148.72182909004766,473.3596855303988,True
healthy_maneuver,577.0,1,1,3,5,12,3,3.680235462924055,376.3009380176477,472.57063292078874,True
healthy_maneuver,577.0,2,2,3,5,12,3,3.7331297430832495,274.37777354554294,470.5811150552536,True
healthy_maneuver,577.0,3,3,3,5,12,3,2.836919336228564,148.72182907327732,473.3596855649279,True
healthy_maneuver,578.0,1,1,3,5,12,3,3.680235462943113,376.3009380220597,472.57063291773045,True
healthy_maneuver,578.0,2,2,3,5,12,3,3.7331297429194557,274.37777354193815,470.5811150436603,True
healthy_maneuver,578.0,3,3,3,5,12,3,2.8369193365514236,148.72182905823735,473.3596855994569,True
healthy_maneuver,579.0,1,1,3,5,12,3,3.6802354629636342,376.3009380268241,472.5706329137952,True
healthy_maneuver,579.0,2,2,3,5,12,3,3.733129742741856,274.37777353833326,470.58111502811926,True
healthy_maneuver,579.0,3,3,3,5,12,3,2.836919336898057,148.72182904146678,473.359685633986,True
healthy_maneuver,580.0,1,1,3,5,12,3,3.680235462976549,376.3009380315884,472.57063291029846,True
healthy_maneuver,580.0,2,2,3,5,12,3,3.7331297425850596,274.3777735349391,470.5811150138945,True
healthy_maneuver,580.0,3,3,3,5,12,3,2.8369193372306594,148.72182902469643,473.3596856685154,True
healthy_maneuver,581.0,1,1,3,5,12,3,3.6802354629924805,376.30093803635265,472.5706329068015,True
healthy_maneuver,581.0,2,2,3,5,12,3,3.733129742430284,274.377773531545,470.581115000985,True
healthy_maneuver,581.0,3,3,3,5,12,3,2.8369193375724637,148.7218290079259,473.3596857040491,True
healthy_maneuver,582.0,1,1,3,5,12,3,3.6802354630113014,376.30093804146935,472.57063290286646,True
healthy_maneuver,582.0,2,2,3,5,12,3,3.7331297422624448,274.37777352794006,470.58111498675976,True
healthy_maneuver,582.0,3,3,3,5,12,3,2.8369193378893627,148.7218289923091,473.3596857375735,True
healthy_maneuver,583.0,1,1,3,5,12,3,3.6802354630335214,376.3009380458815,472.5706328989311,True
healthy_maneuver,583.0,2,2,3,5,12,3,3.733129742101224,274.37777352475683,470.5811149725354,True
healthy_maneuver,583.0,3,3,3,5,12,3,2.836919338228389,148.72182897611575,473.3596857700929,True
healthy_maneuver,584.0,1,1,3,5,12,3,3.6802354630540424,376.3009380506456,472.570632894996,True
healthy_maneuver,584.0,2,2,3,5,12,3,3.7331297419236127,274.3777735211518,470.58111495699393,True
healthy_maneuver,584.0,3,3,3,5,12,3,2.83691933857503,148.7218289593452,473.3596858046223,True
healthy_maneuver,585.0,1,1,3,5,12,3,3.680235463068159,376.30093805611443,472.57063289106094,True
healthy_maneuver,585.0,2,2,3,5,12,3,3.733129741763516,274.377773517547,470.5811149427691,True
healthy_maneuver,585.0,3,3,3,5,12,3,2.8369193388903433,148.72182894315162,473.3596858391513,True
healthy_maneuver,586.0,1,1,3,5,12,3,3.6802354630859018,376.3009380601744,472.57063288800236,True
healthy_maneuver,586.0,2,2,3,5,12,3,3.7331297416140767,274.3777735143637,470.5811149311763,True
healthy_maneuver,586.0,3,3,3,5,12,3,2.8369193392461725,148.72182892638148,473.3596858746847,True
healthy_maneuver,587.0,1,1,3,5,12,3,3.680235463112334,376.30093806529095,472.5706328836285,True
healthy_maneuver,587.0,2,2,3,5,12,3,3.733129741438497,274.37777351075886,470.581114916951,True
healthy_maneuver,587.0,3,3,3,5,12,3,2.8369193395771277,148.7218289107643,473.3596859082095,True
healthy_maneuver,588.0,1,1,3,5,12,3,3.6802354631265635,376.3009380704075,472.57063288013217,True
healthy_maneuver,588.0,2,2,3,5,12,3,3.733129741280418,274.37777350715385,470.581114904042,True
healthy_maneuver,588.0,3,3,3,5,12,3,2.8369193398891857,148.7218288951477,473.35968594273885,True
healthy_maneuver,589.0,1,1,3,5,12,3,3.6802354631441885,376.3009380748195,472.5706328766353,True
healthy_maneuver,589.0,2,2,3,5,12,3,3.7331297411158775,274.37777350375967,470.58111488981626,True
healthy_maneuver,589.0,3,3,3,5,12,3,2.836919340235828,148.72182887837715,473.35968597726793,True
healthy_maneuver,590.0,1,1,3,5,12,3,3.6802354631600047,376.300938079936,472.57063287270006,True
healthy_maneuver,590.0,2,2,3,5,12,3,3.733129740946012,274.37777350015483,470.5811148742757,True
healthy_maneuver,590.0,3,3,3,5,12,3,2.8369193405559896,148.7218288621836,473.35968601079236,True
healthy_maneuver,591.0,1,1,3,5,12,3,3.6802354631822234,376.30093808434833,472.5706328687645,True
healthy_maneuver,591.0,2,2,3,5,12,3,3.7331297407978616,274.3777734971823,470.5811148613667,True
healthy_maneuver,591.0,3,3,3,5,12,3,2.8369193409199,148.72182884483644,473.35968604532104,True
healthy_maneuver,592.0,1,1,3,5,12,3,3.680235463205872,376.30093808876035,472.5706328652679,True
healthy_maneuver,592.0,2,2,3,5,12,3,3.7331297406112385,274.37777349336665,470.58111484714186,True
healthy_maneuver,592.0,3,3,3,5,12,3,2.8369193412600406,148.72182882921967,473.35968607985046,True
healthy_maneuver,593.0,1,1,3,5,12,3,3.6802354632169783,376.30093809422914,472.5706328613327,True
healthy_maneuver,593.0,2,2,3,5,12,3,3.7331297404621764,274.37777348997247,470.5811148329166,True
healthy_maneuver,593.0,3,3,3,5,12,3,2.8369193415786094,148.72182881244913,473.3596861143798,True
healthy_maneuver,594.0,1,1,3,5,12,3,3.6802354632423246,376.3009380982889,472.5706328578359,True
healthy_maneuver,594.0,2,2,3,5,12,3,3.733129740291934,274.37777348657846,470.5811148200076,True
healthy_maneuver,594.0,3,3,3,5,12,3,2.8369193419235827,148.72182879683254,473.3596861479036,True
healthy_maneuver,595.0,1,1,3,5,12,3,3.6802354632612664,376.3009381030533,472.570632854339,True
healthy_maneuver,595.0,2,2,3,5,12,3,3.7331297401130477,274.37777348276285,470.58111480578276,True
healthy_maneuver,595.0,3,3,3,5,12,3,2.8369193422496983,148.72182878121538,473.35968618243334,True
healthy_maneuver,596.0,1,1,3,5,12,3,3.680235463274184,376.30093810781784,472.57063285084223,True
healthy_maneuver,596.0,2,2,3,5,12,3,3.7331297399693217,274.37777347957945,470.5811147928742,True
healthy_maneuver,596.0,3,3,3,5,12,3,2.8369193425947303,148.72182876386861,473.359686217967,True
healthy_maneuver,597.0,1,1,3,5,12,3,3.680235463297602,376.300938112934,472.5706328464687,True
healthy_maneuver,597.0,2,2,3,5,12,3,3.733129739804783,274.3777734761853,470.5811147786485,True
healthy_maneuver,597.0,3,3,3,5,12,3,2.8369193429289337,148.72182874767466,473.35968625149144,True
healthy_maneuver,598.0,1,1,3,5,12,3,3.680235463311832,376.3009381180507,472.5706328429719,True
healthy_maneuver,598.0,2,2,3,5,12,3,3.733129739633635,274.37777347236965,470.5811147644232,True
healthy_maneuver,598.0,3,3,3,5,12,3,2.836919343253452,148.7218287314807,473.35968628702585,True
healthy_maneuver,599.0,1,1,3,5,12,3,3.680235463334051,376.30093812246264,472.5706328390369,True
healthy_maneuver,599.0,2,2,3,5,12,3,3.7331297394724086,274.37777346918625,470.5811147501984,True
healthy_maneuver,599.0,3,3,3,5,12,3,2.8369193435924727,148.72182871528753,473.35968631954523,True
healthy_maneuver,600.0,1,1,3,5,12,3,3.6802354633545744,376.30093812722697,472.5706328351015,True
healthy_maneuver,600.0,2,2,3,5,12,3,3.7331297392948053,274.3777734655814,470.5811147346574,True
healthy_maneuver,600.0,3,3,3,5,12,3,2.8369193439266676,148.72182869909398,473.35968635306926,True
