Scenario,Seed,Aggregation,Follower,Comparison,MaximumDifference,MeanDifference,CDF95Difference,RMSE3DDifference
baseline_3f,1,follower,1,cusum_fgo_minus_ekf,-10.117223952102895,-0.8377254847471586,-6.460703838411945,-1.8277337216619634
baseline_3f,1,follower,1,cusum_fgo_minus_fgo,-8.196937464708526,-1.4734304906183437,-6.045427977482124,-2.2652532628007496
baseline_3f,1,follower,1,cusum_fgo_minus_cusum_ekf,-4.670450709921873,-0.30409359738473263,-0.8871113592181112,-0.5788912318348178
baseline_3f,1,follower,2,cusum_fgo_minus_ekf,-10.911555290140555,-1.2352880455413509,-7.892216163369044,-2.550907768150964
baseline_3f,1,follower,2,cusum_fgo_minus_fgo,-10.65459962679924,-1.7217917092976984,-7.2519338558171444,-2.73865741617562
baseline_3f,1,follower,2,cusum_fgo_minus_cusum_ekf,-5.746590150810189,-0.40559337179688537,-1.989135852753634,-0.6820920618895598
baseline_3f,1,follower,3,cusum_fgo_minus_ekf,-10.475931223113452,-0.931110679477128,-5.704533110027989,-1.8947422508614107
baseline_3f,1,follower,3,cusum_fgo_minus_fgo,-8.250439199526843,-1.1849816204902293,-5.368976996178917,-1.940204413326958
baseline_3f,1,follower,3,cusum_fgo_minus_cusum_ekf,-7.162771301848538,-0.354874301698332,-1.285871865214358,-0.5776736861152495
baseline_3f,1,pooled,0,cusum_fgo_minus_ekf,-10.117223952102895,-1.001374736588546,-6.684922396099572,-2.100511338660665
baseline_3f,1,pooled,0,cusum_fgo_minus_fgo,-9.371525721637715,-1.4600679401354237,-6.300138025659958,-2.3265968572504714
baseline_3f,1,pooled,0,cusum_fgo_minus_cusum_ekf,-5.47298073895063,-0.35485375695998334,-1.3241313575139626,-0.6108249999480463
baseline_3f,1,macro,0,cusum_fgo_minus_ekf,-10.50157015511897,-1.0013747365885455,-6.685817703936326,-2.091127913558113
baseline_3f,1,macro,0,cusum_fgo_minus_fgo,-9.033992097011536,-1.4600679401354242,-6.222112943159395,-2.314705030767776
baseline_3f,1,macro,0,cusum_fgo_minus_cusum_ekf,-5.859937387526866,-0.3548537569599831,-1.3873730257287014,-0.6128856599465424
baseline_3f,2,follower,1,cusum_fgo_minus_ekf,-9.724413249657292,-0.9992009107874933,-6.885788201617768,-2.029641897579535
baseline_3f,2,follower,1,cusum_fgo_minus_fgo,-7.159221342294375,-1.2007941685037888,-5.282390794419643,-1.854376040546016
baseline_3f,2,follower,1,cusum_fgo_minus_cusum_ekf,-8.752279062301335,-0.5266595152763109,-1.874890401713838,-0.9337344359531152
baseline_3f,2,follower,2,cusum_fgo_minus_ekf,-6.984077767588604,-0.36832531198858587,-2.665998553783222,-0.998360310337338
baseline_3f,2,follower,2,cusum_fgo_minus_fgo,-6.128487240794933,-1.0999616976293194,-4.3996978291656825,-1.6278328841192997
baseline_3f,2,follower,2,cusum_fgo_minus_cusum_ekf,-3.9011501738919376,0.018089302139270513,-1.1898423569144905,-0.19989284196703894
baseline_3f,2,follower,3,cusum_fgo_minus_ekf,-11.68492573768986,-1.0188903898449264,-7.259928252321918,-2.1511973540446285
baseline_3f,2,follower,3,cusum_fgo_minus_fgo,-9.300665454975206,-0.8924550604608589,-5.973845308242773,-1.7790615282179667
baseline_3f,2,follower,3,cusum_fgo_minus_cusum_ekf,-6.62409372650787,-0.4005226815041757,-1.3330744321292824,-0.65601249995128
baseline_3f,2,pooled,0,cusum_fgo_minus_ekf,-10.880438179456917,-0.7954722042070017,-5.915667234734128,-1.7111660706869067
baseline_3f,2,pooled,0,cusum_fgo_minus_fgo,-8.496177896742264,-1.0644036421979888,-4.862257739761685,-1.7290224933995113
baseline_3f,2,pooled,0,cusum_fgo_minus_cusum_ekf,-7.495545833389817,-0.3030309648804055,-1.3794677086783917,-0.5677384611033329
baseline_3f,2,macro,0,cusum_fgo_minus_ekf,-9.464472251645251,-0.7954722042070017,-5.603905002574304,-1.7263998539871672
baseline_3f,2,macro,0,cusum_fgo_minus_fgo,-7.529458012688172,-1.0644036421979888,-5.2186446439426994,-1.753756817627761
baseline_3f,2,macro,0,cusum_fgo_minus_cusum_ekf,-6.425840987567048,-0.30303096488040526,-1.4659357302525369,-0.5965465926238114
baseline_3f,3,follower,1,cusum_fgo_minus_ekf,-5.694844361610098,-0.7190762742112085,-2.8280659092255744,-1.0702204839337848
baseline_3f,3,follower,1,cusum_fgo_minus_fgo,-7.168883794574482,-0.9856352861250144,-3.8181765541066817,-1.575933673727704
baseline_3f,3,follower,1,cusum_fgo_minus_cusum_ekf,-4.727195397660503,-0.5366414732647202,-1.3816990880641877,-0.7307527614472904
baseline_3f,3,follower,2,cusum_fgo_minus_ekf,-5.625133881608009,-0.9325782562158798,-4.894159311951645,-1.5999644467854806
baseline_3f,3,follower,2,cusum_fgo_minus_fgo,-5.317332649030088,-1.074833312758439,-4.53607189734662,-1.6580217924414513
baseline_3f,3,follower,2,cusum_fgo_minus_cusum_ekf,-4.962703048122622,-0.4365773728241731,-1.6199304138344899,-0.68720500305031
baseline_3f,3,follower,3,cusum_fgo_minus_ekf,-7.729569437881272,-0.9317903157910186,-4.343759916929434,-1.6480970199423575
baseline_3f,3,follower,3,cusum_fgo_minus_fgo,-5.789307524440581,-0.8160928838169728,-4.051084990985495,-1.3986976567046203
baseline_3f,3,follower,3,cusum_fgo_minus_cusum_ekf,-4.809637983896524,-0.4661432123707307,-0.9990370119316828,-0.649160245715673
baseline_3f,3,pooled,0,cusum_fgo_minus_ekf,-7.193960334045529,-0.8611482820727022,-4.329126602346629,-1.4403726617940649
baseline_3f,3,pooled,0,cusum_fgo_minus_fgo,-6.996817150542266,-0.9588538275668089,-4.23511861450653,-1.544074780087835
baseline_3f,3,pooled,0,cusum_fgo_minus_cusum_ekf,-4.962703048122622,-0.4797873528198747,-1.2539592367429642,-0.6848546704659441
baseline_3f,3,macro,0,cusum_fgo_minus_ekf,-6.3498492270331255,-0.8611482820727023,-4.02199504603555,-1.4394273168872078
baseline_3f,3,macro,0,cusum_fgo_minus_fgo,-6.0918413226817165,-0.958853827566809,-4.1351111474795985,-1.544217707624592
baseline_3f,3,macro,0,cusum_fgo_minus_cusum_ekf,-4.833178809893216,-0.4797873528198746,-1.3335555046101202,-0.6890393367377577
baseline_3f,4,follower,1,cusum_fgo_minus_ekf,-9.214362095639625,-0.6413324988393958,-7.417337906345249,-1.6938949708887958
baseline_3f,4,follower,1,cusum_fgo_minus_fgo,-7.326092480763314,-1.215875853289186,-4.9896576440131035,-1.8245240886115437
baseline_3f,4,follower,1,cusum_fgo_minus_cusum_ekf,-5.136111750482034,-0.012790759487031567,-0.8923411293953221,-0.2238883734444772
baseline_3f,4,follower,2,cusum_fgo_minus_ekf,-9.859190782019375,-0.7044383447590634,-3.869314933886166,-1.5918692624018567
baseline_3f,4,follower,2,cusum_fgo_minus_fgo,-9.453177030198209,-1.4603696215157047,-5.720498957933317,-2.276152766817365
baseline_3f,4,follower,2,cusum_fgo_minus_cusum_ekf,-5.264235739823014,-0.15709280437798379,-0.7337701735035056,-0.38931249329889095
baseline_3f,4,follower,3,cusum_fgo_minus_ekf,-7.147777655924348,-0.9927078631684015,-5.292766866459583,-1.732620533710406
baseline_3f,4,follower,3,cusum_fgo_minus_fgo,-7.1467452974767385,-0.8791844425003846,-4.541939295239609,-1.561438145894634
baseline_3f,4,follower,3,cusum_fgo_minus_cusum_ekf,-7.380395467894984,-0.5866175113807673,-1.7302215601232087,-0.9633350662613174
baseline_3f,4,pooled,0,cusum_fgo_minus_ekf,-9.214362095639625,-0.7794929022556201,-5.060239801657373,-1.66199931638987
baseline_3f,4,pooled,0,cusum_fgo_minus_fgo,-8.603603598454427,-1.1851433057684249,-5.226562529884605,-1.8888970948193848
baseline_3f,4,pooled,0,cusum_fgo_minus_cusum_ekf,-6.264619338905551,-0.25216702508192745,-1.1816074718551408,-0.5172864529362127
baseline_3f,4,macro,0,cusum_fgo_minus_ekf,-8.74044351119445,-0.7794929022556201,-5.5264732355636665,-1.6727949223336862
baseline_3f,4,macro,0,cusum_fgo_minus_fgo,-7.975338269479421,-1.1851433057684253,-5.084031965728677,-1.8873716671078478
baseline_3f,4,macro,0,cusum_fgo_minus_cusum_ekf,-5.9269143194000105,-0.25216702508192745,-1.1187776210073455,-0.5255119776682287
baseline_3f,5,follower,1,cusum_fgo_minus_ekf,-4.602209123708075,-0.24074600019894832,-3.460424562344094,-0.7107582093839162
baseline_3f,5,follower,1,cusum_fgo_minus_fgo,-2.8115843745778353,-0.711617907965872,-3.1318952529636,-1.035347672307835
baseline_3f,5,follower,1,cusum_fgo_minus_cusum_ekf,-2.0652000275325584,-0.012737037097261483,-1.110474255461304,-0.18066356722712174
baseline_3f,5,follower,2,cusum_fgo_minus_ekf,-9.010532028647013,-1.1960976120345708,-8.268640512280529,-2.4573974557933758
baseline_3f,5,follower,2,cusum_fgo_minus_fgo,-7.922319192901516,-1.3389749633214787,-6.842840529764363,-2.2888585991153323
baseline_3f,5,follower,2,cusum_fgo_minus_cusum_ekf,-2.7954196043870487,-1.1178341218905847,-2.2241634953341993,-1.2623835898310376
baseline_3f,5,follower,3,cusum_fgo_minus_ekf,-4.026487918399701,-0.44956231588004225,-2.787859139424701,-0.8341111471615795
baseline_3f,5,follower,3,cusum_fgo_minus_fgo,-3.9138983342949283,-0.7180814427110013,-3.528491224879427,-1.151288986291589
baseline_3f,5,follower,3,cusum_fgo_minus_cusum_ekf,-2.211834845557604,-0.1955950453682337,-0.8464671391443337,-0.32610567160466053
baseline_3f,5,pooled,0,cusum_fgo_minus_ekf,-8.28276926239777,-0.6288019760378536,-3.9628642923747455,-1.3224677105767104
baseline_3f,5,pooled,0,cusum_fgo_minus_fgo,-7.194556426652273,-0.9228914379994506,-3.693252185348946,-1.441992377825354
baseline_3f,5,pooled,0,cusum_fgo_minus_cusum_ekf,-2.0676568381378058,-0.4420554014520264,-1.0329515356547994,-0.5434368279866448
baseline_3f,5,macro,0,cusum_fgo_minus_ekf,-5.879743023584931,-0.6288019760378536,-4.838974738016441,-1.3340889374462905
baseline_3f,5,macro,0,cusum_fgo_minus_fgo,-4.88260063392476,-0.9228914379994508,-4.501075669202463,-1.4918317525715856
baseline_3f,5,macro,0,cusum_fgo_minus_cusum_ekf,-2.3574848258257366,-0.4420554014520268,-1.3937016299799454,-0.5897176095542733
baseline_3f,6,follower,1,cusum_fgo_minus_ekf,-7.770932094509607,-0.732352667909236,-3.5322588569328652,-1.3334985921718612
baseline_3f,6,follower,1,cusum_fgo_minus_fgo,-4.43504046334505,-0.7773786962502147,-2.7031009300423183,-1.108108145287139
baseline_3f,6,follower,1,cusum_fgo_minus_cusum_ekf,-12.35121372346831,-0.5191115723658011,-1.6180331086498483,-1.0052526571157137
baseline_3f,6,follower,2,cusum_fgo_minus_ekf,-7.3357351698869975,-0.4572537522506839,-4.280878852162033,-1.0131886314215524
baseline_3f,6,follower,2,cusum_fgo_minus_fgo,-5.597977901202609,-0.9654901339411068,-4.126148527368135,-1.3658247415763292
baseline_3f,6,follower,2,cusum_fgo_minus_cusum_ekf,-6.781319166275256,-0.14827142877982413,-1.2992089914210747,-0.4623880598896899
baseline_3f,6,follower,3,cusum_fgo_minus_ekf,-3.0744343327202373,-0.6260177739156627,-2.6671818877025504,-0.9113325096754776
baseline_3f,6,follower,3,cusum_fgo_minus_fgo,-5.172704343249883,-0.6341778121706896,-3.172826659155498,-1.053636302121342
baseline_3f,6,follower,3,cusum_fgo_minus_cusum_ekf,-3.7882981429753286,-0.46427453106353633,-1.275510402888476,-0.6286429362418344
baseline_3f,6,pooled,0,cusum_fgo_minus_ekf,-7.547647469888779,-0.6052080646918607,-2.654857550406652,-1.0799731879762842
baseline_3f,6,pooled,0,cusum_fgo_minus_fgo,-5.597977901202609,-0.7923488807873367,-3.3119127703531537,-1.1767912861481844
baseline_3f,6,pooled,0,cusum_fgo_minus_cusum_ekf,-12.127929098847481,-0.3772191774030538,-1.2330485975088172,-0.6867823456903377
baseline_3f,6,macro,0,cusum_fgo_minus_ekf,-6.0603671990389465,-0.605208064691861,-3.493439865599149,-1.086006577756297
baseline_3f,6,macro,0,cusum_fgo_minus_fgo,-5.068574235932514,-0.7923488807873373,-3.33402537218865,-1.17585639632827
baseline_3f,6,macro,0,cusum_fgo_minus_cusum_ekf,-7.640277010906297,-0.377219177403054,-1.397584167653133,-0.698761217749079
baseline_3f,7,follower,1,cusum_fgo_minus_ekf,-7.190580074427888,-0.701319713825325,-2.900314453962304,-1.2639267409485035
baseline_3f,7,follower,1,cusum_fgo_minus_fgo,-6.891833252798967,-0.994783289909856,-4.710119623898238,-1.719451504990316
baseline_3f,7,follower,1,cusum_fgo_minus_cusum_ekf,-3.931782023432076,-0.4278702671478142,-1.286599369349472,-0.5694472783538981
baseline_3f,7,follower,2,cusum_fgo_minus_ekf,-10.142614523215595,-0.7536179484697829,-5.680091287482036,-1.5449145285818997
baseline_3f,7,follower,2,cusum_fgo_minus_fgo,-8.277730840867061,-1.003361367923966,-4.395498003024642,-1.551942393422508
baseline_3f,7,follower,2,cusum_fgo_minus_cusum_ekf,-7.110427933181302,-0.475388627966953,-2.420609478951956,-0.8877913368538153
baseline_3f,7,follower,3,cusum_fgo_minus_ekf,-8.533950352921186,-0.8662303985104678,-5.103827660868028,-1.5731958871891016
baseline_3f,7,follower,3,cusum_fgo_minus_fgo,-6.599648285590887,-0.8516767011290176,-4.648401508623605,-1.5251808026557245
baseline_3f,7,follower,3,cusum_fgo_minus_cusum_ekf,-4.947174979466936,-0.4863703598304292,-1.2110364916235041,-0.6384633258438597
baseline_3f,7,pooled,0,cusum_fgo_minus_ekf,-8.936256740933679,-0.7737226869351919,-3.8882616690227243,-1.4330638037439078
baseline_3f,7,pooled,0,cusum_fgo_minus_fgo,-7.071373058585146,-0.9499404529876132,-4.168628876285379,-1.5705319506366295
baseline_3f,7,pooled,0,cusum_fgo_minus_cusum_ekf,-5.904070150899385,-0.46320975164839884,-1.578623377722349,-0.7021111521358452
baseline_3f,7,macro,0,cusum_fgo_minus_ekf,-8.622381650188224,-0.773722686935192,-4.561411134104122,-1.4606790522398354
baseline_3f,7,macro,0,cusum_fgo_minus_fgo,-7.256404126418971,-0.9499404529876131,-4.584673045182161,-1.5988582336895165
baseline_3f,7,macro,0,cusum_fgo_minus_cusum_ekf,-5.329794978693437,-0.46320975164839895,-1.6394151133083106,-0.6985673136838578
baseline_3f,8,follower,1,cusum_fgo_minus_ekf,-6.146721474499832,-0.7051494443464092,-6.979187649007423,-1.4939488199008883
baseline_3f,8,follower,1,cusum_fgo_minus_fgo,-3.030461574578754,-0.8466037366060601,-4.429975542315212,-1.2607944390538897
baseline_3f,8,follower,1,cusum_fgo_minus_cusum_ekf,-4.474903316125663,-0.32301981095249976,-1.4540892188186352,-0.6091368150249614
baseline_3f,8,follower,2,cusum_fgo_minus_ekf,-3.895825871655246,-0.8037829076205307,-3.5165751282117617,-1.1962928559266284
baseline_3f,8,follower,2,cusum_fgo_minus_fgo,-3.9876597600193895,-1.0743459103588835,-3.7864635317516324,-1.5689051626966917
baseline_3f,8,follower,2,cusum_fgo_minus_cusum_ekf,-2.6799788774657243,-0.5332103634452303,-1.8409673348871067,-0.6979394853971824
baseline_3f,8,follower,3,cusum_fgo_minus_ekf,-8.539586790615978,-0.5595330886993045,-2.6438842818395534,-1.2245811200797712
baseline_3f,8,follower,3,cusum_fgo_minus_fgo,-3.0584875026004923,-0.5050506320103679,-2.5627545501872913,-0.8255896833005056
baseline_3f,8,follower,3,cusum_fgo_minus_cusum_ekf,-4.489570894997219,-0.17988474738901894,-0.7487306909348328,-0.31900799506663935
baseline_3f,8,pooled,0,cusum_fgo_minus_ekf,-6.146721474499832,-0.6894884802220812,-3.10964604326337,-1.3022593114005725
baseline_3f,8,pooled,0,cusum_fgo_minus_fgo,-3.030461574578754,-0.808666759658437,-3.3450691042180316,-1.2113194392650597
baseline_3f,8,pooled,0,cusum_fgo_minus_cusum_ekf,-4.474903316125663,-0.345371640595583,-1.2779673370627096,-0.5384405394271816
baseline_3f,8,macro,0,cusum_fgo_minus_ekf,-6.1940447122570195,-0.6894884802220818,-4.379882353019579,-1.3049409319690959
baseline_3f,8,macro,0,cusum_fgo_minus_fgo,-3.3588696123995447,-0.8086667596584369,-3.5930645414180455,-1.2184297616836957
baseline_3f,8,macro,0,cusum_fgo_minus_cusum_ekf,-3.881484362862869,-0.3453716405955831,-1.3479290815468583,-0.5420280984962611
baseline_3f,9,follower,1,cusum_fgo_minus_ekf,-10.56636722072857,-0.940185769768628,-7.7515306084254085,-2.014312642740301
baseline_3f,9,follower,1,cusum_fgo_minus_fgo,-6.753257331506234,-1.1291607477876309,-5.1592116650130855,-1.7225710464561335
baseline_3f,9,follower,1,cusum_fgo_minus_cusum_ekf,-5.086978519181354,-0.3129141593247873,-0.9120478655677104,-0.4523449412570054
baseline_3f,9,follower,2,cusum_fgo_minus_ekf,-13.239119309317916,-0.986397225346337,-4.314029556296258,-2.1081041981516613
baseline_3f,9,follower,2,cusum_fgo_minus_fgo,-12.339387027814874,-1.1621523599347463,-3.6998746677311223,-2.0584478530214545
baseline_3f,9,follower,2,cusum_fgo_minus_cusum_ekf,-7.094759392060386,-0.39234098976961074,-0.7474472911418102,-0.5838732979942547
baseline_3f,9,follower,3,cusum_fgo_minus_ekf,-3.7955750692042627,-0.5687877522129415,-2.7044577181417067,-0.8748780195401099
baseline_3f,9,follower,3,cusum_fgo_minus_fgo,-3.5637818750866743,-0.5914033007586562,-2.4178574532277493,-0.9057410830488847
baseline_3f,9,follower,3,cusum_fgo_minus_cusum_ekf,-2.1643390001680722,-0.3774631950395432,-1.0056990155869767,-0.4990954173393841
baseline_3f,9,pooled,0,cusum_fgo_minus_ekf,-12.976042230141157,-0.8317902491093021,-3.9073725518342663,-1.7318578198417267
baseline_3f,9,pooled,0,cusum_fgo_minus_fgo,-12.076309948638116,-0.9609054694936778,-3.733581500203497,-1.6125254136975018
baseline_3f,9,pooled,0,cusum_fgo_minus_cusum_ekf,-6.831682312883627,-0.36090611471131395,-0.8930665371154016,-0.5111470195954585
baseline_3f,9,macro,0,cusum_fgo_minus_ekf,-9.200353866416917,-0.8317902491093021,-4.923339294287791,-1.6657649534773569
baseline_3f,9,macro,0,cusum_fgo_minus_fgo,-7.552142078135928,-0.9609054694936776,-3.7589812619906526,-1.5622533275088242
baseline_3f,9,macro,0,cusum_fgo_minus_cusum_ekf,-4.782025637136604,-0.36090611471131373,-0.8883980574321657,-0.511771218863548
baseline_3f,10,follower,1,cusum_fgo_minus_ekf,-8.788345489473182,-1.0182102195078162,-7.046356068780258,-1.9516881834293303
baseline_3f,10,follower,1,cusum_fgo_minus_fgo,-10.862678673697985,-1.27517330479274,-5.252586201570384,-2.19744206547944
baseline_3f,10,follower,1,cusum_fgo_minus_cusum_ekf,-4.227856786473909,-0.4974995326781163,-1.3482493911128308,-0.6809561993755991
baseline_3f,10,follower,2,cusum_fgo_minus_ekf,-7.1004461040551075,-0.7424555742773213,-4.635054679703686,-1.4254832726491249
baseline_3f,10,follower,2,cusum_fgo_minus_fgo,-8.668888913065452,-1.1570263985343403,-4.464969593952365,-1.8195828644080962
baseline_3f,10,follower,2,cusum_fgo_minus_cusum_ekf,-4.779241840618422,-0.3162400262746674,-1.4467325727785332,-0.5278607062371163
baseline_3f,10,follower,3,cusum_fgo_minus_ekf,-6.975948331138074,-1.029527202042539,-6.03895480017572,-1.837389635875053
baseline_3f,10,follower,3,cusum_fgo_minus_fgo,-10.027360995230266,-0.9940890026526725,-4.881474765319605,-1.9347977873734727
baseline_3f,10,follower,3,cusum_fgo_minus_cusum_ekf,-4.881843450530836,-0.5932004866185017,-1.3966775010656511,-0.7823279860003316
baseline_3f,10,pooled,0,cusum_fgo_minus_ekf,-8.788345489473182,-0.930064331942559,-5.277294171816922,-1.7047109282876587
baseline_3f,10,pooled,0,cusum_fgo_minus_fgo,-10.862678673697985,-1.1420962353265849,-4.636926758437891,-1.9558965988554742
baseline_3f,10,pooled,0,cusum_fgo_minus_cusum_ekf,-4.475289485881806,-0.46898001519042865,-1.154217347008636,-0.6327147518961499
baseline_3f,10,macro,0,cusum_fgo_minus_ekf,-7.621579974888787,-0.9300643319425589,-5.906788516219889,-1.7381870306511695
baseline_3f,10,macro,0,cusum_fgo_minus_fgo,-9.852976193997902,-1.1420962353265844,-4.866343520280784,-1.9839409057536703
baseline_3f,10,macro,0,cusum_fgo_minus_cusum_ekf,-4.6296473592077225,-0.46898001519042876,-1.3972198216523382,-0.6637149638710157
baseline_3f,11,follower,1,cusum_fgo_minus_ekf,-8.878600095142737,-0.9543450283881734,-7.744586248828236,-2.028587046224691
baseline_3f,11,follower,1,cusum_fgo_minus_fgo,-10.022543434465865,-1.5922814695157914,-6.580500046901209,-2.4899365311633965
baseline_3f,11,follower,1,cusum_fgo_minus_cusum_ekf,-10.912729567314898,-0.4382354595459803,-1.1762103720421282,-0.977177735308719
baseline_3f,11,follower,2,cusum_fgo_minus_ekf,-11.760036269529591,-1.4479015658547016,-9.220755782515397,-2.9901948125752353
baseline_3f,11,follower,2,cusum_fgo_minus_fgo,-11.207591086833151,-1.9267664430918368,-8.504224630547764,-3.092098811787669
baseline_3f,11,follower,2,cusum_fgo_minus_cusum_ekf,-6.867513351155861,-0.5429227008893756,-3.2768388096665104,-1.0225870695784154
baseline_3f,11,follower,3,cusum_fgo_minus_ekf,-9.727936187357942,-0.9540956200593557,-5.927535302865716,-1.8947356016661636
baseline_3f,11,follower,3,cusum_fgo_minus_fgo,-9.143124302429191,-1.0639434716789755,-5.052949623139544,-1.9230385433900186
baseline_3f,11,follower,3,cusum_fgo_minus_cusum_ekf,-5.617018429288535,-0.4425446202857436,-1.1223212320052018,-0.5896705857407676
baseline_3f,11,pooled,0,cusum_fgo_minus_ekf,-11.760036269529591,-1.1187807381007437,-8.072755819572915,-2.351171983744155
baseline_3f,11,pooled,0,cusum_fgo_minus_fgo,-11.207591086833151,-1.5276637947622014,-6.752615863466188,-2.5463450324241057
baseline_3f,11,pooled,0,cusum_fgo_minus_cusum_ekf,-10.67488085082377,-0.4745675935736996,-1.6416706505158565,-0.8837759772638627
baseline_3f,11,macro,0,cusum_fgo_minus_ekf,-10.122190850676757,-1.1187807381007437,-7.630959111403117,-2.3045058201553634
baseline_3f,11,macro,0,cusum_fgo_minus_fgo,-10.124419607909402,-1.527663794762201,-6.712558100196173,-2.5016912954470283
baseline_3f,11,macro,0,cusum_fgo_minus_cusum_ekf,-7.799087115919765,-0.4745675935736997,-1.85845680457128,-0.8631451302093008
baseline_3f,12,follower,1,cusum_fgo_minus_ekf,-11.10447046390361,-1.0584528245369493,-8.740772165285666,-2.347134124739369
baseline_3f,12,follower,1,cusum_fgo_minus_fgo,-7.86980077919289,-1.2750533497418082,-6.053845422434819,-2.076261963240522
baseline_3f,12,follower,1,cusum_fgo_minus_cusum_ekf,-4.971641281602131,-0.3758648904341194,-0.9593823777155088,-0.5871833524272212
baseline_3f,12,follower,2,cusum_fgo_minus_ekf,-6.948231975263413,-0.9166321900481946,-4.655682412883462,-1.630014312350491
baseline_3f,12,follower,2,cusum_fgo_minus_fgo,-5.85416696089238,-1.3250036222369002,-5.2860279477867795,-1.981312619113788
baseline_3f,12,follower,2,cusum_fgo_minus_cusum_ekf,-4.519870852039871,-0.4065160218699766,-0.9610520821702624,-0.6500711721921546
baseline_3f,12,follower,3,cusum_fgo_minus_ekf,-4.352976990394126,-0.5192595497455224,-4.068156743661323,-1.0203842393782274
baseline_3f,12,follower,3,cusum_fgo_minus_fgo,-7.0611174277014435,-0.7312431331163667,-3.9580029887316726,-1.3126604224406915
baseline_3f,12,follower,3,cusum_fgo_minus_cusum_ekf,-2.8712434207401083,-0.17213591097136516,-0.8248672812675624,-0.3265507045074172
baseline_3f,12,pooled,0,cusum_fgo_minus_ekf,-11.10447046390361,-0.8314481881102219,-4.549233193661102,-1.720320510297113
baseline_3f,12,pooled,0,cusum_fgo_minus_fgo,-7.86980077919289,-1.1104333683650252,-5.336306122859263,-1.7992950803856282
baseline_3f,12,pooled,0,cusum_fgo_minus_cusum_ekf,-4.971641281602131,-0.3181722744251537,-0.984017492325757,-0.5167835361335572
baseline_3f,12,macro,0,cusum_fgo_minus_ekf,-7.468559809853717,-0.8314481881102221,-5.821537107276818,-1.6658442254893626
baseline_3f,12,macro,0,cusum_fgo_minus_fgo,-6.928361722595572,-1.1104333683650247,-5.099292119651091,-1.7900783349316676
baseline_3f,12,macro,0,cusum_fgo_minus_cusum_ekf,-4.12091851812737,-0.3181722744251537,-0.9151005803844445,-0.521268409708931
baseline_3f,13,follower,1,cusum_fgo_minus_ekf,-5.208297145268291,-0.44488849020112187,-3.4605496533694904,-0.9233257337663598
baseline_3f,13,follower,1,cusum_fgo_minus_fgo,-4.929159671478701,-0.7961530708801932,-2.865680283273565,-1.0950449194907454
baseline_3f,13,follower,1,cusum_fgo_minus_cusum_ekf,-7.23888920222361,-0.2987346394396393,-1.4865595008928563,-0.8094269203095954
baseline_3f,13,follower,2,cusum_fgo_minus_ekf,-12.977225855650738,-1.2430359721348703,-7.506110596677681,-2.5848307516352573
baseline_3f,13,follower,2,cusum_fgo_minus_fgo,-12.647524292625022,-1.3595515509091913,-6.4775287503556624,-2.4372242830542534
baseline_3f,13,follower,2,cusum_fgo_minus_cusum_ekf,-6.954584759295008,-0.49686534108317615,-1.553980455618537,-0.7795742254173985
baseline_3f,13,follower,3,cusum_fgo_minus_ekf,-5.022772202758529,-0.7193534039843666,-3.165383718061242,-1.1363997357928144
baseline_3f,13,follower,3,cusum_fgo_minus_fgo,-6.482244020165901,-0.732085593015967,-3.6751979098566174,-1.2640622481311439
baseline_3f,13,follower,3,cusum_fgo_minus_cusum_ekf,-4.077624290687137,-0.41923239241714894,-1.2965286886187783,-0.556680370333049
baseline_3f,13,pooled,0,cusum_fgo_minus_ekf,-11.080608073143534,-0.8024259554401194,-4.424530403308468,-1.5758192289422035
baseline_3f,13,pooled,0,cusum_fgo_minus_fgo,-10.750906510117819,-0.9625967382684504,-4.09015924963847,-1.6021217558530365
baseline_3f,13,pooled,0,cusum_fgo_minus_cusum_ekf,-7.23888920222361,-0.4049441243133216,-1.3016502469444644,-0.7107234898863075
baseline_3f,13,macro,0,cusum_fgo_minus_ekf,-7.736098401225853,-0.8024259554401196,-4.710681322702805,-1.5481854070648102
baseline_3f,13,macro,0,cusum_fgo_minus_fgo,-8.019642661423207,-0.9625967382684506,-4.339468981161948,-1.5987771502253814
baseline_3f,13,macro,0,cusum_fgo_minus_cusum_ekf,-6.090366084068586,-0.4049441243133214,-1.4456895483767236,-0.7152271720200141
baseline_3f,14,follower,1,cusum_fgo_minus_ekf,-13.735976394780485,-0.8009919398378287,-1.9028224995176162,-1.9671646523198438
baseline_3f,14,follower,1,cusum_fgo_minus_fgo,-9.295150817264004,-1.1477940949392111,-5.478436367824415,-2.0457676820141333
baseline_3f,14,follower,1,cusum_fgo_minus_cusum_ekf,-4.558218642797433,-0.39974617795149747,-1.0675726281544318,-0.573413437205749
baseline_3f,14,follower,2,cusum_fgo_minus_ekf,-8.108675973939713,-0.8446500426129836,-3.979598872125832,-1.4269422392078486
baseline_3f,14,follower,2,cusum_fgo_minus_fgo,-7.195334809096634,-1.14175389041508,-4.756770859818793,-1.8956038259004302
baseline_3f,14,follower,2,cusum_fgo_minus_cusum_ekf,-6.2247944543561236,-0.6622958420310697,-2.38465435350668,-1.0258923695933686
baseline_3f,14,follower,3,cusum_fgo_minus_ekf,-12.360712349064643,-0.7617498280681112,-4.352574410446813,-1.7135631345308717
baseline_3f,14,follower,3,cusum_fgo_minus_fgo,-5.579793197658317,-0.6248251568568104,-3.2959489383791305,-1.0598434909505021
baseline_3f,14,follower,3,cusum_fgo_minus_cusum_ekf,-7.6733174930060315,-0.37763691694867374,-1.292775689978252,-0.7644332957040711
baseline_3f,14,pooled,0,cusum_fgo_minus_ekf,-13.735976394780485,-0.8024639368396411,-3.7243842891619288,-1.7075487240543514
baseline_3f,14,pooled,0,cusum_fgo_minus_fgo,-9.295150817264004,-0.9714577140703671,-4.584450759421722,-1.6901164082334093
baseline_3f,14,pooled,0,cusum_fgo_minus_cusum_ekf,-6.043428806010036,-0.4798929789770803,-1.5576122985780465,-0.7991348773425293
baseline_3f,14,macro,0,cusum_fgo_minus_ekf,-11.401788239261613,-0.8024639368396411,-3.411665260696754,-1.7025566753528547
baseline_3f,14,macro,0,cusum_fgo_minus_fgo,-7.356759608006318,-0.9714577140703673,-4.510385388674114,-1.6670716662883553
baseline_3f,14,macro,0,cusum_fgo_minus_cusum_ekf,-6.152110196719862,-0.4798929789770803,-1.5816675572131207,-0.7879130341677296
baseline_3f,15,follower,1,cusum_fgo_minus_ekf,-6.692263070411945,-0.5785797318818078,-3.2753908454063563,-1.013473201187334
baseline_3f,15,follower,1,cusum_fgo_minus_fgo,-6.302187091671936,-0.8897269995784836,-3.177747466420427,-1.3032464694709154
baseline_3f,15,follower,1,cusum_fgo_minus_cusum_ekf,-5.09504123071472,-0.32723828587381765,-1.238109443147057,-0.5578497371365845
baseline_3f,15,follower,2,cusum_fgo_minus_ekf,-7.875284741134529,-0.7338863318174984,-5.865229279243433,-1.572653767119935
baseline_3f,15,follower,2,cusum_fgo_minus_fgo,-6.761706262985788,-0.929174892678535,-4.300936166027831,-1.5396046712178677
baseline_3f,15,follower,2,cusum_fgo_minus_cusum_ekf,-5.2717027154015526,-0.2722437387206602,-1.7192090221792187,-0.6038037806623919
baseline_3f,15,follower,3,cusum_fgo_minus_ekf,-4.948738291238175,-0.8276816622487033,-3.5361015566523113,-1.247545412375925
baseline_3f,15,follower,3,cusum_fgo_minus_fgo,-6.22696475415768,-0.7231051178965562,-3.293705857962384,-1.2821694626847981
baseline_3f,15,follower,3,cusum_fgo_minus_cusum_ekf,-3.3625635921224033,-0.6211015950304664,-1.8432132345933774,-0.8131587840046703
baseline_3f,15,pooled,0,cusum_fgo_minus_ekf,-7.875284741134529,-0.7133825753160029,-3.491533786168281,-1.2685639035556195
baseline_3f,15,pooled,0,cusum_fgo_minus_fgo,-6.761706262985788,-0.8473356700511915,-3.3474474785368598,-1.360625569806015
baseline_3f,15,pooled,0,cusum_fgo_minus_cusum_ekf,-5.2717027154015526,-0.40686120654164804,-1.3370744109483896,-0.6238348694241642
baseline_3f,15,macro,0,cusum_fgo_minus_ekf,-6.505428700928215,-0.713382575316003,-4.2255738937673675,-1.2778907935610648
baseline_3f,15,macro,0,cusum_fgo_minus_fgo,-6.430286036271802,-0.8473356700511916,-3.5907964968035477,-1.3750068677911937
baseline_3f,15,macro,0,cusum_fgo_minus_cusum_ekf,-4.576435846079559,-0.4068612065416479,-1.6001772333065511,-0.6582707672678823
baseline_3f,16,follower,1,cusum_fgo_minus_ekf,-10.819738433487096,-0.8525588479328743,-2.675190573221979,-1.5890942606610665
baseline_3f,16,follower,1,cusum_fgo_minus_fgo,-8.894599605878868,-0.8979442034390077,-3.458026114857927,-1.552418217811509
baseline_3f,16,follower,1,cusum_fgo_minus_cusum_ekf,-6.171778960352874,-0.4978315167093317,-1.2988707676370326,-0.6440759231214568
baseline_3f,16,follower,2,cusum_fgo_minus_ekf,-10.293111071039434,-0.8328770842031841,-3.8482086889284357,-1.7518627190148361
baseline_3f,16,follower,2,cusum_fgo_minus_fgo,-9.038463489592129,-1.0645771392759205,-3.3761820640022533,-1.7522745131307014
baseline_3f,16,follower,2,cusum_fgo_minus_cusum_ekf,-6.693538238655352,-0.34319609028484876,-1.0603238477155121,-0.5720081127978739
baseline_3f,16,follower,3,cusum_fgo_minus_ekf,-9.310745580518995,-0.8474831774016539,-2.9117071342759644,-1.5171422753887107
baseline_3f,16,follower,3,cusum_fgo_minus_fgo,-6.378257778579944,-0.68575897697771,-2.7885372212124437,-1.1522065030570516
baseline_3f,16,follower,3,cusum_fgo_minus_cusum_ekf,-5.664357631106206,-0.5047701517898938,-1.3667967822138334,-0.7159207372510363
baseline_3f,16,pooled,0,cusum_fgo_minus_ekf,-10.74629068871892,-0.8443063698459042,-3.3705611576465246,-1.6212998295123184
baseline_3f,16,pooled,0,cusum_fgo_minus_fgo,-9.038463489592129,-0.8827601065642129,-3.2526217513828337,-1.5034915527636166
baseline_3f,16,pooled,0,cusum_fgo_minus_cusum_ekf,-6.693538238655352,-0.4485992529280248,-1.2449999011083475,-0.6423421600230338
baseline_3f,16,macro,0,cusum_fgo_minus_ekf,-10.141198361681843,-0.8443063698459042,-3.14503546547546,-1.619366418354871
baseline_3f,16,macro,0,cusum_fgo_minus_fgo,-8.103773624683647,-0.8827601065642129,-3.207581800024209,-1.4856330779997542
baseline_3f,16,macro,0,cusum_fgo_minus_cusum_ekf,-6.176558276704812,-0.4485992529280248,-1.241997132522126,-0.6440015910567889
baseline_3f,17,follower,1,cusum_fgo_minus_ekf,-8.377815442045542,-0.39763030404797095,-3.110716814836504,-0.9479773515207068
baseline_3f,17,follower,1,cusum_fgo_minus_fgo,-8.132106977555534,-1.2313277391185158,-5.290300790293673,-1.8964532111543753
baseline_3f,17,follower,1,cusum_fgo_minus_cusum_ekf,-6.089354650473898,-0.0942824220796894,-0.9679348663358542,-0.3547227321261277
baseline_3f,17,follower,2,cusum_fgo_minus_ekf,-10.563028073847212,-0.9897943969197207,-7.868570738435966,-2.3229022426053447
baseline_3f,17,follower,2,cusum_fgo_minus_fgo,-10.472340109800808,-1.4816104539572896,-7.540308383744715,-2.5590719242779434
baseline_3f,17,follower,2,cusum_fgo_minus_cusum_ekf,-5.091603663331229,-0.21149217013344423,-1.1418239656627556,-0.4516503015895148
baseline_3f,17,follower,3,cusum_fgo_minus_ekf,-8.37518920655038,-0.698410959660977,-5.549133956476861,-1.4923051742892162
baseline_3f,17,follower,3,cusum_fgo_minus_fgo,-9.25152097010128,-0.9585051138195483,-5.230138661062633,-1.7054522117723498
baseline_3f,17,follower,3,cusum_fgo_minus_cusum_ekf,-5.427390948494617,-0.1917571069348022,-0.9902633250260775,-0.35023478316486467
baseline_3f,17,pooled,0,cusum_fgo_minus_ekf,-10.273429184620998,-0.6952785535428896,-5.589614606208203,-1.6155350226410008
baseline_3f,17,pooled,0,cusum_fgo_minus_fgo,-10.182741220574592,-1.2238144356317846,-5.867574970529158,-2.06326827809351
baseline_3f,17,pooled,0,cusum_fgo_minus_cusum_ekf,-6.089354650473898,-0.16584389971597835,-0.9623012659468257,-0.3816754002928344
baseline_3f,17,macro,0,cusum_fgo_minus_ekf,-9.105344240814377,-0.6952785535428894,-5.509473836583111,-1.5877282561384225
baseline_3f,17,macro,0,cusum_fgo_minus_fgo,-9.285322685819208,-1.2238144356317846,-6.020249278367007,-2.05365911573489
baseline_3f,17,macro,0,cusum_fgo_minus_cusum_ekf,-5.536116420766582,-0.16584389971597857,-1.033340719008229,-0.3855359389601687
baseline_3f,18,follower,1,cusum_fgo_minus_ekf,-3.336547234023313,-0.28152376701869164,-1.4321183052631703,-0.5415838416488079
baseline_3f,18,follower,1,cusum_fgo_minus_fgo,-4.211076186310335,-0.424485005697508,-1.945654434858934,-0.7307988635251748
baseline_3f,18,follower,1,cusum_fgo_minus_cusum_ekf,-13.114134974461322,-1.3726776441716095,-5.174612260596197,-2.18931707784097
baseline_3f,18,follower,2,cusum_fgo_minus_ekf,-8.630034272276507,-0.4714285850929145,-4.3528871449180855,-1.386157565587075
baseline_3f,18,follower,2,cusum_fgo_minus_fgo,-7.953262654121052,-0.8561817242407652,-3.9268318287948536,-1.5013910773391042
baseline_3f,18,follower,2,cusum_fgo_minus_cusum_ekf,-6.653041942369582,-0.5429335099449157,-4.7431574018862594,-1.4094977388355725
baseline_3f,18,follower,3,cusum_fgo_minus_ekf,-6.087309371847729,-0.7364666942928703,-3.095065574683633,-1.1860579236249393
baseline_3f,18,follower,3,cusum_fgo_minus_fgo,-4.91751981380021,-0.651195917830076,-2.601954696015796,-1.1035977246637205
baseline_3f,18,follower,3,cusum_fgo_minus_cusum_ekf,-5.074430859549382,-0.49660620448304804,-1.1434925672691676,-0.6798335911571063
baseline_3f,18,pooled,0,cusum_fgo_minus_ekf,-8.630034272276507,-0.4964730154681589,-2.392605440860757,-1.0028034005248327
baseline_3f,18,pooled,0,cusum_fgo_minus_fgo,-7.953262654121052,-0.6439542159227831,-2.509279540281739,-1.0901985625094237
baseline_3f,18,pooled,0,cusum_fgo_minus_cusum_ekf,-12.970680079461133,-0.8040724528665242,-3.809933391161913,-1.5443328315669504
baseline_3f,18,macro,0,cusum_fgo_minus_ekf,-6.017963626049182,-0.4964730154681589,-2.960023674954963,-1.0379331102869407
baseline_3f,18,macro,0,cusum_fgo_minus_fgo,-5.693952884743865,-0.6439542159227829,-2.824813653223194,-1.1119292218426664
baseline_3f,18,macro,0,cusum_fgo_minus_cusum_ekf,-8.280535925460095,-0.8040724528665244,-3.6870874099172073,-1.4262161359445495
baseline_3f,19,follower,1,cusum_fgo_minus_ekf,-7.202560891191419,-0.616207706632692,-4.123398537971044,-1.2030049155872686
baseline_3f,19,follower,1,cusum_fgo_minus_fgo,-8.278127536738737,-1.139558093949237,-4.594673931736413,-1.8252155441867046
baseline_3f,19,follower,1,cusum_fgo_minus_cusum_ekf,-9.057460049952555,-0.3684635810507316,-1.2513544598270085,-0.8232502134312765
baseline_3f,19,follower,2,cusum_fgo_minus_ekf,-10.051947580956048,-1.2264994442545345,-9.390970251438208,-2.4909889137241947
baseline_3f,19,follower,2,cusum_fgo_minus_fgo,-9.367686027122472,-1.422360997951905,-7.200593404713685,-2.4181387614736733
baseline_3f,19,follower,2,cusum_fgo_minus_cusum_ekf,-6.280823911845577,-0.5549387470577917,-2.2849111611404735,-0.8874925236470683
baseline_3f,19,follower,3,cusum_fgo_minus_ekf,-6.135138365765056,-0.9122698706107435,-4.9600753477920705,-1.597847845615786
baseline_3f,19,follower,3,cusum_fgo_minus_fgo,-9.517757011647575,-1.1679512625306745,-6.249830359616522,-2.155033976938138
baseline_3f,19,follower,3,cusum_fgo_minus_cusum_ekf,-4.526121320566529,-0.510289226362781,-1.2678259623266883,-0.7639446460010558
baseline_3f,19,pooled,0,cusum_fgo_minus_ekf,-9.92725334049692,-0.9183256738326566,-5.084908260978716,-1.7983216068498729
baseline_3f,19,pooled,0,cusum_fgo_minus_fgo,-9.242991786663344,-1.2432901181439389,-5.900253125179797,-2.11567088975377
baseline_3f,19,pooled,0,cusum_fgo_minus_cusum_ekf,-9.057460049952555,-0.4778971848237681,-1.6755992800599402,-0.8157054642335126
baseline_3f,19,macro,0,cusum_fgo_minus_ekf,-7.796548945970841,-0.9183256738326565,-6.158148045733775,-1.76394722497575
baseline_3f,19,macro,0,cusum_fgo_minus_fgo,-9.054523525169595,-1.2432901181439382,-6.01503256535554,-2.132796094199505
baseline_3f,19,macro,0,cusum_fgo_minus_cusum_ekf,-6.621468427454886,-0.477897184823768,-1.601363861098057,-0.8248957943598003
baseline_3f,20,follower,1,cusum_fgo_minus_ekf,-9.3699148613864,-0.35251445832608774,-1.607846487683767,-1.1172610604865658
baseline_3f,20,follower,1,cusum_fgo_minus_fgo,-4.751024153517086,-0.8913715575104681,-3.965649387553948,-1.3298448684948114
baseline_3f,20,follower,1,cusum_fgo_minus_cusum_ekf,-3.4178842834769014,0.03954059132236165,-0.5184283991634757,-0.021531673472667157
baseline_3f,20,follower,2,cusum_fgo_minus_ekf,-9.875655458220438,-0.9539186117691223,-4.958276256685759,-1.794730770676387
baseline_3f,20,follower,2,cusum_fgo_minus_fgo,-8.13638953794064,-1.2297884516840825,-5.275805895908963,-2.041679241009387
baseline_3f,20,follower,2,cusum_fgo_minus_cusum_ekf,-5.627306047298301,-0.599767777743313,-2.8637319058453476,-1.0161616391283301
baseline_3f,20,follower,3,cusum_fgo_minus_ekf,-10.210031334436845,-0.8435455970239414,-4.568500849406816,-1.748127291915675
baseline_3f,20,follower,3,cusum_fgo_minus_fgo,-5.817044410710234,-0.7809968612926272,-3.3093434120906338,-1.2826051668490535
baseline_3f,20,follower,3,cusum_fgo_minus_cusum_ekf,-5.518677190426195,-0.37414298731540896,-0.8613321889902801,-0.511433445420265
baseline_3f,20,pooled,0,cusum_fgo_minus_ekf,-9.3699148613864,-0.716659555706384,-4.07252642048684,-1.5061808808181392
baseline_3f,20,pooled,0,cusum_fgo_minus_fgo,-6.132023505571635,-0.9673856234957257,-4.120507823556178,-1.5348429153542147
baseline_3f,20,pooled,0,cusum_fgo_minus_cusum_ekf,-3.622940014929295,-0.3114567245787867,-1.0115398132779445,-0.4917290917278221
baseline_3f,20,macro,0,cusum_fgo_minus_ekf,-9.818533884681226,-0.7166595557063837,-3.711541197925447,-1.5533730410262094
baseline_3f,20,macro,0,cusum_fgo_minus_fgo,-6.234819367389319,-0.9673856234957259,-4.183599565184515,-1.5513764254510842
baseline_3f,20,macro,0,cusum_fgo_minus_cusum_ekf,-4.854622507067132,-0.3114567245787867,-1.4144974979997014,-0.5163755860070876
baseline_3f,21,follower,1,cusum_fgo_minus_ekf,-4.206085177680951,-0.23118531044489066,-3.7598733504988844,-0.780502910722612
baseline_3f,21,follower,1,cusum_fgo_minus_fgo,-6.548208260747225,-1.041091867697982,-4.368922966590446,-1.4769369671254193
baseline_3f,21,follower,1,cusum_fgo_minus_cusum_ekf,-0.7496100223590085,0.19592465619674293,-0.687701799453714,0.10554034445311045
baseline_3f,21,follower,2,cusum_fgo_minus_ekf,-7.378443541068036,-0.753147745594952,-6.805049683919552,-1.794147010931577
baseline_3f,21,follower,2,cusum_fgo_minus_fgo,-6.448717866342678,-1.2342784745812216,-6.460487449306831,-1.9627411318613273
baseline_3f,21,follower,2,cusum_fgo_minus_cusum_ekf,-1.2135126772054363,-0.4268236599677748,-2.3983316428384542,-0.644998577156249
baseline_3f,21,follower,3,cusum_fgo_minus_ekf,-3.922488355854875,-0.9579048919513438,-6.176429639088555,-1.5944220425423894
baseline_3f,21,follower,3,cusum_fgo_minus_fgo,-4.791950831576059,-1.1164764425120621,-6.9812679970103275,-1.831602855605004
baseline_3f,21,follower,3,cusum_fgo_minus_cusum_ekf,0.13175809683350614,-0.4447483229715823,-1.3312087104364925,-0.3225910947869135
baseline_3f,21,pooled,0,cusum_fgo_minus_ekf,-5.5549229299860725,-0.6474126493303958,-5.337196756552639,-1.3650829441111354
baseline_3f,21,pooled,0,cusum_fgo_minus_fgo,-4.791950831576059,-1.1306155949304222,-5.419385068741094,-1.7289099856710652
baseline_3f,21,pooled,0,cusum_fgo_minus_cusum_ekf,0.13175809683350614,-0.22521577558087147,-1.2470337979581054,-0.2689674849626902
baseline_3f,21,macro,0,cusum_fgo_minus_ekf,-5.16900569153462,-0.6474126493303956,-5.580450891168996,-1.389690654732193
baseline_3f,21,macro,0,cusum_fgo_minus_fgo,-5.929625652888655,-1.1306155949304222,-5.936892804302536,-1.7570936515305837
baseline_3f,21,macro,0,cusum_fgo_minus_cusum_ekf,-0.610454867576979,-0.22521577558087147,-1.4724140509095534,-0.28734977583001764
baseline_3f,22,follower,1,cusum_fgo_minus_ekf,-7.276826949591937,-0.8944310769781754,-5.995874449632721,-1.6775302804954715
baseline_3f,22,follower,1,cusum_fgo_minus_fgo,-5.181109710959353,-0.847271839469594,-3.707374739990259,-1.3424883865092612
baseline_3f,22,follower,1,cusum_fgo_minus_cusum_ekf,-3.6667417807129508,-0.397702477077726,-1.0213954925221143,-0.5787413555942267
baseline_3f,22,follower,2,cusum_fgo_minus_ekf,-2.0724730846929127,-0.4081188412143075,-2.309248833929392,-0.7060647669758935
baseline_3f,22,follower,2,cusum_fgo_minus_fgo,-0.7211801196725798,-0.6311314060291342,-2.4574561027026935,-0.8615774299165793
baseline_3f,22,follower,2,cusum_fgo_minus_cusum_ekf,-7.753810802209368,-1.8410872755297407,-4.888034295771499,-2.5643321990340224
baseline_3f,22,follower,3,cusum_fgo_minus_ekf,-1.0153379456756202,-0.3354596102750702,-3.1912412522301254,-0.680133186367242
baseline_3f,22,follower,3,cusum_fgo_minus_fgo,-3.1247032654686473,-0.5070118773217602,-2.61407623894807,-0.8652977387433216
baseline_3f,22,follower,3,cusum_fgo_minus_cusum_ekf,-8.470458297712575,-0.16037671880347792,-0.8228598913929899,-0.5201441117282617
baseline_3f,22,pooled,0,cusum_fgo_minus_ekf,-4.712586292108948,-0.546003176155851,-3.1630782097713466,-1.0380754359364004
baseline_3f,22,pooled,0,cusum_fgo_minus_fgo,-3.1247032654686473,-0.6618050409401628,-2.8571660861102277,-1.017631078789817
baseline_3f,22,pooled,0,cusum_fgo_minus_cusum_ekf,-8.470458297712575,-0.7997221571369815,-4.022091148169001,-1.4180679161392344
baseline_3f,22,macro,0,cusum_fgo_minus_ekf,-3.454879326653489,-0.546003176155851,-3.8321215119307466,-1.021242744612869
baseline_3f,22,macro,0,cusum_fgo_minus_fgo,-3.0089976987001936,-0.661805040940163,-2.926302360547008,-1.023121185056387
baseline_3f,22,macro,0,cusum_fgo_minus_cusum_ekf,-6.630336960211632,-0.7997221571369817,-2.244096559895535,-1.2210725554521702
baseline_3f,23,follower,1,cusum_fgo_minus_ekf,-7.25482700827158,-0.7680751659079421,-5.461178284496262,-1.4734980597274703
baseline_3f,23,follower,1,cusum_fgo_minus_fgo,-5.261762568604787,-0.9683523703225463,-4.180669946185783,-1.49108084464399
baseline_3f,23,follower,1,cusum_fgo_minus_cusum_ekf,-4.00644449447536,-0.3195300768297882,-1.0128972556404139,-0.4576410581174932
baseline_3f,23,follower,2,cusum_fgo_minus_ekf,-8.376434914693085,-0.46179932053392037,-3.0140843580748076,-1.1674600294399828
baseline_3f,23,follower,2,cusum_fgo_minus_fgo,-8.592140677953635,-0.9568399178538822,-4.328591453144135,-1.5905124820126673
baseline_3f,23,follower,2,cusum_fgo_minus_cusum_ekf,-3.3986206681516604,-3.850887658707336e-05,-0.6187889218892126,-0.1479540356954403
baseline_3f,23,follower,3,cusum_fgo_minus_ekf,-9.509262105286277,-0.8412216090725493,-3.07741407328308,-1.5934309261858521
baseline_3f,23,follower,3,cusum_fgo_minus_fgo,-4.71903997388595,-0.6470556138351415,-2.596489067961393,-1.0202873292287935
baseline_3f,23,follower,3,cusum_fgo_minus_cusum_ekf,-5.147728149518336,-0.4430446469688054,-1.070228745575403,-0.5821238333856289
baseline_3f,23,pooled,0,cusum_fgo_minus_ekf,-8.452470464644177,-0.6903653651714703,-3.1423733421798055,-1.3852801351300914
baseline_3f,23,pooled,0,cusum_fgo_minus_fgo,-7.9954768733517945,-0.8574159673371899,-3.718210330966417,-1.388016245826047
baseline_3f,23,pooled,0,cusum_fgo_minus_cusum_ekf,-4.090936508876236,-0.25420441089172674,-0.7602897042133736,-0.37109356040446495
baseline_3f,23,macro,0,cusum_fgo_minus_ekf,-8.380174676083648,-0.6903653651714706,-3.8508922386180506,-1.4114630051177683
baseline_3f,23,macro,0,cusum_fgo_minus_fgo,-6.190981073481458,-0.85741596733719,-3.7019168224304373,-1.3672935519618168
baseline_3f,23,macro,0,cusum_fgo_minus_cusum_ekf,-4.184264437381786,-0.25420441089172685,-0.9006383077016766,-0.3959063090661874
baseline_3f,24,follower,1,cusum_fgo_minus_ekf,-6.698185637536793,-0.8099597692370367,-4.686964915043863,-1.4248003399166684
baseline_3f,24,follower,1,cusum_fgo_minus_fgo,-5.8770575233099285,-1.0964712037912485,-4.023996931645167,-1.609300510002552
baseline_3f,24,follower,1,cusum_fgo_minus_cusum_ekf,-3.212056890361831,-0.39912213673108965,-0.9884846211156455,-0.5136617155464299
baseline_3f,24,follower,2,cusum_fgo_minus_ekf,-9.411272788711326,-0.9346702659738251,-4.465047002405085,-1.8826244845891682
baseline_3f,24,follower,2,cusum_fgo_minus_fgo,-9.174616095185508,-1.2430580675930614,-4.4489138278940565,-2.007131356890463
baseline_3f,24,follower,2,cusum_fgo_minus_cusum_ekf,-5.759806685040729,-0.38311705942803487,-1.219568252598736,-0.6197821222613299
baseline_3f,24,follower,3,cusum_fgo_minus_ekf,-6.113037553420119,-0.7418527015508134,-4.654275774183548,-1.4030760880805584
baseline_3f,24,follower,3,cusum_fgo_minus_fgo,-7.5047705514920935,-0.8674885685216598,-4.0500238256373775,-1.4774489262758346
baseline_3f,24,follower,3,cusum_fgo_minus_cusum_ekf,-4.514738351454921,-0.327265275040759,-0.935564144252832,-0.5335319856699864
baseline_3f,24,pooled,0,cusum_fgo_minus_ekf,-9.411272788711326,-0.8288275789205585,-4.530739046475955,-1.570548660847604
baseline_3f,24,pooled,0,cusum_fgo_minus_fgo,-9.174616095185508,-1.0690059466353232,-4.176055502800178,-1.6988127543611131
baseline_3f,24,pooled,0,cusum_fgo_minus_cusum_ekf,-5.759806685040729,-0.36983482373329457,-1.076588980599377,-0.552255713801137
baseline_3f,24,macro,0,cusum_fgo_minus_ekf,-7.407498659889415,-0.8288275789205581,-4.602095897210831,-1.570166970862132
baseline_3f,24,macro,0,cusum_fgo_minus_fgo,-7.518814723329179,-1.069005946635323,-4.1743115283922,-1.6979602643896166
baseline_3f,24,macro,0,cusum_fgo_minus_cusum_ekf,-4.495533975619161,-0.36983482373329446,-1.0478723393224045,-0.5556586078259157
baseline_3f,25,follower,1,cusum_fgo_minus_ekf,-8.837247288689507,-0.938068839357409,-5.619247298808355,-1.8377038667055956
baseline_3f,25,follower,1,cusum_fgo_minus_fgo,-8.062500283745397,-1.1657429292771666,-5.191317117031588,-1.9620769735087782
baseline_3f,25,follower,1,cusum_fgo_minus_cusum_ekf,-4.8996920377378785,-0.44753649038316823,-1.0990385552699458,-0.644110231580077
baseline_3f,25,follower,2,cusum_fgo_minus_ekf,-9.703500713912943,-1.1660919584652634,-7.6709834593328505,-2.3837693703811866
baseline_3f,25,follower,2,cusum_fgo_minus_fgo,-9.0279182112387,-1.41443118362583,-6.8530203664255485,-2.3622532566810164
baseline_3f,25,follower,2,cusum_fgo_minus_cusum_ekf,-6.0365629344262235,-0.36045924873592305,-1.0606657360061114,-0.6184356980199366
baseline_3f,25,follower,3,cusum_fgo_minus_ekf,-4.562330571460366,-0.6307685289404632,-2.399526600917201,-0.974010155510139
baseline_3f,25,follower,3,cusum_fgo_minus_fgo,-5.183885809083963,-0.803178769918369,-3.4874557548668896,-1.2664608373399897
baseline_3f,25,follower,3,cusum_fgo_minus_cusum_ekf,-2.6414025816264326,-0.3761737616528148,-0.6797164061366008,-0.4632029151438428
baseline_3f,25,pooled,0,cusum_fgo_minus_ekf,-8.837247288689507,-0.911643108921045,-5.42299816239298,-1.810174581741187
baseline_3f,25,pooled,0,cusum_fgo_minus_fgo,-8.062500283745397,-1.1277842942737888,-5.243972003454772,-1.9100226307411645
baseline_3f,25,pooled,0,cusum_fgo_minus_cusum_ekf,-5.029462343443143,-0.3947231669239688,-0.924389750289341,-0.58053972249887
baseline_3f,25,macro,0,cusum_fgo_minus_ekf,-7.701026191354272,-0.9116431089210449,-5.229919119686135,-1.7318277975323069
baseline_3f,25,macro,0,cusum_fgo_minus_fgo,-7.424768101356021,-1.1277842942737886,-5.177264412774676,-1.863597022509928
baseline_3f,25,macro,0,cusum_fgo_minus_cusum_ekf,-4.525885851263511,-0.3947231669239687,-0.9464735658042192,-0.5752496149146188
baseline_3f,26,follower,1,cusum_fgo_minus_ekf,-11.658076453179952,-0.7094382890393753,-3.507506829374103,-1.7573023199004725
baseline_3f,26,follower,1,cusum_fgo_minus_fgo,-4.1842678116259675,-0.9416567699553959,-4.941642285300296,-1.4954469921461264
baseline_3f,26,follower,1,cusum_fgo_minus_cusum_ekf,-4.433188720443982,-0.3604661328096441,-1.588502320924169,-0.6335311467240139
baseline_3f,26,follower,2,cusum_fgo_minus_ekf,-11.656356732373908,-0.9403148038666763,-5.5386554790976525,-2.078021137550436
baseline_3f,26,follower,2,cusum_fgo_minus_fgo,-11.531036004300985,-1.310473807068175,-4.950894589386937,-2.2413370253944063
baseline_3f,26,follower,2,cusum_fgo_minus_cusum_ekf,-5.5546290453389435,-0.3166653535247158,-1.3312198799672015,-0.5459610908918271
baseline_3f,26,follower,3,cusum_fgo_minus_ekf,-6.711248325955199,-0.6988797084618601,-2.399611194206445,-1.1874593846515338
baseline_3f,26,follower,3,cusum_fgo_minus_fgo,-3.0841395383550676,-0.5763107495388158,-2.158361324357636,-0.8641083494860444
baseline_3f,26,follower,3,cusum_fgo_minus_cusum_ekf,-2.9376428097629343,-0.38883116137102225,-0.9762592119528868,-0.4982027941910081
baseline_3f,26,pooled,0,cusum_fgo_minus_ekf,-11.658076453179952,-0.7828776004559705,-4.208637423705555,-1.7003800672051028
baseline_3f,26,pooled,0,cusum_fgo_minus_fgo,-9.008761271120328,-0.9428137755207955,-3.9351399028770233,-1.5948591198969138
baseline_3f,26,pooled,0,cusum_fgo_minus_cusum_ekf,-4.433188720443982,-0.3553208825684606,-1.1787839090505505,-0.5619201555441034
baseline_3f,26,macro,0,cusum_fgo_minus_ekf,-10.008560503836351,-0.7828776004559705,-3.815257834226067,-1.6742609473674808
baseline_3f,26,macro,0,cusum_fgo_minus_fgo,-6.266481118094006,-0.9428137755207955,-4.0169660663482905,-1.5336307890088592
baseline_3f,26,macro,0,cusum_fgo_minus_cusum_ekf,-4.308486858515287,-0.35532088256846084,-1.298660470948086,-0.5592316772689497
baseline_3f,27,follower,1,cusum_fgo_minus_ekf,-2.362274715310913,-0.1282270798425844,-2.6090248055227128,-0.42505009956213113
baseline_3f,27,follower,1,cusum_fgo_minus_fgo,-3.1199771735151716,-0.5183847226622122,-3.0434377940294914,-0.8397396061970275
baseline_3f,27,follower,1,cusum_fgo_minus_cusum_ekf,-6.182404003671544,-0.3589824705004687,-1.2217327199685468,-0.6033649012419584
baseline_3f,27,follower,2,cusum_fgo_minus_ekf,-3.8618227559093716,-0.5050833063537785,-2.925599871927623,-0.9281681077692101
baseline_3f,27,follower,2,cusum_fgo_minus_fgo,-2.397216762358367,-0.7177693948723645,-2.4824598391942936,-1.017153811645694
baseline_3f,27,follower,2,cusum_fgo_minus_cusum_ekf,-2.4476236105463496,-0.3202454727040298,-1.1012905001957156,-0.49538118859781677
baseline_3f,27,follower,3,cusum_fgo_minus_ekf,-4.452979299377802,-0.6663693720578595,-3.66263668255547,-1.061866345196385
baseline_3f,27,follower,3,cusum_fgo_minus_fgo,-5.791359299183293,-0.6169704791745724,-2.6488330348330713,-1.0759853884108952
baseline_3f,27,follower,3,cusum_fgo_minus_cusum_ekf,-3.6894853554425473,-0.4314785849664845,-1.193112991424533,-0.5793130372468379
baseline_3f,27,pooled,0,cusum_fgo_minus_ekf,-2.362274715310913,-0.43322658608474107,-2.602502662228606,-0.7309747710046877
baseline_3f,27,pooled,0,cusum_fgo_minus_fgo,-3.1199771735151716,-0.61770819890305,-2.528904540349353,-0.9245845265947084
baseline_3f,27,pooled,0,cusum_fgo_minus_cusum_ekf,-6.182404003671544,-0.3702355093903278,-1.0134097830923112,-0.5407370563377034
baseline_3f,27,macro,0,cusum_fgo_minus_ekf,-3.5590255901993633,-0.43322658608474063,-3.065753786668601,-0.8050281841759086
baseline_3f,27,macro,0,cusum_fgo_minus_fgo,-3.769517745018944,-0.6177081989030495,-2.7249102226856183,-0.9776262687512054
baseline_3f,27,macro,0,cusum_fgo_minus_cusum_ekf,-4.106504323220147,-0.37023550939032757,-1.1720454038629318,-0.5593530423622042
baseline_3f,28,follower,1,cusum_fgo_minus_ekf,-5.339705469703521,-0.6288070954046003,-2.995423488542196,-1.0578120254585894
baseline_3f,28,follower,1,cusum_fgo_minus_fgo,-5.988567423649565,-1.0545967419440254,-4.349326005318739,-1.588154925899769
baseline_3f,28,follower,1,cusum_fgo_minus_cusum_ekf,-16.023093825651713,-0.6533556081999525,-1.355005407314438,-1.7104126365452077
baseline_3f,28,follower,2,cusum_fgo_minus_ekf,-9.983372565569425,-0.8256237773904631,-7.634445431075841,-2.1170991916016018
baseline_3f,28,follower,2,cusum_fgo_minus_fgo,-9.889927479377075,-1.362842203293699,-6.613575203688622,-2.2122764631073393
baseline_3f,28,follower,2,cusum_fgo_minus_cusum_ekf,-5.049892596314048,-0.10424609899063064,-1.815164287217864,-0.4788464146931828
baseline_3f,28,follower,3,cusum_fgo_minus_ekf,-4.630760476341976,-0.5977650116798738,-2.8250535607632443,-0.9155565244717512
baseline_3f,28,follower,3,cusum_fgo_minus_fgo,-4.257423153160189,-0.6562400550321983,-3.2832055697254496,-1.073404945425441
baseline_3f,28,follower,3,cusum_fgo_minus_cusum_ekf,-6.021877656422979,-0.5258997656879596,-1.612433739446579,-0.8686208501139792
baseline_3f,28,pooled,0,cusum_fgo_minus_ekf,-9.045268856354395,-0.6840652948249792,-4.393730064686104,-1.4371692107640368
baseline_3f,28,pooled,0,cusum_fgo_minus_fgo,-8.951823770162045,-1.0245596667566408,-4.418280110678342,-1.6812770855247412
baseline_3f,28,pooled,0,cusum_fgo_minus_cusum_ekf,-16.023093825651713,-0.42783382429284744,-1.537137814027734,-1.074798515341854
baseline_3f,28,macro,0,cusum_fgo_minus_ekf,-6.65127950387164,-0.6840652948249792,-4.484974160127093,-1.3634892471773143
baseline_3f,28,macro,0,cusum_fgo_minus_fgo,-6.71197268539561,-1.024559666756641,-4.748702259577603,-1.6246121114775167
baseline_3f,28,macro,0,cusum_fgo_minus_cusum_ekf,-9.031621359462912,-0.42783382429284766,-1.5942011446596271,-1.01929330045079
baseline_3f,29,follower,1,cusum_fgo_minus_ekf,-6.7559981725855405,-0.3182127855532504,-4.897585488247602,-0.9838911177322596
baseline_3f,29,follower,1,cusum_fgo_minus_fgo,-4.661979875296431,-0.7707326110124517,-4.253566947368203,-1.1587388060068975
baseline_3f,29,follower,1,cusum_fgo_minus_cusum_ekf,-7.4628873118813335,-0.10143526513466772,-0.9554997067602766,-0.7120125974702114
baseline_3f,29,follower,2,cusum_fgo_minus_ekf,-9.453276162754966,-1.071263510985935,-5.175624288584268,-1.9698723202182125
baseline_3f,29,follower,2,cusum_fgo_minus_fgo,-7.922407629885685,-1.1380724557322903,-5.194571415730712,-1.8960799325075244
baseline_3f,29,follower,2,cusum_fgo_minus_cusum_ekf,-4.221766618319483,-0.4838552476526349,-1.3210834623949048,-0.6548679255874134
baseline_3f,29,follower,3,cusum_fgo_minus_ekf,-5.378685422417229,-0.5551482469902621,-2.2739926332360545,-0.9125258386999806
baseline_3f,29,follower,3,cusum_fgo_minus_fgo,-6.112917590442009,-0.7370555742481512,-4.261296165585749,-1.2899609972676265
baseline_3f,29,follower,3,cusum_fgo_minus_cusum_ekf,-3.8145997439635555,-0.284677762500246,-0.8265878652358785,-0.3939174426185956
baseline_3f,29,pooled,0,cusum_fgo_minus_ekf,-7.750642096546047,-0.6482081811764828,-4.016847929506313,-1.254681058890536
baseline_3f,29,pooled,0,cusum_fgo_minus_fgo,-6.219773563676766,-0.881953546997631,-4.260548386667127,-1.3920635964737549
baseline_3f,29,pooled,0,cusum_fgo_minus_cusum_ekf,-7.4628873118813335,-0.28998942509584946,-0.7525957450699499,-0.5850849703572532
baseline_3f,29,macro,0,cusum_fgo_minus_ekf,-7.195986585919245,-0.6482081811764826,-4.115734136689307,-1.2887630922168178
baseline_3f,29,macro,0,cusum_fgo_minus_fgo,-6.232435031874708,-0.881953546997631,-4.569811509561554,-1.4482599119273496
baseline_3f,29,macro,0,cusum_fgo_minus_cusum_ekf,-5.166417891388125,-0.2899894250958497,-1.0343903447970193,-0.5869326552254068
baseline_3f,30,follower,1,cusum_fgo_minus_ekf,-7.030730306063242,-0.6016825506958134,-4.911384393285391,-1.3309027218480285
baseline_3f,30,follower,1,cusum_fgo_minus_fgo,-5.859072043048646,-1.0075480589490222,-3.9109433366523767,-1.45680130037245
baseline_3f,30,follower,1,cusum_fgo_minus_cusum_ekf,-4.010713362754761,-0.22774728504439068,-1.3208493132010286,-0.43963189906608036
baseline_3f,30,follower,2,cusum_fgo_minus_ekf,-10.300633711663142,-0.9801023582642463,-6.701461741024831,-1.976858782698303
baseline_3f,30,follower,2,cusum_fgo_minus_fgo,-7.883368685383472,-1.1995999920088645,-4.997989288807711,-1.9410944440967546
baseline_3f,30,follower,2,cusum_fgo_minus_cusum_ekf,-6.646971688304458,-0.36605841491134905,-1.5560489382432365,-0.613472476141677
baseline_3f,30,follower,3,cusum_fgo_minus_ekf,-5.360314575615449,-0.8496158389544223,-4.146930350721486,-1.3662173450760693
baseline_3f,30,follower,3,cusum_fgo_minus_fgo,-7.112189703051611,-0.8958478428309781,-4.909990753834371,-1.6706056762849593
baseline_3f,30,follower,3,cusum_fgo_minus_cusum_ekf,-3.1276657992973256,-0.4418555814575601,-0.9622599228363364,-0.5381111756540445
baseline_3f,30,pooled,0,cusum_fgo_minus_ekf,-9.235700754274742,-0.8104669159714941,-4.553205613158501,-1.5643103673694176
baseline_3f,30,pooled,0,cusum_fgo_minus_fgo,-7.112189703051611,-1.034331964596288,-4.463588585031687,-1.6788484714026894
baseline_3f,30,pooled,0,cusum_fgo_minus_cusum_ekf,-5.582038730916057,-0.34522042713776635,-1.1686364889318657,-0.5206698138340813
baseline_3f,30,macro,0,cusum_fgo_minus_ekf,-7.563892864447279,-0.810466915971494,-5.253258828343903,-1.5579929498741338
baseline_3f,30,macro,0,cusum_fgo_minus_fgo,-6.951543477161243,-1.034331964596288,-4.606307793098153,-1.6895004735847208
baseline_3f,30,macro,0,cusum_fgo_minus_cusum_ekf,-4.5951169501188485,-0.3452204271377667,-1.2797193914268672,-0.5304051836206005
baseline_3f,31,follower,1,cusum_fgo_minus_ekf,-3.0360820997188425,-0.1109474499461287,-1.6956090784803766,-0.3449963213197984
baseline_3f,31,follower,1,cusum_fgo_minus_fgo,-2.8621800081200677,-0.5861750733754496,-1.9089680277466825,-0.7866946713131671
baseline_3f,31,follower,1,cusum_fgo_minus_cusum_ekf,-12.628659223095724,-0.23382586317824927,-1.3647489883100943,-0.8814426755545557
baseline_3f,31,follower,2,cusum_fgo_minus_ekf,-10.708076797213522,-0.6679517438047795,-8.566594142783245,-1.8415929623345084
baseline_3f,31,follower,2,cusum_fgo_minus_fgo,-9.925924998207963,-1.158910372342652,-4.8291358662890325,-1.899683303652091
baseline_3f,31,follower,2,cusum_fgo_minus_cusum_ekf,-6.141064062980103,-0.15548330576155078,-2.125540923796687,-0.5523297600282064
baseline_3f,31,follower,3,cusum_fgo_minus_ekf,-4.56252567189231,-0.5511557061912885,-2.821792750723847,-0.8817358022771863
baseline_3f,31,follower,3,cusum_fgo_minus_fgo,-5.640241268748641,-0.7306693252256607,-3.786205593753899,-1.210847070091118
baseline_3f,31,follower,3,cusum_fgo_minus_cusum_ekf,-3.5983984785778147,-0.3011128210858335,-0.9649840399038523,-0.4183190343040618
baseline_3f,31,pooled,0,cusum_fgo_minus_ekf,-7.340573833877552,-0.4433516333140657,-2.2963487354778294,-1.0251218694700492
baseline_3f,31,pooled,0,cusum_fgo_minus_fgo,-6.558422034871993,-0.8252515903145874,-2.826636680751274,-1.2737853140896465
baseline_3f,31,pooled,0,cusum_fgo_minus_cusum_ekf,-12.628659223095724,-0.2301406633418781,-1.1262740585361222,-0.646719352486389
baseline_3f,31,macro,0,cusum_fgo_minus_ekf,-6.102228189608224,-0.44335163331406546,-4.361331990662489,-1.0227750286438309
baseline_3f,31,macro,0,cusum_fgo_minus_fgo,-6.142782091692224,-0.8252515903145878,-3.5081031625965386,-1.2990750150187915
baseline_3f,31,macro,0,cusum_fgo_minus_cusum_ekf,-7.456040588217881,-0.23014066334187788,-1.4850913173368774,-0.617363823295608
baseline_3f,32,follower,1,cusum_fgo_minus_ekf,-10.252217540681855,-0.9063590668126775,-5.087530077767067,-1.8259398286893802
baseline_3f,32,follower,1,cusum_fgo_minus_fgo,-6.197816435273774,-1.1550612747857931,-5.236431478532539,-1.8516330053846115
baseline_3f,32,follower,1,cusum_fgo_minus_cusum_ekf,-5.088840247420842,-0.4785476820761805,-1.6450697582571867,-0.765792130441315
baseline_3f,32,follower,2,cusum_fgo_minus_ekf,-9.568245778776369,-0.9461649014115783,-6.727833682957805,-1.9734225628101314
baseline_3f,32,follower,2,cusum_fgo_minus_fgo,-9.006787684053826,-1.2750929286286041,-5.697419971975316,-2.1003206846526723
baseline_3f,32,follower,2,cusum_fgo_minus_cusum_ekf,-4.741909599605209,-0.5069390136562042,-2.2567773747992783,-0.8163585964655808
baseline_3f,32,follower,3,cusum_fgo_minus_ekf,-7.635906333133775,-0.7635915898714467,-4.886255532594527,-1.4396818341184012
baseline_3f,32,follower,3,cusum_fgo_minus_fgo,-7.406906092082721,-1.0293452739785207,-5.798854861135478,-1.8135143486670544
baseline_3f,32,follower,3,cusum_fgo_minus_cusum_ekf,-3.5061176855904086,-0.3024329276838793,-1.1380841277338831,-0.4606855988818972
baseline_3f,32,pooled,0,cusum_fgo_minus_ekf,-9.568245778776369,-0.8720385193652342,-4.904103740387948,-1.755216727730141
baseline_3f,32,pooled,0,cusum_fgo_minus_fgo,-9.006787684053826,-1.1531664924643057,-5.418863477860011,-1.9248627209219236
baseline_3f,32,pooled,0,cusum_fgo_minus_cusum_ekf,-4.741909599605209,-0.42930654113875466,-1.6426588698300502,-0.6883897571591024
baseline_3f,32,macro,0,cusum_fgo_minus_ekf,-9.152123217530667,-0.8720385193652339,-5.567206431106466,-1.7463480752059708
baseline_3f,32,macro,0,cusum_fgo_minus_fgo,-7.5371700704701095,-1.1531664924643055,-5.577568770547777,-1.9218226795681128
baseline_3f,32,macro,0,cusum_fgo_minus_cusum_ekf,-4.445622510872154,-0.42930654113875455,-1.679977086930116,-0.6809454419295977
baseline_3f,33,follower,1,cusum_fgo_minus_ekf,-8.70062630286262,-0.29622937826968476,-4.8849546831813395,-0.9161925589693891
baseline_3f,33,follower,1,cusum_fgo_minus_fgo,-5.001930778412443,-0.8842281094937774,-3.774591657381532,-1.2836684639504221
baseline_3f,33,follower,1,cusum_fgo_minus_cusum_ekf,-13.439233454139625,-0.47498876640518706,-5.36434066040197,-1.5100467617939364
baseline_3f,33,follower,2,cusum_fgo_minus_ekf,-10.11191431379553,-0.8272244613288189,-6.617052102064532,-1.9225907427186746
baseline_3f,33,follower,2,cusum_fgo_minus_fgo,-9.204977314081393,-1.447354814074352,-6.335819910798227,-2.3253045384370186
baseline_3f,33,follower,2,cusum_fgo_minus_cusum_ekf,-4.04258941389193,-0.306648633648549,-2.4962511797875258,-0.6283261253824057
baseline_3f,33,follower,3,cusum_fgo_minus_ekf,-5.850496559254683,-0.6708996553565153,-3.481740670239584,-1.1183079355468224
baseline_3f,33,follower,3,cusum_fgo_minus_fgo,-4.823174838505036,-0.719047293306177,-3.8556987685057846,-1.1900455882426653
baseline_3f,33,follower,3,cusum_fgo_minus_cusum_ekf,-3.27820723383848,-0.5518458464317265,-1.3235802920736457,-0.6946512266569281
baseline_3f,33,pooled,0,cusum_fgo_minus_ekf,-9.34230901853963,-0.5981178316516726,-4.259529034313312,-1.2649200688597215
baseline_3f,33,pooled,0,cusum_fgo_minus_fgo,-8.435372018825493,-1.016876738958102,-4.135337916003515,-1.5709313537966247
baseline_3f,33,pooled,0,cusum_fgo_minus_cusum_ekf,-13.439233454139625,-0.444494415495154,-1.4380627525486784,-1.0200061898967094
baseline_3f,33,macro,0,cusum_fgo_minus_ekf,-8.221012391970946,-0.5981178316516726,-4.994582485161818,-1.3190304124116292
baseline_3f,33,macro,0,cusum_fgo_minus_fgo,-6.343360976999625,-1.016876738958102,-4.655370112228514,-1.5996728635433686
baseline_3f,33,macro,0,cusum_fgo_minus_cusum_ekf,-6.920010033956677,-0.444494415495154,-3.0613907107543796,-0.9443413712777569
baseline_3f,34,follower,1,cusum_fgo_minus_ekf,-8.324753018774766,-0.6522852474266398,-6.091613550835939,-1.6888524773895297
baseline_3f,34,follower,1,cusum_fgo_minus_fgo,-5.742227223261278,-0.8730008683608894,-4.467700725484081,-1.4971311064280723
baseline_3f,34,follower,1,cusum_fgo_minus_cusum_ekf,-4.340204140989256,-1.1402362611514285,-2.981572012750227,-1.5933733933113043
baseline_3f,34,follower,2,cusum_fgo_minus_ekf,-4.264619933332814,-0.6161509582210777,-2.871498171942574,-1.0236127516819598
baseline_3f,34,follower,2,cusum_fgo_minus_fgo,-3.9154781815114035,-0.8645148479904227,-3.0835919865397017,-1.2797520781669007
baseline_3f,34,follower,2,cusum_fgo_minus_cusum_ekf,-2.8465161256109353,-0.4662279786575959,-1.6540722131817696,-0.6897428602168949
baseline_3f,34,follower,3,cusum_fgo_minus_ekf,-6.681208121080827,-0.49036110218675555,-4.532737820570231,-1.1474845060665977
baseline_3f,34,follower,3,cusum_fgo_minus_fgo,-9.49380490846412,-0.7359584556455838,-4.613972926487828,-1.4608697669043458
baseline_3f,34,follower,3,cusum_fgo_minus_cusum_ekf,-4.602290467553452,-0.03671363498349356,-0.6603606675097025,-0.16985374728384084
baseline_3f,34,pooled,0,cusum_fgo_minus_ekf,-8.324753018774766,-0.5862657692781577,-3.9406402984669904,-1.3186319992681907
baseline_3f,34,pooled,0,cusum_fgo_minus_fgo,-6.320979444457048,-0.8244913906656319,-3.9230267206952516,-1.406294721389545
baseline_3f,34,pooled,0,cusum_fgo_minus_cusum_ekf,-4.340204140989256,-0.5477259582641725,-3.0660795143947257,-0.9497274630979282
baseline_3f,34,macro,0,cusum_fgo_minus_ekf,-6.423527024396135,-0.5862657692781577,-4.498616514449581,-1.2866499117126957
baseline_3f,34,macro,0,cusum_fgo_minus_fgo,-6.3838367710789345,-0.8244913906656319,-4.055088546170537,-1.4125843171664392
baseline_3f,34,macro,0,cusum_fgo_minus_cusum_ekf,-3.9296702447178804,-0.5477259582641727,-1.7653349644805658,-0.8176566669373466
baseline_3f,35,follower,1,cusum_fgo_minus_ekf,-9.694669340368769,-1.093127711889776,-6.72944905335874,-2.0558465382531255
baseline_3f,35,follower,1,cusum_fgo_minus_fgo,-5.84550430632257,-1.1694315892935507,-4.911321055266757,-1.7934944308186114
baseline_3f,35,follower,1,cusum_fgo_minus_cusum_ekf,-6.275409950933471,-0.5033849071123325,-1.0943752763663048,-0.6577185159653096
baseline_3f,35,follower,2,cusum_fgo_minus_ekf,-6.175643055167428,-0.703559976432957,-4.039416172120502,-1.2436359227713558
baseline_3f,35,follower,2,cusum_fgo_minus_fgo,-4.609045181899531,-1.0682267174116686,-4.148197516031669,-1.5764524768335348
baseline_3f,35,follower,2,cusum_fgo_minus_cusum_ekf,-5.481359797995178,-0.35806903441343696,-1.4358070384551214,-0.6507619430816558
baseline_3f,35,follower,3,cusum_fgo_minus_ekf,-8.681648403240239,-0.9271122597031628,-6.739129039505467,-1.823778711742155
baseline_3f,35,follower,3,cusum_fgo_minus_fgo,-9.60343045984153,-0.7890711031324037,-3.3003756553206003,-1.609190305006571
baseline_3f,35,follower,3,cusum_fgo_minus_cusum_ekf,-6.343975965533336,-0.4424162838632354,-1.113216083840597,-0.6214181420191401
baseline_3f,35,pooled,0,cusum_fgo_minus_ekf,-8.96347134593486,-0.9079333160086321,-5.3555181904432345,-1.7011291347450403
baseline_3f,35,pooled,0,cusum_fgo_minus_fgo,-9.123691170982266,-1.008909803279208,-4.261350997415585,-1.6478981958497312
baseline_3f,35,pooled,0,cusum_fgo_minus_cusum_ekf,-5.864236676674072,-0.4346234084630015,-1.1335907411461414,-0.637784183204625
baseline_3f,35,macro,0,cusum_fgo_minus_ekf,-8.183986932925478,-0.9079333160086319,-5.835998088328235,-1.7077537242555456
baseline_3f,35,macro,0,cusum_fgo_minus_fgo,-6.68599331602121,-1.008909803279208,-4.119964742206342,-1.6597124042195728
baseline_3f,35,macro,0,cusum_fgo_minus_cusum_ekf,-6.033581904820662,-0.43462340846300174,-1.2144661328873407,-0.643299533688702
baseline_3f,36,follower,1,cusum_fgo_minus_ekf,-4.712518820709446,-0.21204090518045127,-3.768519493578833,-0.6928147008068908
baseline_3f,36,follower,1,cusum_fgo_minus_fgo,-4.298778647457796,-0.7773950092560555,-3.302413327900464,-1.094191588593805
baseline_3f,36,follower,1,cusum_fgo_minus_cusum_ekf,-3.7830963128992288,0.05279016200174924,-1.0236889745820443,-0.17532911917448346
baseline_3f,36,follower,2,cusum_fgo_minus_ekf,-8.799495577791397,-0.705325653136831,-6.159608540170625,-1.6263579145923373
baseline_3f,36,follower,2,cusum_fgo_minus_fgo,-8.515033954642153,-1.1854114229483548,-4.254320315174375,-1.760726380136673
baseline_3f,36,follower,2,cusum_fgo_minus_cusum_ekf,-8.490515114696805,-0.41917688080503357,-3.3563900777810587,-1.0637783074342757
baseline_3f,36,follower,3,cusum_fgo_minus_ekf,-6.937092334405804,-0.9349478685054335,-5.051753320570985,-1.5894099005092508
baseline_3f,36,follower,3,cusum_fgo_minus_fgo,-6.226171219323861,-0.9412148920323606,-4.664068207117332,-1.626126620220772
baseline_3f,36,follower,3,cusum_fgo_minus_cusum_ekf,-4.1743409382629375,-0.6811400020174987,-2.595027223513107,-0.9606968746369209
baseline_3f,36,pooled,0,cusum_fgo_minus_ekf,-7.78110020163396,-0.6174381422742383,-4.346875700396442,-1.253336907084327
baseline_3f,36,pooled,0,cusum_fgo_minus_fgo,-7.496638578484713,-0.9680071080789234,-3.817248550059623,-1.4463376659852665
baseline_3f,36,pooled,0,cusum_fgo_minus_cusum_ekf,-7.472119738539368,-0.3491755736069273,-1.8982439753326288,-0.6924731159445645
baseline_3f,36,macro,0,cusum_fgo_minus_ekf,-6.816368910968883,-0.6174381422742385,-4.993293784773481,-1.3028608386361593
baseline_3f,36,macro,0,cusum_fgo_minus_fgo,-6.3466612738079355,-0.9680071080789234,-4.073600616730724,-1.4936815296504162
baseline_3f,36,macro,0,cusum_fgo_minus_cusum_ekf,-5.482650788619656,-0.3491755736069275,-2.3250354252920693,-0.7332681004152268
baseline_3f,37,follower,1,cusum_fgo_minus_ekf,-13.693679888075668,-0.9130663566058466,-6.604760939467635,-2.104342905417754
baseline_3f,37,follower,1,cusum_fgo_minus_fgo,-10.208442501587704,-0.8926210523890059,-3.4512348257633234,-1.5964241178613772
baseline_3f,37,follower,1,cusum_fgo_minus_cusum_ekf,-9.60110661604483,-0.5586070837557406,-1.3602829152057243,-1.2328815256017334
baseline_3f,37,follower,2,cusum_fgo_minus_ekf,-4.255684349208204,-0.28384955723497995,-2.2434549295621347,-0.6056009781145735
baseline_3f,37,follower,2,cusum_fgo_minus_fgo,-4.2057159279710365,-0.6805235689132876,-3.2558501431904654,-1.016056292006338
baseline_3f,37,follower,2,cusum_fgo_minus_cusum_ekf,-6.776383697647338,-0.27862908358226024,-2.2680610228576983,-0.6730572644007722
baseline_3f,37,follower,3,cusum_fgo_minus_ekf,-5.795685545279213,-0.534965401537953,-2.802121326942621,-0.9451058216601109
baseline_3f,37,follower,3,cusum_fgo_minus_fgo,-2.9781060272825712,-0.4183680715320881,-2.2489856218496476,-0.68016216338245
baseline_3f,37,follower,3,cusum_fgo_minus_cusum_ekf,-3.4457374058213377,-0.30301421066840883,-0.9562635867411498,-0.4535475330674188
baseline_3f,37,pooled,0,cusum_fgo_minus_ekf,-12.74328860521587,-0.5772937717929263,-2.8129225179815522,-1.287670120678409
baseline_3f,37,pooled,0,cusum_fgo_minus_fgo,-9.258051218727907,-0.6638375642781271,-2.8567996691329514,-1.1266817584862725
baseline_3f,37,pooled,0,cusum_fgo_minus_cusum_ekf,-8.650715333185035,-0.38008345933546983,-1.4990623807975003,-0.810440118200038
baseline_3f,37,macro,0,cusum_fgo_minus_ekf,-7.915016594187692,-0.5772937717929265,-3.883445731990797,-1.2183499017308128
baseline_3f,37,macro,0,cusum_fgo_minus_fgo,-5.79742148561377,-0.6638375642781269,-2.9853568636011456,-1.0975475244167219
baseline_3f,37,macro,0,cusum_fgo_minus_cusum_ekf,-6.607742573171167,-0.3800834593354696,-1.5282025082681905,-0.7864954410233085
baseline_3f,38,follower,1,cusum_fgo_minus_ekf,-8.153540025501826,-0.6159676442690963,-3.8759179093623404,-1.3244508005865736
baseline_3f,38,follower,1,cusum_fgo_minus_fgo,-5.584523814926938,-0.6892695877402771,-2.465653217760152,-1.063476032816149
baseline_3f,38,follower,1,cusum_fgo_minus_cusum_ekf,-4.469194629812643,-0.3221299634275906,-1.4165132778246396,-0.5960547555965043
baseline_3f,38,follower,2,cusum_fgo_minus_ekf,-5.251437652289968,-0.6885873244376081,-3.7967861834366596,-1.1350142537691477
baseline_3f,38,follower,2,cusum_fgo_minus_fgo,-4.341688756844664,-0.7646580701797215,-2.7265252961555433,-1.1766916939177328
baseline_3f,38,follower,2,cusum_fgo_minus_cusum_ekf,-4.986395995650409,-0.5247878604980974,-1.8279232423766085,-0.7388751889156209
baseline_3f,38,follower,3,cusum_fgo_minus_ekf,-7.8034437737930835,-0.48405635444833695,-1.4867676524161852,-0.9200657743799548
baseline_3f,38,follower,3,cusum_fgo_minus_fgo,-5.585686212729761,-0.4554308020158464,-2.54461746844827,-0.8351459857210269
baseline_3f,38,follower,3,cusum_fgo_minus_cusum_ekf,-4.667779504763691,-0.32628443804302876,-1.1348308958462228,-0.49811118699153656
baseline_3f,38,pooled,0,cusum_fgo_minus_ekf,-8.153540025501826,-0.5962037743850136,-3.264062884098551,-1.1340737302422796
baseline_3f,38,pooled,0,cusum_fgo_minus_fgo,-5.584523814926938,-0.6364528199786151,-2.561937094068883,-1.0249509017489866
baseline_3f,38,pooled,0,cusum_fgo_minus_cusum_ekf,-4.639367919108704,-0.3910674206562389,-1.4371655787548339,-0.6080787922189821
baseline_3f,38,macro,0,cusum_fgo_minus_ekf,-7.069473817194959,-0.5962037743850137,-3.0531572484050615,-1.1265102762452255
baseline_3f,38,macro,0,cusum_fgo_minus_fgo,-5.170632928167121,-0.636452819978615,-2.578931994121321,-1.0251045708183026
baseline_3f,38,macro,0,cusum_fgo_minus_cusum_ekf,-4.707790043408915,-0.391067420656239,-1.4597558053491568,-0.6110137105012207
baseline_3f,39,follower,1,cusum_fgo_minus_ekf,-6.84912947370419,-0.5188340355134369,-2.9016297767969217,-1.0840606769329768
baseline_3f,39,follower,1,cusum_fgo_minus_fgo,-4.186841404360727,-0.8917668143016444,-3.810217183766632,-1.3017200261878017
baseline_3f,39,follower,1,cusum_fgo_minus_cusum_ekf,-1.3297672294646006,-0.1540876748426987,-0.7958080151795477,-0.24192078958964158
baseline_3f,39,follower,2,cusum_fgo_minus_ekf,-9.78914822967533,-0.8869130442986258,-5.631372059990452,-1.872812240143018
baseline_3f,39,follower,2,cusum_fgo_minus_fgo,-9.34420414416416,-1.2095240410315187,-5.011921119427932,-1.9837781034286448
baseline_3f,39,follower,2,cusum_fgo_minus_cusum_ekf,-4.405883626276497,-0.3748125379661654,-1.5638478855346798,-0.612157976368264
baseline_3f,39,follower,3,cusum_fgo_minus_ekf,-8.918389802907548,-0.7378853895959182,-3.4993109972921617,-1.4256284119651736
baseline_3f,39,follower,3,cusum_fgo_minus_fgo,-6.996153535217848,-0.807245803384328,-4.161195004658637,-1.4265706372399518
baseline_3f,39,follower,3,cusum_fgo_minus_cusum_ekf,-5.917203616429602,-0.36393304455532516,-1.2286211585638735,-0.5707734019628804
baseline_3f,39,pooled,0,cusum_fgo_minus_ekf,-8.360929031484396,-0.7145441564693268,-4.599817869899962,-1.4573659466943734
baseline_3f,39,pooled,0,cusum_fgo_minus_fgo,-7.915984945973225,-0.9695122195724973,-4.1919059315924585,-1.5698473546371714
baseline_3f,39,pooled,0,cusum_fgo_minus_cusum_ekf,-3.9610464779389156,-0.29761108578806306,-1.1157572519783638,-0.45962370015489906
baseline_3f,39,macro,0,cusum_fgo_minus_ekf,-8.518889168762358,-0.714544156469327,-4.010770944693177,-1.4608337763470562
baseline_3f,39,macro,0,cusum_fgo_minus_fgo,-6.8423996945809105,-0.9695122195724971,-4.3277777692844,-1.5706895889521328
baseline_3f,39,macro,0,cusum_fgo_minus_cusum_ekf,-3.884284824056901,-0.29761108578806306,-1.1960923530927001,-0.47495072264026184
baseline_3f,40,follower,1,cusum_fgo_minus_ekf,-6.777280926301376,-0.7769348868604483,-3.8728832733207783,-1.4391021862560733
baseline_3f,40,follower,1,cusum_fgo_minus_fgo,-3.291997059528999,-0.8741378696220244,-2.9168887255878095,-1.23675905132977
baseline_3f,40,follower,1,cusum_fgo_minus_cusum_ekf,-3.5212034662577008,-0.40439800313995555,-1.2340336413484598,-0.5475025535060278
baseline_3f,40,follower,2,cusum_fgo_minus_ekf,-6.895937625330966,-0.3464716015819729,-4.20367817702623,-1.1636546692903398
baseline_3f,40,follower,2,cusum_fgo_minus_fgo,-4.953890581170894,-0.6642101564885035,-2.143090610666341,-1.0531631423935859
baseline_3f,40,follower,2,cusum_fgo_minus_cusum_ekf,-2.409659791703662,-0.7538501065045493,-1.3006600146749974,-0.8963100347864001
baseline_3f,40,follower,3,cusum_fgo_minus_ekf,-5.430530859212228,-0.892096544265678,-4.7569762813050955,-1.510127239316441
baseline_3f,40,follower,3,cusum_fgo_minus_fgo,-7.18197289094411,-1.0415670660947027,-6.11850705905037,-1.9325781013563619
baseline_3f,40,follower,3,cusum_fgo_minus_cusum_ekf,-3.6900954761478943,-0.5013095244990778,-1.2609891977600907,-0.6544804453994683
baseline_3f,40,pooled,0,cusum_fgo_minus_ekf,-6.895937625330966,-0.6718343442360332,-3.6086891522729267,-1.287940647263037
baseline_3f,40,pooled,0,cusum_fgo_minus_fgo,-4.953890581170894,-0.8599716974017434,-3.2438213234226954,-1.3169402246008255
baseline_3f,40,pooled,0,cusum_fgo_minus_cusum_ekf,-2.409659791703662,-0.5531858780478612,-1.6020301750552806,-0.6982441163171014
baseline_3f,40,macro,0,cusum_fgo_minus_ekf,-6.367916470281523,-0.6718343442360332,-4.277845910550702,-1.3709613649542851
baseline_3f,40,macro,0,cusum_fgo_minus_fgo,-5.142620177214667,-0.8599716974017436,-3.7261621317681737,-1.407500098359906
baseline_3f,40,macro,0,cusum_fgo_minus_cusum_ekf,-3.206986244703086,-0.5531858780478612,-1.2652276179278488,-0.6994310112306319
baseline_3f,41,follower,1,cusum_fgo_minus_ekf,-6.029510592358298,-0.490415083610767,-4.558281431273645,-1.043701289864923
baseline_3f,41,follower,1,cusum_fgo_minus_fgo,-3.584457171979947,-0.667889741884854,-2.4615237959462584,-0.9401633642327287
baseline_3f,41,follower,1,cusum_fgo_minus_cusum_ekf,-3.560999576759171,-0.1302374456046662,-0.7548812547781028,-0.2527001347585742
baseline_3f,41,follower,2,cusum_fgo_minus_ekf,-8.829425265226854,-0.8151700396754819,-3.9393964340982217,-1.6091573862448016
baseline_3f,41,follower,2,cusum_fgo_minus_fgo,-7.328331715183893,-1.0990737192885032,-4.213584884987188,-1.7833881966593466
baseline_3f,41,follower,2,cusum_fgo_minus_cusum_ekf,-5.601121136880339,-0.7130783204401637,-2.303400921505067,-0.9921602840724685
baseline_3f,41,follower,3,cusum_fgo_minus_ekf,-11.013438807181473,-0.9541976268906812,-5.682004763768066,-1.8763282464768167
baseline_3f,41,follower,3,cusum_fgo_minus_fgo,-9.379132004729893,-0.7770854921563531,-3.978728011469946,-1.5311321039284982
baseline_3f,41,follower,3,cusum_fgo_minus_cusum_ekf,-5.846003438606069,-0.5569925759788735,-1.821711465477099,-0.7865944411819197
baseline_3f,41,pooled,0,cusum_fgo_minus_ekf,-10.002440029412515,-0.7532609167256434,-4.394504414129614,-1.4727488416385055
baseline_3f,41,pooled,0,cusum_fgo_minus_fgo,-8.368133226960936,-0.84801631777657,-3.27477346154984,-1.3775536457512183
baseline_3f,41,pooled,0,cusum_fgo_minus_cusum_ekf,-4.835004660837111,-0.4667694473412347,-1.440524018257493,-0.6359204098440279
baseline_3f,41,macro,0,cusum_fgo_minus_ekf,-8.624124888255542,-0.7532609167256434,-4.7265608763799785,-1.5097289741955138
baseline_3f,41,macro,0,cusum_fgo_minus_fgo,-6.763973630631243,-0.84801631777657,-3.551278897467798,-1.4182278882735246
baseline_3f,41,macro,0,cusum_fgo_minus_cusum_ekf,-5.0027080507485255,-0.4667694473412347,-1.6266645472534231,-0.677151620004321
baseline_3f,42,follower,1,cusum_fgo_minus_ekf,-6.9921372093002825,-0.6025735735064397,-3.3437922299822818,-1.2098984446780132
baseline_3f,42,follower,1,cusum_fgo_minus_fgo,-9.212043879504595,-1.261291419168234,-5.1401459532762726,-2.0356142076769714
baseline_3f,42,follower,1,cusum_fgo_minus_cusum_ekf,-2.829228750606007,-0.28437678118967225,-1.1283494039473003,-0.4507450133717932
baseline_3f,42,follower,2,cusum_fgo_minus_ekf,-12.064488359329458,-1.0791620185998307,-6.140044132246489,-2.320346538251278
baseline_3f,42,follower,2,cusum_fgo_minus_fgo,-10.463937895405877,-1.5953565703286823,-6.341221966444458,-2.6129582121235266
baseline_3f,42,follower,2,cusum_fgo_minus_cusum_ekf,-8.246236078380537,-0.6144439384908841,-2.857891730169721,-1.1535739264337743
baseline_3f,42,follower,3,cusum_fgo_minus_ekf,-8.317328925646933,-1.0460877610793282,-6.2628875656569765,-1.9059311315058616
baseline_3f,42,follower,3,cusum_fgo_minus_fgo,-11.966722760835179,-1.0081397984614813,-5.220879461113479,-1.9907253104849296
baseline_3f,42,follower,3,cusum_fgo_minus_cusum_ekf,-5.786176050055373,-0.5004114452275745,-1.0269050014718621,-0.6238068586129021
baseline_3f,42,pooled,0,cusum_fgo_minus_ekf,-10.837346698686662,-0.9092744510618664,-5.781500567475029,-1.8215445687881449
baseline_3f,42,pooled,0,cusum_fgo_minus_fgo,-9.625187484799518,-1.288262595986133,-5.642594158216597,-2.214531077505493
baseline_3f,42,pooled,0,cusum_fgo_minus_cusum_ekf,-7.019094417737743,-0.4664107216360438,-1.5222312554601234,-0.75074427327545
baseline_3f,42,macro,0,cusum_fgo_minus_ekf,-9.124651498092224,-0.9092744510618661,-5.248907975961917,-1.8120587048117178
baseline_3f,42,macro,0,cusum_fgo_minus_fgo,-10.547568178581885,-1.288262595986133,-5.567415793611403,-2.213099243428476
baseline_3f,42,macro,0,cusum_fgo_minus_cusum_ekf,-5.62054695968064,-0.4664107216360437,-1.6710487118629611,-0.7427085994728234
baseline_3f,43,follower,1,cusum_fgo_minus_ekf,-5.485267525145259,-0.6678062187182798,-3.4070264633020426,-1.1445090407376535
baseline_3f,43,follower,1,cusum_fgo_minus_fgo,-6.728632849616847,-1.1071868141232937,-4.509285026638082,-1.6901817921538438
baseline_3f,43,follower,1,cusum_fgo_minus_cusum_ekf,-6.654783246424213,-0.482366374037851,-1.5351932989712007,-0.8460883579811876
baseline_3f,43,follower,2,cusum_fgo_minus_ekf,-11.186520671354172,-0.8390580099087426,-7.864281444665099,-2.042111386244727
baseline_3f,43,follower,2,cusum_fgo_minus_fgo,-9.641733471105077,-1.3905685134066914,-6.335587197610005,-2.2392670338172556
baseline_3f,43,follower,2,cusum_fgo_minus_cusum_ekf,-5.625232380367867,-0.2878146180186236,-2.529023438291042,-0.6654104495779083
baseline_3f,43,follower,3,cusum_fgo_minus_ekf,-10.894532408981858,-0.9537796663219926,-5.626422393168793,-1.957641642905084
baseline_3f,43,follower,3,cusum_fgo_minus_fgo,-9.053858548417633,-1.0113594578004834,-4.901964466578613,-1.820790227019271
baseline_3f,43,follower,3,cusum_fgo_minus_cusum_ekf,-7.083253485253809,-0.5972237407134398,-1.5316362193921054,-0.9110540648273242
baseline_3f,43,pooled,0,cusum_fgo_minus_ekf,-9.777602721252615,-0.8202146316496715,-5.402873197166469,-1.7188565146085626
baseline_3f,43,pooled,0,cusum_fgo_minus_fgo,-8.23281552100352,-1.169704928443489,-4.852754953227331,-1.9150262512814007
baseline_3f,43,pooled,0,cusum_fgo_minus_cusum_ekf,-6.654783246424213,-0.4558015775899713,-1.624683582960468,-0.7802747972925269
baseline_3f,43,macro,0,cusum_fgo_minus_ekf,-9.18877353516043,-0.8202146316496716,-5.632576767045311,-1.7147540232958214
baseline_3f,43,macro,0,cusum_fgo_minus_fgo,-8.47474162304652,-1.1697049284434895,-5.248945563608901,-1.9167463509967901
baseline_3f,43,macro,0,cusum_fgo_minus_cusum_ekf,-6.4544230373486275,-0.4558015775899714,-1.8652843188847827,-0.8075176241288066
baseline_3f,44,follower,1,cusum_fgo_minus_ekf,-5.626486041671313,-0.5513182436679323,-3.8679610776890185,-1.067053679842443
baseline_3f,44,follower,1,cusum_fgo_minus_fgo,-7.777804040132018,-0.9065535805809919,-2.915448086180294,-1.421627792551383
baseline_3f,44,follower,1,cusum_fgo_minus_cusum_ekf,-2.7118625990601406,-0.21973853155622347,-1.068691810628898,-0.38395607280124877
baseline_3f,44,follower,2,cusum_fgo_minus_ekf,-8.010573866662037,-0.9528624714752076,-6.925874853119696,-1.9935422079526626
baseline_3f,44,follower,2,cusum_fgo_minus_fgo,-7.358921649130057,-1.3833805053328163,-5.9609526298943365,-2.1156269322769328
baseline_3f,44,follower,2,cusum_fgo_minus_cusum_ekf,-5.197862371202105,-0.2128486680365782,-0.9531177439262919,-0.4375314417741243
baseline_3f,44,follower,3,cusum_fgo_minus_ekf,-7.993701604506075,-0.6611344180243334,-5.191756348363022,-1.3811611966409947
baseline_3f,44,follower,3,cusum_fgo_minus_fgo,-6.464364743268861,-0.8918617033071098,-4.953704040788502,-1.610463150763588
baseline_3f,44,follower,3,cusum_fgo_minus_cusum_ekf,-4.097279262812542,-0.2795775058290476,-0.9970073314451935,-0.4810962624460001
baseline_3f,44,pooled,0,cusum_fgo_minus_ekf,-7.690177067455444,-0.7217717110558239,-5.419805516355493,-1.5043439908023075
baseline_3f,44,pooled,0,cusum_fgo_minus_fgo,-7.777804040132018,-1.0605985964069724,-4.734003884684794,-1.7277121178921548
baseline_3f,44,pooled,0,cusum_fgo_minus_cusum_ekf,-4.710110253329907,-0.23738823514061624,-1.0024773175451496,-0.4316992563083919
baseline_3f,44,macro,0,cusum_fgo_minus_ekf,-7.210253837613141,-0.7217717110558244,-5.328530759723912,-1.4805856948120333
baseline_3f,44,macro,0,cusum_fgo_minus_fgo,-7.200363477510312,-1.0605985964069726,-4.610034918954377,-1.7159059585306347
baseline_3f,44,macro,0,cusum_fgo_minus_cusum_ekf,-4.002334744358263,-0.23738823514061647,-1.006272295333461,-0.43419459234045776
baseline_3f,45,follower,1,cusum_fgo_minus_ekf,-5.250225038220715,-0.13538906522931815,-2.6226392645805157,-0.5414601345572998
baseline_3f,45,follower,1,cusum_fgo_minus_fgo,-6.406579970096705,-0.7610470467508925,-2.2392014247795227,-1.0690747232717066
baseline_3f,45,follower,1,cusum_fgo_minus_cusum_ekf,-3.475479642314749,0.06897931956486425,-1.0420105876061205,-0.10969385433326773
baseline_3f,45,follower,2,cusum_fgo_minus_ekf,-4.770332297601985,-0.6894163273215539,-3.6044321837506246,-1.1596708506732971
baseline_3f,45,follower,2,cusum_fgo_minus_fgo,-5.120788343893434,-0.9633664084544191,-3.9748879219638624,-1.4437043105700622
baseline_3f,45,follower,2,cusum_fgo_minus_cusum_ekf,-4.140078826083994,-0.5576218439623617,-2.861777650217605,-0.9127308459321821
baseline_3f,45,follower,3,cusum_fgo_minus_ekf,-6.742017371707292,-0.3711917378460803,-4.447974617941509,-0.9880404146963615
baseline_3f,45,follower,3,cusum_fgo_minus_fgo,-7.59943262273343,-0.6534089967602055,-3.868666787508154,-1.215735766467287
baseline_3f,45,follower,3,cusum_fgo_minus_cusum_ekf,-3.8777504667408653,-0.06339066761642331,-0.9085256399182937,-0.2581503192843404
baseline_3f,45,pooled,0,cusum_fgo_minus_ekf,-5.250225038220715,-0.39866571013231744,-2.967927588442906,-0.8396447387444466
baseline_3f,45,pooled,0,cusum_fgo_minus_fgo,-6.406579970096705,-0.7926074839885056,-2.91152507520717,-1.1946760704438486
baseline_3f,45,pooled,0,cusum_fgo_minus_cusum_ekf,-3.475479642314749,-0.18401106400464018,-1.2388246168734511,-0.37635056391904387
baseline_3f,45,macro,0,cusum_fgo_minus_ekf,-5.587524902509996,-0.3986657101323172,-3.55834868875755,-0.896390466642319
baseline_3f,45,macro,0,cusum_fgo_minus_fgo,-6.37560031224119,-0.7926074839885053,-3.36091871141718,-1.2428382667696851
baseline_3f,45,macro,0,cusum_fgo_minus_cusum_ekf,-3.8311029783798696,-0.18401106400463996,-1.6041046259140066,-0.42685833984992994
baseline_3f,46,follower,1,cusum_fgo_minus_ekf,-5.58238093519198,-0.6647415737924118,-5.423128299202577,-1.369719689850972
baseline_3f,46,follower,1,cusum_fgo_minus_fgo,-4.904319928774082,-1.021115866991646,-4.744454423226094,-1.5655831550450616
baseline_3f,46,follower,1,cusum_fgo_minus_cusum_ekf,-2.9251241927775,-0.21934348354445166,-1.269700681492748,-0.344992820105662
baseline_3f,46,follower,2,cusum_fgo_minus_ekf,-10.61013440955253,-0.743023804833171,-8.587397674437096,-1.9683816128553813
baseline_3f,46,follower,2,cusum_fgo_minus_fgo,-9.148556724188893,-1.0777121084638874,-5.712763356960796,-1.898738362006706
baseline_3f,46,follower,2,cusum_fgo_minus_cusum_ekf,-6.264762986125245,-0.15410959276502822,-2.0173913743820124,-0.5200979001344788
baseline_3f,46,follower,3,cusum_fgo_minus_ekf,-6.0982732047234585,-0.7255606538938824,-4.0592632721144435,-1.2712277177149247
baseline_3f,46,follower,3,cusum_fgo_minus_fgo,-7.7456555302969505,-0.8805587990384216,-5.09969067914199,-1.6270501173717775
baseline_3f,46,follower,3,cusum_fgo_minus_cusum_ekf,-5.91543300161943,-0.5679407870309658,-2.3719864726457036,-0.9855193677796266
baseline_3f,46,pooled,0,cusum_fgo_minus_ekf,-8.678262455708055,-0.7111086775064885,-4.861346609287905,-1.5582062069576335
baseline_3f,46,pooled,0,cusum_fgo_minus_fgo,-7.2166847703444175,-0.9931289248313184,-4.902933516994187,-1.6975995394340537
baseline_3f,46,pooled,0,cusum_fgo_minus_cusum_ekf,-4.332891032280769,-0.3137979544468157,-1.7241235923103637,-0.6128109046710268
baseline_3f,46,macro,0,cusum_fgo_minus_ekf,-7.430262849822656,-0.7111086775064883,-6.0232630819180395,-1.5364430068070924
baseline_3f,46,macro,0,cusum_fgo_minus_fgo,-7.266177394419975,-0.9931289248313182,-5.185636153109626,-1.697123878141182
baseline_3f,46,macro,0,cusum_fgo_minus_cusum_ekf,-5.035106726840725,-0.31379795444681524,-1.8863595095068217,-0.6168700293399223
baseline_3f,47,follower,1,cusum_fgo_minus_ekf,-12.897262766672995,-0.901833330782362,-6.027130522506527,-2.0078941987501495
baseline_3f,47,follower,1,cusum_fgo_minus_fgo,-7.973471628493045,-1.146934209973665,-4.6167538273014435,-1.828691782053856
baseline_3f,47,follower,1,cusum_fgo_minus_cusum_ekf,-6.312937349594834,-0.4239047557240292,-1.2476328059717314,-0.7807329296554238
baseline_3f,47,follower,2,cusum_fgo_minus_ekf,-9.622125173617972,-0.9090003616545868,-5.665994631145586,-1.770975073934523
baseline_3f,47,follower,2,cusum_fgo_minus_fgo,-7.8378862357538,-1.0583112396505363,-4.300864385328121,-1.7305670434441573
baseline_3f,47,follower,2,cusum_fgo_minus_cusum_ekf,-6.181855369680619,-0.4335025242019821,-1.4792702376690594,-0.6882665250249362
baseline_3f,47,follower,3,cusum_fgo_minus_ekf,-6.074405823506234,-0.6532047538074309,-3.7952676691278078,-1.2007461238321286
baseline_3f,47,follower,3,cusum_fgo_minus_fgo,-5.662822679209533,-0.7547373675034966,-3.832712545880725,-1.261904376806135
baseline_3f,47,follower,3,cusum_fgo_minus_cusum_ekf,-4.1505091012276,-0.24213349149373664,-0.735350628542504,-0.36014419296262445
baseline_3f,47,pooled,0,cusum_fgo_minus_ekf,-12.897262766672995,-0.8213461487481266,-4.135340084638385,-1.6892459380460731
baseline_3f,47,pooled,0,cusum_fgo_minus_fgo,-7.973471628493045,-0.9866609390425662,-4.290425264000207,-1.6239133723038084
baseline_3f,47,pooled,0,cusum_fgo_minus_cusum_ekf,-6.312937349594834,-0.3665135904732493,-1.1747095415379678,-0.6271633267024621
baseline_3f,47,macro,0,cusum_fgo_minus_ekf,-9.531264587932403,-0.8213461487481266,-5.162797607593307,-1.659871798838934
baseline_3f,47,macro,0,cusum_fgo_minus_fgo,-7.158060181152129,-0.9866609390425662,-4.250110252836763,-1.6070544007680496
baseline_3f,47,macro,0,cusum_fgo_minus_cusum_ekf,-5.548433940167685,-0.3665135904732495,-1.1540845573944316,-0.6097145492143282
baseline_3f,48,follower,1,cusum_fgo_minus_ekf,-3.7246262955287257,-0.6851964552385648,-3.488285203887908,-1.028409114312141
baseline_3f,48,follower,1,cusum_fgo_minus_fgo,-6.2971358332838765,-0.9451043005469226,-3.758601600777689,-1.4360487074108312
baseline_3f,48,follower,1,cusum_fgo_minus_cusum_ekf,-2.1866500706949585,-0.4183950797802809,-1.1339510555534074,-0.5113835311965069
baseline_3f,48,follower,2,cusum_fgo_minus_ekf,-8.094343426897744,-1.16092107156168,-6.984795448737349,-2.1836223570804174
baseline_3f,48,follower,2,cusum_fgo_minus_fgo,-7.501054338076037,-1.2870343879940713,-5.057928101912154,-2.0985977165467866
baseline_3f,48,follower,2,cusum_fgo_minus_cusum_ekf,-5.93281342228362,-0.4737598601646942,-1.3922438876327317,-0.7144832425396787
baseline_3f,48,follower,3,cusum_fgo_minus_ekf,-8.264193229338032,-0.846646124578208,-3.1171537229315174,-1.4804331143440461
baseline_3f,48,follower,3,cusum_fgo_minus_fgo,-5.590191802366853,-0.8302803890037607,-3.5814636356842997,-1.373596765583327
baseline_3f,48,follower,3,cusum_fgo_minus_cusum_ekf,-4.097395828291375,-0.48509969624350163,-1.0631936754687121,-0.6090984683700329
baseline_3f,48,pooled,0,cusum_fgo_minus_ekf,-6.2720944907354195,-0.8975878837928177,-4.7453738527242795,-1.563594782283435
baseline_3f,48,pooled,0,cusum_fgo_minus_fgo,-6.2971358332838765,-1.0208063591815848,-4.230103544440171,-1.632604061061909
baseline_3f,48,pooled,0,cusum_fgo_minus_cusum_ekf,-4.110564486121294,-0.45908487872949233,-1.099920873360713,-0.5893429783192423
baseline_3f,48,macro,0,cusum_fgo_minus_ekf,-6.694387650588167,-0.8975878837928174,-4.530078125185591,-1.5641548619122014
baseline_3f,48,macro,0,cusum_fgo_minus_fgo,-6.462793991242254,-1.0208063591815848,-4.132664446124715,-1.6360810631803147
baseline_3f,48,macro,0,cusum_fgo_minus_cusum_ekf,-4.072286440423317,-0.45908487872949244,-1.1964628728849507,-0.6116550807020728
baseline_3f,49,follower,1,cusum_fgo_minus_ekf,-7.80400210004732,-0.449470579557429,-4.0069482003154775,-1.1062093310897296
baseline_3f,49,follower,1,cusum_fgo_minus_fgo,-6.176431455674395,-0.9507734202451887,-3.760770666562064,-1.3968487950303174
baseline_3f,49,follower,1,cusum_fgo_minus_cusum_ekf,-3.5628400051762195,-0.08391885514794106,-0.9684285681770481,-0.27080841812612255
baseline_3f,49,follower,2,cusum_fgo_minus_ekf,-10.755281797811325,-0.8082780156522815,-5.054780680355021,-1.9061483382603155
baseline_3f,49,follower,2,cusum_fgo_minus_fgo,-9.228025452573558,-1.154776563900376,-4.6054245349035625,-1.898671630995352
baseline_3f,49,follower,2,cusum_fgo_minus_cusum_ekf,-7.164350174641136,-0.2641205461099434,-1.0410735911358002,-0.5158632565496633
baseline_3f,49,follower,3,cusum_fgo_minus_ekf,-7.690574521200615,-0.6557925768939441,-4.2855820512841,-1.2307414223315982
baseline_3f,49,follower,3,cusum_fgo_minus_fgo,-6.825009630505026,-0.7957182376454317,-5.175810613231361,-1.4779817973616582
baseline_3f,49,follower,3,cusum_fgo_minus_cusum_ekf,-5.827324865600092,-0.42281560193356893,-1.8545120714336232,-0.7203924807665354
baseline_3f,49,pooled,0,cusum_fgo_minus_ekf,-10.348331204280258,-0.6378470573678852,-4.353202804101138,-1.4143584871377772
baseline_3f,49,pooled,0,cusum_fgo_minus_fgo,-8.821074859042492,-0.967089407263666,-4.632187935691409,-1.5836925107771096
baseline_3f,49,pooled,0,cusum_fgo_minus_cusum_ekf,-6.75739958111007,-0.2569516677304846,-1.2777958438011587,-0.503137727675995
baseline_3f,49,macro,0,cusum_fgo_minus_ekf,-8.749952806353088,-0.6378470573678847,-4.449103643984867,-1.414366363893881
baseline_3f,49,macro,0,cusum_fgo_minus_fgo,-7.409822179584326,-0.9670894072636649,-4.5140019382323295,-1.5911674077957758
baseline_3f,49,macro,0,cusum_fgo_minus_cusum_ekf,-5.518171681805816,-0.2569516677304844,-1.2880047435821573,-0.5023547184807735
baseline_3f,50,follower,1,cusum_fgo_minus_ekf,-10.00729960366954,-0.5513611989336875,-3.290835500077586,-1.340076966020386
baseline_3f,50,follower,1,cusum_fgo_minus_fgo,-6.588392629842803,-0.8419946726944503,-3.9110131774764127,-1.4042448713351472
baseline_3f,50,follower,1,cusum_fgo_minus_cusum_ekf,-4.350224717410229,-0.17241181850688925,-0.9403150769934172,-0.37148202880472647
baseline_3f,50,follower,2,cusum_fgo_minus_ekf,-11.881900834950713,-0.6365929919285755,-3.252733908149046,-1.6135153236069055
baseline_3f,50,follower,2,cusum_fgo_minus_fgo,-10.980577816946987,-0.9548817360964819,-3.524503813191158,-1.7432792299809512
baseline_3f,50,follower,2,cusum_fgo_minus_cusum_ekf,-6.1929971027887945,-0.11788504874793859,-0.7432990964635515,-0.27938009872553593
baseline_3f,50,follower,3,cusum_fgo_minus_ekf,-6.1918712103242886,-0.5414643713038908,-2.819800921773644,-1.0059199311709042
baseline_3f,50,follower,3,cusum_fgo_minus_fgo,-4.008610957594299,-0.5865610014607895,-2.430074694345447,-0.8805951308919311
baseline_3f,50,follower,3,cusum_fgo_minus_cusum_ekf,-2.996621137483946,-0.2593673893343543,-1.2097255636203428,-0.423253545993614
baseline_3f,50,pooled,0,cusum_fgo_minus_ekf,-11.881900834950713,-0.5764728540553847,-3.0804735326744703,-1.3380698987167707
baseline_3f,50,pooled,0,cusum_fgo_minus_fgo,-10.980577816946987,-0.7944791367505737,-3.318581774369795,-1.3774453979230072
baseline_3f,50,pooled,0,cusum_fgo_minus_cusum_ekf,-6.1929971027887945,-0.18322141886306076,-0.8974449848710935,-0.3558913104104666
baseline_3f,50,macro,0,cusum_fgo_minus_ekf,-9.360357216314847,-0.5764728540553847,-3.121123443333426,-1.3198374069327317
baseline_3f,50,macro,0,cusum_fgo_minus_fgo,-7.192527134794696,-0.7944791367505737,-3.2885305616710054,-1.3427064107360098
baseline_3f,50,macro,0,cusum_fgo_minus_cusum_ekf,-4.513280985894323,-0.18322141886306054,-0.9644465790257708,-0.3580385578412921
healthy_maneuver,1,follower,1,cusum_fgo_minus_cusum_ekf,-1.8631645215599257,-0.1865401830824993,-0.6263078325117133,-0.24403837599955092
healthy_maneuver,1,follower,2,cusum_fgo_minus_cusum_ekf,-1.3250561986877087,-0.19802726020138028,-0.6717997801277327,-0.2581226914788456
healthy_maneuver,1,follower,3,cusum_fgo_minus_cusum_ekf,-1.8505942954736705,-0.25049992992935677,-0.85798441569179,-0.33728797061924953
healthy_maneuver,1,pooled,0,cusum_fgo_minus_cusum_ekf,-1.8631645215599257,-0.21168912440441212,-0.7184711447374341,-0.2792540928508681
healthy_maneuver,1,macro,0,cusum_fgo_minus_cusum_ekf,-1.6796050052404352,-0.21168912440441212,-0.7186973427770786,-0.2798163460325487
healthy_maneuver,2,follower,1,cusum_fgo_minus_cusum_ekf,-1.6355883177790353,-0.28937103168185563,-0.807235375442118,-0.37105127643237146
healthy_maneuver,2,follower,2,cusum_fgo_minus_cusum_ekf,-5.310271769595766,-1.2831940695661301,-3.988975706857418,-1.8752023260306836
healthy_maneuver,2,follower,3,cusum_fgo_minus_cusum_ekf,-1.8810275436047768,-0.23513702035005224,-0.7391071585255742,-0.3129983619914529
healthy_maneuver,2,pooled,0,cusum_fgo_minus_cusum_ekf,-5.310271769595766,-0.6025673738660131,-3.401488964676293,-1.0454438308715057
healthy_maneuver,2,macro,0,cusum_fgo_minus_cusum_ekf,-2.9422958769931924,-0.6025673738660129,-1.8451060802750368,-0.8530839881515027
healthy_maneuver,3,follower,1,cusum_fgo_minus_cusum_ekf,-1.9914576048843677,-0.4515538757819053,-0.9455378562533594,-0.5232068448090993
healthy_maneuver,3,follower,2,cusum_fgo_minus_cusum_ekf,-1.8220741981096562,-0.2880062529124835,-0.8972951261150084,-0.37540612826393926
healthy_maneuver,3,follower,3,cusum_fgo_minus_cusum_ekf,-1.3683638596380991,-0.4370496989113047,-0.8939869692535141,-0.495768921776372
healthy_maneuver,3,pooled,0,cusum_fgo_minus_cusum_ekf,-1.9914576048843677,-0.3922032758685645,-0.8249548336286223,-0.4539160607626809
healthy_maneuver,3,macro,0,cusum_fgo_minus_cusum_ekf,-1.727298554210708,-0.3922032758685644,-0.9122733172072941,-0.4647939649498035
healthy_maneuver,4,follower,1,cusum_fgo_minus_cusum_ekf,-1.5403467535245259,0.07197721986101646,-0.5823371782567066,-0.029927014526854645
healthy_maneuver,4,follower,2,cusum_fgo_minus_cusum_ekf,-3.8308423442706343,-0.3491476411289729,-2.672505092214333,-0.6771342479586007
healthy_maneuver,4,follower,3,cusum_fgo_minus_cusum_ekf,-2.4928054531533714,-0.3550153684426167,-1.020131168610761,-0.45688357421003656
healthy_maneuver,4,pooled,0,cusum_fgo_minus_cusum_ekf,-3.2757308740708844,-0.21072859657019105,-1.049307390943168,-0.3763646835552954
healthy_maneuver,4,macro,0,cusum_fgo_minus_cusum_ekf,-2.6213315169828437,-0.21072859657019105,-1.4249911463606002,-0.3879816122318307
healthy_maneuver,5,follower,1,cusum_fgo_minus_cusum_ekf,-2.219128046663244,0.12872318865032661,-0.4988841056544988,0.05207497238333647
healthy_maneuver,5,follower,2,cusum_fgo_minus_cusum_ekf,-1.2620897750323115,-0.41278328864268815,-0.877790536078227,-0.47035512050742967
healthy_maneuver,5,follower,3,cusum_fgo_minus_cusum_ekf,-1.4612092652133553,-0.1385578638715217,-0.5978990080462301,-0.20833127479436386
healthy_maneuver,5,pooled,0,cusum_fgo_minus_cusum_ekf,-2.219128046663244,-0.14087265462129428,-0.149141683196381,-0.1318363969951848
healthy_maneuver,5,macro,0,cusum_fgo_minus_cusum_ekf,-1.647475695636304,-0.1408726546212944,-0.6581912165929853,-0.20887047430615246
healthy_maneuver,6,follower,1,cusum_fgo_minus_cusum_ekf,-1.8405112589071733,-0.30151417159367067,-0.9421806886039783,-0.3981037547330015
healthy_maneuver,6,follower,2,cusum_fgo_minus_cusum_ekf,-4.660268056139515,-0.10220975749528849,-1.2961711043133923,-0.29789289836031463
healthy_maneuver,6,follower,3,cusum_fgo_minus_cusum_ekf,-0.9688240405232293,-0.3253628968218215,-0.8015127882264013,-0.4000833353165708
healthy_maneuver,6,pooled,0,cusum_fgo_minus_cusum_ekf,-4.660268056139515,-0.24302894197026048,-0.7429880394847543,-0.3477882575678315
healthy_maneuver,6,macro,0,cusum_fgo_minus_cusum_ekf,-2.4898677851899724,-0.24302894197026048,-1.0132881937145903,-0.36535999613662895
healthy_maneuver,7,follower,1,cusum_fgo_minus_cusum_ekf,-1.6092863271001003,-0.3148204872593806,-0.7269317425944508,-0.37584978752178366
healthy_maneuver,7,follower,2,cusum_fgo_minus_cusum_ekf,-2.130172619351166,-0.12095394835850204,-0.950462131957025,-0.24809271152611112
healthy_maneuver,7,follower,3,cusum_fgo_minus_cusum_ekf,-1.4240070768060105,-0.3598047993739286,-0.7051035942186983,-0.4084889007544261
healthy_maneuver,7,pooled,0,cusum_fgo_minus_cusum_ekf,-2.130172619351166,-0.2651930783306037,-0.658330067719932,-0.31481587127146926
healthy_maneuver,7,macro,0,cusum_fgo_minus_cusum_ekf,-1.721155341085759,-0.2651930783306037,-0.7941658229233914,-0.34414379993410693
healthy_maneuver,8,follower,1,cusum_fgo_minus_cusum_ekf,-2.198519713023526,-0.165320507446572,-0.7334917003142631,-0.25988329735597837
healthy_maneuver,8,follower,2,cusum_fgo_minus_cusum_ekf,-1.3825008681245188,-0.39383590812992775,-0.8335391721447061,-0.45862117320703955
healthy_maneuver,8,follower,3,cusum_fgo_minus_cusum_ekf,-2.224638911667377,-0.15218274981437352,-0.5817999714878888,-0.2283525405661001
healthy_maneuver,8,pooled,0,cusum_fgo_minus_cusum_ekf,-2.198519713023526,-0.2371130551302909,-0.6289235493821073,-0.29907179427187336
healthy_maneuver,8,macro,0,cusum_fgo_minus_cusum_ekf,-1.935219830938474,-0.23711305513029124,-0.7162769479822859,-0.31561900370970597
healthy_maneuver,9,follower,1,cusum_fgo_minus_cusum_ekf,-1.1178166124350963,-0.2608196989564022,-0.7217194885623794,-0.32310993433289403
healthy_maneuver,9,follower,2,cusum_fgo_minus_cusum_ekf,-4.167449880026237,-0.4242521365338917,-1.0400941375141002,-0.5713594190237419
healthy_maneuver,9,follower,3,cusum_fgo_minus_cusum_ekf,-1.5502278641879275,-0.3282271191193703,-0.7898388016712969,-0.4002548604818055
healthy_maneuver,9,pooled,0,cusum_fgo_minus_cusum_ekf,-4.009914026923723,-0.33776631820322145,-0.8199072414155031,-0.43317948956790553
healthy_maneuver,9,macro,0,cusum_fgo_minus_cusum_ekf,-2.2784981188830873,-0.33776631820322156,-0.8505508092492589,-0.4315747379461472
healthy_maneuver,10,follower,1,cusum_fgo_minus_cusum_ekf,-0.9097471475867827,-0.40488066693533364,-0.8518562011129756,-0.471526758577543
healthy_maneuver,10,follower,2,cusum_fgo_minus_cusum_ekf,-1.558453021819968,-0.11638729087611022,-0.4602599662912672,-0.17034740350922983
healthy_maneuver,10,follower,3,cusum_fgo_minus_cusum_ekf,-1.7671027034168374,-0.4694323295117634,-0.9233229693729949,-0.5229678083753426
healthy_maneuver,10,pooled,0,cusum_fgo_minus_cusum_ekf,-1.558453021819968,-0.3302334291077359,-0.495168038487352,-0.3486529003687371
healthy_maneuver,10,macro,0,cusum_fgo_minus_cusum_ekf,-1.411767624274529,-0.3302334291077358,-0.745146378925746,-0.388280656820705
healthy_maneuver,11,follower,1,cusum_fgo_minus_cusum_ekf,-1.135569282732487,-0.1920756309678875,-0.6219277845314142,-0.2612669025121964
healthy_maneuver,11,follower,2,cusum_fgo_minus_cusum_ekf,-2.544597984868737,-0.1771146849019798,-0.9313118092811843,-0.3094377374275117
healthy_maneuver,11,follower,3,cusum_fgo_minus_cusum_ekf,-2.009647790966973,-0.36327264782858193,-0.7275478108012372,-0.4197237087980601
healthy_maneuver,11,pooled,0,cusum_fgo_minus_cusum_ekf,-2.544597984868737,-0.24415432123281655,-0.7236579841566328,-0.3165787701216368
healthy_maneuver,11,macro,0,cusum_fgo_minus_cusum_ekf,-1.8966050195227324,-0.24415432123281633,-0.7602624682046122,-0.33014278291258936
healthy_maneuver,12,follower,1,cusum_fgo_minus_cusum_ekf,-1.9421201900589065,-0.24740685629938663,-0.7449271084241074,-0.3224449166678839
healthy_maneuver,12,follower,2,cusum_fgo_minus_cusum_ekf,-1.4004044640820543,-0.2972224478450768,-0.7688009116331804,-0.3631714003131178
healthy_maneuver,12,follower,3,cusum_fgo_minus_cusum_ekf,-1.910008706875487,-0.08472069287666384,-0.6248234992641293,-0.1676611161433459
healthy_maneuver,12,pooled,0,cusum_fgo_minus_cusum_ekf,-1.9421201900589065,-0.20978333234037583,-0.6516101607449587,-0.2757175883590529
healthy_maneuver,12,macro,0,cusum_fgo_minus_cusum_ekf,-1.7508444536721492,-0.20978333234037583,-0.7128505064404724,-0.28442581104144904
healthy_maneuver,13,follower,1,cusum_fgo_minus_cusum_ekf,-2.2737817837685124,-0.08975763807334913,-0.6521920741908558,-0.18171273891765316
healthy_maneuver,13,follower,2,cusum_fgo_minus_cusum_ekf,-1.2591115425974722,-0.30556301676791575,-0.6521573394128959,-0.35702313958830045
healthy_maneuver,13,follower,3,cusum_fgo_minus_cusum_ekf,-1.9364177133130656,-0.36964143113228665,-1.0399839885128233,-0.4726300210350871
healthy_maneuver,13,pooled,0,cusum_fgo_minus_cusum_ekf,-2.179771603892149,-0.2549873619911839,-0.7520335761822372,-0.3265071102045243
healthy_maneuver,13,macro,0,cusum_fgo_minus_cusum_ekf,-1.8231036798930167,-0.2549873619911839,-0.7814444673721914,-0.3371219665136804
healthy_maneuver,14,follower,1,cusum_fgo_minus_cusum_ekf,-1.4992886768420632,-0.313039474734076,-0.7395698072452732,-0.3736918765317737
healthy_maneuver,14,follower,2,cusum_fgo_minus_cusum_ekf,-2.1472781685867943,-0.4067995169830625,-0.7776749492452555,-0.4563192293883951
healthy_maneuver,14,follower,3,cusum_fgo_minus_cusum_ekf,-1.9742023237581725,-0.19945500039229502,-0.906909726675905,-0.315791146662906
healthy_maneuver,14,pooled,0,cusum_fgo_minus_cusum_ekf,-2.1472781685867943,-0.30643133070314454,-0.7867417007035187,-0.38020006514501703
healthy_maneuver,14,macro,0,cusum_fgo_minus_cusum_ekf,-1.8735897230623437,-0.30643133070314443,-0.8080514943888111,-0.3819340841943585
healthy_maneuver,15,follower,1,cusum_fgo_minus_cusum_ekf,-2.5724018897398424,-0.21376071143857112,-0.8543524947838792,-0.3161401007470823
healthy_maneuver,15,follower,2,cusum_fgo_minus_cusum_ekf,-1.7522630814186404,-0.026772328873372553,-0.6105052209930402,-0.1283950060574448
healthy_maneuver,15,follower,3,cusum_fgo_minus_cusum_ekf,-2.134582623890714,-0.4451125098482428,-0.961011625708485,-0.5189398526425042
healthy_maneuver,15,pooled,0,cusum_fgo_minus_cusum_ekf,-2.4400049019195023,-0.22854851672006238,-0.6844174881576599,-0.2841358463692043
healthy_maneuver,15,macro,0,cusum_fgo_minus_cusum_ekf,-2.1530825316830655,-0.22854851672006238,-0.8086231138284681,-0.32115831981567733
healthy_maneuver,16,follower,1,cusum_fgo_minus_cusum_ekf,-1.3922118660761558,-0.3858439062252156,-0.7148318473705462,-0.4201227511605251
healthy_maneuver,16,follower,2,cusum_fgo_minus_cusum_ekf,-1.679445119771557,-0.24121458512304617,-0.7400276299172295,-0.31801866937573275
healthy_maneuver,16,follower,3,cusum_fgo_minus_cusum_ekf,-2.7427639110996136,-0.37545029259056684,-0.9109829916945213,-0.455927337410847
healthy_maneuver,16,pooled,0,cusum_fgo_minus_cusum_ekf,-1.9421688578388179,-0.33416959464627616,-0.8154200715093438,-0.39758784543202386
healthy_maneuver,16,macro,0,cusum_fgo_minus_cusum_ekf,-1.9381402989824423,-0.33416959464627627,-0.788614156327432,-0.39802291931570166
healthy_maneuver,17,follower,1,cusum_fgo_minus_cusum_ekf,-1.975331828204609,-0.00569353107604087,-0.6840347357794256,-0.1151163470812373
healthy_maneuver,17,follower,2,cusum_fgo_minus_cusum_ekf,-1.4360231693436436,-0.16071343626131185,-0.8272691186155834,-0.2591889503439323
healthy_maneuver,17,follower,3,cusum_fgo_minus_cusum_ekf,-1.8906635431280838,-0.1331099236497647,-0.7943143558006318,-0.22776873796219443
healthy_maneuver,17,pooled,0,cusum_fgo_minus_cusum_ekf,-1.975331828204609,-0.09983896366237244,-0.6699148110112021,-0.19383684612684227
healthy_maneuver,17,macro,0,cusum_fgo_minus_cusum_ekf,-1.7673395135587788,-0.09983896366237244,-0.7685394033985466,-0.20069134512912123
healthy_maneuver,18,follower,1,cusum_fgo_minus_cusum_ekf,-2.6685964139891154,-0.1319225308208336,-0.9548047763772534,-0.26163006309961867
healthy_maneuver,18,follower,2,cusum_fgo_minus_cusum_ekf,-1.327749634977271,-0.008122373988155518,-0.5349926914433176,-0.09892363183329866
healthy_maneuver,18,follower,3,cusum_fgo_minus_cusum_ekf,-2.0217199163484265,-0.42908205467011984,-0.8329735237134235,-0.4836546392346033
healthy_maneuver,18,pooled,0,cusum_fgo_minus_cusum_ekf,-2.6685964139891154,-0.18970898649303647,-0.5561332031870709,-0.24182718010616133
healthy_maneuver,18,macro,0,cusum_fgo_minus_cusum_ekf,-2.006021988438271,-0.18970898649303636,-0.7742569971779985,-0.28140277805584035
healthy_maneuver,19,follower,1,cusum_fgo_minus_cusum_ekf,-1.6890749616427565,-0.19598789108714376,-0.6326822663629383,-0.2703033635650488
healthy_maneuver,19,follower,2,cusum_fgo_minus_cusum_ekf,-2.673581919907281,-0.27928826962405173,-0.7661061774813578,-0.3566193067482024
healthy_maneuver,19,follower,3,cusum_fgo_minus_cusum_ekf,-1.698378454394659,-0.38023134621971916,-0.8496952898938658,-0.44173764275441724
healthy_maneuver,19,pooled,0,cusum_fgo_minus_cusum_ekf,-2.575851031126831,-0.28516916897697164,-0.6707904265339957,-0.3389290729375072
healthy_maneuver,19,macro,0,cusum_fgo_minus_cusum_ekf,-2.020345111981565,-0.28516916897697153,-0.7494945779127204,-0.35622010435588947
healthy_maneuver,20,follower,1,cusum_fgo_minus_cusum_ekf,-1.5491197428793089,0.03432716270818781,-0.4681782946928559,-0.04535015226534167
healthy_maneuver,20,follower,2,cusum_fgo_minus_cusum_ekf,-2.22405558037591,-0.2875245377019424,-0.8276148515881665,-0.374966847467603
healthy_maneuver,20,follower,3,cusum_fgo_minus_cusum_ekf,-1.5314784200750817,-0.29244333301961134,-0.5494915594282641,-0.33393848223617595
healthy_maneuver,20,pooled,0,cusum_fgo_minus_cusum_ekf,-1.5491197428793089,-0.18188023600445513,-0.4592952988149728,-0.22124167569539877
healthy_maneuver,20,macro,0,cusum_fgo_minus_cusum_ekf,-1.7682179144434333,-0.18188023600445535,-0.6150949019030958,-0.25141849398970717
healthy_maneuver,21,follower,1,cusum_fgo_minus_cusum_ekf,-1.3027030145101581,0.18262226826361316,-0.45370224943608406,0.09396213867943182
healthy_maneuver,21,follower,2,cusum_fgo_minus_cusum_ekf,-1.5840012460097679,-0.04843067086073849,-0.5535122162365356,-0.11928526405713091
healthy_maneuver,21,follower,3,cusum_fgo_minus_cusum_ekf,-1.5847531753888433,-0.41737333309292407,-0.8630323735900852,-0.4831801102679427
healthy_maneuver,21,pooled,0,cusum_fgo_minus_cusum_ekf,-1.3027030145101581,-0.094393911896683,-0.17364878581894283,-0.09368595965863702
healthy_maneuver,21,macro,0,cusum_fgo_minus_cusum_ekf,-1.4904858119695898,-0.094393911896683,-0.6234156130875685,-0.16950107854854735
healthy_maneuver,22,follower,1,cusum_fgo_minus_cusum_ekf,-1.1548288194079963,-0.3213728536892254,-0.8087643141317222,-0.38996595910004317
healthy_maneuver,22,follower,2,cusum_fgo_minus_cusum_ekf,-1.2887394696550678,-0.22891057327330622,-0.7992439978738579,-0.3252722861050059
healthy_maneuver,22,follower,3,cusum_fgo_minus_cusum_ekf,-1.7895931486593546,-0.08631618476572567,-0.5984388372661895,-0.16371753567198288
healthy_maneuver,22,pooled,0,cusum_fgo_minus_cusum_ekf,-1.2009229547961033,-0.21219987057608602,-0.7440307192360318,-0.29104234885531155
healthy_maneuver,22,macro,0,cusum_fgo_minus_cusum_ekf,-1.4110538125741394,-0.2121998705760857,-0.7354823830905899,-0.29298526029234395
healthy_maneuver,23,follower,1,cusum_fgo_minus_cusum_ekf,-1.6735929604069026,-0.2508083907722798,-0.8043598100053393,-0.33095276324231016
healthy_maneuver,23,follower,2,cusum_fgo_minus_cusum_ekf,-0.6251085688026792,0.084966606451651,-0.35601712411510333,0.00890664188698409
healthy_maneuver,23,follower,3,cusum_fgo_minus_cusum_ekf,-0.845387006453411,-0.3787143185180081,-0.8879452017308873,-0.44227578583606
healthy_maneuver,23,pooled,0,cusum_fgo_minus_cusum_ekf,-1.5962811540849136,-0.18151870094621225,-0.4868450860531386,-0.22561574595445089
healthy_maneuver,23,macro,0,cusum_fgo_minus_cusum_ekf,-1.0480295118876646,-0.18151870094621225,-0.6827740452837769,-0.25477396906379546
healthy_maneuver,24,follower,1,cusum_fgo_minus_cusum_ekf,-0.9567269605527309,-0.3640344254686778,-0.8476678589358508,-0.42274262430295706
healthy_maneuver,24,follower,2,cusum_fgo_minus_cusum_ekf,0.5410771208135086,-0.2770231137419278,-0.7234949237513403,-0.3447471559540537
healthy_maneuver,24,follower,3,cusum_fgo_minus_cusum_ekf,-2.090368632721236,-0.20307047236754916,-0.6821003394175087,-0.2784409609205667
healthy_maneuver,24,pooled,0,cusum_fgo_minus_cusum_ekf,-0.678036039110625,-0.281376003859385,-0.7596961121751338,-0.3478578099561441
healthy_maneuver,24,macro,0,cusum_fgo_minus_cusum_ekf,-0.8353394908201528,-0.28137600385938477,-0.7510877073682332,-0.34864358039252574
healthy_maneuver,25,follower,1,cusum_fgo_minus_cusum_ekf,-1.6327237159902648,-0.3507131614395038,-0.5827695540746367,-0.37995866358969954
healthy_maneuver,25,follower,2,cusum_fgo_minus_cusum_ekf,-1.1467428815084697,-0.3237893124297242,-0.8794042317357753,-0.3915978879745895
healthy_maneuver,25,follower,3,cusum_fgo_minus_cusum_ekf,-1.1627519270257105,-0.31591823768202365,-0.5775407902917491,-0.3510841077182921
healthy_maneuver,25,pooled,0,cusum_fgo_minus_cusum_ekf,-1.6327237159902648,-0.3301402371837505,-0.6861725390676114,-0.3742150657347999
healthy_maneuver,25,macro,0,cusum_fgo_minus_cusum_ekf,-1.3140728415081486,-0.3301402371837505,-0.6799048587007204,-0.3742135530941939
healthy_maneuver,26,follower,1,cusum_fgo_minus_cusum_ekf,-1.180508863206306,-0.22341295414406248,-0.6774338376585447,-0.2963365115239549
healthy_maneuver,26,follower,2,cusum_fgo_minus_cusum_ekf,-1.2173117675194307,-0.16733339651406742,-0.5319789169540388,-0.22615542582648684
healthy_maneuver,26,follower,3,cusum_fgo_minus_cusum_ekf,-1.9349904323570395,-0.346804107406927,-0.8972967760595731,-0.43583553616110693
healthy_maneuver,26,pooled,0,cusum_fgo_minus_cusum_ekf,-1.461527468993324,-0.24585015268835253,-0.7322944372157763,-0.32228790194369483
healthy_maneuver,26,macro,0,cusum_fgo_minus_cusum_ekf,-1.4442703543609254,-0.2458501526883522,-0.7022365102240522,-0.31944249117051615
healthy_maneuver,27,follower,1,cusum_fgo_minus_cusum_ekf,-2.3290269715797765,0.10984955648860151,-0.6436938180115637,-0.0063197355896476015
healthy_maneuver,27,follower,2,cusum_fgo_minus_cusum_ekf,-5.0332993006533755,-0.5807364654223302,-3.669940848544682,-1.026371898140467
healthy_maneuver,27,follower,3,cusum_fgo_minus_cusum_ekf,-1.8411616186315116,-0.3200572186900458,-0.7922864985942297,-0.38509035399124125
healthy_maneuver,27,pooled,0,cusum_fgo_minus_cusum_ekf,-3.5202036632149847,-0.26364804254125795,-0.9517912052095285,-0.4302722389460829
healthy_maneuver,27,macro,0,cusum_fgo_minus_cusum_ekf,-3.0678292969548884,-0.2636480425412584,-1.701973721716825,-0.4725939959071186
healthy_maneuver,28,follower,1,cusum_fgo_minus_cusum_ekf,-2.5040161626861703,-0.2825550209479324,-0.8520853281213865,-0.37103234946027275
healthy_maneuver,28,follower,2,cusum_fgo_minus_cusum_ekf,-1.6900053545141134,0.1640283783334664,-0.2917091409514636,0.08669532056632234
healthy_maneuver,28,follower,3,cusum_fgo_minus_cusum_ekf,-1.8641778175133181,-0.3128524964019408,-0.9994226467286564,-0.40493532920683417
healthy_maneuver,28,pooled,0,cusum_fgo_minus_cusum_ekf,-2.5040161626861703,-0.1437930463388022,-0.6956011236248281,-0.22545715946907552
healthy_maneuver,28,macro,0,cusum_fgo_minus_cusum_ekf,-2.0193997782378674,-0.1437930463388022,-0.7144057052671688,-0.2297574527002617
healthy_maneuver,29,follower,1,cusum_fgo_minus_cusum_ekf,-1.4950070345440496,0.1066047675307038,-0.5040391652099683,0.005463726680350112
healthy_maneuver,29,follower,2,cusum_fgo_minus_cusum_ekf,-1.9242964018777728,-0.40949924052520525,-1.0722439248006475,-0.488007729214351
healthy_maneuver,29,follower,3,cusum_fgo_minus_cusum_ekf,-0.9540242617391894,-0.22327927068463405,-0.6508626857313913,-0.28236513616622516
healthy_maneuver,29,pooled,0,cusum_fgo_minus_cusum_ekf,-1.4950070345440496,-0.17539124789304505,-0.4881539331257374,-0.2082930824942142
healthy_maneuver,29,macro,0,cusum_fgo_minus_cusum_ekf,-1.4577758993870042,-0.17539124789304494,-0.7423819252473354,-0.2549697129000753
healthy_maneuver,30,follower,1,cusum_fgo_minus_cusum_ekf,-1.4877699850300772,-0.07454018094928383,-0.6300261294280858,-0.15998547431306154
healthy_maneuver,30,follower,2,cusum_fgo_minus_cusum_ekf,-2.7927078477042624,-0.211539463345638,-0.8021158929567116,-0.31454393110369416
healthy_maneuver,30,follower,3,cusum_fgo_minus_cusum_ekf,-1.6132515748659033,-0.4192915287832778,-0.8954525400868267,-0.4811867786007552
healthy_maneuver,30,pooled,0,cusum_fgo_minus_cusum_ekf,-2.3800721136267713,-0.2351237243594001,-0.6785483993292256,-0.29694783254503665
healthy_maneuver,30,macro,0,cusum_fgo_minus_cusum_ekf,-1.9645764692000804,-0.2351237243594,-0.7758648541572084,-0.3185720613391705
healthy_maneuver,31,follower,1,cusum_fgo_minus_cusum_ekf,-2.1852276183197867,0.10013313670594148,-0.6752587522136904,-0.017514200689603854
healthy_maneuver,31,follower,2,cusum_fgo_minus_cusum_ekf,-1.4505484018958108,0.14688491329596154,-0.4164173733906189,0.06128777232554383
healthy_maneuver,31,follower,3,cusum_fgo_minus_cusum_ekf,-2.5672320187041606,-0.24784888705129426,-0.7757017923985201,-0.3262863216006059
healthy_maneuver,31,pooled,0,cusum_fgo_minus_cusum_ekf,-2.1852276183197867,-0.00027694568313063606,-0.3527665672590117,-0.06665115150934509
healthy_maneuver,31,macro,0,cusum_fgo_minus_cusum_ekf,-2.067669346306586,-0.000276945683130414,-0.6224593060009429,-0.0941709166548883
healthy_maneuver,32,follower,1,cusum_fgo_minus_cusum_ekf,-1.538482969139546,-0.35944836592201956,-0.900643465594644,-0.445539637456019
healthy_maneuver,32,follower,2,cusum_fgo_minus_cusum_ekf,-1.5682957359554401,-0.21938945126460208,-0.6509896299310369,-0.28444844519509727
healthy_maneuver,32,follower,3,cusum_fgo_minus_cusum_ekf,-1.554799892002867,-0.22744104282175437,-0.7577629406337394,-0.305108871670126
healthy_maneuver,32,pooled,0,cusum_fgo_minus_cusum_ekf,-1.5682957359554401,-0.2687596200027922,-0.7148448663003362,-0.3397465882632781
healthy_maneuver,32,macro,0,cusum_fgo_minus_cusum_ekf,-1.5538595323659514,-0.2687596200027922,-0.7697986787198066,-0.3450323181070809
healthy_maneuver,33,follower,1,cusum_fgo_minus_cusum_ekf,-2.535639671720439,0.15074950553059518,-0.6884763898228115,0.015992813614468915
healthy_maneuver,33,follower,2,cusum_fgo_minus_cusum_ekf,-1.8583509403036276,-0.0028556105168693335,-0.47937035107710324,-0.0749787632753709
healthy_maneuver,33,follower,3,cusum_fgo_minus_cusum_ekf,-2.094904850504115,-0.3035111127083413,-0.7326859574637972,-0.36560151818361286
healthy_maneuver,33,pooled,0,cusum_fgo_minus_cusum_ekf,-2.535639671720439,-0.05187240589820519,-0.31907857805097484,-0.08890848128013884
healthy_maneuver,33,macro,0,cusum_fgo_minus_cusum_ekf,-2.1629651541760606,-0.05187240589820519,-0.6335108994545706,-0.14152915594817173
healthy_maneuver,34,follower,1,cusum_fgo_minus_cusum_ekf,-1.455909092993077,-0.17433416749449981,-0.6874926714518979,-0.2562236334296226
healthy_maneuver,34,follower,2,cusum_fgo_minus_cusum_ekf,-4.67911622455156,-0.6010209670622625,-2.3411461989850197,-0.8654914842246861
healthy_maneuver,34,follower,3,cusum_fgo_minus_cusum_ekf,-1.4761944263538387,0.0013593945320424794,-0.5400292399184075,-0.08059226280693621
healthy_maneuver,34,pooled,0,cusum_fgo_minus_cusum_ekf,-4.165182963807817,-0.25799858000824005,-1.114935718298018,-0.4056876046070559
healthy_maneuver,34,macro,0,cusum_fgo_minus_cusum_ekf,-2.537073247966158,-0.25799858000824005,-1.1895560367851081,-0.400769126820415
healthy_maneuver,35,follower,1,cusum_fgo_minus_cusum_ekf,-1.4525952553516197,-0.42085412242621134,-0.8566518346300533,-0.4696411546236263
healthy_maneuver,35,follower,2,cusum_fgo_minus_cusum_ekf,-1.5509935778154498,-0.23543018510243363,-0.737775078338365,-0.3085616916564645
healthy_maneuver,35,follower,3,cusum_fgo_minus_cusum_ekf,-1.6280824823069955,-0.32039611032003124,-0.6905337655241723,-0.3767262625634912
healthy_maneuver,35,pooled,0,cusum_fgo_minus_cusum_ekf,-1.5509935778154498,-0.32556013928289196,-0.6876368479574069,-0.37711838496644234
healthy_maneuver,35,macro,0,cusum_fgo_minus_cusum_ekf,-1.5438904384913548,-0.32556013928289207,-0.7616535594975304,-0.3849763696145273
healthy_maneuver,36,follower,1,cusum_fgo_minus_cusum_ekf,-2.609776894387558,0.1822960610612161,-0.5306005202334236,0.06944567685062686
healthy_maneuver,36,follower,2,cusum_fgo_minus_cusum_ekf,-2.1416774786999255,0.08467108856713979,-0.6467905838635413,-0.020062139047373417
healthy_maneuver,36,follower,3,cusum_fgo_minus_cusum_ekf,-1.718270646173254,-0.387625996267036,-0.8170568303934997,-0.45022140788257203
healthy_maneuver,36,pooled,0,cusum_fgo_minus_cusum_ekf,-2.609776894387558,-0.04021961554622666,-0.4615248246445498,-0.07740233171255784
healthy_maneuver,36,macro,0,cusum_fgo_minus_cusum_ekf,-2.1565750064202454,-0.04021961554622644,-0.6648159781634881,-0.13361262335977298
healthy_maneuver,37,follower,1,cusum_fgo_minus_cusum_ekf,-1.9006183588075194,-0.29247111168050355,-0.7672793081848575,-0.3517080869229219
healthy_maneuver,37,follower,2,cusum_fgo_minus_cusum_ekf,-1.3594798037501294,-0.0035112060126110123,-0.6129817202242924,-0.10136575356652777
healthy_maneuver,37,follower,3,cusum_fgo_minus_cusum_ekf,-1.9332763268014261,-0.23223591734587368,-0.7254798514168885,-0.31011367646115506
healthy_maneuver,37,pooled,0,cusum_fgo_minus_cusum_ekf,-1.758142742110858,-0.1760727450129962,-0.6713630913539965,-0.2489307883914027
healthy_maneuver,37,macro,0,cusum_fgo_minus_cusum_ekf,-1.7311248297863582,-0.17607274501299608,-0.7019136266086796,-0.2543958389835348
healthy_maneuver,38,follower,1,cusum_fgo_minus_cusum_ekf,-1.3258059456244053,-0.19027586810895603,-0.7560367099181298,-0.27143472226969056
healthy_maneuver,38,follower,2,cusum_fgo_minus_cusum_ekf,-2.044119883436495,-0.32370976715126487,-0.7191251989208729,-0.3836367852304259
healthy_maneuver,38,follower,3,cusum_fgo_minus_cusum_ekf,-1.8662443023192188,-0.2560011426396507,-0.8418133774149201,-0.3460540041367186
healthy_maneuver,38,pooled,0,cusum_fgo_minus_cusum_ekf,-2.044119883436495,-0.2566622592999577,-0.7443411899135497,-0.3292654888555777
healthy_maneuver,38,macro,0,cusum_fgo_minus_cusum_ekf,-1.7453900437933725,-0.25666225929995734,-0.7723250954179743,-0.33370850387894513
healthy_maneuver,39,follower,1,cusum_fgo_minus_cusum_ekf,-1.723763137718227,-0.11665250620309875,-0.6307810147451918,-0.19748792099900303
healthy_maneuver,39,follower,2,cusum_fgo_minus_cusum_ekf,-1.7518161558225103,-0.16391747379825472,-0.8316236650453845,-0.2558657381643241
healthy_maneuver,39,follower,3,cusum_fgo_minus_cusum_ekf,-1.4378626495820617,-0.24599656604070907,-0.6295405380773555,-0.301525298773649
healthy_maneuver,39,pooled,0,cusum_fgo_minus_cusum_ekf,-1.723763137718227,-0.17552218201402092,-0.6216536261984846,-0.24453005622249324
healthy_maneuver,39,macro,0,cusum_fgo_minus_cusum_ekf,-1.637813981040933,-0.17552218201402092,-0.6973150726226438,-0.25162631931232526
healthy_maneuver,40,follower,1,cusum_fgo_minus_cusum_ekf,-1.4663594877897124,-0.3901093098362628,-0.8677204611683356,-0.460951450730287
healthy_maneuver,40,follower,2,cusum_fgo_minus_cusum_ekf,-4.600939825516807,-0.6816342198401233,-2.98388466970067,-1.0863478944476037
healthy_maneuver,40,follower,3,cusum_fgo_minus_cusum_ekf,-1.7787289521146297,-0.43736095484653453,-0.9615519252790728,-0.5071325806429516
healthy_maneuver,40,pooled,0,cusum_fgo_minus_cusum_ekf,-4.600939825516807,-0.5030348281743067,-1.9126128998442322,-0.738141287844526
healthy_maneuver,40,macro,0,cusum_fgo_minus_cusum_ekf,-2.615342755140383,-0.5030348281743068,-1.6043856853826923,-0.6848106419402809
healthy_maneuver,41,follower,1,cusum_fgo_minus_cusum_ekf,-1.329708631880464,-0.07954926585797772,-0.6063736577228833,-0.16217748542575783
healthy_maneuver,41,follower,2,cusum_fgo_minus_cusum_ekf,-3.423373021771373,-0.5716655821195342,-2.1153028818645123,-0.7910760964558341
healthy_maneuver,41,follower,3,cusum_fgo_minus_cusum_ekf,-1.7830271870566192,-0.3808590045615644,-0.8209792064507475,-0.4533284885887936
healthy_maneuver,41,pooled,0,cusum_fgo_minus_cusum_ekf,-2.7556389284330143,-0.3440246175130255,-0.8407737540142048,-0.4203780457013586
healthy_maneuver,41,macro,0,cusum_fgo_minus_cusum_ekf,-2.178702946902819,-0.3440246175130254,-1.1808852486793808,-0.4688606901567951
healthy_maneuver,42,follower,1,cusum_fgo_minus_cusum_ekf,-1.1945418182980987,-0.17985939977202037,-0.6783537489513871,-0.2542917035787109
healthy_maneuver,42,follower,2,cusum_fgo_minus_cusum_ekf,-1.5011629191542968,-0.2584192423597824,-0.8196035222787414,-0.33854471161786703
healthy_maneuver,42,follower,3,cusum_fgo_minus_cusum_ekf,-2.0838847422275757,-0.43240766765683014,-0.9314368584616901,-0.4883928068630361
healthy_maneuver,42,pooled,0,cusum_fgo_minus_cusum_ekf,-1.2922611806079987,-0.29022876992954416,-0.7440028442575208,-0.3496773157857306
healthy_maneuver,42,macro,0,cusum_fgo_minus_cusum_ekf,-1.593196493226657,-0.2902287699295443,-0.8097980432306062,-0.36040974068653797
healthy_maneuver,43,follower,1,cusum_fgo_minus_cusum_ekf,-1.340732494144102,-0.31712776261023734,-0.8258844949191086,-0.393279569354134
healthy_maneuver,43,follower,2,cusum_fgo_minus_cusum_ekf,-1.7646982242756732,0.007245060705562301,-0.5659730787216075,-0.08436809228108677
healthy_maneuver,43,follower,3,cusum_fgo_minus_cusum_ekf,-1.8857064367153251,-0.3911567562490124,-0.8386716019734031,-0.4479727392518744
healthy_maneuver,43,pooled,0,cusum_fgo_minus_cusum_ekf,-1.7646982242756732,-0.2336798193845625,-0.540002870750186,-0.2754658754971989
healthy_maneuver,43,macro,0,cusum_fgo_minus_cusum_ekf,-1.663712385045034,-0.23367981938456261,-0.7435097252047065,-0.30854013362903177
healthy_maneuver,44,follower,1,cusum_fgo_minus_cusum_ekf,-1.7132754904100551,-0.11895177800035017,-0.6879927472408542,-0.2178987265852046
healthy_maneuver,44,follower,2,cusum_fgo_minus_cusum_ekf,-1.4094956425029848,-0.0822045784963572,-0.5312158036264614,-0.14659597164788463
healthy_maneuver,44,follower,3,cusum_fgo_minus_cusum_ekf,-0.6550318536529072,-0.16539030319288028,-0.6858356647455841,-0.23689688666142716
healthy_maneuver,44,pooled,0,cusum_fgo_minus_cusum_ekf,-1.164871367679555,-0.12218221989652933,-0.6151941825364338,-0.1994707904834816
healthy_maneuver,44,macro,0,cusum_fgo_minus_cusum_ekf,-1.2592676621886492,-0.12218221989652911,-0.635014738537633,-0.20046386163150554
healthy_maneuver,45,follower,1,cusum_fgo_minus_cusum_ekf,-1.3443534886453787,0.17233125640967306,-0.39517225494594355,0.10054845523282308
healthy_maneuver,45,follower,2,cusum_fgo_minus_cusum_ekf,-1.7950499996575549,-0.25102934286348433,-0.8134977940920829,-0.3280110519736509
healthy_maneuver,45,follower,3,cusum_fgo_minus_cusum_ekf,-1.403314196815302,0.06426716041768477,-0.46645216574495585,-0.00940715193385544
healthy_maneuver,45,pooled,0,cusum_fgo_minus_cusum_ekf,-1.3443534886453787,-0.004810308678709019,-0.20246703769256502,-0.03987969392344981
healthy_maneuver,45,macro,0,cusum_fgo_minus_cusum_ekf,-1.514239228372745,-0.004810308678708797,-0.5583740715943273,-0.07895658289156104
healthy_maneuver,46,follower,1,cusum_fgo_minus_cusum_ekf,-2.0009645936177853,-0.17591693409414977,-0.716895928392036,-0.2626992560317576
healthy_maneuver,46,follower,2,cusum_fgo_minus_cusum_ekf,-1.147839597129583,0.08752352769034522,-0.39133220321253503,0.004159793422055635
healthy_maneuver,46,follower,3,cusum_fgo_minus_cusum_ekf,-2.0775199540614793,-0.2979090426741893,-0.863140333207647,-0.3824710452786173
healthy_maneuver,46,pooled,0,cusum_fgo_minus_cusum_ekf,-1.8192437633845833,-0.12876748302599794,-0.6182520521056705,-0.207023179676058
healthy_maneuver,46,macro,0,cusum_fgo_minus_cusum_ekf,-1.7421080482696158,-0.12876748302599794,-0.6571228216040728,-0.21367016929610605
healthy_maneuver,47,follower,1,cusum_fgo_minus_cusum_ekf,-1.5837913237087136,-0.26206329000631257,-0.8989642692916944,-0.34962154476421403
healthy_maneuver,47,follower,2,cusum_fgo_minus_cusum_ekf,-1.9991009785291058,-0.2695408653792881,-0.7614773290170371,-0.3501244302686394
healthy_maneuver,47,follower,3,cusum_fgo_minus_cusum_ekf,-1.4615430732875738,-0.23776115657011632,-0.714201058241573,-0.30363010186072137
healthy_maneuver,47,pooled,0,cusum_fgo_minus_cusum_ekf,-1.8246214490440529,-0.25645510398523885,-0.779331253379071,-0.3349952734727054
healthy_maneuver,47,macro,0,cusum_fgo_minus_cusum_ekf,-1.6814784585084643,-0.25645510398523896,-0.7915475521834348,-0.3344586922978584
healthy_maneuver,48,follower,1,cusum_fgo_minus_cusum_ekf,-1.077472579389899,-0.37617099307576096,-0.7675312156080101,-0.42807000979275733
healthy_maneuver,48,follower,2,cusum_fgo_minus_cusum_ekf,-1.0917894735034972,-0.360392506275222,-0.7767071304605595,-0.417760026198576
healthy_maneuver,48,follower,3,cusum_fgo_minus_cusum_ekf,-1.0716055774078295,-0.4332610774359228,-0.9303241249659006,-0.5011752762691254
healthy_maneuver,48,pooled,0,cusum_fgo_minus_cusum_ekf,-1.0917894735034972,-0.38994152559563544,-0.7518642319998323,-0.4366655139585853
healthy_maneuver,48,macro,0,cusum_fgo_minus_cusum_ekf,-1.0802892101004087,-0.3899415255956352,-0.8248541570114902,-0.44900177075348624
healthy_maneuver,49,follower,1,cusum_fgo_minus_cusum_ekf,-1.5521324282314488,-0.00854529848761576,-0.5377350551466911,-0.07613452047552571
healthy_maneuver,49,follower,2,cusum_fgo_minus_cusum_ekf,-1.3901066355485636,-0.08818632384730118,-0.5383133982342441,-0.16194887769559274
healthy_maneuver,49,follower,3,cusum_fgo_minus_cusum_ekf,-2.0828032058011736,-0.17878016716362177,-0.8616569706500392,-0.2830487916855875
healthy_maneuver,49,pooled,0,cusum_fgo_minus_cusum_ekf,-1.930315837859514,-0.09183726316617968,-0.6272532845808765,-0.17429461511255528
healthy_maneuver,49,macro,0,cusum_fgo_minus_cusum_ekf,-1.6750140898603951,-0.09183726316617968,-0.6459018080103252,-0.17371072995223535
healthy_maneuver,50,follower,1,cusum_fgo_minus_cusum_ekf,-0.9720141535605458,-0.08614008152118346,-0.5808328346012184,-0.16479152909709338
healthy_maneuver,50,follower,2,cusum_fgo_minus_cusum_ekf,-1.5090303186379055,-0.04199909136486535,-0.4597371303175508,-0.10595687878778026
healthy_maneuver,50,follower,3,cusum_fgo_minus_cusum_ekf,-1.7834031177734482,-0.16473227996944773,-0.74206724127693,-0.2502401057346739
healthy_maneuver,50,pooled,0,cusum_fgo_minus_cusum_ekf,-1.2783543140302416,-0.09762381761849881,-0.5528554917249988,-0.17134096950354794
healthy_maneuver,50,macro,0,cusum_fgo_minus_cusum_ekf,-1.4214825299906333,-0.09762381761849881,-0.5942124020652335,-0.17366283787318237
