Seed,Time,MaxLeaderCUSUM,LeaderIsolationPercent
1,1.0,0.0,0.0
2,1.0,0.0,0.0
3,1.0,0.0,0.0
4,1.0,0.0,0.0
5,1.0,0.0,0.0
6,1.0,0.0,0.0
7,1.0,0.0,0.0
8,1.0,0.0,0.0
9,1.0,0.0,0.0
10,1.0,0.0,0.0
11,1.0,0.0,0.0
12,1.0,0.0,0.0
13,1.0,0.0,0.0
14,1.0,0.0,0.0
15,1.0,0.0,0.0
16,1.0,0.0,0.0
17,1.0,0.0,0.0
18,1.0,0.0,0.0
19,1.0,0.0,0.0
20,1.0,0.0,0.0
21,1.0,0.0,0.0
22,1.0,0.0,0.0
23,1.0,0.0,0.0
24,1.0,0.0,0.0
25,1.0,0.0,0.0
26,1.0,0.0,0.0
27,1.0,0.0,0.0
28,1.0,0.0,0.0
29,1.0,0.0,0.0
30,1.0,0.0,0.0
31,1.0,0.0,0.0
32,1.0,0.0,0.0
33,1.0,0.0,0.0
34,1.0,0.0,0.0
35,1.0,0.0,0.0
36,1.0,0.0,0.0
37,1.0,0.0,0.0
38,1.0,0.0,0.0
39,1.0,0.0,0.0
40,1.0,0.0,0.0
41,1.0,0.0,0.0
42,1.0,0.0,0.0
43,1.0,0.0,0.0
44,1.0,0.0,0.0
45,1.0,0.0,0.0
46,1.0,0.0,0.0
47,1.0,0.0,0.0
48,1.0,0.0,0.0
49,1.0,0.0,0.0
50,1.0,0.0,0.0
1,2.0,0.0,0.0
2,2.0,0.0,0.0
3,2.0,0.0,0.0
4,2.0,0.0,0.0
5,2.0,0.0,0.0
6,2.0,0.0,0.0
7,2.0,0.0,0.0
8,2.0,0.0,0.0
9,2.0,0.0,0.0
10,2.0,0.0,0.0
11,2.0,0.0,0.0
12,2.0,0.0,0.0
13,2.0,0.0,0.0
14,2.0,0.0,0.0
15,2.0,0.0,0.0
16,2.0,0.0,0.0
17,2.0,0.0,0.0
18,2.0,0.0,0.0
19,2.0,0.0,0.0
20,2.0,0.0,0.0
21,2.0,0.0,0.0
22,2.0,0.0,0.0
23,2.0,0.0,0.0
24,2.0,0.0,0.0
25,2.0,0.0,0.0
26,2.0,0.0,0.0
27,2.0,0.0,0.0
28,2.0,0.0,0.0
29,2.0,0.0,0.0
30,2.0,0.0,0.0
31,2.0,0.0,0.0
32,2.0,0.0,0.0
33,2.0,0.0,0.0
34,2.0,0.0,0.0
35,2.0,0.0,0.0
36,2.0,0.0,0.0
37,2.0,0.0,0.0
38,2.0,0.0,0.0
39,2.0,0.0,0.0
40,2.0,0.0,0.0
41,2.0,0.0,0.0
42,2.0,0.0,0.0
43,2.0,0.0,0.0
44,2.0,0.0,0.0
45,2.0,0.0,0.0
46,2.0,0.0,0.0
47,2.0,0.0,0.0
48,2.0,0.0,0.0
49,2.0,0.0,0.0
50,2.0,0.0,0.0
1,3.0,0.0,0.0
2,3.0,0.0,0.0
3,3.0,0.0,0.0
4,3.0,0.0,0.0
5,3.0,0.0,0.0
6,3.0,0.0,0.0
7,3.0,0.0,0.0
8,3.0,0.0,0.0
9,3.0,0.0,0.0
10,3.0,0.0,0.0
11,3.0,0.0,0.0
12,3.0,0.0,0.0
13,3.0,0.0,0.0
14,3.0,0.0,0.0
15,3.0,0.0,0.0
16,3.0,0.0,0.0
17,3.0,0.0,0.0
18,3.0,0.0,0.0
19,3.0,0.0,0.0
20,3.0,0.0,0.0
21,3.0,0.0,0.0
22,3.0,0.0,0.0
23,3.0,0.0,0.0
24,3.0,0.0,0.0
25,3.0,0.0,0.0
26,3.0,0.0,0.0
27,3.0,0.0,0.0
28,3.0,0.0,0.0
29,3.0,0.0,0.0
30,3.0,0.0,0.0
31,3.0,0.0,0.0
32,3.0,0.0,0.0
33,3.0,0.0,0.0
34,3.0,0.0,0.0
35,3.0,0.0,0.0
36,3.0,0.0,0.0
37,3.0,0.0,0.0
38,3.0,0.0,0.0
39,3.0,0.0,0.0
40,3.0,0.0,0.0
41,3.0,0.0,0.0
42,3.0,0.0,0.0
43,3.0,0.0,0.0
44,3.0,0.0,0.0
45,3.0,0.0,0.0
46,3.0,0.0,0.0
47,3.0,0.0,0.0
48,3.0,0.0,0.0
49,3.0,0.0,0.0
50,3.0,0.0,0.0
1,4.0,0.0,0.0
2,4.0,0.0,0.0
3,4.0,0.0,0.0
4,4.0,0.0,0.0
5,4.0,0.0,0.0
6,4.0,0.0,0.0
7,4.0,0.0,0.0
8,4.0,0.0,0.0
9,4.0,0.0,0.0
10,4.0,0.0,0.0
11,4.0,0.0,0.0
12,4.0,0.0,0.0
13,4.0,0.0,0.0
14,4.0,0.0,0.0
15,4.0,0.0,0.0
16,4.0,0.0,0.0
17,4.0,0.0,0.0
18,4.0,0.0,0.0
19,4.0,0.0,0.0
20,4.0,0.0,0.0
21,4.0,0.0,0.0
22,4.0,0.0,0.0
23,4.0,0.0,0.0
24,4.0,0.0,0.0
25,4.0,0.0,0.0
26,4.0,0.0,0.0
27,4.0,0.0,0.0
28,4.0,0.0,0.0
29,4.0,0.0,0.0
30,4.0,0.0,0.0
31,4.0,0.0,0.0
32,4.0,0.0,0.0
33,4.0,0.0,0.0
34,4.0,0.0,0.0
35,4.0,0.0,0.0
36,4.0,0.0,0.0
37,4.0,0.0,0.0
38,4.0,0.0,0.0
39,4.0,0.0,0.0
40,4.0,0.0,0.0
41,4.0,0.0,0.0
42,4.0,0.0,0.0
43,4.0,0.0,0.0
44,4.0,0.0,0.0
45,4.0,0.0,0.0
46,4.0,0.0,0.0
47,4.0,0.0,0.0
48,4.0,0.0,0.0
49,4.0,0.0,0.0
50,4.0,0.0,0.0
1,5.0,0.0,0.0
2,5.0,0.0,0.0
3,5.0,0.0,0.0
4,5.0,0.0,0.0
5,5.0,0.0,0.0
6,5.0,0.0,0.0
7,5.0,0.0,0.0
8,5.0,0.0,0.0
9,5.0,0.0,0.0
10,5.0,0.0,0.0
11,5.0,0.0,0.0
12,5.0,0.0,0.0
13,5.0,0.0,0.0
14,5.0,0.0,0.0
15,5.0,0.0,0.0
16,5.0,0.0,0.0
17,5.0,0.0,0.0
18,5.0,0.0,0.0
19,5.0,0.0,0.0
20,5.0,0.0,0.0
21,5.0,0.0,0.0
22,5.0,0.0,0.0
23,5.0,0.0,0.0
24,5.0,0.0,0.0
25,5.0,0.0,0.0
26,5.0,0.0,0.0
27,5.0,0.0,0.0
28,5.0,0.0,0.0
29,5.0,0.0,0.0
30,5.0,0.0,0.0
31,5.0,0.0,0.0
32,5.0,0.0,0.0
33,5.0,0.0,0.0
34,5.0,0.0,0.0
35,5.0,0.0,0.0
36,5.0,0.0,0.0
37,5.0,0.0,0.0
38,5.0,0.0,0.0
39,5.0,0.0,0.0
40,5.0,0.0,0.0
41,5.0,0.0,0.0
42,5.0,0.0,0.0
43,5.0,0.0,0.0
44,5.0,0.0,0.0
45,5.0,0.0,0.0
46,5.0,0.0,0.0
47,5.0,0.0,0.0
48,5.0,0.0,0.0
49,5.0,0.0,0.0
50,5.0,0.0,0.0
1,6.0,0.0,0.0
2,6.0,0.0,0.0
3,6.0,0.0,0.0
4,6.0,0.0,0.0
5,6.0,0.0,0.0
6,6.0,0.0,0.0
7,6.0,0.0,0.0
8,6.0,0.0,0.0
9,6.0,0.0,0.0
10,6.0,0.0,0.0
11,6.0,0.0,0.0
12,6.0,0.0,0.0
13,6.0,0.0,0.0
14,6.0,0.0,0.0
15,6.0,0.0,0.0
16,6.0,0.0,0.0
17,6.0,0.0,0.0
18,6.0,0.0,0.0
19,6.0,0.0,0.0
20,6.0,0.0,0.0
21,6.0,0.0,0.0
22,6.0,0.0,0.0
23,6.0,0.0,0.0
24,6.0,0.0,0.0
25,6.0,0.0,0.0
26,6.0,0.0,0.0
27,6.0,0.0,0.0
28,6.0,0.0,0.0
29,6.0,0.0,0.0
30,6.0,0.0,0.0
31,6.0,0.0,0.0
32,6.0,0.0,0.0
33,6.0,0.0,0.0
34,6.0,0.0,0.0
35,6.0,0.0,0.0
36,6.0,0.0,0.0
37,6.0,0.0,0.0
38,6.0,0.0,0.0
39,6.0,0.0,0.0
40,6.0,0.0,0.0
41,6.0,0.0,0.0
42,6.0,0.0,0.0
43,6.0,0.0,0.0
44,6.0,0.0,0.0
45,6.0,0.0,0.0
46,6.0,0.0,0.0
47,6.0,0.0,0.0
48,6.0,0.0,0.0
49,6.0,0.0,0.0
50,6.0,0.0,0.0
1,7.0,0.0,0.0
2,7.0,0.0,0.0
3,7.0,0.0,0.0
4,7.0,0.0,0.0
5,7.0,0.0,0.0
6,7.0,0.0,0.0
7,7.0,0.0,0.0
8,7.0,0.0,0.0
9,7.0,0.0,0.0
10,7.0,0.0,0.0
11,7.0,0.0,0.0
12,7.0,0.0,0.0
13,7.0,0.0,0.0
14,7.0,0.0,0.0
15,7.0,0.0,0.0
16,7.0,0.0,0.0
17,7.0,0.0,0.0
18,7.0,0.0,0.0
19,7.0,0.0,0.0
20,7.0,0.0,0.0
21,7.0,0.0,0.0
22,7.0,0.0,0.0
23,7.0,0.0,0.0
24,7.0,0.0,0.0
25,7.0,0.0,0.0
26,7.0,0.0,0.0
27,7.0,0.0,0.0
28,7.0,0.0,0.0
29,7.0,0.0,0.0
30,7.0,0.0,0.0
31,7.0,0.0,0.0
32,7.0,0.0,0.0
33,7.0,0.0,0.0
34,7.0,0.0,0.0
35,7.0,0.0,0.0
36,7.0,0.0,0.0
37,7.0,0.0,0.0
38,7.0,0.0,0.0
39,7.0,0.0,0.0
40,7.0,0.0,0.0
41,7.0,0.0,0.0
42,7.0,0.0,0.0
43,7.0,0.0,0.0
44,7.0,0.0,0.0
45,7.0,0.0,0.0
46,7.0,0.0,0.0
47,7.0,0.0,0.0
48,7.0,0.0,0.0
49,7.0,0.0,0.0
50,7.0,0.0,0.0
1,8.0,0.0,0.0
2,8.0,0.0,0.0
3,8.0,0.0,0.0
4,8.0,0.0,0.0
5,8.0,0.0,0.0
6,8.0,0.0,0.0
7,8.0,0.0,0.0
8,8.0,0.0,0.0
9,8.0,0.0,0.0
10,8.0,0.0,0.0
11,8.0,0.0,0.0
12,8.0,0.0,0.0
13,8.0,0.0,0.0
14,8.0,0.0,0.0
15,8.0,0.0,0.0
16,8.0,0.0,0.0
17,8.0,0.0,0.0
18,8.0,0.0,0.0
19,8.0,0.0,0.0
20,8.0,0.0,0.0
21,8.0,0.0,0.0
22,8.0,0.0,0.0
23,8.0,0.0,0.0
24,8.0,0.0,0.0
25,8.0,0.0,0.0
26,8.0,0.0,0.0
27,8.0,0.0,0.0
28,8.0,0.0,0.0
29,8.0,0.0,0.0
30,8.0,0.0,0.0
31,8.0,0.0,0.0
32,8.0,0.0,0.0
33,8.0,0.0,0.0
34,8.0,0.0,0.0
35,8.0,0.0,0.0
36,8.0,0.0,0.0
37,8.0,0.0,0.0
38,8.0,0.0,0.0
39,8.0,0.0,0.0
40,8.0,0.0,0.0
41,8.0,0.0,0.0
42,8.0,0.0,0.0
43,8.0,0.0,0.0
44,8.0,0.0,0.0
45,8.0,0.0,0.0
46,8.0,0.0,0.0
47,8.0,0.0,0.0
48,8.0,0.0,0.0
49,8.0,0.0,0.0
50,8.0,0.0,0.0
1,9.0,0.0,0.0
2,9.0,0.0,0.0
3,9.0,0.0,0.0
4,9.0,0.0,0.0
5,9.0,0.0,0.0
6,9.0,0.0,0.0
7,9.0,0.0,0.0
8,9.0,0.0,0.0
9,9.0,0.0,0.0
10,9.0,0.0,0.0
11,9.0,0.0,0.0
12,9.0,0.0,0.0
13,9.0,0.0,0.0
14,9.0,0.0,0.0
15,9.0,0.0,0.0
16,9.0,0.0,0.0
17,9.0,0.0,0.0
18,9.0,0.0,0.0
19,9.0,0.0,0.0
20,9.0,0.0,0.0
21,9.0,0.0,0.0
22,9.0,0.0,0.0
23,9.0,0.0,0.0
24,9.0,0.0,0.0
25,9.0,0.0,0.0
26,9.0,0.0,0.0
27,9.0,0.0,0.0
28,9.0,0.0,0.0
29,9.0,0.0,0.0
30,9.0,0.0,0.0
31,9.0,0.0,0.0
32,9.0,0.0,0.0
33,9.0,0.0,0.0
34,9.0,0.0,0.0
35,9.0,0.0,0.0
36,9.0,0.0,0.0
37,9.0,0.0,0.0
38,9.0,0.0,0.0
39,9.0,0.0,0.0
40,9.0,0.0,0.0
41,9.0,0.0,0.0
42,9.0,0.0,0.0
43,9.0,0.0,0.0
44,9.0,0.0,0.0
45,9.0,0.0,0.0
46,9.0,0.0,0.0
47,9.0,0.0,0.0
48,9.0,0.0,0.0
49,9.0,0.0,0.0
50,9.0,0.0,0.0
1,10.0,0.0,0.0
2,10.0,0.0,0.0
3,10.0,0.0,0.0
4,10.0,0.0,0.0
5,10.0,0.0,0.0
6,10.0,0.0,0.0
7,10.0,0.0,0.0
8,10.0,0.0,0.0
9,10.0,0.0,0.0
10,10.0,0.0,0.0
11,10.0,0.0,0.0
12,10.0,0.0,0.0
13,10.0,0.0,0.0
14,10.0,0.0,0.0
15,10.0,0.0,0.0
16,10.0,0.0,0.0
17,10.0,0.0,0.0
18,10.0,0.0,0.0
19,10.0,0.0,0.0
20,10.0,0.0,0.0
21,10.0,0.0,0.0
22,10.0,0.0,0.0
23,10.0,0.0,0.0
24,10.0,0.0,0.0
25,10.0,0.0,0.0
26,10.0,0.0,0.0
27,10.0,0.0,0.0
28,10.0,0.0,0.0
29,10.0,0.0,0.0
30,10.0,0.0,0.0
31,10.0,0.0,0.0
32,10.0,0.0,0.0
33,10.0,0.0,0.0
34,10.0,0.0,0.0
35,10.0,0.0,0.0
36,10.0,0.0,0.0
37,10.0,0.0,0.0
38,10.0,0.0,0.0
39,10.0,0.0,0.0
40,10.0,0.0,0.0
41,10.0,0.0,0.0
42,10.0,0.0,0.0
43,10.0,0.0,0.0
44,10.0,0.0,0.0
45,10.0,0.0,0.0
46,10.0,0.0,0.0
47,10.0,0.0,0.0
48,10.0,0.0,0.0
49,10.0,0.0,0.0
50,10.0,0.0,0.0
1,11.0,0.0,0.0
2,11.0,0.0,0.0
3,11.0,0.0,0.0
4,11.0,0.0,0.0
5,11.0,0.0,0.0
6,11.0,0.0,0.0
7,11.0,0.0,0.0
8,11.0,0.0,0.0
9,11.0,0.0,0.0
10,11.0,0.0,0.0
11,11.0,0.0,0.0
12,11.0,0.0,0.0
13,11.0,0.0,0.0
14,11.0,0.0,0.0
15,11.0,0.0,0.0
16,11.0,0.0,0.0
17,11.0,0.0,0.0
18,11.0,0.0,0.0
19,11.0,0.0,0.0
20,11.0,0.0,0.0
21,11.0,0.0,0.0
22,11.0,0.0,0.0
23,11.0,0.0,0.0
24,11.0,0.0,0.0
25,11.0,0.0,0.0
26,11.0,0.0,0.0
27,11.0,0.0,0.0
28,11.0,0.0,0.0
29,11.0,0.0,0.0
30,11.0,0.0,0.0
31,11.0,0.0,0.0
32,11.0,0.0,0.0
33,11.0,0.0,0.0
34,11.0,0.0,0.0
35,11.0,0.0,0.0
36,11.0,0.0,0.0
37,11.0,0.0,0.0
38,11.0,0.0,0.0
39,11.0,0.0,0.0
40,11.0,0.0,0.0
41,11.0,0.0,0.0
42,11.0,0.0,0.0
43,11.0,0.0,0.0
44,11.0,0.0,0.0
45,11.0,0.0,0.0
46,11.0,0.0,0.0
47,11.0,0.0,0.0
48,11.0,0.0,0.0
49,11.0,0.0,0.0
50,11.0,0.0,0.0
1,12.0,0.0,0.0
2,12.0,0.0,0.0
3,12.0,0.0,0.0
4,12.0,0.0,0.0
5,12.0,0.0,0.0
6,12.0,0.0,0.0
7,12.0,0.0,0.0
8,12.0,0.0,0.0
9,12.0,0.0,0.0
10,12.0,0.0,0.0
11,12.0,0.0,0.0
12,12.0,0.0,0.0
13,12.0,0.0,0.0
14,12.0,0.0,0.0
15,12.0,0.0,0.0
16,12.0,0.0,0.0
17,12.0,0.0,0.0
18,12.0,0.0,0.0
19,12.0,0.0,0.0
20,12.0,0.0,0.0
21,12.0,0.0,0.0
22,12.0,0.0,0.0
23,12.0,0.0,0.0
24,12.0,0.0,0.0
25,12.0,0.0,0.0
26,12.0,0.0,0.0
27,12.0,0.0,0.0
28,12.0,0.0,0.0
29,12.0,0.0,0.0
30,12.0,0.0,0.0
31,12.0,0.0,0.0
32,12.0,0.0,0.0
33,12.0,0.0,0.0
34,12.0,0.0,0.0
35,12.0,0.0,0.0
36,12.0,0.0,0.0
37,12.0,0.0,0.0
38,12.0,0.0,0.0
39,12.0,0.0,0.0
40,12.0,0.0,0.0
41,12.0,0.0,0.0
42,12.0,0.0,0.0
43,12.0,0.0,0.0
44,12.0,0.0,0.0
45,12.0,0.0,0.0
46,12.0,0.0,0.0
47,12.0,0.0,0.0
48,12.0,0.0,0.0
49,12.0,0.0,0.0
50,12.0,0.0,0.0
1,13.0,0.0,0.0
2,13.0,0.0,0.0
3,13.0,0.0,0.0
4,13.0,0.0,0.0
5,13.0,0.0,0.0
6,13.0,0.0,0.0
7,13.0,0.0,0.0
8,13.0,0.0,0.0
9,13.0,0.0,0.0
10,13.0,0.0,0.0
11,13.0,0.0,0.0
12,13.0,0.0,0.0
13,13.0,0.0,0.0
14,13.0,0.0,0.0
15,13.0,0.0,0.0
16,13.0,0.0,0.0
17,13.0,0.0,0.0
18,13.0,0.0,0.0
19,13.0,0.0,0.0
20,13.0,0.0,0.0
21,13.0,0.0,0.0
22,13.0,0.0,0.0
23,13.0,0.0,0.0
24,13.0,0.0,0.0
25,13.0,0.0,0.0
26,13.0,0.0,0.0
27,13.0,0.0,0.0
28,13.0,0.0,0.0
29,13.0,0.0,0.0
30,13.0,0.0,0.0
31,13.0,0.0,0.0
32,13.0,0.0,0.0
33,13.0,0.0,0.0
34,13.0,0.0,0.0
35,13.0,0.0,0.0
36,13.0,0.0,0.0
37,13.0,0.0,0.0
38,13.0,0.0,0.0
39,13.0,0.0,0.0
40,13.0,0.0,0.0
41,13.0,0.0,0.0
42,13.0,0.0,0.0
43,13.0,0.0,0.0
44,13.0,0.0,0.0
45,13.0,0.0,0.0
46,13.0,0.0,0.0
47,13.0,0.0,0.0
48,13.0,0.0,0.0
49,13.0,0.0,0.0
50,13.0,0.0,0.0
1,14.0,0.0,0.0
2,14.0,0.0,0.0
3,14.0,0.0,0.0
4,14.0,0.0,0.0
5,14.0,0.0,0.0
6,14.0,0.0,0.0
7,14.0,0.0,0.0
8,14.0,0.0,0.0
9,14.0,0.0,0.0
10,14.0,0.0,0.0
11,14.0,0.0,0.0
12,14.0,0.0,0.0
13,14.0,0.0,0.0
14,14.0,0.0,0.0
15,14.0,0.0,0.0
16,14.0,0.0,0.0
17,14.0,0.0,0.0
18,14.0,0.0,0.0
19,14.0,0.0,0.0
20,14.0,0.0,0.0
21,14.0,0.0,0.0
22,14.0,0.0,0.0
23,14.0,0.0,0.0
24,14.0,0.0,0.0
25,14.0,0.0,0.0
26,14.0,0.0,0.0
27,14.0,0.0,0.0
28,14.0,0.0,0.0
29,14.0,0.0,0.0
30,14.0,0.0,0.0
31,14.0,0.0,0.0
32,14.0,0.0,0.0
33,14.0,0.0,0.0
34,14.0,0.0,0.0
35,14.0,0.0,0.0
36,14.0,0.0,0.0
37,14.0,0.0,0.0
38,14.0,0.0,0.0
39,14.0,0.0,0.0
40,14.0,0.0,0.0
41,14.0,0.0,0.0
42,14.0,0.0,0.0
43,14.0,0.0,0.0
44,14.0,0.0,0.0
45,14.0,0.0,0.0
46,14.0,0.0,0.0
47,14.0,0.0,0.0
48,14.0,0.0,0.0
49,14.0,0.0,0.0
50,14.0,0.0,0.0
1,15.0,0.0,0.0
2,15.0,0.0,0.0
3,15.0,0.0,0.0
4,15.0,0.0,0.0
5,15.0,0.0,0.0
6,15.0,0.0,0.0
7,15.0,0.0,0.0
8,15.0,0.0,0.0
9,15.0,0.0,0.0
10,15.0,0.0,0.0
11,15.0,0.0,0.0
12,15.0,0.0,0.0
13,15.0,0.0,0.0
14,15.0,0.0,0.0
15,15.0,0.0,0.0
16,15.0,0.0,0.0
17,15.0,0.0,0.0
18,15.0,0.0,0.0
19,15.0,0.0,0.0
20,15.0,0.0,0.0
21,15.0,0.0,0.0
22,15.0,0.0,0.0
23,15.0,0.0,0.0
24,15.0,0.0,0.0
25,15.0,0.0,0.0
26,15.0,0.0,0.0
27,15.0,0.0,0.0
28,15.0,0.0,0.0
29,15.0,0.0,0.0
30,15.0,0.0,0.0
31,15.0,0.0,0.0
32,15.0,0.0,0.0
33,15.0,0.0,0.0
34,15.0,0.0,0.0
35,15.0,0.0,0.0
36,15.0,0.0,0.0
37,15.0,0.0,0.0
38,15.0,0.0,0.0
39,15.0,0.0,0.0
40,15.0,0.0,0.0
41,15.0,0.0,0.0
42,15.0,0.0,0.0
43,15.0,0.0,0.0
44,15.0,0.0,0.0
45,15.0,0.0,0.0
46,15.0,0.0,0.0
47,15.0,0.0,0.0
48,15.0,0.0,0.0
49,15.0,0.0,0.0
50,15.0,0.0,0.0
1,16.0,0.17397503057907826,0.0
2,16.0,0.03162920487498877,0.0
3,16.0,0.0945486550389959,0.0
4,16.0,0.22747320275765748,0.0
5,16.0,0.05523369945631129,0.0
6,16.0,0.03657628597113316,0.0
7,16.0,0.0,0.0
8,16.0,0.0731503874711209,0.0
9,16.0,0.0,0.0
10,16.0,0.0,0.0
11,16.0,0.017658930337890122,0.0
12,16.0,0.1537143101140631,0.0
13,16.0,0.0,0.0
14,16.0,0.08658104438819025,0.0
15,16.0,0.0,0.0
16,16.0,0.0,0.0
17,16.0,0.03054553353247369,0.0
18,16.0,0.016010369738908903,0.0
19,16.0,0.13271070990345524,0.0
20,16.0,0.007924854606861653,0.0
21,16.0,0.14319627949961156,0.0
22,16.0,0.0,0.0
23,16.0,0.2096553108643845,0.0
24,16.0,0.0488544798980014,0.0
25,16.0,0.1534389994998575,0.0
26,16.0,0.08363739806623638,0.0
27,16.0,0.0,0.0
28,16.0,0.07030200323355396,0.0
29,16.0,0.11287169803096431,0.0
30,16.0,0.0,0.0
31,16.0,0.1183013859143216,0.0
32,16.0,0.0,0.0
33,16.0,0.0,0.0
34,16.0,0.11127060728807026,0.0
35,16.0,0.0,0.0
36,16.0,0.039633251199380326,0.0
37,16.0,0.08516284682567121,0.0
38,16.0,0.0053513998833563114,0.0
39,16.0,0.12030670133558108,0.0
40,16.0,0.11947752099659137,0.0
41,16.0,0.0,0.0
42,16.0,0.05223922436293549,0.0
43,16.0,0.0,0.0
44,16.0,0.0,0.0
45,16.0,0.0,0.0
46,16.0,0.0,0.0
47,16.0,0.0,0.0
48,16.0,0.1465256878542417,0.0
49,16.0,0.0,0.0
50,16.0,0.1565738761913611,0.0
1,17.0,0.0,0.0
2,17.0,0.10353245843096703,0.0
3,17.0,0.15340086850543444,0.0
4,17.0,0.0,0.0
5,17.0,0.0,0.0
6,17.0,0.0,0.0
7,17.0,0.0,0.0
8,17.0,0.0,0.0
9,17.0,0.036353666712633625,0.0
10,17.0,0.08877176895922778,0.0
11,17.0,0.0722156292482038,0.0
12,17.0,0.0,0.0
13,17.0,0.0854120631346088,0.0
14,17.0,0.07024021466784147,0.0
15,17.0,0.0,0.0
16,17.0,0.10037028479336962,0.0
17,17.0,0.07015776593796696,0.0
18,17.0,0.0,0.0
19,17.0,0.1701026810789943,0.0
20,17.0,0.1285787487428638,0.0
21,17.0,0.0,0.0
22,17.0,0.19280538911267397,0.0
23,17.0,0.3015404817245013,0.0
24,17.0,0.015774431388342336,0.0
25,17.0,0.03575688638199315,0.0
26,17.0,0.0,0.0
27,17.0,0.07202451763727225,0.0
28,17.0,0.0,0.0
29,17.0,0.4694217076804683,0.0
30,17.0,0.0,0.0
31,17.0,0.0,0.0
32,17.0,0.0,0.0
33,17.0,0.0,0.0
34,17.0,0.041351734726081446,0.0
35,17.0,0.0,0.0
36,17.0,0.0,0.0
37,17.0,0.0,0.0
38,17.0,0.0,0.0
39,17.0,0.0,0.0
40,17.0,0.021081972287167572,0.0
41,17.0,0.0,0.0
42,17.0,0.06637585556173786,0.0
43,17.0,0.00998845828521211,0.0
44,17.0,0.04430026240104168,0.0
45,17.0,0.09244701490614315,0.0
46,17.0,0.18752669124720012,0.0
47,17.0,0.0,0.0
48,17.0,0.13201516874364128,0.0
49,17.0,0.22229830828946073,0.0
50,17.0,0.0,0.0
1,18.0,0.0,0.0
2,18.0,0.0,0.0
3,18.0,0.15136020600940392,0.0
4,18.0,0.002151009843334162,0.0
5,18.0,0.0,0.0
6,18.0,0.15349608309391072,0.0
7,18.0,0.12125305076014747,0.0
8,18.0,0.0,0.0
9,18.0,0.08628327952073611,0.0
10,18.0,0.0,0.0
11,18.0,0.03127706319080381,0.0
12,18.0,0.04620979710230211,0.0
13,18.0,0.0,0.0
14,18.0,0.13038688878151616,0.0
15,18.0,0.21440726192737392,0.0
16,18.0,0.11748004725736438,0.0
17,18.0,0.0,0.0
18,18.0,0.08829494846892816,0.0
19,18.0,0.0,0.0
20,18.0,0.0,0.0
21,18.0,0.006559134923589838,0.0
22,18.0,0.2813596030354817,0.0
23,18.0,0.2651803558482896,0.0
24,18.0,0.006320005216526203,0.0
25,18.0,0.0,0.0
26,18.0,0.06413824199260898,0.0
27,18.0,0.08499637287263873,0.0
28,18.0,0.5699911236906292,0.0
29,18.0,0.029436795842598174,0.0
30,18.0,0.0,0.0
31,18.0,0.0,0.0
32,18.0,0.10695812828860174,0.0
33,18.0,0.18686270016159656,0.0
34,18.0,0.01995589875473458,0.0
35,18.0,0.05573511370112949,0.0
36,18.0,0.2534579560305983,0.0
37,18.0,0.14709212637427682,0.0
38,18.0,0.0,0.0
39,18.0,0.0,0.0
40,18.0,0.0,0.0
41,18.0,0.1985812223686636,0.0
42,18.0,0.05234317215118722,0.0
43,18.0,0.06871790846108183,0.0
44,18.0,0.0,0.0
45,18.0,0.009502920634024581,0.0
46,18.0,0.007218356930182135,0.0
47,18.0,0.0,0.0
48,18.0,0.0,0.0
49,18.0,0.0,0.0
50,18.0,0.03132997196809473,0.0
1,19.0,0.0,0.0
2,19.0,0.0,0.0
3,19.0,0.01466022186247018,0.0
4,19.0,0.0,0.0
5,19.0,0.0,0.0
6,19.0,0.11336903943178012,0.0
7,19.0,0.013606686704434101,0.0
8,19.0,0.0312921794121348,0.0
9,19.0,0.39477393700707775,0.0
10,19.0,0.054919604483245954,0.0
11,19.0,0.1555845621936195,0.0
12,19.0,0.09520137722201161,0.0
13,19.0,0.04817780567138441,0.0
14,19.0,0.0,0.0
15,19.0,0.0,0.0
16,19.0,0.0,0.0
17,19.0,0.024771497797341002,0.0
18,19.0,0.3558098546934856,0.0
19,19.0,0.3286612083736229,0.0
20,19.0,0.031489428997955926,0.0
21,19.0,0.0,0.0
22,19.0,0.1343290911293955,0.0
23,19.0,0.0,0.0
24,19.0,0.2559018132856261,0.0
25,19.0,0.01572574737414656,0.0
26,19.0,0.0,0.0
27,19.0,0.0,0.0
28,19.0,0.12627805693467486,0.0
29,19.0,0.13756545720060387,0.0
30,19.0,0.03873392000100728,0.0
31,19.0,0.07110519759221134,0.0
32,19.0,0.0,0.0
33,19.0,0.0,0.0
34,19.0,0.11133545069139927,0.0
35,19.0,0.0,0.0
36,19.0,0.14706173718000215,0.0
37,19.0,0.0,0.0
38,19.0,0.2934916864921122,0.0
39,19.0,0.08655173970541985,0.0
40,19.0,0.06789562109209446,0.0
41,19.0,0.024789532018705596,0.0
42,19.0,0.04820100094221136,0.0
43,19.0,0.23816338011233418,0.0
44,19.0,0.0,0.0
45,19.0,0.0,0.0
46,19.0,0.0,0.0
47,19.0,0.03225882222645782,0.0
48,19.0,0.0,0.0
49,19.0,0.0,0.0
50,19.0,0.12286827628906938,0.0
1,20.0,0.2339608190223461,0.0
2,20.0,0.0,0.0
3,20.0,0.0,0.0
4,20.0,0.35516838903998826,0.0
5,20.0,0.0,0.0
6,20.0,0.19572285146883606,0.0
7,20.0,0.0,0.0
8,20.0,0.0006924386074539379,0.0
9,20.0,0.1441850075486194,0.0
10,20.0,0.057048468866827906,0.0
11,20.0,0.04058040891515502,0.0
12,20.0,0.3986355075200966,0.0
13,20.0,0.0,0.0
14,20.0,0.2958885309319257,0.0
15,20.0,0.1258067462435596,0.0
16,20.0,0.0873007209447082,0.0
17,20.0,0.0,0.0
18,20.0,0.04274348814953477,0.0
19,20.0,0.0039360178454718175,0.0
20,20.0,0.13472710977829994,0.0
21,20.0,0.0,0.0
22,20.0,0.15007019551399514,0.0
23,20.0,0.353658956988564,0.0
24,20.0,0.12706040474096603,0.0
25,20.0,0.0,0.0
26,20.0,0.1623434691824106,0.0
27,20.0,0.04035046039112744,0.0
28,20.0,0.006970986474097884,0.0
29,20.0,0.0,0.0
30,20.0,0.07080160900612908,0.0
31,20.0,0.13477261693946285,0.0
32,20.0,0.0,0.0
33,20.0,0.0,0.0
34,20.0,0.0,0.0
35,20.0,0.0,0.0
36,20.0,0.0,0.0
37,20.0,0.0,0.0
38,20.0,0.057829506591762336,0.0
39,20.0,0.12462807128516351,0.0
40,20.0,0.0699223057540258,0.0
41,20.0,0.0,0.0
42,20.0,0.24390678840316837,0.0
43,20.0,0.0,0.0
44,20.0,0.029913203553835754,0.0
45,20.0,0.03681619015071447,0.0
46,20.0,0.10006103362643926,0.0
47,20.0,0.0036279238580605444,0.0
48,20.0,0.07319573638673216,0.0
49,20.0,0.0,0.0
50,20.0,0.0,0.0
1,21.0,0.1058781917800452,0.0
2,21.0,0.0,0.0
3,21.0,0.0,0.0
4,21.0,0.09727692366645713,0.0
5,21.0,0.0,0.0
6,21.0,0.0,0.0
7,21.0,0.10985222939918793,0.0
8,21.0,0.0,0.0
9,21.0,0.0,0.0
10,21.0,0.0,0.0
11,21.0,0.0,0.0
12,21.0,0.0,0.0
13,21.0,0.17678972905840862,0.0
14,21.0,0.0,0.0
15,21.0,0.0,0.0
16,21.0,0.19675671130133054,0.0
17,21.0,0.0,0.0
18,21.0,0.2444296516926372,0.0
19,21.0,0.24329845676122053,0.0
20,21.0,0.011968744625139527,0.0
21,21.0,0.012164585646359138,0.0
22,21.0,0.1469904322850154,0.0
23,21.0,0.05094184330840468,0.0
24,21.0,0.05951607591941488,0.0
25,21.0,0.0,0.0
26,21.0,0.05806752484892075,0.0
27,21.0,0.04485693061541485,0.0
28,21.0,0.0,0.0
29,21.0,0.2186884549580047,0.0
30,21.0,0.0,0.0
31,21.0,0.18478870699445926,0.0
32,21.0,0.0,0.0
33,21.0,0.10417121430207277,0.0
34,21.0,0.0,0.0
35,21.0,0.0,0.0
36,21.0,0.0,0.0
37,21.0,0.07470530667470066,0.0
38,21.0,0.0,0.0
39,21.0,0.0,0.0
40,21.0,0.061900231739687506,0.0
41,21.0,0.0,0.0
42,21.0,0.0,0.0
43,21.0,0.0,0.0
44,21.0,0.0,0.0
45,21.0,0.0,0.0
46,21.0,0.0,0.0
47,21.0,0.3261366077310124,0.0
48,21.0,0.334471983240364,0.0
49,21.0,0.0,0.0
50,21.0,0.0,0.0
1,22.0,0.005233483464438637,0.0
2,22.0,0.0,0.0
3,22.0,0.12042505122510672,0.0
4,22.0,0.008138251564821286,0.0
5,22.0,0.0,0.0
6,22.0,0.13355021064455763,0.0
7,22.0,0.09242684752155284,0.0
8,22.0,0.0,0.0
9,22.0,0.02670591511418352,0.0
10,22.0,0.08801745008402218,0.0
11,22.0,0.0,0.0
12,22.0,0.0,0.0
13,22.0,0.0,0.0
14,22.0,0.0,0.0
15,22.0,0.07126612287918832,0.0
16,22.0,0.09276863378399924,0.0
17,22.0,0.08314589597253752,0.0
18,22.0,0.0,0.0
19,22.0,0.1567301400500677,0.0
20,22.0,0.0,0.0
21,22.0,0.0,0.0
22,22.0,0.0,0.0
23,22.0,0.0,0.0
24,22.0,0.4946543261629285,0.0
25,22.0,0.008533258452904091,0.0
26,22.0,0.0,0.0
27,22.0,0.04603817477318428,0.0
28,22.0,0.0,0.0
29,22.0,0.0,0.0
30,22.0,0.0,0.0
31,22.0,0.16602506228433145,0.0
32,22.0,0.13490292632703849,0.0
33,22.0,0.0,0.0
34,22.0,0.0,0.0
35,22.0,0.0,0.0
36,22.0,0.0935603911930355,0.0
37,22.0,0.1895062090441103,0.0
38,22.0,0.0,0.0
39,22.0,0.06545369173655735,0.0
40,22.0,0.03964717476301982,0.0
41,22.0,0.11838416001185581,0.0
42,22.0,0.0,0.0
43,22.0,0.0,0.0
44,22.0,0.0,0.0
45,22.0,0.0,0.0
46,22.0,0.023744028791489735,0.0
47,22.0,0.0,0.0
48,22.0,0.0,0.0
49,22.0,0.05010514701198476,0.0
50,22.0,0.36504394534920315,0.0
1,23.0,0.2583176341072845,0.0
2,23.0,0.0,0.0
3,23.0,0.0,0.0
4,23.0,0.0,0.0
5,23.0,0.0,0.0
6,23.0,0.4283486605627561,0.0
7,23.0,0.0,0.0
8,23.0,0.05485773622464307,0.0
9,23.0,0.0,0.0
10,23.0,0.0,0.0
11,23.0,0.258446863117902,0.0
12,23.0,0.0,0.0
13,23.0,0.0,0.0
14,23.0,0.0,0.0
15,23.0,0.0,0.0
16,23.0,0.0,0.0
17,23.0,0.05094559360669104,0.0
18,23.0,0.0,0.0
19,23.0,0.0,0.0
20,23.0,0.0,0.0
21,23.0,0.0,0.0
22,23.0,0.0,0.0
23,23.0,0.02912380511316537,0.0
24,23.0,0.36654545276538264,0.0
25,23.0,0.2586344634430321,0.0
26,23.0,0.10208589845896865,0.0
27,23.0,0.0,0.0
28,23.0,0.0,0.0
29,23.0,0.0,0.0
30,23.0,0.04076583715125459,0.0
31,23.0,0.19349882812558783,0.0
32,23.0,0.0,0.0
33,23.0,0.0006453662676616512,0.0
34,23.0,0.0,0.0
35,23.0,0.11188860214540852,0.0
36,23.0,0.09889155671487038,0.0
37,23.0,0.07105525958643444,0.0
38,23.0,0.0,0.0
39,23.0,0.0,0.0
40,23.0,0.020591752242718808,0.0
41,23.0,0.0582596087000411,0.0
42,23.0,0.003760695688218685,0.0
43,23.0,0.20096287314590267,0.0
44,23.0,0.0,0.0
45,23.0,0.0,0.0
46,23.0,0.0,0.0
47,23.0,0.2659550202031341,0.0
48,23.0,0.030570083782397117,0.0
49,23.0,0.0,0.0
50,23.0,0.270401234594571,0.0
1,24.0,0.0,0.0
2,24.0,0.021750716303720052,0.0
3,24.0,0.0,0.0
4,24.0,0.0,0.0
5,24.0,0.0,0.0
6,24.0,0.07664886431924034,0.0
7,24.0,0.0,0.0
8,24.0,0.0,0.0
9,24.0,0.0,0.0
10,24.0,0.0,0.0
11,24.0,0.0,0.0
12,24.0,0.10873095325714888,0.0
13,24.0,0.0,0.0
14,24.0,0.0,0.0
15,24.0,0.0,0.0
16,24.0,0.08110550975285535,0.0
17,24.0,0.0,0.0
18,24.0,0.0,0.0
19,24.0,0.0,0.0
20,24.0,0.0,0.0
21,24.0,0.01926569049147986,0.0
22,24.0,0.0,0.0
23,24.0,0.46978214472097835,0.0
24,24.0,0.0,0.0
25,24.0,0.10232540287282255,0.0
26,24.0,0.0,0.0
27,24.0,0.32654714767075965,0.0
28,24.0,0.0,0.0
29,24.0,0.0,0.0
30,24.0,0.00030208339060056044,0.0
31,24.0,0.012706865072302231,0.0
32,24.0,0.03609431674148866,0.0
33,24.0,0.019545903178818547,0.0
34,24.0,0.0979305862460006,0.0
35,24.0,0.0,0.0
36,24.0,0.08820794047316505,0.0
37,24.0,0.0,0.0
38,24.0,0.0,0.0
39,24.0,0.06769080824936757,0.0
40,24.0,0.061061771827267686,0.0
41,24.0,0.07959560385091391,0.0
42,24.0,0.0034685866445536284,0.0
43,24.0,0.1459115088003512,0.0
44,24.0,0.044344622411748746,0.0
45,24.0,0.33707796646815424,0.0
46,24.0,0.08922614164537601,0.0
47,24.0,0.09107160094656275,0.0
48,24.0,0.045790494051223374,0.0
49,24.0,0.0,0.0
50,24.0,0.0,0.0
1,25.0,0.06894476932112548,0.0
2,25.0,0.0,0.0
3,25.0,0.0,0.0
4,25.0,0.0074346978443001754,0.0
5,25.0,0.08634147477732668,0.0
6,25.0,0.0,0.0
7,25.0,0.0,0.0
8,25.0,0.1493057975918347,0.0
9,25.0,0.17496701639982792,0.0
10,25.0,0.006834610585963685,0.0
11,25.0,0.14367940302946003,0.0
12,25.0,0.002938506949513142,0.0
13,25.0,0.0,0.0
14,25.0,0.15758880192387847,0.0
15,25.0,0.3770427854372088,0.0
16,25.0,0.12572500339415238,0.0
17,25.0,0.24737628868280237,0.0
18,25.0,0.0,0.0
19,25.0,0.00657520310655646,0.0
20,25.0,0.0,0.0
21,25.0,0.06700271316979545,0.0
22,25.0,0.0,0.0
23,25.0,0.52440202108924,0.0
24,25.0,0.0,0.0
25,25.0,0.0,0.0
26,25.0,0.05874432881345282,0.0
27,25.0,0.3895480826440485,0.0
28,25.0,0.0,0.0
29,25.0,0.009059813852756116,0.0
30,25.0,0.0,0.0
31,25.0,0.042299996120407024,0.0
32,25.0,0.0,0.0
33,25.0,0.13317506957568515,0.0
34,25.0,0.0,0.0
35,25.0,0.0,0.0
36,25.0,0.0,0.0
37,25.0,0.011068382767095764,0.0
38,25.0,0.0,0.0
39,25.0,2.4713489120364862e-05,0.0
40,25.0,0.30625896607774405,0.0
41,25.0,0.08233492996387992,0.0
42,25.0,0.052939117218887555,0.0
43,25.0,0.19490937090279659,0.0
44,25.0,0.0,0.0
45,25.0,0.0,0.0
46,25.0,0.0,0.0
47,25.0,0.0,0.0
48,25.0,0.0,0.0
49,25.0,0.0,0.0
50,25.0,0.1052252874892734,0.0
1,26.0,0.0,0.0
2,26.0,0.05162593799871851,0.0
3,26.0,0.0,0.0
4,26.0,0.04515172921275934,0.0
5,26.0,0.2529003439869696,0.0
6,26.0,0.0,0.0
7,26.0,0.04115113596086373,0.0
8,26.0,0.012398594775414717,0.0
9,26.0,0.06482105525097726,0.0
10,26.0,0.0,0.0
11,26.0,0.10136897932634348,0.0
12,26.0,0.0,0.0
13,26.0,0.0,0.0
14,26.0,0.0,0.0
15,26.0,0.0,0.0
16,26.0,0.0,0.0
17,26.0,0.516998180447084,0.0
18,26.0,0.12883412150073315,0.0
19,26.0,0.15838514065189402,0.0
20,26.0,0.0,0.0
21,26.0,0.1186655092439115,0.0
22,26.0,0.0,0.0
23,26.0,0.0924556757820324,0.0
24,26.0,0.21481788627036313,0.0
25,26.0,0.0,0.0
26,26.0,0.054267296226950035,0.0
27,26.0,0.0,0.0
28,26.0,0.05608138205882729,0.0
29,26.0,0.20881116440303937,0.0
30,26.0,0.0,0.0
31,26.0,0.0,0.0
32,26.0,0.0,0.0
33,26.0,0.0,0.0
34,26.0,0.15764149418195128,0.0
35,26.0,0.016534084503198154,0.0
36,26.0,0.0,0.0
37,26.0,0.0,0.0
38,26.0,0.0,0.0
39,26.0,0.1201499388343531,0.0
40,26.0,0.0,0.0
41,26.0,0.04654945284124956,0.0
42,26.0,0.1576523120204455,0.0
43,26.0,0.0,0.0
44,26.0,0.0,0.0
45,26.0,0.05058947249527079,0.0
46,26.0,0.021567615359965098,0.0
47,26.0,0.01300548324793116,0.0
48,26.0,0.17074739268244676,0.0
49,26.0,0.1099427762960109,0.0
50,26.0,0.0,0.0
1,27.0,0.09487711456262626,0.0
2,27.0,0.0,0.0
3,27.0,0.12749948203964623,0.0
4,27.0,0.0,0.0
5,27.0,0.17073556563384396,0.0
6,27.0,0.39788348388800554,0.0
7,27.0,0.0,0.0
8,27.0,0.058485420398706744,0.0
9,27.0,0.014794923004436744,0.0
10,27.0,0.0,0.0
11,27.0,0.11958507752638026,0.0
12,27.0,0.0,0.0
13,27.0,0.0,0.0
14,27.0,0.0,0.0
15,27.0,0.06796439155437795,0.0
16,27.0,0.0,0.0
17,27.0,0.22727566992567805,0.0
18,27.0,0.0,0.0
19,27.0,0.2199922769050885,0.0
20,27.0,0.21106444536484137,0.0
21,27.0,0.0,0.0
22,27.0,0.0,0.0
23,27.0,0.0,0.0
24,27.0,0.12130874401140268,0.0
25,27.0,0.0,0.0
26,27.0,0.0,0.0
27,27.0,0.1794929348495895,0.0
28,27.0,0.0,0.0
29,27.0,0.28677483021403505,0.0
30,27.0,0.0,0.0
31,27.0,0.0,0.0
32,27.0,0.0,0.0
33,27.0,0.0,0.0
34,27.0,0.29529539109639513,0.0
35,27.0,0.0,0.0
36,27.0,0.03387770587954486,0.0
37,27.0,0.0,0.0
38,27.0,0.0,0.0
39,27.0,0.0,0.0
40,27.0,0.0,0.0
41,27.0,0.0,0.0
42,27.0,0.0,0.0
43,27.0,0.0,0.0
44,27.0,0.0,0.0
45,27.0,0.06635016117375614,0.0
46,27.0,0.0,0.0
47,27.0,0.1865440952611317,0.0
48,27.0,0.12543272616150758,0.0
49,27.0,0.10813330374984198,0.0
50,27.0,0.22672046834898285,0.0
1,28.0,0.0,0.0
2,28.0,0.01610262257179762,0.0
3,28.0,0.0,0.0
4,28.0,0.0,0.0
5,28.0,0.0,0.0
6,28.0,0.0,0.0
7,28.0,0.0,0.0
8,28.0,0.0,0.0
9,28.0,0.0,0.0
10,28.0,0.0,0.0
11,28.0,0.0,0.0
12,28.0,0.05790262835341342,0.0
13,28.0,0.0,0.0
14,28.0,0.15019309909489342,0.0
15,28.0,0.3655256657577952,0.0
16,28.0,0.0,0.0
17,28.0,0.07360495424505131,0.0
18,28.0,0.013865180940047184,0.0
19,28.0,0.007166775852558538,0.0
20,28.0,0.0448185719302141,0.0
21,28.0,0.09322570779169626,0.0
22,28.0,0.0,0.0
23,28.0,0.0,0.0
24,28.0,0.0,0.0
25,28.0,0.07168338791779827,0.0
26,28.0,0.0,0.0
27,28.0,0.2672050471366154,0.0
28,28.0,0.0,0.0
29,28.0,0.0,0.0
30,28.0,0.0,0.0
31,28.0,0.2885333997360767,0.0
32,28.0,0.0,0.0
33,28.0,0.10860781782179119,0.0
34,28.0,0.0,0.0
35,28.0,0.0,0.0
36,28.0,0.0,0.0
37,28.0,0.0,0.0
38,28.0,0.15868388518694387,0.0
39,28.0,0.0,0.0
40,28.0,0.1499630803942401,0.0
41,28.0,0.32394586231590217,0.0
42,28.0,0.0,0.0
43,28.0,7.873989103812651e-05,0.0
44,28.0,0.15033341314908488,0.0
45,28.0,0.0,0.0
46,28.0,0.0,0.0
47,28.0,0.0,0.0
48,28.0,0.0,0.0
49,28.0,0.06824270113840514,0.0
50,28.0,0.040003840570746685,0.0
1,29.0,0.0,0.0
2,29.0,0.0,0.0
3,29.0,0.0,0.0
4,29.0,0.0,0.0
5,29.0,0.0,0.0
6,29.0,0.0,0.0
7,29.0,0.0,0.0
8,29.0,0.0,0.0
9,29.0,0.025450666804798905,0.0
10,29.0,0.0,0.0
11,29.0,0.01224002526497514,0.0
12,29.0,0.0,0.0
13,29.0,0.0,0.0
14,29.0,0.0,0.0
15,29.0,0.1847409392640893,0.0
16,29.0,0.0,0.0
17,29.0,0.0,0.0
18,29.0,0.0,0.0
19,29.0,0.0,0.0
20,29.0,0.0,0.0
21,29.0,0.2617232922002818,0.0
22,29.0,0.0,0.0
23,29.0,0.34342559746708057,0.0
24,29.0,0.22579761767036455,0.0
25,29.0,0.0,0.0
26,29.0,0.0,0.0
27,29.0,0.0,0.0
28,29.0,0.02130137269835375,0.0
29,29.0,0.11110335271405236,0.0
30,29.0,0.09080101068101432,0.0
31,29.0,0.0,0.0
32,29.0,0.17103447796940296,0.0
33,29.0,0.2816974253047264,0.0
34,29.0,0.35968928320880955,0.0
35,29.0,0.0025168012462546407,0.0
36,29.0,0.21724531727216756,0.0
37,29.0,0.059153714377110256,0.0
38,29.0,0.0,0.0
39,29.0,0.0,0.0
40,29.0,0.0,0.0
41,29.0,0.18887551872352015,0.0
42,29.0,0.0,0.0
43,29.0,0.08270484915349308,0.0
44,29.0,0.0,0.0
45,29.0,0.006422431645667692,0.0
46,29.0,0.040368305015581085,0.0
47,29.0,0.1510227885014659,0.0
48,29.0,0.0,0.0
49,29.0,0.03923905884513801,0.0
50,29.0,0.057208125290422074,0.0
1,30.0,0.6213914209037479,0.0
2,30.0,0.04531872517683022,0.0
3,30.0,0.06232905342522976,0.0
4,30.0,0.08270230585800242,0.0
5,30.0,0.0,0.0
6,30.0,0.20121145512940053,0.0
7,30.0,0.2129852044757614,0.0
8,30.0,0.0,0.0
9,30.0,0.08522041650719403,0.0
10,30.0,0.0,0.0
11,30.0,0.17389984606446784,0.0
12,30.0,0.31532396225173187,0.0
13,30.0,0.055768381492441566,0.0
14,30.0,0.0,0.0
15,30.0,0.028569109076553967,0.0
16,30.0,0.0,0.0
17,30.0,0.0,0.0
18,30.0,0.19723955225368917,0.0
19,30.0,0.0,0.0
20,30.0,0.0,0.0
21,30.0,0.0,0.0
22,30.0,0.0,0.0
23,30.0,0.3725505105325466,0.0
24,30.0,0.036112952814014054,0.0
25,30.0,0.0,0.0
26,30.0,0.0,0.0
27,30.0,0.09956921739274327,0.0
28,30.0,0.0,0.0
29,30.0,0.0,0.0
30,30.0,0.053675285366201586,0.0
31,30.0,0.0,0.0
32,30.0,0.0,0.0
33,30.0,0.0,0.0
34,30.0,0.10084217114611083,0.0
35,30.0,0.7015614891843667,0.0
36,30.0,0.0,0.0
37,30.0,0.03243933140954336,0.0
38,30.0,0.4455357478170474,0.0
39,30.0,0.0,0.0
40,30.0,0.30430526248406375,0.0
41,30.0,0.4183821294485556,0.0
42,30.0,0.10400286491125288,0.0
43,30.0,0.0,0.0
44,30.0,0.0,0.0
45,30.0,0.06424927298505323,0.0
46,30.0,0.13311513410223352,0.0
47,30.0,0.0,0.0
48,30.0,0.07331826149108611,0.0
49,30.0,0.06628317586430765,0.0
50,30.0,0.0,0.0
1,31.0,0.3067578418101444,0.0
2,31.0,0.04971853067898446,0.0
3,31.0,0.060934483069766454,0.0
4,31.0,0.0,0.0
5,31.0,0.37854496191811904,0.0
6,31.0,0.15159717036472908,0.0
7,31.0,0.0,0.0
8,31.0,0.0,0.0
9,31.0,0.20633230719906726,0.0
10,31.0,0.10531122248728542,0.0
11,31.0,0.0,0.0
12,31.0,0.0,0.0
13,31.0,0.36480209884640846,0.0
14,31.0,0.0,0.0
15,31.0,0.0,0.0
16,31.0,0.0,0.0
17,31.0,0.07642988122492445,0.0
18,31.0,0.0,0.0
19,31.0,0.2051936170510017,0.0
20,31.0,0.0,0.0
21,31.0,0.0,0.0
22,31.0,0.06049770739595095,0.0
23,31.0,0.0,0.0
24,31.0,0.002058162789921769,0.0
25,31.0,0.1322997824372536,0.0
26,31.0,0.10991105136681245,0.0
27,31.0,0.0042252234381202625,0.0
28,31.0,0.25314748085915395,0.0
29,31.0,0.0,0.0
30,31.0,0.0,0.0
31,31.0,0.11864540073440066,0.0
32,31.0,0.1482318366798484,0.0
33,31.0,0.033053507339331656,0.0
34,31.0,0.0,0.0
35,31.0,0.17273745577614086,0.0
36,31.0,0.0,0.0
37,31.0,0.0,0.0
38,31.0,0.0,0.0
39,31.0,0.0,0.0
40,31.0,0.03398314362662602,0.0
41,31.0,0.18879577566455163,0.0
42,31.0,0.0252292164603658,0.0
43,31.0,0.11261897394289966,0.0
44,31.0,0.0,0.0
45,31.0,0.0,0.0
46,31.0,0.0,0.0
47,31.0,0.0,0.0
48,31.0,0.0,0.0
49,31.0,0.10593407201126881,0.0
50,31.0,0.0,0.0
1,32.0,0.0,0.0
2,32.0,0.0,0.0
3,32.0,0.0,0.0
4,32.0,0.012654627635489968,0.0
5,32.0,0.03498399710009492,0.0
6,32.0,0.23513559545698848,0.0
7,32.0,0.0,0.0
8,32.0,0.07867267557444124,0.0
9,32.0,0.30949046686019044,0.0
10,32.0,0.05240882496990107,0.0
11,32.0,0.1593190806481456,0.0
12,32.0,0.0,0.0
13,32.0,0.0,0.0
14,32.0,0.13271439732598722,0.0
15,32.0,0.0,0.0
16,32.0,0.0,0.0
17,32.0,0.0,0.0
18,32.0,0.0,0.0
19,32.0,0.0,0.0
20,32.0,0.0006875520597591223,0.0
21,32.0,0.0,0.0
22,32.0,0.25823321804933874,0.0
23,32.0,0.03301664190873932,0.0
24,32.0,0.0,0.0
25,32.0,0.2877124795928371,0.0
26,32.0,0.0,0.0
27,32.0,0.0,0.0
28,32.0,0.0341217515224711,0.0
29,32.0,0.0,0.0
30,32.0,0.0,0.0
31,32.0,0.0,0.0
32,32.0,0.0,0.0
33,32.0,0.0,0.0
34,32.0,0.14708037898441606,0.0
35,32.0,0.11073747868232964,0.0
36,32.0,0.008303952658928138,0.0
37,32.0,0.0,0.0
38,32.0,0.2204856721213183,0.0
39,32.0,0.08009623532788157,0.0
40,32.0,0.0,0.0
41,32.0,0.0664677469211129,0.0
42,32.0,0.08643916145665975,0.0
43,32.0,0.0,0.0
44,32.0,0.0,0.0
45,32.0,0.3310801289667663,0.0
46,32.0,0.0,0.0
47,32.0,0.053055149761601306,0.0
48,32.0,0.0,0.0
49,32.0,0.0,0.0
50,32.0,0.15750774290300118,0.0
1,33.0,0.0,0.0
2,33.0,0.0,0.0
3,33.0,0.0,0.0
4,33.0,0.0,0.0
5,33.0,0.22440873730389466,0.0
6,33.0,0.0,0.0
7,33.0,0.0,0.0
8,33.0,0.0,0.0
9,33.0,0.05956693001159419,0.0
10,33.0,0.0,0.0
11,33.0,0.0,0.0
12,33.0,0.20074204538070994,0.0
13,33.0,0.03186682149211262,0.0
14,33.0,0.0,0.0
15,33.0,0.0,0.0
16,33.0,0.12692115352943278,0.0
17,33.0,0.37249547072827727,0.0
18,33.0,0.3523013574941438,0.0
19,33.0,0.06088875512191172,0.0
20,33.0,0.0,0.0
21,33.0,0.08485536425863582,0.0
22,33.0,0.0,0.0
23,33.0,0.0,0.0
24,33.0,0.0,0.0
25,33.0,0.0,0.0
26,33.0,0.05087654935386077,0.0
27,33.0,0.0,0.0
28,33.0,0.1483845280969689,0.0
29,33.0,0.016156169304318735,0.0
30,33.0,0.0,0.0
31,33.0,0.0,0.0
32,33.0,0.0,0.0
33,33.0,0.013714189904812435,0.0
34,33.0,0.2856566278963406,0.0
35,33.0,0.004714401755585684,0.0
36,33.0,0.020005233571769976,0.0
37,33.0,0.0,0.0
38,33.0,0.0,0.0
39,33.0,0.0,0.0
40,33.0,0.06371087451306556,0.0
41,33.0,0.20920160704511748,0.0
42,33.0,0.1638902830315605,0.0
43,33.0,0.1555877951089394,0.0
44,33.0,0.0,0.0
45,33.0,0.039465784324096975,0.0
46,33.0,0.0,0.0
47,33.0,0.0,0.0
48,33.0,0.36652707198745105,0.0
49,33.0,0.0,0.0
50,33.0,0.0,0.0
1,34.0,0.22111765905280634,0.0
2,34.0,0.34402359423777573,0.0
3,34.0,0.35480854390841954,0.0
4,34.0,0.0,0.0
5,34.0,0.0,0.0
6,34.0,0.0,0.0
7,34.0,0.008879926034577545,0.0
8,34.0,0.014162087796328549,0.0
9,34.0,0.09585810741283263,0.0
10,34.0,0.0553072345547968,0.0
11,34.0,0.0874999022901034,0.0
12,34.0,0.0,0.0
13,34.0,0.0,0.0
14,34.0,0.13909530591281782,0.0
15,34.0,0.0,0.0
16,34.0,0.13074760088894155,0.0
17,34.0,0.0,0.0
18,34.0,0.08896802282247085,0.0
19,34.0,0.2342671585774403,0.0
20,34.0,0.19540347822464987,0.0
21,34.0,0.21571160689025337,0.0
22,34.0,0.08692948829856739,0.0
23,34.0,0.0,0.0
24,34.0,0.12462380245169613,0.0
25,34.0,0.0,0.0
26,34.0,0.1246213025660986,0.0
27,34.0,0.18674660255329822,0.0
28,34.0,0.0,0.0
29,34.0,0.0,0.0
30,34.0,2.801343757552477e-05,0.0
31,34.0,0.028630823359668822,0.0
32,34.0,0.0,0.0
33,34.0,0.24388650256200495,0.0
34,34.0,0.0,0.0
35,34.0,0.0,0.0
36,34.0,0.12088963476959247,0.0
37,34.0,0.0,0.0
38,34.0,0.0,0.0
39,34.0,0.2579780386767646,0.0
40,34.0,0.0,0.0
41,34.0,0.0,0.0
42,34.0,0.0,0.0
43,34.0,0.05322413243735746,0.0
44,34.0,0.0,0.0
45,34.0,0.0,0.0
46,34.0,0.0,0.0
47,34.0,0.12256402196281602,0.0
48,34.0,0.06608317762086402,0.0
49,34.0,0.05290453113974991,0.0
50,34.0,0.0,0.0
1,35.0,0.0,0.0
2,35.0,0.13135515696872835,0.0
3,35.0,0.3358016727009968,0.0
4,35.0,0.0,0.0
5,35.0,0.0,0.0
6,35.0,0.16659633335574475,0.0
7,35.0,0.06626945384311933,0.0
8,35.0,0.0,0.0
9,35.0,0.04179318698026813,0.0
10,35.0,0.0,0.0
11,35.0,0.0,0.0
12,35.0,0.0,0.0
13,35.0,0.0,0.0
14,35.0,0.2515666878996581,0.0
15,35.0,0.09558910074286109,0.0
16,35.0,0.3888512532906089,0.0
17,35.0,0.0,0.0
18,35.0,0.0,0.0
19,35.0,0.0,0.0
20,35.0,0.01155402223047719,0.0
21,35.0,0.014036892947498658,0.0
22,35.0,0.0,0.0
23,35.0,0.06598891334840273,0.0
24,35.0,0.18523313211333547,0.0
25,35.0,0.0,0.0
26,35.0,0.0,0.0
27,35.0,0.0,0.0
28,35.0,0.0,0.0
29,35.0,0.06002906965812904,0.0
30,35.0,0.0,0.0
31,35.0,0.1633422166487165,0.0
32,35.0,0.2757668565857976,0.0
33,35.0,0.2018382544384314,0.0
34,35.0,0.11184171516397068,0.0
35,35.0,0.10238940069807012,0.0
36,35.0,0.2451602205022524,0.0
37,35.0,0.0,0.0
38,35.0,0.2190588455827721,0.0
39,35.0,0.0,0.0
40,35.0,0.0,0.0
41,35.0,0.0,0.0
42,35.0,0.06338316202601635,0.0
43,35.0,0.04297609748381659,0.0
44,35.0,0.22805022590765345,0.0
45,35.0,0.1780807267681943,0.0
46,35.0,0.0,0.0
47,35.0,0.0,0.0
48,35.0,0.0,0.0
49,35.0,0.07185665512819284,0.0
50,35.0,0.0,0.0
1,36.0,0.21939356351436523,0.0
2,36.0,0.008845799584267011,0.0
3,36.0,0.08169704288224744,0.0
4,36.0,0.04667234422810007,0.0
5,36.0,0.0,0.0
6,36.0,0.04373892841097815,0.0
7,36.0,0.0,0.0
8,36.0,0.0,0.0
9,36.0,0.0,0.0
10,36.0,0.0,0.0
11,36.0,0.0,0.0
12,36.0,0.0,0.0
13,36.0,0.0,0.0
14,36.0,0.02283407528489423,0.0
15,36.0,0.034406471338382816,0.0
16,36.0,0.03398741250906101,0.0
17,36.0,0.13861231549322928,0.0
18,36.0,0.06269342718143112,0.0
19,36.0,0.007869530539392988,0.0
20,36.0,0.0,0.0
21,36.0,0.10559783243773146,0.0
22,36.0,0.0,0.0
23,36.0,0.2421733301161073,0.0
24,36.0,0.0,0.0
25,36.0,0.14064435819374643,0.0
26,36.0,0.0,0.0
27,36.0,0.14043148759679103,0.0
28,36.0,0.0,0.0
29,36.0,0.0,0.0
30,36.0,0.32909726974181863,0.0
31,36.0,0.12689006836017724,0.0
32,36.0,0.0,0.0
33,36.0,0.0,0.0
34,36.0,0.0,0.0
35,36.0,0.0,0.0
36,36.0,0.15619883779122068,0.0
37,36.0,0.0,0.0
38,36.0,0.0,0.0
39,36.0,0.07763407200310013,0.0
40,36.0,0.0,0.0
41,36.0,0.05611384994361668,0.0
42,36.0,0.13509476687656485,0.0
43,36.0,0.39376969303102916,0.0
44,36.0,0.0032664478887708404,0.0
45,36.0,0.0,0.0
46,36.0,0.28703980277733976,0.0
47,36.0,0.0,0.0
48,36.0,0.09914165076309378,0.0
49,36.0,0.07188173852813451,0.0
50,36.0,0.0,0.0
1,37.0,0.0,0.0
2,37.0,0.0,0.0
3,37.0,0.0,0.0
4,37.0,0.0,0.0
5,37.0,0.13925449265852852,0.0
6,37.0,0.06661275340694084,0.0
7,37.0,0.15248697747764528,0.0
8,37.0,0.10247054755236229,0.0
9,37.0,0.0,0.0
10,37.0,0.0,0.0
11,37.0,0.0,0.0
12,37.0,0.09749274073474412,0.0
13,37.0,0.1597389909120679,0.0
14,37.0,0.0,0.0
15,37.0,0.16369825829116214,0.0
16,37.0,0.08151019460386999,0.0
17,37.0,0.0483285701715821,0.0
18,37.0,0.1367116980845986,0.0
19,37.0,0.03816703926195919,0.0
20,37.0,0.0,0.0
21,37.0,0.0,0.0
22,37.0,0.0,0.0
23,37.0,0.15358072848305016,0.0
24,37.0,0.0,0.0
25,37.0,0.34618623214253685,0.0
26,37.0,0.014669402591753866,0.0
27,37.0,0.0,0.0
28,37.0,0.23594783320275114,0.0
29,37.0,0.0,0.0
30,37.0,0.0,0.0
31,37.0,0.0,0.0
32,37.0,0.0,0.0
33,37.0,0.0,0.0
34,37.0,0.10001689160479676,0.0
35,37.0,0.14241083201100035,0.0
36,37.0,0.0,0.0
37,37.0,0.04792690021185542,0.0
38,37.0,0.13246463070040038,0.0
39,37.0,0.0,0.0
40,37.0,0.07490825328778772,0.0
41,37.0,0.0,0.0
42,37.0,0.07699680851800861,0.0
43,37.0,0.0,0.0
44,37.0,0.09055966869345922,0.0
45,37.0,0.0,0.0
46,37.0,0.5049481300883092,0.0
47,37.0,0.0,0.0
48,37.0,0.0,0.0
49,37.0,0.0,0.0
50,37.0,0.04778229555495872,0.0
1,38.0,0.0,0.0
2,38.0,0.13428520937929722,0.0
3,38.0,0.09976758212787296,0.0
4,38.0,0.0,0.0
5,38.0,0.1073571308531478,0.0
6,38.0,0.0,0.0
7,38.0,0.0,0.0
8,38.0,0.11896945690626459,0.0
9,38.0,0.20980065587431096,0.0
10,38.0,0.0,0.0
11,38.0,0.397000088677247,0.0
12,38.0,0.016357380466597515,0.0
13,38.0,0.020330767921027615,0.0
14,38.0,0.1399224195140517,0.0
15,38.0,0.0,0.0
16,38.0,0.08660411665071688,0.0
17,38.0,0.0,0.0
18,38.0,0.21135342873623797,0.0
19,38.0,0.0,0.0
20,38.0,0.0,0.0
21,38.0,0.0,0.0
22,38.0,0.006531933464098083,0.0
23,38.0,0.0,0.0
24,38.0,0.0,0.0
25,38.0,0.0,0.0
26,38.0,0.0,0.0
27,38.0,0.137240170165836,0.0
28,38.0,0.050471613509060376,0.0
29,38.0,0.2471909621090126,0.0
30,38.0,0.0,0.0
31,38.0,0.01899428362916744,0.0
32,38.0,0.0,0.0
33,38.0,0.115910688415929,0.0
34,38.0,0.0003199420364600192,0.0
35,38.0,0.0,0.0
36,38.0,0.23938730071786818,0.0
37,38.0,0.24374771448602373,0.0
38,38.0,0.22176995394569898,0.0
39,38.0,0.0,0.0
40,38.0,0.0,0.0
41,38.0,0.026840303109267327,0.0
42,38.0,0.1476756491741077,0.0
43,38.0,0.0,0.0
44,38.0,0.01241382963962323,0.0
45,38.0,0.0,0.0
46,38.0,0.033674780549029615,0.0
47,38.0,0.0,0.0
48,38.0,0.23799956962818414,0.0
49,38.0,0.0,0.0
50,38.0,0.1368809626154016,0.0
1,39.0,0.05477307123680941,0.0
2,39.0,0.0,0.0
3,39.0,0.0,0.0
4,39.0,0.0,0.0
5,39.0,0.0,0.0
6,39.0,0.0,0.0
7,39.0,0.0,0.0
8,39.0,0.0,0.0
9,39.0,0.0,0.0
10,39.0,0.0,0.0
11,39.0,0.3907534138291754,0.0
12,39.0,0.02598330688261108,0.0
13,39.0,0.0,0.0
14,39.0,0.0,0.0
15,39.0,0.0,0.0
16,39.0,0.016383309509493404,0.0
17,39.0,0.0413460923514688,0.0
18,39.0,0.06385657957981772,0.0
19,39.0,0.0008125891979350319,0.0
20,39.0,0.1131394743920674,0.0
21,39.0,0.24641210859545337,0.0
22,39.0,0.0,0.0
23,39.0,0.0,0.0
24,39.0,0.0,0.0
25,39.0,0.0,0.0
26,39.0,0.0,0.0
27,39.0,0.0,0.0
28,39.0,0.301790919164897,0.0
29,39.0,0.0,0.0
30,39.0,0.14447206138104918,0.0
31,39.0,0.0,0.0
32,39.0,0.0,0.0
33,39.0,0.4126207967171224,0.0
34,39.0,0.0,0.0
35,39.0,0.1289569475693365,0.0
36,39.0,0.0,0.0
37,39.0,0.442879578620313,0.0
38,39.0,0.055379607922121044,0.0
39,39.0,0.0,0.0
40,39.0,0.0,0.0
41,39.0,0.027904939967507092,0.0
42,39.0,0.15745826030077148,0.0
43,39.0,0.11684019867428896,0.0
44,39.0,0.014395400133766278,0.0
45,39.0,0.0,0.0
46,39.0,0.0,0.0
47,39.0,0.0,0.0
48,39.0,0.0,0.0
49,39.0,0.0950029889448657,0.0
50,39.0,0.0,0.0
1,40.0,0.0019213413231154997,0.0
2,40.0,0.0,0.0
3,40.0,0.0,0.0
4,40.0,0.0,0.0
5,40.0,0.0,0.0
6,40.0,0.0,0.0
7,40.0,0.0,0.0
8,40.0,0.009977679181783494,0.0
9,40.0,0.12476091516470633,0.0
10,40.0,0.0,0.0
11,40.0,0.0,0.0
12,40.0,0.0,0.0
13,40.0,0.0,0.0
14,40.0,0.011221110420395308,0.0
15,40.0,0.08542431502910741,0.0
16,40.0,0.0,0.0
17,40.0,0.0,0.0
18,40.0,0.11266846847914536,0.0
19,40.0,0.0,0.0
20,40.0,0.11250712072476088,0.0
21,40.0,0.11866791828489487,0.0
22,40.0,0.4105480561426791,0.0
23,40.0,0.12159918084904275,0.0
24,40.0,0.02481164422909976,0.0
25,40.0,0.0,0.0
26,40.0,0.02261837273863576,0.0
27,40.0,0.16630920378780367,0.0
28,40.0,0.2705845095349191,0.0
29,40.0,0.0,0.0
30,40.0,0.0,0.0
31,40.0,0.0,0.0
32,40.0,0.07781059381829492,0.0
33,40.0,0.01546292876151889,0.0
34,40.0,0.0,0.0
35,40.0,0.23444809413071832,0.0
36,40.0,0.15556082342901,0.0
37,40.0,0.6083132963381208,0.0
38,40.0,0.02969761462182996,0.0
39,40.0,0.5248305225461549,0.0
40,40.0,0.0,0.0
41,40.0,0.0,0.0
42,40.0,0.0,0.0
43,40.0,0.0,0.0
44,40.0,0.0,0.0
45,40.0,0.0,0.0
46,40.0,0.0,0.0
47,40.0,0.0,0.0
48,40.0,0.0,0.0
49,40.0,0.1132027194762989,0.0
50,40.0,0.018392760011028964,0.0
1,41.0,0.1288252169389429,0.0
2,41.0,0.0,0.0
3,41.0,0.003782481178750352,0.0
4,41.0,0.06716157386629062,0.0
5,41.0,0.0,0.0
6,41.0,0.0,0.0
7,41.0,0.13170106092359601,0.0
8,41.0,0.0,0.0
9,41.0,0.0,0.0
10,41.0,0.0,0.0
11,41.0,0.0893964515038379,0.0
12,41.0,0.20290650990486814,0.0
13,41.0,0.0,0.0
14,41.0,0.027967455304465982,0.0
15,41.0,0.0,0.0
16,41.0,0.01813363962792125,0.0
17,41.0,0.0,0.0
18,41.0,0.19774048829966662,0.0
19,41.0,0.0,0.0
20,41.0,0.0,0.0
21,41.0,0.22718749192757703,0.0
22,41.0,0.0896431493209171,0.0
23,41.0,0.0,0.0
24,41.0,0.0,0.0
25,41.0,0.0,0.0
26,41.0,0.0,0.0
27,41.0,0.12250482151435949,0.0
28,41.0,0.0,0.0
29,41.0,0.06129608711856549,0.0
30,41.0,0.18872997767113786,0.0
31,41.0,0.1839422744812862,0.0
32,41.0,0.0,0.0
33,41.0,0.0,0.0
34,41.0,0.2811501809741467,0.0
35,41.0,0.0,0.0
36,41.0,0.2876170924496756,0.0
37,41.0,0.0,0.0
38,41.0,0.0,0.0
39,41.0,0.2812489015805869,0.0
40,41.0,0.016400202057942792,0.0
41,41.0,0.0,0.0
42,41.0,0.0,0.0
43,41.0,0.032315344622525166,0.0
44,41.0,0.0,0.0
45,41.0,0.30387754218901786,0.0
46,41.0,0.15900264683668275,0.0
47,41.0,0.0,0.0
48,41.0,0.13406529348823204,0.0
49,41.0,0.09498115113094197,0.0
50,41.0,0.08372276485275754,0.0
1,42.0,0.2687261305020817,0.0
2,42.0,0.09731020972984339,0.0
3,42.0,0.021874877818032656,0.0
4,42.0,0.0,0.0
5,42.0,0.0,0.0
6,42.0,0.0,0.0
7,42.0,0.004908605897432805,0.0
8,42.0,0.0,0.0
9,42.0,0.0,0.0
10,42.0,0.00943038263617857,0.0
11,42.0,0.30395656829600215,0.0
12,42.0,0.0,0.0
13,42.0,0.0,0.0
14,42.0,0.337021270310196,0.0
15,42.0,0.0,0.0
16,42.0,0.08154934210761255,0.0
17,42.0,0.0,0.0
18,42.0,0.14357719238574052,0.0
19,42.0,0.010856615633375033,0.0
20,42.0,0.37212312213463705,0.0
21,42.0,0.04947232487768194,0.0
22,42.0,0.0,0.0
23,42.0,0.0,0.0
24,42.0,0.0,0.0
25,42.0,0.08789172010136492,0.0
26,42.0,0.0,0.0
27,42.0,0.0,0.0
28,42.0,0.0,0.0
29,42.0,0.0,0.0
30,42.0,0.0,0.0
31,42.0,0.002405090115890407,0.0
32,42.0,0.015092587275350677,0.0
33,42.0,0.0434618680845098,0.0
34,42.0,0.05932198998272442,0.0
35,42.0,0.07336848644992933,0.0
36,42.0,0.0,0.0
37,42.0,0.07647179164457363,0.0
38,42.0,0.03709984367208141,0.0
39,42.0,0.160246788664404,0.0
40,42.0,0.05820541266968493,0.0
41,42.0,0.45644452080920084,0.0
42,42.0,0.0,0.0
43,42.0,0.10749310623451136,0.0
44,42.0,0.003986281775040901,0.0
45,42.0,0.0,0.0
46,42.0,0.06452921514695575,0.0
47,42.0,0.0,0.0
48,42.0,0.3236139458159625,0.0
49,42.0,0.0,0.0
50,42.0,0.0,0.0
1,43.0,0.0,0.0
2,43.0,0.2846593753183959,0.0
3,43.0,0.0,0.0
4,43.0,0.0,0.0
5,43.0,0.14093507002019168,0.0
6,43.0,0.0,0.0
7,43.0,0.0,0.0
8,43.0,0.0,0.0
9,43.0,0.0,0.0
10,43.0,0.25330420693011124,0.0
11,43.0,0.0,0.0
12,43.0,0.016231948989171796,0.0
13,43.0,0.0,0.0
14,43.0,0.0,0.0
15,43.0,0.21754598661971947,0.0
16,43.0,0.1157998298082551,0.0
17,43.0,0.0,0.0
18,43.0,0.0,0.0
19,43.0,0.0,0.0
20,43.0,0.0,0.0
21,43.0,0.06032395320626682,0.0
22,43.0,0.11442775208784384,0.0
23,43.0,0.021624143491726033,0.0
24,43.0,0.0,0.0
25,43.0,0.04164751432051195,0.0
26,43.0,0.0,0.0
27,43.0,0.0,0.0
28,43.0,0.0,0.0
29,43.0,0.0,0.0
30,43.0,0.04599235047890138,0.0
31,43.0,0.0,0.0
32,43.0,0.0,0.0
33,43.0,0.09965339533723738,0.0
34,43.0,0.0,0.0
35,43.0,0.19362713703604995,0.0
36,43.0,0.0,0.0
37,43.0,0.0,0.0
38,43.0,0.30977943437046673,0.0
39,43.0,0.0,0.0
40,43.0,0.0,0.0
41,43.0,0.0,0.0
42,43.0,0.0,0.0
43,43.0,0.0,0.0
44,43.0,0.0,0.0
45,43.0,0.32879004824937086,0.0
46,43.0,0.05129011884180712,0.0
47,43.0,0.0,0.0
48,43.0,0.09138355218438077,0.0
49,43.0,0.0,0.0
50,43.0,0.21240166126366533,0.0
1,44.0,0.0,0.0
2,44.0,0.18140519346268558,0.0
3,44.0,0.0,0.0
4,44.0,0.13712183395135435,0.0
5,44.0,0.11030615849176495,0.0
6,44.0,0.0,0.0
7,44.0,0.0,0.0
8,44.0,0.0,0.0
9,44.0,0.29576126094013044,0.0
10,44.0,0.0,0.0
11,44.0,0.0,0.0
12,44.0,0.0,0.0
13,44.0,0.0,0.0
14,44.0,0.007756177573638334,0.0
15,44.0,0.0,0.0
16,44.0,0.08098151456147551,0.0
17,44.0,0.07850593681879903,0.0
18,44.0,0.088188368552232,0.0
19,44.0,0.0,0.0
20,44.0,0.0,0.0
21,44.0,0.0,0.0
22,44.0,0.036183312171085835,0.0
23,44.0,0.05202143492600286,0.0
24,44.0,0.0,0.0
25,44.0,0.2374982436012486,0.0
26,44.0,0.0,0.0
27,44.0,0.0,0.0
28,44.0,0.0,0.0
29,44.0,0.0,0.0
30,44.0,0.0,0.0
31,44.0,0.0,0.0
32,44.0,0.0,0.0
33,44.0,0.3104030811950448,0.0
34,44.0,0.0,0.0
35,44.0,0.105665470151876,0.0
36,44.0,0.029301639803756996,0.0
37,44.0,0.0,0.0
38,44.0,0.08910647387379311,0.0
39,44.0,0.0,0.0
40,44.0,0.0,0.0
41,44.0,0.024218482296255117,0.0
42,44.0,0.0,0.0
43,44.0,0.0,0.0
44,44.0,0.17649981058557596,0.0
45,44.0,0.0,0.0
46,44.0,0.18983483485879893,0.0
47,44.0,0.16874041572793141,0.0
48,44.0,0.0,0.0
49,44.0,0.05531971178665307,0.0
50,44.0,0.09544471344259842,0.0
1,45.0,0.0,0.0
2,45.0,0.1535081545176319,0.0
3,45.0,0.0,0.0
4,45.0,0.0,0.0
5,45.0,0.09914118279090589,0.0
6,45.0,0.0,0.0
7,45.0,0.0,0.0
8,45.0,0.006301458217153111,0.0
9,45.0,0.17661900793849017,0.0
10,45.0,0.0,0.0
11,45.0,0.0,0.0
12,45.0,0.1348262394664833,0.0
13,45.0,0.0,0.0
14,45.0,0.0,0.0
15,45.0,0.1283528024608679,0.0
16,45.0,0.17179034380212832,0.0
17,45.0,0.017696377317605094,0.0
18,45.0,0.15662594154542497,0.0
19,45.0,0.18707441678726755,0.0
20,45.0,0.06164705324650843,0.0
21,45.0,0.05208674302051508,0.0
22,45.0,0.15289443238852696,0.0
23,45.0,0.030564142927851368,0.0
24,45.0,0.14215799594608458,0.0
25,45.0,0.007566388109032762,0.0
26,45.0,0.1747924749289983,0.0
27,45.0,0.0,0.0
28,45.0,0.105328540238808,0.0
29,45.0,0.0,0.0
30,45.0,0.0,0.0
31,45.0,0.0,0.0
32,45.0,0.0,0.0
33,45.0,0.0,0.0
34,45.0,0.2529579317265759,0.0
35,45.0,0.0,0.0
36,45.0,0.034615389677389086,0.0
37,45.0,0.0,0.0
38,45.0,0.11158054310121335,0.0
39,45.0,0.0,0.0
40,45.0,0.05093787707285724,0.0
41,45.0,0.08071797487046173,0.0
42,45.0,0.004918217332515962,0.0
43,45.0,0.07712464300879174,0.0
44,45.0,0.0,0.0
45,45.0,0.014730292786642729,0.0
46,45.0,0.013858200257105824,0.0
47,45.0,0.0,0.0
48,45.0,0.0,0.0
49,45.0,0.15902485279554845,0.0
50,45.0,0.2981013254885282,0.0
1,46.0,0.0,0.0
2,46.0,0.0,0.0
3,46.0,0.0,0.0
4,46.0,0.5522606992015477,0.0
5,46.0,0.3280068621340674,0.0
6,46.0,0.0,0.0
7,46.0,0.17458022690487707,0.0
8,46.0,0.0,0.0
9,46.0,0.0,0.0
10,46.0,0.0,0.0
11,46.0,0.004881167989411073,0.0
12,46.0,0.0,0.0
13,46.0,0.015029164898742176,0.0
14,46.0,0.0,0.0
15,46.0,0.23109985597774196,0.0
16,46.0,0.0,0.0
17,46.0,0.27389672418597566,0.0
18,46.0,0.0,0.0
19,46.0,0.138981898204664,0.0
20,46.0,0.0,0.0
21,46.0,0.0,0.0
22,46.0,0.0,0.0
23,46.0,0.017286907806962515,0.0
24,46.0,0.007960848156805644,0.0
25,46.0,0.0,0.0
26,46.0,0.0,0.0
27,46.0,0.0,0.0
28,46.0,0.13138831159997655,0.0
29,46.0,0.29844780649271896,0.0
30,46.0,0.16621540663561307,0.0
31,46.0,0.23072316154434036,0.0
32,46.0,0.10105542631040898,0.0
33,46.0,0.0,0.0
34,46.0,0.11093602803497482,0.0
35,46.0,0.0,0.0
36,46.0,0.0,0.0
37,46.0,0.0,0.0
38,46.0,0.0,0.0
39,46.0,0.012248722973851822,0.0
40,46.0,0.14931411617826007,0.0
41,46.0,0.0,0.0
42,46.0,0.0,0.0
43,46.0,0.0,0.0
44,46.0,0.0,0.0
45,46.0,0.0,0.0
46,46.0,0.23097369352835162,0.0
47,46.0,0.0,0.0
48,46.0,0.20628771299004411,0.0
49,46.0,0.0,0.0
50,46.0,0.04151148084593881,0.0
1,47.0,0.10887917813018688,0.0
2,47.0,0.0,0.0
3,47.0,0.0,0.0
4,47.0,0.018309614014501707,0.0
5,47.0,0.03126816445056069,0.0
6,47.0,0.048788783016748494,0.0
7,47.0,0.0,0.0
8,47.0,0.0,0.0
9,47.0,0.0,0.0
10,47.0,0.002848686473797546,0.0
11,47.0,0.0,0.0
12,47.0,0.33321052330877576,0.0
13,47.0,0.0,0.0
14,47.0,0.015909776821513177,0.0
15,47.0,0.25765321347813175,0.0
16,47.0,0.0,0.0
17,47.0,0.0,0.0
18,47.0,0.0,0.0
19,47.0,0.16518122863541418,0.0
20,47.0,0.0,0.0
21,47.0,0.2202829990903692,0.0
22,47.0,0.0,0.0
23,47.0,0.07541217384199095,0.0
24,47.0,0.0,0.0
25,47.0,0.0,0.0
26,47.0,0.0,0.0
27,47.0,0.2434290260294638,0.0
28,47.0,0.032930983818216464,0.0
29,47.0,0.0071497971792851,0.0
30,47.0,0.31467532302496304,0.0
31,47.0,0.46987661579939355,0.0
32,47.0,0.0,0.0
33,47.0,0.0,0.0
34,47.0,0.0,0.0
35,47.0,0.08598237228025551,0.0
36,47.0,0.0,0.0
37,47.0,0.011307457839396462,0.0
38,47.0,0.0,0.0
39,47.0,0.0,0.0
40,47.0,0.0,0.0
41,47.0,0.0,0.0
42,47.0,0.05948230670759991,0.0
43,47.0,0.0,0.0
44,47.0,0.0,0.0
45,47.0,0.07984178804295317,0.0
46,47.0,0.01859350054174902,0.0
47,47.0,0.0,0.0
48,47.0,0.0,0.0
49,47.0,0.020831448780648687,0.0
50,47.0,0.11489014382102924,0.0
1,48.0,0.0,0.0
2,48.0,0.0,0.0
3,48.0,0.0,0.0
4,48.0,0.04947126585409922,0.0
5,48.0,0.0683573881456695,0.0
6,48.0,0.09847912936946701,0.0
7,48.0,0.02496305822586098,0.0
8,48.0,0.09626590812462255,0.0
9,48.0,0.0,0.0
10,48.0,0.06637334568306674,0.0
11,48.0,0.0,0.0
12,48.0,0.10074045660722608,0.0
13,48.0,0.08179624541088981,0.0
14,48.0,0.20590123691756979,0.0
15,48.0,0.3570710418932086,0.0
16,48.0,0.0,0.0
17,48.0,0.0,0.0
18,48.0,0.016852528662423483,0.0
19,48.0,0.0,0.0
20,48.0,0.05159785656608007,0.0
21,48.0,0.25453419636466257,0.0
22,48.0,0.0,0.0
23,48.0,0.0,0.0
24,48.0,0.06394010849277543,0.0
25,48.0,0.0,0.0
26,48.0,0.0,0.0
27,48.0,0.20153141741391722,0.0
28,48.0,0.0,0.0
29,48.0,0.0,0.0
30,48.0,0.002977069236180685,0.0
31,48.0,0.0,0.0
32,48.0,0.028399125413840265,0.0
33,48.0,0.0,0.0
34,48.0,0.030156501347049947,0.0
35,48.0,0.004774342456154157,0.0
36,48.0,0.0,0.0
37,48.0,0.14390411352508847,0.0
38,48.0,0.0,0.0
39,48.0,0.0,0.0
40,48.0,0.2746408873096352,0.0
41,48.0,0.0,0.0
42,48.0,0.0,0.0
43,48.0,0.0,0.0
44,48.0,0.0,0.0
45,48.0,0.04130744715153589,0.0
46,48.0,0.006496454381112016,0.0
47,48.0,0.2474769092854967,0.0
48,48.0,0.0037976940908194257,0.0
49,48.0,0.0,0.0
50,48.0,0.07236053923048891,0.0
1,49.0,0.0,0.0
2,49.0,0.1451093223044978,0.0
3,49.0,0.10622286941568015,0.0
4,49.0,0.0,0.0
5,49.0,0.16121012055231443,0.0
6,49.0,0.0,0.0
7,49.0,0.20222575096008277,0.0
8,49.0,0.0,0.0
9,49.0,0.10952338994478228,0.0
10,49.0,0.03459117758400543,0.0
11,49.0,0.0,0.0
12,49.0,0.0,0.0
13,49.0,0.0,0.0
14,49.0,0.02488421715031519,0.0
15,49.0,0.0,0.0
16,49.0,0.0,0.0
17,49.0,0.0,0.0
18,49.0,0.0,0.0
19,49.0,0.00027299822573401133,0.0
20,49.0,0.0,0.0
21,49.0,0.07360249475528435,0.0
22,49.0,0.0,0.0
23,49.0,0.0,0.0
24,49.0,0.0,0.0
25,49.0,0.0,0.0
26,49.0,0.0,0.0
27,49.0,0.06703566533327698,0.0
28,49.0,0.0,0.0
29,49.0,0.0,0.0
30,49.0,0.0,0.0
31,49.0,0.041158228277210274,0.0
32,49.0,0.02760877137079698,0.0
33,49.0,0.0,0.0
34,49.0,0.05284564186826601,0.0
35,49.0,0.0748628489463572,0.0
36,49.0,0.0,0.0
37,49.0,0.1033619131118646,0.0
38,49.0,0.187782110082941,0.0
39,49.0,0.06286169351770154,0.0
40,49.0,0.2983442304182885,0.0
41,49.0,0.0,0.0
42,49.0,0.0,0.0
43,49.0,0.0,0.0
44,49.0,0.0,0.0
45,49.0,0.0,0.0
46,49.0,0.0,0.0
47,49.0,0.11782081568998559,0.0
48,49.0,0.22441624040286823,0.0
49,49.0,0.0,0.0
50,49.0,0.0,0.0
1,50.0,0.0,0.0
2,50.0,0.07660816281850291,0.0
3,50.0,0.1377532098142673,0.0
4,50.0,0.0,0.0
5,50.0,0.10747920045922954,0.0
6,50.0,0.2894239405185355,0.0
7,50.0,0.11993244404953973,0.0
8,50.0,0.0,0.0
9,50.0,0.1350464256780517,0.0
10,50.0,0.0,0.0
11,50.0,0.0,0.0
12,50.0,0.0,0.0
13,50.0,0.2957631528318899,0.0
14,50.0,0.006173949610656981,0.0
15,50.0,0.10827336731072279,0.0
16,50.0,0.13142206426432368,0.0
17,50.0,0.07412342763303992,0.0
18,50.0,0.0,0.0
19,50.0,0.06001848491602857,0.0
20,50.0,0.0,0.0
21,50.0,0.061070017483695005,0.0
22,50.0,0.0,0.0
23,50.0,0.0,0.0
24,50.0,0.0,0.0
25,50.0,0.0,0.0
26,50.0,0.0,0.0
27,50.0,0.0,0.0
28,50.0,0.035729122606412034,0.0
29,50.0,0.0,0.0
30,50.0,0.2967051837681819,0.0
31,50.0,0.14568776191866684,0.0
32,50.0,0.0,0.0
33,50.0,0.020606422947385128,0.0
34,50.0,0.0,0.0
35,50.0,0.0,0.0
36,50.0,0.022701765823760156,0.0
37,50.0,0.0,0.0
38,50.0,0.0,0.0
39,50.0,0.0,0.0
40,50.0,0.0,0.0
41,50.0,0.24816792475909633,0.0
42,50.0,0.0,0.0
43,50.0,0.0,0.0
44,50.0,0.0,0.0
45,50.0,0.06764330357470394,0.0
46,50.0,0.06823869645398206,0.0
47,50.0,0.0,0.0
48,50.0,0.0,0.0
49,50.0,0.0,0.0
50,50.0,0.15635209677850304,0.0
1,51.0,0.0,0.0
2,51.0,0.0,0.0
3,51.0,0.09456001677505077,0.0
4,51.0,0.3109227462700743,0.0
5,51.0,0.018053219419542854,0.0
6,51.0,0.0,0.0
7,51.0,0.0,0.0
8,51.0,0.0,0.0
9,51.0,0.0,0.0
10,51.0,0.0,0.0
11,51.0,0.18209151317938022,0.0
12,51.0,0.17042278453604998,0.0
13,51.0,0.0,0.0
14,51.0,0.0,0.0
15,51.0,0.0,0.0
16,51.0,0.03078411523946789,0.0
17,51.0,0.29606372453091023,0.0
18,51.0,0.0,0.0
19,51.0,0.0,0.0
20,51.0,0.005069305027349591,0.0
21,51.0,0.1506758761824324,0.0
22,51.0,0.0015987883407888592,0.0
23,51.0,0.04119243073716394,0.0
24,51.0,0.0,0.0
25,51.0,0.0,0.0
26,51.0,0.0,0.0
27,51.0,0.0,0.0
28,51.0,0.0,0.0
29,51.0,0.33532601457430056,0.0
30,51.0,0.11445556014439118,0.0
31,51.0,0.22306939015224758,0.0
32,51.0,0.1276567414751265,0.0
33,51.0,0.0,0.0
34,51.0,0.0,0.0
35,51.0,0.030624540011885415,0.0
36,51.0,0.0,0.0
37,51.0,0.16728840081925922,0.0
38,51.0,0.0,0.0
39,51.0,0.0,0.0
40,51.0,0.40284153682848545,0.0
41,51.0,0.0,0.0
42,51.0,0.01945638048312759,0.0
43,51.0,0.0,0.0
44,51.0,0.17846471428272248,0.0
45,51.0,0.0,0.0
46,51.0,0.0,0.0
47,51.0,0.0,0.0
48,51.0,0.013629665429372939,0.0
49,51.0,0.0,0.0
50,51.0,0.0,0.0
1,52.0,0.0,0.0
2,52.0,0.05199830927999016,0.0
3,52.0,0.057729727930547536,0.0
4,52.0,0.07540028076238625,0.0
5,52.0,0.111678439881425,0.0
6,52.0,0.017131071215603533,0.0
7,52.0,0.0,0.0
8,52.0,0.0,0.0
9,52.0,0.0,0.0
10,52.0,0.06936259258909483,0.0
11,52.0,0.1945500320432788,0.0
12,52.0,0.0,0.0
13,52.0,0.12165743114074845,0.0
14,52.0,0.0,0.0
15,52.0,0.0,0.0
16,52.0,0.15823427483989916,0.0
17,52.0,0.0,0.0
18,52.0,0.0,0.0
19,52.0,0.15151546592605392,0.0
20,52.0,0.1771215405239509,0.0
21,52.0,0.19373616925010917,0.0
22,52.0,0.0,0.0
23,52.0,0.0,0.0
24,52.0,0.0,0.0
25,52.0,0.05861902271055719,0.0
26,52.0,0.0,0.0
27,52.0,0.0,0.0
28,52.0,0.0,0.0
29,52.0,0.3943781879146516,0.0
30,52.0,0.0,0.0
31,52.0,0.0,0.0
32,52.0,0.0,0.0
33,52.0,0.0,0.0
34,52.0,0.0,0.0
35,52.0,0.026864260692829878,0.0
36,52.0,0.0,0.0
37,52.0,0.0,0.0
38,52.0,0.0,0.0
39,52.0,0.015034510817122482,0.0
40,52.0,0.12728075983060083,0.0
41,52.0,0.0,0.0
42,52.0,0.023087287044381677,0.0
43,52.0,0.0,0.0
44,52.0,0.0063811769706162424,0.0
45,52.0,0.09031860770012756,0.0
46,52.0,0.16211604836297888,0.0
47,52.0,0.0,0.0
48,52.0,0.03805192798581003,0.0
49,52.0,0.35246635891998557,0.0
50,52.0,0.04066236987250149,0.0
1,53.0,0.2519944606374138,0.0
2,53.0,0.0,0.0
3,53.0,0.0,0.0
4,53.0,0.12044853301493263,0.0
5,53.0,0.0,0.0
6,53.0,0.0,0.0
7,53.0,0.0,0.0
8,53.0,0.12773361905347635,0.0
9,53.0,0.0,0.0
10,53.0,0.0,0.0
11,53.0,0.0,0.0
12,53.0,0.0,0.0
13,53.0,0.0,0.0
14,53.0,0.09149088656034787,0.0
15,53.0,0.09940951935973652,0.0
16,53.0,0.026952026963729447,0.0
17,53.0,0.0,0.0
18,53.0,0.0,0.0
19,53.0,0.0,0.0
20,53.0,0.20535361304382305,0.0
21,53.0,0.0,0.0
22,53.0,0.0,0.0
23,53.0,0.0,0.0
24,53.0,0.0,0.0
25,53.0,0.06960355143688635,0.0
26,53.0,0.0,0.0
27,53.0,0.21416785311415532,0.0
28,53.0,0.09610527488304221,0.0
29,53.0,0.0,0.0
30,53.0,0.1304523417094412,0.0
31,53.0,0.0,0.0
32,53.0,0.0,0.0
33,53.0,0.14363371912812006,0.0
34,53.0,0.0,0.0
35,53.0,0.0,0.0
36,53.0,0.032208991073878646,0.0
37,53.0,0.0,0.0
38,53.0,0.04446656991862463,0.0
39,53.0,0.03241479483717746,0.0
40,53.0,0.005553378634988504,0.0
41,53.0,0.0,0.0
42,53.0,0.43288036558548615,0.0
43,53.0,0.194490541349697,0.0
44,53.0,0.1934226848384577,0.0
45,53.0,0.0,0.0
46,53.0,0.0,0.0
47,53.0,0.0,0.0
48,53.0,0.0,0.0
49,53.0,0.0,0.0
50,53.0,0.40050107095658694,0.0
1,54.0,0.0009260621128547308,0.0
2,54.0,0.0,0.0
3,54.0,0.07512023928062406,0.0
4,54.0,0.012591850642325486,0.0
5,54.0,0.2175244697251587,0.0
6,54.0,0.0,0.0
7,54.0,0.05953822224455907,0.0
8,54.0,0.016791786707379575,0.0
9,54.0,0.0,0.0
10,54.0,0.02971403149699814,0.0
11,54.0,0.0,0.0
12,54.0,0.07287620611013534,0.0
13,54.0,0.54967399224307,0.0
14,54.0,0.20583533490617967,0.0
15,54.0,0.0,0.0
16,54.0,0.0,0.0
17,54.0,0.0,0.0
18,54.0,0.011608316365377624,0.0
19,54.0,0.20667982414367225,0.0
20,54.0,0.0,0.0
21,54.0,0.0,0.0
22,54.0,0.05764764940946443,0.0
23,54.0,0.05766106498151924,0.0
24,54.0,0.06547512001237987,0.0
25,54.0,0.10227818103917874,0.0
26,54.0,0.1277173646311992,0.0
27,54.0,0.0,0.0
28,54.0,0.0,0.0
29,54.0,0.0,0.0
30,54.0,0.0,0.0
31,54.0,0.0,0.0
32,54.0,0.0,0.0
33,54.0,0.013175836076614433,0.0
34,54.0,0.0,0.0
35,54.0,0.27563599756350154,0.0
36,54.0,0.0,0.0
37,54.0,0.0,0.0
38,54.0,0.07487783143582916,0.0
39,54.0,0.059175223274849365,0.0
40,54.0,0.15015603052503257,0.0
41,54.0,0.0,0.0
42,54.0,0.1650489761592091,0.0
43,54.0,0.0,0.0
44,54.0,0.16301476811482063,0.0
45,54.0,0.0,0.0
46,54.0,0.0,0.0
47,54.0,0.0,0.0
48,54.0,0.2628233744198487,0.0
49,54.0,0.16262398130572242,0.0
50,54.0,0.11519282615493953,0.0
1,55.0,0.07009858146996506,0.0
2,55.0,0.0,0.0
3,55.0,0.12710378753421248,0.0
4,55.0,0.0,0.0
5,55.0,0.06673074500236187,0.0
6,55.0,0.014828288095719344,0.0
7,55.0,0.0,0.0
8,55.0,0.02848977035458833,0.0
9,55.0,0.0,0.0
10,55.0,0.2791300699409974,0.0
11,55.0,0.0,0.0
12,55.0,0.08132723662231556,0.0
13,55.0,0.5257281173672033,0.0
14,55.0,0.0320738150347335,0.0
15,55.0,0.17016953074048824,0.0
16,55.0,0.1587319632350509,0.0
17,55.0,0.03105482879018051,0.0
18,55.0,0.0,0.0
19,55.0,0.0,0.0
20,55.0,0.0,0.0
21,55.0,0.0,0.0
22,55.0,0.0,0.0
23,55.0,0.0,0.0
24,55.0,0.2650702599282492,0.0
25,55.0,0.0,0.0
26,55.0,0.0,0.0
27,55.0,0.0,0.0
28,55.0,0.0419455871328579,0.0
29,55.0,0.0,0.0
30,55.0,0.007077429091264409,0.0
31,55.0,0.024235085687960733,0.0
32,55.0,0.0,0.0
33,55.0,0.32367990990983897,0.0
34,55.0,0.0,0.0
35,55.0,0.0,0.0
36,55.0,0.12884025650486852,0.0
37,55.0,0.14392675207092653,0.0
38,55.0,0.0,0.0
39,55.0,0.07420202946287424,0.0
40,55.0,0.0,0.0
41,55.0,0.0,0.0
42,55.0,0.2169246105756082,0.0
43,55.0,0.04536882160760691,0.0
44,55.0,0.04726987432609797,0.0
45,55.0,0.0,0.0
46,55.0,0.0,0.0
47,55.0,0.0,0.0
48,55.0,0.002710420506484179,0.0
49,55.0,0.10127959589988778,0.0
50,55.0,0.11554934457565302,0.0
1,56.0,0.0,0.0
2,56.0,0.0,0.0
3,56.0,0.0,0.0
4,56.0,0.07431126240689123,0.0
5,56.0,0.03516851359832862,0.0
6,56.0,0.0,0.0
7,56.0,0.0,0.0
8,56.0,0.0,0.0
9,56.0,0.0,0.0
10,56.0,0.0,0.0
11,56.0,0.00963867344608449,0.0
12,56.0,0.0,0.0
13,56.0,0.05107514002093472,0.0
14,56.0,0.2307462604909769,0.0
15,56.0,0.20851427757089613,0.0
16,56.0,0.09790568441908043,0.0
17,56.0,0.22238147792375196,0.0
18,56.0,0.0,0.0
19,56.0,0.0,0.0
20,56.0,0.0,0.0
21,56.0,0.13687764469501518,0.0
22,56.0,0.00449024274384513,0.0
23,56.0,0.0,0.0
24,56.0,0.0,0.0
25,56.0,0.0,0.0
26,56.0,0.0,0.0
27,56.0,0.09292003048214148,0.0
28,56.0,0.3592512249575307,0.0
29,56.0,0.2167944896062758,0.0
30,56.0,0.0814507357505464,0.0
31,56.0,0.025120176491733037,0.0
32,56.0,0.0,0.0
33,56.0,0.2505990293263789,0.0
34,56.0,0.0,0.0
35,56.0,0.01623572272257756,0.0
36,56.0,0.0,0.0
37,56.0,0.0,0.0
38,56.0,0.0,0.0
39,56.0,0.17727591069184923,0.0
40,56.0,0.136220274385231,0.0
41,56.0,0.0,0.0
42,56.0,0.0,0.0
43,56.0,0.1212911330462797,0.0
44,56.0,0.0,0.0
45,56.0,0.0,0.0
46,56.0,0.21523618197465944,0.0
47,56.0,0.016038079135927252,0.0
48,56.0,0.12516735306272153,0.0
49,56.0,0.0,0.0
50,56.0,0.0,0.0
1,57.0,0.0,0.0
2,57.0,0.0,0.0
3,57.0,0.0,0.0
4,57.0,0.0,0.0
5,57.0,0.0,0.0
6,57.0,0.0,0.0
7,57.0,0.0017660670163183179,0.0
8,57.0,0.0632922880982788,0.0
9,57.0,0.16319985539037907,0.0
10,57.0,0.01832996403367837,0.0
11,57.0,0.09118069728717915,0.0
12,57.0,0.0,0.0
13,57.0,0.21563629195230893,0.0
14,57.0,0.0,0.0
15,57.0,0.0,0.0
16,57.0,0.0,0.0
17,57.0,0.0,0.0
18,57.0,0.14944164189627795,0.0
19,57.0,0.0,0.0
20,57.0,0.0,0.0
21,57.0,0.07291611126534736,0.0
22,57.0,0.03596252777685749,0.0
23,57.0,0.0,0.0
24,57.0,0.0,0.0
25,57.0,0.11012468943722886,0.0
26,57.0,0.5738412149932386,0.0
27,57.0,0.23678067680754644,0.0
28,57.0,0.27047553013137215,0.0
29,57.0,0.22497374321989339,0.0
30,57.0,0.1423228695763462,0.0
31,57.0,0.3251639441964427,0.0
32,57.0,0.12031547681666843,0.0
33,57.0,0.0,0.0
34,57.0,0.0,0.0
35,57.0,0.0,0.0
36,57.0,0.0,0.0
37,57.0,0.09920035880184719,0.0
38,57.0,0.03820184069760524,0.0
39,57.0,0.0,0.0
40,57.0,0.1505804561724522,0.0
41,57.0,0.004184621677962519,0.0
42,57.0,0.0846546095448466,0.0
43,57.0,0.0,0.0
44,57.0,0.0,0.0
45,57.0,0.1757647143284563,0.0
46,57.0,0.3267579664914907,0.0
47,57.0,0.0,0.0
48,57.0,0.0,0.0
49,57.0,0.0,0.0
50,57.0,0.015559680673657206,0.0
1,58.0,0.02103817538647601,0.0
2,58.0,0.007581799415493307,0.0
3,58.0,0.0,0.0
4,58.0,0.10866591925395541,0.0
5,58.0,0.0,0.0
6,58.0,0.0,0.0
7,58.0,0.0,0.0
8,58.0,0.06835556432983025,0.0
9,58.0,0.29364252823916304,0.0
10,58.0,0.0,0.0
11,58.0,0.0,0.0
12,58.0,0.1266834661030274,0.0
13,58.0,0.0,0.0
14,58.0,0.00559208022405322,0.0
15,58.0,0.0,0.0
16,58.0,0.11095677170781681,0.0
17,58.0,0.0,0.0
18,58.0,0.0018810737284303825,0.0
19,58.0,0.30094153830341286,0.0
20,58.0,0.30811205043793255,0.0
21,58.0,0.0,0.0
22,58.0,0.11029652622095687,0.0
23,58.0,0.1258127922325748,0.0
24,58.0,0.0,0.0
25,58.0,0.0,0.0
26,58.0,0.016442073500615995,0.0
27,58.0,0.0,0.0
28,58.0,0.0,0.0
29,58.0,0.0,0.0
30,58.0,0.1475879496644945,0.0
31,58.0,0.03292381491742391,0.0
32,58.0,0.0,0.0
33,58.0,0.0,0.0
34,58.0,0.0,0.0
35,58.0,0.18378967164390636,0.0
36,58.0,0.23676025884679275,0.0
37,58.0,0.0,0.0
38,58.0,0.004747088957498535,0.0
39,58.0,0.0,0.0
40,58.0,0.10120990988656153,0.0
41,58.0,0.055411741476934506,0.0
42,58.0,0.010721109112745153,0.0
43,58.0,0.0,0.0
44,58.0,0.0,0.0
45,58.0,0.03850462428004375,0.0
46,58.0,0.0,0.0
47,58.0,0.0,0.0
48,58.0,0.0,0.0
49,58.0,0.001302575474010581,0.0
50,58.0,0.0,0.0
1,59.0,0.0,0.0
2,59.0,0.0,0.0
3,59.0,0.0,0.0
4,59.0,0.1524945719501266,0.0
5,59.0,0.48339647277501885,0.0
6,59.0,0.4019656632937697,0.0
7,59.0,0.0,0.0
8,59.0,0.08685017229093317,0.0
9,59.0,0.05862914257336149,0.0
10,59.0,0.0,0.0
11,59.0,0.19649871303463062,0.0
12,59.0,0.0,0.0
13,59.0,0.21945008127122023,0.0
14,59.0,0.09898500156245604,0.0
15,59.0,0.19473000636878046,0.0
16,59.0,0.1033244531707942,0.0
17,59.0,0.0,0.0
18,59.0,0.0,0.0
19,59.0,0.0,0.0
20,59.0,0.21388146782104522,0.0
21,59.0,0.06363533867664317,0.0
22,59.0,0.0,0.0
23,59.0,0.1651817910402973,0.0
24,59.0,0.07236694408074451,0.0
25,59.0,0.0,0.0
26,59.0,0.03967698551594512,0.0
27,59.0,0.0,0.0
28,59.0,0.39126570053463605,0.0
29,59.0,0.1526090611360812,0.0
30,59.0,0.0,0.0
31,59.0,0.0,0.0
32,59.0,0.0,0.0
33,59.0,0.0,0.0
34,59.0,0.0,0.0
35,59.0,0.0,0.0
36,59.0,0.0,0.0
37,59.0,0.013073492779305251,0.0
38,59.0,0.0,0.0
39,59.0,0.0,0.0
40,59.0,0.13836705145935924,0.0
41,59.0,0.4610999415898904,0.0
42,59.0,0.11252413395706995,0.0
43,59.0,0.363771550257031,0.0
44,59.0,0.04738737280082972,0.0
45,59.0,0.11037461379609104,0.0
46,59.0,0.0,0.0
47,59.0,0.0,0.0
48,59.0,0.22968702007259767,0.0
49,59.0,0.030581097530251733,0.0
50,59.0,0.0,0.0
1,60.0,0.0,0.0
2,60.0,0.0,0.0
3,60.0,0.0,0.0
4,60.0,0.0,0.0
5,60.0,0.12262001807117762,0.0
6,60.0,0.1503814131418606,0.0
7,60.0,0.07233850438464684,0.0
8,60.0,0.5534495747469148,0.0
9,60.0,0.09526838801269888,0.0
10,60.0,0.0,0.0
11,60.0,0.0,0.0
12,60.0,0.2429057302025439,0.0
13,60.0,0.3887873376790929,0.0
14,60.0,0.07475208926664378,0.0
15,60.0,0.11290926143112068,0.0
16,60.0,0.0,0.0
17,60.0,0.0,0.0
18,60.0,0.0,0.0
19,60.0,0.3218325953990394,0.0
20,60.0,0.0,0.0
21,60.0,0.0,0.0
22,60.0,0.0,0.0
23,60.0,0.05704447268063895,0.0
24,60.0,0.1885884255465995,0.0
25,60.0,0.06487045412215087,0.0
26,60.0,0.0,0.0
27,60.0,0.19081853000491644,0.0
28,60.0,0.0,0.0
29,60.0,0.039688112586907964,0.0
30,60.0,0.18626007737686512,0.0
31,60.0,0.13636000078643395,0.0
32,60.0,0.0,0.0
33,60.0,0.0,0.0
34,60.0,0.0,0.0
35,60.0,0.0,0.0
36,60.0,0.04729599740489243,0.0
37,60.0,0.16878320682475356,0.0
38,60.0,0.0,0.0
39,60.0,0.0,0.0
40,60.0,0.11408580053112993,0.0
41,60.0,0.0,0.0
42,60.0,0.0,0.0
43,60.0,0.057372014451123166,0.0
44,60.0,0.0,0.0
45,60.0,0.0,0.0
46,60.0,0.0,0.0
47,60.0,0.062480332027014085,0.0
48,60.0,0.08980827585936157,0.0
49,60.0,0.0,0.0
50,60.0,0.0,0.0
1,61.0,0.0,0.0
2,61.0,0.0,0.0
3,61.0,0.0,0.0
4,61.0,0.26807418674651884,0.0
5,61.0,0.051407154912353925,0.0
6,61.0,0.002309544957826426,0.0
7,61.0,0.005612028388772838,0.0
8,61.0,0.03406842153731815,0.0
9,61.0,0.11056011064067628,0.0
10,61.0,0.0,0.0
11,61.0,0.0,0.0
12,61.0,0.0,0.0
13,61.0,0.11736370894055748,0.0
14,61.0,0.11446926396270296,0.0
15,61.0,0.041226381789928324,0.0
16,61.0,0.03789489637814103,0.0
17,61.0,0.012908999796395704,0.0
18,61.0,0.183738994062983,0.0
19,61.0,0.016642222047588806,0.0
20,61.0,0.0,0.0
21,61.0,0.0,0.0
22,61.0,0.0,0.0
23,61.0,0.2082910025557677,0.0
24,61.0,0.10516988967995311,0.0
25,61.0,0.0,0.0
26,61.0,0.0701003296022199,0.0
27,61.0,0.0,0.0
28,61.0,0.03701014730558505,0.0
29,61.0,0.07119381738740826,0.0
30,61.0,0.1425194842585864,0.0
31,61.0,0.20552051610971278,0.0
32,61.0,0.1011803932116293,0.0
33,61.0,0.0,0.0
34,61.0,0.09260379523367512,0.0
35,61.0,0.26989866263642526,0.0
36,61.0,0.15302881394117707,0.0
37,61.0,0.0,0.0
38,61.0,0.06060714046147919,0.0
39,61.0,0.010276732448994963,0.0
40,61.0,0.0,0.0
41,61.0,0.0,0.0
42,61.0,0.0,0.0
43,61.0,0.0,0.0
44,61.0,0.0,0.0
45,61.0,0.0,0.0
46,61.0,0.03597738012845275,0.0
47,61.0,0.4154162650577923,0.0
48,61.0,0.0,0.0
49,61.0,0.0,0.0
50,61.0,0.04784129505396151,0.0
1,62.0,0.09490877096232697,0.0
2,62.0,0.13569175435467085,0.0
3,62.0,0.0,0.0
4,62.0,0.0,0.0
5,62.0,0.0,0.0
6,62.0,0.14299944993606972,0.0
7,62.0,0.09973901088810444,0.0
8,62.0,0.21466493493652794,0.0
9,62.0,0.06968038628949635,0.0
10,62.0,0.025941148912533518,0.0
11,62.0,0.14079866071972313,0.0
12,62.0,0.11808486395441675,0.0
13,62.0,0.0801506658761445,0.0
14,62.0,0.20075953738293484,0.0
15,62.0,0.0,0.0
16,62.0,0.0,0.0
17,62.0,0.0,0.0
18,62.0,0.0,0.0
19,62.0,0.014463751529413149,0.0
20,62.0,0.15399799673217174,0.0
21,62.0,0.0,0.0
22,62.0,0.0,0.0
23,62.0,0.16553887005694412,0.0
24,62.0,0.20101507823263465,0.0
25,62.0,0.08471129967101054,0.0
26,62.0,0.0,0.0
27,62.0,0.20474173279545815,0.0
28,62.0,0.059901149394152475,0.0
29,62.0,0.11228763739792968,0.0
30,62.0,0.0,0.0
31,62.0,0.12680299052953425,0.0
32,62.0,0.0,0.0
33,62.0,0.0,0.0
34,62.0,0.0,0.0
35,62.0,0.11637061028358209,0.0
36,62.0,0.0,0.0
37,62.0,0.06274194237461628,0.0
38,62.0,0.00815385817436487,0.0
39,62.0,0.0,0.0
40,62.0,0.0,0.0
41,62.0,0.20943470559048538,0.0
42,62.0,0.19520843288046563,0.0
43,62.0,0.00836935401676775,0.0
44,62.0,0.04591992315003013,0.0
45,62.0,0.017280783928902643,0.0
46,62.0,0.0,0.0
47,62.0,0.14939287142816338,0.0
48,62.0,0.0,0.0
49,62.0,0.3461933416397881,0.0
50,62.0,0.0,0.0
1,63.0,0.28725801257866057,0.0
2,63.0,0.1588789420606419,0.0
3,63.0,0.0,0.0
4,63.0,0.19980359770594214,0.0
5,63.0,0.270967744583271,0.0
6,63.0,0.1029459007201412,0.0
7,63.0,0.0490799559226629,0.0
8,63.0,0.0,0.0
9,63.0,0.00318514199559361,0.0
10,63.0,0.0289433674069407,0.0
11,63.0,0.27321172824079354,0.0
12,63.0,0.45585586780429044,0.0
13,63.0,0.10461062298311052,0.0
14,63.0,0.0,0.0
15,63.0,0.0,0.0
16,63.0,0.0,0.0
17,63.0,0.0,0.0
18,63.0,0.18188405002736996,0.0
19,63.0,0.2425419343839441,0.0
20,63.0,0.2728119800888905,0.0
21,63.0,0.19676533074675429,0.0
22,63.0,0.030004816163309633,0.0
23,63.0,0.0,0.0
24,63.0,0.2698396585592433,0.0
25,63.0,0.0,0.0
26,63.0,0.1290442613836591,0.0
27,63.0,0.20529629520335235,0.0
28,63.0,0.0,0.0
29,63.0,0.057833126072073915,0.0
30,63.0,0.11224559386042854,0.0
31,63.0,0.13262748909331878,0.0
32,63.0,0.0,0.0
33,63.0,0.20748939440245917,0.0
34,63.0,0.0,0.0
35,63.0,0.0,0.0
36,63.0,0.14363903838272107,0.0
37,63.0,0.05298585621893681,0.0
38,63.0,0.052662396730472794,0.0
39,63.0,0.0,0.0
40,63.0,0.06283256724553776,0.0
41,63.0,0.01589140242835929,0.0
42,63.0,0.14765525179063077,0.0
43,63.0,0.0,0.0
44,63.0,0.0,0.0
45,63.0,0.17103063366029436,0.0
46,63.0,0.0,0.0
47,63.0,0.0,0.0
48,63.0,0.162339558093327,0.0
49,63.0,0.0,0.0
50,63.0,0.054997363960262224,0.0
1,64.0,0.10173868623843818,0.0
2,64.0,0.0,0.0
3,64.0,0.1117176325795004,0.0
4,64.0,0.0,0.0
5,64.0,0.06977704424686804,0.0
6,64.0,0.0,0.0
7,64.0,0.0,0.0
8,64.0,0.04216613137461933,0.0
9,64.0,0.0,0.0
10,64.0,0.0,0.0
11,64.0,0.07547006810840418,0.0
12,64.0,0.08110746502779342,0.0
13,64.0,0.013981127608105215,0.0
14,64.0,0.05041039955504045,0.0
15,64.0,0.0,0.0
16,64.0,0.0,0.0
17,64.0,0.0,0.0
18,64.0,0.16008156305112364,0.0
19,64.0,0.0,0.0
20,64.0,0.23459899441411913,0.0
21,64.0,0.5712561009877635,0.0
22,64.0,0.0,0.0
23,64.0,0.0,0.0
24,64.0,0.0,0.0
25,64.0,0.1090077634049571,0.0
26,64.0,0.24849803048908903,0.0
27,64.0,0.02442388168275267,0.0
28,64.0,0.0,0.0
29,64.0,0.0,0.0
30,64.0,0.13322810456339873,0.0
31,64.0,0.0,0.0
32,64.0,0.0,0.0
33,64.0,0.061231131776856795,0.0
34,64.0,0.1895725937308178,0.0
35,64.0,0.002809672981450073,0.0
36,64.0,0.19579709655401822,0.0
37,64.0,0.12318466236091674,0.0
38,64.0,0.0,0.0
39,64.0,0.0,0.0
40,64.0,0.0024929782019283975,0.0
41,64.0,0.0,0.0
42,64.0,0.0,0.0
43,64.0,0.0,0.0
44,64.0,0.09058426324951663,0.0
45,64.0,0.13796517627968874,0.0
46,64.0,0.1745466065012259,0.0
47,64.0,0.0,0.0
48,64.0,0.23630463417333647,0.0
49,64.0,0.13620332381933142,0.0
50,64.0,0.0,0.0
1,65.0,0.2812943984448619,0.0
2,65.0,0.0726148056445387,0.0
3,65.0,0.0,0.0
4,65.0,0.008555774507290614,0.0
5,65.0,0.0,0.0
6,65.0,0.0,0.0
7,65.0,0.020996050870565774,0.0
8,65.0,0.0,0.0
9,65.0,0.1414685708073936,0.0
10,65.0,0.0,0.0
11,65.0,0.0,0.0
12,65.0,0.0,0.0
13,65.0,0.19235671729130188,0.0
14,65.0,0.0,0.0
15,65.0,0.0,0.0
16,65.0,0.0,0.0
17,65.0,0.0,0.0
18,65.0,0.0,0.0
19,65.0,0.1640782309102009,0.0
20,65.0,0.051088459403815345,0.0
21,65.0,0.01675258584880457,0.0
22,65.0,0.0,0.0
23,65.0,0.0,0.0
24,65.0,0.0,0.0
25,65.0,0.0,0.0
26,65.0,0.0,0.0
27,65.0,0.0,0.0
28,65.0,0.0,0.0
29,65.0,0.0,0.0
30,65.0,0.015327999551721594,0.0
31,65.0,0.026895750228133175,0.0
32,65.0,0.06919302961533202,0.0
33,65.0,0.0,0.0
34,65.0,0.0,0.0
35,65.0,0.21926916515987427,0.0
36,65.0,0.0,0.0
37,65.0,0.0,0.0
38,65.0,0.0,0.0
39,65.0,0.05424214408807215,0.0
40,65.0,0.0017086264568834109,0.0
41,65.0,0.14577649108719748,0.0
42,65.0,0.043270920416014325,0.0
43,65.0,0.10164581255933669,0.0
44,65.0,0.0,0.0
45,65.0,0.002633147904494426,0.0
46,65.0,0.0,0.0
47,65.0,0.0,0.0
48,65.0,0.2951272211668553,0.0
49,65.0,0.12164953187205418,0.0
50,65.0,0.0,0.0
1,66.0,0.13959514569478726,0.0
2,66.0,0.28860514665839243,0.0
3,66.0,0.0,0.0
4,66.0,0.0,0.0
5,66.0,0.0247699749779956,0.0
6,66.0,0.0,0.0
7,66.0,0.0,0.0
8,66.0,0.3945029980846607,0.0
9,66.0,0.005822921851764362,0.0
10,66.0,0.09138440077258625,0.0
11,66.0,0.16580638653740964,0.0
12,66.0,0.10169865762934927,0.0
13,66.0,0.010249305516476515,0.0
14,66.0,0.009371564967518897,0.0
15,66.0,0.07385618389295578,0.0
16,66.0,0.0,0.0
17,66.0,0.0,0.0
18,66.0,0.006894783914385139,0.0
19,66.0,0.0,0.0
20,66.0,0.09857717893573881,0.0
21,66.0,0.0,0.0
22,66.0,0.0,0.0
23,66.0,0.0,0.0
24,66.0,0.0,0.0
25,66.0,0.0,0.0
26,66.0,0.015342079062807934,0.0
27,66.0,0.0,0.0
28,66.0,0.0,0.0
29,66.0,0.44912403540479673,0.0
30,66.0,0.0,0.0
31,66.0,0.09949129894974984,0.0
32,66.0,0.0,0.0
33,66.0,0.0,0.0
34,66.0,0.0,0.0
35,66.0,0.17831835329883405,0.0
36,66.0,0.0,0.0
37,66.0,0.0,0.0
38,66.0,0.20265972526828246,0.0
39,66.0,0.0,0.0
40,66.0,0.0,0.0
41,66.0,0.26072959246859284,0.0
42,66.0,0.42575879891791957,0.0
43,66.0,0.3644720947948925,0.0
44,66.0,0.05911428137739538,0.0
45,66.0,0.18992993878354747,0.0
46,66.0,0.0,0.0
47,66.0,0.0,0.0
48,66.0,0.0,0.0
49,66.0,0.009974288757816918,0.0
50,66.0,0.0,0.0
1,67.0,0.0,0.0
2,67.0,0.22467833794932002,0.0
3,67.0,0.14533868883445333,0.0
4,67.0,0.0,0.0
5,67.0,0.0,0.0
6,67.0,0.05932945635452003,0.0
7,67.0,0.1058783768810827,0.0
8,67.0,0.0,0.0
9,67.0,0.0,0.0
10,67.0,0.18553608439541924,0.0
11,67.0,0.44407870063324173,0.0
12,67.0,0.0,0.0
13,67.0,0.0,0.0
14,67.0,0.08691192143383708,0.0
15,67.0,0.0,0.0
16,67.0,0.09341301503101362,0.0
17,67.0,0.02378001896229409,0.0
18,67.0,0.0,0.0
19,67.0,0.0,0.0
20,67.0,0.23549696648586105,0.0
21,67.0,0.15296952429892685,0.0
22,67.0,0.14254446993761927,0.0
23,67.0,0.0,0.0
24,67.0,0.10291917549540175,0.0
25,67.0,0.0,0.0
26,67.0,0.2610913765947722,0.0
27,67.0,0.0,0.0
28,67.0,0.0,0.0
29,67.0,0.16004157815457565,0.0
30,67.0,0.0,0.0
31,67.0,0.0,0.0
32,67.0,0.06512141485020606,0.0
33,67.0,0.0,0.0
34,67.0,0.0,0.0
35,67.0,0.034370812050198984,0.0
36,67.0,0.0,0.0
37,67.0,0.0,0.0
38,67.0,0.31834195495972795,0.0
39,67.0,0.0,0.0
40,67.0,0.0,0.0
41,67.0,0.2448315793164152,0.0
42,67.0,0.04321860464891025,0.0
43,67.0,0.06023069558212668,0.0
44,67.0,0.03535803120377079,0.0
45,67.0,0.24040653403527867,0.0
46,67.0,0.0,0.0
47,67.0,0.018471163611382013,0.0
48,67.0,0.03966217308127917,0.0
49,67.0,0.3775823722912742,0.0
50,67.0,0.0,0.0
1,68.0,0.0,0.0
2,68.0,0.0,0.0
3,68.0,0.19039837940061655,0.0
4,68.0,0.0,0.0
5,68.0,0.0,0.0
6,68.0,0.0,0.0
7,68.0,0.0,0.0
8,68.0,0.15279498313379558,0.0
9,68.0,0.0,0.0
10,68.0,0.0,0.0
11,68.0,0.0,0.0
12,68.0,0.0490317569990355,0.0
13,68.0,0.0,0.0
14,68.0,0.2669949764706194,0.0
15,68.0,0.12327115795070143,0.0
16,68.0,0.235388154548952,0.0
17,68.0,0.0,0.0
18,68.0,0.0,0.0
19,68.0,0.0,0.0
20,68.0,0.0,0.0
21,68.0,0.0,0.0
22,68.0,0.2488984693025197,0.0
23,68.0,0.0,0.0
24,68.0,0.0,0.0
25,68.0,0.0,0.0
26,68.0,0.09730876804868949,0.0
27,68.0,0.0,0.0
28,68.0,0.0488852456751685,0.0
29,68.0,0.0,0.0
30,68.0,0.08078121919074355,0.0
31,68.0,0.0,0.0
32,68.0,0.0,0.0
33,68.0,0.0,0.0
34,68.0,0.1402560117786844,0.0
35,68.0,0.03303272711736038,0.0
36,68.0,0.1395716912619951,0.0
37,68.0,0.3100219240297152,0.0
38,68.0,0.0,0.0
39,68.0,0.0,0.0
40,68.0,0.0,0.0
41,68.0,0.021030744889307118,0.0
42,68.0,0.0,0.0
43,68.0,0.27091487677817827,0.0
44,68.0,0.0,0.0
45,68.0,0.21646430339279732,0.0
46,68.0,0.0023237094301792327,0.0
47,68.0,0.0,0.0
48,68.0,0.20889648704917463,0.0
49,68.0,0.0,0.0
50,68.0,0.0,0.0
1,69.0,0.20667688737619327,0.0
2,69.0,0.1777344400768841,0.0
3,69.0,0.1255729382887426,0.0
4,69.0,0.2121644865238912,0.0
5,69.0,0.0,0.0
6,69.0,0.05432396598819755,0.0
7,69.0,0.03900000760240441,0.0
8,69.0,0.17485193949677513,0.0
9,69.0,0.0,0.0
10,69.0,0.0737119338617176,0.0
11,69.0,0.0,0.0
12,69.0,0.002172166894158889,0.0
13,69.0,0.0,0.0
14,69.0,0.0,0.0
15,69.0,0.0,0.0
16,69.0,0.028522715076101823,0.0
17,69.0,0.08284165609249727,0.0
18,69.0,0.0,0.0
19,69.0,0.0,0.0
20,69.0,0.07157342741974271,0.0
21,69.0,0.0,0.0
22,69.0,0.020586481979579907,0.0
23,69.0,0.0,0.0
24,69.0,0.0,0.0
25,69.0,0.0,0.0
26,69.0,0.0,0.0
27,69.0,0.0,0.0
28,69.0,0.028229073409302696,0.0
29,69.0,0.0,0.0
30,69.0,0.0,0.0
31,69.0,0.0,0.0
32,69.0,0.0,0.0
33,69.0,0.0,0.0
34,69.0,0.0,0.0
35,69.0,0.04340889732028208,0.0
36,69.0,0.1219232145077872,0.0
37,69.0,0.02272372821445745,0.0
38,69.0,0.0,0.0
39,69.0,0.00680136236514306,0.0
40,69.0,0.0,0.0
41,69.0,0.11760338566663009,0.0
42,69.0,0.0,0.0
43,69.0,0.009429374176559424,0.0
44,69.0,0.0,0.0
45,69.0,0.0,0.0
46,69.0,0.0,0.0
47,69.0,0.0,0.0
48,69.0,0.06347705268171666,0.0
49,69.0,0.23675987570120205,0.0
50,69.0,0.0,0.0
1,70.0,0.0,0.0
2,70.0,0.005703196681918654,0.0
3,70.0,0.06257404795487087,0.0
4,70.0,0.0,0.0
5,70.0,0.20587921365768447,0.0
6,70.0,0.14763167392656207,0.0
7,70.0,0.15965199449977208,0.0
8,70.0,0.03255463856699281,0.0
9,70.0,0.3709895633117084,0.0
10,70.0,0.12492258270939893,0.0
11,70.0,0.0,0.0
12,70.0,0.055420879144943536,0.0
13,70.0,0.20129552409197704,0.0
14,70.0,0.0,0.0
15,70.0,0.0,0.0
16,70.0,0.003675358117983807,0.0
17,70.0,0.0,0.0
18,70.0,0.0,0.0
19,70.0,0.0,0.0
20,70.0,0.0,0.0
21,70.0,0.0,0.0
22,70.0,0.0,0.0
23,70.0,0.0,0.0
24,70.0,0.0,0.0
25,70.0,0.0,0.0
26,70.0,0.27786317282840334,0.0
27,70.0,0.024500149050055486,0.0
28,70.0,0.05410320684311476,0.0
29,70.0,0.009278030443150453,0.0
30,70.0,0.3194303983543805,0.0
31,70.0,0.06804111761015941,0.0
32,70.0,0.16568333411456837,0.0
33,70.0,0.0,0.0
34,70.0,0.02347680171383948,0.0
35,70.0,0.29363078861902725,0.0
36,70.0,0.16874898620893752,0.0
37,70.0,0.04204596022589535,0.0
38,70.0,0.0,0.0
39,70.0,0.05145291979404254,0.0
40,70.0,0.0,0.0
41,70.0,0.0,0.0
42,70.0,0.22261002670747576,0.0
43,70.0,0.028596854512618064,0.0
44,70.0,0.14028140578361514,0.0
45,70.0,0.14498215029165173,0.0
46,70.0,0.0,0.0
47,70.0,0.0,0.0
48,70.0,0.0,0.0
49,70.0,0.20807382993211576,0.0
50,70.0,0.0,0.0
1,71.0,0.006087140197701624,0.0
2,71.0,0.0071136696409879185,0.0
3,71.0,0.025409935364848257,0.0
4,71.0,0.0,0.0
5,71.0,0.35614161437940506,0.0
6,71.0,0.0,0.0
7,71.0,0.05642980477367332,0.0
8,71.0,0.0,0.0
9,71.0,0.0,0.0
10,71.0,0.0,0.0
11,71.0,0.2432543075897976,0.0
12,71.0,0.0,0.0
13,71.0,0.056188651996137096,0.0
14,71.0,0.11560436720687128,0.0
15,71.0,0.0,0.0
16,71.0,0.0,0.0
17,71.0,0.32120563494769505,0.0
18,71.0,0.20230821746666727,0.0
19,71.0,0.0,0.0
20,71.0,0.0,0.0
21,71.0,0.0,0.0
22,71.0,0.0,0.0
23,71.0,0.0,0.0
24,71.0,0.0,0.0
25,71.0,0.0,0.0
26,71.0,0.0,0.0
27,71.0,0.013969105523598202,0.0
28,71.0,0.05278748379117648,0.0
29,71.0,0.0,0.0
30,71.0,0.39855561430971376,0.0
31,71.0,0.0,0.0
32,71.0,0.0,0.0
33,71.0,0.0,0.0
34,71.0,0.1056676430117196,0.0
35,71.0,0.11268797626414617,0.0
36,71.0,0.2077534723393596,0.0
37,71.0,0.0,0.0
38,71.0,0.0,0.0
39,71.0,0.0,0.0
40,71.0,0.06202991286194137,0.0
41,71.0,0.1122168570087505,0.0
42,71.0,0.0,0.0
43,71.0,0.04474435800715704,0.0
44,71.0,0.0,0.0
45,71.0,0.0,0.0
46,71.0,0.12880428792733256,0.0
47,71.0,0.0,0.0
48,71.0,0.0664457338414105,0.0
49,71.0,0.0,0.0
50,71.0,0.0,0.0
1,72.0,0.0,0.0
2,72.0,0.0,0.0
3,72.0,0.0,0.0
4,72.0,0.0,0.0
5,72.0,0.0,0.0
6,72.0,0.0,0.0
7,72.0,0.0,0.0
8,72.0,0.0,0.0
9,72.0,0.04311133053861205,0.0
10,72.0,0.0,0.0
11,72.0,0.0,0.0
12,72.0,0.0,0.0
13,72.0,0.0,0.0
14,72.0,0.0,0.0
15,72.0,0.0,0.0
16,72.0,0.01850959615291803,0.0
17,72.0,0.0904537483544503,0.0
18,72.0,0.0,0.0
19,72.0,0.1825548991649799,0.0
20,72.0,0.0,0.0
21,72.0,0.0,0.0
22,72.0,0.0,0.0
23,72.0,0.19856385550660904,0.0
24,72.0,0.0,0.0
25,72.0,0.071057177312142,0.0
26,72.0,0.0,0.0
27,72.0,0.0,0.0
28,72.0,0.0,0.0
29,72.0,0.0,0.0
30,72.0,0.42430477171812686,0.0
31,72.0,0.22269183597074904,0.0
32,72.0,0.0,0.0
33,72.0,0.1982273463348121,0.0
34,72.0,0.0,0.0
35,72.0,0.033294493388545954,0.0
36,72.0,0.0,0.0
37,72.0,0.11004881663458854,0.0
38,72.0,0.0,0.0
39,72.0,0.0,0.0
40,72.0,0.05300086492200662,0.0
41,72.0,0.0,0.0
42,72.0,0.0,0.0
43,72.0,0.0,0.0
44,72.0,0.3721331516200719,0.0
45,72.0,0.006420147706762469,0.0
46,72.0,0.0,0.0
47,72.0,0.08349257959492629,0.0
48,72.0,0.0,0.0
49,72.0,0.30943258608224766,0.0
50,72.0,0.34864334908680295,0.0
1,73.0,0.0,0.0
2,73.0,0.0,0.0
3,73.0,0.05386134004636989,0.0
4,73.0,0.3304287575992205,0.0
5,73.0,0.0,0.0
6,73.0,0.01282871074072911,0.0
7,73.0,0.0,0.0
8,73.0,0.15258307789501757,0.0
9,73.0,0.14942239107459931,0.0
10,73.0,0.0,0.0
11,73.0,0.0,0.0
12,73.0,0.0,0.0
13,73.0,0.03489475393197028,0.0
14,73.0,0.14100141579902625,0.0
15,73.0,0.0,0.0
16,73.0,0.041071262365946715,0.0
17,73.0,0.0,0.0
18,73.0,0.0,0.0
19,73.0,0.017042030689691567,0.0
20,73.0,0.0,0.0
21,73.0,0.04185437941263148,0.0
22,73.0,0.0,0.0
23,73.0,0.14239197849915364,0.0
24,73.0,0.3409130472098315,0.0
25,73.0,0.07797138068990006,0.0
26,73.0,0.0,0.0
27,73.0,0.3812300517675292,0.0
28,73.0,0.0,0.0
29,73.0,0.18224096339897278,0.0
30,73.0,0.13343926283183494,0.0
31,73.0,0.0,0.0
32,73.0,0.0,0.0
33,73.0,0.0,0.0
34,73.0,0.0,0.0
35,73.0,0.0,0.0
36,73.0,0.06729216024883578,0.0
37,73.0,0.04084872796947836,0.0
38,73.0,0.0,0.0
39,73.0,0.284641265458352,0.0
40,73.0,0.36761401110639436,0.0
41,73.0,0.0,0.0
42,73.0,0.0,0.0
43,73.0,0.0,0.0
44,73.0,0.12241252761030352,0.0
45,73.0,0.23937236627126535,0.0
46,73.0,0.1113643817819947,0.0
47,73.0,0.0,0.0
48,73.0,0.0,0.0
49,73.0,0.37651624214231916,0.0
50,73.0,0.0,0.0
1,74.0,0.0,0.0
2,74.0,0.0,0.0
3,74.0,0.005494491994293971,0.0
4,74.0,0.2549005620905881,0.0
5,74.0,0.0,0.0
6,74.0,0.1298501318767613,0.0
7,74.0,0.11086623746214719,0.0
8,74.0,0.0,0.0
9,74.0,0.0,0.0
10,74.0,0.0,0.0
11,74.0,0.0,0.0
12,74.0,0.22496446535387848,0.0
13,74.0,0.0,0.0
14,74.0,0.0,0.0
15,74.0,0.0,0.0
16,74.0,0.15076477115239684,0.0
17,74.0,0.0926015794514633,0.0
18,74.0,0.07504311785785311,0.0
19,74.0,0.0,0.0
20,74.0,0.20367452801561048,0.0
21,74.0,0.0,0.0
22,74.0,0.1481823862643259,0.0
23,74.0,0.0,0.0
24,74.0,0.19830815109593336,0.0
25,74.0,0.07636923113280158,0.0
26,74.0,0.0,0.0
27,74.0,0.06045718410877665,0.0
28,74.0,0.0,0.0
29,74.0,0.0,0.0
30,74.0,0.03342684904158011,0.0
31,74.0,0.22998987554020422,0.0
32,74.0,0.10931024769910169,0.0
33,74.0,0.19053583579503608,0.0
34,74.0,0.16081741815575956,0.0
35,74.0,0.018497431954855648,0.0
36,74.0,0.02928156782972735,0.0
37,74.0,0.0,0.0
38,74.0,0.0,0.0
39,74.0,0.04308511138468574,0.0
40,74.0,0.06367183394019205,0.0
41,74.0,0.24582870272041846,0.0
42,74.0,0.1454695726339904,0.0
43,74.0,0.019846818283485113,0.0
44,74.0,0.0,0.0
45,74.0,0.1651546659932741,0.0
46,74.0,0.0,0.0
47,74.0,0.12984782380969517,0.0
48,74.0,0.0,0.0
49,74.0,0.0,0.0
50,74.0,0.0,0.0
1,75.0,0.0,0.0
2,75.0,0.0,0.0
3,75.0,0.0,0.0
4,75.0,0.0,0.0
5,75.0,0.03287083385664391,0.0
6,75.0,0.09586209052223138,0.0
7,75.0,0.27772671069750077,0.0
8,75.0,0.0,0.0
9,75.0,0.0,0.0
10,75.0,0.14170794757427718,0.0
11,75.0,0.188699289172648,0.0
12,75.0,0.415147010058436,0.0
13,75.0,0.0,0.0
14,75.0,0.07408297902266148,0.0
15,75.0,0.16114090311029605,0.0
16,75.0,0.09111431239848944,0.0
17,75.0,0.0004296535945910174,0.0
18,75.0,0.0,0.0
19,75.0,0.181769368284191,0.0
20,75.0,0.0,0.0
21,75.0,0.10472116069935311,0.0
22,75.0,0.0,0.0
23,75.0,0.0,0.0
24,75.0,0.2493193995613492,0.0
25,75.0,0.0,0.0
26,75.0,0.0,0.0
27,75.0,0.06057362196750293,0.0
28,75.0,0.0,0.0
29,75.0,0.07838638144898269,0.0
30,75.0,0.12229074099165271,0.0
31,75.0,0.23039309031955602,0.0
32,75.0,0.0,0.0
33,75.0,0.0,0.0
34,75.0,0.04208169525218697,0.0
35,75.0,0.1816550822731018,0.0
36,75.0,0.06954136454792514,0.0
37,75.0,0.07398562751505156,0.0
38,75.0,0.16421979002726106,0.0
39,75.0,0.01763113516133652,0.0
40,75.0,0.0,0.0
41,75.0,0.0,0.0
42,75.0,0.0,0.0
43,75.0,0.0,0.0
44,75.0,0.0,0.0
45,75.0,0.0,0.0
46,75.0,0.0,0.0
47,75.0,0.0,0.0
48,75.0,0.06574084713717365,0.0
49,75.0,0.0,0.0
50,75.0,0.14619172347156584,0.0
1,76.0,0.12114939902360988,0.0
2,76.0,0.0,0.0
3,76.0,0.283847549997324,0.0
4,76.0,0.17897944188574333,0.0
5,76.0,0.055041720528503424,0.0
6,76.0,0.0,0.0
7,76.0,0.0,0.0
8,76.0,0.0,0.0
9,76.0,0.0,0.0
10,76.0,0.10234662657266203,0.0
11,76.0,0.0057187914932183,0.0
12,76.0,0.14216205206942778,0.0
13,76.0,0.0,0.0
14,76.0,0.0,0.0
15,76.0,0.129659653458577,0.0
16,76.0,0.023019508124082932,0.0
17,76.0,0.030295709667190418,0.0
18,76.0,0.03598183608556238,0.0
19,76.0,0.06604558472182231,0.0
20,76.0,0.0,0.0
21,76.0,0.1946464376107766,0.0
22,76.0,0.045730135684769024,0.0
23,76.0,0.04125794912860192,0.0
24,76.0,0.0,0.0
25,76.0,0.1530923760699684,0.0
26,76.0,0.0704941833802919,0.0
27,76.0,0.029499213381943168,0.0
28,76.0,0.0,0.0
29,76.0,0.0226765458860696,0.0
30,76.0,0.0,0.0
31,76.0,0.18769466538298663,0.0
32,76.0,0.0,0.0
33,76.0,0.0,0.0
34,76.0,0.005382791302745438,0.0
35,76.0,0.007999860572195705,0.0
36,76.0,0.0,0.0
37,76.0,0.0,0.0
38,76.0,0.0,0.0
39,76.0,0.12762308594749883,0.0
40,76.0,0.0,0.0
41,76.0,0.0,0.0
42,76.0,0.0,0.0
43,76.0,0.0,0.0
44,76.0,0.06838578921447336,0.0
45,76.0,0.0,0.0
46,76.0,0.0,0.0
47,76.0,0.0,0.0
48,76.0,0.0008695496185064933,0.0
49,76.0,0.0,0.0
50,76.0,0.20061017879991128,0.0
1,77.0,0.13772268501904872,0.0
2,77.0,0.08374327778900448,0.0
3,77.0,0.0,0.0
4,77.0,0.16484149325415065,0.0
5,77.0,0.0,0.0
6,77.0,0.0,0.0
7,77.0,0.1783748967186657,0.0
8,77.0,0.05943503294860952,0.0
9,77.0,0.0,0.0
10,77.0,0.0,0.0
11,77.0,0.0,0.0
12,77.0,0.0,0.0
13,77.0,0.09035325113443482,0.0
14,77.0,0.0,0.0
15,77.0,0.0,0.0
16,77.0,0.0,0.0
17,77.0,0.3458993613829173,0.0
18,77.0,0.09529218226255232,0.0
19,77.0,0.03951602730760517,0.0
20,77.0,0.0,0.0
21,77.0,0.0,0.0
22,77.0,0.24847240306977325,0.0
23,77.0,0.0,0.0
24,77.0,0.0,0.0
25,77.0,0.13234315557481524,0.0
26,77.0,0.2993957052954713,0.0
27,77.0,0.03910899941752177,0.0
28,77.0,0.4833857030404177,0.0
29,77.0,0.0,0.0
30,77.0,0.19723176827677236,0.0
31,77.0,0.0,0.0
32,77.0,0.16803096320821476,0.0
33,77.0,0.0,0.0
34,77.0,0.0,0.0
35,77.0,0.0,0.0
36,77.0,0.08706373436300663,0.0
37,77.0,0.0,0.0
38,77.0,0.0,0.0
39,77.0,0.09564051048625444,0.0
40,77.0,0.0,0.0
41,77.0,0.12144844238286823,0.0
42,77.0,0.0,0.0
43,77.0,0.026843626125067743,0.0
44,77.0,0.04602530364089252,0.0
45,77.0,0.0,0.0
46,77.0,0.14845389945082765,0.0
47,77.0,0.3540604148037485,0.0
48,77.0,0.021669721262701946,0.0
49,77.0,0.03823550207560544,0.0
50,77.0,0.0,0.0
1,78.0,0.008849620863058738,0.0
2,78.0,0.0,0.0
3,78.0,0.01952628908558851,0.0
4,78.0,0.19244074543270495,0.0
5,78.0,0.0,0.0
6,78.0,0.0,0.0
7,78.0,0.3075195826831658,0.0
8,78.0,0.0,0.0
9,78.0,0.0,0.0
10,78.0,0.043884099025089496,0.0
11,78.0,0.0,0.0
12,78.0,0.3002012611181365,0.0
13,78.0,0.15040362829483678,0.0
14,78.0,0.22842862737831948,0.0
15,78.0,0.033724033566598255,0.0
16,78.0,0.1548471659484717,0.0
17,78.0,0.13973383045633558,0.0
18,78.0,0.0,0.0
19,78.0,0.017694725140256384,0.0
20,78.0,0.0,0.0
21,78.0,0.0,0.0
22,78.0,0.0,0.0
23,78.0,0.0,0.0
24,78.0,0.0,0.0
25,78.0,0.06600500136307463,0.0
26,78.0,0.09106575443831955,0.0
27,78.0,0.0,0.0
28,78.0,0.3156442823353913,0.0
29,78.0,0.0,0.0
30,78.0,0.0,0.0
31,78.0,0.058380604248227,0.0
32,78.0,0.0,0.0
33,78.0,0.0,0.0
34,78.0,0.0,0.0
35,78.0,0.0,0.0
36,78.0,0.0,0.0
37,78.0,0.0,0.0
38,78.0,0.050045037240460166,0.0
39,78.0,0.0,0.0
40,78.0,0.0,0.0
41,78.0,0.22504565649615216,0.0
42,78.0,0.0,0.0
43,78.0,0.19684468551200418,0.0
44,78.0,0.0,0.0
45,78.0,0.07935679293200015,0.0
46,78.0,0.0,0.0
47,78.0,0.0160690590750574,0.0
48,78.0,0.0,0.0
49,78.0,0.10493748415761173,0.0
50,78.0,0.08398584380270224,0.0
1,79.0,0.0,0.0
2,79.0,0.008009544261611823,0.0
3,79.0,0.014320166030883041,0.0
4,79.0,0.0,0.0
5,79.0,0.11608678823225249,0.0
6,79.0,0.0050710549825270235,0.0
7,79.0,0.0,0.0
8,79.0,0.14926898737320238,0.0
9,79.0,0.0,0.0
10,79.0,0.0,0.0
11,79.0,0.221125842684602,0.0
12,79.0,0.0,0.0
13,79.0,0.0,0.0
14,79.0,0.021697265114408726,0.0
15,79.0,0.0,0.0
16,79.0,0.0,0.0
17,79.0,0.0,0.0
18,79.0,0.06208903946421407,0.0
19,79.0,0.0,0.0
20,79.0,0.0,0.0
21,79.0,0.0,0.0
22,79.0,0.2778000126165058,0.0
23,79.0,0.0,0.0
24,79.0,0.19450103805735175,0.0
25,79.0,0.0,0.0
26,79.0,0.049778321957474114,0.0
27,79.0,0.0,0.0
28,79.0,0.05495789219563896,0.0
29,79.0,0.0,0.0
30,79.0,0.0,0.0
31,79.0,0.1745631583792997,0.0
32,79.0,0.0,0.0
33,79.0,0.07804722140563147,0.0
34,79.0,0.0,0.0
35,79.0,0.0,0.0
36,79.0,0.24010577365953545,0.0
37,79.0,0.05599114041630315,0.0
38,79.0,0.09516819283200373,0.0
39,79.0,0.19420444855613095,0.0
40,79.0,0.17662774568152262,0.0
41,79.0,0.0,0.0
42,79.0,0.0,0.0
43,79.0,0.0,0.0
44,79.0,0.0,0.0
45,79.0,0.10760166129197324,0.0
46,79.0,0.08861180675990443,0.0
47,79.0,0.2039848542183238,0.0
48,79.0,0.023738885088715467,0.0
49,79.0,0.05031427686358292,0.0
50,79.0,0.07907211132273384,0.0
1,80.0,0.0,0.0
2,80.0,0.27214462890537383,0.0
3,80.0,0.0,0.0
4,80.0,0.2669110332340131,0.0
5,80.0,0.5181115901797111,0.0
6,80.0,0.009551976200368073,0.0
7,80.0,0.0,0.0
8,80.0,0.10268536869708833,0.0
9,80.0,0.0,0.0
10,80.0,0.09739144545317324,0.0
11,80.0,0.11226128395004364,0.0
12,80.0,0.0,0.0
13,80.0,0.006568918560459047,0.0
14,80.0,0.07575363850085703,0.0
15,80.0,0.09538292675785287,0.0
16,80.0,0.07131325031511049,0.0
17,80.0,0.12527899946118393,0.0
18,80.0,0.08270567024744935,0.0
19,80.0,0.006320416124560468,0.0
20,80.0,0.07512427738172889,0.0
21,80.0,0.0,0.0
22,80.0,0.063134391221906,0.0
23,80.0,0.0,0.0
24,80.0,0.09740259803173357,0.0
25,80.0,0.0,0.0
26,80.0,0.09306791713987683,0.0
27,80.0,0.3600687330954606,0.0
28,80.0,0.045091463640324014,0.0
29,80.0,0.0,0.0
30,80.0,0.0,0.0
31,80.0,0.07462938838752076,0.0
32,80.0,0.08149745980305734,0.0
33,80.0,0.0,0.0
34,80.0,0.2953990384636429,0.0
35,80.0,0.19536782859653223,0.0
36,80.0,0.11726901048757277,0.0
37,80.0,0.11645789981277077,0.0
38,80.0,0.0,0.0
39,80.0,0.0,0.0
40,80.0,0.0,0.0
41,80.0,0.0,0.0
42,80.0,0.0,0.0
43,80.0,0.0,0.0
44,80.0,0.0,0.0
45,80.0,0.1690899402522874,0.0
46,80.0,0.0,0.0
47,80.0,0.2561927057652954,0.0
48,80.0,0.0,0.0
49,80.0,0.0,0.0
50,80.0,0.0,0.0
1,81.0,0.09763155518075006,0.0
2,81.0,0.0,0.0
3,81.0,0.0,0.0
4,81.0,0.02018971010513715,0.0
5,81.0,0.08698971185550008,0.0
6,81.0,0.07820275590644843,0.0
7,81.0,0.04625409133237324,0.0
8,81.0,0.0,0.0
9,81.0,0.0477611398283555,0.0
10,81.0,0.2552209231734922,0.0
11,81.0,0.05912827375895313,0.0
12,81.0,0.0,0.0
13,81.0,0.0,0.0
14,81.0,0.0,0.0
15,81.0,0.0,0.0
16,81.0,0.23440508007601124,0.0
17,81.0,0.0,0.0
18,81.0,0.0,0.0
19,81.0,0.0,0.0
20,81.0,0.06622101843708406,0.0
21,81.0,0.0,0.0
22,81.0,0.0,0.0
23,81.0,0.0,0.0
24,81.0,0.0,0.0
25,81.0,0.03564807582920804,0.0
26,81.0,0.0,0.0
27,81.0,0.01770878699377909,0.0
28,81.0,0.09661465974762018,0.0
29,81.0,0.03177388078931265,0.0
30,81.0,0.16773015441111794,0.0
31,81.0,0.072853240906263,0.0
32,81.0,0.16865890520980975,0.0
33,81.0,0.0,0.0
34,81.0,0.2460020016789587,0.0
35,81.0,0.18867508123422838,0.0
36,81.0,0.0,0.0
37,81.0,0.0752614978613787,0.0
38,81.0,0.12031170897024535,0.0
39,81.0,0.24582144389358696,0.0
40,81.0,0.010845963144101578,0.0
41,81.0,0.32013406535467415,0.0
42,81.0,0.0,0.0
43,81.0,0.0,0.0
44,81.0,0.0,0.0
45,81.0,0.0,0.0
46,81.0,0.0,0.0
47,81.0,0.1906737108353863,0.0
48,81.0,0.0,0.0
49,81.0,0.05201686936792249,0.0
50,81.0,0.0,0.0
1,82.0,0.0,0.0
2,82.0,0.0,0.0
3,82.0,0.0,0.0
4,82.0,0.21318516125223053,0.0
5,82.0,0.0,0.0
6,82.0,0.0,0.0
7,82.0,0.13249746684028652,0.0
8,82.0,0.22182790143911624,0.0
9,82.0,0.05903172273293522,0.0
10,82.0,0.0,0.0
11,82.0,0.1362604148445946,0.0
12,82.0,0.05333912613738656,0.0
13,82.0,0.09168686708862783,0.0
14,82.0,0.0,0.0
15,82.0,0.0,0.0
16,82.0,0.23126915847352325,0.0
17,82.0,0.08028193093594727,0.0
18,82.0,0.13869284698794104,0.0
19,82.0,0.15464111515160017,0.0
20,82.0,0.046587228182788265,0.0
21,82.0,0.0,0.0
22,82.0,0.0,0.0
23,82.0,0.29262537751329665,0.0
24,82.0,0.0,0.0
25,82.0,0.0,0.0
26,82.0,0.07513509618022207,0.0
27,82.0,0.0,0.0
28,82.0,0.0,0.0
29,82.0,0.0,0.0
30,82.0,0.08617734561658053,0.0
31,82.0,0.06181316329997988,0.0
32,82.0,0.007497826584288547,0.0
33,82.0,0.0,0.0
34,82.0,0.0,0.0
35,82.0,0.19195069899771844,0.0
36,82.0,0.14513164421183145,0.0
37,82.0,0.0,0.0
38,82.0,0.0,0.0
39,82.0,0.0,0.0
40,82.0,0.0,0.0
41,82.0,0.3892528553914961,0.0
42,82.0,0.0,0.0
43,82.0,0.07950286384557226,0.0
44,82.0,0.013481649780790916,0.0
45,82.0,0.0,0.0
46,82.0,0.0,0.0
47,82.0,0.1771499316545777,0.0
48,82.0,0.0,0.0
49,82.0,0.20358492444537135,0.0
50,82.0,0.0,0.0
1,83.0,0.02352312248382482,0.0
2,83.0,0.0,0.0
3,83.0,0.0722791217001505,0.0
4,83.0,0.0,0.0
5,83.0,0.0728809245217954,0.0
6,83.0,0.10777248173800391,0.0
7,83.0,0.0,0.0
8,83.0,0.0,0.0
9,83.0,0.057713172349187714,0.0
10,83.0,0.058733660809779376,0.0
11,83.0,0.0,0.0
12,83.0,0.011965472887411677,0.0
13,83.0,0.34545208597244004,0.0
14,83.0,0.21302590659758014,0.0
15,83.0,0.0,0.0
16,83.0,0.11116865329540737,0.0
17,83.0,0.0,0.0
18,83.0,0.0,0.0
19,83.0,0.07284016628440004,0.0
20,83.0,0.36315169842301587,0.0
21,83.0,0.0,0.0
22,83.0,0.17515393771317433,0.0
23,83.0,0.2482274070747592,0.0
24,83.0,0.1583992147328519,0.0
25,83.0,0.04486479914429842,0.0
26,83.0,0.21742431786537808,0.0
27,83.0,0.07359139136389548,0.0
28,83.0,0.0,0.0
29,83.0,0.0,0.0
30,83.0,0.01949167455312162,0.0
31,83.0,0.0,0.0
32,83.0,0.012829147888236192,0.0
33,83.0,0.0,0.0
34,83.0,0.0,0.0
35,83.0,0.03872178112750291,0.0
36,83.0,0.0,0.0
37,83.0,0.02208412199720433,0.0
38,83.0,0.10423489565743915,0.0
39,83.0,0.0,0.0
40,83.0,0.0,0.0
41,83.0,0.0,0.0
42,83.0,0.07960733401045894,0.0
43,83.0,0.0,0.0
44,83.0,0.0,0.0
45,83.0,0.01810494360152015,0.0
46,83.0,0.0,0.0
47,83.0,0.15447974267128384,0.0
48,83.0,0.0,0.0
49,83.0,0.04477439675037409,0.0
50,83.0,0.0,0.0
1,84.0,0.3133770962269219,0.0
2,84.0,0.0,0.0
3,84.0,0.026340275323078588,0.0
4,84.0,0.06073364530197012,0.0
5,84.0,0.027323910987328892,0.0
6,84.0,0.0,0.0
7,84.0,0.025361557521168865,0.0
8,84.0,0.11543880574440912,0.0
9,84.0,0.1523761564116154,0.0
10,84.0,0.0,0.0
11,84.0,0.0,0.0
12,84.0,0.0,0.0
13,84.0,0.1646113479716188,0.0
14,84.0,0.0,0.0
15,84.0,0.27981004135941345,0.0
16,84.0,0.0,0.0
17,84.0,0.003968726436334058,0.0
18,84.0,0.07036270317789761,0.0
19,84.0,0.01848729452699338,0.0
20,84.0,0.010182018557045702,0.0
21,84.0,0.0,0.0
22,84.0,0.06982344820922703,0.0
23,84.0,0.0,0.0
24,84.0,0.0,0.0
25,84.0,0.0,0.0
26,84.0,0.0,0.0
27,84.0,0.020755211886081204,0.0
28,84.0,0.0,0.0
29,84.0,0.0,0.0
30,84.0,0.0,0.0
31,84.0,0.0,0.0
32,84.0,0.04971351783883915,0.0
33,84.0,0.0052719825294988976,0.0
34,84.0,0.12912741832917352,0.0
35,84.0,0.0,0.0
36,84.0,0.4717942386301288,0.0
37,84.0,0.0,0.0
38,84.0,0.26945267597517375,0.0
39,84.0,0.0,0.0
40,84.0,0.0,0.0
41,84.0,0.1433307653748226,0.0
42,84.0,0.033075584349707476,0.0
43,84.0,0.05247694037686379,0.0
44,84.0,0.0,0.0
45,84.0,0.0,0.0
46,84.0,0.0,0.0
47,84.0,0.07679018194543386,0.0
48,84.0,0.025814941456126173,0.0
49,84.0,0.0,0.0
50,84.0,0.0,0.0
1,85.0,0.01249716000882839,0.0
2,85.0,0.0,0.0
3,85.0,0.23971164171265624,0.0
4,85.0,0.08634761286683312,0.0
5,85.0,0.0,0.0
6,85.0,0.0,0.0
7,85.0,0.0,0.0
8,85.0,0.08702615238398426,0.0
9,85.0,0.014320754083876897,0.0
10,85.0,0.08596718805413606,0.0
11,85.0,0.0,0.0
12,85.0,0.0036367242474963923,0.0
13,85.0,0.0,0.0
14,85.0,0.0,0.0
15,85.0,0.07451375562920837,0.0
16,85.0,0.0,0.0
17,85.0,0.14237989985830468,0.0
18,85.0,0.10563566432005533,0.0
19,85.0,0.0,0.0
20,85.0,0.0,0.0
21,85.0,0.19325685317734698,0.0
22,85.0,0.0,0.0
23,85.0,0.0,0.0
24,85.0,0.1025860925811829,0.0
25,85.0,0.04668611842459436,0.0
26,85.0,0.0,0.0
27,85.0,0.00288381086783307,0.0
28,85.0,0.0,0.0
29,85.0,0.10966522436400461,0.0
30,85.0,0.0076523534947056104,0.0
31,85.0,0.0,0.0
32,85.0,0.24637859631273795,0.0
33,85.0,0.01559218203186008,0.0
34,85.0,0.16319325933088735,0.0
35,85.0,0.20049378298517517,0.0
36,85.0,0.11242112502408241,0.0
37,85.0,0.0,0.0
38,85.0,0.0,0.0
39,85.0,0.3768793310020343,0.0
40,85.0,0.10126443733086732,0.0
41,85.0,0.1831321994791223,0.0
42,85.0,0.03443157325539459,0.0
43,85.0,0.0,0.0
44,85.0,0.023244202973502714,0.0
45,85.0,0.0,0.0
46,85.0,0.0,0.0
47,85.0,0.037507041714336053,0.0
48,85.0,0.2915086295297207,0.0
49,85.0,0.0,0.0
50,85.0,0.010346891661203284,0.0
1,86.0,0.0,0.0
2,86.0,0.03538220403242365,0.0
3,86.0,0.04239712346539504,0.0
4,86.0,0.0,0.0
5,86.0,0.12379328411559765,0.0
6,86.0,0.0,0.0
7,86.0,0.25223481917377755,0.0
8,86.0,0.1574369395145916,0.0
9,86.0,0.0,0.0
10,86.0,0.13965450363440413,0.0
11,86.0,0.0,0.0
12,86.0,0.1355970629383365,0.0
13,86.0,0.0,0.0
14,86.0,0.14781368461332134,0.0
15,86.0,0.0,0.0
16,86.0,0.13208530319535428,0.0
17,86.0,0.21821156909754091,0.0
18,86.0,0.059616798131021276,0.0
19,86.0,0.0,0.0
20,86.0,0.0,0.0
21,86.0,0.0,0.0
22,86.0,0.110360282937084,0.0
23,86.0,0.0,0.0
24,86.0,0.2592688141526608,0.0
25,86.0,0.0,0.0
26,86.0,0.0,0.0
27,86.0,0.0,0.0
28,86.0,0.05455835709947465,0.0
29,86.0,0.0,0.0
30,86.0,0.0,0.0
31,86.0,0.15889280354665303,0.0
32,86.0,0.0,0.0
33,86.0,0.0,0.0
34,86.0,0.0,0.0
35,86.0,0.22726072553449128,0.0
36,86.0,0.0,0.0
37,86.0,0.0,0.0
38,86.0,0.0,0.0
39,86.0,0.09911822272611637,0.0
40,86.0,0.0,0.0
41,86.0,0.09571692778145557,0.0
42,86.0,0.0897519808991355,0.0
43,86.0,0.0849109850819072,0.0
44,86.0,0.0,0.0
45,86.0,0.0,0.0
46,86.0,0.08570241234159293,0.0
47,86.0,0.06416230740166617,0.0
48,86.0,0.20635464502726986,0.0
49,86.0,0.0745080825026343,0.0
50,86.0,0.15693374208568256,0.0
1,87.0,0.13242434351089272,0.0
2,87.0,0.05133699896899058,0.0
3,87.0,0.0,0.0
4,87.0,0.0,0.0
5,87.0,0.0,0.0
6,87.0,0.15790650294594388,0.0
7,87.0,0.0,0.0
8,87.0,0.1887700726389998,0.0
9,87.0,0.0,0.0
10,87.0,0.04816865968731676,0.0
11,87.0,0.03011109194247763,0.0
12,87.0,0.0,0.0
13,87.0,0.15352062552235912,0.0
14,87.0,0.0,0.0
15,87.0,0.0,0.0
16,87.0,0.0,0.0
17,87.0,0.0,0.0
18,87.0,0.13982314463612378,0.0
19,87.0,0.0,0.0
20,87.0,0.00027740957868804816,0.0
21,87.0,0.08423047984040188,0.0
22,87.0,0.0,0.0
23,87.0,0.0,0.0
24,87.0,0.02277720678983486,0.0
25,87.0,0.23959870217093604,0.0
26,87.0,0.0,0.0
27,87.0,0.02278348813062736,0.0
28,87.0,0.0,0.0
29,87.0,0.012294964090136529,0.0
30,87.0,0.035014293806779784,0.0
31,87.0,0.0,0.0
32,87.0,0.2751896022680873,0.0
33,87.0,0.0,0.0
34,87.0,0.3364374194282911,0.0
35,87.0,0.11971630332237759,0.0
36,87.0,0.0,0.0
37,87.0,0.0,0.0
38,87.0,0.0,0.0
39,87.0,0.01917366934852638,0.0
40,87.0,0.2016083815426396,0.0
41,87.0,0.0,0.0
42,87.0,0.1282055596678887,0.0
43,87.0,0.0,0.0
44,87.0,0.0,0.0
45,87.0,0.07901874305406764,0.0
46,87.0,0.0,0.0
47,87.0,0.0,0.0
48,87.0,0.0,0.0
49,87.0,0.11011568942147387,0.0
50,87.0,0.0,0.0
1,88.0,0.0732590449488314,0.0
2,88.0,0.0,0.0
3,88.0,0.1345690306711531,0.0
4,88.0,0.0,0.0
5,88.0,0.0,0.0
6,88.0,0.24287285429692784,0.0
7,88.0,0.0,0.0
8,88.0,0.0,0.0
9,88.0,0.0,0.0
10,88.0,0.0,0.0
11,88.0,0.08014195456266626,0.0
12,88.0,0.0,0.0
13,88.0,0.0,0.0
14,88.0,0.29113833933211186,0.0
15,88.0,0.0,0.0
16,88.0,0.0,0.0
17,88.0,0.0693114065089716,0.0
18,88.0,0.0,0.0
19,88.0,0.0,0.0
20,88.0,0.0009862137996536902,0.0
21,88.0,0.0,0.0
22,88.0,0.0,0.0
23,88.0,0.0,0.0
24,88.0,0.04522791995145781,0.0
25,88.0,0.0,0.0
26,88.0,0.0,0.0
27,88.0,0.011575022210520647,0.0
28,88.0,0.19128607485717974,0.0
29,88.0,0.0,0.0
30,88.0,0.0,0.0
31,88.0,0.0,0.0
32,88.0,0.0,0.0
33,88.0,0.0,0.0
34,88.0,0.3138792085918948,0.0
35,88.0,0.03315397278635357,0.0
36,88.0,0.2630038507623469,0.0
37,88.0,0.0,0.0
38,88.0,0.0,0.0
39,88.0,0.0,0.0
40,88.0,0.0,0.0
41,88.0,0.13055617894934934,0.0
42,88.0,0.0,0.0
43,88.0,0.28117572061635665,0.0
44,88.0,0.0,0.0
45,88.0,0.0,0.0
46,88.0,0.10145051025554097,0.0
47,88.0,0.17063035229990908,0.0
48,88.0,0.03128541409040764,0.0
49,88.0,0.0,0.0
50,88.0,0.0,0.0
1,89.0,0.0,0.0
2,89.0,0.18369969865575753,0.0
3,89.0,0.0,0.0
4,89.0,0.0,0.0
5,89.0,0.08366889123337284,0.0
6,89.0,0.0,0.0
7,89.0,0.0,0.0
8,89.0,0.0,0.0
9,89.0,0.0,0.0
10,89.0,0.02992785546558141,0.0
11,89.0,0.15367684301936124,0.0
12,89.0,0.4869161736043378,0.0
13,89.0,0.0,0.0
14,89.0,0.06919989083024514,0.0
15,89.0,0.10947892875473597,0.0
16,89.0,0.09915027007292221,0.0
17,89.0,0.0,0.0
18,89.0,0.24773226974899043,0.0
19,89.0,0.0,0.0
20,89.0,0.03291914966815501,0.0
21,89.0,0.0,0.0
22,89.0,0.10174820677591412,0.0
23,89.0,0.0,0.0
24,89.0,0.0,0.0
25,89.0,0.06976768992430993,0.0
26,89.0,0.0,0.0
27,89.0,0.0,0.0
28,89.0,0.0,0.0
29,89.0,0.0,0.0
30,89.0,0.0,0.0
31,89.0,0.0,0.0
32,89.0,0.19374509042572186,0.0
33,89.0,0.0,0.0
34,89.0,0.10575700957848322,0.0
35,89.0,0.0,0.0
36,89.0,0.010643599168893791,0.0
37,89.0,0.0,0.0
38,89.0,0.0,0.0
39,89.0,0.0,0.0
40,89.0,0.04717671095408893,0.0
41,89.0,0.0,0.0
42,89.0,0.0,0.0
43,89.0,0.3408809367928586,0.0
44,89.0,0.0,0.0
45,89.0,0.0,0.0
46,89.0,0.04274347212762708,0.0
47,89.0,0.0,0.0
48,89.0,0.0,0.0
49,89.0,0.0,0.0
50,89.0,0.0,0.0
1,90.0,0.0,0.0
2,90.0,0.0,0.0
3,90.0,0.0,0.0
4,90.0,0.0,0.0
5,90.0,0.20537029582167132,0.0
6,90.0,0.0491077356404912,0.0
7,90.0,0.0,0.0
8,90.0,0.08998121476081877,0.0
9,90.0,0.0,0.0
10,90.0,0.0,0.0
11,90.0,0.11429673531900963,0.0
12,90.0,0.216291123358631,0.0
13,90.0,0.16566428592828275,0.0
14,90.0,0.0,0.0
15,90.0,0.04682534194944832,0.0
16,90.0,0.0,0.0
17,90.0,0.0,0.0
18,90.0,0.09799974602108741,0.0
19,90.0,0.037427649807902474,0.0
20,90.0,0.008011746161259992,0.0
21,90.0,0.0,0.0
22,90.0,0.0,0.0
23,90.0,0.0,0.0
24,90.0,0.1500112280071415,0.0
25,90.0,0.016792114326686036,0.0
26,90.0,0.0,0.0
27,90.0,0.2780440657197685,0.0
28,90.0,0.018361750745797933,0.0
29,90.0,0.15084220493694755,0.0
30,90.0,0.05781333924332288,0.0
31,90.0,0.0,0.0
32,90.0,0.0,0.0
33,90.0,0.0,0.0
34,90.0,0.0,0.0
35,90.0,0.0,0.0
36,90.0,0.06268223472695866,0.0
37,90.0,0.05572334931323786,0.0
38,90.0,0.0,0.0
39,90.0,0.0,0.0
40,90.0,0.0,0.0
41,90.0,0.0,0.0
42,90.0,0.0473038785246912,0.0
43,90.0,0.12345604918882946,0.0
44,90.0,0.0,0.0
45,90.0,0.0,0.0
46,90.0,0.03119668766411432,0.0
47,90.0,0.32094714801723234,0.0
48,90.0,0.28758733733116126,0.0
49,90.0,0.08950252589376362,0.0
50,90.0,0.21284598473236405,0.0
1,91.0,0.23460361751271142,0.0
2,91.0,0.0,0.0
3,91.0,0.011253266856081856,0.0
4,91.0,0.16455534743866929,0.0
5,91.0,0.0,0.0
6,91.0,0.24302266057952382,0.0
7,91.0,0.0,0.0
8,91.0,0.0,0.0
9,91.0,0.05629410228086451,0.0
10,91.0,0.22577961675043057,0.0
11,91.0,0.0,0.0
12,91.0,0.10573779444185694,0.0
13,91.0,0.11235311942427051,0.0
14,91.0,0.0,0.0
15,91.0,0.0,0.0
16,91.0,0.13493198609681745,0.0
17,91.0,0.0,0.0
18,91.0,0.11007185920605445,0.0
19,91.0,0.0,0.0
20,91.0,0.0,0.0
21,91.0,0.0,0.0
22,91.0,0.0,0.0
23,91.0,0.021759271692516458,0.0
24,91.0,0.20981665000274696,0.0
25,91.0,0.03205186061953025,0.0
26,91.0,0.0,0.0
27,91.0,0.3386578479094545,0.0
28,91.0,0.107984036311226,0.0
29,91.0,0.0,0.0
30,91.0,0.06978682126330071,0.0
31,91.0,0.13422757497996696,0.0
32,91.0,0.1915090675318919,0.0
33,91.0,0.0,0.0
34,91.0,0.047949765370330466,0.0
35,91.0,0.0,0.0
36,91.0,0.0,0.0
37,91.0,0.0,0.0
38,91.0,0.18102947969638883,0.0
39,91.0,0.0,0.0
40,91.0,0.0,0.0
41,91.0,0.17928675883324507,0.0
42,91.0,0.262186527087399,0.0
43,91.0,0.0,0.0
44,91.0,0.4213342427980751,0.0
45,91.0,0.2568221457319877,0.0
46,91.0,0.23685882590400653,0.0
47,91.0,0.024244953601021968,0.0
48,91.0,0.0,0.0
49,91.0,0.3850570734960128,0.0
50,91.0,0.09601373558318382,0.0
1,92.0,0.0,0.0
2,92.0,0.3007191440129523,0.0
3,92.0,0.0,0.0
4,92.0,0.0,0.0
5,92.0,0.11021130040127158,0.0
6,92.0,0.0,0.0
7,92.0,0.0429988429902175,0.0
8,92.0,0.03540930423803468,0.0
9,92.0,0.0,0.0
10,92.0,0.006008623765092258,0.0
11,92.0,0.03975442432840626,0.0
12,92.0,0.27004399093606457,0.0
13,92.0,0.11141111159763928,0.0
14,92.0,0.0,0.0
15,92.0,0.012756574377087104,0.0
16,92.0,0.2561970906528771,0.0
17,92.0,0.0,0.0
18,92.0,0.2640018609153193,0.0
19,92.0,0.0,0.0
20,92.0,0.0,0.0
21,92.0,0.0,0.0
22,92.0,0.0,0.0
23,92.0,0.08189357268951314,0.0
24,92.0,0.0,0.0
25,92.0,0.2092070690008936,0.0
26,92.0,0.06699938356105806,0.0
27,92.0,0.24849473514621412,0.0
28,92.0,0.0,0.0
29,92.0,0.0,0.0
30,92.0,0.0,0.0
31,92.0,0.1606155851650305,0.0
32,92.0,0.05093928752080934,0.0
33,92.0,0.0,0.0
34,92.0,0.0,0.0
35,92.0,0.0,0.0
36,92.0,0.0,0.0
37,92.0,0.0,0.0
38,92.0,0.19719690323947137,0.0
39,92.0,0.023988365914058507,0.0
40,92.0,0.0,0.0
41,92.0,0.15221575195327763,0.0
42,92.0,0.17857846053178072,0.0
43,92.0,0.0,0.0
44,92.0,0.0,0.0
45,92.0,0.13863321591704558,0.0
46,92.0,0.13824306199214298,0.0
47,92.0,0.0,0.0
48,92.0,0.042928103444228816,0.0
49,92.0,0.0,0.0
50,92.0,0.0,0.0
1,93.0,0.0,0.0
2,93.0,0.034385733801564844,0.0
3,93.0,0.19430807340334588,0.0
4,93.0,0.020199068909094176,0.0
5,93.0,0.26614871509786076,0.0
6,93.0,0.0,0.0
7,93.0,0.0,0.0
8,93.0,0.0,0.0
9,93.0,0.0,0.0
10,93.0,0.0,0.0
11,93.0,0.06630820460398135,0.0
12,93.0,0.09034400191774816,0.0
13,93.0,0.008687769342132112,0.0
14,93.0,0.03300243935774472,0.0
15,93.0,0.0,0.0
16,93.0,0.0,0.0
17,93.0,0.13456209303956246,0.0
18,93.0,0.046992562349518874,0.0
19,93.0,0.0,0.0
20,93.0,0.1874511425621871,0.0
21,93.0,0.0,0.0
22,93.0,0.045555277147679374,0.0
23,93.0,0.0321660380377331,0.0
24,93.0,0.05363075467472844,0.0
25,93.0,0.0,0.0
26,93.0,0.0,0.0
27,93.0,0.0,0.0
28,93.0,0.3102778226908566,0.0
29,93.0,0.0,0.0
30,93.0,0.0,0.0
31,93.0,0.0,0.0
32,93.0,0.0,0.0
33,93.0,0.0,0.0
34,93.0,0.09029958523390402,0.0
35,93.0,0.0,0.0
36,93.0,0.0,0.0
37,93.0,0.0,0.0
38,93.0,0.0,0.0
39,93.0,0.04418663106889553,0.0
40,93.0,0.0,0.0
41,93.0,0.30983801648950304,0.0
42,93.0,0.0,0.0
43,93.0,0.0,0.0
44,93.0,0.0,0.0
45,93.0,0.0,0.0
46,93.0,0.0,0.0
47,93.0,0.3386009986797581,0.0
48,93.0,0.31163390060055884,0.0
49,93.0,0.07491646999118529,0.0
50,93.0,0.2037517805984299,0.0
1,94.0,0.21043521823438793,0.0
2,94.0,0.0,0.0
3,94.0,0.0,0.0
4,94.0,0.0,0.0
5,94.0,0.025473481005674592,0.0
6,94.0,0.0,0.0
7,94.0,0.0,0.0
8,94.0,0.03154338866862727,0.0
9,94.0,0.08236017792286132,0.0
10,94.0,0.0,0.0
11,94.0,0.0,0.0
12,94.0,0.0,0.0
13,94.0,0.24584236631499923,0.0
14,94.0,5.383755871224416e-05,0.0
15,94.0,0.07905926477441394,0.0
16,94.0,0.061748099323439054,0.0
17,94.0,0.1555415080546524,0.0
18,94.0,0.0,0.0
19,94.0,0.11268213063745891,0.0
20,94.0,0.0,0.0
21,94.0,0.0,0.0
22,94.0,0.10279921625424515,0.0
23,94.0,0.0,0.0
24,94.0,0.08614302517216066,0.0
25,94.0,0.0,0.0
26,94.0,0.10537421146532322,0.0
27,94.0,0.020933976166283452,0.0
28,94.0,0.0,0.0
29,94.0,0.06049765882669744,0.0
30,94.0,0.0,0.0
31,94.0,0.10009202690750729,0.0
32,94.0,0.0,0.0
33,94.0,0.06757706121961826,0.0
34,94.0,0.0,0.0
35,94.0,0.3039079760997284,0.0
36,94.0,0.0,0.0
37,94.0,0.0,0.0
38,94.0,0.0,0.0
39,94.0,0.21754591069245088,0.0
40,94.0,0.0,0.0
41,94.0,0.007589761808614037,0.0
42,94.0,0.22223425319002366,0.0
43,94.0,0.12259428523815474,0.0
44,94.0,0.0,0.0
45,94.0,0.12940913466764858,0.0
46,94.0,0.21768148448358604,0.0
47,94.0,0.0,0.0
48,94.0,0.11926806683717794,0.0
49,94.0,0.0,0.0
50,94.0,0.0,0.0
1,95.0,0.22116954609926642,0.0
2,95.0,0.0,0.0
3,95.0,0.0,0.0
4,95.0,0.053327796217697676,0.0
5,95.0,0.0,0.0
6,95.0,0.0,0.0
7,95.0,0.059746077559067245,0.0
8,95.0,0.19872719978052056,0.0
9,95.0,0.06209976700510311,0.0
10,95.0,0.05021723956638957,0.0
11,95.0,0.0,0.0
12,95.0,0.14080113272143135,0.0
13,95.0,0.009516802144813874,0.0
14,95.0,0.08932602891832031,0.0
15,95.0,0.0,0.0
16,95.0,0.0,0.0
17,95.0,0.0,0.0
18,95.0,0.0,0.0
19,95.0,0.12776560724713715,0.0
20,95.0,0.0,0.0
21,95.0,0.0,0.0
22,95.0,0.0,0.0
23,95.0,0.012805893928000023,0.0
24,95.0,0.38434652516521606,0.0
25,95.0,0.0,0.0
26,95.0,0.3259716770152532,0.0
27,95.0,0.04229327095197277,0.0
28,95.0,0.0,0.0
29,95.0,0.0,0.0
30,95.0,0.0,0.0
31,95.0,0.21057356951659978,0.0
32,95.0,0.0,0.0
33,95.0,0.10874096509253606,0.0
34,95.0,0.0,0.0
35,95.0,0.0,0.0
36,95.0,0.0,0.0
37,95.0,0.0,0.0
38,95.0,0.03193682271228793,0.0
39,95.0,0.1864457318534497,0.0
40,95.0,0.10403759132484858,0.0
41,95.0,0.0,0.0
42,95.0,0.02724990636476965,0.0
43,95.0,0.0,0.0
44,95.0,0.0,0.0
45,95.0,0.04191604219475453,0.0
46,95.0,0.0007908037870527629,0.0
47,95.0,0.22896663147267748,0.0
48,95.0,0.15193896246358451,0.0
49,95.0,0.0,0.0
50,95.0,0.1423432953121374,0.0
1,96.0,0.12649191647368985,0.0
2,96.0,0.0,0.0
3,96.0,0.15333993557317438,0.0
4,96.0,0.0,0.0
5,96.0,0.014981865660816385,0.0
6,96.0,0.0,0.0
7,96.0,0.0,0.0
8,96.0,0.07085217924692266,0.0
9,96.0,0.0,0.0
10,96.0,0.0,0.0
11,96.0,0.0005353492186270792,0.0
12,96.0,0.0,0.0
13,96.0,0.0,0.0
14,96.0,0.1411039768097908,0.0
15,96.0,0.07507710905086606,0.0
16,96.0,0.04190367426562658,0.0
17,96.0,0.0,0.0
18,96.0,0.012098852294187945,0.0
19,96.0,0.0,0.0
20,96.0,0.0,0.0
21,96.0,0.1439055316843183,0.0
22,96.0,0.1914780898518217,0.0
23,96.0,0.0,0.0
24,96.0,0.028282378392878504,0.0
25,96.0,0.0,0.0
26,96.0,0.05822511490843907,0.0
27,96.0,0.055878597514806505,0.0
28,96.0,0.0,0.0
29,96.0,0.0,0.0
30,96.0,0.039700233742957725,0.0
31,96.0,0.0,0.0
32,96.0,0.0,0.0
33,96.0,0.31948716734961546,0.0
34,96.0,0.18603438382184057,0.0
35,96.0,0.03915577601251152,0.0
36,96.0,0.0,0.0
37,96.0,0.1786506965475586,0.0
38,96.0,0.0,0.0
39,96.0,0.0,0.0
40,96.0,0.0,0.0
41,96.0,0.0,0.0
42,96.0,0.17230816024650308,0.0
43,96.0,0.01880129560354249,0.0
44,96.0,0.591838353550729,0.0
45,96.0,0.0,0.0
46,96.0,0.2058359666151286,0.0
47,96.0,0.22500467723875972,0.0
48,96.0,0.032526015094956895,0.0
49,96.0,0.06857964085793178,0.0
50,96.0,0.0,0.0
1,97.0,0.0,0.0
2,97.0,0.0,0.0
3,97.0,0.0,0.0
4,97.0,0.013022815650916453,0.0
5,97.0,0.0,0.0
6,97.0,0.1942140960281592,0.0
7,97.0,0.09160656974850123,0.0
8,97.0,0.0,0.0
9,97.0,0.09975564939692294,0.0
10,97.0,0.0,0.0
11,97.0,0.0,0.0
12,97.0,0.0,0.0
13,97.0,0.0,0.0
14,97.0,0.0,0.0
15,97.0,0.0,0.0
16,97.0,0.0,0.0
17,97.0,0.0,0.0
18,97.0,0.0,0.0
19,97.0,0.0,0.0
20,97.0,0.02737684232158899,0.0
21,97.0,0.0,0.0
22,97.0,0.16679487540148408,0.0
23,97.0,0.0,0.0
24,97.0,0.0,0.0
25,97.0,0.002800626456819,0.0
26,97.0,0.2108076757683126,0.0
27,97.0,0.3607667901397663,0.0
28,97.0,0.0,0.0
29,97.0,0.0,0.0
30,97.0,0.0023842745616876604,0.0
31,97.0,0.005860218911747261,0.0
32,97.0,0.07849617579492552,0.0
33,97.0,0.0,0.0
34,97.0,0.09956855372940399,0.0
35,97.0,0.021897888599871296,0.0
36,97.0,0.05040146250836042,0.0
37,97.0,0.05562218626047433,0.0
38,97.0,0.0,0.0
39,97.0,0.0755226231093502,0.0
40,97.0,0.08385135026798507,0.0
41,97.0,0.0,0.0
42,97.0,0.22042058276327647,0.0
43,97.0,0.12099944009932428,0.0
44,97.0,0.25672885005583246,0.0
45,97.0,0.0,0.0
46,97.0,0.1262993646223951,0.0
47,97.0,0.0,0.0
48,97.0,0.3386117544754821,0.0
49,97.0,0.0,0.0
50,97.0,0.0,0.0
1,98.0,0.0,0.0
2,98.0,0.10151173144801195,0.0
3,98.0,0.0,0.0
4,98.0,0.04067889862286789,0.0
5,98.0,0.0018656516876645046,0.0
6,98.0,0.0,0.0
7,98.0,0.04547446874313954,0.0
8,98.0,0.0,0.0
9,98.0,0.0,0.0
10,98.0,0.0,0.0
11,98.0,0.0,0.0
12,98.0,0.07730258965206671,0.0
13,98.0,0.13037958668616823,0.0
14,98.0,0.0,0.0
15,98.0,0.0,0.0
16,98.0,0.0,0.0
17,98.0,0.0,0.0
18,98.0,0.07236050940813954,0.0
19,98.0,0.16489839756941427,0.0
20,98.0,0.0,0.0
21,98.0,0.1309450185139699,0.0
22,98.0,0.16718596043226563,0.0
23,98.0,0.0,0.0
24,98.0,0.0,0.0
25,98.0,0.1644172291137126,0.0
26,98.0,0.0,0.0
27,98.0,0.15257517221125572,0.0
28,98.0,0.0,0.0
29,98.0,0.06747446706625093,0.0
30,98.0,0.0,0.0
31,98.0,0.0,0.0
32,98.0,0.0,0.0
33,98.0,0.0,0.0
34,98.0,0.0,0.0
35,98.0,0.0,0.0
36,98.0,0.0,0.0
37,98.0,0.05738127382034308,0.0
38,98.0,0.23519135207073616,0.0
39,98.0,0.08260018372481504,0.0
40,98.0,0.0,0.0
41,98.0,0.023504403593193945,0.0
42,98.0,0.4433783053893229,0.0
43,98.0,0.0,0.0
44,98.0,0.127657982026959,0.0
45,98.0,0.03863346525640454,0.0
46,98.0,0.0,0.0
47,98.0,0.10134596337249713,0.0
48,98.0,0.04085676723692577,0.0
49,98.0,0.07883302988572327,0.0
50,98.0,0.0,0.0
1,99.0,0.0,0.0
2,99.0,0.29158882004202114,0.0
3,99.0,0.0548138638575123,0.0
4,99.0,0.08730758841731068,0.0
5,99.0,0.12966178371642267,0.0
6,99.0,0.0,0.0
7,99.0,0.025525079441470533,0.0
8,99.0,0.0,0.0
9,99.0,0.09631199739483043,0.0
10,99.0,0.0,0.0
11,99.0,0.0,0.0
12,99.0,0.0,0.0
13,99.0,0.0,0.0
14,99.0,0.0,0.0
15,99.0,0.0,0.0
16,99.0,0.0,0.0
17,99.0,0.0,0.0
18,99.0,0.030411679291263538,0.0
19,99.0,0.0,0.0
20,99.0,0.10632901036044173,0.0
21,99.0,0.0,0.0
22,99.0,0.1834175900830991,0.0
23,99.0,0.0,0.0
24,99.0,0.14707604301426735,0.0
25,99.0,0.0,0.0
26,99.0,0.18990032372174948,0.0
27,99.0,0.1185738001312564,0.0
28,99.0,0.0,0.0
29,99.0,0.1178685165227008,0.0
30,99.0,0.0,0.0
31,99.0,0.0,0.0
32,99.0,0.10926603477061037,0.0
33,99.0,0.05892768129151371,0.0
34,99.0,0.002489138679279357,0.0
35,99.0,0.0,0.0
36,99.0,0.0,0.0
37,99.0,0.032624352241376386,0.0
38,99.0,0.0,0.0
39,99.0,0.0,0.0
40,99.0,0.0,0.0
41,99.0,0.0,0.0
42,99.0,0.010803518431246273,0.0
43,99.0,0.0,0.0
44,99.0,0.0,0.0
45,99.0,0.015426238847802143,0.0
46,99.0,0.0,0.0
47,99.0,0.0,0.0
48,99.0,0.0,0.0
49,99.0,0.0,0.0
50,99.0,0.0,0.0
1,100.0,0.0,0.0
2,100.0,0.0,0.0
3,100.0,0.33449019079518705,0.0
4,100.0,0.0,0.0
5,100.0,0.05541811313186429,0.0
6,100.0,0.0,0.0
7,100.0,0.0,0.0
8,100.0,0.11301251670890711,0.0
9,100.0,0.0,0.0
10,100.0,0.0,0.0
11,100.0,0.0,0.0
12,100.0,0.014248632994372068,0.0
13,100.0,0.0,0.0
14,100.0,0.0,0.0
15,100.0,0.0,0.0
16,100.0,0.0,0.0
17,100.0,0.3424706860054645,0.0
18,100.0,0.24107726427170395,0.0
19,100.0,0.0051430000801704345,0.0
20,100.0,0.21396391823201155,0.0
21,100.0,0.0,0.0
22,100.0,0.06479682359738737,0.0
23,100.0,0.0,0.0
24,100.0,0.0383729784300586,0.0
25,100.0,0.0,0.0
26,100.0,0.0026657747260887543,0.0
27,100.0,0.25538152423915306,0.0
28,100.0,0.0014240403422521863,0.0
29,100.0,0.0,0.0
30,100.0,0.005130466114778187,0.0
31,100.0,0.09449081535049442,0.0
32,100.0,0.0,0.0
33,100.0,0.0,0.0
34,100.0,0.0,0.0
35,100.0,0.19482869129281533,0.0
36,100.0,0.0,0.0
37,100.0,0.024772281678644315,0.0
38,100.0,0.0,0.0
39,100.0,0.0757855355746091,0.0
40,100.0,0.05125279369311475,0.0
41,100.0,0.0,0.0
42,100.0,0.0,0.0
43,100.0,0.3974624308556929,0.0
44,100.0,0.0217674814721297,0.0
45,100.0,0.0,0.0
46,100.0,0.12965480899065607,0.0
47,100.0,0.0,0.0
48,100.0,0.10868262048600252,0.0
49,100.0,0.0,0.0
50,100.0,0.25192826279071556,0.0
1,101.0,0.014353118020585032,0.0
2,101.0,0.12771675720810138,0.0
3,101.0,0.0,0.0
4,101.0,0.0,0.0
5,101.0,0.03369573888424149,0.0
6,101.0,0.0,0.0
7,101.0,0.07603355753805807,0.0
8,101.0,0.3539844457475646,0.0
9,101.0,0.0,0.0
10,101.0,0.05382673017750139,0.0
11,101.0,0.17156819080982033,0.0
12,101.0,0.0,0.0
13,101.0,0.0,0.0
14,101.0,0.08799217284429783,0.0
15,101.0,0.10480274637164377,0.0
16,101.0,0.0018613571275496454,0.0
17,101.0,0.005308235574918441,0.0
18,101.0,0.004749846889278597,0.0
19,101.0,0.0,0.0
20,101.0,0.0,0.0
21,101.0,0.0,0.0
22,101.0,0.0,0.0
23,101.0,0.0,0.0
24,101.0,0.0,0.0
25,101.0,0.08647042334218658,0.0
26,101.0,0.0,0.0
27,101.0,0.0,0.0
28,101.0,0.10510813497966831,0.0
29,101.0,0.0,0.0
30,101.0,0.0,0.0
31,101.0,0.0,0.0
32,101.0,0.037465526114464964,0.0
33,101.0,0.0,0.0
34,101.0,0.0,0.0
35,101.0,0.016309137057760936,0.0
36,101.0,0.0,0.0
37,101.0,0.10638087179410016,0.0
38,101.0,0.0,0.0
39,101.0,0.0,0.0
40,101.0,0.0,0.0
41,101.0,0.08241575452876582,0.0
42,101.0,0.0,0.0
43,101.0,0.0,0.0
44,101.0,0.0,0.0
45,101.0,0.0,0.0
46,101.0,0.13123980916718925,0.0
47,101.0,0.0,0.0
48,101.0,0.17130239595618502,0.0
49,101.0,0.0,0.0
50,101.0,0.23136392898157243,0.0
1,102.0,0.0,0.0
2,102.0,0.0,0.0
3,102.0,0.0,0.0
4,102.0,0.08224900434867033,0.0
5,102.0,0.5535182531110416,0.0
6,102.0,0.25802034565708,0.0
7,102.0,0.03805552818067626,0.0
8,102.0,0.15821071129863484,0.0
9,102.0,0.34694367970367324,0.0
10,102.0,0.0,0.0
11,102.0,0.006930426023348368,0.0
12,102.0,0.0,0.0
13,102.0,0.015419280080275155,0.0
14,102.0,0.21947765137765474,0.0
15,102.0,0.2638574613043668,0.0
16,102.0,0.016388766651071474,0.0
17,102.0,0.0,0.0
18,102.0,0.0,0.0
19,102.0,0.2206291238747451,0.0
20,102.0,0.04465660913150182,0.0
21,102.0,0.6108657922212035,0.0
22,102.0,0.0,0.0
23,102.0,0.0,0.0
24,102.0,0.0,0.0
25,102.0,0.1041461587389233,0.0
26,102.0,0.20477965100951934,0.0
27,102.0,0.14026315865963623,0.0
28,102.0,0.0,0.0
29,102.0,0.13943588383538008,0.0
30,102.0,0.0,0.0
31,102.0,0.0,0.0
32,102.0,0.0,0.0
33,102.0,0.1256543260952091,0.0
34,102.0,0.0,0.0
35,102.0,0.07559796816446107,0.0
36,102.0,0.0,0.0
37,102.0,0.02669593644139856,0.0
38,102.0,0.0,0.0
39,102.0,0.0,0.0
40,102.0,0.0,0.0
41,102.0,0.30880605890377055,0.0
42,102.0,0.08679130404604685,0.0
43,102.0,0.02051502483130785,0.0
44,102.0,0.0,0.0
45,102.0,0.0,0.0
46,102.0,0.13566973732765897,0.0
47,102.0,0.0,0.0
48,102.0,0.07098611527078058,0.0
49,102.0,0.0,0.0
50,102.0,0.0,0.0
1,103.0,0.0,0.0
2,103.0,0.048617113777703835,0.0
3,103.0,0.0,0.0
4,103.0,0.0,0.0
5,103.0,0.3444400393208127,0.0
6,103.0,0.15709013515372994,0.0
7,103.0,0.1252191311098504,0.0
8,103.0,0.0,0.0
9,103.0,0.017435637004836857,0.0
10,103.0,0.0,0.0
11,103.0,0.0,0.0
12,103.0,0.0,0.0
13,103.0,0.0,0.0
14,103.0,0.0,0.0
15,103.0,0.0,0.0
16,103.0,0.0,0.0
17,103.0,0.0,0.0
18,103.0,0.0,0.0
19,103.0,0.0,0.0
20,103.0,0.28121209122824786,0.0
21,103.0,0.4296299761885687,0.0
22,103.0,0.03579113295177394,0.0
23,103.0,0.11531885780066264,0.0
24,103.0,0.0,0.0
25,103.0,0.0,0.0
26,103.0,0.031248092523974647,0.0
27,103.0,0.0,0.0
28,103.0,0.0,0.0
29,103.0,0.0,0.0
30,103.0,0.0,0.0
31,103.0,0.0,0.0
32,103.0,0.08771848627798795,0.0
33,103.0,0.13382460213486103,0.0
34,103.0,0.14188740351945694,0.0
35,103.0,0.0,0.0
36,103.0,0.09838070276903244,0.0
37,103.0,0.0,0.0
38,103.0,0.06329481205809495,0.0
39,103.0,0.12478611902396142,0.0
40,103.0,0.26866865676460827,0.0
41,103.0,0.01763201730033004,0.0
42,103.0,0.0,0.0
43,103.0,0.08840650053494348,0.0
44,103.0,0.0,0.0
45,103.0,0.0,0.0
46,103.0,0.0,0.0
47,103.0,0.008699462795932589,0.0
48,103.0,0.0,0.0
49,103.0,0.0,0.0
50,103.0,0.18812919343044188,0.0
1,104.0,0.0,0.0
2,104.0,0.0,0.0
3,104.0,0.0,0.0
4,104.0,0.011092479976163472,0.0
5,104.0,0.2652405416335779,0.0
6,104.0,0.2336024989854073,0.0
7,104.0,0.3407488379957172,0.0
8,104.0,0.22352858504738815,0.0
9,104.0,0.1498672122127368,0.0
10,104.0,0.19742189284851586,0.0
11,104.0,0.0,0.0
12,104.0,0.0,0.0
13,104.0,0.0,0.0
14,104.0,0.0,0.0
15,104.0,0.2546427746408514,0.0
16,104.0,0.06484715463283297,0.0
17,104.0,0.08460651286633025,0.0
18,104.0,0.013844945418804544,0.0
19,104.0,0.0,0.0
20,104.0,0.16260729937168816,0.0
21,104.0,0.0,0.0
22,104.0,0.026637123772048965,0.0
23,104.0,0.0,0.0
24,104.0,0.0,0.0
25,104.0,0.0,0.0
26,104.0,0.230400876877894,0.0
27,104.0,0.07224604205617591,0.0
28,104.0,0.08053277891922639,0.0
29,104.0,0.0,0.0
30,104.0,0.0,0.0
31,104.0,0.06427465068905647,0.0
32,104.0,0.040867582201810304,0.0
33,104.0,0.0,0.0
34,104.0,0.0,0.0
35,104.0,0.11413318804944439,0.0
36,104.0,0.0,0.0
37,104.0,0.2221664932977776,0.0
38,104.0,0.15629982274887189,0.0
39,104.0,0.0,0.0
40,104.0,0.3455910638306052,0.0
41,104.0,0.036114284540161634,0.0
42,104.0,0.0,0.0
43,104.0,0.0,0.0
44,104.0,0.03488471746070476,0.0
45,104.0,0.0,0.0
46,104.0,0.0,0.0
47,104.0,0.0795884313447951,0.0
48,104.0,0.0,0.0
49,104.0,0.0,0.0
50,104.0,0.07680160478590137,0.0
1,105.0,0.0,0.0
2,105.0,0.09489691566613401,0.0
3,105.0,0.0,0.0
4,105.0,0.0821249011047821,0.0
5,105.0,0.0,0.0
6,105.0,0.061106419577476756,0.0
7,105.0,0.10998381957549075,0.0
8,105.0,0.0,0.0
9,105.0,0.0,0.0
10,105.0,0.20359961554174377,0.0
11,105.0,0.0,0.0
12,105.0,0.057189447464115695,0.0
13,105.0,0.0,0.0
14,105.0,0.0,0.0
15,105.0,0.0,0.0
16,105.0,0.0,0.0
17,105.0,0.18148418653390597,0.0
18,105.0,0.0,0.0
19,105.0,0.0,0.0
20,105.0,0.0,0.0
21,105.0,0.2279535184975352,0.0
22,105.0,0.06445393283684953,0.0
23,105.0,0.0,0.0
24,105.0,0.0,0.0
25,105.0,0.005660872328701272,0.0
26,105.0,0.0,0.0
27,105.0,0.0,0.0
28,105.0,0.0,0.0
29,105.0,0.0,0.0
30,105.0,0.004874839941020892,0.0
31,105.0,0.04161311569078352,0.0
32,105.0,0.040329594121757295,0.0
33,105.0,0.23803375984615793,0.0
34,105.0,0.0,0.0
35,105.0,0.2447430601867302,0.0
36,105.0,0.0,0.0
37,105.0,0.0,0.0
38,105.0,0.0,0.0
39,105.0,0.0049248146629533585,0.0
40,105.0,0.0,0.0
41,105.0,0.3568617735945385,0.0
42,105.0,0.0,0.0
43,105.0,0.027525604710869844,0.0
44,105.0,0.2703176135792331,0.0
45,105.0,0.08637557237333526,0.0
46,105.0,0.0,0.0
47,105.0,0.0,0.0
48,105.0,0.0,0.0
49,105.0,0.0,0.0
50,105.0,0.058798574236064716,0.0
1,106.0,0.37202740050677763,0.0
2,106.0,0.0,0.0
3,106.0,0.1632663801325922,0.0
4,106.0,0.060348555360535405,0.0
5,106.0,0.16226137382747308,0.0
6,106.0,0.062466863215368096,0.0
7,106.0,0.0005892270749322526,0.0
8,106.0,0.12379516447199557,0.0
9,106.0,0.005516751475526882,0.0
10,106.0,0.0,0.0
11,106.0,0.23996816205094273,0.0
12,106.0,0.0,0.0
13,106.0,0.0,0.0
14,106.0,0.10531119654279664,0.0
15,106.0,0.3213247143624469,0.0
16,106.0,0.0,0.0
17,106.0,0.0,0.0
18,106.0,0.08429706575859919,0.0
19,106.0,0.34383122718048276,0.0
20,106.0,0.0,0.0
21,106.0,0.46352660177430516,0.0
22,106.0,0.0,0.0
23,106.0,0.0,0.0
24,106.0,0.16401266999860353,0.0
25,106.0,0.025989151118770315,0.0
26,106.0,0.11479166797902596,0.0
27,106.0,0.0,0.0
28,106.0,0.03500426925046096,0.0
29,106.0,0.05756382398641258,0.0
30,106.0,0.0,0.0
31,106.0,0.0,0.0
32,106.0,0.3274463554745378,0.0
33,106.0,0.13800847786110326,0.0
34,106.0,0.0,0.0
35,106.0,0.0,0.0
36,106.0,0.021689520458155198,0.0
37,106.0,0.0,0.0
38,106.0,0.0,0.0
39,106.0,0.003612269608065599,0.0
40,106.0,0.03862068025640453,0.0
41,106.0,0.0,0.0
42,106.0,0.15874767419157376,0.0
43,106.0,0.0,0.0
44,106.0,0.12314384025923952,0.0
45,106.0,0.40946488561992,0.0
46,106.0,0.0,0.0
47,106.0,0.0,0.0
48,106.0,0.2156464833004963,0.0
49,106.0,0.0,0.0
50,106.0,0.18401548723224148,0.0
1,107.0,0.11042906565012689,0.0
2,107.0,0.0,0.0
3,107.0,0.1643204304790934,0.0
4,107.0,0.004314497444272147,0.0
5,107.0,0.14998581322335536,0.0
6,107.0,0.0,0.0
7,107.0,0.11409723492186552,0.0
8,107.0,0.03218339517472024,0.0
9,107.0,0.17070736114434204,0.0
10,107.0,0.3034475919566316,0.0
11,107.0,0.020770492707880783,0.0
12,107.0,0.0,0.0
13,107.0,0.0,0.0
14,107.0,0.31374333139689226,0.0
15,107.0,0.18769076362248538,0.0
16,107.0,0.0,0.0
17,107.0,0.0,0.0
18,107.0,0.0,0.0
19,107.0,0.012307857935725641,0.0
20,107.0,0.0,0.0
21,107.0,0.0,0.0
22,107.0,0.0,0.0
23,107.0,0.0,0.0
24,107.0,0.03846633610223571,0.0
25,107.0,0.36761003174958984,0.0
26,107.0,0.25567430229200183,0.0
27,107.0,0.0,0.0
28,107.0,0.17500357432791136,0.0
29,107.0,0.157848779285105,0.0
30,107.0,0.3479884644402048,0.0
31,107.0,0.0,0.0
32,107.0,0.20192119459787983,0.0
33,107.0,0.0,0.0
34,107.0,0.02173854339657655,0.0
35,107.0,0.0,0.0
36,107.0,0.0,0.0
37,107.0,0.1004258765821534,0.0
38,107.0,0.18065018158769985,0.0
39,107.0,0.0,0.0
40,107.0,0.0,0.0
41,107.0,0.023519781304657594,0.0
42,107.0,0.0,0.0
43,107.0,0.6604334960133109,0.0
44,107.0,0.0,0.0
45,107.0,0.09657476661063913,0.0
46,107.0,0.0,0.0
47,107.0,0.0,0.0
48,107.0,0.08994822844798289,0.0
49,107.0,0.09324906483827833,0.0
50,107.0,0.10307183886219706,0.0
1,108.0,0.04388787724476417,0.0
2,108.0,0.0,0.0
3,108.0,0.00021788496996244522,0.0
4,108.0,0.0,0.0
5,108.0,0.0,0.0
6,108.0,0.013423591075156893,0.0
7,108.0,0.0,0.0
8,108.0,0.0,0.0
9,108.0,0.021831211372356663,0.0
10,108.0,0.0,0.0
11,108.0,0.0,0.0
12,108.0,0.06718879912946296,0.0
13,108.0,0.0,0.0
14,108.0,0.069511851067935,0.0
15,108.0,0.07223844733381324,0.0
16,108.0,0.10260932816293822,0.0
17,108.0,0.0,0.0
18,108.0,0.09333556860870096,0.0
19,108.0,0.068455466195116,0.0
20,108.0,0.0,0.0
21,108.0,0.1303147962863539,0.0
22,108.0,0.0,0.0
23,108.0,0.3617598034203964,0.0
24,108.0,0.015257853932405419,0.0
25,108.0,0.19534722254298986,0.0
26,108.0,0.2686273114193839,0.0
27,108.0,0.037082479286887016,0.0
28,108.0,0.0,0.0
29,108.0,0.0,0.0
30,108.0,0.35832611885555243,0.0
31,108.0,0.040600297069568914,0.0
32,108.0,0.02441589255338128,0.0
33,108.0,0.0,0.0
34,108.0,0.0,0.0
35,108.0,0.0,0.0
36,108.0,0.02008806249765316,0.0
37,108.0,0.0,0.0
38,108.0,0.09204231203841018,0.0
39,108.0,0.09557769219956624,0.0
40,108.0,0.0,0.0
41,108.0,0.0,0.0
42,108.0,0.0,0.0
43,108.0,0.053555633339175235,0.0
44,108.0,0.10917451572864112,0.0
45,108.0,0.015501804693821342,0.0
46,108.0,0.0,0.0
47,108.0,0.0,0.0
48,108.0,0.0,0.0
49,108.0,0.0,0.0
50,108.0,0.0,0.0
1,109.0,0.0,0.0
2,109.0,0.0,0.0
3,109.0,0.0,0.0
4,109.0,0.0,0.0
5,109.0,0.0,0.0
6,109.0,0.21883179368262262,0.0
7,109.0,0.2772570899411372,0.0
8,109.0,0.1961146676472042,0.0
9,109.0,0.0,0.0
10,109.0,0.07158409571569102,0.0
11,109.0,0.0,0.0
12,109.0,0.010384903748233199,0.0
13,109.0,0.0,0.0
14,109.0,0.1051443189861817,0.0
15,109.0,0.0,0.0
16,109.0,0.2556662626881625,0.0
17,109.0,0.0,0.0
18,109.0,0.2572861696423563,0.0
19,109.0,0.026511831409490316,0.0
20,109.0,0.0,0.0
21,109.0,0.0,0.0
22,109.0,0.05051405297856526,0.0
23,109.0,0.1054098263167248,0.0
24,109.0,0.04421859663674366,0.0
25,109.0,0.05355971462484632,0.0
26,109.0,0.3970589550560535,0.0
27,109.0,0.0,0.0
28,109.0,0.08968660969416253,0.0
29,109.0,0.14059765191337203,0.0
30,109.0,0.1532585936411036,0.0
31,109.0,0.02550433402315888,0.0
32,109.0,0.17779919477362682,0.0
33,109.0,0.0,0.0
34,109.0,0.0,0.0
35,109.0,0.0,0.0
36,109.0,0.0,0.0
37,109.0,0.04196578546913998,0.0
38,109.0,0.17247154039180068,0.0
39,109.0,0.22670490975168855,0.0
40,109.0,0.0,0.0
41,109.0,0.025530309575318877,0.0
42,109.0,0.1450763632104788,0.0
43,109.0,0.0,0.0
44,109.0,0.15786782132620114,0.0
45,109.0,0.3158127047707666,0.0
46,109.0,0.013078728739176704,0.0
47,109.0,0.0,0.0
48,109.0,0.0,0.0
49,109.0,0.0,0.0
50,109.0,0.07864109599560543,0.0
1,110.0,0.0,0.0
2,110.0,0.2292219421708881,0.0
3,110.0,0.0716472117208602,0.0
4,110.0,0.0,0.0
5,110.0,0.0,0.0
6,110.0,0.0,0.0
7,110.0,0.07417076916879839,0.0
8,110.0,0.0,0.0
9,110.0,0.02003818828633841,0.0
10,110.0,0.0,0.0
11,110.0,0.036146284018392594,0.0
12,110.0,0.0,0.0
13,110.0,0.013639798927644553,0.0
14,110.0,0.0,0.0
15,110.0,0.0,0.0
16,110.0,0.41457726547834783,0.0
17,110.0,0.0,0.0
18,110.0,0.0,0.0
19,110.0,0.0,0.0
20,110.0,0.006159522854189969,0.0
21,110.0,0.293375172585269,0.0
22,110.0,0.0,0.0
23,110.0,0.0,0.0
24,110.0,0.05757770240337834,0.0
25,110.0,0.11473849614739151,0.0
26,110.0,0.17403344457605474,0.0
27,110.0,0.0342725426631213,0.0
28,110.0,0.0,0.0
29,110.0,0.043760492100081705,0.0
30,110.0,0.04446641504420723,0.0
31,110.0,0.0,0.0
32,110.0,0.0,0.0
33,110.0,0.15788507488318337,0.0
34,110.0,0.0,0.0
35,110.0,0.0,0.0
36,110.0,0.126637675948593,0.0
37,110.0,0.07976351445856011,0.0
38,110.0,0.0,0.0
39,110.0,0.08439197718449121,0.0
40,110.0,0.0,0.0
41,110.0,0.21802412500919255,0.0
42,110.0,0.0307694089309819,0.0
43,110.0,0.21872398113693714,0.0
44,110.0,0.06396456452427601,0.0
45,110.0,0.04113733439850997,0.0
46,110.0,0.2336071939723562,0.0
47,110.0,0.3938909167897757,0.0
48,110.0,0.0,0.0
49,110.0,0.0,0.0
50,110.0,0.22897931417357364,0.0
1,111.0,0.0,0.0
2,111.0,0.2693312050065888,0.0
3,111.0,0.02513938333928556,0.0
4,111.0,0.03846052892643381,0.0
5,111.0,0.0,0.0
6,111.0,0.0,0.0
7,111.0,0.13424400694412342,0.0
8,111.0,0.0,0.0
9,111.0,0.20223735706932122,0.0
10,111.0,0.0,0.0
11,111.0,0.02560782814120799,0.0
12,111.0,0.0,0.0
13,111.0,0.010960109494449588,0.0
14,111.0,0.15764282854005307,0.0
15,111.0,0.007348810803032624,0.0
16,111.0,0.0,0.0
17,111.0,0.15458840685864828,0.0
18,111.0,0.012864411961291733,0.0
19,111.0,0.008555944989199427,0.0
20,111.0,0.07413261704991114,0.0
21,111.0,0.07618905910209861,0.0
22,111.0,0.01522881935468201,0.0
23,111.0,0.1323394047580082,0.0
24,111.0,0.0,0.0
25,111.0,0.0,0.0
26,111.0,0.0,0.0
27,111.0,0.0,0.0
28,111.0,0.0,0.0
29,111.0,0.3986636302785629,0.0
30,111.0,0.19596930589054806,0.0
31,111.0,0.0,0.0
32,111.0,0.08902555475533303,0.0
33,111.0,0.29474048313268997,0.0
34,111.0,0.158725872822716,0.0
35,111.0,0.12791612233866279,0.0
36,111.0,0.0,0.0
37,111.0,0.02250544281338629,0.0
38,111.0,0.019354885675737177,0.0
39,111.0,0.24724023427546915,0.0
40,111.0,0.07360570690746104,0.0
41,111.0,0.04435423505167557,0.0
42,111.0,0.0,0.0
43,111.0,0.003913569886279,0.0
44,111.0,0.0,0.0
45,111.0,0.31814126051518443,0.0
46,111.0,0.25413821917829227,0.0
47,111.0,0.0,0.0
48,111.0,0.10017599183825587,0.0
49,111.0,0.0,0.0
50,111.0,0.0,0.0
1,112.0,0.0,0.0
2,112.0,0.0,0.0
3,112.0,0.0,0.0
4,112.0,0.0,0.0
5,112.0,0.0,0.0
6,112.0,0.008299671060039926,0.0
7,112.0,0.07749525899839804,0.0
8,112.0,0.0,0.0
9,112.0,0.2282314962599995,0.0
10,112.0,0.1473718951507168,0.0
11,112.0,0.13575367158981888,0.0
12,112.0,0.0,0.0
13,112.0,0.0,0.0
14,112.0,0.029510254844487105,0.0
15,112.0,0.0,0.0
16,112.0,0.018084919454438686,0.0
17,112.0,0.2977685012087121,0.0
18,112.0,0.0,0.0
19,112.0,0.13542888534215802,0.0
20,112.0,0.015238659533435728,0.0
21,112.0,0.0,0.0
22,112.0,0.08765138670361539,0.0
23,112.0,0.0,0.0
24,112.0,0.0,0.0
25,112.0,0.1337364402045823,0.0
26,112.0,0.0,0.0
27,112.0,0.09913177156060249,0.0
28,112.0,0.0,0.0
29,112.0,0.014263389719914366,0.0
30,112.0,0.0926602599730666,0.0
31,112.0,0.0,0.0
32,112.0,0.0,0.0
33,112.0,0.11000306267531124,0.0
34,112.0,0.0,0.0
35,112.0,0.0,0.0
36,112.0,0.027223442312929724,0.0
37,112.0,0.1502436825672725,0.0
38,112.0,0.16295862028231745,0.0
39,112.0,0.04332149456004786,0.0
40,112.0,0.04375456248620979,0.0
41,112.0,0.09931618141782961,0.0
42,112.0,0.05289576150767017,0.0
43,112.0,0.0,0.0
44,112.0,0.0,0.0
45,112.0,0.0,0.0
46,112.0,0.0,0.0
47,112.0,0.05901705344621133,0.0
48,112.0,0.0,0.0
49,112.0,0.0,0.0
50,112.0,0.011144993324027852,0.0
1,113.0,0.0,0.0
2,113.0,0.0,0.0
3,113.0,0.0,0.0
4,113.0,0.0,0.0
5,113.0,0.040710226299223384,0.0
6,113.0,0.0,0.0
7,113.0,0.0,0.0
8,113.0,0.027025514020857955,0.0
9,113.0,0.0,0.0
10,113.0,0.0,0.0
11,113.0,0.0,0.0
12,113.0,0.0,0.0
13,113.0,0.0,0.0
14,113.0,0.05659139751471998,0.0
15,113.0,0.0,0.0
16,113.0,0.0,0.0
17,113.0,0.056684829943373094,0.0
18,113.0,0.0,0.0
19,113.0,0.05633686089940981,0.0
20,113.0,0.0,0.0
21,113.0,0.03037697202261891,0.0
22,113.0,0.11014025859637944,0.0
23,113.0,0.03246664535923793,0.0
24,113.0,0.0,0.0
25,113.0,0.0,0.0
26,113.0,0.0,0.0
27,113.0,0.0,0.0
28,113.0,0.0,0.0
29,113.0,0.30491678049912885,0.0
30,113.0,0.0,0.0
31,113.0,0.0,0.0
32,113.0,0.0,0.0
33,113.0,0.15894213818153058,0.0
34,113.0,0.1475389947954422,0.0
35,113.0,0.05119901571504959,0.0
36,113.0,0.07268524419157596,0.0
37,113.0,0.0,0.0
38,113.0,0.0,0.0
39,113.0,0.27736894392235256,0.0
40,113.0,0.03973860685647679,0.0
41,113.0,0.0,0.0
42,113.0,0.0,0.0
43,113.0,0.21649215103986374,0.0
44,113.0,0.0,0.0
45,113.0,0.08083803262059397,0.0
46,113.0,0.05315314650722536,0.0
47,113.0,0.0,0.0
48,113.0,0.00884815222866242,0.0
49,113.0,0.0,0.0
50,113.0,0.0,0.0
1,114.0,0.0,0.0
2,114.0,0.045619976235866666,0.0
3,114.0,0.0,0.0
4,114.0,0.011977272561699115,0.0
5,114.0,0.0,0.0
6,114.0,0.0,0.0
7,114.0,0.0,0.0
8,114.0,0.0,0.0
9,114.0,0.0,0.0
10,114.0,0.0,0.0
11,114.0,0.0,0.0
12,114.0,0.3227733676668847,0.0
13,114.0,0.17260644930318325,0.0
14,114.0,0.29219160371496167,0.0
15,114.0,0.09959811822176057,0.0
16,114.0,0.0,0.0
17,114.0,0.0,0.0
18,114.0,0.0,0.0
19,114.0,0.06105351934128944,0.0
20,114.0,0.15307531635285476,0.0
21,114.0,0.12177239745425494,0.0
22,114.0,0.026819574154982706,0.0
23,114.0,0.017822246482626425,0.0
24,114.0,0.0,0.0
25,114.0,0.06976082495883362,0.0
26,114.0,0.0,0.0
27,114.0,0.0,0.0
28,114.0,0.29142848791381026,0.0
29,114.0,0.10625004380471237,0.0
30,114.0,0.07309365696752002,0.0
31,114.0,0.0,0.0
32,114.0,0.0,0.0
33,114.0,0.0,0.0
34,114.0,0.20501853260301994,0.0
35,114.0,0.0,0.0
36,114.0,0.05415495806728465,0.0
37,114.0,0.0,0.0
38,114.0,0.08132242850901095,0.0
39,114.0,0.13631205761583032,0.0
40,114.0,0.0,0.0
41,114.0,0.025539687783817433,0.0
42,114.0,0.0,0.0
43,114.0,0.0,0.0
44,114.0,0.0,0.0
45,114.0,0.0,0.0
46,114.0,0.1363655774885547,0.0
47,114.0,0.0,0.0
48,114.0,0.10037919024100106,0.0
49,114.0,0.0,0.0
50,114.0,0.0,0.0
1,115.0,0.0,0.0
2,115.0,0.07785842925007558,0.0
3,115.0,0.0,0.0
4,115.0,0.058677890604457716,0.0
5,115.0,0.0,0.0
6,115.0,0.2832332473054714,0.0
7,115.0,0.09979795079396414,0.0
8,115.0,0.0,0.0
9,115.0,0.0,0.0
10,115.0,0.05802102772872031,0.0
11,115.0,0.37027055969096867,0.0
12,115.0,0.0,0.0
13,115.0,0.0,0.0
14,115.0,0.0,0.0
15,115.0,0.0026626119167131312,0.0
16,115.0,0.0,0.0
17,115.0,0.06180567025147321,0.0
18,115.0,0.0,0.0
19,115.0,0.0,0.0
20,115.0,0.01387634052058695,0.0
21,115.0,0.0,0.0
22,115.0,0.04932223435814043,0.0
23,115.0,0.22420709300479014,0.0
24,115.0,0.0,0.0
25,115.0,0.01583364486236727,0.0
26,115.0,0.1401889320604378,0.0
27,115.0,0.08808817573348149,0.0
28,115.0,0.282486771152455,0.0
29,115.0,0.0,0.0
30,115.0,0.0,0.0
31,115.0,0.0,0.0
32,115.0,0.10352619776394889,0.0
33,115.0,0.0,0.0
34,115.0,0.07551735682489469,0.0
35,115.0,0.0,0.0
36,115.0,0.07543199591539895,0.0
37,115.0,0.0,0.0
38,115.0,0.0,0.0
39,115.0,0.0,0.0
40,115.0,0.0,0.0
41,115.0,0.0,0.0
42,115.0,0.0,0.0
43,115.0,0.2862409343365675,0.0
44,115.0,0.0,0.0
45,115.0,0.06729452718254869,0.0
46,115.0,0.021096413183317564,0.0
47,115.0,0.0,0.0
48,115.0,0.07651338007753716,0.0
49,115.0,0.06398487533955233,0.0
50,115.0,0.0,0.0
1,116.0,0.012616374295550403,0.0
2,116.0,0.0786440728307376,0.0
3,116.0,0.0,0.0
4,116.0,0.09026095119313415,0.0
5,116.0,0.0,0.0
6,116.0,0.0,0.0
7,116.0,0.015523762530139651,0.0
8,116.0,0.23376103135490933,0.0
9,116.0,0.1232837556009665,0.0
10,116.0,0.024522910231865036,0.0
11,116.0,0.03903379351103686,0.0
12,116.0,0.0,0.0
13,116.0,0.0,0.0
14,116.0,0.0,0.0
15,116.0,0.0,0.0
16,116.0,0.0,0.0
17,116.0,0.09205894255825042,0.0
18,116.0,0.1455758969981057,0.0
19,116.0,0.022489295540713106,0.0
20,116.0,0.0,0.0
21,116.0,0.0,0.0
22,116.0,0.0,0.0
23,116.0,0.0,0.0
24,116.0,0.13603700247433792,0.0
25,116.0,0.0,0.0
26,116.0,0.0,0.0
27,116.0,0.031390487215666174,0.0
28,116.0,0.00145376662694352,0.0
29,116.0,0.0,0.0
30,116.0,0.0,0.0
31,116.0,0.07627340878176136,0.0
32,116.0,0.016838477388051998,0.0
33,116.0,0.14066592609493167,0.0
34,116.0,0.06402303507033347,0.0
35,116.0,0.10867277803064757,0.0
36,116.0,0.19122541246034164,0.0
37,116.0,0.0,0.0
38,116.0,0.12924350677523133,0.0
39,116.0,0.009563759877151745,0.0
40,116.0,0.2418633879021359,0.0
41,116.0,0.0,0.0
42,116.0,0.43523826033268775,0.0
43,116.0,0.049286303197236925,0.0
44,116.0,0.0,0.0
45,116.0,0.02251555232073288,0.0
46,116.0,0.05041583565617469,0.0
47,116.0,0.22225306211509743,0.0
48,116.0,0.0,0.0
49,116.0,0.03860321037531245,0.0
50,116.0,0.0,0.0
1,117.0,0.17484209480735013,0.0
2,117.0,0.07138896905537062,0.0
3,117.0,0.0,0.0
4,117.0,0.0,0.0
5,117.0,0.0,0.0
6,117.0,0.0056954947681017165,0.0
7,117.0,0.0,0.0
8,117.0,0.24349424828430832,0.0
9,117.0,0.29461062089633117,0.0
10,117.0,0.0,0.0
11,117.0,0.0,0.0
12,117.0,0.0,0.0
13,117.0,0.0,0.0
14,117.0,0.0,0.0
15,117.0,0.0,0.0
16,117.0,0.14161085337226387,0.0
17,117.0,0.0,0.0
18,117.0,0.0,0.0
19,117.0,0.3047070794704003,0.0
20,117.0,0.16788655118997942,0.0
21,117.0,0.04485222210641149,0.0
22,117.0,0.04263055317992592,0.0
23,117.0,0.1616624271374456,0.0
24,117.0,0.2476756001852516,0.0
25,117.0,0.24810807148335523,0.0
26,117.0,0.2904895973104058,0.0
27,117.0,0.0,0.0
28,117.0,0.0,0.0
29,117.0,0.16594967316928932,0.0
30,117.0,0.0,0.0
31,117.0,0.0,0.0
32,117.0,0.0867360786973137,0.0
33,117.0,0.0,0.0
34,117.0,0.32452670073009415,0.0
35,117.0,0.02247761232348422,0.0
36,117.0,0.04144216752009533,0.0
37,117.0,0.0,0.0
38,117.0,0.035306974798202106,0.0
39,117.0,0.0,0.0
40,117.0,0.19170989261597104,0.0
41,117.0,0.02867061857614417,0.0
42,117.0,0.0,0.0
43,117.0,0.0,0.0
44,117.0,0.01658067996557777,0.0
45,117.0,0.0,0.0
46,117.0,0.3899762530413001,0.0
47,117.0,0.1540533055661093,0.0
48,117.0,0.10341373744367699,0.0
49,117.0,0.008141117915574925,0.0
50,117.0,0.21922561056858814,0.0
1,118.0,0.0,0.0
2,118.0,0.07640057859333593,0.0
3,118.0,0.017499356977197844,0.0
4,118.0,0.0,0.0
5,118.0,0.003935147064422773,0.0
6,118.0,0.0,0.0
7,118.0,0.11436073210712694,0.0
8,118.0,0.20500773039284403,0.0
9,118.0,0.14383031408829228,0.0
10,118.0,0.11596255954000012,0.0
11,118.0,0.0,0.0
12,118.0,0.0,0.0
13,118.0,0.0,0.0
14,118.0,0.08184785677940198,0.0
15,118.0,0.0,0.0
16,118.0,0.11953549788907492,0.0
17,118.0,0.0,0.0
18,118.0,0.0,0.0
19,118.0,0.0,0.0
20,118.0,0.0,0.0
21,118.0,0.0,0.0
22,118.0,0.13815011311049274,0.0
23,118.0,0.0,0.0
24,118.0,0.0,0.0
25,118.0,0.0,0.0
26,118.0,0.0,0.0
27,118.0,0.0,0.0
28,118.0,0.06913477649577882,0.0
29,118.0,0.021440409643635694,0.0
30,118.0,0.0,0.0
31,118.0,0.0,0.0
32,118.0,0.0,0.0
33,118.0,0.0,0.0
34,118.0,0.1798749213372448,0.0
35,118.0,0.0,0.0
36,118.0,0.0,0.0
37,118.0,0.04752394230471069,0.0
38,118.0,0.11775405046008769,0.0
39,118.0,0.0,0.0
40,118.0,0.0,0.0
41,118.0,0.0,0.0
42,118.0,0.0,0.0
43,118.0,0.23782546115083947,0.0
44,118.0,0.135258029569714,0.0
45,118.0,0.0,0.0
46,118.0,0.00786353461596423,0.0
47,118.0,0.0,0.0
48,118.0,0.0,0.0
49,118.0,0.08000325456191593,0.0
50,118.0,0.0,0.0
1,119.0,0.07709612677783373,0.0
2,119.0,0.1617006492904397,0.0
3,119.0,0.0,0.0
4,119.0,0.15981571514463033,0.0
5,119.0,0.12895770261637896,0.0
6,119.0,0.0,0.0
7,119.0,0.15277377994550456,0.0
8,119.0,0.0,0.0
9,119.0,0.0,0.0
10,119.0,0.03453575447768187,0.0
11,119.0,0.0,0.0
12,119.0,0.0,0.0
13,119.0,0.0,0.0
14,119.0,0.13049940765461598,0.0
15,119.0,0.30907878814570044,0.0
16,119.0,0.31049988387419025,0.0
17,119.0,0.0,0.0
18,119.0,0.0,0.0
19,119.0,0.0,0.0
20,119.0,0.0,0.0
21,119.0,0.14670473593259992,0.0
22,119.0,0.0,0.0
23,119.0,0.23246107472177868,0.0
24,119.0,0.0,0.0
25,119.0,0.04592425319740168,0.0
26,119.0,0.10377353633159092,0.0
27,119.0,0.08132368514633759,0.0
28,119.0,0.0,0.0
29,119.0,0.0,0.0
30,119.0,0.0,0.0
31,119.0,0.0,0.0
32,119.0,0.08472821980076872,0.0
33,119.0,0.009972279065710743,0.0
34,119.0,0.0,0.0
35,119.0,0.0,0.0
36,119.0,0.15330882122271017,0.0
37,119.0,0.23999556984711268,0.0
38,119.0,0.0,0.0
39,119.0,0.10760686623104554,0.0
40,119.0,0.21951613170807938,0.0
41,119.0,0.0,0.0
42,119.0,0.1891288893181251,0.0
43,119.0,0.0,0.0
44,119.0,0.05899539736602377,0.0
45,119.0,0.0,0.0
46,119.0,0.02455095111573169,0.0
47,119.0,0.023286004185422038,0.0
48,119.0,0.0,0.0
49,119.0,0.0,0.0
50,119.0,0.0,0.0
1,120.0,0.0,0.0
2,120.0,0.20410051385957584,0.0
3,120.0,0.09963492715106059,0.0
4,120.0,0.0,0.0
5,120.0,0.09788898043757166,0.0
6,120.0,0.0,0.0
7,120.0,0.16628440654793963,0.0
8,120.0,0.0,0.0
9,120.0,0.0,0.0
10,120.0,0.0,0.0
11,120.0,0.0,0.0
12,120.0,0.228207835646,0.0
13,120.0,0.0,0.0
14,120.0,0.0011449908797215302,0.0
15,120.0,0.0,0.0
16,120.0,0.0,0.0
17,120.0,0.0,0.0
18,120.0,0.030413931580486775,0.0
19,120.0,0.48467124109983317,0.0
20,120.0,0.0,0.0
21,120.0,0.0,0.0
22,120.0,0.0,0.0
23,120.0,0.0,0.0
24,120.0,0.0,0.0
25,120.0,0.06334373020098016,0.0
26,120.0,0.004103113064522379,0.0
27,120.0,0.0,0.0
28,120.0,0.0,0.0
29,120.0,0.0,0.0
30,120.0,0.0,0.0
31,120.0,0.13058824077544684,0.0
32,120.0,0.17965412101328027,0.0
33,120.0,0.0,0.0
34,120.0,0.13588785063698683,0.0
35,120.0,0.0,0.0
36,120.0,0.0,0.0
37,120.0,0.0,0.0
38,120.0,0.029097368829251513,0.0
39,120.0,0.004571572225278708,0.0
40,120.0,0.12720705362862128,0.0
41,120.0,0.036611485740788985,0.0
42,120.0,0.0,0.0
43,120.0,0.11795605403119147,0.0
44,120.0,0.0,0.0
45,120.0,0.0,0.0
46,120.0,0.0006756524142229603,0.0
47,120.0,0.057966055456395105,0.0
48,120.0,0.0,0.0
49,120.0,0.0,0.0
50,120.0,0.0,0.0
1,121.0,0.0,0.0
2,121.0,0.0,0.0
3,121.0,0.0,0.0
4,121.0,0.02433479767666835,0.0
5,121.0,0.0,0.0
6,121.0,0.0,0.0
7,121.0,0.0,0.0
8,121.0,0.0,0.0
9,121.0,0.05949031369259006,0.0
10,121.0,0.3749917256723111,0.0
11,121.0,0.0,0.0
12,121.0,0.0,0.0
13,121.0,0.35163215907694023,0.0
14,121.0,0.0,0.0
15,121.0,0.024569733611778832,0.0
16,121.0,0.08684041818528099,0.0
17,121.0,0.0,0.0
18,121.0,0.09443544366923562,0.0
19,121.0,0.3600835281426532,0.0
20,121.0,0.0,0.0
21,121.0,0.14496611525936443,0.0
22,121.0,0.08107197539520594,0.0
23,121.0,0.0,0.0
24,121.0,0.08144566483754268,0.0
25,121.0,0.08066379640320132,0.0
26,121.0,0.0,0.0
27,121.0,0.00828673438009575,0.0
28,121.0,0.07040571289008468,0.0
29,121.0,0.0922885639455171,0.0
30,121.0,0.023466514809634575,0.0
31,121.0,0.09929560846103802,0.0
32,121.0,0.3374028737533916,0.0
33,121.0,0.06432776640279347,0.0
34,121.0,0.0,0.0
35,121.0,0.18565182856928164,0.0
36,121.0,0.0,0.0
37,121.0,0.1564076408397116,0.0
38,121.0,0.02638124198023617,0.0
39,121.0,0.0,0.0
40,121.0,0.17061566137610307,0.0
41,121.0,0.0,0.0
42,121.0,0.0,0.0
43,121.0,0.01756943865895655,0.0
44,121.0,0.1084093220929454,0.0
45,121.0,0.0,0.0
46,121.0,0.0,0.0
47,121.0,0.0,0.0
48,121.0,0.0,0.0
49,121.0,0.0,0.0
50,121.0,0.1354133233960545,0.0
1,122.0,0.0,0.0
2,122.0,0.0,0.0
3,122.0,0.0,0.0
4,122.0,0.0,0.0
5,122.0,0.0,0.0
6,122.0,0.054877089256129996,0.0
7,122.0,0.0,0.0
8,122.0,0.00034008169003085786,0.0
9,122.0,0.0,0.0
10,122.0,0.0,0.0
11,122.0,0.02058589552344592,0.0
12,122.0,0.051056052406193264,0.0
13,122.0,0.1381154008938157,0.0
14,122.0,0.0,0.0
15,122.0,0.08998301181198642,0.0
16,122.0,0.0,0.0
17,122.0,0.312401146198379,0.0
18,122.0,0.0,0.0
19,122.0,0.0,0.0
20,122.0,0.0,0.0
21,122.0,0.058406682148281486,0.0
22,122.0,0.0033607064776172146,0.0
23,122.0,0.0,0.0
24,122.0,0.17018999596544182,0.0
25,122.0,0.0,0.0
26,122.0,0.0,0.0
27,122.0,0.0,0.0
28,122.0,0.0,0.0
29,122.0,0.0,0.0
30,122.0,0.0,0.0
31,122.0,0.0,0.0
32,122.0,0.09585199852176807,0.0
33,122.0,0.3315994145556439,0.0
34,122.0,0.10034643430459578,0.0
35,122.0,0.05131754297768665,0.0
36,122.0,0.03128194236840898,0.0
37,122.0,0.13872447600981763,0.0
38,122.0,0.28816520059651873,0.0
39,122.0,0.07257907326911639,0.0
40,122.0,0.0,0.0
41,122.0,0.0,0.0
42,122.0,0.0,0.0
43,122.0,0.05341835036642739,0.0
44,122.0,0.0,0.0
45,122.0,0.0,0.0
46,122.0,0.1086099777501549,0.0
47,122.0,0.0,0.0
48,122.0,0.4975935177160382,0.0
49,122.0,0.09102019676809592,0.0
50,122.0,0.0626029183263278,0.0
1,123.0,0.0,0.0
2,123.0,0.0,0.0
3,123.0,0.0,0.0
4,123.0,0.0,0.0
5,123.0,0.0,0.0
6,123.0,0.0,0.0
7,123.0,0.0,0.0
8,123.0,0.29487684231772004,0.0
9,123.0,0.0,0.0
10,123.0,0.0,0.0
11,123.0,0.06170524353945239,0.0
12,123.0,0.11697922851770559,0.0
13,123.0,0.04143042743266889,0.0
14,123.0,0.052113120404717495,0.0
15,123.0,0.10232268981541248,0.0
16,123.0,0.0,0.0
17,123.0,0.016726663510015505,0.0
18,123.0,0.0,0.0
19,123.0,0.013144529758512657,0.0
20,123.0,0.012883006715675327,0.0
21,123.0,0.0872314366121627,0.0
22,123.0,0.0561900387879003,0.0
23,123.0,0.0,0.0
24,123.0,0.09030243612936972,0.0
25,123.0,0.0014387635263880538,0.0
26,123.0,0.0,0.0
27,123.0,0.08914052216939661,0.0
28,123.0,0.4873373666069388,0.0
29,123.0,0.0,0.0
30,123.0,0.0,0.0
31,123.0,0.11921406196492901,0.0
32,123.0,0.01958647658731827,0.0
33,123.0,0.005358414269404088,0.0
34,123.0,0.20892403510668434,0.0
35,123.0,0.1999292485237586,0.0
36,123.0,0.0,0.0
37,123.0,0.0804799684901415,0.0
38,123.0,0.04592604008310874,0.0
39,123.0,0.0,0.0
40,123.0,0.0,0.0
41,123.0,0.0,0.0
42,123.0,0.0639593302516398,0.0
43,123.0,0.2078308980416398,0.0
44,123.0,0.08710060129596575,0.0
45,123.0,0.035115119396366024,0.0
46,123.0,0.0,0.0
47,123.0,0.026969510479677772,0.0
48,123.0,0.0,0.0
49,123.0,0.0,0.0
50,123.0,0.12165422348766441,0.0
1,124.0,0.0,0.0
2,124.0,0.2618758092806672,0.0
3,124.0,0.03134283346356914,0.0
4,124.0,0.1516981406140312,0.0
5,124.0,0.0864678421495404,0.0
6,124.0,0.0,0.0
7,124.0,0.0,0.0
8,124.0,0.14074444728820368,0.0
9,124.0,0.0,0.0
10,124.0,0.0,0.0
11,124.0,0.0,0.0
12,124.0,0.0,0.0
13,124.0,0.026681954740135017,0.0
14,124.0,0.0,0.0
15,124.0,0.0,0.0
16,124.0,0.0,0.0
17,124.0,0.0,0.0
18,124.0,0.0,0.0
19,124.0,0.10926816286054042,0.0
20,124.0,0.04845148632825791,0.0
21,124.0,0.05612630766951632,0.0
22,124.0,0.13863029471015376,0.0
23,124.0,0.0,0.0
24,124.0,0.0,0.0
25,124.0,0.0,0.0
26,124.0,0.0,0.0
27,124.0,0.0,0.0
28,124.0,0.09846049007589242,0.0
29,124.0,0.0,0.0
30,124.0,0.2049965667683863,0.0
31,124.0,0.0,0.0
32,124.0,0.0404933494892975,0.0
33,124.0,0.0,0.0
34,124.0,0.009179048075864893,0.0
35,124.0,0.15383963098041897,0.0
36,124.0,0.0,0.0
37,124.0,0.013329754511068326,0.0
38,124.0,0.0,0.0
39,124.0,0.13099553141182485,0.0
40,124.0,0.0,0.0
41,124.0,0.06165362953073239,0.0
42,124.0,0.0,0.0
43,124.0,0.07236028405233086,0.0
44,124.0,0.14626442670545536,0.0
45,124.0,0.20707322471712275,0.0
46,124.0,0.0,0.0
47,124.0,0.034867400965233886,0.0
48,124.0,0.04627506538410908,0.0
49,124.0,0.0681738270414225,0.0
50,124.0,0.08995981833626987,0.0
1,125.0,0.0,0.0
2,125.0,0.01578969750900594,0.0
3,125.0,0.0323866014566534,0.0
4,125.0,0.049783791143433787,0.0
5,125.0,0.08158329241034934,0.0
6,125.0,0.0,0.0
7,125.0,0.0,0.0
8,125.0,0.09067333650832932,0.0
9,125.0,0.1027768446347802,0.0
10,125.0,0.015126926097010496,0.0
11,125.0,0.0,0.0
12,125.0,0.0,0.0
13,125.0,0.24608407834802803,0.0
14,125.0,0.1428758779819269,0.0
15,125.0,0.2020925956257339,0.0
16,125.0,0.0,0.0
17,125.0,0.4027196106685077,0.0
18,125.0,0.041041475430877994,0.0
19,125.0,0.03241782433858942,0.0
20,125.0,0.002138483544322889,0.0
21,125.0,0.1286667149519456,0.0
22,125.0,0.012474483690391724,0.0
23,125.0,0.08574624336899206,0.0
24,125.0,0.07920032142977396,0.0
25,125.0,0.04187410403137459,0.0
26,125.0,0.038772060363724825,0.0
27,125.0,0.1438742896725872,0.0
28,125.0,0.0,0.0
29,125.0,0.015539493518187952,0.0
30,125.0,0.005728853926301736,0.0
31,125.0,0.0,0.0
32,125.0,0.07706356395678293,0.0
33,125.0,0.0,0.0
34,125.0,0.0,0.0
35,125.0,0.03854649200202254,0.0
36,125.0,0.0,0.0
37,125.0,0.06880307083209025,0.0
38,125.0,0.0,0.0
39,125.0,0.33066578113351475,0.0
40,125.0,0.0,0.0
41,125.0,0.10033603127751378,0.0
42,125.0,0.0,0.0
43,125.0,0.0,0.0
44,125.0,0.0,0.0
45,125.0,0.07727365635944605,0.0
46,125.0,0.0,0.0
47,125.0,0.0,0.0
48,125.0,0.0,0.0
49,125.0,0.24578409681070545,0.0
50,125.0,0.1213351859457954,0.0
1,126.0,0.0,0.0
2,126.0,0.10852011355048252,0.0
3,126.0,0.0784884496986733,0.0
4,126.0,0.0,0.0
5,126.0,0.14082167443157245,0.0
6,126.0,0.0,0.0
7,126.0,0.0,0.0
8,126.0,0.03482161244342852,0.0
9,126.0,0.4275251755392522,0.0
10,126.0,0.0,0.0
11,126.0,0.0,0.0
12,126.0,0.0,0.0
13,126.0,0.009298354503904593,0.0
14,126.0,0.01967902572551561,0.0
15,126.0,0.0,0.0
16,126.0,0.12357196806546422,0.0
17,126.0,0.07005876692222923,0.0
18,126.0,0.0,0.0
19,126.0,0.28818410671367867,0.0
20,126.0,0.0,0.0
21,126.0,0.0,0.0
22,126.0,0.13296182440035653,0.0
23,126.0,0.0,0.0
24,126.0,0.12286499485254654,0.0
25,126.0,0.14477322018615235,0.0
26,126.0,0.2494247820293688,0.0
27,126.0,0.09354618107216117,0.0
28,126.0,0.1226061295940668,0.0
29,126.0,0.06957724761309081,0.0
30,126.0,0.2098088998892238,0.0
31,126.0,2.6592109524603558e-05,0.0
32,126.0,0.04182657983978477,0.0
33,126.0,0.0,0.0
34,126.0,0.13604086119417758,0.0
35,126.0,0.1267703504140758,0.0
36,126.0,0.0,0.0
37,126.0,0.038052258453404764,0.0
38,126.0,0.0,0.0
39,126.0,0.0,0.0
40,126.0,0.210978314404055,0.0
41,126.0,0.0939528584803554,0.0
42,126.0,0.0,0.0
43,126.0,0.34481399353467035,0.0
44,126.0,0.0,0.0
45,126.0,0.13599126008074092,0.0
46,126.0,0.2044856697656463,0.0
47,126.0,0.06573105862689088,0.0
48,126.0,0.20977102658344715,0.0
49,126.0,0.0,0.0
50,126.0,0.1282448639250896,0.0
1,127.0,0.0,0.0
2,127.0,0.0,0.0
3,127.0,0.061461906901331576,0.0
4,127.0,0.0,0.0
5,127.0,0.0,0.0
6,127.0,0.0,0.0
7,127.0,0.18702855654331318,0.0
8,127.0,0.0,0.0
9,127.0,0.0,0.0
10,127.0,0.07290171266796086,0.0
11,127.0,0.02215085669994432,0.0
12,127.0,0.0,0.0
13,127.0,0.0,0.0
14,127.0,0.012935389018919108,0.0
15,127.0,0.0,0.0
16,127.0,0.0,0.0
17,127.0,0.0,0.0
18,127.0,0.0,0.0
19,127.0,0.2898732139003881,0.0
20,127.0,0.07176942133364062,0.0
21,127.0,0.0,0.0
22,127.0,0.0,0.0
23,127.0,0.0,0.0
24,127.0,0.0,0.0
25,127.0,0.0,0.0
26,127.0,0.595635828725247,0.0
27,127.0,0.0,0.0
28,127.0,0.05648105636834255,0.0
29,127.0,0.0,0.0
30,127.0,0.0,0.0
31,127.0,0.0,0.0
32,127.0,0.0,0.0
33,127.0,0.0,0.0
34,127.0,0.0,0.0
35,127.0,0.018161075350783373,0.0
36,127.0,0.04526091720687242,0.0
37,127.0,0.0,0.0
38,127.0,0.0,0.0
39,127.0,0.0,0.0
40,127.0,0.08606942112934213,0.0
41,127.0,0.0,0.0
42,127.0,0.15998128423975622,0.0
43,127.0,0.0,0.0
44,127.0,0.0,0.0
45,127.0,0.0,0.0
46,127.0,0.09189372398027529,0.0
47,127.0,0.008343371009206901,0.0
48,127.0,0.0943541409010199,0.0
49,127.0,0.004213574094914185,0.0
50,127.0,0.0,0.0
1,128.0,0.09933310438012488,0.0
2,128.0,0.061476680912709414,0.0
3,128.0,0.0,0.0
4,128.0,0.2581888714456835,0.0
5,128.0,0.3065102848357786,0.0
6,128.0,0.42223523693083176,0.0
7,128.0,0.0,0.0
8,128.0,0.11665473356502565,0.0
9,128.0,0.22770347239962718,0.0
10,128.0,0.0,0.0
11,128.0,0.0,0.0
12,128.0,0.0,0.0
13,128.0,0.05033582942201076,0.0
14,128.0,0.0,0.0
15,128.0,0.17870283729507108,0.0
16,128.0,0.0,0.0
17,128.0,0.10768379576374432,0.0
18,128.0,0.0,0.0
19,128.0,0.11400712356861509,0.0
20,128.0,0.08480909559385186,0.0
21,128.0,0.03185785753790693,0.0
22,128.0,0.0,0.0
23,128.0,0.0,0.0
24,128.0,0.10335620601739026,0.0
25,128.0,0.0,0.0
26,128.0,0.09513030660355692,0.0
27,128.0,0.06713406501860342,0.0
28,128.0,0.5348837966550584,0.0
29,128.0,0.0,0.0
30,128.0,0.0,0.0
31,128.0,0.1845353688367486,0.0
32,128.0,0.03358044483546585,0.0
33,128.0,0.0,0.0
34,128.0,0.090146098585557,0.0
35,128.0,0.0,0.0
36,128.0,0.0,0.0
37,128.0,0.0,0.0
38,128.0,0.0,0.0
39,128.0,0.035341136396918715,0.0
40,128.0,0.22369384522606528,0.0
41,128.0,0.006381450290995683,0.0
42,128.0,0.0,0.0
43,128.0,0.4376441277726133,0.0
44,128.0,0.0,0.0
45,128.0,0.0,0.0
46,128.0,0.0,0.0
47,128.0,0.056262939877517626,0.0
48,128.0,0.11559812391327784,0.0
49,128.0,0.01898310058463404,0.0
50,128.0,0.0,0.0
1,129.0,0.011455294714586728,0.0
2,129.0,0.12979674271271124,0.0
3,129.0,0.0,0.0
4,129.0,0.27895430015821276,0.0
5,129.0,0.11949167342852829,0.0
6,129.0,0.22838498571014187,0.0
7,129.0,0.06102693125974923,0.0
8,129.0,0.0,0.0
9,129.0,0.19806596806336185,0.0
10,129.0,0.0,0.0
11,129.0,0.0,0.0
12,129.0,0.07181885830840329,0.0
13,129.0,0.0,0.0
14,129.0,0.0,0.0
15,129.0,0.0,0.0
16,129.0,0.001438143375129819,0.0
17,129.0,0.21702203500612072,0.0
18,129.0,0.0,0.0
19,129.0,0.0,0.0
20,129.0,0.060809485433285015,0.0
21,129.0,0.0004969338365652387,0.0
22,129.0,0.14732362263018983,0.0
23,129.0,0.0,0.0
24,129.0,0.0,0.0
25,129.0,0.0,0.0
26,129.0,0.03223326499156165,0.0
27,129.0,0.0,0.0
28,129.0,0.0,0.0
29,129.0,0.0,0.0
30,129.0,0.0,0.0
31,129.0,0.0,0.0
32,129.0,0.18298045771440574,0.0
33,129.0,0.0,0.0
34,129.0,0.06320703320822851,0.0
35,129.0,0.0,0.0
36,129.0,0.0,0.0
37,129.0,0.0,0.0
38,129.0,0.0,0.0
39,129.0,0.28992180202498696,0.0
40,129.0,0.016037441536764563,0.0
41,129.0,0.36912710996749976,0.0
42,129.0,0.0695892209201534,0.0
43,129.0,0.0,0.0
44,129.0,0.0416408653237037,0.0
45,129.0,0.0560461621102194,0.0
46,129.0,0.13901886526597418,0.0
47,129.0,0.2394572907286191,0.0
48,129.0,0.0,0.0
49,129.0,0.0,0.0
50,129.0,0.0,0.0
1,130.0,0.022095290709769122,0.0
2,130.0,0.20699326983278565,0.0
3,130.0,0.0,0.0
4,130.0,0.0,0.0
5,130.0,0.0,0.0
6,130.0,0.0,0.0
7,130.0,0.0,0.0
8,130.0,0.0,0.0
9,130.0,0.07930185896303987,0.0
10,130.0,0.26748746537552737,0.0
11,130.0,0.0,0.0
12,130.0,0.12619337484752124,0.0
13,130.0,0.0,0.0
14,130.0,0.0,0.0
15,130.0,0.07651197050191716,0.0
16,130.0,0.0,0.0
17,130.0,0.0,0.0
18,130.0,0.0,0.0
19,130.0,0.012543004127302915,0.0
20,130.0,0.0,0.0
21,130.0,0.0,0.0
22,130.0,0.0,0.0
23,130.0,0.0,0.0
24,130.0,0.0,0.0
25,130.0,0.0,0.0
26,130.0,0.06890789778978534,0.0
27,130.0,0.1536505982898836,0.0
28,130.0,0.0,0.0
29,130.0,0.0,0.0
30,130.0,0.0,0.0
31,130.0,0.05336933264786181,0.0
32,130.0,0.18149463262651122,0.0
33,130.0,0.0,0.0
34,130.0,0.05026235937683299,0.0
35,130.0,0.039529553100614345,0.0
36,130.0,0.051228550947703844,0.0
37,130.0,0.0,0.0
38,130.0,0.0,0.0
39,130.0,0.0,0.0
40,130.0,0.0,0.0
41,130.0,0.030104396965360714,0.0
42,130.0,0.2972159325573678,0.0
43,130.0,0.015786686482918477,0.0
44,130.0,0.0,0.0
45,130.0,0.0,0.0
46,130.0,0.08777013016141233,0.0
47,130.0,0.0,0.0
48,130.0,0.0,0.0
49,130.0,0.0,0.0
50,130.0,0.19089335186368284,0.0
1,131.0,0.0,0.0
2,131.0,0.0,0.0
3,131.0,0.36398457143964136,0.0
4,131.0,0.0,0.0
5,131.0,0.3432189659066649,0.0
6,131.0,0.08776005841039158,0.0
7,131.0,0.06833336316129124,0.0
8,131.0,0.0,0.0
9,131.0,0.0,0.0
10,131.0,0.18066032087600403,0.0
11,131.0,0.002319726268203093,0.0
12,131.0,0.19674693797570997,0.0
13,131.0,0.0,0.0
14,131.0,0.33393110374730073,0.0
15,131.0,0.0,0.0
16,131.0,0.08615617615704363,0.0
17,131.0,0.0,0.0
18,131.0,0.0,0.0
19,131.0,0.03157727026097745,0.0
20,131.0,0.0,0.0
21,131.0,0.0,0.0
22,131.0,0.0,0.0
23,131.0,0.0,0.0
24,131.0,0.16540448584310763,0.0
25,131.0,0.18780770595084073,0.0
26,131.0,0.0,0.0
27,131.0,0.10985953049883457,0.0
28,131.0,0.16639384427184345,0.0
29,131.0,0.28450477955205,0.0
30,131.0,0.06002353722442211,0.0
31,131.0,0.0,0.0
32,131.0,0.0,0.0
33,131.0,0.06901683140898096,0.0
34,131.0,0.0,0.0
35,131.0,0.0,0.0
36,131.0,0.0,0.0
37,131.0,0.0,0.0
38,131.0,0.023096781591574134,0.0
39,131.0,0.15793292606523823,0.0
40,131.0,0.0,0.0
41,131.0,0.0,0.0
42,131.0,0.1716082026075878,0.0
43,131.0,0.0,0.0
44,131.0,0.04796150195486926,0.0
45,131.0,0.0,0.0
46,131.0,0.0,0.0
47,131.0,0.14352139630449812,0.0
48,131.0,0.0,0.0
49,131.0,0.14761423769505244,0.0
50,131.0,0.0,0.0
1,132.0,0.1331061009088097,0.0
2,132.0,0.0,0.0
3,132.0,0.1246031457600899,0.0
4,132.0,0.0,0.0
5,132.0,0.0,0.0
6,132.0,0.0,0.0
7,132.0,0.35084814402013487,0.0
8,132.0,0.0,0.0
9,132.0,0.0,0.0
10,132.0,0.0,0.0
11,132.0,0.0,0.0
12,132.0,0.12765415730131746,0.0
13,132.0,0.016167948968810686,0.0
14,132.0,0.32171399031873404,0.0
15,132.0,0.11302482089664867,0.0
16,132.0,0.0,0.0
17,132.0,0.0,0.0
18,132.0,0.0,0.0
19,132.0,0.28624078891756866,0.0
20,132.0,0.020248616659931273,0.0
21,132.0,0.0,0.0
22,132.0,0.1472682746733388,0.0
23,132.0,0.0,0.0
24,132.0,0.06838407243985223,0.0
25,132.0,0.0,0.0
26,132.0,0.20429272054487901,0.0
27,132.0,0.06917786568444029,0.0
28,132.0,0.0,0.0
29,132.0,0.0,0.0
30,132.0,0.05657280149873345,0.0
31,132.0,0.05358014061970062,0.0
32,132.0,0.043866924391555706,0.0
33,132.0,0.04048902556313749,0.0
34,132.0,0.37517437879272264,0.0
35,132.0,0.0,0.0
36,132.0,0.00785103462521386,0.0
37,132.0,0.02156569060271496,0.0
38,132.0,0.034910549722810824,0.0
39,132.0,0.0,0.0
40,132.0,0.0,0.0
41,132.0,0.05157373863074577,0.0
42,132.0,0.5448352459676067,0.0
43,132.0,0.0,0.0
44,132.0,0.1679451577725708,0.0
45,132.0,0.18104837652039563,0.0
46,132.0,0.0,0.0
47,132.0,0.0,0.0
48,132.0,0.0,0.0
49,132.0,0.0,0.0
50,132.0,0.0,0.0
1,133.0,0.023714306093459037,0.0
2,133.0,0.0,0.0
3,133.0,0.1718576928649327,0.0
4,133.0,0.24289835097113144,0.0
5,133.0,0.017088911466858314,0.0
6,133.0,0.08837969879952534,0.0
7,133.0,0.0,0.0
8,133.0,0.3058532988267696,0.0
9,133.0,0.0,0.0
10,133.0,0.0,0.0
11,133.0,0.0,0.0
12,133.0,0.0372121364364022,0.0
13,133.0,0.2421385761825965,0.0
14,133.0,0.10854292900395357,0.0
15,133.0,0.19039214290899187,0.0
16,133.0,0.08705105856020834,0.0
17,133.0,0.0,0.0
18,133.0,0.0,0.0
19,133.0,0.0,0.0
20,133.0,0.0,0.0
21,133.0,0.0,0.0
22,133.0,0.048395495277245515,0.0
23,133.0,0.0,0.0
24,133.0,0.026172983013694973,0.0
25,133.0,0.0,0.0
26,133.0,0.021238561651899635,0.0
27,133.0,0.07507534421526796,0.0
28,133.0,0.03256276614231013,0.0
29,133.0,0.0,0.0
30,133.0,0.0,0.0
31,133.0,0.0,0.0
32,133.0,0.0,0.0
33,133.0,0.560730995979771,0.0
34,133.0,0.01246333141279643,0.0
35,133.0,0.13858471227638158,0.0
36,133.0,0.0,0.0
37,133.0,0.0,0.0
38,133.0,0.0001739062527098545,0.0
39,133.0,0.1587286855013621,0.0
40,133.0,0.060315200829288984,0.0
41,133.0,0.0,0.0
42,133.0,0.04200279293275355,0.0
43,133.0,0.0,0.0
44,133.0,0.0932171399715731,0.0
45,133.0,0.0,0.0
46,133.0,0.07632725352244196,0.0
47,133.0,0.1313838265698023,0.0
48,133.0,0.0,0.0
49,133.0,0.2639875713445464,0.0
50,133.0,0.057397601234016826,0.0
1,134.0,0.0,0.0
2,134.0,0.0,0.0
3,134.0,0.0,0.0
4,134.0,0.1378837597494601,0.0
5,134.0,0.0,0.0
6,134.0,0.10506147081264217,0.0
7,134.0,0.0,0.0
8,134.0,0.14648258995608077,0.0
9,134.0,0.07640443137666475,0.0
10,134.0,0.0,0.0
11,134.0,0.007979405294181063,0.0
12,134.0,0.0,0.0
13,134.0,0.0,0.0
14,134.0,0.12623249510109413,0.0
15,134.0,0.0,0.0
16,134.0,0.0,0.0
17,134.0,0.1958306183856825,0.0
18,134.0,0.0,0.0
19,134.0,0.10336514104167238,0.0
20,134.0,0.1845368451614181,0.0
21,134.0,0.0,0.0
22,134.0,0.0,0.0
23,134.0,0.0,0.0
24,134.0,0.14875624621385153,0.0
25,134.0,0.07213030770935547,0.0
26,134.0,0.0,0.0
27,134.0,0.0,0.0
28,134.0,0.027667474760303956,0.0
29,134.0,0.14070885513243647,0.0
30,134.0,0.0,0.0
31,134.0,0.0,0.0
32,134.0,0.0,0.0
33,134.0,0.16275593369314234,0.0
34,134.0,0.01784719449477845,0.0
35,134.0,0.15896974230519434,0.0
36,134.0,0.0,0.0
37,134.0,0.09922577404948663,0.0
38,134.0,0.12873875038729465,0.0
39,134.0,0.0,0.0
40,134.0,0.08778835021122522,0.0
41,134.0,0.29265370022340553,0.0
42,134.0,0.038311155303226485,0.0
43,134.0,0.22928131566206433,0.0
44,134.0,0.17730838946010308,0.0
45,134.0,0.0,0.0
46,134.0,0.0,0.0
47,134.0,0.0,0.0
48,134.0,0.07668578054491626,0.0
49,134.0,0.0,0.0
50,134.0,0.0,0.0
1,135.0,0.1319400556821464,0.0
2,135.0,0.15073433225262656,0.0
3,135.0,0.29863848652428227,0.0
4,135.0,0.07218675265832453,0.0
5,135.0,0.0,0.0
6,135.0,0.13072777063206475,0.0
7,135.0,0.0,0.0
8,135.0,0.17829702167417316,0.0
9,135.0,0.0,0.0
10,135.0,0.0,0.0
11,135.0,0.14848284012276125,0.0
12,135.0,0.0,0.0
13,135.0,0.0,0.0
14,135.0,0.0,0.0
15,135.0,0.0,0.0
16,135.0,0.0,0.0
17,135.0,0.0,0.0
18,135.0,0.0,0.0
19,135.0,0.04537993660018114,0.0
20,135.0,0.12570403864749502,0.0
21,135.0,0.008647738704303132,0.0
22,135.0,0.0,0.0
23,135.0,0.0,0.0
24,135.0,0.014848018721760448,0.0
25,135.0,0.0,0.0
26,135.0,0.0,0.0
27,135.0,0.0007240519902265152,0.0
28,135.0,0.0,0.0
29,135.0,0.0,0.0
30,135.0,0.0,0.0
31,135.0,0.0,0.0
32,135.0,0.04719771777911086,0.0
33,135.0,0.0,0.0
34,135.0,0.0,0.0
35,135.0,0.0,0.0
36,135.0,0.0,0.0
37,135.0,0.0,0.0
38,135.0,0.15221709222701285,0.0
39,135.0,0.0,0.0
40,135.0,0.08470143796262475,0.0
41,135.0,0.0,0.0
42,135.0,0.0,0.0
43,135.0,0.08563578176360453,0.0
44,135.0,0.0,0.0
45,135.0,0.18000932708563955,0.0
46,135.0,0.2449689860949381,0.0
47,135.0,0.0,0.0
48,135.0,0.3151479006579817,0.0
49,135.0,0.0,0.0
50,135.0,0.0,0.0
1,136.0,0.11521950191700048,0.0
2,136.0,0.0,0.0
3,136.0,0.0,0.0
4,136.0,0.0,0.0
5,136.0,0.047656697474523724,0.0
6,136.0,0.21115813324203725,0.0
7,136.0,0.0,0.0
8,136.0,0.0,0.0
9,136.0,0.07973713961612494,0.0
10,136.0,0.12044966495227283,0.0
11,136.0,0.0,0.0
12,136.0,0.0,0.0
13,136.0,0.0,0.0
14,136.0,0.030303850459544757,0.0
15,136.0,0.024312785654932334,0.0
16,136.0,0.0,0.0
17,136.0,0.0,0.0
18,136.0,0.13307102633807788,0.0
19,136.0,0.21845046504840482,0.0
20,136.0,0.0,0.0
21,136.0,0.0,0.0
22,136.0,0.0,0.0
23,136.0,0.10487644036020694,0.0
24,136.0,0.10655132092179054,0.0
25,136.0,0.0,0.0
26,136.0,0.0,0.0
27,136.0,0.0,0.0
28,136.0,0.21218862597990562,0.0
29,136.0,0.0,0.0
30,136.0,0.31429104705735444,0.0
31,136.0,0.004266894490929318,0.0
32,136.0,0.0,0.0
33,136.0,0.0,0.0
34,136.0,0.0,0.0
35,136.0,0.0,0.0
36,136.0,0.0,0.0
37,136.0,0.1518688149066738,0.0
38,136.0,0.0,0.0
39,136.0,0.0,0.0
40,136.0,0.0,0.0
41,136.0,0.06113198993853497,0.0
42,136.0,0.0,0.0
43,136.0,0.004820494351517768,0.0
44,136.0,0.0,0.0
45,136.0,0.0,0.0
46,136.0,0.0,0.0
47,136.0,0.006338958097002134,0.0
48,136.0,0.1523139349948751,0.0
49,136.0,0.0,0.0
50,136.0,0.0,0.0
1,137.0,0.0,0.0
2,137.0,0.0,0.0
3,137.0,0.18066095939676863,0.0
4,137.0,0.0,0.0
5,137.0,0.17042713017398292,0.0
6,137.0,0.0,0.0
7,137.0,0.0,0.0
8,137.0,0.1945394902381189,0.0
9,137.0,0.0,0.0
10,137.0,0.152322045054881,0.0
11,137.0,0.0754901045465618,0.0
12,137.0,0.0,0.0
13,137.0,0.0,0.0
14,137.0,0.0,0.0
15,137.0,0.17581124485617983,0.0
16,137.0,0.0,0.0
17,137.0,0.0,0.0
18,137.0,0.1995666353718688,0.0
19,137.0,0.04232023566575638,0.0
20,137.0,0.0,0.0
21,137.0,0.0,0.0
22,137.0,0.1750561943341329,0.0
23,137.0,0.0,0.0
24,137.0,0.0,0.0
25,137.0,0.0019879551134146523,0.0
26,137.0,0.0,0.0
27,137.0,0.0,0.0
28,137.0,0.11571721642753086,0.0
29,137.0,0.0,0.0
30,137.0,0.009614797558812782,0.0
31,137.0,0.0,0.0
32,137.0,0.0,0.0
33,137.0,0.0,0.0
34,137.0,0.0,0.0
35,137.0,0.0,0.0
36,137.0,0.24566761563880346,0.0
37,137.0,0.10242565294842443,0.0
38,137.0,0.0,0.0
39,137.0,0.0,0.0
40,137.0,0.0,0.0
41,137.0,0.0,0.0
42,137.0,0.0,0.0
43,137.0,0.04115330921924909,0.0
44,137.0,0.0,0.0
45,137.0,0.0,0.0
46,137.0,0.0,0.0
47,137.0,0.0,0.0
48,137.0,0.04927747981167463,0.0
49,137.0,0.0,0.0
50,137.0,0.0,0.0
1,138.0,0.0,0.0
2,138.0,0.06619065242007449,0.0
3,138.0,0.0897713554752596,0.0
4,138.0,0.0,0.0
5,138.0,0.007110680604613395,0.0
6,138.0,0.0,0.0
7,138.0,0.0,0.0
8,138.0,0.0,0.0
9,138.0,0.0,0.0
10,138.0,0.17407526114980743,0.0
11,138.0,0.0,0.0
12,138.0,0.049954611295277784,0.0
13,138.0,0.006998391585837482,0.0
14,138.0,0.09171388613320375,0.0
15,138.0,0.0,0.0
16,138.0,0.0,0.0
17,138.0,0.0,0.0
18,138.0,0.004866556533973054,0.0
19,138.0,0.0,0.0
20,138.0,0.0,0.0
21,138.0,0.04911373022668397,0.0
22,138.0,0.04164701575200025,0.0
23,138.0,0.04778456570162981,0.0
24,138.0,0.04835869100921619,0.0
25,138.0,0.0,0.0
26,138.0,0.0,0.0
27,138.0,0.0,0.0
28,138.0,0.12744187636200044,0.0
29,138.0,0.0,0.0
30,138.0,0.057131926752998385,0.0
31,138.0,0.0,0.0
32,138.0,0.30360642837553586,0.0
33,138.0,0.0,0.0
34,138.0,0.0,0.0
35,138.0,0.13066508809540323,0.0
36,138.0,0.0,0.0
37,138.0,0.0,0.0
38,138.0,0.0,0.0
39,138.0,0.0,0.0
40,138.0,0.20130105734828863,0.0
41,138.0,0.0,0.0
42,138.0,0.0,0.0
43,138.0,0.11617351318899327,0.0
44,138.0,0.014337769498946606,0.0
45,138.0,0.0,0.0
46,138.0,0.17073833816747364,0.0
47,138.0,0.0,0.0
48,138.0,0.0,0.0
49,138.0,0.0,0.0
50,138.0,0.0,0.0
1,139.0,0.0,0.0
2,139.0,0.0,0.0
3,139.0,0.0,0.0
4,139.0,0.1594483257354844,0.0
5,139.0,0.0,0.0
6,139.0,0.0,0.0
7,139.0,0.0,0.0
8,139.0,0.0,0.0
9,139.0,0.10755244330948155,0.0
10,139.0,0.0,0.0
11,139.0,0.06246952137228434,0.0
12,139.0,0.0,0.0
13,139.0,0.0,0.0
14,139.0,0.0,0.0
15,139.0,0.0,0.0
16,139.0,0.0,0.0
17,139.0,0.0,0.0
18,139.0,0.0,0.0
19,139.0,0.0,0.0
20,139.0,0.0,0.0
21,139.0,0.21255434679917995,0.0
22,139.0,0.0,0.0
23,139.0,0.0,0.0
24,139.0,0.13420938986259845,0.0
25,139.0,0.0,0.0
26,139.0,0.0,0.0
27,139.0,0.14802963193311125,0.0
28,139.0,0.0,0.0
29,139.0,0.02843172814678141,0.0
30,139.0,0.0,0.0
31,139.0,0.0,0.0
32,139.0,0.24049767817045464,0.0
33,139.0,0.0,0.0
34,139.0,0.0,0.0
35,139.0,0.04611048660731243,0.0
36,139.0,0.07377890990934644,0.0
37,139.0,0.09132855386608629,0.0
38,139.0,0.30348777824848006,0.0
39,139.0,0.03238741214013685,0.0
40,139.0,0.2383146760613396,0.0
41,139.0,0.0,0.0
42,139.0,0.2101739259472446,0.0
43,139.0,0.04123413956837574,0.0
44,139.0,0.04925145343637094,0.0
45,139.0,0.12682783397387187,0.0
46,139.0,0.0,0.0
47,139.0,0.2630253771834212,0.0
48,139.0,0.0,0.0
49,139.0,0.15051478354182146,0.0
50,139.0,0.11126686417385212,0.0
1,140.0,0.0,0.0
2,140.0,0.0,0.0
3,140.0,0.0310218376804281,0.0
4,140.0,0.12400534458336021,0.0
5,140.0,0.24115706813442783,0.0
6,140.0,0.023054811070094883,0.0
7,140.0,0.09128656381563593,0.0
8,140.0,0.0,0.0
9,140.0,0.0,0.0
10,140.0,0.11852720731033006,0.0
11,140.0,0.07528383033142783,0.0
12,140.0,0.0,0.0
13,140.0,0.0,0.0
14,140.0,0.06984099568397772,0.0
15,140.0,0.036399085179696256,0.0
16,140.0,0.16240313462700873,0.0
17,140.0,0.09146724578200593,0.0
18,140.0,0.0,0.0
19,140.0,0.0067595801404015665,0.0
20,140.0,0.04727853249344405,0.0
21,140.0,0.06878726971282922,0.0
22,140.0,0.02693579384156808,0.0
23,140.0,0.10711579312096431,0.0
24,140.0,0.2093616580141625,0.0
25,140.0,0.0,0.0
26,140.0,0.23168268207134546,0.0
27,140.0,0.0,0.0
28,140.0,0.09251271704668618,0.0
29,140.0,0.0,0.0
30,140.0,0.14660463290199532,0.0
31,140.0,0.0,0.0
32,140.0,0.03499229185261976,0.0
33,140.0,0.0015636113218953085,0.0
34,140.0,0.03950941412757525,0.0
35,140.0,0.0,0.0
36,140.0,0.2691510341934037,0.0
37,140.0,0.26241639318240295,0.0
38,140.0,0.0,0.0
39,140.0,0.0,0.0
40,140.0,0.017742102793342318,0.0
41,140.0,0.0,0.0
42,140.0,0.0,0.0
43,140.0,0.0,0.0
44,140.0,0.04035868510390406,0.0
45,140.0,0.0,0.0
46,140.0,0.071224651795471,0.0
47,140.0,0.0,0.0
48,140.0,0.0,0.0
49,140.0,0.0,0.0
50,140.0,0.0,0.0
1,141.0,0.16531918991401062,0.0
2,141.0,0.21273749106466755,0.0
3,141.0,0.0,0.0
4,141.0,0.008791225674407155,0.0
5,141.0,0.031270605860617695,0.0
6,141.0,0.1000619370549859,0.0
7,141.0,0.16119310936144027,0.0
8,141.0,0.00020100843075399055,0.0
9,141.0,0.03321758035509903,0.0
10,141.0,0.0,0.0
11,141.0,0.0,0.0
12,141.0,0.0,0.0
13,141.0,0.04567017996431966,0.0
14,141.0,0.026367595962960455,0.0
15,141.0,0.0,0.0
16,141.0,0.0,0.0
17,141.0,0.10325558785819311,0.0
18,141.0,0.0,0.0
19,141.0,0.0,0.0
20,141.0,0.0,0.0
21,141.0,0.046435900832508814,0.0
22,141.0,0.3024654609408277,0.0
23,141.0,0.0,0.0
24,141.0,0.11462989961976722,0.0
25,141.0,0.0,0.0
26,141.0,0.0,0.0
27,141.0,0.10460975622538027,0.0
28,141.0,0.0,0.0
29,141.0,0.026725209449342757,0.0
30,141.0,0.10292863320360957,0.0
31,141.0,0.0,0.0
32,141.0,0.0,0.0
33,141.0,0.02054434348120404,0.0
34,141.0,0.3456188572524246,0.0
35,141.0,0.2150538627003803,0.0
36,141.0,0.11602539467828743,0.0
37,141.0,0.0,0.0
38,141.0,0.0,0.0
39,141.0,0.0,0.0
40,141.0,0.23958641853145812,0.0
41,141.0,0.0,0.0
42,141.0,0.11265388932123788,0.0
43,141.0,0.0,0.0
44,141.0,0.279240636665671,0.0
45,141.0,0.3680219463181841,0.0
46,141.0,0.19420006215388497,0.0
47,141.0,0.0,0.0
48,141.0,0.1013368063251564,0.0
49,141.0,0.0,0.0
50,141.0,0.0,0.0
1,142.0,0.0,0.0
2,142.0,0.12258924609623756,0.0
3,142.0,4.724177321902001e-05,0.0
4,142.0,0.0,0.0
5,142.0,0.0,0.0
6,142.0,0.0,0.0
7,142.0,0.07723007766571555,0.0
8,142.0,0.5019632903880973,0.0
9,142.0,0.1946086278929784,0.0
10,142.0,0.0,0.0
11,142.0,0.2852069353823654,0.0
12,142.0,0.12531379913592167,0.0
13,142.0,0.020286855260716385,0.0
14,142.0,0.0,0.0
15,142.0,0.05265513289574886,0.0
16,142.0,0.16339440451339993,0.0
17,142.0,0.0,0.0
18,142.0,0.1243823830437426,0.0
19,142.0,0.08754804887561018,0.0
20,142.0,0.0,0.0
21,142.0,0.0,0.0
22,142.0,0.0,0.0
23,142.0,0.1320107785381741,0.0
24,142.0,0.0,0.0
25,142.0,0.40709810301135774,0.0
26,142.0,0.0,0.0
27,142.0,0.1444891292742282,0.0
28,142.0,0.0,0.0
29,142.0,0.0,0.0
30,142.0,0.0,0.0
31,142.0,0.2244024890148032,0.0
32,142.0,0.0234868870193361,0.0
33,142.0,0.09429073864220372,0.0
34,142.0,0.0,0.0
35,142.0,0.0,0.0
36,142.0,0.0,0.0
37,142.0,0.31653672711659386,0.0
38,142.0,0.0,0.0
39,142.0,0.008865333837241418,0.0
40,142.0,0.0,0.0
41,142.0,0.0,0.0
42,142.0,0.20042777740603623,0.0
43,142.0,0.0,0.0
44,142.0,0.029769873476528264,0.0
45,142.0,0.0675176546186087,0.0
46,142.0,0.0,0.0
47,142.0,0.19928204417015993,0.0
48,142.0,0.0,0.0
49,142.0,0.0,0.0
50,142.0,0.0,0.0
1,143.0,0.1044123985409483,0.0
2,143.0,0.0,0.0
3,143.0,0.24434072655652517,0.0
4,143.0,0.0,0.0
5,143.0,0.010875314717081808,0.0
6,143.0,0.0,0.0
7,143.0,0.16709072371245448,0.0
8,143.0,0.0,0.0
9,143.0,0.0,0.0
10,143.0,0.0,0.0
11,143.0,0.0,0.0
12,143.0,0.27480152898811316,0.0
13,143.0,0.0,0.0
14,143.0,0.0,0.0
15,143.0,0.0,0.0
16,143.0,0.013939864528352164,0.0
17,143.0,0.15731323268173925,0.0
18,143.0,0.0,0.0
19,143.0,0.08522984340539463,0.0
20,143.0,0.13750922709502145,0.0
21,143.0,0.0,0.0
22,143.0,0.08483281809458976,0.0
23,143.0,0.0,0.0
24,143.0,0.18620674102770673,0.0
25,143.0,0.0,0.0
26,143.0,0.0,0.0
27,143.0,0.053032671845577584,0.0
28,143.0,0.0638224628275944,0.0
29,143.0,0.0,0.0
30,143.0,0.0,0.0
31,143.0,0.0,0.0
32,143.0,0.1430450003461997,0.0
33,143.0,0.0,0.0
34,143.0,0.0,0.0
35,143.0,0.0,0.0
36,143.0,0.03547702480396964,0.0
37,143.0,0.0,0.0
38,143.0,0.0,0.0
39,143.0,0.1960494162066152,0.0
40,143.0,0.01774525696560958,0.0
41,143.0,0.0,0.0
42,143.0,0.0025225447242426258,0.0
43,143.0,0.08723445116596507,0.0
44,143.0,0.16625638136704535,0.0
45,143.0,0.08228593512490068,0.0
46,143.0,0.0,0.0
47,143.0,0.1138293682312369,0.0
48,143.0,0.0,0.0
49,143.0,0.0,0.0
50,143.0,0.0,0.0
1,144.0,0.059563551557001326,0.0
2,144.0,0.0,0.0
3,144.0,0.0,0.0
4,144.0,0.17652251907730332,0.0
5,144.0,0.0,0.0
6,144.0,0.10501345803442053,0.0
7,144.0,0.12039898585482867,0.0
8,144.0,0.17120132246414466,0.0
9,144.0,0.0,0.0
10,144.0,0.016510819583058223,0.0
11,144.0,0.0,0.0
12,144.0,0.09371955382229435,0.0
13,144.0,0.0,0.0
14,144.0,0.031182806333332702,0.0
15,144.0,0.0,0.0
16,144.0,0.24364994029832598,0.0
17,144.0,0.09991059670198477,0.0
18,144.0,0.0,0.0
19,144.0,0.0,0.0
20,144.0,0.08338356379070377,0.0
21,144.0,0.05125403874912926,0.0
22,144.0,0.0,0.0
23,144.0,0.0,0.0
24,144.0,0.033293859320492225,0.0
25,144.0,0.0726218480509857,0.0
26,144.0,0.1932194193519945,0.0
27,144.0,0.0,0.0
28,144.0,0.0,0.0
29,144.0,0.0,0.0
30,144.0,0.14361776532117287,0.0
31,144.0,0.0544187086964828,0.0
32,144.0,0.0,0.0
33,144.0,0.0,0.0
34,144.0,0.23143392667779872,0.0
35,144.0,0.0,0.0
36,144.0,0.021635474205097593,0.0
37,144.0,0.0,0.0
38,144.0,0.0,0.0
39,144.0,0.2348657135786022,0.0
40,144.0,0.2195821001798346,0.0
41,144.0,0.0,0.0
42,144.0,0.09162944559294361,0.0
43,144.0,0.0,0.0
44,144.0,0.0,0.0
45,144.0,0.0,0.0
46,144.0,0.1376528440387237,0.0
47,144.0,0.0,0.0
48,144.0,0.0,0.0
49,144.0,0.0,0.0
50,144.0,0.44793242996374705,0.0
1,145.0,0.0,0.0
2,145.0,0.06689116746952839,0.0
3,145.0,0.0,0.0
4,145.0,0.0,0.0
5,145.0,0.1492813252570998,0.0
6,145.0,0.0,0.0
7,145.0,0.0,0.0
8,145.0,0.011175363981145714,0.0
9,145.0,0.0,0.0
10,145.0,0.1382159225687256,0.0
11,145.0,0.0,0.0
12,145.0,0.0,0.0
13,145.0,0.006643590530416743,0.0
14,145.0,0.0,0.0
15,145.0,0.0,0.0
16,145.0,0.0,0.0
17,145.0,0.05185353979679208,0.0
18,145.0,0.4861079330710122,0.0
19,145.0,0.0,0.0
20,145.0,0.0,0.0
21,145.0,0.0,0.0
22,145.0,0.0280881553484984,0.0
23,145.0,0.0,0.0
24,145.0,0.0,0.0
25,145.0,0.22669661075248682,0.0
26,145.0,0.018193698152489612,0.0
27,145.0,0.0,0.0
28,145.0,0.0,0.0
29,145.0,0.12981349333337888,0.0
30,145.0,0.03812663534108662,0.0
31,145.0,0.14154170638504693,0.0
32,145.0,0.08824355761507174,0.0
33,145.0,0.0,0.0
34,145.0,0.17644571193887482,0.0
35,145.0,0.0,0.0
36,145.0,0.02983504366462686,0.0
37,145.0,0.021656768330983955,0.0
38,145.0,0.0,0.0
39,145.0,0.0011229681442543882,0.0
40,145.0,0.11742108084844893,0.0
41,145.0,0.2739169740077765,0.0
42,145.0,0.0,0.0
43,145.0,0.0,0.0
44,145.0,0.11334701190571295,0.0
45,145.0,0.0,0.0
46,145.0,0.18455313767194625,0.0
47,145.0,0.22432518842677018,0.0
48,145.0,0.1527036013234342,0.0
49,145.0,0.09045902782795401,0.0
50,145.0,0.281367699891227,0.0
1,146.0,0.12338664316337233,0.0
2,146.0,0.0,0.0
3,146.0,0.18802282796647662,0.0
4,146.0,0.05048451524226816,0.0
5,146.0,0.0,0.0
6,146.0,0.0,0.0
7,146.0,0.0,0.0
8,146.0,0.0,0.0
9,146.0,0.27300637577858844,0.0
10,146.0,0.06512139951611651,0.0
11,146.0,0.03433474065938058,0.0
12,146.0,0.0,0.0
13,146.0,0.0,0.0
14,146.0,0.0,0.0
15,146.0,0.0,0.0
16,146.0,0.0,0.0
17,146.0,0.1027905923175848,0.0
18,146.0,0.17729579037057686,0.0
19,146.0,0.22825768701342664,0.0
20,146.0,0.46541411150054846,0.0
21,146.0,0.05063994428828955,0.0
22,146.0,0.0,0.0
23,146.0,0.0,0.0
24,146.0,0.2786703918790734,0.0
25,146.0,0.05096318542436251,0.0
26,146.0,0.23745219843703969,0.0
27,146.0,0.0,0.0
28,146.0,0.0,0.0
29,146.0,0.2435822985220515,0.0
30,146.0,0.0,0.0
31,146.0,0.09057873165770858,0.0
32,146.0,0.019012946942352116,0.0
33,146.0,0.005891417031409829,0.0
34,146.0,0.22746609291213948,0.0
35,146.0,0.0,0.0
36,146.0,0.2431710994736399,0.0
37,146.0,0.1810614929773502,0.0
38,146.0,0.0,0.0
39,146.0,0.05326749733518299,0.0
40,146.0,0.0,0.0
41,146.0,0.07917617638661212,0.0
42,146.0,0.0,0.0
43,146.0,0.0,0.0
44,146.0,0.03129458472708124,0.0
45,146.0,0.09331795077385308,0.0
46,146.0,0.0,0.0
47,146.0,0.04511968475193873,0.0
48,146.0,0.0,0.0
49,146.0,0.14419747655773818,0.0
50,146.0,0.4574859074365156,0.0
1,147.0,0.17974272788011303,0.0
2,147.0,0.0,0.0
3,147.0,0.3366680146642488,0.0
4,147.0,0.02109049966162635,0.0
5,147.0,0.21905610247629403,0.0
6,147.0,0.43288730378852947,0.0
7,147.0,0.0,0.0
8,147.0,0.0,0.0
9,147.0,0.0,0.0
10,147.0,0.04057081523969264,0.0
11,147.0,0.0,0.0
12,147.0,0.10381217285594868,0.0
13,147.0,0.0,0.0
14,147.0,0.0,0.0
15,147.0,0.0,0.0
16,147.0,0.0,0.0
17,147.0,0.0,0.0
18,147.0,0.0,0.0
19,147.0,0.5611036560271925,0.0
20,147.0,0.0,0.0
21,147.0,0.0,0.0
22,147.0,0.25991502508478825,0.0
23,147.0,0.0,0.0
24,147.0,0.0,0.0
25,147.0,0.0,0.0
26,147.0,0.09525711881269583,0.0
27,147.0,0.0,0.0
28,147.0,0.0,0.0
29,147.0,0.24522623812191502,0.0
30,147.0,0.0,0.0
31,147.0,0.034810355225392664,0.0
32,147.0,0.0,0.0
33,147.0,0.0,0.0
34,147.0,0.2320316803088851,0.0
35,147.0,0.0,0.0
36,147.0,0.0,0.0
37,147.0,0.04535112963560528,0.0
38,147.0,0.0,0.0
39,147.0,0.0,0.0
40,147.0,0.3674836608390477,0.0
41,147.0,0.0,0.0
42,147.0,0.4103323884125042,0.0
43,147.0,0.0189969005220173,0.0
44,147.0,0.19850105560860598,0.0
45,147.0,0.024571071221324514,0.0
46,147.0,0.030631419504828283,0.0
47,147.0,0.25685253933718344,0.0
48,147.0,0.0536042895822012,0.0
49,147.0,0.12570907200580572,0.0
50,147.0,0.3379676858237206,0.0
1,148.0,0.0,0.0
2,148.0,0.24842595048335925,0.0
3,148.0,0.0,0.0
4,148.0,0.0,0.0
5,148.0,0.13866056503066992,0.0
6,148.0,0.07459557159852193,0.0
7,148.0,0.0,0.0
8,148.0,0.1207512924766504,0.0
9,148.0,0.05874862129971159,0.0
10,148.0,0.1036886934454555,0.0
11,148.0,0.009990392988505015,0.0
12,148.0,0.0,0.0
13,148.0,0.10817674736303251,0.0
14,148.0,0.0,0.0
15,148.0,0.004243476736961127,0.0
16,148.0,0.0,0.0
17,148.0,0.3690010276978537,0.0
18,148.0,0.21567207013034484,0.0
19,148.0,0.2947337456718073,0.0
20,148.0,0.0,0.0
21,148.0,0.11332187600890775,0.0
22,148.0,0.14004677572999968,0.0
23,148.0,0.0,0.0
24,148.0,0.0,0.0
25,148.0,0.004962209426407127,0.0
26,148.0,0.01879713787063908,0.0
27,148.0,0.0,0.0
28,148.0,0.0,0.0
29,148.0,0.0,0.0
30,148.0,0.0,0.0
31,148.0,0.016637129488038527,0.0
32,148.0,0.08435212906693035,0.0
33,148.0,0.018354053382700686,0.0
34,148.0,0.0,0.0
35,148.0,0.08527496166389481,0.0
36,148.0,0.19939323129854647,0.0
37,148.0,0.1928910224167143,0.0
38,148.0,0.09652624430534973,0.0
39,148.0,0.0,0.0
40,148.0,0.0,0.0
41,148.0,0.0,0.0
42,148.0,0.2730434203400385,0.0
43,148.0,0.0,0.0
44,148.0,0.40341225962670624,0.0
45,148.0,0.0,0.0
46,148.0,0.1088488673084832,0.0
47,148.0,0.017445202076629585,0.0
48,148.0,0.0,0.0
49,148.0,0.0,0.0
50,148.0,0.0,0.0
1,149.0,0.054446807566754685,0.0
2,149.0,0.0,0.0
3,149.0,0.025871776084032683,0.0
4,149.0,0.1634358957852694,0.0
5,149.0,0.24254335945516858,0.0
6,149.0,0.0,0.0
7,149.0,0.0,0.0
8,149.0,0.08491405702950205,0.0
9,149.0,0.0,0.0
10,149.0,0.0,0.0
11,149.0,0.0,0.0
12,149.0,0.0,0.0
13,149.0,0.0,0.0
14,149.0,0.29169550924071075,0.0
15,149.0,0.03156787488707935,0.0
16,149.0,0.13810440825682568,0.0
17,149.0,0.0,0.0
18,149.0,0.0,0.0
19,149.0,0.20943817522825414,0.0
20,149.0,0.0,0.0
21,149.0,0.0,0.0
22,149.0,0.0,0.0
23,149.0,0.0,0.0
24,149.0,0.08544487041382354,0.0
25,149.0,0.0,0.0
26,149.0,0.0,0.0
27,149.0,0.054436329555673235,0.0
28,149.0,0.0,0.0
29,149.0,0.0,0.0
30,149.0,0.0,0.0
31,149.0,0.08773340569115318,0.0
32,149.0,0.0,0.0
33,149.0,0.047853204146278916,0.0
34,149.0,0.0,0.0
35,149.0,0.2590503613706766,0.0
36,149.0,0.03393463868356683,0.0
37,149.0,0.008842206802692876,0.0
38,149.0,0.22411975548281815,0.0
39,149.0,0.0,0.0
40,149.0,0.0,0.0
41,149.0,0.09439490370832693,0.0
42,149.0,0.0,0.0
43,149.0,0.2670725500049749,0.0
44,149.0,0.10044124060035198,0.0
45,149.0,0.0,0.0
46,149.0,0.08352386375939125,0.0
47,149.0,0.0,0.0
48,149.0,0.0,0.0
49,149.0,0.04551429177195665,0.0
50,149.0,0.0,0.0
1,150.0,0.04489599580888848,0.0
2,150.0,0.01427010117689198,0.0
3,150.0,0.0,0.0
4,150.0,0.20120037181449724,0.0
5,150.0,0.0505287897000678,0.0
6,150.0,0.0,0.0
7,150.0,0.0,0.0
8,150.0,0.0,0.0
9,150.0,0.0,0.0
10,150.0,0.07582884058207884,0.0
11,150.0,0.2112843731960089,0.0
12,150.0,0.0,0.0
13,150.0,0.19353122216604102,0.0
14,150.0,0.016792735944750836,0.0
15,150.0,0.0,0.0
16,150.0,0.2187889742516329,0.0
17,150.0,0.21203750603331728,0.0
18,150.0,0.0,0.0
19,150.0,0.11151265868052018,0.0
20,150.0,0.0,0.0
21,150.0,0.0,0.0
22,150.0,0.0,0.0
23,150.0,0.011598544498852448,0.0
24,150.0,0.0,0.0
25,150.0,0.0,0.0
26,150.0,0.06156484618607594,0.0
27,150.0,0.4615899142045523,0.0
28,150.0,0.06491956402576049,0.0
29,150.0,0.0,0.0
30,150.0,0.1388934164098775,0.0
31,150.0,0.0,0.0
32,150.0,0.4070744146205263,0.0
33,150.0,0.0,0.0
34,150.0,0.0,0.0
35,150.0,0.0013389239856053115,0.0
36,150.0,0.12149326886836198,0.0
37,150.0,0.006269120341885093,0.0
38,150.0,0.11107871423138183,0.0
39,150.0,0.0,0.0
40,150.0,0.0,0.0
41,150.0,0.0,0.0
42,150.0,0.0,0.0
43,150.0,0.0,0.0
44,150.0,0.0,0.0
45,150.0,0.4490270437851869,0.0
46,150.0,0.0,0.0
47,150.0,0.030768020465572365,0.0
48,150.0,0.0,0.0
49,150.0,0.0,0.0
50,150.0,0.0,0.0
1,151.0,0.0,0.0
2,151.0,0.09315694008559317,0.0
3,151.0,0.0,0.0
4,151.0,0.0,0.0
5,151.0,0.0,0.0
6,151.0,0.10242946817360843,0.0
7,151.0,0.0,0.0
8,151.0,0.0,0.0
9,151.0,0.1282087872212594,0.0
10,151.0,0.0,0.0
11,151.0,0.0,0.0
12,151.0,0.006305154320407236,0.0
13,151.0,0.0,0.0
14,151.0,0.12299784880497078,0.0
15,151.0,0.0,0.0
16,151.0,0.0,0.0
17,151.0,0.0,0.0
18,151.0,0.05643582295995608,0.0
19,151.0,0.008172282148542265,0.0
20,151.0,0.0,0.0
21,151.0,0.0,0.0
22,151.0,0.012996505810369818,0.0
23,151.0,0.0019338738050516113,0.0
24,151.0,0.1332550975192187,0.0
25,151.0,0.052946300437232474,0.0
26,151.0,0.0,0.0
27,151.0,0.21334680070783496,0.0
28,151.0,0.0,0.0
29,151.0,0.0,0.0
30,151.0,0.315506414602055,0.0
31,151.0,0.027054753742842164,0.0
32,151.0,0.1916016251869418,0.0
33,151.0,0.0,0.0
34,151.0,0.10493211825025373,0.0
35,151.0,0.2908782985459535,0.0
36,151.0,0.0,0.0
37,151.0,0.06426358556421552,0.0
38,151.0,0.0,0.0
39,151.0,0.1109664688993014,0.0
40,151.0,0.0,0.0
41,151.0,0.060429355451250055,0.0
42,151.0,0.0,0.0
43,151.0,0.11052221319731803,0.0
44,151.0,0.18509525077285172,0.0
45,151.0,0.08664858174410439,0.0
46,151.0,0.21766444513844052,0.0
47,151.0,0.0,0.0
48,151.0,0.0,0.0
49,151.0,0.0,0.0
50,151.0,0.0,0.0
1,152.0,0.0,0.0
2,152.0,0.24689670542394226,0.0
3,152.0,0.0,0.0
4,152.0,0.0,0.0
5,152.0,0.22954521874957245,0.0
6,152.0,0.0,0.0
7,152.0,0.09167738380125634,0.0
8,152.0,0.05283661793891725,0.0
9,152.0,0.0,0.0
10,152.0,0.0,0.0
11,152.0,0.16072344307744013,0.0
12,152.0,0.0,0.0
13,152.0,0.15572215392487354,0.0
14,152.0,0.1212415973615727,0.0
15,152.0,0.057341437047682575,0.0
16,152.0,0.1113349451130693,0.0
17,152.0,0.0,0.0
18,152.0,0.11175042944132818,0.0
19,152.0,0.13618843409817594,0.0
20,152.0,0.21305462146024667,0.0
21,152.0,0.0,0.0
22,152.0,0.0,0.0
23,152.0,0.3262587672582298,0.0
24,152.0,0.0,0.0
25,152.0,0.06614681598460537,0.0
26,152.0,0.22758940091044955,0.0
27,152.0,0.0,0.0
28,152.0,0.1366845357904094,0.0
29,152.0,0.16433397877615952,0.0
30,152.0,0.27002067020719067,0.0
31,152.0,0.0,0.0
32,152.0,0.0,0.0
33,152.0,0.04444456299083199,0.0
34,152.0,0.09100904996359027,0.0
35,152.0,0.0,0.0
36,152.0,0.0462330379962097,0.0
37,152.0,0.021066446229192293,0.0
38,152.0,0.19767448902473828,0.0
39,152.0,0.0,0.0
40,152.0,0.0,0.0
41,152.0,0.15381803777945002,0.0
42,152.0,0.0,0.0
43,152.0,0.0,0.0
44,152.0,0.0,0.0
45,152.0,0.26963792806806997,0.0
46,152.0,0.27355899347700996,0.0
47,152.0,0.11588485289227801,0.0
48,152.0,0.0,0.0
49,152.0,0.0,0.0
50,152.0,0.0,0.0
1,153.0,0.25379443023671155,0.0
2,153.0,0.0,0.0
3,153.0,0.0,0.0
4,153.0,0.02260345720981838,0.0
5,153.0,0.19158992189280688,0.0
6,153.0,0.16694216829123476,0.0
7,153.0,0.0,0.0
8,153.0,0.0,0.0
9,153.0,0.0,0.0
10,153.0,0.007033853189407635,0.0
11,153.0,0.0,0.0
12,153.0,0.0581946693566564,0.0
13,153.0,0.0,0.0
14,153.0,0.0,0.0
15,153.0,0.06697461252525139,0.0
16,153.0,0.0,0.0
17,153.0,0.0,0.0
18,153.0,0.07010188531888906,0.0
19,153.0,0.1596646912916665,0.0
20,153.0,0.0,0.0
21,153.0,0.04202776753245219,0.0
22,153.0,0.021402713720282907,0.0
23,153.0,0.19121641312709925,0.0
24,153.0,0.22641076862988974,0.0
25,153.0,0.0,0.0
26,153.0,0.0,0.0
27,153.0,0.17058398722012258,0.0
28,153.0,0.0,0.0
29,153.0,0.002873726105809271,0.0
30,153.0,0.0,0.0
31,153.0,0.035982823639784,0.0
32,153.0,0.0,0.0
33,153.0,0.0,0.0
34,153.0,0.0,0.0
35,153.0,0.0,0.0
36,153.0,0.005759292667940286,0.0
37,153.0,0.0,0.0
38,153.0,0.06600646833222523,0.0
39,153.0,0.0,0.0
40,153.0,0.12427886526696963,0.0
41,153.0,0.03881635767395586,0.0
42,153.0,0.0,0.0
43,153.0,0.0,0.0
44,153.0,0.0,0.0
45,153.0,0.17444578548599976,0.0
46,153.0,0.24324293323010515,0.0
47,153.0,0.2813751054933259,0.0
48,153.0,0.0,0.0
49,153.0,0.0,0.0
50,153.0,0.08963916067562949,0.0
1,154.0,0.012311028311403516,0.0
2,154.0,0.04667548227239671,0.0
3,154.0,0.0,0.0
4,154.0,0.07398184752954007,0.0
5,154.0,0.0,0.0
6,154.0,0.17680232258200168,0.0
7,154.0,0.16207974673040615,0.0
8,154.0,0.09411109099807713,0.0
9,154.0,0.0,0.0
10,154.0,0.41836470408397775,0.0
11,154.0,0.009648548643476085,0.0
12,154.0,0.0,0.0
13,154.0,2.760126393563933e-05,0.0
14,154.0,0.1699803804514871,0.0
15,154.0,0.0,0.0
16,154.0,0.0,0.0
17,154.0,0.05988066386172408,0.0
18,154.0,0.0,0.0
19,154.0,0.35959744408098593,0.0
20,154.0,0.2513903703512467,0.0
21,154.0,0.0,0.0
22,154.0,0.1179642364698551,0.0
23,154.0,0.0,0.0
24,154.0,0.006131357768355494,0.0
25,154.0,0.0,0.0
26,154.0,0.0,0.0
27,154.0,0.06731812838582407,0.0
28,154.0,0.0,0.0
29,154.0,0.1331612516240963,0.0
30,154.0,0.0,0.0
31,154.0,0.07233688367987112,0.0
32,154.0,0.0,0.0
33,154.0,0.2008170012188224,0.0
34,154.0,0.0,0.0
35,154.0,0.0,0.0
36,154.0,0.2921496280653392,0.0
37,154.0,0.06230928960737958,0.0
38,154.0,0.0,0.0
39,154.0,0.0,0.0
40,154.0,0.0,0.0
41,154.0,0.02964056555298933,0.0
42,154.0,0.0,0.0
43,154.0,0.02385488048214146,0.0
44,154.0,0.0,0.0
45,154.0,0.33849508763395975,0.0
46,154.0,0.0,0.0
47,154.0,0.0,0.0
48,154.0,0.11963045399085837,0.0
49,154.0,0.00155541749334831,0.0
50,154.0,0.31675304316463493,0.0
1,155.0,0.0,0.0
2,155.0,0.0,0.0
3,155.0,0.0,0.0
4,155.0,0.0924218442720468,0.0
5,155.0,0.1554794186282925,0.0
6,155.0,0.02722482317350139,0.0
7,155.0,0.09298656642440628,0.0
8,155.0,0.0,0.0
9,155.0,0.2992980206401469,0.0
10,155.0,0.021982644760232595,0.0
11,155.0,0.04160566190424142,0.0
12,155.0,0.0,0.0
13,155.0,0.22430572945675908,0.0
14,155.0,0.0,0.0
15,155.0,0.034445963883061426,0.0
16,155.0,0.23301556281455804,0.0
17,155.0,0.0,0.0
18,155.0,0.3269555781533622,0.0
19,155.0,0.08540595804770257,0.0
20,155.0,0.07789661179111274,0.0
21,155.0,0.0,0.0
22,155.0,0.06804020395347854,0.0
23,155.0,0.022135610258722793,0.0
24,155.0,0.0,0.0
25,155.0,0.13230945556403007,0.0
26,155.0,0.0,0.0
27,155.0,0.0,0.0
28,155.0,0.0,0.0
29,155.0,0.37879387633598305,0.0
30,155.0,0.0,0.0
31,155.0,0.0,0.0
32,155.0,0.0,0.0
33,155.0,0.04977180198142028,0.0
34,155.0,0.0,0.0
35,155.0,0.256299711491209,0.0
36,155.0,0.0356516881524368,0.0
37,155.0,0.0,0.0
38,155.0,0.0,0.0
39,155.0,0.051748291658834544,0.0
40,155.0,0.0,0.0
41,155.0,0.0,0.0
42,155.0,0.26371750025790597,0.0
43,155.0,0.0,0.0
44,155.0,0.13780820630319168,0.0
45,155.0,0.0,0.0
46,155.0,0.0,0.0
47,155.0,0.12665450993414307,0.0
48,155.0,0.049084499082537425,0.0
49,155.0,0.0,0.0
50,155.0,0.1911217626314885,0.0
1,156.0,0.0,0.0
2,156.0,0.0,0.0
3,156.0,0.0,0.0
4,156.0,0.12862354773157847,0.0
5,156.0,0.055178784384566804,0.0
6,156.0,0.0,0.0
7,156.0,0.0,0.0
8,156.0,0.035179717603238125,0.0
9,156.0,0.021910004286151974,0.0
10,156.0,0.0,0.0
11,156.0,0.3708853096537008,0.0
12,156.0,0.33796621559209683,0.0
13,156.0,0.06712207033612727,0.0
14,156.0,0.0,0.0
15,156.0,0.14642915268333545,0.0
16,156.0,0.46042907064344996,0.0
17,156.0,0.1707992296481471,0.0
18,156.0,0.0,0.0
19,156.0,0.10677151496227655,0.0
20,156.0,0.0,0.0
21,156.0,0.0,0.0
22,156.0,0.0,0.0
23,156.0,0.0,0.0
24,156.0,0.23172236629290321,0.0
25,156.0,0.0,0.0
26,156.0,0.0,0.0
27,156.0,0.0,0.0
28,156.0,0.03840054087114064,0.0
29,156.0,0.2664829987984073,0.0
30,156.0,0.0,0.0
31,156.0,0.04004063964010074,0.0
32,156.0,0.0,0.0
33,156.0,0.08719177610636397,0.0
34,156.0,0.0,0.0
35,156.0,0.0,0.0
36,156.0,0.0,0.0
37,156.0,0.0,0.0
38,156.0,0.0,0.0
39,156.0,0.0972281137915233,0.0
40,156.0,0.03577679610160367,0.0
41,156.0,0.07801390235621453,0.0
42,156.0,0.027824425784273354,0.0
43,156.0,0.0,0.0
44,156.0,0.0,0.0
45,156.0,0.0,0.0
46,156.0,0.0,0.0
47,156.0,0.0,0.0
48,156.0,0.20561284780075118,0.0
49,156.0,0.0,0.0
50,156.0,0.0,0.0
1,157.0,0.0785143549471371,0.0
2,157.0,0.2709907851286074,0.0
3,157.0,0.0,0.0
4,157.0,0.0,0.0
5,157.0,0.0,0.0
6,157.0,0.09696831947183915,0.0
7,157.0,0.0,0.0
8,157.0,0.01454054078164424,0.0
9,157.0,0.03976048758152806,0.0
10,157.0,0.3013221620694313,0.0
11,157.0,0.022574180371704777,0.0
12,157.0,0.0,0.0
13,157.0,0.0,0.0
14,157.0,0.09825708638388397,0.0
15,157.0,0.2366931447719638,0.0
16,157.0,0.029419281168569622,0.0
17,157.0,0.06254121421342929,0.0
18,157.0,0.0,0.0
19,157.0,0.0,0.0
20,157.0,0.0,0.0
21,157.0,0.0,0.0
22,157.0,0.0,0.0
23,157.0,0.0,0.0
24,157.0,0.06857204520545002,0.0
25,157.0,0.0,0.0
26,157.0,0.06797380042851553,0.0
27,157.0,0.0,0.0
28,157.0,0.0,0.0
29,157.0,0.0,0.0
30,157.0,0.060236645899643615,0.0
31,157.0,0.26531129733114145,0.0
32,157.0,0.09504948244700584,0.0
33,157.0,0.13838718706374098,0.0
34,157.0,0.0,0.0
35,157.0,0.03412460761718661,0.0
36,157.0,0.0,0.0
37,157.0,0.10171006751091638,0.0
38,157.0,0.0,0.0
39,157.0,0.0,0.0
40,157.0,0.0,0.0
41,157.0,0.0,0.0
42,157.0,0.3221730989813929,0.0
43,157.0,0.0,0.0
44,157.0,0.0,0.0
45,157.0,0.06546258722365617,0.0
46,157.0,0.0,0.0
47,157.0,0.0,0.0
48,157.0,0.0,0.0
49,157.0,0.0,0.0
50,157.0,0.16089058793039057,0.0
1,158.0,0.0,0.0
2,158.0,0.3305135338454651,0.0
3,158.0,0.0,0.0
4,158.0,0.0,0.0
5,158.0,0.0,0.0
6,158.0,0.0,0.0
7,158.0,0.20935369218312105,0.0
8,158.0,0.0,0.0
9,158.0,0.0,0.0
10,158.0,0.06650355653974405,0.0
11,158.0,0.045200607873742915,0.0
12,158.0,0.0,0.0
13,158.0,0.0,0.0
14,158.0,0.0,0.0
15,158.0,0.0,0.0
16,158.0,0.0,0.0
17,158.0,0.09744726572763507,0.0
18,158.0,0.2672616923614777,0.0
19,158.0,0.0,0.0
20,158.0,0.05693642354931183,0.0
21,158.0,0.0,0.0
22,158.0,0.0,0.0
23,158.0,0.25312898803014827,0.0
24,158.0,0.0,0.0
25,158.0,0.28793830502158246,0.0
26,158.0,0.0,0.0
27,158.0,0.46823346074290284,0.0
28,158.0,0.046580778928597466,0.0
29,158.0,0.16485627299145766,0.0
30,158.0,0.024411953733255554,0.0
31,158.0,0.19822949538512047,0.0
32,158.0,0.0,0.0
33,158.0,0.0003562949832535134,0.0
34,158.0,0.06824802808663855,0.0
35,158.0,0.0,0.0
36,158.0,0.0,0.0
37,158.0,0.0,0.0
38,158.0,0.06429555397882158,0.0
39,158.0,0.0,0.0
40,158.0,0.0,0.0
41,158.0,0.026045098883803353,0.0
42,158.0,0.0,0.0
43,158.0,0.0,0.0
44,158.0,0.0,0.0
45,158.0,0.0,0.0
46,158.0,0.14835071672008115,0.0
47,158.0,0.0,0.0
48,158.0,0.15930198802015128,0.0
49,158.0,0.15596643418871514,0.0
50,158.0,0.0,0.0
1,159.0,0.0,0.0
2,159.0,0.0,0.0
3,159.0,0.0,0.0
4,159.0,0.020914154531719853,0.0
5,159.0,0.0,0.0
6,159.0,0.0,0.0
7,159.0,0.0,0.0
8,159.0,0.0,0.0
9,159.0,0.0,0.0
10,159.0,0.007629096047245598,0.0
11,159.0,0.10688412254224999,0.0
12,159.0,0.0,0.0
13,159.0,0.06686602292443156,0.0
14,159.0,0.014644087677558981,0.0
15,159.0,0.06656515608951485,0.0
16,159.0,0.05925449428698981,0.0
17,159.0,0.019897204964375637,0.0
18,159.0,0.10983751886637771,0.0
19,159.0,0.05919890662280303,0.0
20,159.0,0.0,0.0
21,159.0,0.0,0.0
22,159.0,0.0,0.0
23,159.0,0.0,0.0
24,159.0,0.0,0.0
25,159.0,0.0,0.0
26,159.0,0.0,0.0
27,159.0,0.0,0.0
28,159.0,0.0,0.0
29,159.0,0.052134036827816144,0.0
30,159.0,0.0,0.0
31,159.0,0.11763151987172749,0.0
32,159.0,0.1339404219381749,0.0
33,159.0,0.1489907352097365,0.0
34,159.0,0.00044816359934773953,0.0
35,159.0,0.0873857842669078,0.0
36,159.0,0.1068182877062751,0.0
37,159.0,0.08116682517177298,0.0
38,159.0,0.17573561174517704,0.0
39,159.0,0.0838600735030206,0.0
40,159.0,0.0,0.0
41,159.0,0.0,0.0
42,159.0,0.06587194672383756,0.0
43,159.0,0.3408458752542669,0.0
44,159.0,0.0,0.0
45,159.0,0.0,0.0
46,159.0,0.0,0.0
47,159.0,0.0,0.0
48,159.0,0.08519646196746822,0.0
49,159.0,0.000755029052263767,0.0
50,159.0,0.0,0.0
1,160.0,0.0,0.0
2,160.0,0.08725275788828679,0.0
3,160.0,0.038626077950358884,0.0
4,160.0,0.0,0.0
5,160.0,0.33550183061960015,0.0
6,160.0,0.055129122287342125,0.0
7,160.0,0.0,0.0
8,160.0,0.0,0.0
9,160.0,0.3184872227360692,0.0
10,160.0,0.19331509561226112,0.0
11,160.0,0.14526256866351417,0.0
12,160.0,0.28047128526780374,0.0
13,160.0,0.0,0.0
14,160.0,0.2719099917979839,0.0
15,160.0,0.0,0.0
16,160.0,0.0,0.0
17,160.0,0.006238360790496111,0.0
18,160.0,0.046778493520780895,0.0
19,160.0,0.09967712133535978,0.0
20,160.0,0.0,0.0
21,160.0,0.0,0.0
22,160.0,0.0,0.0
23,160.0,0.07325781207324666,0.0
24,160.0,0.0,0.0
25,160.0,0.0,0.0
26,160.0,0.0,0.0
27,160.0,0.0,0.0
28,160.0,0.0,0.0
29,160.0,0.021267551762034764,0.0
30,160.0,0.0,0.0
31,160.0,0.18214658666813965,0.0
32,160.0,0.1923071606016319,0.0
33,160.0,0.0,0.0
34,160.0,0.07586242167023227,0.0
35,160.0,0.0,0.0
36,160.0,0.30441760485902514,0.0
37,160.0,0.06614778998291271,0.0
38,160.0,0.05929423511638243,0.0
39,160.0,0.0,0.0
40,160.0,0.13384123598245035,0.0
41,160.0,0.14783147239161665,0.0
42,160.0,0.0,0.0
43,160.0,0.10524338278572531,0.0
44,160.0,0.0,0.0
45,160.0,0.1923632733495343,0.0
46,160.0,0.0,0.0
47,160.0,0.0,0.0
48,160.0,0.05896151176549491,0.0
49,160.0,0.2986344527896204,0.0
50,160.0,0.0,0.0
1,161.0,0.0,0.0
2,161.0,0.0,0.0
3,161.0,0.08476666384260234,0.0
4,161.0,0.0,0.0
5,161.0,0.0,0.0
6,161.0,0.10233448449005633,0.0
7,161.0,0.1365187006332308,0.0
8,161.0,0.10079826317661023,0.0
9,161.0,0.15296122334379914,0.0
10,161.0,0.0,0.0
11,161.0,0.4289033355988381,0.0
12,161.0,0.34157939932529513,0.0
13,161.0,0.18930115982362894,0.0
14,161.0,0.0,0.0
15,161.0,0.0,0.0
16,161.0,0.11098566608051252,0.0
17,161.0,0.0,0.0
18,161.0,0.0,0.0
19,161.0,0.18352733309267988,0.0
20,161.0,0.0,0.0
21,161.0,0.0,0.0
22,161.0,0.007032386068200447,0.0
23,161.0,0.2188197206983371,0.0
24,161.0,0.0,0.0
25,161.0,0.09494631881209814,0.0
26,161.0,0.14227358283349834,0.0
27,161.0,0.15630736249299804,0.0
28,161.0,0.0,0.0
29,161.0,0.1217242512145097,0.0
30,161.0,0.0,0.0
31,161.0,0.0,0.0
32,161.0,0.0791727018370918,0.0
33,161.0,0.03514088900934631,0.0
34,161.0,0.02549328478339241,0.0
35,161.0,0.0,0.0
36,161.0,0.0772735854199138,0.0
37,161.0,0.11988936514664716,0.0
38,161.0,0.2384376169765069,0.0
39,161.0,0.0,0.0
40,161.0,0.010164112427391903,0.0
41,161.0,0.039838411226804205,0.0
42,161.0,0.017862263232133357,0.0
43,161.0,0.1976400317916357,0.0
44,161.0,0.0,0.0
45,161.0,0.0,0.0
46,161.0,0.0,0.0
47,161.0,0.035427261445350466,0.0
48,161.0,0.0,0.0
49,161.0,0.0,0.0
50,161.0,0.2986049216167227,0.0
1,162.0,0.0,0.0
2,162.0,0.41574012306863195,0.0
3,162.0,0.038412745838191986,0.0
4,162.0,0.2496206727330924,0.0
5,162.0,0.06228908370224706,0.0
6,162.0,0.4078614626847952,0.0
7,162.0,0.038944155485087784,0.0
8,162.0,0.0,0.0
9,162.0,0.31029837433765206,0.0
10,162.0,0.0,0.0
11,162.0,0.48867498720745695,0.0
12,162.0,0.0,0.0
13,162.0,0.0,0.0
14,162.0,0.17739987670911594,0.0
15,162.0,0.0,0.0
16,162.0,0.0,0.0
17,162.0,0.0,0.0
18,162.0,0.14044600777351757,0.0
19,162.0,0.19394343153815863,0.0
20,162.0,0.012852636924068128,0.0
21,162.0,0.2612239994532286,0.0
22,162.0,0.0,0.0
23,162.0,0.0,0.0
24,162.0,0.11673858784705304,0.0
25,162.0,0.0,0.0
26,162.0,0.0,0.0
27,162.0,0.0,0.0
28,162.0,0.044189648784290214,0.0
29,162.0,0.0,0.0
30,162.0,0.0,0.0
31,162.0,0.0,0.0
32,162.0,0.0,0.0
33,162.0,0.0,0.0
34,162.0,0.12824557208400622,0.0
35,162.0,0.0,0.0
36,162.0,0.02939323188729437,0.0
37,162.0,0.0,0.0
38,162.0,0.09986865608844486,0.0
39,162.0,0.0,0.0
40,162.0,0.0,0.0
41,162.0,0.05156683322641098,0.0
42,162.0,0.0,0.0
43,162.0,0.016554110043709658,0.0
44,162.0,0.12784111193525316,0.0
45,162.0,0.1184755326933723,0.0
46,162.0,0.22593223238320792,0.0
47,162.0,0.18613256504479625,0.0
48,162.0,0.0,0.0
49,162.0,0.0,0.0
50,162.0,0.0,0.0
1,163.0,0.0,0.0
2,163.0,0.012898736581462789,0.0
3,163.0,0.0,0.0
4,163.0,0.164216964502915,0.0
5,163.0,0.0,0.0
6,163.0,0.0,0.0
7,163.0,0.0,0.0
8,163.0,0.0873917195374625,0.0
9,163.0,0.07226822722115878,0.0
10,163.0,0.026499140871425242,0.0
11,163.0,0.16544740615402243,0.0
12,163.0,0.07312498574779702,0.0
13,163.0,0.0,0.0
14,163.0,0.0,0.0
15,163.0,0.0,0.0
16,163.0,0.0,0.0
17,163.0,0.008042630577858034,0.0
18,163.0,0.0,0.0
19,163.0,0.0025223377971790306,0.0
20,163.0,0.003953824618350366,0.0
21,163.0,0.16051758909069325,0.0
22,163.0,0.0,0.0
23,163.0,0.0,0.0
24,163.0,0.05489340937525766,0.0
25,163.0,0.0,0.0
26,163.0,0.0,0.0
27,163.0,0.0,0.0
28,163.0,0.0,0.0
29,163.0,0.09932039500891465,0.0
30,163.0,0.10034060419504054,0.0
31,163.0,0.2961946644483586,0.0
32,163.0,0.047504881678256505,0.0
33,163.0,0.07777510259880316,0.0
34,163.0,0.08746665189215153,0.0
35,163.0,0.2258741901294412,0.0
36,163.0,0.09251055459433988,0.0
37,163.0,0.0,0.0
38,163.0,0.0,0.0
39,163.0,0.13441258092155417,0.0
40,163.0,0.0,0.0
41,163.0,0.0,0.0
42,163.0,0.38036052028545886,0.0
43,163.0,0.3049502956889506,0.0
44,163.0,0.0,0.0
45,163.0,0.030170995308506088,0.0
46,163.0,0.11868665828390279,0.0
47,163.0,0.11735856016086865,0.0
48,163.0,0.04917734843781274,0.0
49,163.0,0.0,0.0
50,163.0,0.12309212735463126,0.0
1,164.0,0.0,0.0
2,164.0,0.0,0.0
3,164.0,0.0,0.0
4,164.0,0.06407040860816293,0.0
5,164.0,0.2593088648766443,0.0
6,164.0,0.17156873251462046,0.0
7,164.0,0.0,0.0
8,164.0,0.0,0.0
9,164.0,0.2135357139265186,0.0
10,164.0,0.2626176250004627,0.0
11,164.0,0.0,0.0
12,164.0,0.16997700337767507,0.0
13,164.0,0.12702321590371224,0.0
14,164.0,0.0,0.0
15,164.0,0.0,0.0
16,164.0,0.0,0.0
17,164.0,0.0,0.0
18,164.0,0.0,0.0
19,164.0,0.0,0.0
20,164.0,0.0,0.0
21,164.0,0.0,0.0
22,164.0,0.0,0.0
23,164.0,0.0,0.0
24,164.0,0.022007283707684566,0.0
25,164.0,0.0,0.0
26,164.0,0.138568384232715,0.0
27,164.0,0.0,0.0
28,164.0,0.1791738355898559,0.0
29,164.0,0.0,0.0
30,164.0,0.05534128603477262,0.0
31,164.0,0.0,0.0
32,164.0,0.0,0.0
33,164.0,0.13562763901671193,0.0
34,164.0,0.0,0.0
35,164.0,0.07611208019797577,0.0
36,164.0,0.0,0.0
37,164.0,0.12298431333780113,0.0
38,164.0,0.0,0.0
39,164.0,0.1365261197721218,0.0
40,164.0,0.0,0.0
41,164.0,0.2803419170177368,0.0
42,164.0,0.14240502455667792,0.0
43,164.0,0.0,0.0
44,164.0,0.12702207886185213,0.0
45,164.0,0.0,0.0
46,164.0,0.05247514793223895,0.0
47,164.0,0.0,0.0
48,164.0,0.0,0.0
49,164.0,0.09271786574500918,0.0
50,164.0,0.0,0.0
1,165.0,0.0,0.0
2,165.0,0.0,0.0
3,165.0,0.0,0.0
4,165.0,0.12018264423164515,0.0
5,165.0,0.10816331893913811,0.0
6,165.0,0.0,0.0
7,165.0,0.0,0.0
8,165.0,0.0,0.0
9,165.0,0.19756525693864457,0.0
10,165.0,0.0,0.0
11,165.0,0.16363466766281065,0.0
12,165.0,0.0,0.0
13,165.0,0.03322859317619631,0.0
14,165.0,0.11900030981289123,0.0
15,165.0,0.0,0.0
16,165.0,0.2538128492480305,0.0
17,165.0,0.24238657064214564,0.0
18,165.0,0.19237018460590738,0.0
19,165.0,0.09214565642668637,0.0
20,165.0,0.0,0.0
21,165.0,0.0,0.0
22,165.0,0.0,0.0
23,165.0,0.08090328453459716,0.0
24,165.0,0.02696749571210222,0.0
25,165.0,0.0,0.0
26,165.0,0.0,0.0
27,165.0,0.013431217734301892,0.0
28,165.0,0.1825990002144955,0.0
29,165.0,0.12322344798531781,0.0
30,165.0,0.0,0.0
31,165.0,0.0,0.0
32,165.0,0.0,0.0
33,165.0,0.06067626351032096,0.0
34,165.0,0.0,0.0
35,165.0,0.0,0.0
36,165.0,0.15224520338686498,0.0
37,165.0,0.0,0.0
38,165.0,0.20748166559708014,0.0
39,165.0,0.1605376906813495,0.0
40,165.0,0.0,0.0
41,165.0,0.5055915922416692,0.0
42,165.0,0.0,0.0
43,165.0,0.0,0.0
44,165.0,0.11269695747408082,0.0
45,165.0,0.0,0.0
46,165.0,0.1679705464160305,0.0
47,165.0,0.0,0.0
48,165.0,0.15647592589097647,0.0
49,165.0,0.0,0.0
50,165.0,0.0,0.0
1,166.0,0.0,0.0
2,166.0,0.0042850356126601374,0.0
3,166.0,0.0,0.0
4,166.0,0.0,0.0
5,166.0,0.02387106174407938,0.0
6,166.0,0.22623207747181495,0.0
7,166.0,0.12362375277569448,0.0
8,166.0,0.025746513378383185,0.0
9,166.0,0.12954280606733615,0.0
10,166.0,0.0956432743757698,0.0
11,166.0,0.16905987497693264,0.0
12,166.0,0.0,0.0
13,166.0,0.0,0.0
14,166.0,0.0,0.0
15,166.0,0.41782042579188905,0.0
16,166.0,0.039257772472147234,0.0
17,166.0,0.1816838857947971,0.0
18,166.0,0.06350810465771062,0.0
19,166.0,0.0,0.0
20,166.0,0.04422024998379659,0.0
21,166.0,0.05026203623255476,0.0
22,166.0,0.0,0.0
23,166.0,0.024113015274954352,0.0
24,166.0,0.3833393494994819,0.0
25,166.0,0.0,0.0
26,166.0,0.0,0.0
27,166.0,0.04542665269920154,0.0
28,166.0,0.0,0.0
29,166.0,0.0,0.0
30,166.0,0.0,0.0
31,166.0,0.06210331109273348,0.0
32,166.0,0.10558709476084382,0.0
33,166.0,0.0,0.0
34,166.0,0.21337511445291513,0.0
35,166.0,0.0,0.0
36,166.0,0.0,0.0
37,166.0,0.047550891944951434,0.0
38,166.0,0.0,0.0
39,166.0,0.0,0.0
40,166.0,0.0,0.0
41,166.0,0.0,0.0
42,166.0,0.0337886225572277,0.0
43,166.0,0.0,0.0
44,166.0,0.0,0.0
45,166.0,0.010808230348607561,0.0
46,166.0,0.0,0.0
47,166.0,0.11162917477875911,0.0
48,166.0,0.0,0.0
49,166.0,0.005897765587802528,0.0
50,166.0,0.11349714833807756,0.0
1,167.0,0.25231620720564496,0.0
2,167.0,0.047352789932394335,0.0
3,167.0,0.0,0.0
4,167.0,0.0,0.0
5,167.0,0.0,0.0
6,167.0,0.15518493107328368,0.0
7,167.0,0.3756484606330591,0.0
8,167.0,0.12226231723275194,0.0
9,167.0,0.06335948706704753,0.0
10,167.0,0.10617539480874205,0.0
11,167.0,0.16104753309606645,0.0
12,167.0,0.0,0.0
13,167.0,0.055122283097005176,0.0
14,167.0,0.0,0.0
15,167.0,0.0,0.0
16,167.0,0.0409230395212371,0.0
17,167.0,0.0,0.0
18,167.0,0.0,0.0
19,167.0,0.0,0.0
20,167.0,0.0,0.0
21,167.0,0.09384188128001691,0.0
22,167.0,0.0,0.0
23,167.0,0.0,0.0
24,167.0,0.16413186985254502,0.0
25,167.0,0.0,0.0
26,167.0,0.01554317690601592,0.0
27,167.0,0.0,0.0
28,167.0,0.08143012380273729,0.0
29,167.0,0.0250200188455334,0.0
30,167.0,0.0779284045023847,0.0
31,167.0,0.1678320880800218,0.0
32,167.0,0.0,0.0
33,167.0,0.0,0.0
34,167.0,0.05413990068697139,0.0
35,167.0,0.31363106603533375,0.0
36,167.0,0.10239605469709978,0.0
37,167.0,0.0,0.0
38,167.0,0.0,0.0
39,167.0,0.194439344570151,0.0
40,167.0,0.00788059607884617,0.0
41,167.0,0.0,0.0
42,167.0,0.037429913436295315,0.0
43,167.0,0.0,0.0
44,167.0,0.08346417283106,0.0
45,167.0,0.0,0.0
46,167.0,0.0,0.0
47,167.0,0.11239160288528605,0.0
48,167.0,0.05536382644909488,0.0
49,167.0,0.1694155539508364,0.0
50,167.0,0.0,0.0
1,168.0,0.0,0.0
2,168.0,0.0,0.0
3,168.0,0.1298664750263322,0.0
4,168.0,0.0,0.0
5,168.0,0.03300982817600073,0.0
6,168.0,0.022867369132908544,0.0
7,168.0,0.0016505040857996978,0.0
8,168.0,0.0,0.0
9,168.0,0.1065078559106849,0.0
10,168.0,0.02486952973925427,0.0
11,168.0,0.06928496097933501,0.0
12,168.0,0.0,0.0
13,168.0,0.0,0.0
14,168.0,0.0,0.0
15,168.0,0.05358327232051885,0.0
16,168.0,0.0,0.0
17,168.0,0.0,0.0
18,168.0,0.05764109101112991,0.0
19,168.0,0.0,0.0
20,168.0,0.0,0.0
21,168.0,0.0,0.0
22,168.0,0.0,0.0
23,168.0,0.14247613642063783,0.0
24,168.0,0.0,0.0
25,168.0,0.0,0.0
26,168.0,0.0,0.0
27,168.0,0.0,0.0
28,168.0,0.0,0.0
29,168.0,0.012901143386596314,0.0
30,168.0,0.0,0.0
31,168.0,0.17597585786624037,0.0
32,168.0,0.04490627891998322,0.0
33,168.0,0.3096668129837812,0.0
34,168.0,0.0,0.0
35,168.0,0.0,0.0
36,168.0,0.050402551848257815,0.0
37,168.0,0.0,0.0
38,168.0,0.0,0.0
39,168.0,0.0,0.0
40,168.0,0.0,0.0
41,168.0,0.07862993389835315,0.0
42,168.0,0.0,0.0
43,168.0,0.0,0.0
44,168.0,0.0,0.0
45,168.0,0.2573768923089944,0.0
46,168.0,0.16636927167865823,0.0
47,168.0,0.0,0.0
48,168.0,0.10177242931522279,0.0
49,168.0,0.26804234149775186,0.0
50,168.0,0.04917617227864113,0.0
1,169.0,0.0,0.0
2,169.0,0.517334638255663,0.0
3,169.0,0.18946472758228383,0.0
4,169.0,0.09301920227957139,0.0
5,169.0,0.0,0.0
6,169.0,0.2054916779681295,0.0
7,169.0,0.10102298616521888,0.0
8,169.0,0.07762828298773794,0.0
9,169.0,0.041956143045265515,0.0
10,169.0,0.12238434586084046,0.0
11,169.0,0.0,0.0
12,169.0,0.11136574661681842,0.0
13,169.0,0.018497387581746683,0.0
14,169.0,0.06380470315836884,0.0
15,169.0,0.0,0.0
16,169.0,0.0004765280683016737,0.0
17,169.0,0.0,0.0
18,169.0,0.0,0.0
19,169.0,0.0,0.0
20,169.0,0.27520539329299876,0.0
21,169.0,0.0,0.0
22,169.0,0.0,0.0
23,169.0,0.0,0.0
24,169.0,0.0,0.0
25,169.0,0.0,0.0
26,169.0,0.0,0.0
27,169.0,0.05603672236858914,0.0
28,169.0,0.0,0.0
29,169.0,0.0980662828990112,0.0
30,169.0,0.0,0.0
31,169.0,0.17635230049416128,0.0
32,169.0,0.15938711525609894,0.0
33,169.0,0.0,0.0
34,169.0,0.03327989583704083,0.0
35,169.0,0.22828405274722785,0.0
36,169.0,0.05903969481508076,0.0
37,169.0,0.13581270601834328,0.0
38,169.0,0.01067863998990426,0.0
39,169.0,0.0720965569145341,0.0
40,169.0,0.043000107544123534,0.0
41,169.0,0.1256601467870222,0.0
42,169.0,0.0,0.0
43,169.0,0.0,0.0
44,169.0,0.02370602081604678,0.0
45,169.0,0.0,0.0
46,169.0,0.06093483481455453,0.0
47,169.0,0.0,0.0
48,169.0,0.0,0.0
49,169.0,0.25010872719846566,0.0
50,169.0,0.28315898445521126,0.0
1,170.0,0.04399513182731307,0.0
2,170.0,0.1489844794713655,0.0
3,170.0,0.0,0.0
4,170.0,0.0,0.0
5,170.0,0.0,0.0
6,170.0,0.0902808412072783,0.0
7,170.0,0.0,0.0
8,170.0,0.0,0.0
9,170.0,0.0,0.0
10,170.0,0.0,0.0
11,170.0,0.0,0.0
12,170.0,0.013933271958255555,0.0
13,170.0,0.11694090140425129,0.0
14,170.0,0.0,0.0
15,170.0,0.0,0.0
16,170.0,0.0,0.0
17,170.0,0.0,0.0
18,170.0,0.3514857296849375,0.0
19,170.0,0.0,0.0
20,170.0,0.026570038399562623,0.0
21,170.0,0.0,0.0
22,170.0,0.06335619501306056,0.0
23,170.0,0.0715466900530104,0.0
24,170.0,0.0,0.0
25,170.0,0.0,0.0
26,170.0,0.037668785257923054,0.0
27,170.0,0.16099775826898333,0.0
28,170.0,0.0,0.0
29,170.0,0.0,0.0
30,170.0,0.04007498867136339,0.0
31,170.0,0.0,0.0
32,170.0,0.18259197186841258,0.0
33,170.0,0.1849395725024615,0.0
34,170.0,0.03485827672015862,0.0
35,170.0,0.0,0.0
36,170.0,0.2052328930522599,0.0
37,170.0,0.026849854623533176,0.0
38,170.0,0.09396638506331245,0.0
39,170.0,0.00982521150095128,0.0
40,170.0,0.0,0.0
41,170.0,0.24032571177003137,0.0
42,170.0,0.0,0.0
43,170.0,0.13311088685616612,0.0
44,170.0,0.1739382845220625,0.0
45,170.0,0.03429074405873378,0.0
46,170.0,0.0,0.0
47,170.0,0.0,0.0
48,170.0,0.0,0.0
49,170.0,0.08769391275333716,0.0
50,170.0,0.048022466330821745,0.0
1,171.0,0.02393420731866358,0.0
2,171.0,0.0,0.0
3,171.0,0.0,0.0
4,171.0,0.0,0.0
5,171.0,0.0,0.0
6,171.0,0.05091686777729387,0.0
7,171.0,0.26751811286884397,0.0
8,171.0,0.0,0.0
9,171.0,0.0,0.0
10,171.0,0.04144308760834836,0.0
11,171.0,0.044712369093778404,0.0
12,171.0,0.1049106710173402,0.0
13,171.0,0.0,0.0
14,171.0,0.0,0.0
15,171.0,0.0,0.0
16,171.0,0.0,0.0
17,171.0,0.11595838591748187,0.0
18,171.0,0.17078307828553196,0.0
19,171.0,0.014178845866046008,0.0
20,171.0,0.0,0.0
21,171.0,0.02681984266585824,0.0
22,171.0,0.3212500463015716,0.0
23,171.0,0.058944483243332124,0.0
24,171.0,0.3492430238114177,0.0
25,171.0,0.029123889536365688,0.0
26,171.0,0.0,0.0
27,171.0,0.0,0.0
28,171.0,0.0,0.0
29,171.0,0.25285347442368045,0.0
30,171.0,0.0,0.0
31,171.0,0.0526968437556522,0.0
32,171.0,0.0,0.0
33,171.0,0.19043761603325726,0.0
34,171.0,0.08669252855664444,0.0
35,171.0,0.0,0.0
36,171.0,0.0,0.0
37,171.0,0.04656313778669818,0.0
38,171.0,0.0,0.0
39,171.0,0.0,0.0
40,171.0,0.0,0.0
41,171.0,0.0,0.0
42,171.0,0.11230372683548884,0.0
43,171.0,0.0,0.0
44,171.0,0.5027011793367397,0.0
45,171.0,0.0,0.0
46,171.0,0.39046165066087524,0.0
47,171.0,0.03623859361255799,0.0
48,171.0,0.11410771287300525,0.0
49,171.0,0.0,0.0
50,171.0,0.0,0.0
1,172.0,0.0,0.0
2,172.0,0.10512169351196843,0.0
3,172.0,0.0,0.0
4,172.0,0.0,0.0
5,172.0,0.0,0.0
6,172.0,0.0,0.0
7,172.0,0.0,0.0
8,172.0,0.0,0.0
9,172.0,0.0,0.0
10,172.0,0.0,0.0
11,172.0,0.05567148682015621,0.0
12,172.0,0.0,0.0
13,172.0,0.10291376518350137,0.0
14,172.0,0.23323520452572566,0.0
15,172.0,0.0,0.0
16,172.0,0.08314430535869,0.0
17,172.0,0.0,0.0
18,172.0,0.0,0.0
19,172.0,0.0,0.0
20,172.0,0.14450333051844122,0.0
21,172.0,0.0,0.0
22,172.0,0.0,0.0
23,172.0,0.0,0.0
24,172.0,0.10680412684941853,0.0
25,172.0,0.19226494325497168,0.0
26,172.0,0.0,0.0
27,172.0,0.0,0.0
28,172.0,0.0,0.0
29,172.0,0.0,0.0
30,172.0,0.0,0.0
31,172.0,0.0,0.0
32,172.0,0.0,0.0
33,172.0,0.0,0.0
34,172.0,0.03697617093264216,0.0
35,172.0,0.0,0.0
36,172.0,0.06623336777149591,0.0
37,172.0,0.05176837744114193,0.0
38,172.0,0.0,0.0
39,172.0,0.0,0.0
40,172.0,0.0,0.0
41,172.0,0.09463869275687753,0.0
42,172.0,0.0869136483965165,0.0
43,172.0,0.0,0.0
44,172.0,0.21104051634044052,0.0
45,172.0,0.0,0.0
46,172.0,0.25095537324998163,0.0
47,172.0,0.2693501180245991,0.0
48,172.0,0.08066185286808558,0.0
49,172.0,0.0,0.0
50,172.0,0.058342674519406,0.0
1,173.0,0.0,0.0
2,173.0,0.0,0.0
3,173.0,0.1084022345359611,0.0
4,173.0,0.03778488653092649,0.0
5,173.0,0.08923497992518692,0.0
6,173.0,0.18754616728724927,0.0
7,173.0,0.2516388880373741,0.0
8,173.0,0.014175225512930711,0.0
9,173.0,0.3819764268823693,0.0
10,173.0,0.0,0.0
11,173.0,0.0,0.0
12,173.0,0.15845901433482645,0.0
13,173.0,0.0,0.0
14,173.0,0.2143439785318927,0.0
15,173.0,0.04138112967844976,0.0
16,173.0,0.3210882296755976,0.0
17,173.0,0.0,0.0
18,173.0,0.020039208076193527,0.0
19,173.0,0.3159128610396068,0.0
20,173.0,0.003839760926700797,0.0
21,173.0,0.0,0.0
22,173.0,0.103442775808815,0.0
23,173.0,0.10447574558872819,0.0
24,173.0,0.0,0.0
25,173.0,0.0352830937847981,0.0
26,173.0,0.0,0.0
27,173.0,0.0,0.0
28,173.0,0.09832540288062919,0.0
29,173.0,0.09174069988670575,0.0
30,173.0,0.0,0.0
31,173.0,0.0,0.0
32,173.0,0.11993811807283261,0.0
33,173.0,0.0433695760137186,0.0
34,173.0,0.12896927754242649,0.0
35,173.0,0.0,0.0
36,173.0,0.17781356753504074,0.0
37,173.0,0.13503332475413898,0.0
38,173.0,0.036241396947429116,0.0
39,173.0,0.0,0.0
40,173.0,0.08765686471824086,0.0
41,173.0,0.02588739723278899,0.0
42,173.0,0.0,0.0
43,173.0,0.044963444631394345,0.0
44,173.0,0.05205155385294913,0.0
45,173.0,0.11969338661975681,0.0
46,173.0,0.0,0.0
47,173.0,0.23855827505053684,0.0
48,173.0,0.1594238060182379,0.0
49,173.0,0.0,0.0
50,173.0,0.0,0.0
1,174.0,0.16380376301273714,0.0
2,174.0,0.0,0.0
3,174.0,0.16819438447163948,0.0
4,174.0,0.0,0.0
5,174.0,0.08364921610801956,0.0
6,174.0,0.0,0.0
7,174.0,0.0,0.0
8,174.0,0.0,0.0
9,174.0,0.2868742433370802,0.0
10,174.0,0.0,0.0
11,174.0,0.0,0.0
12,174.0,0.03333421651112567,0.0
13,174.0,0.19836452124765802,0.0
14,174.0,0.0,0.0
15,174.0,0.0,0.0
16,174.0,0.0,0.0
17,174.0,0.00022591641299363197,0.0
18,174.0,0.0,0.0
19,174.0,0.0,0.0
20,174.0,0.0,0.0
21,174.0,0.16719278272321914,0.0
22,174.0,0.21578177679749144,0.0
23,174.0,0.0,0.0
24,174.0,0.18319198246413326,0.0
25,174.0,0.14458728895885475,0.0
26,174.0,0.0,0.0
27,174.0,0.0,0.0
28,174.0,0.0,0.0
29,174.0,0.0,0.0
30,174.0,0.0,0.0
31,174.0,0.11527307861373759,0.0
32,174.0,0.0,0.0
33,174.0,0.0,0.0
34,174.0,0.0,0.0
35,174.0,0.0,0.0
36,174.0,0.0,0.0
37,174.0,0.0,0.0
38,174.0,0.0,0.0
39,174.0,0.0,0.0
40,174.0,0.04289309798321339,0.0
41,174.0,0.0,0.0
42,174.0,0.0,0.0
43,174.0,0.0,0.0
44,174.0,0.05387347372335893,0.0
45,174.0,0.07749706784966803,0.0
46,174.0,0.0,0.0
47,174.0,0.0,0.0
48,174.0,0.24239036261861813,0.0
49,174.0,0.13705961865874616,0.0
50,174.0,0.06874923091808682,0.0
1,175.0,0.0,0.0
2,175.0,0.0033319590420932688,0.0
3,175.0,0.1854175350099566,0.0
4,175.0,0.18075382662140327,0.0
5,175.0,0.02443809496042615,0.0
6,175.0,0.0,0.0
7,175.0,0.0,0.0
8,175.0,0.0,0.0
9,175.0,0.0,0.0
10,175.0,0.0,0.0
11,175.0,0.0,0.0
12,175.0,0.0,0.0
13,175.0,0.0,0.0
14,175.0,0.003696919078172156,0.0
15,175.0,0.0,0.0
16,175.0,0.019064892346667417,0.0
17,175.0,0.0,0.0
18,175.0,0.0,0.0
19,175.0,0.0,0.0
20,175.0,0.0,0.0
21,175.0,0.2540579313208656,0.0
22,175.0,0.0,0.0
23,175.0,0.008638132698631562,0.0
24,175.0,0.0,0.0
25,175.0,0.23862286811766664,0.0
26,175.0,0.0,0.0
27,175.0,0.0,0.0
28,175.0,0.05927752707318934,0.0
29,175.0,0.0,0.0
30,175.0,0.2440305327190465,0.0
31,175.0,0.0,0.0
32,175.0,0.0,0.0
33,175.0,0.0,0.0
34,175.0,0.0,0.0
35,175.0,0.0,0.0
36,175.0,0.0,0.0
37,175.0,0.04987488723002986,0.0
38,175.0,0.0,0.0
39,175.0,0.0,0.0
40,175.0,0.0,0.0
41,175.0,0.00547041496805678,0.0
42,175.0,0.0,0.0
43,175.0,0.16972339529917002,0.0
44,175.0,0.12466044728085113,0.0
45,175.0,0.038856467761977376,0.0
46,175.0,0.00827347128329936,0.0
47,175.0,0.0,0.0
48,175.0,0.24554837037198474,0.0
49,175.0,0.11692022487119258,0.0
50,175.0,0.04188319711152155,0.0
1,176.0,0.2680629442226595,0.0
2,176.0,0.0,0.0
3,176.0,0.1107244848298764,0.0
4,176.0,0.017731449789784248,0.0
5,176.0,0.0744738509077143,0.0
6,176.0,0.0,0.0
7,176.0,0.0,0.0
8,176.0,0.07952200006858767,0.0
9,176.0,0.04934422300367369,0.0
10,176.0,0.2989435798734369,0.0
11,176.0,0.0,0.0
12,176.0,0.0,0.0
13,176.0,0.0,0.0
14,176.0,0.47047527789964827,0.0
15,176.0,0.0,0.0
16,176.0,0.20468120991982075,0.0
17,176.0,0.0,0.0
18,176.0,0.0,0.0
19,176.0,0.0,0.0
20,176.0,0.0,0.0
21,176.0,0.14767785782694676,0.0
22,176.0,0.2287606078865415,0.0
23,176.0,0.1536245534682622,0.0
24,176.0,0.0,0.0
25,176.0,0.0,0.0
26,176.0,0.24414430490380679,0.0
27,176.0,0.0,0.0
28,176.0,0.2526934795304929,0.0
29,176.0,0.05671054708859313,0.0
30,176.0,0.0,0.0
31,176.0,0.0,0.0
32,176.0,0.19953611608638244,0.0
33,176.0,0.0,0.0
34,176.0,0.037747245460012624,0.0
35,176.0,0.0604008598386766,0.0
36,176.0,0.07886752927074636,0.0
37,176.0,0.10435221543298412,0.0
38,176.0,0.0,0.0
39,176.0,0.00249864408720446,0.0
40,176.0,0.0,0.0
41,176.0,0.020669894046445703,0.0
42,176.0,0.0,0.0
43,176.0,0.0,0.0
44,176.0,0.16827246272495844,0.0
45,176.0,0.0,0.0
46,176.0,0.324818440593594,0.0
47,176.0,0.009524147873980704,0.0
48,176.0,0.0,0.0
49,176.0,0.23713319400061228,0.0
50,176.0,0.26543401999256044,0.0
1,177.0,0.08790105402833392,0.0
2,177.0,0.04945453536514144,0.0
3,177.0,0.06179375816720689,0.0
4,177.0,0.18433642173547748,0.0
5,177.0,0.13287671723352334,0.0
6,177.0,0.0,0.0
7,177.0,0.0,0.0
8,177.0,0.04026592859446243,0.0
9,177.0,0.07198219261417882,0.0
10,177.0,0.0,0.0
11,177.0,0.0,0.0
12,177.0,0.0,0.0
13,177.0,0.0,0.0
14,177.0,0.306444083475678,0.0
15,177.0,0.0,0.0
16,177.0,0.10976166193073533,0.0
17,177.0,0.0,0.0
18,177.0,0.06284784285470069,0.0
19,177.0,0.009010436066046235,0.0
20,177.0,0.041590870367284705,0.0
21,177.0,0.13286589696879325,0.0
22,177.0,0.0,0.0
23,177.0,0.039852997197057594,0.0
24,177.0,0.04833142547723335,0.0
25,177.0,0.0,0.0
26,177.0,0.0,0.0
27,177.0,0.0,0.0
28,177.0,0.291211982003743,0.0
29,177.0,0.14277127176759263,0.0
30,177.0,0.0,0.0
31,177.0,0.0,0.0
32,177.0,0.2625332713867585,0.0
33,177.0,0.0,0.0
34,177.0,0.009279672319854604,0.0
35,177.0,0.0,0.0
36,177.0,0.0,0.0
37,177.0,0.2334290435016202,0.0
38,177.0,0.23155823638491668,0.0
39,177.0,0.0,0.0
40,177.0,0.013659568507670139,0.0
41,177.0,0.0,0.0
42,177.0,0.02946388514947229,0.0
43,177.0,0.0652400964696277,0.0
44,177.0,0.04869936857588142,0.0
45,177.0,0.0,0.0
46,177.0,0.05194855469819015,0.0
47,177.0,0.0,0.0
48,177.0,0.0,0.0
49,177.0,0.15609628277847643,0.0
50,177.0,0.11500035652155394,0.0
1,178.0,0.0,0.0
2,178.0,0.0,0.0
3,178.0,0.0,0.0
4,178.0,0.0,0.0
5,178.0,0.0,0.0
6,178.0,0.03195809432764962,0.0
7,178.0,0.0932372812793788,0.0
8,178.0,0.0,0.0
9,178.0,0.006069186810961691,0.0
10,178.0,0.1012046166264301,0.0
11,178.0,0.027799675027159076,0.0
12,178.0,0.0,0.0
13,178.0,0.027267664557266813,0.0
14,178.0,0.010424085569238795,0.0
15,178.0,0.0,0.0
16,178.0,0.0,0.0
17,178.0,0.0,0.0
18,178.0,0.0,0.0
19,178.0,0.0,0.0
20,178.0,0.06706991852379307,0.0
21,178.0,0.0490841432288599,0.0
22,178.0,0.0,0.0
23,178.0,0.04994746164061603,0.0
24,178.0,0.08910368965041082,0.0
25,178.0,0.0,0.0
26,178.0,0.03927732595576794,0.0
27,178.0,0.10363746641981242,0.0
28,178.0,0.0,0.0
29,178.0,0.07144806782609692,0.0
30,178.0,0.0,0.0
31,178.0,0.0,0.0
32,178.0,0.0,0.0
33,178.0,0.0,0.0
34,178.0,0.0,0.0
35,178.0,0.01092566934278183,0.0
36,178.0,0.0,0.0
37,178.0,0.0,0.0
38,178.0,0.0,0.0
39,178.0,0.06441526932507768,0.0
40,178.0,0.014251988038855967,0.0
41,178.0,0.3090950027006225,0.0
42,178.0,0.07878718800927331,0.0
43,178.0,0.11637251863479126,0.0
44,178.0,0.0,0.0
45,178.0,0.2289052567711083,0.0
46,178.0,0.0,0.0
47,178.0,0.03137114921196904,0.0
48,178.0,0.17195193881414217,0.0
49,178.0,0.0,0.0
50,178.0,0.0,0.0
1,179.0,0.15191082539278178,0.0
2,179.0,0.0,0.0
3,179.0,0.0,0.0
4,179.0,0.0,0.0
5,179.0,0.028084786191996614,0.0
6,179.0,0.10031488516429776,0.0
7,179.0,0.0,0.0
8,179.0,0.0,0.0
9,179.0,0.04758944511505858,0.0
10,179.0,0.1912065241012889,0.0
11,179.0,0.0,0.0
12,179.0,0.0,0.0
13,179.0,0.0,0.0
14,179.0,0.2100010126067159,0.0
15,179.0,0.0,0.0
16,179.0,0.35378843096384294,0.0
17,179.0,0.0,0.0
18,179.0,0.020201950911456157,0.0
19,179.0,0.12114715546714394,0.0
20,179.0,0.0,0.0
21,179.0,0.0,0.0
22,179.0,0.0,0.0
23,179.0,0.027556472061467052,0.0
24,179.0,0.1824433702972177,0.0
25,179.0,0.12038998818185498,0.0
26,179.0,0.0,0.0
27,179.0,0.003955860647136045,0.0
28,179.0,0.0,0.0
29,179.0,0.07791810618830797,0.0
30,179.0,0.008540167272398147,0.0
31,179.0,0.006748343697304149,0.0
32,179.0,0.0,0.0
33,179.0,0.028139762117664446,0.0
34,179.0,0.0,0.0
35,179.0,0.0167290474019115,0.0
36,179.0,0.0,0.0
37,179.0,0.23243161103119803,0.0
38,179.0,0.16994597528208844,0.0
39,179.0,0.0,0.0
40,179.0,0.0,0.0
41,179.0,0.011252231370464494,0.0
42,179.0,0.29638654950572974,0.0
43,179.0,0.0,0.0
44,179.0,0.0,0.0
45,179.0,0.050795938493964354,0.0
46,179.0,0.0,0.0
47,179.0,0.00860260886817188,0.0
48,179.0,0.0,0.0
49,179.0,0.12880519875526297,0.0
50,179.0,0.0,0.0
1,180.0,0.09898526212602654,0.0
2,180.0,0.0,0.0
3,180.0,0.0,0.0
4,180.0,0.0024672416264305275,0.0
5,180.0,0.0,0.0
6,180.0,0.0,0.0
7,180.0,0.031245272709086502,0.0
8,180.0,0.09632559217600001,0.0
9,180.0,0.01210679720782859,0.0
10,180.0,0.023983513293078906,0.0
11,180.0,0.0,0.0
12,180.0,0.08296385547642893,0.0
13,180.0,0.166349540549817,0.0
14,180.0,0.6090052058321147,0.0
15,180.0,0.0,0.0
16,180.0,0.3329227058136588,0.0
17,180.0,0.13318954320043896,0.0
18,180.0,0.0,0.0
19,180.0,0.09106503207401784,0.0
20,180.0,0.0,0.0
21,180.0,0.15945051267583454,0.0
22,180.0,0.11819542184879317,0.0
23,180.0,0.0,0.0
24,180.0,0.0,0.0
25,180.0,0.0,0.0
26,180.0,0.14188301285762073,0.0
27,180.0,0.0,0.0
28,180.0,0.0,0.0
29,180.0,0.0,0.0
30,180.0,0.0,0.0
31,180.0,0.07932334578766942,0.0
32,180.0,0.0,0.0
33,180.0,0.15010794961242424,0.0
34,180.0,0.15993977485795652,0.0
35,180.0,0.0,0.0
36,180.0,0.0,0.0
37,180.0,0.04866849531065265,0.0
38,180.0,0.0,0.0
39,180.0,0.0,0.0
40,180.0,0.10354365155865297,0.0
41,180.0,0.11814007410743066,0.0
42,180.0,0.28645624486490295,0.0
43,180.0,0.14844843148955966,0.0
44,180.0,0.0,0.0
45,180.0,0.25303756418014867,0.0
46,180.0,0.0,0.0
47,180.0,0.0,0.0
48,180.0,0.0,0.0
49,180.0,0.0,0.0
50,180.0,0.17954566451425547,0.0
1,181.0,0.0,0.0
2,181.0,0.0,0.0
3,181.0,0.1633501882663011,0.0
4,181.0,0.043148854217982646,0.0
5,181.0,0.05265544125705457,0.0
6,181.0,0.0,0.0
7,181.0,0.0,0.0
8,181.0,0.1873294106909007,0.0
9,181.0,0.2745033898665181,0.0
10,181.0,0.0,0.0
11,181.0,0.021687206297266615,0.0
12,181.0,0.0,0.0
13,181.0,0.06237073955647132,0.0
14,181.0,0.01051869190752297,0.0
15,181.0,0.14885362533932534,0.0
16,181.0,0.09150622021444899,0.0
17,181.0,0.3381554364438619,0.0
18,181.0,0.0806297545140855,0.0
19,181.0,0.04595461829666325,0.0
20,181.0,0.33772473253273505,0.0
21,181.0,0.0,0.0
22,181.0,0.0,0.0
23,181.0,0.1897451755807158,0.0
24,181.0,0.0,0.0
25,181.0,0.0,0.0
26,181.0,0.0524514607915858,0.0
27,181.0,0.16529000970249152,0.0
28,181.0,0.0,0.0
29,181.0,0.09208443991143256,0.0
30,181.0,0.16169283796336165,0.0
31,181.0,0.008567889159901143,0.0
32,181.0,0.0,0.0
33,181.0,0.0959743369727637,0.0
34,181.0,0.0,0.0
35,181.0,0.0,0.0
36,181.0,0.10253833938308643,0.0
37,181.0,0.2348156986259905,0.0
38,181.0,0.05839374679769205,0.0
39,181.0,0.26554360220936757,0.0
40,181.0,0.006639412920221521,0.0
41,181.0,0.09573671688084529,0.0
42,181.0,0.0,0.0
43,181.0,0.0,0.0
44,181.0,0.0,0.0
45,181.0,0.0,0.0
46,181.0,0.0,0.0
47,181.0,0.0,0.0
48,181.0,0.013707450723237424,0.0
49,181.0,0.20237242761773877,0.0
50,181.0,0.0,0.0
1,182.0,0.0,0.0
2,182.0,0.0,0.0
3,182.0,0.22396708787249697,0.0
4,182.0,0.21493059455136498,0.0
5,182.0,0.0,0.0
6,182.0,0.0,0.0
7,182.0,0.046298198731263285,0.0
8,182.0,0.0,0.0
9,182.0,0.0,0.0
10,182.0,0.19703920129489083,0.0
11,182.0,0.07565722724541568,0.0
12,182.0,0.0,0.0
13,182.0,0.0,0.0
14,182.0,0.07508802195243025,0.0
15,182.0,0.0,0.0
16,182.0,0.0,0.0
17,182.0,0.07664567405491873,0.0
18,182.0,0.0922714587448703,0.0
19,182.0,0.056766904650974226,0.0
20,182.0,0.129473340317093,0.0
21,182.0,0.26100274670022594,0.0
22,182.0,0.10271088262769179,0.0
23,182.0,0.0,0.0
24,182.0,0.5015949988058637,0.0
25,182.0,0.05285475041998722,0.0
26,182.0,0.1148934098243043,0.0
27,182.0,0.4623112986602035,0.0
28,182.0,0.01988640929450891,0.0
29,182.0,0.0,0.0
30,182.0,0.0,0.0
31,182.0,0.12689880310998358,0.0
32,182.0,0.10277965611336659,0.0
33,182.0,0.09408195268570207,0.0
34,182.0,0.0,0.0
35,182.0,0.010277402304289418,0.0
36,182.0,0.12680565997046933,0.0
37,182.0,0.0,0.0
38,182.0,0.0069698641105016,0.0
39,182.0,0.0,0.0
40,182.0,0.0,0.0
41,182.0,0.0,0.0
42,182.0,0.023610598908715086,0.0
43,182.0,0.0,0.0
44,182.0,0.0,0.0
45,182.0,0.43017127074803074,0.0
46,182.0,0.0,0.0
47,182.0,0.08030460003024331,0.0
48,182.0,0.0,0.0
49,182.0,0.0,0.0
50,182.0,0.022963981205875394,0.0
1,183.0,0.047365932249951115,0.0
2,183.0,0.07498932249813017,0.0
3,183.0,0.03762646055634811,0.0
4,183.0,0.03952759010690321,0.0
5,183.0,0.0,0.0
6,183.0,0.06371365195950163,0.0
7,183.0,0.15765244516269483,0.0
8,183.0,0.31482291315402,0.0
9,183.0,0.20720450720485784,0.0
10,183.0,0.0,0.0
11,183.0,0.2520133925292536,0.0
12,183.0,0.0,0.0
13,183.0,0.12125091906063556,0.0
14,183.0,0.0,0.0
15,183.0,0.049514024277665936,0.0
16,183.0,0.0,0.0
17,183.0,0.0,0.0
18,183.0,0.0,0.0
19,183.0,0.010466118993130435,0.0
20,183.0,0.0,0.0
21,183.0,0.02597584934368946,0.0
22,183.0,0.0,0.0
23,183.0,0.26263064382130286,0.0
24,183.0,0.0,0.0
25,183.0,0.0,0.0
26,183.0,0.0,0.0
27,183.0,0.02385434758344296,0.0
28,183.0,0.0,0.0
29,183.0,0.05204774211208629,0.0
30,183.0,0.0,0.0
31,183.0,0.06653707447406443,0.0
32,183.0,0.1451194205122055,0.0
33,183.0,0.0,0.0
34,183.0,0.053160310756147244,0.0
35,183.0,0.0,0.0
36,183.0,0.07671062204743606,0.0
37,183.0,0.13284684188523233,0.0
38,183.0,0.0,0.0
39,183.0,0.0,0.0
40,183.0,0.0,0.0
41,183.0,0.0,0.0
42,183.0,0.0,0.0
43,183.0,0.12438881818927228,0.0
44,183.0,0.16810852856488723,0.0
45,183.0,0.0,0.0
46,183.0,0.021302787396023315,0.0
47,183.0,0.20463507509514778,0.0
48,183.0,0.0,0.0
49,183.0,0.19384743840535845,0.0
50,183.0,0.04651259512534944,0.0
1,184.0,0.0,0.0
2,184.0,0.3834210384592066,0.0
3,184.0,0.0,0.0
4,184.0,0.0,0.0
5,184.0,0.08678617413566758,0.0
6,184.0,0.12009951616568515,0.0
7,184.0,0.0,0.0
8,184.0,0.20995265589659495,0.0
9,184.0,0.12089468530961245,0.0
10,184.0,0.09697512579711742,0.0
11,184.0,0.356833559780124,0.0
12,184.0,0.0,0.0
13,184.0,0.0,0.0
14,184.0,0.0,0.0
15,184.0,0.1743100100057351,0.0
16,184.0,0.01468119953051783,0.0
17,184.0,0.15142712057619634,0.0
18,184.0,0.13959395831253796,0.0
19,184.0,0.0,0.0
20,184.0,0.01190026794182697,0.0
21,184.0,0.048711745756508606,0.0
22,184.0,0.0,0.0
23,184.0,0.0,0.0
24,184.0,0.0,0.0
25,184.0,0.007960295778822957,0.0
26,184.0,0.1761101231822928,0.0
27,184.0,0.0,0.0
28,184.0,0.34570408647520134,0.0
29,184.0,0.0,0.0
30,184.0,0.0,0.0
31,184.0,0.0,0.0
32,184.0,0.0,0.0
33,184.0,0.22955763834514464,0.0
34,184.0,0.0,0.0
35,184.0,0.0,0.0
36,184.0,0.1251269889194997,0.0
37,184.0,0.0,0.0
38,184.0,0.10357745622161985,0.0
39,184.0,0.0,0.0
40,184.0,0.0,0.0
41,184.0,0.027518461467167077,0.0
42,184.0,0.0,0.0
43,184.0,0.0,0.0
44,184.0,0.05638386368053361,0.0
45,184.0,0.14531472019799418,0.0
46,184.0,0.0,0.0
47,184.0,0.19915129889082317,0.0
48,184.0,0.0,0.0
49,184.0,0.0,0.0
50,184.0,0.0,0.0
1,185.0,0.0,0.0
2,185.0,0.0,0.0
3,185.0,0.0010095380290853218,0.0
4,185.0,0.22543259334007948,0.0
5,185.0,0.0,0.0
6,185.0,0.0,0.0
7,185.0,0.013995270963395479,0.0
8,185.0,0.0,0.0
9,185.0,0.03080980363469288,0.0
10,185.0,0.031021881296839027,0.0
11,185.0,0.07042847301323452,0.0
12,185.0,0.5551911447204596,0.0
13,185.0,0.0,0.0
14,185.0,0.0,0.0
15,185.0,0.0,0.0
16,185.0,0.02634252066361653,0.0
17,185.0,0.0,0.0
18,185.0,0.0,0.0
19,185.0,0.0,0.0
20,185.0,0.011254775901756608,0.0
21,185.0,0.2985663917607022,0.0
22,185.0,0.0,0.0
23,185.0,0.07300051996981849,0.0
24,185.0,0.0,0.0
25,185.0,0.01701635272359958,0.0
26,185.0,0.011404647088363418,0.0
27,185.0,0.1102115644601609,0.0
28,185.0,0.0,0.0
29,185.0,0.0,0.0
30,185.0,0.06757878091795089,0.0
31,185.0,0.0,0.0
32,185.0,0.0,0.0
33,185.0,0.29805181011164816,0.0
34,185.0,0.0645438580354204,0.0
35,185.0,0.0,0.0
36,185.0,0.0,0.0
37,185.0,0.0,0.0
38,185.0,0.07324624584202488,0.0
39,185.0,0.0,0.0
40,185.0,0.0,0.0
41,185.0,0.311592499084306,0.0
42,185.0,0.10606356405205242,0.0
43,185.0,0.0,0.0
44,185.0,0.07770029557324754,0.0
45,185.0,0.09150928169125494,0.0
46,185.0,0.0,0.0
47,185.0,0.0,0.0
48,185.0,0.2017943410324834,0.0
49,185.0,0.020428807519427772,0.0
50,185.0,0.013338695128994438,0.0
1,186.0,0.20820803252973974,0.0
2,186.0,0.0,0.0
3,186.0,0.009545272269057659,0.0
4,186.0,0.15952679412020188,0.0
5,186.0,0.0069773443396636825,0.0
6,186.0,0.0,0.0
7,186.0,0.0,0.0
8,186.0,0.0,0.0
9,186.0,0.021348096440749975,0.0
10,186.0,0.04088467858279865,0.0
11,186.0,0.0,0.0
12,186.0,0.15706804062486257,0.0
13,186.0,0.0,0.0
14,186.0,0.0710752863493308,0.0
15,186.0,0.0,0.0
16,186.0,0.3762170320065179,0.0
17,186.0,0.045745206384074644,0.0
18,186.0,0.2512182748763735,0.0
19,186.0,0.04366970430373074,0.0
20,186.0,0.3675083093053677,0.0
21,186.0,0.059371830892126054,0.0
22,186.0,0.0,0.0
23,186.0,0.1275732084611927,0.0
24,186.0,0.31826988374794085,0.0
25,186.0,0.004781256714995186,0.0
26,186.0,0.04964237023752083,0.0
27,186.0,0.00705120268255921,0.0
28,186.0,0.01832384414408239,0.0
29,186.0,0.2405811466206058,0.0
30,186.0,0.0,0.0
31,186.0,0.0,0.0
32,186.0,0.0,0.0
33,186.0,0.1562207009641028,0.0
34,186.0,0.04380670717513735,0.0
35,186.0,0.0,0.0
36,186.0,0.01728785623559148,0.0
37,186.0,0.0,0.0
38,186.0,0.0,0.0
39,186.0,0.023330735603962482,0.0
40,186.0,0.0,0.0
41,186.0,0.016213577927432943,0.0
42,186.0,0.22827429302204771,0.0
43,186.0,0.0,0.0
44,186.0,0.0,0.0
45,186.0,0.13453256008757997,0.0
46,186.0,0.0,0.0
47,186.0,0.0,0.0
48,186.0,0.0,0.0
49,186.0,0.0,0.0
50,186.0,0.0,0.0
1,187.0,0.0,0.0
2,187.0,0.0,0.0
3,187.0,0.18982429999058736,0.0
4,187.0,0.0,0.0
5,187.0,0.10342782560233343,0.0
6,187.0,0.0,0.0
7,187.0,0.0,0.0
8,187.0,0.0748678338428852,0.0
9,187.0,0.0,0.0
10,187.0,0.0,0.0
11,187.0,0.0,0.0
12,187.0,0.0,0.0
13,187.0,0.0,0.0
14,187.0,0.05674914259437702,0.0
15,187.0,0.0,0.0
16,187.0,0.0879162698980922,0.0
17,187.0,0.14774251041270725,0.0
18,187.0,0.04400318174837081,0.0
19,187.0,0.06509195862844963,0.0
20,187.0,0.0,0.0
21,187.0,0.0800803581574362,0.0
22,187.0,0.005292146694115485,0.0
23,187.0,0.0,0.0
24,187.0,0.0,0.0
25,187.0,0.0,0.0
26,187.0,0.0,0.0
27,187.0,0.1087887868942009,0.0
28,187.0,0.03417481350835694,0.0
29,187.0,0.10128071184120635,0.0
30,187.0,0.23711777048235472,0.0
31,187.0,0.0,0.0
32,187.0,0.0,0.0
33,187.0,0.0,0.0
34,187.0,0.2166327252809842,0.0
35,187.0,0.0,0.0
36,187.0,0.0,0.0
37,187.0,0.0,0.0
38,187.0,0.0,0.0
39,187.0,0.1688232181683873,0.0
40,187.0,0.0,0.0
41,187.0,0.4236471610569962,0.0
42,187.0,0.09366881319650544,0.0
43,187.0,0.0,0.0
44,187.0,0.0,0.0
45,187.0,0.05491852408752429,0.0
46,187.0,0.0,0.0
47,187.0,0.1268557043379719,0.0
48,187.0,0.0,0.0
49,187.0,0.10555094649868124,0.0
50,187.0,0.0,0.0
1,188.0,0.02719382761443956,0.0
2,188.0,0.05683144923262218,0.0
3,188.0,0.40094009679446974,0.0
4,188.0,0.18375409333633308,0.0
5,188.0,0.0,0.0
6,188.0,0.0,0.0
7,188.0,0.053384333939978545,0.0
8,188.0,0.08291523576909787,0.0
9,188.0,0.01854325864145956,0.0
10,188.0,0.07246796395915533,0.0
11,188.0,0.0,0.0
12,188.0,0.14546870230648468,0.0
13,188.0,0.0,0.0
14,188.0,0.0,0.0
15,188.0,0.0,0.0
16,188.0,0.0,0.0
17,188.0,0.14612332542444706,0.0
18,188.0,0.060254444030777066,0.0
19,188.0,0.2922092133519568,0.0
20,188.0,0.19935299406913964,0.0
21,188.0,0.0,0.0
22,188.0,0.0,0.0
23,188.0,0.039271039270842856,0.0
24,188.0,0.0,0.0
25,188.0,0.23486343036020996,0.0
26,188.0,0.0,0.0
27,188.0,0.0,0.0
28,188.0,0.0,0.0
29,188.0,0.0,0.0
30,188.0,0.4034261202761873,0.0
31,188.0,0.0,0.0
32,188.0,0.04368809984728306,0.0
33,188.0,0.0,0.0
34,188.0,0.5073625366376866,0.0
35,188.0,0.0,0.0
36,188.0,0.14333705475823588,0.0
37,188.0,0.0,0.0
38,188.0,0.0,0.0
39,188.0,0.0,0.0
40,188.0,0.07019406585823118,0.0
41,188.0,0.11774188497104332,0.0
42,188.0,0.06386784473986618,0.0
43,188.0,0.10390208056922146,0.0
44,188.0,0.06276299814074737,0.0
45,188.0,0.0,0.0
46,188.0,0.03679540513354296,0.0
47,188.0,0.07307539566006982,0.0
48,188.0,0.0,0.0
49,188.0,0.0,0.0
50,188.0,0.0,0.0
1,189.0,0.0,0.0
2,189.0,0.0,0.0
3,189.0,0.2370187360945063,0.0
4,189.0,0.0,0.0
5,189.0,0.16662269376750882,0.0
6,189.0,0.0,0.0
7,189.0,0.17928542962147564,0.0
8,189.0,0.07878071776320905,0.0
9,189.0,0.0,0.0
10,189.0,0.0,0.0
11,189.0,0.127806769658391,0.0
12,189.0,0.0,0.0
13,189.0,0.30516342807097896,0.0
14,189.0,0.16405380915654078,0.0
15,189.0,0.0,0.0
16,189.0,0.18453404488013314,0.0
17,189.0,0.0,0.0
18,189.0,0.36666279620547493,0.0
19,189.0,0.0,0.0
20,189.0,0.035090681627302556,0.0
21,189.0,0.14177149001387035,0.0
22,189.0,0.0,0.0
23,189.0,0.07850567411964993,0.0
24,189.0,0.0,0.0
25,189.0,0.25216985728579233,0.0
26,189.0,0.0,0.0
27,189.0,0.17391332199373954,0.0
28,189.0,0.0,0.0
29,189.0,0.0,0.0
30,189.0,0.0,0.0
31,189.0,0.05708163832535895,0.0
32,189.0,0.0,0.0
33,189.0,0.0,0.0
34,189.0,0.0,0.0
35,189.0,0.15027223527788003,0.0
36,189.0,0.0,0.0
37,189.0,0.012140549893678076,0.0
38,189.0,0.018299243155476153,0.0
39,189.0,0.0,0.0
40,189.0,0.04095465072223714,0.0
41,189.0,0.0723442449914562,0.0
42,189.0,0.0204415774366572,0.0
43,189.0,0.0,0.0
44,189.0,0.121251955340687,0.0
45,189.0,0.0,0.0
46,189.0,0.0,0.0
47,189.0,0.010223435345544707,0.0
48,189.0,0.0,0.0
49,189.0,0.0,0.0
50,189.0,0.3189020269749736,0.0
1,190.0,0.0,0.0
2,190.0,0.06091968630435096,0.0
3,190.0,0.0,0.0
4,190.0,0.15240046798716755,0.0
5,190.0,0.1298752265734835,0.0
6,190.0,0.0,0.0
7,190.0,0.15181849457464125,0.0
8,190.0,0.0,0.0
9,190.0,0.0,0.0
10,190.0,0.0,0.0
11,190.0,0.0716492688649254,0.0
12,190.0,0.07121375559885845,0.0
13,190.0,0.0,0.0
14,190.0,0.0,0.0
15,190.0,0.04294975287539571,0.0
16,190.0,0.32496905409096477,0.0
17,190.0,0.045745455051926176,0.0
18,190.0,0.0,0.0
19,190.0,0.0,0.0
20,190.0,0.02778131182166521,0.0
21,190.0,0.0,0.0
22,190.0,0.0,0.0
23,190.0,0.0,0.0
24,190.0,0.003893790551740217,0.0
25,190.0,0.1062253738168889,0.0
26,190.0,0.0,0.0
27,190.0,0.0,0.0
28,190.0,0.0,0.0
29,190.0,0.07895914851529351,0.0
30,190.0,0.0,0.0
31,190.0,0.0,0.0
32,190.0,0.0,0.0
33,190.0,0.0,0.0
34,190.0,0.15597879090135058,0.0
35,190.0,0.05397993813674584,0.0
36,190.0,0.0,0.0
37,190.0,0.0,0.0
38,190.0,0.0,0.0
39,190.0,0.0,0.0
40,190.0,0.3726826532723829,0.0
41,190.0,0.0,0.0
42,190.0,0.06532453553439765,0.0
43,190.0,0.0,0.0
44,190.0,0.0,0.0
45,190.0,0.0,0.0
46,190.0,0.04440879103998474,0.0
47,190.0,0.034555908709706484,0.0
48,190.0,0.0,0.0
49,190.0,0.12940956336889897,0.0
50,190.0,0.0,0.0
1,191.0,0.030739000687384,0.0
2,191.0,0.0,0.0
3,191.0,0.11615043628665245,0.0
4,191.0,0.0024192436965484454,0.0
5,191.0,0.0936568889166185,0.0
6,191.0,0.2903050537120071,0.0
7,191.0,0.0,0.0
8,191.0,0.02461393740644835,0.0
9,191.0,0.0,0.0
10,191.0,0.04641730731082694,0.0
11,191.0,0.08149232438637444,0.0
12,191.0,0.13946323631657243,0.0
13,191.0,0.007512682534608794,0.0
14,191.0,0.0,0.0
15,191.0,0.0,0.0
16,191.0,0.0,0.0
17,191.0,0.06718859947213573,0.0
18,191.0,0.07904397971656263,0.0
19,191.0,0.0,0.0
20,191.0,0.0,0.0
21,191.0,0.06188613855770142,0.0
22,191.0,0.0,0.0
23,191.0,0.04410751393162893,0.0
24,191.0,0.15916627550625928,0.0
25,191.0,0.23193913038948422,0.0
26,191.0,0.0,0.0
27,191.0,0.0,0.0
28,191.0,0.07411888251093879,0.0
29,191.0,0.010790459740040892,0.0
30,191.0,0.0,0.0
31,191.0,0.0,0.0
32,191.0,0.0393174177514265,0.0
33,191.0,0.0,0.0
34,191.0,0.2529291100422597,0.0
35,191.0,0.0,0.0
36,191.0,0.1868425406012204,0.0
37,191.0,0.25427581974506386,0.0
38,191.0,0.12444150570846069,0.0
39,191.0,0.0,0.0
40,191.0,0.15283116089664728,0.0
41,191.0,0.22926085416573028,0.0
42,191.0,0.13616021237883147,0.0
43,191.0,0.0,0.0
44,191.0,0.06187152914170835,0.0
45,191.0,0.0,0.0
46,191.0,0.22888230395355402,0.0
47,191.0,0.0925103030988752,0.0
48,191.0,0.06260734493261677,0.0
49,191.0,0.22395646527251412,0.0
50,191.0,0.041785565224508714,0.0
1,192.0,0.0,0.0
2,192.0,0.25514862762398205,0.0
3,192.0,0.0,0.0
4,192.0,0.17204696929869367,0.0
5,192.0,0.0,0.0
6,192.0,0.07455129284341633,0.0
7,192.0,0.09892342023376488,0.0
8,192.0,0.0,0.0
9,192.0,0.1367935113382155,0.0
10,192.0,0.19759144839155096,0.0
11,192.0,0.0,0.0
12,192.0,0.24550636413314197,0.0
13,192.0,0.08637458826730993,0.0
14,192.0,0.18172060804758883,0.0
15,192.0,0.015787161408933992,0.0
16,192.0,0.0,0.0
17,192.0,0.2683670194604353,0.0
18,192.0,0.08292500662073032,0.0
19,192.0,0.0,0.0
20,192.0,0.0,0.0
21,192.0,0.0,0.0
22,192.0,0.0,0.0
23,192.0,0.3123752042119403,0.0
24,192.0,0.31972566043506345,0.0
25,192.0,0.2149571095280659,0.0
26,192.0,0.07165704058064615,0.0
27,192.0,0.14011587866687847,0.0
28,192.0,0.08930485820200118,0.0
29,192.0,0.09434417752982349,0.0
30,192.0,0.45924650569525294,0.0
31,192.0,0.0,0.0
32,192.0,0.0,0.0
33,192.0,0.002339683450475638,0.0
34,192.0,0.08133936597108493,0.0
35,192.0,0.08600726800037084,0.0
36,192.0,0.0,0.0
37,192.0,0.0,0.0
38,192.0,0.0493713877232671,0.0
39,192.0,0.03867584453983641,0.0
40,192.0,0.0541856217929545,0.0
41,192.0,0.035953294620532095,0.0
42,192.0,0.0,0.0
43,192.0,0.0,0.0
44,192.0,0.0,0.0
45,192.0,0.0,0.0
46,192.0,0.15104453270682394,0.0
47,192.0,0.0,0.0
48,192.0,0.0,0.0
49,192.0,0.0,0.0
50,192.0,0.0,0.0
1,193.0,0.0,0.0
2,193.0,0.0,0.0
3,193.0,0.18187217887854001,0.0
4,193.0,0.038437149414730865,0.0
5,193.0,0.08592024557405609,0.0
6,193.0,0.0,0.0
7,193.0,0.0,0.0
8,193.0,0.10539267885149606,0.0
9,193.0,0.0,0.0
10,193.0,0.06716541962935896,0.0
11,193.0,0.0736290921130569,0.0
12,193.0,0.433248229036987,0.0
13,193.0,0.0,0.0
14,193.0,0.0,0.0
15,193.0,0.308185537057439,0.0
16,193.0,0.04588721562104259,0.0
17,193.0,0.2850589461212938,0.0
18,193.0,0.0026447180064382847,0.0
19,193.0,0.0,0.0
20,193.0,0.0,0.0
21,193.0,0.0,0.0
22,193.0,0.12890771043446259,0.0
23,193.0,0.18518665844161863,0.0
24,193.0,0.0,0.0
25,193.0,0.0,0.0
26,193.0,0.0,0.0
27,193.0,0.07048107608149246,0.0
28,193.0,0.08894300729186444,0.0
29,193.0,0.0,0.0
30,193.0,0.0,0.0
31,193.0,0.0,0.0
32,193.0,0.0,0.0
33,193.0,0.10734400177979597,0.0
34,193.0,0.056616336637485776,0.0
35,193.0,0.10437438568135504,0.0
36,193.0,0.0,0.0
37,193.0,0.0,0.0
38,193.0,0.0,0.0
39,193.0,0.0,0.0
40,193.0,0.06411260751425574,0.0
41,193.0,0.0,0.0
42,193.0,0.03133762449859323,0.0
43,193.0,0.0,0.0
44,193.0,0.1468783753929519,0.0
45,193.0,0.15565525462786456,0.0
46,193.0,0.0,0.0
47,193.0,0.0,0.0
48,193.0,0.05056723455694878,0.0
49,193.0,0.14408690796151247,0.0
50,193.0,0.0,0.0
1,194.0,0.15785845257400888,0.0
2,194.0,0.0,0.0
3,194.0,0.08130911996335444,0.0
4,194.0,0.0,0.0
5,194.0,0.12658500178309084,0.0
6,194.0,0.0,0.0
7,194.0,0.0,0.0
8,194.0,0.0,0.0
9,194.0,0.08002462603574301,0.0
10,194.0,0.0,0.0
11,194.0,0.0,0.0
12,194.0,0.2710952495702774,0.0
13,194.0,0.1319075494745462,0.0
14,194.0,0.1978917200033674,0.0
15,194.0,0.39448701556213583,0.0
16,194.0,0.04745283892493657,0.0
17,194.0,0.135258201303612,0.0
18,194.0,0.0,0.0
19,194.0,0.0,0.0
20,194.0,0.0,0.0
21,194.0,0.0,0.0
22,194.0,0.0866100307791221,0.0
23,194.0,0.0,0.0
24,194.0,0.0,0.0
25,194.0,0.07671872912826405,0.0
26,194.0,0.0,0.0
27,194.0,0.0,0.0
28,194.0,0.0,0.0
29,194.0,0.010149463950272053,0.0
30,194.0,0.0,0.0
31,194.0,0.1386196694948847,0.0
32,194.0,0.1685940100280484,0.0
33,194.0,0.1772975055745203,0.0
34,194.0,0.28294792323688334,0.0
35,194.0,0.017794639836216097,0.0
36,194.0,0.0,0.0
37,194.0,0.16049839978580582,0.0
38,194.0,0.17064439838509504,0.0
39,194.0,0.06840182840843423,0.0
40,194.0,0.2609857807306555,0.0
41,194.0,0.02502053128639181,0.0
42,194.0,0.18131330015278424,0.0
43,194.0,0.0,0.0
44,194.0,0.05183899109169632,0.0
45,194.0,0.08521906064665419,0.0
46,194.0,0.0,0.0
47,194.0,0.0,0.0
48,194.0,0.16173770707377877,0.0
49,194.0,0.24838709127022007,0.0
50,194.0,0.0,0.0
1,195.0,0.0,0.0
2,195.0,0.0,0.0
3,195.0,0.18931192275632114,0.0
4,195.0,0.0,0.0
5,195.0,0.04300127327377157,0.0
6,195.0,0.3452606635438986,0.0
7,195.0,0.11719474407182484,0.0
8,195.0,0.04170297498921205,0.0
9,195.0,0.19863739522820434,0.0
10,195.0,0.0,0.0
11,195.0,0.3541779081181087,0.0
12,195.0,0.2960721723878129,0.0
13,195.0,0.0908911129344222,0.0
14,195.0,0.05277232517507957,0.0
15,195.0,0.0,0.0
16,195.0,0.3132700891465575,0.0
17,195.0,0.028316183803427042,0.0
18,195.0,0.0,0.0
19,195.0,0.0,0.0
20,195.0,0.0,0.0
21,195.0,0.10247710981190616,0.0
22,195.0,0.0,0.0
23,195.0,0.01228309123813176,0.0
24,195.0,0.0,0.0
25,195.0,0.0,0.0
26,195.0,0.0,0.0
27,195.0,0.0,0.0
28,195.0,0.19462715578418288,0.0
29,195.0,0.0,0.0
30,195.0,0.035596390571617786,0.0
31,195.0,0.0,0.0
32,195.0,0.10869561528812877,0.0
33,195.0,0.03151944706527554,0.0
34,195.0,0.01897274217733458,0.0
35,195.0,0.0,0.0
36,195.0,0.6851674628119959,0.0
37,195.0,0.11003320535194527,0.0
38,195.0,0.12332058205361107,0.0
39,195.0,0.015139049964558393,0.0
40,195.0,0.055457088089184814,0.0
41,195.0,0.08972978367572004,0.0
42,195.0,0.07237976144399771,0.0
43,195.0,0.0,0.0
44,195.0,0.0,0.0
45,195.0,0.0,0.0
46,195.0,0.0,0.0
47,195.0,0.023109339590818068,0.0
48,195.0,0.07961506831718768,0.0
49,195.0,0.0,0.0
50,195.0,0.12763754790887394,0.0
1,196.0,0.0,0.0
2,196.0,0.0,0.0
3,196.0,0.0,0.0
4,196.0,0.0,0.0
5,196.0,0.0,0.0
6,196.0,0.1634500875513919,0.0
7,196.0,0.0015510233049795819,0.0
8,196.0,0.3534071382380931,0.0
9,196.0,0.1067350601329975,0.0
10,196.0,0.0,0.0
11,196.0,0.08581855733319799,0.0
12,196.0,0.13858809310965814,0.0
13,196.0,0.0,0.0
14,196.0,0.2672629215679042,0.0
15,196.0,0.0,0.0
16,196.0,0.256888283301822,0.0
17,196.0,0.0,0.0
18,196.0,0.0,0.0
19,196.0,0.07846988356671558,0.0
20,196.0,0.03907452374378173,0.0
21,196.0,0.08955744637559537,0.0
22,196.0,0.07260610582772775,0.0
23,196.0,0.4870556323880614,0.0
24,196.0,0.0,0.0
25,196.0,0.26586160760842426,0.0
26,196.0,0.0,0.0
27,196.0,0.1181203662576088,0.0
28,196.0,0.0,0.0
29,196.0,0.08045278026362768,0.0
30,196.0,0.0,0.0
31,196.0,0.0,0.0
32,196.0,0.1026957208076017,0.0
33,196.0,0.21546922869872798,0.0
34,196.0,0.1832855964056388,0.0
35,196.0,0.028757472948307106,0.0
36,196.0,0.15150466318913536,0.0
37,196.0,0.0,0.0
38,196.0,0.0,0.0
39,196.0,0.0,0.0
40,196.0,0.0,0.0
41,196.0,0.0,0.0
42,196.0,0.0,0.0
43,196.0,0.0,0.0
44,196.0,0.044819967810239114,0.0
45,196.0,0.027944823231828786,0.0
46,196.0,0.04003431636093224,0.0
47,196.0,0.1292924512084963,0.0
48,196.0,0.0,0.0
49,196.0,0.20492379891765278,0.0
50,196.0,0.0,0.0
1,197.0,0.06588677448432656,0.0
2,197.0,0.025385741170988796,0.0
3,197.0,0.0,0.0
4,197.0,0.0,0.0
5,197.0,0.0,0.0
6,197.0,0.28818399157004215,0.0
7,197.0,0.0,0.0
8,197.0,0.0,0.0
9,197.0,0.03391078200305164,0.0
10,197.0,0.2570267315524929,0.0
11,197.0,0.0,0.0
12,197.0,0.14047851427801017,0.0
13,197.0,0.0,0.0
14,197.0,0.0,0.0
15,197.0,0.0,0.0
16,197.0,0.0,0.0
17,197.0,0.0,0.0
18,197.0,0.1433741785591418,0.0
19,197.0,0.1511618768430446,0.0
20,197.0,0.0,0.0
21,197.0,0.0,0.0
22,197.0,0.0,0.0
23,197.0,0.0,0.0
24,197.0,0.04709671159102402,0.0
25,197.0,0.030802297346287255,0.0
26,197.0,0.0,0.0
27,197.0,0.0,0.0
28,197.0,0.02206882809707078,0.0
29,197.0,0.22912768222146518,0.0
30,197.0,0.0015608460283113024,0.0
31,197.0,0.066764371281815,0.0
32,197.0,0.0,0.0
33,197.0,0.0,0.0
34,197.0,0.1792587744422609,0.0
35,197.0,0.0,0.0
36,197.0,0.0,0.0
37,197.0,0.0,0.0
38,197.0,0.14238835189441046,0.0
39,197.0,0.044183282987719674,0.0
40,197.0,0.10966618070105139,0.0
41,197.0,0.0,0.0
42,197.0,0.18358225344163226,0.0
43,197.0,0.0,0.0
44,197.0,0.10646342853290469,0.0
45,197.0,0.0,0.0
46,197.0,0.062162395327776565,0.0
47,197.0,0.12286706842988104,0.0
48,197.0,0.05976308487120008,0.0
49,197.0,0.034034905267362525,0.0
50,197.0,0.0,0.0
1,198.0,0.0,0.0
2,198.0,0.020257459912754516,0.0
3,198.0,0.0,0.0
4,198.0,0.03676196133405307,0.0
5,198.0,0.12470478777465044,0.0
6,198.0,0.0,0.0
7,198.0,0.0,0.0
8,198.0,0.0,0.0
9,198.0,0.02302160208066495,0.0
10,198.0,0.0561013193608253,0.0
11,198.0,0.28888102905907553,0.0
12,198.0,0.18840554485381844,0.0
13,198.0,0.0,0.0
14,198.0,0.09427386576621133,0.0
15,198.0,0.07594274714386517,0.0
16,198.0,0.14208221812972766,0.0
17,198.0,0.07807441831819828,0.0
18,198.0,0.04078646589636681,0.0
19,198.0,0.03942111486517996,0.0
20,198.0,0.30632196692746416,0.0
21,198.0,0.0,0.0
22,198.0,0.0,0.0
23,198.0,0.26429877496378396,0.0
24,198.0,0.04001628920427591,0.0
25,198.0,0.06981620545831257,0.0
26,198.0,0.043841871912501995,0.0
27,198.0,0.28051005078460756,0.0
28,198.0,0.30168610509528615,0.0
29,198.0,0.0,0.0
30,198.0,0.0,0.0
31,198.0,0.0,0.0
32,198.0,0.0,0.0
33,198.0,0.06774842679535997,0.0
34,198.0,0.0,0.0
35,198.0,0.0,0.0
36,198.0,0.08316052622142467,0.0
37,198.0,0.09951445094201916,0.0
38,198.0,0.0,0.0
39,198.0,0.23279858155955002,0.0
40,198.0,0.0,0.0
41,198.0,0.0,0.0
42,198.0,0.0,0.0
43,198.0,0.0,0.0
44,198.0,0.0,0.0
45,198.0,0.0,0.0
46,198.0,0.0,0.0
47,198.0,0.27241360675608883,0.0
48,198.0,0.0,0.0
49,198.0,0.0,0.0
50,198.0,0.0,0.0
1,199.0,0.10830560340797502,0.0
2,199.0,0.20203288733232316,0.0
3,199.0,0.2376436866336208,0.0
4,199.0,0.2812778933078618,0.0
5,199.0,0.026228893532835418,0.0
6,199.0,0.0,0.0
7,199.0,0.018016920998888075,0.0
8,199.0,0.0,0.0
9,199.0,0.0,0.0
10,199.0,0.0,0.0
11,199.0,0.0,0.0
12,199.0,0.03610233634048654,0.0
13,199.0,0.0,0.0
14,199.0,0.10763805158844442,0.0
15,199.0,0.10747187795306734,0.0
16,199.0,0.0,0.0
17,199.0,0.23221285575819994,0.0
18,199.0,0.0,0.0
19,199.0,0.4192404088358397,0.0
20,199.0,0.0,0.0
21,199.0,0.1087498307408169,0.0
22,199.0,0.281691471045211,0.0
23,199.0,0.0,0.0
24,199.0,0.0,0.0
25,199.0,0.13379945066202537,0.0
26,199.0,0.0,0.0
27,199.0,0.19915441909845288,0.0
28,199.0,0.0,0.0
29,199.0,0.0,0.0
30,199.0,0.011672034522493435,0.0
31,199.0,0.0,0.0
32,199.0,0.0,0.0
33,199.0,0.0,0.0
34,199.0,0.2630671965787621,0.0
35,199.0,0.03865659095609064,0.0
36,199.0,0.10002820466659013,0.0
37,199.0,0.0,0.0
38,199.0,0.0838600097473653,0.0
39,199.0,0.06497559304412037,0.0
40,199.0,0.0,0.0
41,199.0,0.0,0.0
42,199.0,0.1249203978671648,0.0
43,199.0,0.0,0.0
44,199.0,0.22856548521029174,0.0
45,199.0,0.0,0.0
46,199.0,0.18634587394700064,0.0
47,199.0,0.0,0.0
48,199.0,0.0,0.0
49,199.0,0.18908770185430823,0.0
50,199.0,0.27498066172336777,0.0
1,200.0,0.23572483373010522,0.0
2,200.0,0.0,0.0
3,200.0,0.31174261142793014,0.0
4,200.0,0.26830790997010234,0.0
5,200.0,0.0,0.0
6,200.0,0.0992788795793168,0.0
7,200.0,0.0,0.0
8,200.0,0.0,0.0
9,200.0,0.06850019751803749,0.0
10,200.0,0.1807863629362919,0.0
11,200.0,0.0,0.0
12,200.0,0.0,0.0
13,200.0,0.0,0.0
14,200.0,0.0,0.0
15,200.0,0.0,0.0
16,200.0,0.0,0.0
17,200.0,0.23478800926426835,0.0
18,200.0,0.0,0.0
19,200.0,0.21003774268118636,0.0
20,200.0,0.09835451388277805,0.0
21,200.0,0.1664124331732465,0.0
22,200.0,0.0,0.0
23,200.0,0.0,0.0
24,200.0,0.1065759021979038,0.0
25,200.0,0.0,0.0
26,200.0,0.4169276141817494,0.0
27,200.0,0.1168618367620331,0.0
28,200.0,0.0,0.0
29,200.0,0.0,0.0
30,200.0,0.0,0.0
31,200.0,0.0,0.0
32,200.0,0.0,0.0
33,200.0,0.0,0.0
34,200.0,0.12600662708472266,0.0
35,200.0,0.30461257568487643,0.0
36,200.0,0.22898083925906532,0.0
37,200.0,0.11018519919156855,0.0
38,200.0,0.0,0.0
39,200.0,0.0,0.0
40,200.0,0.0,0.0
41,200.0,0.0,0.0
42,200.0,0.0,0.0
43,200.0,0.05498037480433626,0.0
44,200.0,0.05682935568157166,0.0
45,200.0,0.023875570992941686,0.0
46,200.0,0.0,0.0
47,200.0,0.0,0.0
48,200.0,0.046439401752935594,0.0
49,200.0,0.0,0.0
50,200.0,0.0,0.0
1,201.0,0.0,0.0
2,201.0,0.0,0.0
3,201.0,0.0,0.0
4,201.0,0.12528605659837555,0.0
5,201.0,0.0,0.0
6,201.0,0.18630285794887225,0.0
7,201.0,0.07695042562688581,0.0
8,201.0,0.4266928565324435,0.0
9,201.0,0.0,0.0
10,201.0,0.0,0.0
11,201.0,0.0,0.0
12,201.0,0.0,0.0
13,201.0,0.21014917409041434,0.0
14,201.0,0.2083767364039203,0.0
15,201.0,0.05819979451888202,0.0
16,201.0,0.0,0.0
17,201.0,0.0,0.0
18,201.0,0.0,0.0
19,201.0,0.11965285374191781,0.0
20,201.0,0.1711700244845873,0.0
21,201.0,0.0,0.0
22,201.0,0.0,0.0
23,201.0,0.18110156124016508,0.0
24,201.0,0.15622170720702333,0.0
25,201.0,0.0,0.0
26,201.0,0.3614737642833268,0.0
27,201.0,0.0015529716557808326,0.0
28,201.0,0.0,0.0
29,201.0,0.0,0.0
30,201.0,0.0,0.0
31,201.0,0.07201400967212401,0.0
32,201.0,0.0,0.0
33,201.0,0.08126866212119155,0.0
34,201.0,0.2857752451587722,0.0
35,201.0,0.0,0.0
36,201.0,0.0,0.0
37,201.0,0.0,0.0
38,201.0,0.26814379400080457,0.0
39,201.0,0.0,0.0
40,201.0,0.050739316727447914,0.0
41,201.0,0.0,0.0
42,201.0,0.10828461398869593,0.0
43,201.0,0.0253831023911939,0.0
44,201.0,0.0,0.0
45,201.0,0.0,0.0
46,201.0,0.0,0.0
47,201.0,0.008260786953563137,0.0
48,201.0,0.0880393456087718,0.0
49,201.0,0.0216837383663544,0.0
50,201.0,0.0,0.0
1,202.0,0.0,0.0
2,202.0,0.18892560654037283,0.0
3,202.0,0.0,0.0
4,202.0,0.0,0.0
5,202.0,0.0,0.0
6,202.0,0.0,0.0
7,202.0,0.0,0.0
8,202.0,0.04275423315852844,0.0
9,202.0,0.16841887592040705,0.0
10,202.0,0.0,0.0
11,202.0,0.0,0.0
12,202.0,0.1148015547864516,0.0
13,202.0,0.0,0.0
14,202.0,0.04082746340582677,0.0
15,202.0,0.0,0.0
16,202.0,0.1594938984845149,0.0
17,202.0,0.0,0.0
18,202.0,0.043858508317097145,0.0
19,202.0,0.0,0.0
20,202.0,0.0,0.0
21,202.0,0.051640714228399776,0.0
22,202.0,0.029981882590410902,0.0
23,202.0,0.1634160574137602,0.0
24,202.0,0.0,0.0
25,202.0,0.06823659832563012,0.0
26,202.0,0.30122198354126195,0.0
27,202.0,0.024966276270829146,0.0
28,202.0,0.018252536104171435,0.0
29,202.0,0.0,0.0
30,202.0,0.0,0.0
31,202.0,0.0,0.0
32,202.0,0.01005664593402178,0.0
33,202.0,0.0,0.0
34,202.0,0.04461764847817962,0.0
35,202.0,0.07045121004218857,0.0
36,202.0,0.18213922680826022,0.0
37,202.0,0.0,0.0
38,202.0,0.0,0.0
39,202.0,0.3187226388868917,0.0
40,202.0,0.0,0.0
41,202.0,0.19685477535846085,0.0
42,202.0,0.09936873986441686,0.0
43,202.0,0.004876172736506312,0.0
44,202.0,0.104832012457729,0.0
45,202.0,0.1182770963193368,0.0
46,202.0,0.06630736270371596,0.0
47,202.0,0.0,0.0
48,202.0,0.06644695144766499,0.0
49,202.0,0.2965045669008165,0.0
50,202.0,0.0,0.0
1,203.0,0.09541359931893234,0.0
2,203.0,0.0,0.0
3,203.0,0.0,0.0
4,203.0,0.0024479893839303157,0.0
5,203.0,0.0,0.0
6,203.0,0.0,0.0
7,203.0,0.0017336248502833884,0.0
8,203.0,0.3523493896188943,0.0
9,203.0,0.0,0.0
10,203.0,0.0,0.0
11,203.0,0.0,0.0
12,203.0,0.0,0.0
13,203.0,0.0,0.0
14,203.0,0.006011600189555266,0.0
15,203.0,0.0,0.0
16,203.0,0.0,0.0
17,203.0,0.26327744140748854,0.0
18,203.0,0.0360007180090155,0.0
19,203.0,0.03634970353772815,0.0
20,203.0,0.0,0.0
21,203.0,0.24359043538850456,0.0
22,203.0,0.08179695637190065,0.0
23,203.0,0.0,0.0
24,203.0,0.11723385633594252,0.0
25,203.0,0.0,0.0
26,203.0,0.0,0.0
27,203.0,0.0,0.0
28,203.0,0.1047099685328543,0.0
29,203.0,0.0,0.0
30,203.0,0.0,0.0
31,203.0,0.0,0.0
32,203.0,0.0,0.0
33,203.0,0.06586345163289775,0.0
34,203.0,0.13171762808689125,0.0
35,203.0,0.0,0.0
36,203.0,0.0,0.0
37,203.0,0.0,0.0
38,203.0,0.1160343371125323,0.0
39,203.0,0.1902344362960382,0.0
40,203.0,0.02159207794261786,0.0
41,203.0,0.0,0.0
42,203.0,0.0,0.0
43,203.0,0.0,0.0
44,203.0,0.0,0.0
45,203.0,0.0,0.0
46,203.0,0.0,0.0
47,203.0,0.0,0.0
48,203.0,0.0,0.0
49,203.0,0.0,0.0
50,203.0,0.0,0.0
1,204.0,0.0,0.0
2,204.0,0.0,0.0
3,204.0,0.0,0.0
4,204.0,0.1609200288934094,0.0
5,204.0,0.0,0.0
6,204.0,0.0,0.0
7,204.0,0.0,0.0
8,204.0,0.0,0.0
9,204.0,0.0,0.0
10,204.0,0.0,0.0
11,204.0,0.0,0.0
12,204.0,0.0,0.0
13,204.0,0.04492401552975411,0.0
14,204.0,0.0,0.0
15,204.0,0.0,0.0
16,204.0,0.10429858147445625,0.0
17,204.0,0.30968029768695526,0.0
18,204.0,0.16584093362476238,0.0
19,204.0,0.0,0.0
20,204.0,0.07172673900798787,0.0
21,204.0,0.0555151202114208,0.0
22,204.0,0.29588718649463963,0.0
23,204.0,0.0,0.0
24,204.0,0.0,0.0
25,204.0,0.0,0.0
26,204.0,0.01768685422457328,0.0
27,204.0,0.0,0.0
28,204.0,0.1594241303193873,0.0
29,204.0,0.0,0.0
30,204.0,0.0,0.0
31,204.0,0.0,0.0
32,204.0,0.0,0.0
33,204.0,0.0,0.0
34,204.0,0.04715089052201349,0.0
35,204.0,0.16172459089594682,0.0
36,204.0,0.20417037519675452,0.0
37,204.0,0.06341124275960974,0.0
38,204.0,0.33223781225409554,0.0
39,204.0,0.0,0.0
40,204.0,0.08412821269856996,0.0
41,204.0,0.22659488620051504,0.0
42,204.0,0.0,0.0
43,204.0,0.3703222448502884,0.0
44,204.0,0.0,0.0
45,204.0,0.00880687944620373,0.0
46,204.0,0.15260240064223818,0.0
47,204.0,0.0,0.0
48,204.0,0.15036987713792527,0.0
49,204.0,0.0956086208962944,0.0
50,204.0,0.0,0.0
1,205.0,0.027791691909226257,0.0
2,205.0,0.0,0.0
3,205.0,0.06314605200626011,0.0
4,205.0,0.0,0.0
5,205.0,0.0,0.0
6,205.0,0.0,0.0
7,205.0,0.09489556735006988,0.0
8,205.0,0.0,0.0
9,205.0,0.0,0.0
10,205.0,0.0,0.0
11,205.0,0.0,0.0
12,205.0,0.014597057971678984,0.0
13,205.0,0.2234792164663144,0.0
14,205.0,0.09667663894201028,0.0
15,205.0,0.3150612501976856,0.0
16,205.0,0.0,0.0
17,205.0,0.0,0.0
18,205.0,0.0,0.0
19,205.0,0.1820499908395936,0.0
20,205.0,0.0008221645926081989,0.0
21,205.0,0.17462238195295654,0.0
22,205.0,0.19234501806863735,0.0
23,205.0,0.11640402560509022,0.0
24,205.0,0.07336489414386271,0.0
25,205.0,0.07546973484987318,0.0
26,205.0,0.10689053370649604,0.0
27,205.0,0.0,0.0
28,205.0,0.1266982346525365,0.0
29,205.0,0.030510433208307042,0.0
30,205.0,0.16343924239467533,0.0
31,205.0,0.0,0.0
32,205.0,0.19591176436233626,0.0
33,205.0,0.09604525723050117,0.0
34,205.0,0.0,0.0
35,205.0,0.000680839893938745,0.0
36,205.0,0.0,0.0
37,205.0,0.0,0.0
38,205.0,0.0,0.0
39,205.0,0.0,0.0
40,205.0,0.1087352345004634,0.0
41,205.0,0.04495692604466217,0.0
42,205.0,0.0,0.0
43,205.0,0.12653065105095807,0.0
44,205.0,0.0,0.0
45,205.0,0.08950565072443173,0.0
46,205.0,0.0,0.0
47,205.0,0.0,0.0
48,205.0,0.0,0.0
49,205.0,0.004535110234222595,0.0
50,205.0,0.5485507353392043,0.0
1,206.0,0.0,0.0
2,206.0,0.0,0.0
3,206.0,0.0,0.0
4,206.0,0.0,0.0
5,206.0,0.09701392946054899,0.0
6,206.0,0.0101912718906364,0.0
7,206.0,0.13468651890785188,0.0
8,206.0,0.0,0.0
9,206.0,0.2010500995468959,0.0
10,206.0,0.11056627488225568,0.0
11,206.0,0.0,0.0
12,206.0,0.26217130307903336,0.0
13,206.0,0.1114720854019231,0.0
14,206.0,0.0,0.0
15,206.0,0.0,0.0
16,206.0,0.16054028365650863,0.0
17,206.0,0.0,0.0
18,206.0,0.0,0.0
19,206.0,0.08713416791941841,0.0
20,206.0,0.15089474497247413,0.0
21,206.0,0.09753112307241463,0.0
22,206.0,0.0,0.0
23,206.0,0.0,0.0
24,206.0,0.0,0.0
25,206.0,0.0,0.0
26,206.0,0.0,0.0
27,206.0,0.1163365800915026,0.0
28,206.0,0.0,0.0
29,206.0,0.04485471061046653,0.0
30,206.0,0.0,0.0
31,206.0,0.0,0.0
32,206.0,0.05578096511770947,0.0
33,206.0,0.06122327496315272,0.0
34,206.0,0.0,0.0
35,206.0,0.03242988450071094,0.0
36,206.0,0.07395725672890774,0.0
37,206.0,0.13371401323463927,0.0
38,206.0,0.11234576775375593,0.0
39,206.0,0.24148689435687454,0.0
40,206.0,0.0045773345663132625,0.0
41,206.0,0.0,0.0
42,206.0,0.12833979925893435,0.0
43,206.0,0.0,0.0
44,206.0,0.05171943530145873,0.0
45,206.0,0.2475973457874976,0.0
46,206.0,0.20417792722169936,0.0
47,206.0,0.10927444848943368,0.0
48,206.0,0.09741266037827256,0.0
49,206.0,0.11406210144186801,0.0
50,206.0,0.07933252168959815,0.0
1,207.0,0.0,0.0
2,207.0,0.0,0.0
3,207.0,0.01972709467106848,0.0
4,207.0,0.13288127892634083,0.0
5,207.0,0.10212134016572871,0.0
6,207.0,0.26099620305639026,0.0
7,207.0,0.028128701419740332,0.0
8,207.0,0.06776454945933263,0.0
9,207.0,0.0,0.0
10,207.0,0.0,0.0
11,207.0,0.0,0.0
12,207.0,0.036395135826496006,0.0
13,207.0,0.0,0.0
14,207.0,0.0,0.0
15,207.0,0.0,0.0
16,207.0,0.0,0.0
17,207.0,0.0,0.0
18,207.0,0.14165234830925666,0.0
19,207.0,0.0,0.0
20,207.0,0.0,0.0
21,207.0,0.16909553945782596,0.0
22,207.0,0.11173409882612251,0.0
23,207.0,0.0,0.0
24,207.0,0.029435805105565094,0.0
25,207.0,0.0,0.0
26,207.0,0.036079735783360545,0.0
27,207.0,0.0,0.0
28,207.0,0.014090824507262067,0.0
29,207.0,0.0,0.0
30,207.0,0.0,0.0
31,207.0,0.007758005137179946,0.0
32,207.0,0.0,0.0
33,207.0,0.0,0.0
34,207.0,0.0,0.0
35,207.0,0.0,0.0
36,207.0,0.06288203162123063,0.0
37,207.0,0.0,0.0
38,207.0,0.0,0.0
39,207.0,0.0,0.0
40,207.0,0.05181597702823448,0.0
41,207.0,0.18994766805413354,0.0
42,207.0,0.0,0.0
43,207.0,0.22478237266471834,0.0
44,207.0,0.0,0.0
45,207.0,0.100556263715193,0.0
46,207.0,0.20466412277284574,0.0
47,207.0,0.013263853149560911,0.0
48,207.0,0.02060338350626989,0.0
49,207.0,0.16532495084857934,0.0
50,207.0,0.023178648540905677,0.0
1,208.0,0.0,0.0
2,208.0,0.0,0.0
3,208.0,0.0,0.0
4,208.0,0.0,0.0
5,208.0,0.0,0.0
6,208.0,0.1491733317380941,0.0
7,208.0,0.0,0.0
8,208.0,0.20663014742667085,0.0
9,208.0,0.023878708448952235,0.0
10,208.0,0.0,0.0
11,208.0,0.0,0.0
12,208.0,0.08400528643109273,0.0
13,208.0,0.0,0.0
14,208.0,0.0,0.0
15,208.0,0.10186890984724861,0.0
16,208.0,0.0,0.0
17,208.0,0.15376353592157332,0.0
18,208.0,0.025938676736917077,0.0
19,208.0,0.039220945940522056,0.0
20,208.0,0.10326318815538049,0.0
21,208.0,0.0,0.0
22,208.0,0.0,0.0
23,208.0,0.0,0.0
24,208.0,0.00903947404886929,0.0
25,208.0,0.011910028835043107,0.0
26,208.0,0.0,0.0
27,208.0,0.0,0.0
28,208.0,0.09972765865021327,0.0
29,208.0,0.16513410494528036,0.0
30,208.0,0.06737084798411352,0.0
31,208.0,0.1609770035221738,0.0
32,208.0,0.2480754655893731,0.0
33,208.0,0.0,0.0
34,208.0,0.14618568881269933,0.0
35,208.0,0.04782036934415279,0.0
36,208.0,0.21377798213831767,0.0
37,208.0,0.0,0.0
38,208.0,0.0,0.0
39,208.0,0.032829390326604924,0.0
40,208.0,0.06991373618182928,0.0
41,208.0,0.025656721059561183,0.0
42,208.0,0.058491679717923795,0.0
43,208.0,0.05122244910718421,0.0
44,208.0,0.09256409449966274,0.0
45,208.0,0.2614568761807239,0.0
46,208.0,0.17725589329538616,0.0
47,208.0,0.0,0.0
48,208.0,0.021420898068269856,0.0
49,208.0,0.19050161466894744,0.0
50,208.0,0.04383551118113904,0.0
1,209.0,0.01002053733375341,0.0
2,209.0,0.18055141313577272,0.0
3,209.0,0.0,0.0
4,209.0,0.0,0.0
5,209.0,0.0,0.0
6,209.0,0.21511261799653225,0.0
7,209.0,0.0,0.0
8,209.0,0.0,0.0
9,209.0,0.0,0.0
10,209.0,0.23856654002583744,0.0
11,209.0,0.06999170199959537,0.0
12,209.0,0.0,0.0
13,209.0,0.08584274840218775,0.0
14,209.0,0.0828573716506571,0.0
15,209.0,0.002537406749879012,0.0
16,209.0,0.0,0.0
17,209.0,0.0,0.0
18,209.0,0.0,0.0
19,209.0,0.0,0.0
20,209.0,0.18228419185751288,0.0
21,209.0,0.06903845740580916,0.0
22,209.0,0.056255200055418175,0.0
23,209.0,0.1774088368043546,0.0
24,209.0,0.04799815569973365,0.0
25,209.0,0.197836474503428,0.0
26,209.0,0.0,0.0
27,209.0,0.0,0.0
28,209.0,0.12409050735712446,0.0
29,209.0,0.20110348289541902,0.0
30,209.0,0.0,0.0
31,209.0,0.0,0.0
32,209.0,0.2923629608753676,0.0
33,209.0,0.019725308126192664,0.0
34,209.0,0.046567587541148425,0.0
35,209.0,0.03992424227391289,0.0
36,209.0,0.0,0.0
37,209.0,0.02440018973189728,0.0
38,209.0,0.13674485451240959,0.0
39,209.0,0.03278105375849916,0.0
40,209.0,0.0,0.0
41,209.0,0.6482336646975824,0.0
42,209.0,0.0,0.0
43,209.0,0.0,0.0
44,209.0,0.28044019171125456,0.0
45,209.0,0.031065963928051277,0.0
46,209.0,0.08595777995941667,0.0
47,209.0,0.13094610107662086,0.0
48,209.0,0.0,0.0
49,209.0,0.04488435289258619,0.0
50,209.0,0.0,0.0
1,210.0,0.0,0.0
2,210.0,0.025289664790436928,0.0
3,210.0,0.0,0.0
4,210.0,0.0,0.0
5,210.0,0.06843112795435757,0.0
6,210.0,0.0693945107967151,0.0
7,210.0,0.014484969350086252,0.0
8,210.0,0.039844098552579976,0.0
9,210.0,0.07010412291949009,0.0
10,210.0,0.12064895576445656,0.0
11,210.0,0.0,0.0
12,210.0,0.0,0.0
13,210.0,0.03692000845429877,0.0
14,210.0,0.0,0.0
15,210.0,0.11884621759702474,0.0
16,210.0,0.0,0.0
17,210.0,0.0,0.0
18,210.0,0.0,0.0
19,210.0,0.0,0.0
20,210.0,0.0,0.0
21,210.0,0.0,0.0
22,210.0,0.0,0.0
23,210.0,0.014287104376403903,0.0
24,210.0,0.051055167398737056,0.0
25,210.0,0.4096871367296815,0.0
26,210.0,0.0,0.0
27,210.0,0.12244666955912964,0.0
28,210.0,0.0,0.0
29,210.0,0.0,0.0
30,210.0,0.0,0.0
31,210.0,0.09929446999330349,0.0
32,210.0,0.0,0.0
33,210.0,0.0,0.0
34,210.0,0.0,0.0
35,210.0,0.06401295621920977,0.0
36,210.0,0.0,0.0
37,210.0,0.0,0.0
38,210.0,0.0,0.0
39,210.0,0.0,0.0
40,210.0,0.12473431700661508,0.0
41,210.0,0.0,0.0
42,210.0,0.0957524529564674,0.0
43,210.0,0.0,0.0
44,210.0,0.0,0.0
45,210.0,0.08680517212012362,0.0
46,210.0,0.12307251069223102,0.0
47,210.0,0.02809745802101382,0.0
48,210.0,0.06364129344887148,0.0
49,210.0,0.1725536673574961,0.0
50,210.0,0.0,0.0
1,211.0,0.0,0.0
2,211.0,0.0800081019359904,0.0
3,211.0,0.0,0.0
4,211.0,0.0,0.0
5,211.0,0.0,0.0
6,211.0,0.05217967451353389,0.0
7,211.0,0.0,0.0
8,211.0,0.0,0.0
9,211.0,0.0,0.0
10,211.0,0.2607251910161583,0.0
11,211.0,0.0070325225620668785,0.0
12,211.0,0.0068744876476779515,0.0
13,211.0,0.06579346301154188,0.0
14,211.0,0.0,0.0
15,211.0,0.06293726292004054,0.0
16,211.0,0.25827660437966116,0.0
17,211.0,0.2320846825584959,0.0
18,211.0,0.0,0.0
19,211.0,0.17950067150477045,0.0
20,211.0,0.09903967769285471,0.0
21,211.0,0.015122600946779308,0.0
22,211.0,0.05868745264169095,0.0
23,211.0,0.05694040854192184,0.0
24,211.0,0.0,0.0
25,211.0,0.1779783690879153,0.0
26,211.0,0.2004306784376344,0.0
27,211.0,0.0,0.0
28,211.0,0.4431967903564239,0.0
29,211.0,0.0,0.0
30,211.0,0.0,0.0
31,211.0,0.0,0.0
32,211.0,0.0,0.0
33,211.0,0.0,0.0
34,211.0,0.10586817496191692,0.0
35,211.0,0.19690665606002822,0.0
36,211.0,0.07468094145633508,0.0
37,211.0,0.0,0.0
38,211.0,0.006758401001427106,0.0
39,211.0,0.08761077643496173,0.0
40,211.0,0.023644708773236878,0.0
41,211.0,0.22392148825124814,0.0
42,211.0,0.0,0.0
43,211.0,0.04938231162349138,0.0
44,211.0,0.34507202582632146,0.0
45,211.0,0.1445851137109594,0.0
46,211.0,0.0,0.0
47,211.0,0.0,0.0
48,211.0,0.05955561578128887,0.0
49,211.0,0.09784317956180977,0.0
50,211.0,0.0,0.0
1,212.0,0.0,0.0
2,212.0,0.15680766988027917,0.0
3,212.0,0.016260686475518593,0.0
4,212.0,0.20508053297308837,0.0
5,212.0,0.0,0.0
6,212.0,0.24693758726601212,0.0
7,212.0,0.01278405556959017,0.0
8,212.0,0.11005639582829141,0.0
9,212.0,0.0,0.0
10,212.0,0.05099372786918899,0.0
11,212.0,0.22426940325180433,0.0
12,212.0,0.0,0.0
13,212.0,0.0,0.0
14,212.0,0.0,0.0
15,212.0,0.0,0.0
16,212.0,0.03902048858629015,0.0
17,212.0,0.0,0.0
18,212.0,0.025431781567320177,0.0
19,212.0,0.08330738073534838,0.0
20,212.0,0.0,0.0
21,212.0,0.0,0.0
22,212.0,0.002185008547636258,0.0
23,212.0,0.03791612732527727,0.0
24,212.0,0.1136598231023579,0.0
25,212.0,0.16800538037850277,0.0
26,212.0,0.0,0.0
27,212.0,0.0,0.0
28,212.0,0.0,0.0
29,212.0,0.0,0.0
30,212.0,0.0,0.0
31,212.0,0.005696230613284281,0.0
32,212.0,0.0,0.0
33,212.0,0.0,0.0
34,212.0,0.0,0.0
35,212.0,0.07085937675554088,0.0
36,212.0,0.05780312788057651,0.0
37,212.0,0.10353381723682953,0.0
38,212.0,0.04834772456204528,0.0
39,212.0,0.009615396326153935,0.0
40,212.0,0.2718569821939094,0.0
41,212.0,0.0,0.0
42,212.0,0.0,0.0
43,212.0,0.042531879745416834,0.0
44,212.0,0.07417468663519244,0.0
45,212.0,0.0,0.0
46,212.0,0.0,0.0
47,212.0,0.1770483877493314,0.0
48,212.0,0.0,0.0
49,212.0,0.07273088232418168,0.0
50,212.0,0.07261367167808652,0.0
1,213.0,0.051555265060921895,0.0
2,213.0,0.0,0.0
3,213.0,0.05446700070564148,0.0
4,213.0,0.0,0.0
5,213.0,0.0,0.0
6,213.0,0.01801040203880222,0.0
7,213.0,0.3929453909742675,0.0
8,213.0,0.0568683599353218,0.0
9,213.0,0.019995492437587914,0.0
10,213.0,0.0,0.0
11,213.0,0.0,0.0
12,213.0,0.0,0.0
13,213.0,0.09926508717464011,0.0
14,213.0,0.06802282264790382,0.0
15,213.0,0.03709490678581728,0.0
16,213.0,0.016736036314069835,0.0
17,213.0,0.04958676353993441,0.0
18,213.0,0.008953140655288183,0.0
19,213.0,0.04222769815643013,0.0
20,213.0,0.0,0.0
21,213.0,0.0,0.0
22,213.0,0.0,0.0
23,213.0,0.0,0.0
24,213.0,0.011027841867731758,0.0
25,213.0,0.0,0.0
26,213.0,0.0,0.0
27,213.0,0.05782512713249388,0.0
28,213.0,0.0,0.0
29,213.0,0.04598380993276663,0.0
30,213.0,0.1647276857226876,0.0
31,213.0,0.21565029812641323,0.0
32,213.0,0.0,0.0
33,213.0,0.0,0.0
34,213.0,0.0,0.0
35,213.0,0.3796676802837953,0.0
36,213.0,0.0,0.0
37,213.0,0.07818213998046497,0.0
38,213.0,0.041447021359264036,0.0
39,213.0,0.17101151223074318,0.0
40,213.0,0.07263941709970378,0.0
41,213.0,0.0,0.0
42,213.0,0.0,0.0
43,213.0,0.0,0.0
44,213.0,0.0,0.0
45,213.0,0.0,0.0
46,213.0,0.0,0.0
47,213.0,0.0,0.0
48,213.0,0.0,0.0
49,213.0,0.0,0.0
50,213.0,0.0,0.0
1,214.0,0.14268379220415428,0.0
2,214.0,0.09711024009979763,0.0
3,214.0,0.0,0.0
4,214.0,0.0,0.0
5,214.0,0.03966321417735763,0.0
6,214.0,0.037674187787672175,0.0
7,214.0,0.05056086865809584,0.0
8,214.0,0.10428520391560925,0.0
9,214.0,0.0006906787682041671,0.0
10,214.0,0.041059270005443516,0.0
11,214.0,0.10264008426315763,0.0
12,214.0,0.0,0.0
13,214.0,0.13787715828169256,0.0
14,214.0,0.09960836826660668,0.0
15,214.0,0.03620303958214377,0.0
16,214.0,0.05525175944025107,0.0
17,214.0,0.0,0.0
18,214.0,0.522535707936366,0.0
19,214.0,0.0,0.0
20,214.0,0.0,0.0
21,214.0,0.09596063892172468,0.0
22,214.0,0.0,0.0
23,214.0,0.0,0.0
24,214.0,0.18616799610831825,0.0
25,214.0,0.0,0.0
26,214.0,0.3349996733698488,0.0
27,214.0,0.01148084826231155,0.0
28,214.0,0.0,0.0
29,214.0,0.0,0.0
30,214.0,0.0,0.0
31,214.0,0.006905031675038198,0.0
32,214.0,0.0,0.0
33,214.0,0.0,0.0
34,214.0,0.11104142009106022,0.0
35,214.0,0.0,0.0
36,214.0,0.0,0.0
37,214.0,0.0,0.0
38,214.0,0.05001394771492018,0.0
39,214.0,0.017426829933746668,0.0
40,214.0,0.253510916661718,0.0
41,214.0,0.0,0.0
42,214.0,0.03366902359188706,0.0
43,214.0,0.11931235126835693,0.0
44,214.0,0.11995931787134073,0.0
45,214.0,0.0,0.0
46,214.0,0.0,0.0
47,214.0,0.0,0.0
48,214.0,0.0,0.0
49,214.0,0.0,0.0
50,214.0,0.056228036968488215,0.0
1,215.0,0.0,0.0
2,215.0,0.12076320068077817,0.0
3,215.0,0.03805899352858111,0.0
4,215.0,0.0,0.0
5,215.0,0.0,0.0
6,215.0,0.0,0.0
7,215.0,0.2410527636455675,0.0
8,215.0,0.0,0.0
9,215.0,0.004002922342201232,0.0
10,215.0,0.0,0.0
11,215.0,0.12681166641086528,0.0
12,215.0,0.0,0.0
13,215.0,0.14530042906740825,0.0
14,215.0,0.043672524594477014,0.0
15,215.0,0.07465614858904213,0.0
16,215.0,0.0,0.0
17,215.0,0.1327110822507871,0.0
18,215.0,0.0661390803846289,0.0
19,215.0,0.1216460634233213,0.0
20,215.0,0.07974353893301989,0.0
21,215.0,0.2587672321418114,0.0
22,215.0,0.0,0.0
23,215.0,0.0,0.0
24,215.0,0.0,0.0
25,215.0,0.0,0.0
26,215.0,0.25281746363170665,0.0
27,215.0,0.0,0.0
28,215.0,0.0,0.0
29,215.0,0.05477931393614255,0.0
30,215.0,0.0,0.0
31,215.0,0.30669511404155436,0.0
32,215.0,0.0,0.0
33,215.0,0.2118136061983854,0.0
34,215.0,0.0,0.0
35,215.0,0.0,0.0
36,215.0,0.0,0.0
37,215.0,0.0,0.0
38,215.0,0.11106308528115227,0.0
39,215.0,0.2529106347820528,0.0
40,215.0,0.18662841416694065,0.0
41,215.0,0.011476901863032185,0.0
42,215.0,0.0,0.0
43,215.0,0.0,0.0
44,215.0,0.09719288348100574,0.0
45,215.0,0.0,0.0
46,215.0,0.037962961881849555,0.0
47,215.0,0.0,0.0
48,215.0,0.0,0.0
49,215.0,0.03587694064571023,0.0
50,215.0,0.2126643763874394,0.0
1,216.0,0.0,0.0
2,216.0,0.0,0.0
3,216.0,0.0,0.0
4,216.0,0.05012529284818179,0.0
5,216.0,0.0,0.0
6,216.0,0.09130202131726861,0.0
7,216.0,0.0,0.0
8,216.0,0.0402570166780557,0.0
9,216.0,0.12737476472081777,0.0
10,216.0,0.0,0.0
11,216.0,0.0,0.0
12,216.0,0.0,0.0
13,216.0,0.0,0.0
14,216.0,0.2623655382879335,0.0
15,216.0,0.10248045735028233,0.0
16,216.0,0.16364803650743587,0.0
17,216.0,0.0,0.0
18,216.0,0.12004570103045076,0.0
19,216.0,0.2501822340527672,0.0
20,216.0,0.0,0.0
21,216.0,0.0,0.0
22,216.0,0.24565437404908663,0.0
23,216.0,0.0,0.0
24,216.0,0.200856753342059,0.0
25,216.0,0.0,0.0
26,216.0,0.3515534069353301,0.0
27,216.0,0.0,0.0
28,216.0,0.0,0.0
29,216.0,0.07978196365654566,0.0
30,216.0,0.06831375672988804,0.0
31,216.0,0.0111904368935839,0.0
32,216.0,0.05094061817981621,0.0
33,216.0,0.0,0.0
34,216.0,0.0,0.0
35,216.0,0.0,0.0
36,216.0,0.0,0.0
37,216.0,0.01588460534896463,0.0
38,216.0,0.25377217284777664,0.0
39,216.0,0.10683211336613196,0.0
40,216.0,0.003438474495532362,0.0
41,216.0,0.0,0.0
42,216.0,0.0,0.0
43,216.0,0.0,0.0
44,216.0,0.0,0.0
45,216.0,0.15731814198989524,0.0
46,216.0,0.048595932068565495,0.0
47,216.0,0.0,0.0
48,216.0,0.0,0.0
49,216.0,0.07904272049799332,0.0
50,216.0,0.11150706338348182,0.0
1,217.0,0.0,0.0
2,217.0,0.07999976711992762,0.0
3,217.0,0.08726353785976748,0.0
4,217.0,0.0,0.0
5,217.0,0.017920660666789323,0.0
6,217.0,0.0,0.0
7,217.0,0.0,0.0
8,217.0,0.0,0.0
9,217.0,0.0,0.0
10,217.0,0.07487861790461581,0.0
11,217.0,0.03817566746428047,0.0
12,217.0,0.024421313519535248,0.0
13,217.0,0.3504832683209388,0.0
14,217.0,0.0,0.0
15,217.0,0.020734483832945405,0.0
16,217.0,0.0,0.0
17,217.0,0.14474414348711917,0.0
18,217.0,0.0,0.0
19,217.0,0.0,0.0
20,217.0,0.02503574230988681,0.0
21,217.0,0.20522162203150596,0.0
22,217.0,0.23003006318273267,0.0
23,217.0,0.08083736574681644,0.0
24,217.0,0.06234969439843385,0.0
25,217.0,0.0,0.0
26,217.0,0.0,0.0
27,217.0,0.05301227960220678,0.0
28,217.0,0.2332153227344339,0.0
29,217.0,0.0,0.0
30,217.0,0.09720038636779971,0.0
31,217.0,0.0,0.0
32,217.0,0.0,0.0
33,217.0,0.049219082078480136,0.0
34,217.0,0.26413158224050337,0.0
35,217.0,0.11723741363120199,0.0
36,217.0,0.0,0.0
37,217.0,0.0,0.0
38,217.0,0.1827465619066555,0.0
39,217.0,0.1666674308874465,0.0
40,217.0,0.0,0.0
41,217.0,0.0,0.0
42,217.0,0.0,0.0
43,217.0,0.0,0.0
44,217.0,0.0,0.0
45,217.0,0.0,0.0
46,217.0,0.07882047540254244,0.0
47,217.0,0.28267801962690253,0.0
48,217.0,0.0,0.0
49,217.0,0.0,0.0
50,217.0,0.0,0.0
1,218.0,0.10704490011516421,0.0
2,218.0,0.0,0.0
3,218.0,0.0,0.0
4,218.0,0.09233985986241378,0.0
5,218.0,0.0,0.0
6,218.0,0.0,0.0
7,218.0,0.060039941319482204,0.0
8,218.0,0.0,0.0
9,218.0,0.19631437374678995,0.0
10,218.0,0.0,0.0
11,218.0,0.0,0.0
12,218.0,0.0,0.0
13,218.0,0.11476552401074358,0.0
14,218.0,0.0,0.0
15,218.0,0.0,0.0
16,218.0,0.08953756562286086,0.0
17,218.0,0.0,0.0
18,218.0,0.0980398141403015,0.0
19,218.0,0.0,0.0
20,218.0,0.22627085886606468,0.0
21,218.0,0.0,0.0
22,218.0,0.0,0.0
23,218.0,0.009390088391379003,0.0
24,218.0,0.07963493380361364,0.0
25,218.0,0.0,0.0
26,218.0,0.18278309556273964,0.0
27,218.0,0.0,0.0
28,218.0,0.0,0.0
29,218.0,0.1709384642233699,0.0
30,218.0,0.0,0.0
31,218.0,0.0,0.0
32,218.0,0.0696279906597328,0.0
33,218.0,0.3025749964068094,0.0
34,218.0,0.125331218072267,0.0
35,218.0,0.15787289615803135,0.0
36,218.0,0.0,0.0
37,218.0,0.29169211382454563,0.0
38,218.0,0.0,0.0
39,218.0,0.0,0.0
40,218.0,0.0,0.0
41,218.0,0.0,0.0
42,218.0,0.0,0.0
43,218.0,0.0,0.0
44,218.0,0.17318683356911924,0.0
45,218.0,0.0,0.0
46,218.0,0.0,0.0
47,218.0,0.0,0.0
48,218.0,0.0,0.0
49,218.0,0.0,0.0
50,218.0,0.05790044564394081,0.0
1,219.0,0.105059099875222,0.0
2,219.0,0.0,0.0
3,219.0,0.13995336959650106,0.0
4,219.0,0.034211161368509324,0.0
5,219.0,0.0,0.0
6,219.0,0.1962361546865501,0.0
7,219.0,0.0071456447954267865,0.0
8,219.0,0.0,0.0
9,219.0,0.0,0.0
10,219.0,0.0,0.0
11,219.0,0.0,0.0
12,219.0,0.0,0.0
13,219.0,0.0,0.0
14,219.0,0.006313030701349143,0.0
15,219.0,0.14077199453662792,0.0
16,219.0,0.11368795488687189,0.0
17,219.0,0.04959815439441406,0.0
18,219.0,0.012443133169670051,0.0
19,219.0,0.08338845988894206,0.0
20,219.0,0.15020440264528523,0.0
21,219.0,0.0,0.0
22,219.0,0.1258505481221439,0.0
23,219.0,0.0,0.0
24,219.0,0.0,0.0
25,219.0,0.0,0.0
26,219.0,0.24751820473817432,0.0
27,219.0,0.13440676201117985,0.0
28,219.0,0.07853742656141993,0.0
29,219.0,0.2841210994997462,0.0
30,219.0,0.0,0.0
31,219.0,0.0867957686560229,0.0
32,219.0,0.16005512624148144,0.0
33,219.0,0.0,0.0
34,219.0,0.0,0.0
35,219.0,0.0,0.0
36,219.0,0.0,0.0
37,219.0,0.0,0.0
38,219.0,0.11756174930535912,0.0
39,219.0,0.07297060497980312,0.0
40,219.0,0.017416797656047645,0.0
41,219.0,0.1084844835899158,0.0
42,219.0,0.0,0.0
43,219.0,0.09893252275907771,0.0
44,219.0,0.0,0.0
45,219.0,0.0715403317678508,0.0
46,219.0,0.0625844931769931,0.0
47,219.0,0.012268133009160076,0.0
48,219.0,0.0,0.0
49,219.0,0.20336291485667024,0.0
50,219.0,0.18112658760763223,0.0
1,220.0,0.0,0.0
2,220.0,0.0,0.0
3,220.0,0.19469842246136015,0.0
4,220.0,0.01825887562680506,0.0
5,220.0,0.0,0.0
6,220.0,0.0,0.0
7,220.0,0.3312528858286925,0.0
8,220.0,0.1785207235940811,0.0
9,220.0,0.29917454752042505,0.0
10,220.0,0.0,0.0
11,220.0,0.12871732944031233,0.0
12,220.0,0.0,0.0
13,220.0,0.056288602004754607,0.0
14,220.0,0.0,0.0
15,220.0,0.0,0.0
16,220.0,0.0925281394775862,0.0
17,220.0,0.11043101952355905,0.0
18,220.0,0.0,0.0
19,220.0,0.15976690925577508,0.0
20,220.0,0.0,0.0
21,220.0,0.014595765843506636,0.0
22,220.0,0.0009888432954222592,0.0
23,220.0,0.0,0.0
24,220.0,0.09568939432120316,0.0
25,220.0,0.0,0.0
26,220.0,0.04609698129260731,0.0
27,220.0,0.0,0.0
28,220.0,0.0,0.0
29,220.0,0.0,0.0
30,220.0,0.0,0.0
31,220.0,0.09912114671222583,0.0
32,220.0,0.3151469935735488,0.0
33,220.0,0.0,0.0
34,220.0,0.20248413401566134,0.0
35,220.0,0.0,0.0
36,220.0,0.029101120137406844,0.0
37,220.0,0.0,0.0
38,220.0,0.0,0.0
39,220.0,0.0,0.0
40,220.0,0.0,0.0
41,220.0,0.0,0.0
42,220.0,0.14329740129168167,0.0
43,220.0,0.0,0.0
44,220.0,0.22138683723427344,0.0
45,220.0,0.10677678098656307,0.0
46,220.0,0.0,0.0
47,220.0,0.0,0.0
48,220.0,0.0,0.0
49,220.0,0.23018522320632173,0.0
50,220.0,0.032419371875944236,0.0
1,221.0,0.2079995591954641,0.0
2,221.0,0.0,0.0
3,221.0,0.0,0.0
4,221.0,0.19394657963966144,0.0
5,221.0,0.0,0.0
6,221.0,0.0,0.0
7,221.0,0.03321967252865665,0.0
8,221.0,0.5460260920012672,0.0
9,221.0,0.0,0.0
10,221.0,0.0,0.0
11,221.0,0.1834205294693778,0.0
12,221.0,0.08263021930327574,0.0
13,221.0,0.09284994896274668,0.0
14,221.0,0.21429732023617254,0.0
15,221.0,0.0,0.0
16,221.0,0.0832379857021639,0.0
17,221.0,0.12420493426850643,0.0
18,221.0,0.0,0.0
19,221.0,0.27245912056693655,0.0
20,221.0,0.0,0.0
21,221.0,0.0,0.0
22,221.0,0.23059030243141365,0.0
23,221.0,0.0,0.0
24,221.0,0.17621195102861964,0.0
25,221.0,0.0,0.0
26,221.0,0.0,0.0
27,221.0,0.029642399494645866,0.0
28,221.0,0.22719228988744755,0.0
29,221.0,0.0,0.0
30,221.0,0.0,0.0
31,221.0,0.3230072815165891,0.0
32,221.0,0.12478706317275234,0.0
33,221.0,0.13733358460079792,0.0
34,221.0,0.6494783612442663,0.0
35,221.0,0.0,0.0
36,221.0,0.16413581713092418,0.0
37,221.0,0.010685113429777737,0.0
38,221.0,0.1431690197219112,0.0
39,221.0,0.0,0.0
40,221.0,0.2966011477256716,0.0
41,221.0,0.2982559335221393,0.0
42,221.0,0.1132092660677596,0.0
43,221.0,0.0,0.0
44,221.0,0.007188231095629938,0.0
45,221.0,0.1606609550570125,0.0
46,221.0,0.0895718702304592,0.0
47,221.0,0.0,0.0
48,221.0,0.0,0.0
49,221.0,0.10707647752940552,0.0
50,221.0,0.11548679695533604,0.0
1,222.0,0.00027046203706038163,0.0
2,222.0,0.0,0.0
3,222.0,0.0,0.0
4,222.0,0.056143729313978596,0.0
5,222.0,0.17160399450205754,0.0
6,222.0,0.0,0.0
7,222.0,0.0,0.0
8,222.0,0.0,0.0
9,222.0,0.1213620397987678,0.0
10,222.0,0.01767411646326822,0.0
11,222.0,0.0,0.0
12,222.0,0.008806069157100693,0.0
13,222.0,0.0,0.0
14,222.0,0.0,0.0
15,222.0,0.0,0.0
16,222.0,0.028709678089505086,0.0
17,222.0,0.05695080262269803,0.0
18,222.0,0.0,0.0
19,222.0,0.07678935670061349,0.0
20,222.0,0.0,0.0
21,222.0,0.0,0.0
22,222.0,0.193927629441208,0.0
23,222.0,0.07651840969153012,0.0
24,222.0,0.4960992684719705,0.0
25,222.0,0.0,0.0
26,222.0,0.0,0.0
27,222.0,0.05383806441023564,0.0
28,222.0,0.04437348896730975,0.0
29,222.0,0.06389331518410257,0.0
30,222.0,0.2239599062247989,0.0
31,222.0,0.3497494953584961,0.0
32,222.0,0.0,0.0
33,222.0,0.13000697598409128,0.0
34,222.0,0.14006996845928066,0.0
35,222.0,0.0,0.0
36,222.0,0.0,0.0
37,222.0,0.0,0.0
38,222.0,0.12628793393086324,0.0
39,222.0,0.010369671331912356,0.0
40,222.0,0.10541602620443635,0.0
41,222.0,0.0,0.0
42,222.0,0.10581062449360712,0.0
43,222.0,0.0,0.0
44,222.0,0.2522606221130319,0.0
45,222.0,0.0,0.0
46,222.0,0.01412619288212058,0.0
47,222.0,0.0,0.0
48,222.0,0.0,0.0
49,222.0,0.0,0.0
50,222.0,0.19191320929521838,0.0
1,223.0,0.005876156868803273,0.0
2,223.0,0.11088405028613069,0.0
3,223.0,0.011909528055867757,0.0
4,223.0,0.0,0.0
5,223.0,0.030093789020452788,0.0
6,223.0,0.0,0.0
7,223.0,0.07799716323059647,0.0
8,223.0,0.0,0.0
9,223.0,0.0,0.0
10,223.0,0.0,0.0
11,223.0,0.10031206757796463,0.0
12,223.0,0.0,0.0
13,223.0,0.03258389859209054,0.0
14,223.0,0.18228732788965507,0.0
15,223.0,0.1644042566558177,0.0
16,223.0,0.0,0.0
17,223.0,0.001789282530694103,0.0
18,223.0,0.11390361535815263,0.0
19,223.0,0.09531900845889751,0.0
20,223.0,0.10629894701371723,0.0
21,223.0,0.13787717367120833,0.0
22,223.0,0.0,0.0
23,223.0,0.130256130994011,0.0
24,223.0,0.0,0.0
25,223.0,0.0,0.0
26,223.0,0.16124528714204978,0.0
27,223.0,0.08665792189664223,0.0
28,223.0,0.22860241315905594,0.0
29,223.0,0.05514727704415612,0.0
30,223.0,0.4420806599519578,0.0
31,223.0,0.08555219877282838,0.0
32,223.0,0.13083324932453844,0.0
33,223.0,0.0,0.0
34,223.0,0.0,0.0
35,223.0,0.08050056409725803,0.0
36,223.0,0.057072801700083886,0.0
37,223.0,0.28000992658484547,0.0
38,223.0,0.0,0.0
39,223.0,0.05771629073470386,0.0
40,223.0,0.03498775492402406,0.0
41,223.0,0.07249926699336884,0.0
42,223.0,0.12090775886004401,0.0
43,223.0,0.28936962266123056,0.0
44,223.0,0.0,0.0
45,223.0,0.10272604615961911,0.0
46,223.0,0.16632216161586222,0.0
47,223.0,0.04823780195181393,0.0
48,223.0,0.0,0.0
49,223.0,0.12432342770627813,0.0
50,223.0,0.07793217356542981,0.0
1,224.0,0.0,0.0
2,224.0,0.0,0.0
3,224.0,0.0,0.0
4,224.0,0.0,0.0
5,224.0,0.0,0.0
6,224.0,0.10642078503069385,0.0
7,224.0,0.0,0.0
8,224.0,0.0,0.0
9,224.0,0.3721113001883506,0.0
10,224.0,0.0,0.0
11,224.0,0.08687007570672456,0.0
12,224.0,0.0,0.0
13,224.0,0.09998404597475463,0.0
14,224.0,0.0,0.0
15,224.0,0.15266291680738064,0.0
16,224.0,0.0,0.0
17,224.0,0.0,0.0
18,224.0,0.0,0.0
19,224.0,0.10243000378881872,0.0
20,224.0,0.0,0.0
21,224.0,0.20365346662726302,0.0
22,224.0,0.0,0.0
23,224.0,0.0,0.0
24,224.0,0.0,0.0
25,224.0,0.0,0.0
26,224.0,0.11197935035918849,0.0
27,224.0,0.0,0.0
28,224.0,0.10163565051858292,0.0
29,224.0,0.20604194510954554,0.0
30,224.0,0.0,0.0
31,224.0,0.19046655815459657,0.0
32,224.0,0.1765533146988031,0.0
33,224.0,0.0,0.0
34,224.0,0.37939224575317354,0.0
35,224.0,0.15243854672300472,0.0
36,224.0,0.18789857632067308,0.0
37,224.0,0.0,0.0
38,224.0,0.016641129266566912,0.0
39,224.0,0.0,0.0
40,224.0,0.0,0.0
41,224.0,0.17828807110360023,0.0
42,224.0,0.0,0.0
43,224.0,0.0,0.0
44,224.0,0.0,0.0
45,224.0,0.0,0.0
46,224.0,0.0,0.0
47,224.0,0.0,0.0
48,224.0,0.0,0.0
49,224.0,0.0,0.0
50,224.0,0.0,0.0
1,225.0,0.0,0.0
2,225.0,0.0,0.0
3,225.0,0.2000704124962156,0.0
4,225.0,0.1243193523119126,0.0
5,225.0,0.0,0.0
6,225.0,0.0,0.0
7,225.0,0.08807602702901973,0.0
8,225.0,0.14642670982251016,0.0
9,225.0,0.18148802645564144,0.0
10,225.0,0.0,0.0
11,225.0,0.0761245793484403,0.0
12,225.0,0.07840166025685369,0.0
13,225.0,0.0,0.0
14,225.0,0.2809919344430911,0.0
15,225.0,0.0,0.0
16,225.0,0.046141342475934266,0.0
17,225.0,0.0,0.0
18,225.0,0.0443572447052587,0.0
19,225.0,0.0,0.0
20,225.0,0.0,0.0
21,225.0,0.0,0.0
22,225.0,0.0,0.0
23,225.0,0.15540203321740098,0.0
24,225.0,0.0,0.0
25,225.0,0.0,0.0
26,225.0,0.1657225060254336,0.0
27,225.0,0.029916294207679828,0.0
28,225.0,0.04242123557068089,0.0
29,225.0,0.0,0.0
30,225.0,0.0,0.0
31,225.0,0.08690158944697512,0.0
32,225.0,0.0,0.0
33,225.0,0.17182295601210307,0.0
34,225.0,0.0,0.0
35,225.0,0.21074158701963597,0.0
36,225.0,0.06895768974800442,0.0
37,225.0,0.0,0.0
38,225.0,0.0,0.0
39,225.0,0.0,0.0
40,225.0,0.0,0.0
41,225.0,0.0,0.0
42,225.0,0.0,0.0
43,225.0,0.0,0.0
44,225.0,0.07153258257436879,0.0
45,225.0,0.0,0.0
46,225.0,0.2867837611436165,0.0
47,225.0,0.0,0.0
48,225.0,0.08666036063501203,0.0
49,225.0,0.0,0.0
50,225.0,0.3672287510435761,0.0
1,226.0,0.0,0.0
2,226.0,0.267083501337542,0.0
3,226.0,0.02319729350476596,0.0
4,226.0,0.0,0.0
5,226.0,0.0009093165795496239,0.0
6,226.0,0.0,0.0
7,226.0,0.0,0.0
8,226.0,0.0,0.0
9,226.0,0.29420651431401124,0.0
10,226.0,0.0,0.0
11,226.0,0.0,0.0
12,226.0,0.0,0.0
13,226.0,0.07340700961234214,0.0
14,226.0,0.0,0.0
15,226.0,0.0,0.0
16,226.0,0.0,0.0
17,226.0,0.028800563524543965,0.0
18,226.0,0.1273146309655877,0.0
19,226.0,0.1722550909878554,0.0
20,226.0,0.07353267220037629,0.0
21,226.0,0.0,0.0
22,226.0,0.14119783309151024,0.0
23,226.0,0.0,0.0
24,226.0,0.0,0.0
25,226.0,0.0,0.0
26,226.0,0.07284079313339142,0.0
27,226.0,0.0,0.0
28,226.0,0.0,0.0
29,226.0,0.09152778157858577,0.0
30,226.0,0.0,0.0
31,226.0,0.0,0.0
32,226.0,0.0,0.0
33,226.0,0.08846606312652183,0.0
34,226.0,0.0,0.0
35,226.0,0.31344720730114994,0.0
36,226.0,0.055895782308966524,0.0
37,226.0,0.0,0.0
38,226.0,0.0,0.0
39,226.0,0.10104615832421138,0.0
40,226.0,0.026840662013973615,0.0
41,226.0,0.0,0.0
42,226.0,0.039038225819493455,0.0
43,226.0,0.1038468162701136,0.0
44,226.0,0.0,0.0
45,226.0,0.04477974802596574,0.0
46,226.0,0.22996945928916712,0.0
47,226.0,0.13342433455671932,0.0
48,226.0,0.0,0.0
49,226.0,0.0,0.0
50,226.0,0.0,0.0
1,227.0,0.0,0.0
2,227.0,0.15189694940403708,0.0
3,227.0,0.19467573972807817,0.0
4,227.0,0.0,0.0
5,227.0,0.0,0.0
6,227.0,0.0,0.0
7,227.0,0.0,0.0
8,227.0,0.17482726750612387,0.0
9,227.0,0.0,0.0
10,227.0,0.44615157768560276,0.0
11,227.0,0.3199976837991494,0.0
12,227.0,0.0,0.0
13,227.0,0.0,0.0
14,227.0,0.0,0.0
15,227.0,0.16262524359101416,0.0
16,227.0,0.0,0.0
17,227.0,0.0,0.0
18,227.0,0.08789180373002314,0.0
19,227.0,0.34067595372848825,0.0
20,227.0,0.0011422514943746354,0.0
21,227.0,0.0326964821965271,0.0
22,227.0,0.0,0.0
23,227.0,0.0,0.0
24,227.0,0.04317684428442703,0.0
25,227.0,0.0,0.0
26,227.0,0.24979292618995963,0.0
27,227.0,0.0,0.0
28,227.0,0.06288022431626972,0.0
29,227.0,0.040780105195959204,0.0
30,227.0,0.27139804276356394,0.0
31,227.0,0.04160957165633239,0.0
32,227.0,0.10612853286150359,0.0
33,227.0,0.21345223607029018,0.0
34,227.0,0.0,0.0
35,227.0,0.1668771097880295,0.0
36,227.0,0.013162773268569294,0.0
37,227.0,0.0,0.0
38,227.0,0.0,0.0
39,227.0,0.0,0.0
40,227.0,0.14303602283372674,0.0
41,227.0,0.054179696765566,0.0
42,227.0,0.0,0.0
43,227.0,0.0,0.0
44,227.0,0.0,0.0
45,227.0,0.11068906067638684,0.0
46,227.0,0.015020958455613131,0.0
47,227.0,0.05478718201775601,0.0
48,227.0,0.0,0.0
49,227.0,0.009149800443950862,0.0
50,227.0,0.0,0.0
1,228.0,0.0,0.0
2,228.0,0.0,0.0
3,228.0,0.0,0.0
4,228.0,0.05525316131442182,0.0
5,228.0,0.0,0.0
6,228.0,0.0,0.0
7,228.0,0.03174527654428083,0.0
8,228.0,0.23345857858120156,0.0
9,228.0,0.1759263091768375,0.0
10,228.0,0.16571380533768976,0.0
11,228.0,0.0,0.0
12,228.0,0.0,0.0
13,228.0,0.555143832885957,0.0
14,228.0,0.0,0.0
15,228.0,0.0,0.0
16,228.0,0.0,0.0
17,228.0,0.0,0.0
18,228.0,0.0,0.0
19,228.0,0.0,0.0
20,228.0,0.0009611961165620908,0.0
21,228.0,0.0,0.0
22,228.0,0.15371105340172608,0.0
23,228.0,0.11150478238679662,0.0
24,228.0,0.0,0.0
25,228.0,0.21594048605881566,0.0
26,228.0,0.0,0.0
27,228.0,0.0,0.0
28,228.0,0.0,0.0
29,228.0,0.27012392535348084,0.0
30,228.0,0.0,0.0
31,228.0,0.0,0.0
32,228.0,0.0,0.0
33,228.0,0.0,0.0
34,228.0,0.08020855705760943,0.0
35,228.0,0.0,0.0
36,228.0,0.0,0.0
37,228.0,0.0,0.0
38,228.0,0.20552280006274004,0.0
39,228.0,0.0021837258828626416,0.0
40,228.0,0.0,0.0
41,228.0,0.0,0.0
42,228.0,0.2091796924716861,0.0
43,228.0,0.0,0.0
44,228.0,0.015210997787353242,0.0
45,228.0,0.08929880049676331,0.0
46,228.0,0.0,0.0
47,228.0,0.25877437374557133,0.0
48,228.0,0.2993549273327385,0.0
49,228.0,0.03356477006886127,0.0
50,228.0,0.0,0.0
1,229.0,0.0,0.0
2,229.0,0.0,0.0
3,229.0,0.0,0.0
4,229.0,0.0,0.0
5,229.0,0.0,0.0
6,229.0,0.0,0.0
7,229.0,0.0,0.0
8,229.0,0.15589130665717732,0.0
9,229.0,0.1900279605439894,0.0
10,229.0,0.0011412556559917686,0.0
11,229.0,0.2062860472335163,0.0
12,229.0,0.0064293976928077035,0.0
13,229.0,0.0719774344208769,0.0
14,229.0,0.19377601541158762,0.0
15,229.0,0.1711908596610915,0.0
16,229.0,0.0,0.0
17,229.0,0.0,0.0
18,229.0,0.0,0.0
19,229.0,0.0,0.0
20,229.0,0.01978669715959258,0.0
21,229.0,0.09947446090527967,0.0
22,229.0,0.005086978732656844,0.0
23,229.0,0.0,0.0
24,229.0,0.19352947109557284,0.0
25,229.0,0.0,0.0
26,229.0,0.0,0.0
27,229.0,0.02089828421296902,0.0
28,229.0,0.0,0.0
29,229.0,0.01740828706325348,0.0
30,229.0,0.0,0.0
31,229.0,0.14058194787170453,0.0
32,229.0,0.09562673054116688,0.0
33,229.0,0.0728719933799562,0.0
34,229.0,0.0,0.0
35,229.0,0.027334702600630756,0.0
36,229.0,0.0,0.0
37,229.0,0.13410129462505005,0.0
38,229.0,0.08719118081228128,0.0
39,229.0,0.0,0.0
40,229.0,0.0,0.0
41,229.0,0.13114362529011747,0.0
42,229.0,0.1759393376456554,0.0
43,229.0,0.0,0.0
44,229.0,0.0,0.0
45,229.0,0.08715714841444044,0.0
46,229.0,0.15369399110383375,0.0
47,229.0,0.23331633558281417,0.0
48,229.0,0.21677162078145973,0.0
49,229.0,0.0,0.0
50,229.0,0.0,0.0
1,230.0,0.08958365890654141,0.0
2,230.0,0.1292086812835902,0.0
3,230.0,0.0,0.0
4,230.0,0.0,0.0
5,230.0,0.0,0.0
6,230.0,0.3347280042618822,0.0
7,230.0,0.0,0.0
8,230.0,0.0,0.0
9,230.0,0.0,0.0
10,230.0,0.0,0.0
11,230.0,0.0,0.0
12,230.0,0.0,0.0
13,230.0,0.11114007397198922,0.0
14,230.0,0.2252080012419072,0.0
15,230.0,0.017373535509907723,0.0
16,230.0,0.04857911346667976,0.0
17,230.0,0.15747708087741574,0.0
18,230.0,0.0,0.0
19,230.0,0.3296244516294359,0.0
20,230.0,0.0,0.0
21,230.0,0.0,0.0
22,230.0,0.15664031662363254,0.0
23,230.0,0.0,0.0
24,230.0,0.021351269453437127,0.0
25,230.0,0.0,0.0
26,230.0,0.045512332613375506,0.0
27,230.0,0.09793871574760737,0.0
28,230.0,0.09960968582105889,0.0
29,230.0,0.06597499522021444,0.0
30,230.0,0.33447210072911937,0.0
31,230.0,0.09043146340386832,0.0
32,230.0,0.0,0.0
33,230.0,0.031215226991012757,0.0
34,230.0,0.0165440970667865,0.0
35,230.0,0.12997914167108127,0.0
36,230.0,0.0,0.0
37,230.0,0.0,0.0
38,230.0,0.0,0.0
39,230.0,0.0,0.0
40,230.0,0.0,0.0
41,230.0,0.0,0.0
42,230.0,0.0,0.0
43,230.0,0.0,0.0
44,230.0,0.0,0.0
45,230.0,0.0,0.0
46,230.0,0.5160713133403618,0.0
47,230.0,0.035012628400297174,0.0
48,230.0,0.1247688991169923,0.0
49,230.0,0.0,0.0
50,230.0,0.0,0.0
1,231.0,0.0,0.0
2,231.0,0.0,0.0
3,231.0,0.01268827355325064,0.0
4,231.0,0.11601435064223276,0.0
5,231.0,0.04487734003857391,0.0
6,231.0,0.0,0.0
7,231.0,0.0,0.0
8,231.0,0.0,0.0
9,231.0,0.0,0.0
10,231.0,0.09681391971533027,0.0
11,231.0,0.005039265792756709,0.0
12,231.0,0.12941055986512562,0.0
13,231.0,0.11049819031235397,0.0
14,231.0,0.0,0.0
15,231.0,0.0,0.0
16,231.0,0.03209894384726508,0.0
17,231.0,0.06920501661957978,0.0
18,231.0,0.04001883598990619,0.0
19,231.0,0.0,0.0
20,231.0,0.0,0.0
21,231.0,0.03148675970689907,0.0
22,231.0,0.09828642076757499,0.0
23,231.0,0.30308214330029115,0.0
24,231.0,0.1560655103207771,0.0
25,231.0,0.0,0.0
26,231.0,0.0,0.0
27,231.0,0.1313406433284231,0.0
28,231.0,0.0,0.0
29,231.0,0.0,0.0
30,231.0,0.0,0.0
31,231.0,0.0,0.0
32,231.0,0.0,0.0
33,231.0,0.0,0.0
34,231.0,0.0,0.0
35,231.0,0.11151599453954353,0.0
36,231.0,0.039536234330275755,0.0
37,231.0,0.0,0.0
38,231.0,0.0,0.0
39,231.0,0.009283903338302202,0.0
40,231.0,0.3176589534806308,0.0
41,231.0,0.21176917282834395,0.0
42,231.0,0.035326556290004696,0.0
43,231.0,0.053447019638586335,0.0
44,231.0,0.019309076345517928,0.0
45,231.0,0.0,0.0
46,231.0,0.047874933042950873,0.0
47,231.0,0.056154195536087914,0.0
48,231.0,0.0,0.0
49,231.0,0.14720332910642775,0.0
50,231.0,0.14049488757151518,0.0
1,232.0,0.19874103924273656,0.0
2,232.0,0.19616745821902337,0.0
3,232.0,0.0,0.0
4,232.0,0.1277400441619756,0.0
5,232.0,0.0,0.0
6,232.0,0.06096384743748473,0.0
7,232.0,0.0,0.0
8,232.0,0.0,0.0
9,232.0,0.0,0.0
10,232.0,0.12808199443469348,0.0
11,232.0,0.15013525825790763,0.0
12,232.0,0.0,0.0
13,232.0,0.34384161139628955,0.0
14,232.0,0.057981380159923046,0.0
15,232.0,0.0,0.0
16,232.0,0.0,0.0
17,232.0,0.0013160285451846443,0.0
18,232.0,0.0,0.0
19,232.0,0.06697772243793731,0.0
20,232.0,0.0027439936070206006,0.0
21,232.0,0.0,0.0
22,232.0,0.0,0.0
23,232.0,0.12830922018326751,0.0
24,232.0,0.006766238144195302,0.0
25,232.0,0.0,0.0
26,232.0,0.0,0.0
27,232.0,0.0,0.0
28,232.0,0.0,0.0
29,232.0,0.12452502009587285,0.0
30,232.0,0.008622444473055157,0.0
31,232.0,0.06843403356079847,0.0
32,232.0,0.1872682042424234,0.0
33,232.0,0.02314451274777385,0.0
34,232.0,0.0,0.0
35,232.0,0.024256623457315274,0.0
36,232.0,0.0,0.0
37,232.0,0.015424505901579177,0.0
38,232.0,0.0,0.0
39,232.0,0.0,0.0
40,232.0,0.0,0.0
41,232.0,0.029890920551202016,0.0
42,232.0,0.0,0.0
43,232.0,0.0,0.0
44,232.0,0.0,0.0
45,232.0,0.0,0.0
46,232.0,0.027380940956102773,0.0
47,232.0,0.0,0.0
48,232.0,0.0,0.0
49,232.0,0.21074477811336512,0.0
50,232.0,0.46740552140924496,0.0
1,233.0,0.0,0.0
2,233.0,0.0,0.0
3,233.0,0.14173309109754684,0.0
4,233.0,0.014084898296378268,0.0
5,233.0,0.01186767154989421,0.0
6,233.0,0.004185849430631494,0.0
7,233.0,0.0,0.0
8,233.0,0.0,0.0
9,233.0,0.0,0.0
10,233.0,0.05172078664847157,0.0
11,233.0,0.0,0.0
12,233.0,0.1284271191289318,0.0
13,233.0,0.11476065959795023,0.0
14,233.0,0.0,0.0
15,233.0,0.0,0.0
16,233.0,0.0,0.0
17,233.0,0.025622475300475567,0.0
18,233.0,0.0,0.0
19,233.0,0.06456838722503133,0.0
20,233.0,0.0,0.0
21,233.0,0.07126915865192218,0.0
22,233.0,0.0,0.0
23,233.0,0.0,0.0
24,233.0,0.0,0.0
25,233.0,0.14130760427194744,0.0
26,233.0,0.10786781460785844,0.0
27,233.0,0.0,0.0
28,233.0,0.07518283287408989,0.0
29,233.0,0.19318133551022165,0.0
30,233.0,0.22501235195732694,0.0
31,233.0,0.10471783357563758,0.0
32,233.0,0.10583907822456862,0.0
33,233.0,0.0,0.0
34,233.0,0.24315698824411835,0.0
35,233.0,0.055977152692854415,0.0
36,233.0,0.15927419914328556,0.0
37,233.0,0.3581778300270577,0.0
38,233.0,0.0,0.0
39,233.0,0.0,0.0
40,233.0,0.0,0.0
41,233.0,0.0,0.0
42,233.0,0.0,0.0
43,233.0,0.0,0.0
44,233.0,0.16403088553214118,0.0
45,233.0,0.04187707836927479,0.0
46,233.0,0.0,0.0
47,233.0,0.06413847191576982,0.0
48,233.0,0.013666231745067314,0.0
49,233.0,0.0,0.0
50,233.0,0.3526275235642945,0.0
1,234.0,0.07049318694072348,0.0
2,234.0,0.18295795930895453,0.0
3,234.0,0.19025491567325492,0.0
4,234.0,0.0,0.0
5,234.0,0.0,0.0
6,234.0,0.32585669902682923,0.0
7,234.0,0.0,0.0
8,234.0,0.0,0.0
9,234.0,0.06195894462857254,0.0
10,234.0,0.0,0.0
11,234.0,0.13879638296147878,0.0
12,234.0,0.0,0.0
13,234.0,0.2983176163238507,0.0
14,234.0,0.0,0.0
15,234.0,0.18228185452109835,0.0
16,234.0,0.0,0.0
17,234.0,0.16828731729132917,0.0
18,234.0,0.07854079684063897,0.0
19,234.0,0.04762166032837656,0.0
20,234.0,0.00038941508799561486,0.0
21,234.0,0.02302786339403351,0.0
22,234.0,0.0,0.0
23,234.0,0.0,0.0
24,234.0,0.38703432523766923,0.0
25,234.0,0.0027392378600898937,0.0
26,234.0,0.0,0.0
27,234.0,0.0,0.0
28,234.0,0.0,0.0
29,234.0,0.0,0.0
30,234.0,0.2842492598114278,0.0
31,234.0,0.43677358919071707,0.0
32,234.0,0.06862978575113676,0.0
33,234.0,0.0,0.0
34,234.0,0.10698050533171999,0.0
35,234.0,0.0,0.0
36,234.0,0.16265540178026527,0.0
37,234.0,0.07080758637523821,0.0
38,234.0,0.0,0.0
39,234.0,0.0,0.0
40,234.0,0.376845174549457,0.0
41,234.0,0.0,0.0
42,234.0,0.2150937492954874,0.0
43,234.0,0.0,0.0
44,234.0,0.0,0.0
45,234.0,0.1622001641541737,0.0
46,234.0,0.0,0.0
47,234.0,0.0,0.0
48,234.0,0.10454222675273506,0.0
49,234.0,0.007352946463966115,0.0
50,234.0,0.039945803006085634,0.0
1,235.0,0.21826032102491355,0.0
2,235.0,0.37677281977452803,0.0
3,235.0,0.23068781322904897,0.0
4,235.0,0.0,0.0
5,235.0,0.0,0.0
6,235.0,0.2178268513583702,0.0
7,235.0,0.14494103329929964,0.0
8,235.0,0.24231869596601874,0.0
9,235.0,0.003135742410439124,0.0
10,235.0,0.21506665519158474,0.0
11,235.0,0.0,0.0
12,235.0,0.0,0.0
13,235.0,0.0,0.0
14,235.0,0.0,0.0
15,235.0,0.21912273282449746,0.0
16,235.0,0.0,0.0
17,235.0,0.14090394017203622,0.0
18,235.0,0.0,0.0
19,235.0,0.1389035205157596,0.0
20,235.0,0.25672624699935653,0.0
21,235.0,0.0,0.0
22,235.0,0.0,0.0
23,235.0,0.0,0.0
24,235.0,0.03945193488379717,0.0
25,235.0,0.10694938870059212,0.0
26,235.0,0.0,0.0
27,235.0,0.0,0.0
28,235.0,0.0,0.0
29,235.0,0.0,0.0
30,235.0,0.2625762029854857,0.0
31,235.0,0.06125488588294836,0.0
32,235.0,0.3214059785069878,0.0
33,235.0,0.0,0.0
34,235.0,0.0,0.0
35,235.0,0.09515605156782825,0.0
36,235.0,0.0,0.0
37,235.0,0.0,0.0
38,235.0,0.0,0.0
39,235.0,0.0,0.0
40,235.0,0.015201067836758453,0.0
41,235.0,0.0,0.0
42,235.0,0.09017862984131331,0.0
43,235.0,0.17575104587514934,0.0
44,235.0,0.0,0.0
45,235.0,0.028186395239151674,0.0
46,235.0,0.13128427753106897,0.0
47,235.0,0.20715353600558384,0.0
48,235.0,0.0,0.0
49,235.0,0.0,0.0
50,235.0,0.0,0.0
1,236.0,0.18706655413660755,0.0
2,236.0,0.13944150712523795,0.0
3,236.0,0.0,0.0
4,236.0,0.03792968667907437,0.0
5,236.0,0.1966077887119736,0.0
6,236.0,0.0,0.0
7,236.0,0.10433900098901994,0.0
8,236.0,0.0,0.0
9,236.0,0.0,0.0
10,236.0,0.5049821134089951,0.0
11,236.0,0.21469596411968084,0.0
12,236.0,0.0,0.0
13,236.0,0.08904187098566896,0.0
14,236.0,0.0,0.0
15,236.0,0.0,0.0
16,236.0,0.0,0.0
17,236.0,0.0,0.0
18,236.0,0.0,0.0
19,236.0,0.0,0.0
20,236.0,0.0,0.0
21,236.0,0.0,0.0
22,236.0,0.05280715975853034,0.0
23,236.0,0.22467696227212064,0.0
24,236.0,0.0,0.0
25,236.0,0.060332051250268304,0.0
26,236.0,0.04646836247910313,0.0
27,236.0,0.0,0.0
28,236.0,0.33509275217511203,0.0
29,236.0,0.008802639835557402,0.0
30,236.0,0.0,0.0
31,236.0,0.0,0.0
32,236.0,0.0,0.0
33,236.0,0.034555574918472276,0.0
34,236.0,0.0,0.0
35,236.0,0.0,0.0
36,236.0,0.2747211286319362,0.0
37,236.0,0.0,0.0
38,236.0,0.0,0.0
39,236.0,0.0,0.0
40,236.0,0.0,0.0
41,236.0,0.15285660197769713,0.0
42,236.0,0.0,0.0
43,236.0,0.029767300927109552,0.0
44,236.0,0.0,0.0
45,236.0,0.0289486504031663,0.0
46,236.0,0.0,0.0
47,236.0,0.16138051351569294,0.0
48,236.0,0.0,0.0
49,236.0,0.3993296411868692,0.0
50,236.0,0.0,0.0
1,237.0,0.08829596381216465,0.0
2,237.0,0.17569536517225037,0.0
3,237.0,0.041144812668745145,0.0
4,237.0,0.0,0.0
5,237.0,0.03600735074385242,0.0
6,237.0,0.17000321914099603,0.0
7,237.0,0.21984153047745492,0.0
8,237.0,0.0,0.0
9,237.0,0.0,0.0
10,237.0,0.14553954611330266,0.0
11,237.0,0.0922237006439236,0.0
12,237.0,0.1430559902276196,0.0
13,237.0,0.03117611035272938,0.0
14,237.0,0.0,0.0
15,237.0,0.04940534268672314,0.0
16,237.0,0.0,0.0
17,237.0,0.0,0.0
18,237.0,0.1007034688328774,0.0
19,237.0,0.04224056778872187,0.0
20,237.0,0.0,0.0
21,237.0,0.38122420782905597,0.0
22,237.0,0.3609815924758366,0.0
23,237.0,0.02731230695663389,0.0
24,237.0,0.1772762314980889,0.0
25,237.0,0.0,0.0
26,237.0,0.0,0.0
27,237.0,0.10510830975768137,0.0
28,237.0,0.2691483187222802,0.0
29,237.0,0.0,0.0
30,237.0,0.023827297503449585,0.0
31,237.0,0.11865920880299707,0.0
32,237.0,0.0,0.0
33,237.0,0.0,0.0
34,237.0,0.0,0.0
35,237.0,0.0,0.0
36,237.0,0.011290113291385184,0.0
37,237.0,0.0,0.0
38,237.0,0.11243108950778935,0.0
39,237.0,0.0,0.0
40,237.0,0.0,0.0
41,237.0,0.09104509620883194,0.0
42,237.0,0.0,0.0
43,237.0,0.0,0.0
44,237.0,0.06551397746877197,0.0
45,237.0,0.0,0.0
46,237.0,0.4346375086456812,0.0
47,237.0,0.0,0.0
48,237.0,0.06964518597410896,0.0
49,237.0,0.0,0.0
50,237.0,0.0,0.0
1,238.0,0.0,0.0
2,238.0,0.07705998253202129,0.0
3,238.0,0.1955676544176027,0.0
4,238.0,0.0,0.0
5,238.0,0.03490444469706422,0.0
6,238.0,0.21326812867842937,0.0
7,238.0,0.041886525098293714,0.0
8,238.0,0.0,0.0
9,238.0,0.0,0.0
10,238.0,0.0,0.0
11,238.0,0.12032825181694973,0.0
12,238.0,0.2425377014226494,0.0
13,238.0,0.039236939781954194,0.0
14,238.0,0.2531009754067277,0.0
15,238.0,0.42277878659438994,0.0
16,238.0,0.0,0.0
17,238.0,0.0,0.0
18,238.0,0.0,0.0
19,238.0,0.07391503705736924,0.0
20,238.0,0.0,0.0
21,238.0,0.1222696760583869,0.0
22,238.0,0.1496770506649301,0.0
23,238.0,0.0,0.0
24,238.0,0.0,0.0
25,238.0,0.0,0.0
26,238.0,0.07396815668743895,0.0
27,238.0,0.0,0.0
28,238.0,0.3012890056888209,0.0
29,238.0,0.0,0.0
30,238.0,0.0,0.0
31,238.0,0.010137673294224547,0.0
32,238.0,0.3141390212353061,0.0
33,238.0,0.18849787325056677,0.0
34,238.0,0.0,0.0
35,238.0,0.21840599593326593,0.0
36,238.0,0.06008669646243281,0.0
37,238.0,0.0,0.0
38,238.0,0.0,0.0
39,238.0,0.14804851273953856,0.0
40,238.0,0.0,0.0
41,238.0,0.02632335772003036,0.0
42,238.0,0.0,0.0
43,238.0,0.168553649477846,0.0
44,238.0,0.05095352805394726,0.0
45,238.0,0.047034558303783,0.0
46,238.0,0.13589864420377906,0.0
47,238.0,0.007954968050527755,0.0
48,238.0,0.0,0.0
49,238.0,0.22091182254611075,0.0
50,238.0,0.0,0.0
1,239.0,0.0,0.0
2,239.0,0.0651992406376064,0.0
3,239.0,0.13267481346413268,0.0
4,239.0,0.0,0.0
5,239.0,0.0,0.0
6,239.0,0.023197198627967985,0.0
7,239.0,0.0,0.0
8,239.0,0.4612374451458,0.0
9,239.0,0.18109503156314732,0.0
10,239.0,0.11030329754790491,0.0
11,239.0,0.11649140547540515,0.0
12,239.0,0.013071756082840724,0.0
13,239.0,0.18305984383413543,0.0
14,239.0,0.0,0.0
15,239.0,0.12982530933408676,0.0
16,239.0,0.06920103064761896,0.0
17,239.0,0.0,0.0
18,239.0,0.009973792425807204,0.0
19,239.0,0.0,0.0
20,239.0,0.0,0.0
21,239.0,0.20821522577634743,0.0
22,239.0,0.0,0.0
23,239.0,0.0,0.0
24,239.0,0.0,0.0
25,239.0,0.0,0.0
26,239.0,0.0,0.0
27,239.0,0.0,0.0
28,239.0,0.23848648597145716,0.0
29,239.0,0.47101801378328834,0.0
30,239.0,0.0,0.0
31,239.0,0.22779572694470018,0.0
32,239.0,0.09543232735891327,0.0
33,239.0,0.0,0.0
34,239.0,0.0,0.0
35,239.0,0.0,0.0
36,239.0,0.269113199931061,0.0
37,239.0,0.2225035593643565,0.0
38,239.0,0.0,0.0
39,239.0,0.0,0.0
40,239.0,0.11790682941476827,0.0
41,239.0,0.0,0.0
42,239.0,0.0,0.0
43,239.0,0.0,0.0
44,239.0,0.0,0.0
45,239.0,0.08316394250739512,0.0
46,239.0,0.04695111311370326,0.0
47,239.0,0.22038175769164714,0.0
48,239.0,0.10232933930326071,0.0
49,239.0,0.15836997125148333,0.0
50,239.0,0.0,0.0
1,240.0,0.0,0.0
2,240.0,0.20789274491632292,0.0
3,240.0,0.0,0.0
4,240.0,0.038490701648339676,0.0
5,240.0,0.04520722725521764,0.0
6,240.0,0.0,0.0
7,240.0,0.0,0.0
8,240.0,0.0,0.0
9,240.0,0.22967581302244755,0.0
10,240.0,0.0,0.0
11,240.0,0.0,0.0
12,240.0,0.2560921608250897,0.0
13,240.0,0.0,0.0
14,240.0,0.0,0.0
15,240.0,0.29579673776123006,0.0
16,240.0,0.0,0.0
17,240.0,0.0,0.0
18,240.0,0.0925484290596208,0.0
19,240.0,0.1250597057490298,0.0
20,240.0,0.04112008103825571,0.0
21,240.0,0.007175672787438581,0.0
22,240.0,0.2212817319326934,0.0
23,240.0,0.0,0.0
24,240.0,0.09046111418486802,0.0
25,240.0,0.31178994871474386,0.0
26,240.0,0.015309748036313908,0.0
27,240.0,0.1267861856237491,0.0
28,240.0,0.0,0.0
29,240.0,0.09013142547560116,0.0
30,240.0,0.0,0.0
31,240.0,0.0012738441439529291,0.0
32,240.0,0.0665421119754599,0.0
33,240.0,0.0057967943576191505,0.0
34,240.0,0.0,0.0
35,240.0,0.028448176865121244,0.0
36,240.0,0.0225604237165562,0.0
37,240.0,0.0,0.0
38,240.0,0.09535000290415263,0.0
39,240.0,0.0,0.0
40,240.0,0.0,0.0
41,240.0,0.22147788664640555,0.0
42,240.0,0.0,0.0
43,240.0,0.11769263711756484,0.0
44,240.0,0.0,0.0
45,240.0,0.06356899556557916,0.0
46,240.0,0.14725844344910355,0.0
47,240.0,0.0,0.0
48,240.0,0.06448961628908523,0.0
49,240.0,0.4130119548454584,0.0
50,240.0,0.0,0.0
1,241.0,0.0,0.0
2,241.0,0.0,0.0
3,241.0,0.1415796828034397,0.0
4,241.0,0.0,0.0
5,241.0,0.0,0.0
6,241.0,0.0,0.0
7,241.0,0.11897583939295242,0.0
8,241.0,0.13151563181563242,0.0
9,241.0,0.0,0.0
10,241.0,0.15317065895946314,0.0
11,241.0,0.0,0.0
12,241.0,0.17023147400554195,0.0
13,241.0,0.15654249801990372,0.0
14,241.0,0.14349825593368493,0.0
15,241.0,0.04637991324499591,0.0
16,241.0,0.3857063981812593,0.0
17,241.0,0.0,0.0
18,241.0,0.0,0.0
19,241.0,0.23746449495081534,0.0
20,241.0,0.082007789011313,0.0
21,241.0,0.17226023017976566,0.0
22,241.0,0.0,0.0
23,241.0,0.0,0.0
24,241.0,0.0,0.0
25,241.0,0.09773671601232514,0.0
26,241.0,0.0,0.0
27,241.0,0.0,0.0
28,241.0,0.014373448922817778,0.0
29,241.0,0.0,0.0
30,241.0,0.0,0.0
31,241.0,0.10412605131623065,0.0
32,241.0,0.06286903319992487,0.0
33,241.0,0.31408007861719467,0.0
34,241.0,0.0,0.0
35,241.0,0.0,0.0
36,241.0,0.0,0.0
37,241.0,0.0,0.0
38,241.0,0.0,0.0
39,241.0,0.21102064539877363,0.0
40,241.0,0.07336402091797278,0.0
41,241.0,0.0,0.0
42,241.0,0.09340822594344322,0.0
43,241.0,0.0,0.0
44,241.0,0.17736476763771158,0.0
45,241.0,0.017317487805572518,0.0
46,241.0,0.0,0.0
47,241.0,0.4076347799891855,0.0
48,241.0,0.12176163050734956,0.0
49,241.0,0.02027852074622538,0.0
50,241.0,0.0,0.0
1,242.0,0.0,0.0
2,242.0,0.0,0.0
3,242.0,0.0,0.0
4,242.0,0.0,0.0
5,242.0,0.0,0.0
6,242.0,0.042659950136764935,0.0
7,242.0,0.087023372275854,0.0
8,242.0,0.015594945371797508,0.0
9,242.0,0.37849408913533356,0.0
10,242.0,0.049025011986023936,0.0
11,242.0,0.15028956299552332,0.0
12,242.0,0.0,0.0
13,242.0,0.15633460383403863,0.0
14,242.0,0.17962663685068248,0.0
15,242.0,0.0,0.0
16,242.0,0.04055589760041578,0.0
17,242.0,0.0,0.0
18,242.0,0.0,0.0
19,242.0,0.22477192397758927,0.0
20,242.0,0.0,0.0
21,242.0,0.11335320732384735,0.0
22,242.0,0.06839917649192817,0.0
23,242.0,0.060956046811493136,0.0
24,242.0,0.1512876083571767,0.0
25,242.0,0.0,0.0
26,242.0,0.0,0.0
27,242.0,0.0,0.0
28,242.0,0.07212168398986862,0.0
29,242.0,0.38318037030884533,0.0
30,242.0,0.05516632597450022,0.0
31,242.0,0.0,0.0
32,242.0,0.2370360118007031,0.0
33,242.0,0.0,0.0
34,242.0,0.0,0.0
35,242.0,0.0,0.0
36,242.0,0.0,0.0
37,242.0,0.0,0.0
38,242.0,0.0,0.0
39,242.0,0.1341614405931909,0.0
40,242.0,0.2749935809215063,0.0
41,242.0,0.0,0.0
42,242.0,0.04902233247103305,0.0
43,242.0,0.0,0.0
44,242.0,0.23385947713826327,0.0
45,242.0,0.1731048756867165,0.0
46,242.0,0.1398767313662852,0.0
47,242.0,0.06187974202355351,0.0
48,242.0,0.4319960781951544,0.0
49,242.0,0.0,0.0
50,242.0,0.04968648248266039,0.0
1,243.0,0.11915622202543874,0.0
2,243.0,0.0,0.0
3,243.0,0.27265152268652226,0.0
4,243.0,0.10748926821701166,0.0
5,243.0,0.03950223347494486,0.0
6,243.0,0.0,0.0
7,243.0,0.23922980009852124,0.0
8,243.0,0.20862711148402757,0.0
9,243.0,0.0,0.0
10,243.0,0.18801069170784956,0.0
11,243.0,0.0,0.0
12,243.0,0.008562681857307908,0.0
13,243.0,0.0,0.0
14,243.0,0.06580105470428632,0.0
15,243.0,0.0,0.0
16,243.0,0.05944123852843608,0.0
17,243.0,0.0,0.0
18,243.0,0.0,0.0
19,243.0,0.0,0.0
20,243.0,0.0,0.0
21,243.0,0.16413916602337886,0.0
22,243.0,0.0,0.0
23,243.0,0.0,0.0
24,243.0,0.0,0.0
25,243.0,0.05347551961851493,0.0
26,243.0,0.0,0.0
27,243.0,0.0,0.0
28,243.0,0.0,0.0
29,243.0,0.029598330043101417,0.0
30,243.0,0.008214564810334224,0.0
31,243.0,0.049445861137843106,0.0
32,243.0,0.0,0.0
33,243.0,0.06686081380048292,0.0
34,243.0,0.047552777171068206,0.0
35,243.0,0.0,0.0
36,243.0,0.16498622869759283,0.0
37,243.0,0.07933588407703973,0.0
38,243.0,0.0,0.0
39,243.0,0.1705782977321647,0.0
40,243.0,0.0,0.0
41,243.0,0.01140584260748756,0.0
42,243.0,0.0908748820406412,0.0
43,243.0,0.0,0.0
44,243.0,0.0,0.0
45,243.0,0.0,0.0
46,243.0,0.27867656558904064,0.0
47,243.0,0.042369923097106965,0.0
48,243.0,0.0,0.0
49,243.0,0.1372993453462592,0.0
50,243.0,0.0,0.0
1,244.0,0.279077424145487,0.0
2,244.0,0.0,0.0
3,244.0,0.024574067268744892,0.0
4,244.0,0.48302777686511456,0.0
5,244.0,0.0,0.0
6,244.0,0.23455508294670635,0.0
7,244.0,0.0,0.0
8,244.0,0.0,0.0
9,244.0,0.08750738634253885,0.0
10,244.0,0.05135842389848089,0.0
11,244.0,0.0,0.0
12,244.0,0.16272769310007895,0.0
13,244.0,0.0,0.0
14,244.0,0.07698784607287468,0.0
15,244.0,0.0,0.0
16,244.0,0.20890622331428887,0.0
17,244.0,0.0,0.0
18,244.0,0.0,0.0
19,244.0,0.117010387683533,0.0
20,244.0,0.0,0.0
21,244.0,0.00017342217558413697,0.0
22,244.0,0.0,0.0
23,244.0,0.0,0.0
24,244.0,0.0,0.0
25,244.0,0.0,0.0
26,244.0,0.11205085697617667,0.0
27,244.0,0.06764568393755,0.0
28,244.0,0.0,0.0
29,244.0,0.10216836106476712,0.0
30,244.0,0.0,0.0
31,244.0,0.0,0.0
32,244.0,0.0,0.0
33,244.0,0.0,0.0
34,244.0,0.013891472810730332,0.0
35,244.0,0.06059954354081376,0.0
36,244.0,0.0,0.0
37,244.0,0.042029848031206685,0.0
38,244.0,0.0,0.0
39,244.0,0.039038882744183545,0.0
40,244.0,0.0,0.0
41,244.0,0.0,0.0
42,244.0,0.0,0.0
43,244.0,0.0,0.0
44,244.0,0.0,0.0
45,244.0,0.0,0.0
46,244.0,0.13201436812308753,0.0
47,244.0,0.0,0.0
48,244.0,0.04048070757442812,0.0
49,244.0,0.0,0.0
50,244.0,0.0,0.0
1,245.0,0.12413241409586029,0.0
2,245.0,0.0,0.0
3,245.0,0.04387795451203702,0.0
4,245.0,0.14967455602292745,0.0
5,245.0,0.0,0.0
6,245.0,0.0,0.0
7,245.0,0.30716286259925385,0.0
8,245.0,0.0,0.0
9,245.0,0.0,0.0
10,245.0,0.0,0.0
11,245.0,0.013161948160441805,0.0
12,245.0,0.0,0.0
13,245.0,0.0822935981939491,0.0
14,245.0,0.0,0.0
15,245.0,0.0,0.0
16,245.0,0.0,0.0
17,245.0,0.052998046153772904,0.0
18,245.0,0.0,0.0
19,245.0,0.0,0.0
20,245.0,0.0,0.0
21,245.0,0.0,0.0
22,245.0,0.07183414119907261,0.0
23,245.0,0.0,0.0
24,245.0,0.0,0.0
25,245.0,0.15759930582216797,0.0
26,245.0,0.0,0.0
27,245.0,0.0,0.0
28,245.0,0.0,0.0
29,245.0,0.0,0.0
30,245.0,0.0,0.0
31,245.0,0.09599291009413746,0.0
32,245.0,0.0,0.0
33,245.0,0.32982889699596984,0.0
34,245.0,0.0,0.0
35,245.0,0.1965292980877652,0.0
36,245.0,0.0,0.0
37,245.0,0.1547920162374138,0.0
38,245.0,0.07955088740549487,0.0
39,245.0,0.370449800213837,0.0
40,245.0,0.0,0.0
41,245.0,0.0,0.0
42,245.0,0.1781728948572533,0.0
43,245.0,0.0,0.0
44,245.0,0.1117168966773171,0.0
45,245.0,0.1491550739623041,0.0
46,245.0,0.07294631229847748,0.0
47,245.0,0.042888782898471756,0.0
48,245.0,0.1508118327355794,0.0
49,245.0,0.0,0.0
50,245.0,0.06983566624115001,0.0
1,246.0,0.044721038200120966,0.0
2,246.0,0.0,0.0
3,246.0,0.07341478141342472,0.0
4,246.0,0.07110917275970241,0.0
5,246.0,0.20214451124004007,0.0
6,246.0,0.0,0.0
7,246.0,0.006415209868791849,0.0
8,246.0,0.0,0.0
9,246.0,0.21050162693997032,0.0
10,246.0,0.19513650409727434,0.0
11,246.0,0.0,0.0
12,246.0,0.12121409387486048,0.0
13,246.0,0.0,0.0
14,246.0,0.0,0.0
15,246.0,0.0,0.0
16,246.0,0.0,0.0
17,246.0,0.0,0.0
18,246.0,0.0,0.0
19,246.0,0.13329862067231324,0.0
20,246.0,0.0,0.0
21,246.0,0.0,0.0
22,246.0,0.0,0.0
23,246.0,0.0,0.0
24,246.0,0.2674035191328962,0.0
25,246.0,0.056463805999871663,0.0
26,246.0,0.0,0.0
27,246.0,0.0,0.0
28,246.0,0.0,0.0
29,246.0,0.0,0.0
30,246.0,0.0,0.0
31,246.0,0.0,0.0
32,246.0,0.059794201182686635,0.0
33,246.0,0.25381818061872397,0.0
34,246.0,0.15022391207418406,0.0
35,246.0,0.012670543275244417,0.0
36,246.0,0.2428440748292784,0.0
37,246.0,0.3034560268714871,0.0
38,246.0,0.0,0.0
39,246.0,0.3690415200717869,0.0
40,246.0,0.0,0.0
41,246.0,0.3365960282935363,0.0
42,246.0,0.0,0.0
43,246.0,0.0,0.0
44,246.0,0.0,0.0
45,246.0,0.11873588211189745,0.0
46,246.0,0.0,0.0
47,246.0,0.0,0.0
48,246.0,0.11580864180308159,0.0
49,246.0,0.05065837745129953,0.0
50,246.0,0.0,0.0
1,247.0,0.5558787082104357,0.0
2,247.0,0.09567536190867143,0.0
3,247.0,0.14513033441324874,0.0
4,247.0,0.0,0.0
5,247.0,0.0,0.0
6,247.0,0.042176638192533256,0.0
7,247.0,0.22022833507587913,0.0
8,247.0,0.0,0.0
9,247.0,0.0,0.0
10,247.0,0.0,0.0
11,247.0,0.0,0.0
12,247.0,0.20790572354104464,0.0
13,247.0,0.0,0.0
14,247.0,0.0,0.0
15,247.0,0.19016374722302842,0.0
16,247.0,0.23443542082734858,0.0
17,247.0,0.07857947271982291,0.0
18,247.0,0.0,0.0
19,247.0,0.0,0.0
20,247.0,0.359171097733165,0.0
21,247.0,0.0,0.0
22,247.0,0.0,0.0
23,247.0,0.0,0.0
24,247.0,0.04110200593730873,0.0
25,247.0,0.07827916399834356,0.0
26,247.0,0.0,0.0
27,247.0,0.0,0.0
28,247.0,0.0,0.0
29,247.0,0.016194764263778194,0.0
30,247.0,0.1295235347870224,0.0
31,247.0,0.03474991031709673,0.0
32,247.0,0.0,0.0
33,247.0,0.08088166584228063,0.0
34,247.0,0.14977758452299705,0.0
35,247.0,0.04487421761922694,0.0
36,247.0,0.05590816087824424,0.0
37,247.0,0.08401126956316818,0.0
38,247.0,0.0,0.0
39,247.0,0.0,0.0
40,247.0,0.11054416335936945,0.0
41,247.0,0.0,0.0
42,247.0,0.07272991934865625,0.0
43,247.0,0.0,0.0
44,247.0,0.05658820433194567,0.0
45,247.0,0.153267107309763,0.0
46,247.0,0.06897836667863977,0.0
47,247.0,0.0,0.0
48,247.0,0.0,0.0
49,247.0,0.0,0.0
50,247.0,0.0,0.0
1,248.0,0.17815733926744737,0.0
2,248.0,0.0,0.0
3,248.0,0.0,0.0
4,248.0,0.19668229046494035,0.0
5,248.0,0.0,0.0
6,248.0,0.1378606971502463,0.0
7,248.0,0.074446896545735,0.0
8,248.0,0.0,0.0
9,248.0,0.0,0.0
10,248.0,0.0,0.0
11,248.0,0.0,0.0
12,248.0,0.1341919203182751,0.0
13,248.0,0.0,0.0
14,248.0,0.0,0.0
15,248.0,0.0,0.0
16,248.0,0.0,0.0
17,248.0,0.15277851379233787,0.0
18,248.0,0.11208018639104644,0.0
19,248.0,0.0,0.0
20,248.0,0.0,0.0
21,248.0,0.0,0.0
22,248.0,0.0,0.0
23,248.0,0.0,0.0
24,248.0,0.034794344586531745,0.0
25,248.0,0.03742289370359664,0.0
26,248.0,0.0,0.0
27,248.0,0.0,0.0
28,248.0,0.0,0.0
29,248.0,0.0,0.0
30,248.0,0.0,0.0
31,248.0,0.004950903856249855,0.0
32,248.0,0.0767821489197994,0.0
33,248.0,0.0,0.0
34,248.0,0.0,0.0
35,248.0,0.08266002033030073,0.0
36,248.0,0.10356642313447884,0.0
37,248.0,0.030552964482616463,0.0
38,248.0,0.0,0.0
39,248.0,0.06279246322303467,0.0
40,248.0,0.007468646761288333,0.0
41,248.0,0.2159438570574126,0.0
42,248.0,0.0,0.0
43,248.0,0.034008272906983605,0.0
44,248.0,0.13076049215275487,0.0
45,248.0,0.0,0.0
46,248.0,0.0,0.0
47,248.0,0.0,0.0
48,248.0,0.0,0.0
49,248.0,0.0,0.0
50,248.0,0.0,0.0
1,249.0,0.0,0.0
2,249.0,0.0,0.0
3,249.0,0.0,0.0
4,249.0,0.0,0.0
5,249.0,0.0,0.0
6,249.0,0.0,0.0
7,249.0,0.1401469481622326,0.0
8,249.0,0.012166381157701966,0.0
9,249.0,0.4761501130977165,0.0
10,249.0,0.0,0.0
11,249.0,0.09104480006955973,0.0
12,249.0,0.0,0.0
13,249.0,0.0,0.0
14,249.0,0.0,0.0
15,249.0,0.013475500740799173,0.0
16,249.0,0.0,0.0
17,249.0,0.12260410257318577,0.0
18,249.0,0.1884730482182274,0.0
19,249.0,0.0,0.0
20,249.0,0.0,0.0
21,249.0,0.291389029765587,0.0
22,249.0,0.0,0.0
23,249.0,0.0,0.0
24,249.0,0.4323071889786799,0.0
25,249.0,0.0,0.0
26,249.0,0.15621693453738228,0.0
27,249.0,0.0,0.0
28,249.0,0.005869754056309184,0.0
29,249.0,0.0005384929602171296,0.0
30,249.0,0.31858471560849133,0.0
31,249.0,0.0,0.0
32,249.0,0.0,0.0
33,249.0,0.0,0.0
34,249.0,0.11195251708308485,0.0
35,249.0,0.0413184889227145,0.0
36,249.0,0.0,0.0
37,249.0,0.31137532454447914,0.0
38,249.0,0.0,0.0
39,249.0,0.012565192208463749,0.0
40,249.0,0.0,0.0
41,249.0,0.10271339663378598,0.0
42,249.0,0.0,0.0
43,249.0,0.0,0.0
44,249.0,0.29174088564970724,0.0
45,249.0,0.13348303043785503,0.0
46,249.0,0.10285561865012793,0.0
47,249.0,0.041391615201500476,0.0
48,249.0,0.07524793768413374,0.0
49,249.0,0.0,0.0
50,249.0,0.0,0.0
1,250.0,0.0,0.0
2,250.0,0.0,0.0
3,250.0,0.0,0.0
4,250.0,0.020429455646228445,0.0
5,250.0,0.019708427540938378,0.0
6,250.0,0.10642188788590712,0.0
7,250.0,0.0,0.0
8,250.0,0.04681904896871858,0.0
9,250.0,0.0,0.0
10,250.0,0.1417517754370603,0.0
11,250.0,0.0,0.0
12,250.0,0.3297655870984406,0.0
13,250.0,0.16031675143405444,0.0
14,250.0,0.0,0.0
15,250.0,0.11271732750074592,0.0
16,250.0,0.0,0.0
17,250.0,0.0,0.0
18,250.0,0.0,0.0
19,250.0,0.0338874144009208,0.0
20,250.0,0.0,0.0
21,250.0,0.041415542121740034,0.0
22,250.0,0.0,0.0
23,250.0,0.33822986409928857,0.0
24,250.0,0.0,0.0
25,250.0,0.284202540675085,0.0
26,250.0,0.0,0.0
27,250.0,0.11992495058767305,0.0
28,250.0,0.0,0.0
29,250.0,0.0,0.0
30,250.0,0.11899493669739414,0.0
31,250.0,0.14916722850232933,0.0
32,250.0,0.020628653135862263,0.0
33,250.0,0.0,0.0
34,250.0,0.0,0.0
35,250.0,0.139181332359672,0.0
36,250.0,0.11635613834356817,0.0
37,250.0,0.0,0.0
38,250.0,0.1399037994193244,0.0
39,250.0,0.12357049959030264,0.0
40,250.0,0.0,0.0
41,250.0,0.020035769160548167,0.0
42,250.0,0.017514902579019775,0.0
43,250.0,0.0,0.0
44,250.0,0.17724925809626724,0.0
45,250.0,0.11234919436841961,0.0
46,250.0,0.0,0.0
47,250.0,0.0,0.0
48,250.0,0.0,0.0
49,250.0,0.0,0.0
50,250.0,0.10940443199327854,0.0
1,251.0,0.0,0.0
2,251.0,0.07005699880078975,0.0
3,251.0,0.0,0.0
4,251.0,0.21784009456889075,0.0
5,251.0,0.0,0.0
6,251.0,0.2293235445128975,0.0
7,251.0,0.0036654631967069085,0.0
8,251.0,0.0,0.0
9,251.0,0.010504013292166325,0.0
10,251.0,0.0,0.0
11,251.0,0.0,0.0
12,251.0,0.01755775323564457,0.0
13,251.0,0.09354800308704181,0.0
14,251.0,0.12001945047668017,0.0
15,251.0,0.0,0.0
16,251.0,0.0,0.0
17,251.0,0.0,0.0
18,251.0,0.24686501006809258,0.0
19,251.0,0.0,0.0
20,251.0,0.0,0.0
21,251.0,0.07115191044204427,0.0
22,251.0,0.01821117549492468,0.0
23,251.0,0.0,0.0
24,251.0,0.030114725155230948,0.0
25,251.0,0.0,0.0
26,251.0,0.042768107384345,0.0
27,251.0,0.308559542760786,0.0
28,251.0,0.0,0.0
29,251.0,0.0,0.0
30,251.0,0.0,0.0
31,251.0,0.047432813761271286,0.0
32,251.0,0.0,0.0
33,251.0,0.0,0.0
34,251.0,0.05023618852513312,0.0
35,251.0,0.03516165373003788,0.0
36,251.0,0.0,0.0
37,251.0,0.38045097762011126,0.0
38,251.0,0.07862602570994603,0.0
39,251.0,0.0,0.0
40,251.0,0.04755606919184563,0.0
41,251.0,0.11370879149284407,0.0
42,251.0,0.0,0.0
43,251.0,0.0,0.0
44,251.0,0.0,0.0
45,251.0,0.0,0.0
46,251.0,0.0,0.0
47,251.0,0.005020683142627602,0.0
48,251.0,0.0,0.0
49,251.0,0.045880180664854,0.0
50,251.0,0.0,0.0
1,252.0,0.0,0.0
2,252.0,0.023447463182606265,0.0
3,252.0,0.0,0.0
4,252.0,0.0,0.0
5,252.0,0.0,0.0
6,252.0,0.0,0.0
7,252.0,0.0,0.0
8,252.0,0.0041508134496756055,0.0
9,252.0,0.2527332205277092,0.0
10,252.0,0.0,0.0
11,252.0,0.020200438335649218,0.0
12,252.0,0.08803717800698874,0.0
13,252.0,0.09402300285369802,0.0
14,252.0,0.0784445103392708,0.0
15,252.0,0.0,0.0
16,252.0,0.13657794730777328,0.0
17,252.0,0.0,0.0
18,252.0,0.050108132497136526,0.0
19,252.0,0.0,0.0
20,252.0,0.008602547732612154,0.0
21,252.0,0.008924331136401897,0.0
22,252.0,0.2596081115133585,0.0
23,252.0,0.0,0.0
24,252.0,0.20437367824646735,0.0
25,252.0,0.15913967427343112,0.0
26,252.0,0.0,0.0
27,252.0,0.07734439994725728,0.0
28,252.0,0.0,0.0
29,252.0,0.4596401454715937,0.0
30,252.0,0.0,0.0
31,252.0,0.10162170795103453,0.0
32,252.0,0.006097914169563401,0.0
33,252.0,0.0,0.0
34,252.0,0.0,0.0
35,252.0,0.0,0.0
36,252.0,0.0,0.0
37,252.0,0.07798134589508032,0.0
38,252.0,0.18416434781848734,0.0
39,252.0,0.15079174365936554,0.0
40,252.0,0.0,0.0
41,252.0,0.16079261964247737,0.0
42,252.0,0.026503722135120422,0.0
43,252.0,0.1393265026330991,0.0
44,252.0,0.0,0.0
45,252.0,0.15041610175520204,0.0
46,252.0,0.0,0.0
47,252.0,0.0,0.0
48,252.0,0.0,0.0
49,252.0,0.0,0.0
50,252.0,0.0,0.0
1,253.0,0.0,0.0
2,253.0,0.05810341837290889,0.0
3,253.0,0.08983444049119793,0.0
4,253.0,0.0,0.0
5,253.0,0.20663957564356683,0.0
6,253.0,0.12295877640657926,0.0
7,253.0,0.14493012843287012,0.0
8,253.0,0.0,0.0
9,253.0,0.4718034820863519,0.0
10,253.0,0.0,0.0
11,253.0,0.0,0.0
12,253.0,0.0,0.0
13,253.0,0.0,0.0
14,253.0,0.028491091783140354,0.0
15,253.0,0.5535480600273885,0.0
16,253.0,0.055832658734266793,0.0
17,253.0,0.007607445598594165,0.0
18,253.0,0.009364144673015828,0.0
19,253.0,0.1747828803713687,0.0
20,253.0,0.0,0.0
21,253.0,0.0,0.0
22,253.0,0.0,0.0
23,253.0,0.0,0.0
24,253.0,0.04607975103879236,0.0
25,253.0,0.0,0.0
26,253.0,0.30943379463251686,0.0
27,253.0,0.07183525692582637,0.0
28,253.0,0.0,0.0
29,253.0,0.0,0.0
30,253.0,0.22684868976948547,0.0
31,253.0,0.0,0.0
32,253.0,0.0,0.0
33,253.0,0.1470488074026317,0.0
34,253.0,0.0,0.0
35,253.0,0.24151135620618147,0.0
36,253.0,0.10080936673041851,0.0
37,253.0,0.026614599076273393,0.0
38,253.0,0.0,0.0
39,253.0,0.0,0.0
40,253.0,0.0,0.0
41,253.0,0.0,0.0
42,253.0,0.0,0.0
43,253.0,0.1565052152365226,0.0
44,253.0,0.044145526059958695,0.0
45,253.0,0.0,0.0
46,253.0,0.054997091621687644,0.0
47,253.0,0.0,0.0
48,253.0,0.18813273903611905,0.0
49,253.0,0.0,0.0
50,253.0,0.0,0.0
1,254.0,0.0,0.0
2,254.0,0.19642391635362755,0.0
3,254.0,0.0,0.0
4,254.0,0.0,0.0
5,254.0,0.0,0.0
6,254.0,0.29608706094235715,0.0
7,254.0,0.16877449764306274,0.0
8,254.0,0.029533480677099044,0.0
9,254.0,0.0,0.0
10,254.0,0.13899228275088849,0.0
11,254.0,0.03534242237667862,0.0
12,254.0,0.0,0.0
13,254.0,0.051352617518521826,0.0
14,254.0,0.19438431165935632,0.0
15,254.0,0.3266073533717597,0.0
16,254.0,0.0,0.0
17,254.0,0.0,0.0
18,254.0,0.007947163599569484,0.0
19,254.0,0.0075589642907277765,0.0
20,254.0,0.0,0.0
21,254.0,0.17976631547172606,0.0
22,254.0,0.017658309142649764,0.0
23,254.0,0.0,0.0
24,254.0,0.0,0.0
25,254.0,0.0,0.0
26,254.0,0.030081704328259184,0.0
27,254.0,0.09335743511556416,0.0
28,254.0,0.0,0.0
29,254.0,0.09731237208913968,0.0
30,254.0,0.12080461309367307,0.0
31,254.0,0.0,0.0
32,254.0,0.0007300654223630909,0.0
33,254.0,0.046057826364109045,0.0
34,254.0,0.0,0.0
35,254.0,0.0,0.0
36,254.0,0.023886058046088565,0.0
37,254.0,0.01873796913020942,0.0
38,254.0,0.02151660486659468,0.0
39,254.0,0.0,0.0
40,254.0,0.11999842493209112,0.0
41,254.0,0.0,0.0
42,254.0,0.028379725826933933,0.0
43,254.0,0.0,0.0
44,254.0,0.06018948900170362,0.0
45,254.0,0.0,0.0
46,254.0,0.06990069785430642,0.0
47,254.0,0.011270745075775968,0.0
48,254.0,0.0,0.0
49,254.0,0.0,0.0
50,254.0,0.0,0.0
1,255.0,0.0,0.0
2,255.0,0.0,0.0
3,255.0,0.08347877798774317,0.0
4,255.0,0.2036316014785179,0.0
5,255.0,0.0,0.0
6,255.0,0.10441031768261921,0.0
7,255.0,0.24493444943749731,0.0
8,255.0,0.19340346584236834,0.0
9,255.0,0.0993693684831698,0.0
10,255.0,0.08343229553284237,0.0
11,255.0,0.07814192760449745,0.0
12,255.0,0.0,0.0
13,255.0,0.0,0.0
14,255.0,0.0,0.0
15,255.0,0.1772945103343636,0.0
16,255.0,0.0,0.0
17,255.0,0.0,0.0
18,255.0,0.036992477916368505,0.0
19,255.0,0.0,0.0
20,255.0,0.0,0.0
21,255.0,0.10383200314329377,0.0
22,255.0,0.0,0.0
23,255.0,0.10955402756142307,0.0
24,255.0,0.0,0.0
25,255.0,0.14842290622153287,0.0
26,255.0,0.18855314705669834,0.0
27,255.0,0.0,0.0
28,255.0,0.0,0.0
29,255.0,0.00758869884119695,0.0
30,255.0,0.0,0.0
31,255.0,0.0,0.0
32,255.0,0.11511147604582361,0.0
33,255.0,0.0,0.0
34,255.0,0.0,0.0
35,255.0,0.07421900386292712,0.0
36,255.0,0.0712041646881999,0.0
37,255.0,0.016239985155838688,0.0
38,255.0,0.0,0.0
39,255.0,0.0,0.0
40,255.0,0.0,0.0
41,255.0,0.056406542800928605,0.0
42,255.0,0.08952571230384587,0.0
43,255.0,0.0,0.0
44,255.0,0.09663137561684731,0.0
45,255.0,0.0,0.0
46,255.0,0.3272229846734277,0.0
47,255.0,0.030988956743813523,0.0
48,255.0,0.0,0.0
49,255.0,0.0,0.0
50,255.0,0.0,0.0
1,256.0,0.041199490060664146,0.0
2,256.0,0.0,0.0
3,256.0,0.014840195558709746,0.0
4,256.0,0.0,0.0
5,256.0,0.0,0.0
6,256.0,0.0,0.0
7,256.0,0.0,0.0
8,256.0,0.0,0.0
9,256.0,0.22792337234975923,0.0
10,256.0,0.10653989051379975,0.0
11,256.0,0.06866834634362584,0.0
12,256.0,0.0,0.0
13,256.0,0.0,0.0
14,256.0,0.0,0.0
15,256.0,0.0,0.0
16,256.0,0.0,0.0
17,256.0,0.0,0.0
18,256.0,0.0,0.0
19,256.0,0.10428980078749261,0.0
20,256.0,0.0,0.0
21,256.0,0.04173412850289693,0.0
22,256.0,0.0,0.0
23,256.0,0.0,0.0
24,256.0,0.0,0.0
25,256.0,0.0,0.0
26,256.0,0.0,0.0
27,256.0,0.0,0.0
28,256.0,0.0,0.0
29,256.0,0.0,0.0
30,256.0,0.15900127113327045,0.0
31,256.0,0.0,0.0
32,256.0,0.0,0.0
33,256.0,0.0,0.0
34,256.0,0.09947956525418811,0.0
35,256.0,0.1030517026662755,0.0
36,256.0,0.0695740817999948,0.0
37,256.0,0.0,0.0
38,256.0,0.1296007661709193,0.0
39,256.0,0.0,0.0
40,256.0,0.017942008131488607,0.0
41,256.0,0.08423882597699472,0.0
42,256.0,0.0,0.0
43,256.0,0.0,0.0
44,256.0,0.0,0.0
45,256.0,0.31724079035227826,0.0
46,256.0,0.058580915061153815,0.0
47,256.0,0.012910743248814027,0.0
48,256.0,0.18551974360527468,0.0
49,256.0,0.0,0.0
50,256.0,0.14547286651219815,0.0
1,257.0,0.016071184849218656,0.0
2,257.0,0.14026406920195744,0.0
3,257.0,0.0,0.0
4,257.0,0.13123136637085486,0.0
5,257.0,0.0,0.0
6,257.0,0.12424256308591719,0.0
7,257.0,0.09728276612382503,0.0
8,257.0,0.0,0.0
9,257.0,0.0,0.0
10,257.0,0.27097567036801706,0.0
11,257.0,0.0,0.0
12,257.0,0.03342942958355144,0.0
13,257.0,0.2570362339310801,0.0
14,257.0,0.0,0.0
15,257.0,0.0,0.0
16,257.0,0.0,0.0
17,257.0,0.0,0.0
18,257.0,0.0,0.0
19,257.0,0.23759361892263287,0.0
20,257.0,0.10931963496347286,0.0
21,257.0,0.1901647286805762,0.0
22,257.0,0.0420926688880946,0.0
23,257.0,0.08552321004491015,0.0
24,257.0,0.18860448515623196,0.0
25,257.0,0.022959594072257228,0.0
26,257.0,0.02081223552765399,0.0
27,257.0,0.2572476280046788,0.0
28,257.0,0.13941278722212236,0.0
29,257.0,0.0,0.0
30,257.0,0.09769203766680679,0.0
31,257.0,0.12664228507552755,0.0
32,257.0,0.15835679041550066,0.0
33,257.0,0.0,0.0
34,257.0,0.0,0.0
35,257.0,0.07432684314839477,0.0
36,257.0,0.0,0.0
37,257.0,0.25543625978828577,0.0
38,257.0,0.0,0.0
39,257.0,0.0,0.0
40,257.0,0.0,0.0
41,257.0,0.0,0.0
42,257.0,0.20570277426993,0.0
43,257.0,0.028755721897719022,0.0
44,257.0,0.17712951486867667,0.0
45,257.0,0.0,0.0
46,257.0,0.007898505466281236,0.0
47,257.0,0.2665879558002925,0.0
48,257.0,0.0,0.0
49,257.0,0.33532428915169876,0.0
50,257.0,0.03268945389465783,0.0
1,258.0,0.05958117124803186,0.0
2,258.0,0.0,0.0
3,258.0,0.0,0.0
4,258.0,0.0,0.0
5,258.0,0.0,0.0
6,258.0,0.11262740869582277,0.0
7,258.0,0.0858324366446721,0.0
8,258.0,0.0,0.0
9,258.0,0.044575334312459414,0.0
10,258.0,0.0,0.0
11,258.0,0.0,0.0
12,258.0,0.0,0.0
13,258.0,0.0,0.0
14,258.0,0.0,0.0
15,258.0,0.11803440852065172,0.0
16,258.0,0.284161396570215,0.0
17,258.0,0.0,0.0
18,258.0,0.21581579025022857,0.0
19,258.0,0.0587156611967925,0.0
20,258.0,0.16727758553708627,0.0
21,258.0,0.0844087068206908,0.0
22,258.0,0.0,0.0
23,258.0,0.0,0.0
24,258.0,0.20592023298419382,0.0
25,258.0,0.0,0.0
26,258.0,0.172423528720814,0.0
27,258.0,0.0,0.0
28,258.0,0.004141429973353095,0.0
29,258.0,0.0,0.0
30,258.0,0.0,0.0
31,258.0,0.02937954661151443,0.0
32,258.0,0.034210768143403625,0.0
33,258.0,0.0,0.0
34,258.0,0.19892141114723882,0.0
35,258.0,0.09538049936161908,0.0
36,258.0,0.0,0.0
37,258.0,0.0,0.0
38,258.0,0.149820569430687,0.0
39,258.0,0.0,0.0
40,258.0,0.0,0.0
41,258.0,0.018671914895287967,0.0
42,258.0,0.0,0.0
43,258.0,0.21049432553940028,0.0
44,258.0,0.21368165551742435,0.0
45,258.0,0.1098271480434937,0.0
46,258.0,0.011108291422913696,0.0
47,258.0,0.0,0.0
48,258.0,0.0,0.0
49,258.0,0.0,0.0
50,258.0,0.0,0.0
1,259.0,0.05295055728244091,0.0
2,259.0,0.0,0.0
3,259.0,0.0,0.0
4,259.0,0.0,0.0
5,259.0,0.09537982827675007,0.0
6,259.0,0.0,0.0
7,259.0,0.0,0.0
8,259.0,0.0,0.0
9,259.0,0.09477984441555676,0.0
10,259.0,0.18728670629343425,0.0
11,259.0,0.0,0.0
12,259.0,0.0,0.0
13,259.0,0.0977879432441634,0.0
14,259.0,0.0,0.0
15,259.0,0.00762834733891149,0.0
16,259.0,0.12660029326162525,0.0
17,259.0,0.0,0.0
18,259.0,0.09378072736032361,0.0
19,259.0,0.0,0.0
20,259.0,0.0,0.0
21,259.0,0.17550770062982446,0.0
22,259.0,0.0,0.0
23,259.0,0.025599596874018582,0.0
24,259.0,0.09146234827513122,0.0
25,259.0,0.017479110407203957,0.0
26,259.0,0.0,0.0
27,259.0,0.18001200619081592,0.0
28,259.0,0.0,0.0
29,259.0,0.0,0.0
30,259.0,0.0,0.0
31,259.0,0.01962345441777924,0.0
32,259.0,0.19124493007653887,0.0
33,259.0,0.138842388118268,0.0
34,259.0,0.0,0.0
35,259.0,0.45073048220901357,0.0
36,259.0,0.05402124045400147,0.0
37,259.0,0.0,0.0
38,259.0,0.0,0.0
39,259.0,0.14552742351206827,0.0
40,259.0,0.053083790103092277,0.0
41,259.0,0.1412280611126725,0.0
42,259.0,0.030718118520857707,0.0
43,259.0,0.0,0.0
44,259.0,0.12174405577182501,0.0
45,259.0,0.0,0.0
46,259.0,0.08854541103369185,0.0
47,259.0,0.17140289403255704,0.0
48,259.0,0.0,0.0
49,259.0,0.04567012507259838,0.0
50,259.0,0.04089954513393124,0.0
1,260.0,0.08351234884442149,0.0
2,260.0,0.13609155931950667,0.0
3,260.0,0.05587054202842934,0.0
4,260.0,0.0017278018387952843,0.0
5,260.0,0.0,0.0
6,260.0,0.22145559465103226,0.0
7,260.0,0.14490413997976292,0.0
8,260.0,0.0,0.0
9,260.0,0.0,0.0
10,260.0,0.14020667458668068,0.0
11,260.0,0.0,0.0
12,260.0,0.0,0.0
13,260.0,0.2169533474435591,0.0
14,260.0,0.0,0.0
15,260.0,0.03169469463866548,0.0
16,260.0,0.1306987870153461,0.0
17,260.0,0.1920966316373225,0.0
18,260.0,0.2967077763483885,0.0
19,260.0,0.13163640231931018,0.0
20,260.0,0.17983146672977823,0.0
21,260.0,0.37936984035797927,0.0
22,260.0,0.21892223782902054,0.0
23,260.0,0.16271220984923462,0.0
24,260.0,0.06258591468457708,0.0
25,260.0,0.0,0.0
26,260.0,0.0,0.0
27,260.0,0.0,0.0
28,260.0,0.0,0.0
29,260.0,0.4464389485569814,0.0
30,260.0,0.07895891168992886,0.0
31,260.0,0.025662986571569735,0.0
32,260.0,0.04820069824433959,0.0
33,260.0,0.33858070745727065,0.0
34,260.0,0.0,0.0
35,260.0,0.10562301941181718,0.0
36,260.0,0.12704921330027197,0.0
37,260.0,0.0,0.0
38,260.0,0.0,0.0
39,260.0,0.0,0.0
40,260.0,0.21491650030074283,0.0
41,260.0,0.0,0.0
42,260.0,0.13860018379617323,0.0
43,260.0,0.0,0.0
44,260.0,0.16772966530014444,0.0
45,260.0,0.07752800878581412,0.0
46,260.0,0.0,0.0
47,260.0,0.02818548666824794,0.0
48,260.0,0.0,0.0
49,260.0,0.03355917899268612,0.0
50,260.0,0.0,0.0
1,261.0,0.0627243964986004,0.0
2,261.0,0.0,0.0
3,261.0,0.08447374081790082,0.0
4,261.0,0.04471610510005364,0.0
5,261.0,0.0,0.0
6,261.0,0.0,0.0
7,261.0,0.0,0.0
8,261.0,0.0,0.0
9,261.0,0.06397542168767956,0.0
10,261.0,0.0,0.0
11,261.0,0.0,0.0
12,261.0,0.16888251123653653,0.0
13,261.0,0.12824968821273353,0.0
14,261.0,0.0,0.0
15,261.0,0.0,0.0
16,261.0,0.23616005036496845,0.0
17,261.0,0.0,0.0
18,261.0,0.0,0.0
19,261.0,0.0,0.0
20,261.0,0.0,0.0
21,261.0,0.20703869441514544,0.0
22,261.0,0.0,0.0
23,261.0,0.19087169894661338,0.0
24,261.0,0.021514628187109364,0.0
25,261.0,0.0,0.0
26,261.0,0.0,0.0
27,261.0,0.0,0.0
28,261.0,0.06921885520895998,0.0
29,261.0,0.3914265397337223,0.0
30,261.0,0.09585639941101709,0.0
31,261.0,0.06439755615135978,0.0
32,261.0,0.07121446555550504,0.0
33,261.0,0.17314043501727971,0.0
34,261.0,0.0,0.0
35,261.0,0.0,0.0
36,261.0,0.0,0.0
37,261.0,0.12367248571895217,0.0
38,261.0,0.0,0.0
39,261.0,0.1134030812459017,0.0
40,261.0,0.0,0.0
41,261.0,0.0,0.0
42,261.0,0.0,0.0
43,261.0,0.1421887121364792,0.0
44,261.0,0.11010166692365742,0.0
45,261.0,0.06572234063052418,0.0
46,261.0,0.02883985414486656,0.0
47,261.0,0.0,0.0
48,261.0,0.0,0.0
49,261.0,0.0,0.0
50,261.0,0.0,0.0
1,262.0,0.020618531656772965,0.0
2,262.0,0.18729146003044173,0.0
3,262.0,0.0,0.0
4,262.0,0.0,0.0
5,262.0,0.1912429061866946,0.0
6,262.0,0.0,0.0
7,262.0,0.0,0.0
8,262.0,0.0,0.0
9,262.0,0.043874711869857363,0.0
10,262.0,0.0,0.0
11,262.0,0.0,0.0
12,262.0,0.023305122113475685,0.0
13,262.0,0.0,0.0
14,262.0,0.0,0.0
15,262.0,0.0,0.0
16,262.0,0.10051322340242985,0.0
17,262.0,0.0,0.0
18,262.0,0.0868058021883581,0.0
19,262.0,0.2749601637293604,0.0
20,262.0,0.05640589704959731,0.0
21,262.0,0.3543777295046099,0.0
22,262.0,0.008450070203008031,0.0
23,262.0,0.02181460043305261,0.0
24,262.0,0.0,0.0
25,262.0,0.0,0.0
26,262.0,0.1274347999487888,0.0
27,262.0,0.0,0.0
28,262.0,0.0,0.0
29,262.0,0.0,0.0
30,262.0,0.0286225922498069,0.0
31,262.0,0.3831787164528204,0.0
32,262.0,0.2993835975912875,0.0
33,262.0,0.2696347395702934,0.0
34,262.0,0.04961316834412688,0.0
35,262.0,0.011663028486687987,0.0
36,262.0,0.033790534626863766,0.0
37,262.0,0.1656467945751242,0.0
38,262.0,0.10313742745490195,0.0
39,262.0,0.0,0.0
40,262.0,0.14064098916067114,0.0
41,262.0,0.1796375243555871,0.0
42,262.0,0.0,0.0
43,262.0,0.0,0.0
44,262.0,0.02578430457261982,0.0
45,262.0,0.0,0.0
46,262.0,0.15339434566316057,0.0
47,262.0,0.011832702349051094,0.0
48,262.0,0.0,0.0
49,262.0,0.12192625003978297,0.0
50,262.0,0.0778163880092353,0.0
1,263.0,0.0,0.0
2,263.0,0.26519661045275156,0.0
3,263.0,0.09797785756745925,0.0
4,263.0,0.3086105199143163,0.0
5,263.0,0.0,0.0
6,263.0,0.0,0.0
7,263.0,0.011696211208334417,0.0
8,263.0,0.0,0.0
9,263.0,0.03425687163201574,0.0
10,263.0,0.0,0.0
11,263.0,0.07924370186525065,0.0
12,263.0,0.0,0.0
13,263.0,0.0068326739331922015,0.0
14,263.0,0.0,0.0
15,263.0,0.0,0.0
16,263.0,0.0,0.0
17,263.0,0.0,0.0
18,263.0,0.2030213325667216,0.0
19,263.0,0.4328824866031943,0.0
20,263.0,0.3726034662923895,0.0
21,263.0,0.022680361987578168,0.0
22,263.0,0.0,0.0
23,263.0,0.024030304119707857,0.0
24,263.0,0.04371861534246424,0.0
25,263.0,0.0,0.0
26,263.0,0.08762713509875564,0.0
27,263.0,0.0,0.0
28,263.0,0.25514466147273407,0.0
29,263.0,0.0,0.0
30,263.0,0.0,0.0
31,263.0,0.40578913232284286,0.0
32,263.0,0.11615079665829087,0.0
33,263.0,0.062051457987582936,0.0
34,263.0,0.4186437771083933,0.0
35,263.0,0.16909952338521328,0.0
36,263.0,0.062031687827347914,0.0
37,263.0,0.0,0.0
38,263.0,0.0,0.0
39,263.0,0.0,0.0
40,263.0,0.0,0.0
41,263.0,0.0868119180213156,0.0
42,263.0,0.0,0.0
43,263.0,0.0,0.0
44,263.0,0.23901624809377542,0.0
45,263.0,0.1291447673914632,0.0
46,263.0,0.08111183912149422,0.0
47,263.0,0.01049432167101938,0.0
48,263.0,0.0,0.0
49,263.0,0.08977901752244799,0.0
50,263.0,0.031429527650141176,0.0
1,264.0,0.05009789141339427,0.0
2,264.0,0.19263222134314106,0.0
3,264.0,0.0,0.0
4,264.0,0.2319025593409647,0.0
5,264.0,0.0,0.0
6,264.0,0.10365914916719843,0.0
7,264.0,0.02064795540652986,0.0
8,264.0,0.0,0.0
9,264.0,0.0,0.0
10,264.0,0.0,0.0
11,264.0,0.0,0.0
12,264.0,0.16765777057618936,0.0
13,264.0,0.098424700815953,0.0
14,264.0,0.0,0.0
15,264.0,0.0,0.0
16,264.0,0.30236255289376246,0.0
17,264.0,0.0,0.0
18,264.0,0.0,0.0
19,264.0,0.0,0.0
20,264.0,0.2211276830389547,0.0
21,264.0,0.07116754636698108,0.0
22,264.0,0.0,0.0
23,264.0,0.13789960925751554,0.0
24,264.0,0.3001152869440592,0.0
25,264.0,0.17602748682164138,0.0
26,264.0,0.020789854638367466,0.0
27,264.0,0.0,0.0
28,264.0,0.10103365542563314,0.0
29,264.0,0.26826235721690617,0.0
30,264.0,0.02911140633210063,0.0
31,264.0,0.08451316678977938,0.0
32,264.0,0.08430497098891199,0.0
33,264.0,0.12588406490127046,0.0
34,264.0,0.30652412045508004,0.0
35,264.0,0.0,0.0
36,264.0,0.0,0.0
37,264.0,0.054633486539085285,0.0
38,264.0,0.0,0.0
39,264.0,0.03542934335677628,0.0
40,264.0,0.0,0.0
41,264.0,0.01292436004642572,0.0
42,264.0,0.05089424474870963,0.0
43,264.0,0.06293096101367057,0.0
44,264.0,0.0,0.0
45,264.0,0.0,0.0
46,264.0,0.0,0.0
47,264.0,0.0,0.0
48,264.0,0.0,0.0
49,264.0,0.0,0.0
50,264.0,0.04176556317892777,0.0
1,265.0,0.10467252671287441,0.0
2,265.0,0.0,0.0
3,265.0,0.1883934178553901,0.0
4,265.0,0.0,0.0
5,265.0,0.0,0.0
6,265.0,0.0,0.0
7,265.0,0.0,0.0
8,265.0,0.0,0.0
9,265.0,0.09029915927045173,0.0
10,265.0,0.09261623368706584,0.0
11,265.0,0.0,0.0
12,265.0,0.0,0.0
13,265.0,0.0,0.0
14,265.0,0.0,0.0
15,265.0,0.10871817405053463,0.0
16,265.0,0.23756952066219084,0.0
17,265.0,0.0,0.0
18,265.0,0.40613224235989,0.0
19,265.0,0.0,0.0
20,265.0,0.0,0.0
21,265.0,0.0,0.0
22,265.0,0.0,0.0
23,265.0,0.5009049498530913,0.0
24,265.0,0.05850258884793247,0.0
25,265.0,0.13195773344648343,0.0
26,265.0,0.08848226535486747,0.0
27,265.0,0.3283910149310365,0.0
28,265.0,0.0,0.0
29,265.0,0.036556623605584315,0.0
30,265.0,0.0037385850527316133,0.0
31,265.0,0.0,0.0
32,265.0,0.0,0.0
33,265.0,0.0,0.0
34,265.0,0.3388161886688502,0.0
35,265.0,0.0,0.0
36,265.0,0.0,0.0
37,265.0,0.17104306865166996,0.0
38,265.0,0.265554446262498,0.0
39,265.0,0.0,0.0
40,265.0,0.006903848195261464,0.0
41,265.0,0.0,0.0
42,265.0,0.0,0.0
43,265.0,0.0,0.0
44,265.0,0.0422274182678698,0.0
45,265.0,0.12564172842224675,0.0
46,265.0,0.0,0.0
47,265.0,0.17670477109992122,0.0
48,265.0,0.09904023460037303,0.0
49,265.0,0.0,0.0
50,265.0,0.0,0.0
1,266.0,0.04258167933930068,0.0
2,266.0,0.10900022615967142,0.0
3,266.0,0.0,0.0
4,266.0,0.0,0.0
5,266.0,0.33280164310013827,0.0
6,266.0,0.18347518052702994,0.0
7,266.0,0.0,0.0
8,266.0,0.04124283061653844,0.0
9,266.0,0.02819718657016934,0.0
10,266.0,0.1487318226970611,0.0
11,266.0,0.0,0.0
12,266.0,0.0,0.0
13,266.0,0.13881618251380845,0.0
14,266.0,0.0,0.0
15,266.0,0.0,0.0
16,266.0,0.31437088550748205,0.0
17,266.0,0.0,0.0
18,266.0,0.0,0.0
19,266.0,0.004113875187847338,0.0
20,266.0,0.1132116721169687,0.0
21,266.0,0.0,0.0
22,266.0,0.0,0.0
23,266.0,0.06237350549157572,0.0
24,266.0,0.05997356304978363,0.0
25,266.0,0.0,0.0
26,266.0,0.0,0.0
27,266.0,0.0,0.0
28,266.0,0.0,0.0
29,266.0,0.0,0.0
30,266.0,0.0,0.0
31,266.0,0.0,0.0
32,266.0,0.28518035291932387,0.0
33,266.0,0.0,0.0
34,266.0,0.19509719338830167,0.0
35,266.0,0.07793436105046825,0.0
36,266.0,0.0688146634999256,0.0
37,266.0,0.005082280853676457,0.0
38,266.0,0.0,0.0
39,266.0,0.16737853498910515,0.0
40,266.0,0.0,0.0
41,266.0,0.0,0.0
42,266.0,0.17575645658225048,0.0
43,266.0,0.0,0.0
44,266.0,0.0,0.0
45,266.0,0.0,0.0
46,266.0,0.1976997277402348,0.0
47,266.0,0.0,0.0
48,266.0,0.10504990779756151,0.0
49,266.0,0.1963822934245596,0.0
50,266.0,0.0,0.0
1,267.0,0.0,0.0
2,267.0,0.06402218505866164,0.0
3,267.0,0.0,0.0
4,267.0,0.08206523522377962,0.0
5,267.0,0.5053845305426525,0.0
6,267.0,0.0,0.0
7,267.0,0.0850771772352873,0.0
8,267.0,0.09240861479688289,0.0
9,267.0,0.3260343254802339,0.0
10,267.0,0.022288229794308,0.0
11,267.0,0.0,0.0
12,267.0,0.007880813045844648,0.0
13,267.0,0.12592104853494468,0.0
14,267.0,0.051279563923219196,0.0
15,267.0,0.0,0.0
16,267.0,0.17878242952407442,0.0
17,267.0,0.0,0.0
18,267.0,0.0,0.0
19,267.0,0.0,0.0
20,267.0,0.06836896081442845,0.0
21,267.0,0.0,0.0
22,267.0,0.012230242203048802,0.0
23,267.0,0.0,0.0
24,267.0,0.0,0.0
25,267.0,0.0,0.0
26,267.0,0.20195095815928676,0.0
27,267.0,0.0,0.0
28,267.0,0.0,0.0
29,267.0,0.0,0.0
30,267.0,0.0,0.0
31,267.0,0.0,0.0
32,267.0,0.13372405368621,0.0
33,267.0,0.12546432656009898,0.0
34,267.0,0.1941964027102454,0.0
35,267.0,0.0,0.0
36,267.0,0.027809978232365085,0.0
37,267.0,0.10791384120327918,0.0
38,267.0,0.10165663132385294,0.0
39,267.0,0.3451625562927726,0.0
40,267.0,0.054532363274946594,0.0
41,267.0,0.02614317741050598,0.0
42,267.0,0.04053277654729248,0.0
43,267.0,0.0,0.0
44,267.0,0.0,0.0
45,267.0,0.06990481783281854,0.0
46,267.0,0.0,0.0
47,267.0,0.08943927886587832,0.0
48,267.0,0.0,0.0
49,267.0,0.04743980856196561,0.0
50,267.0,0.0,0.0
1,268.0,0.0,0.0
2,268.0,0.0,0.0
3,268.0,0.0,0.0
4,268.0,0.001642699526963387,0.0
5,268.0,0.13479881243751834,0.0
6,268.0,0.0,0.0
7,268.0,0.09498975546835664,0.0
8,268.0,0.062144209423080854,0.0
9,268.0,0.22205392967690074,0.0
10,268.0,0.0,0.0
11,268.0,0.07460666318800169,0.0
12,268.0,0.0,0.0
13,268.0,0.0571807474597984,0.0
14,268.0,0.0,0.0
15,268.0,0.006318826675676736,0.0
16,268.0,0.0,0.0
17,268.0,0.0,0.0
18,268.0,0.03098869826334083,0.0
19,268.0,0.04785683048124689,0.0
20,268.0,0.0,0.0
21,268.0,0.07588381549253698,0.0
22,268.0,0.04357303689539116,0.0
23,268.0,0.0,0.0
24,268.0,0.0,0.0
25,268.0,0.13487187506239395,0.0
26,268.0,0.0,0.0
27,268.0,0.038216335646337196,0.0
28,268.0,0.0045734614255351635,0.0
29,268.0,0.0,0.0
30,268.0,0.049773481910842965,0.0
31,268.0,0.0,0.0
32,268.0,0.01913726799398896,0.0
33,268.0,0.0069164326453099445,0.0
34,268.0,0.15771348552006026,0.0
35,268.0,0.014265611332618389,0.0
36,268.0,0.19910655237086805,0.0
37,268.0,0.007764654005791516,0.0
38,268.0,0.14526970417619067,0.0
39,268.0,0.1101861184059103,0.0
40,268.0,0.22584807712953692,0.0
41,268.0,0.0,0.0
42,268.0,0.0,0.0
43,268.0,0.3265785545752937,0.0
44,268.0,0.0,0.0
45,268.0,0.328476447709792,0.0
46,268.0,0.1239649066559162,0.0
47,268.0,0.23027602139786785,0.0
48,268.0,0.10118794047721225,0.0
49,268.0,0.0,0.0
50,268.0,0.0,0.0
1,269.0,0.0,0.0
2,269.0,0.18122363762098248,0.0
3,269.0,0.02024858320308931,0.0
4,269.0,0.0,0.0
5,269.0,0.0,0.0
6,269.0,0.05478145297973802,0.0
7,269.0,0.308190948921517,0.0
8,269.0,0.11270244533864548,0.0
9,269.0,0.0,0.0
10,269.0,0.0,0.0
11,269.0,0.0,0.0
12,269.0,0.0,0.0
13,269.0,0.1580530573576041,0.0
14,269.0,0.16663213802378052,0.0
15,269.0,0.2011582836139929,0.0
16,269.0,0.0,0.0
17,269.0,0.2503695004416653,0.0
18,269.0,0.06644744491937382,0.0
19,269.0,0.030831742745102364,0.0
20,269.0,0.3700878902813943,0.0
21,269.0,0.18863577599944603,0.0
22,269.0,0.11045273880959194,0.0
23,269.0,0.0,0.0
24,269.0,0.1508203389526086,0.0
25,269.0,0.0,0.0
26,269.0,0.03868944393739915,0.0
27,269.0,0.0,0.0
28,269.0,0.0,0.0
29,269.0,0.029242852935968622,0.0
30,269.0,0.0,0.0
31,269.0,0.07871829467269953,0.0
32,269.0,0.09132127640013221,0.0
33,269.0,0.0,0.0
34,269.0,0.19714740581931878,0.0
35,269.0,0.022388437304153186,0.0
36,269.0,0.025549711903042782,0.0
37,269.0,0.07856242440089911,0.0
38,269.0,0.08115084261907934,0.0
39,269.0,0.0,0.0
40,269.0,0.10748631396311537,0.0
41,269.0,0.0,0.0
42,269.0,0.14244700460810833,0.0
43,269.0,0.04973266055988046,0.0
44,269.0,0.15387699317724002,0.0
45,269.0,0.08112230713972501,0.0
46,269.0,0.09869802417636797,0.0
47,269.0,0.09658659267392167,0.0
48,269.0,0.0,0.0
49,269.0,0.0,0.0
50,269.0,0.0,0.0
1,270.0,0.005020227719386372,0.0
2,270.0,0.0,0.0
3,270.0,0.0,0.0
4,270.0,0.0,0.0
5,270.0,0.0,0.0
6,270.0,0.0,0.0
7,270.0,0.05275472477610965,0.0
8,270.0,0.0,0.0
9,270.0,0.0,0.0
10,270.0,0.04715238375918662,0.0
11,270.0,0.00476036314546302,0.0
12,270.0,0.13395095683703406,0.0
13,270.0,0.002789096789402312,0.0
14,270.0,0.07806704147381738,0.0
15,270.0,0.138116853594886,0.0
16,270.0,0.0,0.0
17,270.0,0.26896515829907064,0.0
18,270.0,0.06258508525275641,0.0
19,270.0,0.22518650993820322,0.0
20,270.0,0.0,0.0
21,270.0,0.1495213827829095,0.0
22,270.0,0.0,0.0
23,270.0,0.0,0.0
24,270.0,0.0,0.0
25,270.0,0.26249488083109085,0.0
26,270.0,0.0,0.0
27,270.0,0.004969479522832221,0.0
28,270.0,0.10511812746857507,0.0
29,270.0,0.0,0.0
30,270.0,0.0,0.0
31,270.0,0.10288051747964888,0.0
32,270.0,0.0,0.0
33,270.0,0.0,0.0
34,270.0,0.0790307888723849,0.0
35,270.0,0.20069418739970102,0.0
36,270.0,0.1713260777339467,0.0
37,270.0,0.00854419520146621,0.0
38,270.0,0.0,0.0
39,270.0,0.04307024972436546,0.0
40,270.0,0.0,0.0
41,270.0,0.14415616729486247,0.0
42,270.0,0.0,0.0
43,270.0,0.0,0.0
44,270.0,0.0,0.0
45,270.0,0.1289546189811639,0.0
46,270.0,0.015998897367420772,0.0
47,270.0,0.0,0.0
48,270.0,0.18402864071905312,0.0
49,270.0,0.03465273967609006,0.0
50,270.0,0.09914090287425548,0.0
1,271.0,0.33564532457245133,0.0
2,271.0,0.020613493371065106,0.0
3,271.0,0.017975617793093535,0.0
4,271.0,0.003447151270484783,0.0
5,271.0,0.13573853451654538,0.0
6,271.0,0.0,0.0
7,271.0,0.0,0.0
8,271.0,0.0,0.0
9,271.0,0.0,0.0
10,271.0,0.0,0.0
11,271.0,0.0,0.0
12,271.0,0.0,0.0
13,271.0,0.13889597650348928,0.0
14,271.0,0.010147185498783018,0.0
15,271.0,0.0,0.0
16,271.0,0.0,0.0
17,271.0,0.0,0.0
18,271.0,0.0,0.0
19,271.0,0.29943240329157605,0.0
20,271.0,0.0880248421999621,0.0
21,271.0,0.17188663927007364,0.0
22,271.0,0.15775746068628727,0.0
23,271.0,0.0,0.0
24,271.0,0.1704223451840431,0.0
25,271.0,0.18481153236235637,0.0
26,271.0,0.0,0.0
27,271.0,0.2024753818326145,0.0
28,271.0,0.0,0.0
29,271.0,0.1248948695420592,0.0
30,271.0,0.07523957740296372,0.0
31,271.0,0.14807866166570727,0.0
32,271.0,0.0,0.0
33,271.0,0.0,0.0
34,271.0,0.3192686916902807,0.0
35,271.0,0.0034974141950164794,0.0
36,271.0,0.08087851988087602,0.0
37,271.0,0.0,0.0
38,271.0,0.015199366163398675,0.0
39,271.0,0.014080172765773669,0.0
40,271.0,0.14068005881700196,0.0
41,271.0,0.0,0.0
42,271.0,0.0,0.0
43,271.0,0.029142810372528638,0.0
44,271.0,0.0,0.0
45,271.0,0.0,0.0
46,271.0,0.0,0.0
47,271.0,0.0,0.0
48,271.0,0.2840970666462994,0.0
49,271.0,0.29358414904078656,0.0
50,271.0,0.0,0.0
1,272.0,0.0,0.0
2,272.0,0.1702064070703786,0.0
3,272.0,0.0,0.0
4,272.0,0.10942003053856575,0.0
5,272.0,0.10897789349468956,0.0
6,272.0,0.11973378860861839,0.0
7,272.0,0.0,0.0
8,272.0,0.3584661551838898,0.0
9,272.0,0.0007318119098866926,0.0
10,272.0,0.0,0.0
11,272.0,0.12358584627295721,0.0
12,272.0,0.0,0.0
13,272.0,0.0,0.0
14,272.0,0.0,0.0
15,272.0,0.0,0.0
16,272.0,0.09658581441914305,0.0
17,272.0,0.0,0.0
18,272.0,0.0,0.0
19,272.0,0.03925044714838821,0.0
20,272.0,0.0,0.0
21,272.0,0.0,0.0
22,272.0,0.0,0.0
23,272.0,0.0,0.0
24,272.0,0.0,0.0
25,272.0,0.0,0.0
26,272.0,0.015480498638760665,0.0
27,272.0,0.07992804936208842,0.0
28,272.0,0.0,0.0
29,272.0,0.12451278589413728,0.0
30,272.0,0.051336285559519856,0.0
31,272.0,0.041088753512261045,0.0
32,272.0,0.0,0.0
33,272.0,0.21936136960863062,0.0
34,272.0,0.0,0.0
35,272.0,0.03173399031058366,0.0
36,272.0,0.17186757901967986,0.0
37,272.0,0.20878012642110544,0.0
38,272.0,0.10133265910376976,0.0
39,272.0,0.28930538066490097,0.0
40,272.0,0.1396843545653932,0.0
41,272.0,0.0,0.0
42,272.0,0.15065993126455912,0.0
43,272.0,0.0,0.0
44,272.0,0.0,0.0
45,272.0,0.0,0.0
46,272.0,0.0,0.0
47,272.0,0.0,0.0
48,272.0,0.25087369213751964,0.0
49,272.0,0.1708789197631524,0.0
50,272.0,0.0,0.0
1,273.0,0.0,0.0
2,273.0,0.0,0.0
3,273.0,0.0016288131521805527,0.0
4,273.0,0.3938151101364259,0.0
5,273.0,0.00939378584024686,0.0
6,273.0,0.023046502095209087,0.0
7,273.0,0.0,0.0
8,273.0,0.24443784588570494,0.0
9,273.0,0.41361944330792866,0.0
10,273.0,0.042366264154107824,0.0
11,273.0,0.0,0.0
12,273.0,0.0,0.0
13,273.0,0.13988407432307481,0.0
14,273.0,0.20599751008841716,0.0
15,273.0,0.06451421124478263,0.0
16,273.0,0.0,0.0
17,273.0,0.173133583600374,0.0
18,273.0,0.06317724748354103,0.0
19,273.0,0.0,0.0
20,273.0,0.09700508909344929,0.0
21,273.0,0.049081129665226264,0.0
22,273.0,0.06394256340962523,0.0
23,273.0,0.14562459521619742,0.0
24,273.0,0.0,0.0
25,273.0,0.0,0.0
26,273.0,0.0,0.0
27,273.0,0.008904774001327609,0.0
28,273.0,0.4541238083716621,0.0
29,273.0,0.0,0.0
30,273.0,0.0,0.0
31,273.0,0.22685681644813904,0.0
32,273.0,0.020483643581441613,0.0
33,273.0,0.0927942610503073,0.0
34,273.0,0.017054602698114874,0.0
35,273.0,0.021732051365739413,0.0
36,273.0,0.07399211130129513,0.0
37,273.0,0.030200388609490925,0.0
38,273.0,0.037628698035802155,0.0
39,273.0,0.0,0.0
40,273.0,0.0,0.0
41,273.0,0.0,0.0
42,273.0,0.0,0.0
43,273.0,0.18582192708016299,0.0
44,273.0,0.0,0.0
45,273.0,0.0,0.0
46,273.0,0.0,0.0
47,273.0,0.0,0.0
48,273.0,0.0,0.0
49,273.0,0.0017340510218113447,0.0
50,273.0,0.0,0.0
1,274.0,0.0,0.0
2,274.0,0.09348671424088029,0.0
3,274.0,0.0,0.0
4,274.0,0.059857694030585495,0.0
5,274.0,0.0,0.0
6,274.0,0.0,0.0
7,274.0,0.001745335736230369,0.0
8,274.0,0.10161435696071641,0.0
9,274.0,0.1817441543615428,0.0
10,274.0,0.31250276428047885,0.0
11,274.0,0.20200237539846178,0.0
12,274.0,0.0,0.0
13,274.0,0.0,0.0
14,274.0,0.0,0.0
15,274.0,0.020904622674368878,0.0
16,274.0,0.0,0.0
17,274.0,0.20042464966866924,0.0
18,274.0,0.0,0.0
19,274.0,0.061783094843085196,0.0
20,274.0,0.012329287286093171,0.0
21,274.0,0.0,0.0
22,274.0,0.007876899048202768,0.0
23,274.0,0.0,0.0
24,274.0,0.2203934953838529,0.0
25,274.0,0.1234390419354362,0.0
26,274.0,0.0,0.0
27,274.0,0.15190853861503884,0.0
28,274.0,0.013514471641974946,0.0
29,274.0,0.0,0.0
30,274.0,0.1740473580023203,0.0
31,274.0,0.021132280577247253,0.0
32,274.0,0.0,0.0
33,274.0,0.025863430803883536,0.0
34,274.0,0.09002522696886506,0.0
35,274.0,0.08437062115742722,0.0
36,274.0,0.13332061766699477,0.0
37,274.0,0.0,0.0
38,274.0,0.0768286017739438,0.0
39,274.0,0.0,0.0
40,274.0,0.2677055398750038,0.0
41,274.0,0.0,0.0
42,274.0,0.0,0.0
43,274.0,0.13866462423867654,0.0
44,274.0,0.1914606309309942,0.0
45,274.0,0.054026188535531205,0.0
46,274.0,0.0,0.0
47,274.0,0.12818218875928966,0.0
48,274.0,0.21543972019143054,0.0
49,274.0,0.0,0.0
50,274.0,0.056455383783981405,0.0
1,275.0,0.0,0.0
2,275.0,0.18926675375340185,0.0
3,275.0,0.0,0.0
4,275.0,0.24520918469496722,0.0
5,275.0,0.0,0.0
6,275.0,0.0,0.0
7,275.0,0.2453326997495815,0.0
8,275.0,0.04580351837019658,0.0
9,275.0,0.0,0.0
10,275.0,0.35771894917870806,0.0
11,275.0,0.016680551356751727,0.0
12,275.0,0.0,0.0
13,275.0,0.162305033632961,0.0
14,275.0,0.2393400040483361,0.0
15,275.0,0.01314641019406837,0.0
16,275.0,0.16934360661111547,0.0
17,275.0,0.1618345623575691,0.0
18,275.0,0.1317623140586306,0.0
19,275.0,0.14383375421000766,0.0
20,275.0,0.0,0.0
21,275.0,0.01438202965317803,0.0
22,275.0,0.11679416618949812,0.0
23,275.0,0.20301144824708672,0.0
24,275.0,0.24981701503658615,0.0
25,275.0,0.0,0.0
26,275.0,0.0,0.0
27,275.0,0.06486872516152409,0.0
28,275.0,0.0,0.0
29,275.0,0.0,0.0
30,275.0,0.12119844393148427,0.0
31,275.0,0.0,0.0
32,275.0,0.0,0.0
33,275.0,0.06093750048620894,0.0
34,275.0,0.10977668988538603,0.0
35,275.0,0.02843834307359072,0.0
36,275.0,0.0,0.0
37,275.0,0.0,0.0
38,275.0,0.0,0.0
39,275.0,0.010963494965908982,0.0
40,275.0,0.0,0.0
41,275.0,0.0,0.0
42,275.0,0.32399515856229044,0.0
43,275.0,0.02297866089896139,0.0
44,275.0,0.047492399081528136,0.0
45,275.0,0.0,0.0
46,275.0,0.0,0.0
47,275.0,0.022384694344505296,0.0
48,275.0,0.0,0.0
49,275.0,0.0,0.0
50,275.0,0.4905677237871864,0.0
1,276.0,0.0,0.0
2,276.0,0.12825119716493294,0.0
3,276.0,0.0,0.0
4,276.0,0.0,0.0
5,276.0,0.03966709247055411,0.0
6,276.0,0.007340392841930221,0.0
7,276.0,0.4048289419346496,0.0
8,276.0,0.0,0.0
9,276.0,0.0989835753802053,0.0
10,276.0,0.14576409548606128,0.0
11,276.0,0.14175959829732154,0.0
12,276.0,0.4761346183650256,0.0
13,276.0,0.28749101837225577,0.0
14,276.0,0.00988446958452005,0.0
15,276.0,0.0,0.0
16,276.0,0.0,0.0
17,276.0,0.060118807326880686,0.0
18,276.0,0.14164048369969728,0.0
19,276.0,0.0,0.0
20,276.0,0.0,0.0
21,276.0,0.0,0.0
22,276.0,0.0,0.0
23,276.0,0.04328326812120942,0.0
24,276.0,0.0,0.0
25,276.0,0.047522519744151004,0.0
26,276.0,0.0,0.0
27,276.0,0.001954086892703044,0.0
28,276.0,0.011735680023026163,0.0
29,276.0,0.0,0.0
30,276.0,0.0,0.0
31,276.0,0.0,0.0
32,276.0,0.0,0.0
33,276.0,0.1069739612656665,0.0
34,276.0,0.0,0.0
35,276.0,0.06682434658389769,0.0
36,276.0,0.0,0.0
37,276.0,0.0,0.0
38,276.0,0.1092039915553048,0.0
39,276.0,0.11097078942847272,0.0
40,276.0,0.0,0.0
41,276.0,0.0,0.0
42,276.0,0.08531143002806596,0.0
43,276.0,0.2435286658101865,0.0
44,276.0,0.0,0.0
45,276.0,0.0,0.0
46,276.0,0.04218483331034839,0.0
47,276.0,0.013539829297676942,0.0
48,276.0,0.0,0.0
49,276.0,0.003692706736576179,0.0
50,276.0,0.10333297546566145,0.0
1,277.0,0.0,0.0
2,277.0,0.0014961316317158024,0.0
3,277.0,0.1837163437592777,0.0
4,277.0,0.0,0.0
5,277.0,0.020225824359461075,0.0
6,277.0,0.07346100540761336,0.0
7,277.0,0.164466550781321,0.0
8,277.0,0.1964049896643738,0.0
9,277.0,0.0,0.0
10,277.0,0.04751952683055116,0.0
11,277.0,0.0,0.0
12,277.0,0.0,0.0
13,277.0,0.12121850171002369,0.0
14,277.0,0.0,0.0
15,277.0,0.059470625550606004,0.0
16,277.0,0.0,0.0
17,277.0,0.14110452224797143,0.0
18,277.0,0.15180943793728985,0.0
19,277.0,0.0,0.0
20,277.0,0.132811381349201,0.0
21,277.0,0.0377996407964627,0.0
22,277.0,0.0,0.0
23,277.0,0.05924074019594672,0.0
24,277.0,0.0,0.0
25,277.0,0.0,0.0
26,277.0,0.06546132141997141,0.0
27,277.0,0.0,0.0
28,277.0,0.099424616279979,0.0
29,277.0,0.046569039182071115,0.0
30,277.0,0.0,0.0
31,277.0,0.0,0.0
32,277.0,0.0,0.0
33,277.0,0.17209311682282336,0.0
34,277.0,0.23473767757807773,0.0
35,277.0,0.10229164014071013,0.0
36,277.0,0.14960895453441814,0.0
37,277.0,0.23894251893029927,0.0
38,277.0,0.06551494186534634,0.0
39,277.0,0.015289035252140759,0.0
40,277.0,0.245693853525757,0.0
41,277.0,0.0,0.0
42,277.0,0.04160274542160192,0.0
43,277.0,0.0,0.0
44,277.0,0.0,0.0
45,277.0,0.0,0.0
46,277.0,0.0,0.0
47,277.0,0.0,0.0
48,277.0,0.0,0.0
49,277.0,0.0,0.0
50,277.0,0.0,0.0
1,278.0,0.20763413565750377,0.0
2,278.0,0.16097166023026066,0.0
3,278.0,0.0,0.0
4,278.0,0.2600551676090792,0.0
5,278.0,0.0,0.0
6,278.0,0.03502047425507848,0.0
7,278.0,0.0,0.0
8,278.0,0.06476498356492977,0.0
9,278.0,0.0,0.0
10,278.0,0.26606984868415884,0.0
11,278.0,0.149156411839796,0.0
12,278.0,0.04212019327783301,0.0
13,278.0,0.0,0.0
14,278.0,0.04252294032323545,0.0
15,278.0,0.0,0.0
16,278.0,0.09709007075654685,0.0
17,278.0,0.1049869239690131,0.0
18,278.0,0.0,0.0
19,278.0,0.06452353574637171,0.0
20,278.0,0.0,0.0
21,278.0,0.09550264935605013,0.0
22,278.0,0.3353527740782315,0.0
23,278.0,0.12862992505072812,0.0
24,278.0,0.0,0.0
25,278.0,0.011083401648203872,0.0
26,278.0,0.5159323769611861,0.0
27,278.0,0.1481714676675041,0.0
28,278.0,0.4448101520506761,0.0
29,278.0,0.03712092479278384,0.0
30,278.0,0.2261368082779135,0.0
31,278.0,0.2182912703573835,0.0
32,278.0,0.21777033250448796,0.0
33,278.0,0.0,0.0
34,278.0,0.060480312983453244,0.0
35,278.0,0.0,0.0
36,278.0,0.0,0.0
37,278.0,0.01654375427167032,0.0
38,278.0,0.12999651609781337,0.0
39,278.0,0.0,0.0
40,278.0,0.0,0.0
41,278.0,0.0,0.0
42,278.0,0.0,0.0
43,278.0,0.0,0.0
44,278.0,0.0,0.0
45,278.0,0.0,0.0
46,278.0,0.0,0.0
47,278.0,0.0,0.0
48,278.0,0.004499415059256995,0.0
49,278.0,0.07396991912506812,0.0
50,278.0,0.22636245867526084,0.0
1,279.0,0.017024995965459033,0.0
2,279.0,0.19114302312784948,0.0
3,279.0,0.0,0.0
4,279.0,0.1419446786343439,0.0
5,279.0,0.0,0.0
6,279.0,0.0,0.0
7,279.0,0.1352128628708692,0.0
8,279.0,0.0,0.0
9,279.0,0.0,0.0
10,279.0,0.07603594603863362,0.0
11,279.0,0.0,0.0
12,279.0,0.0,0.0
13,279.0,0.0,0.0
14,279.0,0.0,0.0
15,279.0,0.0,0.0
16,279.0,0.1650264733784207,0.0
17,279.0,0.0,0.0
18,279.0,0.0,0.0
19,279.0,0.0,0.0
20,279.0,0.0,0.0
21,279.0,0.011835391777102688,0.0
22,279.0,0.0,0.0
23,279.0,0.19302457916999582,0.0
24,279.0,0.1908436164302485,0.0
25,279.0,0.0,0.0
26,279.0,0.0,0.0
27,279.0,0.0,0.0
28,279.0,0.0,0.0
29,279.0,0.1559773971647349,0.0
30,279.0,0.0032771116181896653,0.0
31,279.0,0.0,0.0
32,279.0,0.0,0.0
33,279.0,0.04978254952674177,0.0
34,279.0,0.0,0.0
35,279.0,0.0,0.0
36,279.0,0.08956355674356975,0.0
37,279.0,0.29941326434480153,0.0
38,279.0,0.043177228186917826,0.0
39,279.0,0.06282222827038642,0.0
40,279.0,0.10183296664842667,0.0
41,279.0,0.16655440564018786,0.0
42,279.0,0.0,0.0
43,279.0,0.22410206851022885,0.0
44,279.0,0.012434761238930836,0.0
45,279.0,0.0,0.0
46,279.0,0.0,0.0
47,279.0,0.10157202864825454,0.0
48,279.0,0.2117084941498244,0.0
49,279.0,0.0,0.0
50,279.0,0.0,0.0
1,280.0,0.12768521562930335,0.0
2,280.0,0.06178912796541236,0.0
3,280.0,0.0,0.0
4,280.0,0.0,0.0
5,280.0,0.0,0.0
6,280.0,0.16395618139201085,0.0
7,280.0,0.11093413520846851,0.0
8,280.0,0.029043193395566047,0.0
9,280.0,0.16990019853606353,0.0
10,280.0,0.0,0.0
11,280.0,0.0,0.0
12,280.0,0.0,0.0
13,280.0,0.034355331748735285,0.0
14,280.0,0.15357930444399293,0.0
15,280.0,0.0486670402039977,0.0
16,280.0,0.19805863464353823,0.0
17,280.0,0.03678714965956564,0.0
18,280.0,0.0,0.0
19,280.0,0.0,0.0
20,280.0,0.0,0.0
21,280.0,0.07563557828216905,0.0
22,280.0,0.10031151340309308,0.0
23,280.0,0.0,0.0
24,280.0,0.0035141934440935385,0.0
25,280.0,0.0,0.0
26,280.0,0.10196054061049842,0.0
27,280.0,0.04265790851455353,0.0
28,280.0,0.10718830072526397,0.0
29,280.0,0.0,0.0
30,280.0,0.272249532804982,0.0
31,280.0,0.0,0.0
32,280.0,0.0,0.0
33,280.0,0.06087945134811723,0.0
34,280.0,0.0,0.0
35,280.0,0.0,0.0
36,280.0,0.22056085556119798,0.0
37,280.0,0.30359519644214217,0.0
38,280.0,0.03565281595214487,0.0
39,280.0,0.0,0.0
40,280.0,0.09020755106085543,0.0
41,280.0,0.08090628262224953,0.0
42,280.0,0.0,0.0
43,280.0,0.10214972266903721,0.0
44,280.0,0.03970405675144262,0.0
45,280.0,0.18066323646808113,0.0
46,280.0,0.24263645715332316,0.0
47,280.0,0.07431958541542061,0.0
48,280.0,0.07950715549568099,0.0
49,280.0,0.1741524071629219,0.0
50,280.0,0.06478643699479825,0.0
1,281.0,0.1135223386355132,0.0
2,281.0,0.0,0.0
3,281.0,0.11993993925484947,0.0
4,281.0,0.2678793780933171,0.0
5,281.0,0.22919488237862573,0.0
6,281.0,0.0,0.0
7,281.0,0.13688529139822458,0.0
8,281.0,0.09794332941998485,0.0
9,281.0,0.17602026316661412,0.0
10,281.0,0.0198195967975483,0.0
11,281.0,0.15950717089198263,0.0
12,281.0,0.014091254751478433,0.0
13,281.0,0.0,0.0
14,281.0,0.0019287086425592292,0.0
15,281.0,0.0,0.0
16,281.0,0.01955719098498243,0.0
17,281.0,0.36327259662553346,0.0
18,281.0,0.04201031262958255,0.0
19,281.0,0.0,0.0
20,281.0,0.0,0.0
21,281.0,0.0,0.0
22,281.0,0.0,0.0
23,281.0,0.0005020091375298463,0.0
24,281.0,0.0,0.0
25,281.0,0.045993688063792115,0.0
26,281.0,0.0,0.0
27,281.0,0.032527180287025725,0.0
28,281.0,0.0,0.0
29,281.0,0.03487127845791416,0.0
30,281.0,0.25058758752399635,0.0
31,281.0,0.016665672711134838,0.0
32,281.0,0.0,0.0
33,281.0,0.0,0.0
34,281.0,0.11494640601260608,0.0
35,281.0,0.10423270274739171,0.0
36,281.0,0.17015217528145787,0.0
37,281.0,0.0028143489649438136,0.0
38,281.0,0.0,0.0
39,281.0,0.0,0.0
40,281.0,0.0,0.0
41,281.0,0.0,0.0
42,281.0,0.0,0.0
43,281.0,0.0,0.0
44,281.0,0.0,0.0
45,281.0,0.3747894115007977,0.0
46,281.0,0.34772387665551263,0.0
47,281.0,0.0,0.0
48,281.0,0.11343870905729159,0.0
49,281.0,0.3672871215441603,0.0
50,281.0,0.0,0.0
1,282.0,0.03840423234163237,0.0
2,282.0,0.07092298946820585,0.0
3,282.0,0.042394430383491,0.0
4,282.0,0.15911413068903713,0.0
5,282.0,0.1441714957021023,0.0
6,282.0,0.0,0.0
7,282.0,0.1519052664210886,0.0
8,282.0,0.18138281901597986,0.0
9,282.0,0.05700566111999816,0.0
10,282.0,0.0,0.0
11,282.0,0.3154377156807515,0.0
12,282.0,0.0,0.0
13,282.0,0.02027103540180142,0.0
14,282.0,0.004475443345758556,0.0
15,282.0,0.28536015762503586,0.0
16,282.0,0.10615997013534406,0.0
17,282.0,0.013543731284730298,0.0
18,282.0,0.0,0.0
19,282.0,0.0,0.0
20,282.0,0.0,0.0
21,282.0,0.01846752358281356,0.0
22,282.0,0.10668276703703095,0.0
23,282.0,0.09268322640696303,0.0
24,282.0,0.26891303046228,0.0
25,282.0,0.0,0.0
26,282.0,0.08536613986379538,0.0
27,282.0,0.183530168138472,0.0
28,282.0,0.20312718954478215,0.0
29,282.0,0.25012160418147544,0.0
30,282.0,0.0,0.0
31,282.0,0.01718162833143211,0.0
32,282.0,0.07425447411164088,0.0
33,282.0,0.0,0.0
34,282.0,0.0,0.0
35,282.0,0.0,0.0
36,282.0,0.0680733684129039,0.0
37,282.0,0.0,0.0
38,282.0,0.04030678015737621,0.0
39,282.0,0.0,0.0
40,282.0,0.08506145556828237,0.0
41,282.0,0.0,0.0
42,282.0,0.0,0.0
43,282.0,0.0,0.0
44,282.0,0.0,0.0
45,282.0,0.11849273509566927,0.0
46,282.0,0.0,0.0
47,282.0,0.09563560307562924,0.0
48,282.0,0.14377448625014533,0.0
49,282.0,0.0,0.0
50,282.0,0.27329531173307386,0.0
1,283.0,0.0,0.0
2,283.0,0.0719538423754047,0.0
3,283.0,0.13722439618231408,0.0
4,283.0,0.0,0.0
5,283.0,0.007410153128455721,0.0
6,283.0,0.0,0.0
7,283.0,0.0,0.0
8,283.0,0.0,0.0
9,283.0,0.0,0.0
10,283.0,0.0,0.0
11,283.0,0.021343313545534537,0.0
12,283.0,0.04444045875129343,0.0
13,283.0,0.0,0.0
14,283.0,0.18121428416753316,0.0
15,283.0,0.03652683933958323,0.0
16,283.0,0.32281015827880133,0.0
17,283.0,0.0,0.0
18,283.0,0.11725358356290405,0.0
19,283.0,0.17105940773948758,0.0
20,283.0,0.0020538512675107867,0.0
21,283.0,0.1639976061753795,0.0
22,283.0,0.0,0.0
23,283.0,0.12543505291324697,0.0
24,283.0,0.07009241677462341,0.0
25,283.0,0.0,0.0
26,283.0,0.0022772917822894145,0.0
27,283.0,0.037521173018593146,0.0
28,283.0,0.059862365114730975,0.0
29,283.0,0.0,0.0
30,283.0,0.175771583488455,0.0
31,283.0,0.0,0.0
32,283.0,0.0,0.0
33,283.0,0.04167230175610015,0.0
34,283.0,0.0,0.0
35,283.0,0.0,0.0
36,283.0,0.0,0.0
37,283.0,0.27800333270380784,0.0
38,283.0,0.0,0.0
39,283.0,0.0,0.0
40,283.0,0.0,0.0
41,283.0,0.3043897332379938,0.0
42,283.0,0.024043680948788282,0.0
43,283.0,0.0,0.0
44,283.0,0.0,0.0
45,283.0,0.0,0.0
46,283.0,0.0,0.0
47,283.0,0.0,0.0
48,283.0,0.1565036100636904,0.0
49,283.0,0.0,0.0
50,283.0,0.0,0.0
1,284.0,0.38075665201105247,0.0
2,284.0,0.0,0.0
3,284.0,0.0,0.0
4,284.0,0.0544872667087507,0.0
5,284.0,0.0,0.0
6,284.0,0.06539645239584357,0.0
7,284.0,0.16013477157888312,0.0
8,284.0,0.0553672816200228,0.0
9,284.0,0.0,0.0
10,284.0,0.006760083249509052,0.0
11,284.0,0.06594513061199836,0.0
12,284.0,0.031941690572818704,0.0
13,284.0,0.04245903454265265,0.0
14,284.0,0.0,0.0
15,284.0,0.0,0.0
16,284.0,0.030635475329609863,0.0
17,284.0,0.08041225577571343,0.0
18,284.0,0.0,0.0
19,284.0,0.0,0.0
20,284.0,0.07664439706297665,0.0
21,284.0,0.2076302803972182,0.0
22,284.0,0.0,0.0
23,284.0,0.25951937365818645,0.0
24,284.0,0.0,0.0
25,284.0,0.1652405120979289,0.0
26,284.0,0.1765911593462215,0.0
27,284.0,0.0,0.0
28,284.0,0.0,0.0
29,284.0,0.15045716788279784,0.0
30,284.0,0.0,0.0
31,284.0,0.007318536246308183,0.0
32,284.0,0.09213218364937481,0.0
33,284.0,0.0,0.0
34,284.0,0.0,0.0
35,284.0,0.19302433654466233,0.0
36,284.0,0.028286460276205183,0.0
37,284.0,0.0,0.0
38,284.0,0.0,0.0
39,284.0,0.0,0.0
40,284.0,0.0,0.0
41,284.0,0.038337280022864406,0.0
42,284.0,0.058147055769304234,0.0
43,284.0,0.06239734169564359,0.0
44,284.0,0.0,0.0
45,284.0,0.2597184576863826,0.0
46,284.0,0.0,0.0
47,284.0,0.013470137145809247,0.0
48,284.0,0.0,0.0
49,284.0,0.0,0.0
50,284.0,0.03491868576701085,0.0
1,285.0,0.14387441489584063,0.0
2,285.0,0.0,0.0
3,285.0,0.26400286548075635,0.0
4,285.0,0.0,0.0
5,285.0,0.0,0.0
6,285.0,0.07822889797849608,0.0
7,285.0,0.01725170347643412,0.0
8,285.0,0.0,0.0
9,285.0,0.0,0.0
10,285.0,0.0,0.0
11,285.0,0.0,0.0
12,285.0,0.005976065676864373,0.0
13,285.0,0.5466392571948901,0.0
14,285.0,0.14097276078763055,0.0
15,285.0,0.0,0.0
16,285.0,0.0,0.0
17,285.0,0.22896143174314865,0.0
18,285.0,0.31626653222787404,0.0
19,285.0,0.0,0.0
20,285.0,0.0766338839851124,0.0
21,285.0,0.13487660148850877,0.0
22,285.0,0.2697647368082985,0.0
23,285.0,0.0,0.0
24,285.0,0.12028837416123728,0.0
25,285.0,0.07112920354950214,0.0
26,285.0,0.0,0.0
27,285.0,0.0,0.0
28,285.0,0.25990536892974014,0.0
29,285.0,0.0,0.0
30,285.0,0.049900165247706574,0.0
31,285.0,0.2750916191996876,0.0
32,285.0,0.0,0.0
33,285.0,0.013885478166633991,0.0
34,285.0,0.0,0.0
35,285.0,0.0,0.0
36,285.0,0.1638886389512365,0.0
37,285.0,0.0,0.0
38,285.0,0.0,0.0
39,285.0,0.017781798461450782,0.0
40,285.0,0.0,0.0
41,285.0,0.0,0.0
42,285.0,0.0,0.0
43,285.0,0.0,0.0
44,285.0,0.05094243567089218,0.0
45,285.0,0.6301580413508931,0.0
46,285.0,0.2739296888522855,0.0
47,285.0,0.14914745030062249,0.0
48,285.0,0.05948048822580376,0.0
49,285.0,0.0,0.0
50,285.0,0.3337141242685293,0.0
1,286.0,0.1459593293203284,0.0
2,286.0,0.0,0.0
3,286.0,0.027616134101278167,0.0
4,286.0,0.056418981433333126,0.0
5,286.0,0.11374570618496338,0.0
6,286.0,0.0,0.0
7,286.0,0.0,0.0
8,286.0,0.15291663454388904,0.0
9,286.0,0.0,0.0
10,286.0,0.02405022046470906,0.0
11,286.0,0.0,0.0
12,286.0,0.04751239550094488,0.0
13,286.0,0.1290120708777347,0.0
14,286.0,0.0,0.0
15,286.0,0.0,0.0
16,286.0,0.012304484788021042,0.0
17,286.0,0.0,0.0
18,286.0,0.035874394730760595,0.0
19,286.0,0.0,0.0
20,286.0,0.07846405922623123,0.0
21,286.0,0.08822647945492168,0.0
22,286.0,0.15212038265424377,0.0
23,286.0,0.016142988749639153,0.0
24,286.0,0.08595650842079194,0.0
25,286.0,0.0,0.0
26,286.0,0.0,0.0
27,286.0,0.09843513676937954,0.0
28,286.0,0.047515280648093405,0.0
29,286.0,0.0,0.0
30,286.0,0.19827146604541435,0.0
31,286.0,0.03434063873205684,0.0
32,286.0,0.0,0.0
33,286.0,0.046026089735934916,0.0
34,286.0,0.0,0.0
35,286.0,0.0,0.0
36,286.0,0.102721127887489,0.0
37,286.0,0.0,0.0
38,286.0,0.0,0.0
39,286.0,0.0,0.0
40,286.0,0.22292228143823622,0.0
41,286.0,0.0,0.0
42,286.0,0.27480284336076666,0.0
43,286.0,0.0,0.0
44,286.0,0.0,0.0
45,286.0,0.30457067392924964,0.0
46,286.0,0.0,0.0
47,286.0,0.09871457493080527,0.0
48,286.0,0.0,0.0
49,286.0,0.03815622857330536,0.0
50,286.0,0.010729785198346886,0.0
1,287.0,0.24172640531010237,0.0
2,287.0,0.13446215793301985,0.0
3,287.0,0.0,0.0
4,287.0,0.0,0.0
5,287.0,0.0,0.0
6,287.0,0.0,0.0
7,287.0,0.0,0.0
8,287.0,0.0,0.0
9,287.0,0.1279457815276681,0.0
10,287.0,0.0,0.0
11,287.0,0.017286137248994304,0.0
12,287.0,0.0,0.0
13,287.0,0.0006664750458023061,0.0
14,287.0,0.0,0.0
15,287.0,0.0,0.0
16,287.0,0.07627285021696006,0.0
17,287.0,0.2956126851338591,0.0
18,287.0,0.0,0.0
19,287.0,0.0688508400348733,0.0
20,287.0,0.0,0.0
21,287.0,0.0,0.0
22,287.0,0.0,0.0
23,287.0,0.0,0.0
24,287.0,0.0,0.0
25,287.0,0.22572553036093657,0.0
26,287.0,0.06291359048262568,0.0
27,287.0,0.21171332566917778,0.0
28,287.0,0.05340139041511516,0.0
29,287.0,0.11549380889093641,0.0
30,287.0,0.08577517555239256,0.0
31,287.0,0.4358967472486539,0.0
32,287.0,0.0,0.0
33,287.0,0.0,0.0
34,287.0,0.06310352328031077,0.0
35,287.0,0.15643997075827198,0.0
36,287.0,0.22686054926821764,0.0
37,287.0,0.0,0.0
38,287.0,0.12235928035698351,0.0
39,287.0,0.0,0.0
40,287.0,0.19350859762386774,0.0
41,287.0,0.0,0.0
42,287.0,0.3452138046367331,0.0
43,287.0,0.2686634223184178,0.0
44,287.0,0.0,0.0
45,287.0,0.24421251377411668,0.0
46,287.0,0.0,0.0
47,287.0,0.03495363058083223,0.0
48,287.0,0.0,0.0
49,287.0,0.0,0.0
50,287.0,0.0,0.0
1,288.0,0.007307487766148535,0.0
2,288.0,0.0,0.0
3,288.0,0.0,0.0
4,288.0,0.0,0.0
5,288.0,0.0,0.0
6,288.0,0.0,0.0
7,288.0,0.0,0.0
8,288.0,0.14692391802127058,0.0
9,288.0,0.02304130760759482,0.0
10,288.0,0.311766908491505,0.0
11,288.0,0.031937137929499815,0.0
12,288.0,0.0,0.0
13,288.0,0.0,0.0
14,288.0,0.0,0.0
15,288.0,0.07871343446739187,0.0
16,288.0,0.20297530217543058,0.0
17,288.0,0.03894022183342849,0.0
18,288.0,0.10996908538605421,0.0
19,288.0,0.1485876346828584,0.0
20,288.0,0.009307327321196435,0.0
21,288.0,0.05782880533538737,0.0
22,288.0,0.06320171660132146,0.0
23,288.0,0.05171599639383484,0.0
24,288.0,0.292197856498433,0.0
25,288.0,0.09913945607003594,0.0
26,288.0,0.4426396359169038,0.0
27,288.0,0.2307396791203048,0.0
28,288.0,0.0,0.0
29,288.0,0.1511063036655509,0.0
30,288.0,0.0,0.0
31,288.0,0.0,0.0
32,288.0,0.0,0.0
33,288.0,0.23487340212004204,0.0
34,288.0,0.10895863323106414,0.0
35,288.0,0.0,0.0
36,288.0,0.0,0.0
37,288.0,0.043990473041038314,0.0
38,288.0,0.0,0.0
39,288.0,0.0,0.0
40,288.0,0.0,0.0
41,288.0,0.0,0.0
42,288.0,0.0,0.0
43,288.0,0.034513283023436814,0.0
44,288.0,0.034547560002794464,0.0
45,288.0,0.0,0.0
46,288.0,0.0,0.0
47,288.0,0.006559281950530682,0.0
48,288.0,0.0,0.0
49,288.0,0.08122930187357769,0.0
50,288.0,0.0,0.0
1,289.0,0.0,0.0
2,289.0,0.0,0.0
3,289.0,0.0,0.0
4,289.0,0.07995062883374604,0.0
5,289.0,0.0,0.0
6,289.0,0.0,0.0
7,289.0,0.0,0.0
8,289.0,0.006326765424756076,0.0
9,289.0,0.08061911113653408,0.0
10,289.0,0.0343301316583533,0.0
11,289.0,0.0,0.0
12,289.0,0.0,0.0
13,289.0,0.0,0.0
14,289.0,0.0,0.0
15,289.0,0.0,0.0
16,289.0,0.0,0.0
17,289.0,0.0,0.0
18,289.0,0.0,0.0
19,289.0,0.21352715408796008,0.0
20,289.0,0.0,0.0
21,289.0,0.10981552051240862,0.0
22,289.0,0.003697388653145728,0.0
23,289.0,0.1841996869241629,0.0
24,289.0,0.0,0.0
25,289.0,0.0,0.0
26,289.0,0.0483806324284507,0.0
27,289.0,0.17465147977083306,0.0
28,289.0,0.024085977158886607,0.0
29,289.0,0.0,0.0
30,289.0,0.0,0.0
31,289.0,0.0927474390891011,0.0
32,289.0,0.0,0.0
33,289.0,0.13754342382010398,0.0
34,289.0,0.043865177928604226,0.0
35,289.0,0.0,0.0
36,289.0,0.04179326613869605,0.0
37,289.0,0.0,0.0
38,289.0,0.0,0.0
39,289.0,0.1487852560412728,0.0
40,289.0,0.0,0.0
41,289.0,0.04536169036567628,0.0
42,289.0,0.0,0.0
43,289.0,0.20991987652611965,0.0
44,289.0,0.004792217167781554,0.0
45,289.0,0.0,0.0
46,289.0,0.1354787280843649,0.0
47,289.0,0.0,0.0
48,289.0,0.0,0.0
49,289.0,0.027471065333777522,0.0
50,289.0,0.0,0.0
1,290.0,0.187312860899693,0.0
2,290.0,0.13631822275133887,0.0
3,290.0,0.20885396308328896,0.0
4,290.0,0.0,0.0
5,290.0,0.0,0.0
6,290.0,0.18949041990651827,0.0
7,290.0,0.0,0.0
8,290.0,0.0,0.0
9,290.0,0.0,0.0
10,290.0,0.0,0.0
11,290.0,0.15893906634995947,0.0
12,290.0,0.0,0.0
13,290.0,0.0,0.0
14,290.0,0.0021415497325251165,0.0
15,290.0,0.2281067824751335,0.0
16,290.0,0.07399882721557383,0.0
17,290.0,0.038858596625746755,0.0
18,290.0,0.0,0.0
19,290.0,0.0,0.0
20,290.0,0.0,0.0
21,290.0,0.0018367253510911397,0.0
22,290.0,0.007713887814985498,0.0
23,290.0,0.09469663647361537,0.0
24,290.0,0.0,0.0
25,290.0,0.0793826215612573,0.0
26,290.0,0.06314850612098966,0.0
27,290.0,0.018579601503493248,0.0
28,290.0,0.06454413244815904,0.0
29,290.0,0.0,0.0
30,290.0,0.0629650953779548,0.0
31,290.0,0.1274851458321683,0.0
32,290.0,0.0,0.0
33,290.0,0.0,0.0
34,290.0,0.14157746653161662,0.0
35,290.0,0.0,0.0
36,290.0,0.024342416328486327,0.0
37,290.0,0.023031395673581367,0.0
38,290.0,0.0,0.0
39,290.0,0.1428369103591638,0.0
40,290.0,0.018093912854688088,0.0
41,290.0,0.0,0.0
42,290.0,0.0,0.0
43,290.0,0.009567363450105115,0.0
44,290.0,0.30752078365093827,0.0
45,290.0,0.1426537517167772,0.0
46,290.0,0.0,0.0
47,290.0,0.0,0.0
48,290.0,0.0,0.0
49,290.0,0.0,0.0
50,290.0,0.0,0.0
1,291.0,0.0,0.0
2,291.0,0.050720503112464344,0.0
3,291.0,0.2099158072217493,0.0
4,291.0,0.055664115329742136,0.0
5,291.0,0.0,0.0
6,291.0,0.2684860018528087,0.0
7,291.0,0.0694636931035073,0.0
8,291.0,0.0,0.0
9,291.0,0.1445456020275565,0.0
10,291.0,0.08244025877438277,0.0
11,291.0,0.0,0.0
12,291.0,0.0,0.0
13,291.0,0.0,0.0
14,291.0,0.46448752397228077,0.0
15,291.0,0.1808530656905032,0.0
16,291.0,0.06403706064427017,0.0
17,291.0,0.0,0.0
18,291.0,0.0,0.0
19,291.0,0.0,0.0
20,291.0,0.0,0.0
21,291.0,0.055255825171935724,0.0
22,291.0,0.13612532434226798,0.0
23,291.0,0.0,0.0
24,291.0,0.043212996005911775,0.0
25,291.0,0.0,0.0
26,291.0,0.0,0.0
27,291.0,0.0,0.0
28,291.0,0.09019272534424161,0.0
29,291.0,0.0,0.0
30,291.0,0.13874127942627357,0.0
31,291.0,0.14808343012204406,0.0
32,291.0,0.1629172793649436,0.0
33,291.0,0.09646829726329498,0.0
34,291.0,0.0,0.0
35,291.0,0.028093123279692822,0.0
36,291.0,0.08455575707772756,0.0
37,291.0,0.18980098984520533,0.0
38,291.0,0.0,0.0
39,291.0,0.0,0.0
40,291.0,0.019113526279096016,0.0
41,291.0,0.1594817101276672,0.0
42,291.0,0.0,0.0
43,291.0,0.23117373775885264,0.0
44,291.0,0.0,0.0
45,291.0,0.11286881088694489,0.0
46,291.0,0.0,0.0
47,291.0,0.0,0.0
48,291.0,0.0,0.0
49,291.0,0.0,0.0
50,291.0,0.08734614427338305,0.0
1,292.0,0.08354254337288303,0.0
2,292.0,0.06715356466200528,0.0
3,292.0,0.0,0.0
4,292.0,0.0,0.0
5,292.0,0.0,0.0
6,292.0,0.015455524242374619,0.0
7,292.0,0.45601507500857197,0.0
8,292.0,0.2798854355136411,0.0
9,292.0,0.017678141607779585,0.0
10,292.0,0.18206815088638917,0.0
11,292.0,0.15402971030343715,0.0
12,292.0,0.0,0.0
13,292.0,0.36307784063314497,0.0
14,292.0,0.019392670195218287,0.0
15,292.0,0.0,0.0
16,292.0,0.0,0.0
17,292.0,0.0,0.0
18,292.0,0.24204387709282238,0.0
19,292.0,0.03397790677202328,0.0
20,292.0,0.0,0.0
21,292.0,0.0,0.0
22,292.0,0.1678133382589535,0.0
23,292.0,0.0,0.0
24,292.0,0.15828712849666837,0.0
25,292.0,0.2561861671423482,0.0
26,292.0,0.2290268488680407,0.0
27,292.0,0.0,0.0
28,292.0,0.0,0.0
29,292.0,0.08994875918344691,0.0
30,292.0,0.19328802199609219,0.0
31,292.0,0.2382710113467128,0.0
32,292.0,0.04610093023642492,0.0
33,292.0,0.1640115301999473,0.0
34,292.0,0.010465679460446187,0.0
35,292.0,0.0,0.0
36,292.0,0.0,0.0
37,292.0,0.10865016701672658,0.0
38,292.0,0.0,0.0
39,292.0,0.0,0.0
40,292.0,0.24368511646219804,0.0
41,292.0,0.02754939475590701,0.0
42,292.0,0.0,0.0
43,292.0,0.005949319414661369,0.0
44,292.0,0.06146223543936835,0.0
45,292.0,0.0,0.0
46,292.0,0.0,0.0
47,292.0,0.0,0.0
48,292.0,0.0,0.0
49,292.0,0.02685330177035572,0.0
50,292.0,0.0,0.0
1,293.0,0.20780916214238188,0.0
2,293.0,0.14933063781823885,0.0
3,293.0,0.0,0.0
4,293.0,0.11125493102250872,0.0
5,293.0,0.0,0.0
6,293.0,0.024614484947790838,0.0
7,293.0,0.1729861411312169,0.0
8,293.0,0.22383042559544675,0.0
9,293.0,0.001038203639167845,0.0
10,293.0,0.0,0.0
11,293.0,0.3249622270289545,0.0
12,293.0,0.05336186561109013,0.0
13,293.0,0.04282809699331158,0.0
14,293.0,0.1353813843922952,0.0
15,293.0,0.17046007932944518,0.0
16,293.0,0.0,0.0
17,293.0,0.027251011783918866,0.0
18,293.0,0.0,0.0
19,293.0,0.0,0.0
20,293.0,0.09169474982140735,0.0
21,293.0,0.04213463925777017,0.0
22,293.0,0.0,0.0
23,293.0,0.0,0.0
24,293.0,0.005005016160143594,0.0
25,293.0,0.0,0.0
26,293.0,0.012597889593134792,0.0
27,293.0,0.0,0.0
28,293.0,0.0895920386959107,0.0
29,293.0,0.0692485845951547,0.0
30,293.0,0.0,0.0
31,293.0,0.0,0.0
32,293.0,0.4822562330030723,0.0
33,293.0,0.0,0.0
34,293.0,0.13099992739152122,0.0
35,293.0,0.08792213038364949,0.0
36,293.0,0.0,0.0
37,293.0,0.19026149914215773,0.0
38,293.0,0.0,0.0
39,293.0,0.0,0.0
40,293.0,0.0,0.0
41,293.0,0.0028327404269822276,0.0
42,293.0,0.042389792006155336,0.0
43,293.0,0.0,0.0
44,293.0,0.0,0.0
45,293.0,0.09928315860267445,0.0
46,293.0,0.0,0.0
47,293.0,0.39294113207672365,0.0
48,293.0,0.0,0.0
49,293.0,0.0,0.0
50,293.0,0.12920518800098335,0.0
1,294.0,0.13716260231282296,0.0
2,294.0,0.041064052075641455,0.0
3,294.0,0.12337368900029444,0.0
4,294.0,0.03849384552242785,0.0
5,294.0,0.0,0.0
6,294.0,0.0,0.0
7,294.0,0.12258032352678583,0.0
8,294.0,0.1384333607665288,0.0
9,294.0,0.0,0.0
10,294.0,0.0,0.0
11,294.0,0.1363270512624848,0.0
12,294.0,0.01000205130971954,0.0
13,294.0,0.0,0.0
14,294.0,0.07992005207298869,0.0
15,294.0,0.0,0.0
16,294.0,0.19297193326473538,0.0
17,294.0,0.0,0.0
18,294.0,0.2495216694938508,0.0
19,294.0,0.35151858661121116,0.0
20,294.0,0.0,0.0
21,294.0,0.07978982090673659,0.0
22,294.0,0.2528608159980439,0.0
23,294.0,0.15926414249713516,0.0
24,294.0,0.0,0.0
25,294.0,0.0,0.0
26,294.0,0.0,0.0
27,294.0,0.12322447850211848,0.0
28,294.0,0.0,0.0
29,294.0,0.0,0.0
30,294.0,0.034638706718571166,0.0
31,294.0,0.16495519919818558,0.0
32,294.0,0.06759662219630669,0.0
33,294.0,0.07728968990831386,0.0
34,294.0,0.0,0.0
35,294.0,0.022152866602244803,0.0
36,294.0,0.0,0.0
37,294.0,0.2588752897869653,0.0
38,294.0,0.07305477259201243,0.0
39,294.0,0.0,0.0
40,294.0,0.044559526787014025,0.0
41,294.0,0.0,0.0
42,294.0,0.08875495182830528,0.0
43,294.0,0.009940260011230162,0.0
44,294.0,0.0,0.0
45,294.0,0.24572841096799414,0.0
46,294.0,0.0,0.0
47,294.0,0.0,0.0
48,294.0,0.0,0.0
49,294.0,0.004027059608924577,0.0
50,294.0,0.0,0.0
1,295.0,0.11373483543118379,0.0
2,295.0,0.13892957281497642,0.0
3,295.0,0.0,0.0
4,295.0,0.0,0.0
5,295.0,0.0,0.0
6,295.0,0.0,0.0
7,295.0,0.0,0.0
8,295.0,0.07172320387557451,0.0
9,295.0,0.0,0.0
10,295.0,0.09871125989363294,0.0
11,295.0,0.31668640158669037,0.0
12,295.0,0.0,0.0
13,295.0,0.0,0.0
14,295.0,0.0,0.0
15,295.0,0.0,0.0
16,295.0,0.0,0.0
17,295.0,0.03740783551586924,0.0
18,295.0,0.16581078893023637,0.0
19,295.0,0.01582673855113259,0.0
20,295.0,0.024889367078159808,0.0
21,295.0,0.0,0.0
22,295.0,0.07800430288617843,0.0
23,295.0,0.15730289080443094,0.0
24,295.0,0.0,0.0
25,295.0,0.0,0.0
26,295.0,0.01738481125839808,0.0
27,295.0,0.0,0.0
28,295.0,0.0,0.0
29,295.0,0.21647046602397846,0.0
30,295.0,0.3589038353798175,0.0
31,295.0,0.17510843826526223,0.0
32,295.0,0.0,0.0
33,295.0,0.0,0.0
34,295.0,0.08617147436890815,0.0
35,295.0,0.0,0.0
36,295.0,0.10071833348119896,0.0
37,295.0,0.2041228440019397,0.0
38,295.0,0.1624863747469376,0.0
39,295.0,0.0,0.0
40,295.0,0.0,0.0
41,295.0,0.0,0.0
42,295.0,0.039974224508996126,0.0
43,295.0,0.06438151218918131,0.0
44,295.0,0.25457180756236375,0.0
45,295.0,0.11120790843343642,0.0
46,295.0,0.337722058405594,0.0
47,295.0,0.11937158170753637,0.0
48,295.0,0.2689631238954393,0.0
49,295.0,0.0,0.0
50,295.0,0.0,0.0
1,296.0,0.0,0.0
2,296.0,0.0,0.0
3,296.0,0.287721251440455,0.0
4,296.0,0.1768439697369154,0.0
5,296.0,0.2534525950822729,0.0
6,296.0,0.0,0.0
7,296.0,0.0,0.0
8,296.0,0.0,0.0
9,296.0,0.19707216923582438,0.0
10,296.0,0.35748969469892533,0.0
11,296.0,0.0,0.0
12,296.0,0.0,0.0
13,296.0,0.026129174977222225,0.0
14,296.0,0.2044425598611982,0.0
15,296.0,0.11403704891962563,0.0
16,296.0,0.011241448276770538,0.0
17,296.0,0.0,0.0
18,296.0,0.004891676252063215,0.0
19,296.0,0.4303505241396177,0.0
20,296.0,0.18655310915144485,0.0
21,296.0,0.04981349620861353,0.0
22,296.0,0.25946816481940826,0.0
23,296.0,0.40013842854189074,0.0
24,296.0,0.04645147105481873,0.0
25,296.0,0.24163220207823444,0.0
26,296.0,0.0,0.0
27,296.0,0.0,0.0
28,296.0,0.0,0.0
29,296.0,0.0,0.0
30,296.0,0.2685083693599697,0.0
31,296.0,0.05021852574973085,0.0
32,296.0,0.06281183858264572,0.0
33,296.0,0.0,0.0
34,296.0,0.0,0.0
35,296.0,0.22197627955320964,0.0
36,296.0,0.0,0.0
37,296.0,0.0,0.0
38,296.0,0.0,0.0
39,296.0,0.0071586210578316045,0.0
40,296.0,0.0,0.0
41,296.0,0.0,0.0
42,296.0,0.021108538206867977,0.0
43,296.0,0.2251228002548985,0.0
44,296.0,0.21218561029879968,0.0
45,296.0,0.2543390123179652,0.0
46,296.0,0.20265875723810545,0.0
47,296.0,0.0,0.0
48,296.0,0.0,0.0
49,296.0,0.0,0.0
50,296.0,0.012918541249670956,0.0
1,297.0,0.0,0.0
2,297.0,0.2885938159464546,0.0
3,297.0,0.0,0.0
4,297.0,0.0,0.0
5,297.0,0.0,0.0
6,297.0,0.0,0.0
7,297.0,0.028054312516751057,0.0
8,297.0,0.0,0.0
9,297.0,0.3296016636927869,0.0
10,297.0,0.0,0.0
11,297.0,0.3641040011859308,0.0
12,297.0,0.0,0.0
13,297.0,0.02728569887475596,0.0
14,297.0,0.0,0.0
15,297.0,0.0,0.0
16,297.0,0.0,0.0
17,297.0,0.0939724885814337,0.0
18,297.0,0.0,0.0
19,297.0,0.17100823081196825,0.0
20,297.0,0.0,0.0
21,297.0,0.0,0.0
22,297.0,0.0,0.0
23,297.0,0.26260585076899257,0.0
24,297.0,0.1176716948147879,0.0
25,297.0,0.0073029289896926475,0.0
26,297.0,0.03864811779091182,0.0
27,297.0,0.0,0.0
28,297.0,0.08387513224065468,0.0
29,297.0,0.0,0.0
30,297.0,0.0,0.0
31,297.0,0.0,0.0
32,297.0,0.0957371787570992,0.0
33,297.0,0.0,0.0
34,297.0,0.13760474769050102,0.0
35,297.0,0.0,0.0
36,297.0,0.09874147298880087,0.0
37,297.0,0.0,0.0
38,297.0,0.2841204218441872,0.0
39,297.0,0.0,0.0
40,297.0,0.0,0.0
41,297.0,0.11111851150964103,0.0
42,297.0,0.0,0.0
43,297.0,0.0,0.0
44,297.0,0.3027612942629968,0.0
45,297.0,0.0,0.0
46,297.0,0.15129280351264385,0.0
47,297.0,0.0013699513210818637,0.0
48,297.0,0.11480732524633441,0.0
49,297.0,0.0,0.0
50,297.0,0.0,0.0
1,298.0,0.1223462812250613,0.0
2,298.0,0.07205097266500837,0.0
3,298.0,0.06942890461236717,0.0
4,298.0,0.0,0.0
5,298.0,0.2720748517161884,0.0
6,298.0,0.0,0.0
7,298.0,0.0,0.0
8,298.0,0.0,0.0
9,298.0,0.05192007378479446,0.0
10,298.0,0.0,0.0
11,298.0,0.01974230085167339,0.0
12,298.0,0.0,0.0
13,298.0,0.0,0.0
14,298.0,0.19593165597791284,0.0
15,298.0,0.19621245808274668,0.0
16,298.0,0.22716603053897444,0.0
17,298.0,0.043708702047410064,0.0
18,298.0,0.11210342576299193,0.0
19,298.0,0.0,0.0
20,298.0,0.23961334825753167,0.0
21,298.0,0.09655322238312036,0.0
22,298.0,0.07717694240154183,0.0
23,298.0,0.2727464735842413,0.0
24,298.0,0.15130540841071638,0.0
25,298.0,0.0,0.0
26,298.0,0.0,0.0
27,298.0,0.041624792514980524,0.0
28,298.0,0.1768772232016841,0.0
29,298.0,0.07709307793132447,0.0
30,298.0,0.0,0.0
31,298.0,0.0021712900220517417,0.0
32,298.0,0.10666201967060096,0.0
33,298.0,0.0,0.0
34,298.0,0.0,0.0
35,298.0,0.0,0.0
36,298.0,0.0,0.0
37,298.0,0.0,0.0
38,298.0,0.06218587682601462,0.0
39,298.0,0.0,0.0
40,298.0,0.01688256964095336,0.0
41,298.0,0.0,0.0
42,298.0,0.0,0.0
43,298.0,0.0,0.0
44,298.0,0.14137067499709888,0.0
45,298.0,0.3761387894894075,0.0
46,298.0,0.005244049259636396,0.0
47,298.0,0.2570964234540061,0.0
48,298.0,0.21503112944909542,0.0
49,298.0,0.0,0.0
50,298.0,0.05640626585745201,0.0
1,299.0,0.19864933415292907,0.0
2,299.0,0.0,0.0
3,299.0,0.013325484111066932,0.0
4,299.0,0.38819336484173084,0.0
5,299.0,0.18799446321768087,0.0
6,299.0,0.0,0.0
7,299.0,0.0,0.0
8,299.0,0.0,0.0
9,299.0,0.2638242087728998,0.0
10,299.0,0.0,0.0
11,299.0,0.6694686781865931,0.0
12,299.0,0.10946734192106244,0.0
13,299.0,0.0675508030797709,0.0
14,299.0,0.0,0.0
15,299.0,0.0,0.0
16,299.0,0.0,0.0
17,299.0,0.17021756084288442,0.0
18,299.0,0.0,0.0
19,299.0,0.1400583551331802,0.0
20,299.0,0.16152028283777053,0.0
21,299.0,0.2627597230311892,0.0
22,299.0,0.06054987980059934,0.0
23,299.0,0.0,0.0
24,299.0,0.0,0.0
25,299.0,0.06048001645940715,0.0
26,299.0,0.0,0.0
27,299.0,0.16878290432631493,0.0
28,299.0,0.0,0.0
29,299.0,0.14123903258221604,0.0
30,299.0,0.15686351977467472,0.0
31,299.0,0.0,0.0
32,299.0,0.0978402609347544,0.0
33,299.0,0.0,0.0
34,299.0,0.13408305609255988,0.0
35,299.0,0.0,0.0
36,299.0,0.0,0.0
37,299.0,0.0,0.0
38,299.0,0.187461558094841,0.0
39,299.0,0.0,0.0
40,299.0,0.0,0.0
41,299.0,0.0,0.0
42,299.0,0.020653953603687825,0.0
43,299.0,0.0,0.0
44,299.0,0.0,0.0
45,299.0,0.23311919535284953,0.0
46,299.0,0.227024102262815,0.0
47,299.0,0.13572164126368058,0.0
48,299.0,0.0,0.0
49,299.0,0.0,0.0
50,299.0,0.0,0.0
1,300.0,0.3127892394367322,0.0
2,300.0,0.026563101880006323,0.0
3,300.0,0.0,0.0
4,300.0,0.1631712728280903,0.0
5,300.0,0.0,0.0
6,300.0,0.0,0.0
7,300.0,0.0,0.0
8,300.0,0.0,0.0
9,300.0,0.1262776660439704,0.0
10,300.0,0.04739402939550441,0.0
11,300.0,0.0,0.0
12,300.0,0.1719640935708735,0.0
13,300.0,0.25203790663493364,0.0
14,300.0,0.07296934271067379,0.0
15,300.0,0.0,0.0
16,300.0,0.014622860313566521,0.0
17,300.0,0.0,0.0
18,300.0,0.07831247151646381,0.0
19,300.0,0.3670734956481674,0.0
20,300.0,0.0883538611606518,0.0
21,300.0,0.110241807607241,0.0
22,300.0,0.004260618503179936,0.0
23,300.0,0.0,0.0
24,300.0,0.2684485800113725,0.0
25,300.0,0.037825673523378955,0.0
26,300.0,0.0,0.0
27,300.0,0.0,0.0
28,300.0,0.27600678572478177,0.0
29,300.0,0.0,0.0
30,300.0,0.0025221529912948792,0.0
31,300.0,0.0,0.0
32,300.0,0.0,0.0
33,300.0,0.060062615166031064,0.0
34,300.0,0.0007670025232440203,0.0
35,300.0,0.0,0.0
36,300.0,0.010822259577948135,0.0
37,300.0,0.0,0.0
38,300.0,0.18131658383084637,0.0
39,300.0,0.156707366223511,0.0
40,300.0,0.0,0.0
41,300.0,0.010298089042137137,0.0
42,300.0,0.0,0.0
43,300.0,0.0,0.0
44,300.0,0.1494685496660232,0.0
45,300.0,0.0,0.0
46,300.0,0.0,0.0
47,300.0,0.00947992176259782,0.0
48,300.0,0.25330865922678736,0.0
49,300.0,0.0,0.0
50,300.0,0.04145841218681623,0.0
1,301.0,0.03473348412603516,0.0
2,301.0,0.0,0.0
3,301.0,0.3119203932396143,0.0
4,301.0,0.0,0.0
5,301.0,0.0,0.0
6,301.0,0.0,0.0
7,301.0,0.24274807948796195,0.0
8,301.0,0.3064473215133049,0.0
9,301.0,0.0,0.0
10,301.0,0.0,0.0
11,301.0,0.014310832249212813,0.0
12,301.0,0.0,0.0
13,301.0,0.050312928528349454,0.0
14,301.0,0.0,0.0
15,301.0,0.11196400195656042,0.0
16,301.0,0.0,0.0
17,301.0,0.1603279500961251,0.0
18,301.0,0.0,0.0
19,301.0,0.06781539971404293,0.0
20,301.0,0.0,0.0
21,301.0,0.2543778873912367,0.0
22,301.0,0.10835588898317416,0.0
23,301.0,0.3287683180479992,0.0
24,301.0,0.13123843305737692,0.0
25,301.0,0.017031361452126137,0.0
26,301.0,0.15130114219589474,0.0
27,301.0,0.0,0.0
28,301.0,0.0,0.0
29,301.0,0.03955173154091596,0.0
30,301.0,0.24176315084110844,0.0
31,301.0,0.09450098818572028,0.0
32,301.0,0.08356612233910388,0.0
33,301.0,0.1116963338890743,0.0
34,301.0,0.0,0.0
35,301.0,0.1314887093294438,0.0
36,301.0,0.0,0.0
37,301.0,0.0,0.0
38,301.0,0.1377661317794453,0.0
39,301.0,0.23565692632420243,0.0
40,301.0,0.0,0.0
41,301.0,0.028231350304588565,0.0
42,301.0,0.23027916372672685,0.0
43,301.0,0.0,0.0
44,301.0,0.037313054087826036,0.0
45,301.0,0.0,0.0
46,301.0,0.0,0.0
47,301.0,0.23737075409753516,0.0
48,301.0,0.0,0.0
49,301.0,0.0,0.0
50,301.0,0.0,0.0
1,302.0,0.0,0.0
2,302.0,0.1683098804118165,0.0
3,302.0,0.22191165932181645,0.0
4,302.0,0.016370740277002027,0.0
5,302.0,0.0,0.0
6,302.0,0.15515263000760038,0.0
7,302.0,0.0,0.0
8,302.0,0.10833539493983257,0.0
9,302.0,0.12607502751885746,0.0
10,302.0,0.0,0.0
11,302.0,0.0,0.0
12,302.0,0.015573380877058507,0.0
13,302.0,0.2430802042555661,0.0
14,302.0,0.22948234630325204,0.0
15,302.0,0.0,0.0
16,302.0,0.0,0.0
17,302.0,0.0,0.0
18,302.0,0.0,0.0
19,302.0,0.04324561181884623,0.0
20,302.0,0.324125872335013,0.0
21,302.0,0.056009824676401365,0.0
22,302.0,0.014622070605348592,0.0
23,302.0,0.08348755402659647,0.0
24,302.0,0.13975078243014094,0.0
25,302.0,0.0,0.0
26,302.0,0.0,0.0
27,302.0,0.0,0.0
28,302.0,0.06039831172664201,0.0
29,302.0,0.19777825550199568,0.0
30,302.0,0.0,0.0
31,302.0,0.0,0.0
32,302.0,0.0,0.0
33,302.0,0.05951972190881594,0.0
34,302.0,0.0,0.0
35,302.0,0.09886919026409946,0.0
36,302.0,0.1342802861954019,0.0
37,302.0,0.0,0.0
38,302.0,0.0,0.0
39,302.0,0.0,0.0
40,302.0,0.0,0.0
41,302.0,0.0,0.0
42,302.0,0.0,0.0
43,302.0,0.0,0.0
44,302.0,0.0,0.0
45,302.0,0.2674475590697606,0.0
46,302.0,0.133524631504927,0.0
47,302.0,0.24216793448531304,0.0
48,302.0,0.0,0.0
49,302.0,0.0,0.0
50,302.0,0.0,0.0
1,303.0,0.45448106473711136,0.0
2,303.0,0.12917530003302313,0.0
3,303.0,0.0,0.0
4,303.0,0.0,0.0
5,303.0,0.03968573956963917,0.0
6,303.0,0.04887162085461405,0.0
7,303.0,0.086931139510253,0.0
8,303.0,0.0,0.0
9,303.0,0.11652509579321668,0.0
10,303.0,0.19173464213998304,0.0
11,303.0,0.05801913883797438,0.0
12,303.0,0.24866122547401226,0.0
13,303.0,0.0645534477946903,0.0
14,303.0,0.0,0.0
15,303.0,0.0,0.0
16,303.0,0.0,0.0
17,303.0,0.16539560376369455,0.0
18,303.0,0.0,0.0
19,303.0,0.06785026879882805,0.0
20,303.0,0.1290442615072509,0.0
21,303.0,0.14291544648576926,0.0
22,303.0,0.0,0.0
23,303.0,0.16194143572766573,0.0
24,303.0,0.0,0.0
25,303.0,0.26775840439083376,0.0
26,303.0,0.0,0.0
27,303.0,0.0,0.0
28,303.0,0.0,0.0
29,303.0,0.0,0.0
30,303.0,0.0,0.0
31,303.0,0.0,0.0
32,303.0,0.056227726889984564,0.0
33,303.0,0.17420858149195295,0.0
34,303.0,0.4345012505806003,0.0
35,303.0,0.1379176547037707,0.0
36,303.0,0.0,0.0
37,303.0,0.2713924150267034,0.0
38,303.0,0.0,0.0
39,303.0,0.0,0.0
40,303.0,0.0,0.0
41,303.0,0.0003489509743315189,0.0
42,303.0,0.0,0.0
43,303.0,0.024022700400396224,0.0
44,303.0,0.40602301274019714,0.0
45,303.0,0.22498739045049132,0.0
46,303.0,0.0,0.0
47,303.0,0.06091767608299281,0.0
48,303.0,0.1747829974996853,0.0
49,303.0,0.16444282020772383,0.0
50,303.0,0.0,0.0
1,304.0,0.0,0.0
2,304.0,0.0,0.0
3,304.0,0.19167820009390624,0.0
4,304.0,0.0,0.0
5,304.0,0.0,0.0
6,304.0,0.0,0.0
7,304.0,0.3574969608177778,0.0
8,304.0,0.0,0.0
9,304.0,0.0631311906879336,0.0
10,304.0,0.0,0.0
11,304.0,0.1766583693799868,0.0
12,304.0,0.0,0.0
13,304.0,0.0,0.0
14,304.0,0.19303577569736097,0.0
15,304.0,0.025705742837591194,0.0
16,304.0,0.20236816224386922,0.0
17,304.0,0.0,0.0
18,304.0,0.2618937009257768,0.0
19,304.0,0.0,0.0
20,304.0,0.11453709669868706,0.0
21,304.0,0.0,0.0
22,304.0,0.0,0.0
23,304.0,0.0,0.0
24,304.0,0.0,0.0
25,304.0,0.0826764031234618,0.0
26,304.0,0.0,0.0
27,304.0,0.0,0.0
28,304.0,0.4809073212446068,0.0
29,304.0,0.0,0.0
30,304.0,0.4193697266026635,0.0
31,304.0,0.0,0.0
32,304.0,0.0,0.0
33,304.0,0.16045111052780137,0.0
34,304.0,0.2115215963402839,0.0
35,304.0,0.0,0.0
36,304.0,0.0,0.0
37,304.0,0.159449013578273,0.0
38,304.0,0.0,0.0
39,304.0,0.0,0.0
40,304.0,0.018831028414557416,0.0
41,304.0,0.0,0.0
42,304.0,0.12837481994188638,0.0
43,304.0,0.05940975730096787,0.0
44,304.0,0.0,0.0
45,304.0,0.0,0.0
46,304.0,0.0,0.0
47,304.0,0.5213527274929117,0.0
48,304.0,0.0,0.0
49,304.0,0.0,0.0
50,304.0,0.10078027390076771,0.0
1,305.0,0.0016536269721498797,0.0
2,305.0,0.1512543343857935,0.0
3,305.0,0.0,0.0
4,305.0,0.1194470588896892,0.0
5,305.0,0.11006607029445681,0.0
6,305.0,0.0,0.0
7,305.0,0.2048867361922455,0.0
8,305.0,0.0,0.0
9,305.0,0.017509344577877117,0.0
10,305.0,0.11400628188779938,0.0
11,305.0,0.0,0.0
12,305.0,0.1298423718893954,0.0
13,305.0,0.0,0.0
14,305.0,0.0,0.0
15,305.0,0.0,0.0
16,305.0,0.06648552643845895,0.0
17,305.0,0.1940896610809919,0.0
18,305.0,0.0,0.0
19,305.0,0.20524265237594796,0.0
20,305.0,0.01363096284538734,0.0
21,305.0,0.0,0.0
22,305.0,0.09317774101776277,0.0
23,305.0,0.22494614412218283,0.0
24,305.0,0.0,0.0
25,305.0,0.051925151205676756,0.0
26,305.0,0.11649415522223905,0.0
27,305.0,0.0,0.0
28,305.0,0.0,0.0
29,305.0,0.0,0.0
30,305.0,0.049247882737271986,0.0
31,305.0,0.0,0.0
32,305.0,0.1304958720877103,0.0
33,305.0,0.0,0.0
34,305.0,0.0,0.0
35,305.0,0.0,0.0
36,305.0,0.1985939014326623,0.0
37,305.0,0.1846730373631117,0.0
38,305.0,0.16247596103360784,0.0
39,305.0,0.07144971559016977,0.0
40,305.0,0.3131163967537245,0.0
41,305.0,0.0,0.0
42,305.0,0.09422491296249991,0.0
43,305.0,0.20089891772666169,0.0
44,305.0,0.43413951296205133,0.0
45,305.0,0.11541265697384706,0.0
46,305.0,0.009155061186858382,0.0
47,305.0,0.0,0.0
48,305.0,0.1636539562417204,0.0
49,305.0,0.19649901562136907,0.0
50,305.0,0.0,0.0
1,306.0,0.1870637267181372,0.0
2,306.0,0.12694641748600066,0.0
3,306.0,0.0,0.0
4,306.0,0.1061758661994231,0.0
5,306.0,0.006028283822454794,0.0
6,306.0,0.0,0.0
7,306.0,0.401720272911949,0.0
8,306.0,0.0,0.0
9,306.0,0.15934273964661372,0.0
10,306.0,0.0,0.0
11,306.0,0.0,0.0
12,306.0,0.0,0.0
13,306.0,0.34569957108826654,0.0
14,306.0,0.17658236911518943,0.0
15,306.0,0.08991895703614727,0.0
16,306.0,0.0,0.0
17,306.0,0.08685984823319493,0.0
18,306.0,0.0,0.0
19,306.0,0.0,0.0
20,306.0,0.0,0.0
21,306.0,0.08880104748453244,0.0
22,306.0,0.012405670918678391,0.0
23,306.0,0.0,0.0
24,306.0,0.15878246565666887,0.0
25,306.0,0.2760256578869176,0.0
26,306.0,0.0,0.0
27,306.0,0.07531824052230307,0.0
28,306.0,0.056835012484013236,0.0
29,306.0,0.3419104144098859,0.0
30,306.0,0.0,0.0
31,306.0,0.0,0.0
32,306.0,0.0,0.0
33,306.0,0.0,0.0
34,306.0,0.0,0.0
35,306.0,0.0,0.0
36,306.0,0.0,0.0
37,306.0,0.09527760233779536,0.0
38,306.0,0.03963251190463868,0.0
39,306.0,0.0,0.0
40,306.0,0.0,0.0
41,306.0,0.0,0.0
42,306.0,0.15750855166573519,0.0
43,306.0,0.07447577140486228,0.0
44,306.0,0.14579023889032194,0.0
45,306.0,0.08771066702244279,0.0
46,306.0,0.18147394235560632,0.0
47,306.0,0.15370088110174007,0.0
48,306.0,0.0,0.0
49,306.0,0.0,0.0
50,306.0,0.05198753628560415,0.0
1,307.0,0.0,0.0
2,307.0,0.0,0.0
3,307.0,0.3845517470486126,0.0
4,307.0,0.05694982857299835,0.0
5,307.0,0.15192383977487534,0.0
6,307.0,0.08047673741446715,0.0
7,307.0,0.09761597627102225,0.0
8,307.0,0.0,0.0
9,307.0,0.0,0.0
10,307.0,0.3606962466242093,0.0
11,307.0,0.0,0.0
12,307.0,0.0,0.0
13,307.0,0.14283608922918434,0.0
14,307.0,0.020519434596648845,0.0
15,307.0,0.16405946965369134,0.0
16,307.0,0.0018334799788611855,0.0
17,307.0,0.222085210860005,0.0
18,307.0,0.035678644110947455,0.0
19,307.0,0.028135350936072667,0.0
20,307.0,0.3275776213989092,0.0
21,307.0,0.0,0.0
22,307.0,0.0,0.0
23,307.0,0.0,0.0
24,307.0,0.0,0.0
25,307.0,0.12461531752907062,0.0
26,307.0,0.0,0.0
27,307.0,0.0,0.0
28,307.0,0.0,0.0
29,307.0,0.0,0.0
30,307.0,0.0,0.0
31,307.0,0.22071024996776423,0.0
32,307.0,0.0,0.0
33,307.0,0.09524275251807446,0.0
34,307.0,0.0656770978078548,0.0
35,307.0,0.24164826975538622,0.0
36,307.0,0.05367585467365921,0.0
37,307.0,0.0,0.0
38,307.0,0.37671753225515925,0.0
39,307.0,0.38406917421986986,0.0
40,307.0,0.055382449570917425,0.0
41,307.0,0.024017746736304746,0.0
42,307.0,0.0,0.0
43,307.0,0.11596346391662271,0.0
44,307.0,0.062397553030947295,0.0
45,307.0,0.0,0.0
46,307.0,0.20354670326842395,0.0
47,307.0,0.4487595332294094,0.0
48,307.0,0.033671447135750876,0.0
49,307.0,0.026701192933711537,0.0
50,307.0,0.09047281296125731,0.0
1,308.0,0.0,0.0
2,308.0,0.19687751845861634,0.0
3,308.0,0.0,0.0
4,308.0,0.12158284246491369,0.0
5,308.0,0.0,0.0
6,308.0,0.09499047816529771,0.0
7,308.0,0.15067378478107807,0.0
8,308.0,0.08451751710097077,0.0
9,308.0,0.0,0.0
10,308.0,0.08836935224616715,0.0
11,308.0,0.01755265100242076,0.0
12,308.0,0.0,0.0
13,308.0,0.05314313518235425,0.0
14,308.0,0.3093786442868822,0.0
15,308.0,0.10700060289933644,0.0
16,308.0,0.1341307480729288,0.0
17,308.0,0.06171741490985461,0.0
18,308.0,0.4664636911284128,0.0
19,308.0,0.25656400739932095,0.0
20,308.0,0.08185837967844645,0.0
21,308.0,0.476936342431573,0.0
22,308.0,0.3333659002360023,0.0
23,308.0,0.0,0.0
24,308.0,0.0,0.0
25,308.0,0.11235400119362138,0.0
26,308.0,8.357499816646907e-07,0.0
27,308.0,0.0,0.0
28,308.0,0.2397578917178722,0.0
29,308.0,0.02613629532567263,0.0
30,308.0,0.0,0.0
31,308.0,0.05776872712986958,0.0
32,308.0,0.14807475069448506,0.0
33,308.0,0.15764529901821833,0.0
34,308.0,0.26013809853249437,0.0
35,308.0,0.0,0.0
36,308.0,0.04531889193077676,0.0
37,308.0,0.0,0.0
38,308.0,0.23391644727136574,0.0
39,308.0,0.041477140256532485,0.0
40,308.0,0.0,0.0
41,308.0,0.0,0.0
42,308.0,0.33225816769013794,0.0
43,308.0,0.0,0.0
44,308.0,0.21296457812679837,0.0
45,308.0,0.10684365163542908,0.0
46,308.0,0.0,0.0
47,308.0,0.22091658582431728,0.0
48,308.0,0.12657682456440023,0.0
49,308.0,0.06848950254800668,0.0
50,308.0,0.0,0.0
1,309.0,0.2979959632289253,0.0
2,309.0,0.0,0.0
3,309.0,0.19682906468558214,0.0
4,309.0,0.0,0.0
5,309.0,0.04380685027993214,0.0
6,309.0,0.12141322137258481,0.0
7,309.0,0.0,0.0
8,309.0,0.39680854065501736,0.0
9,309.0,0.162620662114473,0.0
10,309.0,0.0,0.0
11,309.0,0.0,0.0
12,309.0,0.11435610647631522,0.0
13,309.0,0.06771792930092857,0.0
14,309.0,0.0,0.0
15,309.0,0.24247102549147959,0.0
16,309.0,0.12828156310377725,0.0
17,309.0,0.05155076307765183,0.0
18,309.0,0.013825463798845194,0.0
19,309.0,0.11030750714123849,0.0
20,309.0,0.42783698812880666,0.0
21,309.0,0.26849546639947763,0.0
22,309.0,0.13772772610674977,0.0
23,309.0,0.26024803215313663,0.0
24,309.0,0.008751888230732585,0.0
25,309.0,0.08135315995017212,0.0
26,309.0,0.1848136899746986,0.0
27,309.0,0.3697371797813369,0.0
28,309.0,0.20621250927858537,0.0
29,309.0,0.1229554581307295,0.0
30,309.0,0.08606844821777371,0.0
31,309.0,0.0,0.0
32,309.0,0.0,0.0
33,309.0,0.15249913833471918,0.0
34,309.0,0.21965252462592588,0.0
35,309.0,0.0,0.0
36,309.0,0.229471464566267,0.0
37,309.0,0.1470242396707555,0.0
38,309.0,0.30150619319765104,0.0
39,309.0,0.028184777611125922,0.0
40,309.0,0.0,0.0
41,309.0,0.43530069217762235,0.0
42,309.0,0.17983079931397083,0.0
43,309.0,0.33884398359553625,0.0
44,309.0,0.20490328714114658,0.0
45,309.0,0.004715764426862501,0.0
46,309.0,0.10727074695242,0.0
47,309.0,0.0,0.0
48,309.0,0.08451101079334333,0.0
49,309.0,0.401862399126651,0.0
50,309.0,0.10696612931979044,0.0
1,310.0,0.3780910733877626,0.0
2,310.0,0.05985757266175229,0.0
3,310.0,0.29626745525573284,0.0
4,310.0,0.0,0.0
5,310.0,0.685963813729499,0.0
6,310.0,0.02646057638996524,0.0
7,310.0,0.23911840332421463,0.0
8,310.0,0.5389815261026571,0.0
9,310.0,0.21573022607133174,0.0
10,310.0,0.13161298555991763,0.0
11,310.0,0.005599316698820411,0.0
12,310.0,0.0,0.0
13,310.0,0.0,0.0
14,310.0,0.015203546988182826,0.0
15,310.0,0.0010409178469604763,0.0
16,310.0,0.291158432180884,0.0
17,310.0,0.21494053766906096,0.0
18,310.0,0.0,0.0
19,310.0,0.007276081915029042,0.0
20,310.0,0.2669831180889074,0.0
21,310.0,0.1382759405529851,0.0
22,310.0,0.12989028494744448,0.0
23,310.0,0.059177637067079014,0.0
24,310.0,0.16354047985835174,0.0
25,310.0,0.41117821295279466,0.0
26,310.0,0.0,0.0
27,310.0,0.10052956502896204,0.0
28,310.0,0.37889254878904566,0.0
29,310.0,0.0,0.0
30,310.0,0.1500912092260258,0.0
31,310.0,0.08786127245075859,0.0
32,310.0,0.030636959167376965,0.0
33,310.0,0.2639468964288242,0.0
34,310.0,0.37194512753870723,0.0
35,310.0,0.027379433092503347,0.0
36,310.0,0.19297456120450285,0.0
37,310.0,0.37406682310617656,0.0
38,310.0,0.038425806065853774,0.0
39,310.0,0.057040279925579807,0.0
40,310.0,0.13322924385184687,0.0
41,310.0,0.20920438179299383,0.0
42,310.0,0.22627103775724278,0.0
43,310.0,0.04321098618776431,0.0
44,310.0,0.23002078423182026,0.0
45,310.0,0.0,0.0
46,310.0,0.0,0.0
47,310.0,0.024044433047378466,0.0
48,310.0,0.13589595258064602,0.0
49,310.0,0.6336616664526673,0.0
50,310.0,0.248623153917661,0.0
1,311.0,0.3846407066935782,0.0
2,311.0,0.4200128713615219,0.0
3,311.0,0.08457967923873844,0.0
4,311.0,0.16570390326588968,0.0
5,311.0,0.425031622541592,0.0
6,311.0,0.5229847666727643,0.0
7,311.0,0.01297605472032437,0.0
8,311.0,0.28014805867034287,0.0
9,311.0,0.6573899964561873,0.0
10,311.0,0.177406740948856,0.0
11,311.0,0.0,0.0
12,311.0,0.028968170146254302,0.0
13,311.0,0.15635603119984942,0.0
14,311.0,0.15706761560441063,0.0
15,311.0,0.12068784431767154,0.0
16,311.0,0.0,0.0
17,311.0,0.0707013955282364,0.0
18,311.0,0.001255873992703438,0.0
19,311.0,0.2957324944675397,0.0
20,311.0,0.5892520833043444,0.0
21,311.0,0.08336831265023426,0.0
22,311.0,0.10641345507504985,0.0
23,311.0,0.21565349519334231,0.0
24,311.0,0.005660821147658646,0.0
25,311.0,0.49072787864776946,0.0
26,311.0,0.0,0.0
27,311.0,0.07265093632541186,0.0
28,311.0,0.18275542138166778,0.0
29,311.0,0.4772164486484285,0.0
30,311.0,0.7125948015517845,0.0
31,311.0,0.2545700413721832,0.0
32,311.0,0.14201329591120637,0.0
33,311.0,0.8578256059685978,0.0
34,311.0,0.3731598792516,0.0
35,311.0,0.27419074144716626,0.0
36,311.0,0.1645286891256008,0.0
37,311.0,0.21704755529575626,0.0
38,311.0,0.06557575648842551,0.0
39,311.0,0.029120520748658785,0.0
40,311.0,0.1857143931962828,0.0
41,311.0,0.23463811819047642,0.0
42,311.0,0.14499626701458412,0.0
43,311.0,0.09510381660699818,0.0
44,311.0,0.45063308916309985,0.0
45,311.0,0.04538435340045088,0.0
46,311.0,0.16794885853915953,0.0
47,311.0,0.1753033281000823,0.0
48,311.0,0.4071632465700653,0.0
49,311.0,0.0,0.0
50,311.0,0.0,0.0
1,312.0,0.2686776911862945,0.0
2,312.0,0.3959482748439962,0.0
3,312.0,0.31112821285290293,0.0
4,312.0,0.13578168190224071,0.0
5,312.0,0.297021036009374,0.0
6,312.0,1.143725844764814,0.0
7,312.0,0.20213455428383753,0.0
8,312.0,0.0942672926594067,0.0
9,312.0,0.6905779442897191,0.0
10,312.0,0.48809139752450104,0.0
11,312.0,0.8502373001333474,0.0
12,312.0,0.0,0.0
13,312.0,0.09579616844105421,0.0
14,312.0,0.08408674301889363,0.0
15,312.0,0.29593810687426036,0.0
16,312.0,0.5430322005876984,0.0
17,312.0,0.16653200377822197,0.0
18,312.0,0.11712684886201785,0.0
19,312.0,0.0,0.0
20,312.0,0.13195078012222805,0.0
21,312.0,0.0051749035942972865,0.0
22,312.0,0.27498385376444734,0.0
23,312.0,0.07575267798613672,0.0
24,312.0,0.5807620254090293,0.0
25,312.0,0.3754935337124734,0.0
26,312.0,0.5442431137542036,0.0
27,312.0,0.48400149883346877,0.0
28,312.0,0.5346611616950503,0.0
29,312.0,0.6512721505450576,0.0
30,312.0,0.5860850273026637,0.0
31,312.0,0.34130822084253043,0.0
32,312.0,0.36066427461960504,0.0
33,312.0,0.2531653091732713,0.0
34,312.0,0.2339625540970638,0.0
35,312.0,0.15496021002412153,0.0
36,312.0,0.027598896956493202,0.0
37,312.0,0.2875410569490471,0.0
38,312.0,0.5293258855822502,0.0
39,312.0,0.032478999140916454,0.0
40,312.0,0.4104460900802649,0.0
41,312.0,0.3401395582343024,0.0
42,312.0,0.1861060725543171,0.0
43,312.0,0.43060425493144683,0.0
44,312.0,0.277347724096041,0.0
45,312.0,0.16630845539251626,0.0
46,312.0,0.12631561836985272,0.0
47,312.0,0.30264840115594316,0.0
48,312.0,0.15915296066673323,0.0
49,312.0,0.21690582194479713,0.0
50,312.0,0.31743464917277786,0.0
1,313.0,0.44798391396641035,0.0
2,313.0,1.0334779346404648,0.0
3,313.0,0.49738967893759645,0.0
4,313.0,0.4057174319925919,0.0
5,313.0,0.18824800384525453,0.0
6,313.0,1.113271387601044,0.0
7,313.0,0.0810164313924937,0.0
8,313.0,0.4906717951839865,0.0
9,313.0,0.5045762628621531,0.0
10,313.0,0.19065409157695956,0.0
11,313.0,0.6493774636821275,0.0
12,313.0,0.14436034687219323,0.0
13,313.0,0.37199803584083324,0.0
14,313.0,0.3172846886576617,0.0
15,313.0,0.06945373355199136,0.0
16,313.0,0.30480596377269276,0.0
17,313.0,0.0,0.0
18,313.0,0.5411080098783478,0.0
19,313.0,0.30738470195736356,0.0
20,313.0,0.14675373156837201,0.0
21,313.0,0.4172660457318784,0.0
22,313.0,0.09890336908595987,0.0
23,313.0,0.11620975878779749,0.0
24,313.0,0.7287298597228906,0.0
25,313.0,0.7932463468376247,0.0
26,313.0,0.7492023683212989,0.0
27,313.0,0.650189700055247,0.0
28,313.0,0.3238935075242635,0.0
29,313.0,0.7026105793751942,0.0
30,313.0,0.7128334236308209,0.0
31,313.0,0.8814457383783165,0.0
32,313.0,0.6395042254893826,0.0
33,313.0,0.35503695086529685,0.0
34,313.0,0.42206096054593745,0.0
35,313.0,0.31002691305544094,0.0
36,313.0,0.3460872644814833,0.0
37,313.0,0.2437313598923354,0.0
38,313.0,0.568862428012801,0.0
39,313.0,0.4173608899098521,0.0
40,313.0,0.04057814644615376,0.0
41,313.0,0.5263405051911467,0.0
42,313.0,0.24448926907455593,0.0
43,313.0,0.20232700220485456,0.0
44,313.0,0.13222059235356132,0.0
45,313.0,0.11794179361994339,0.0
46,313.0,0.26096011017998555,0.0
47,313.0,0.7754899220515046,0.0
48,313.0,0.20103830648104004,0.0
49,313.0,0.009810228049743186,0.0
50,313.0,0.20568142802755873,0.0
1,314.0,0.5567998581688705,0.0
2,314.0,1.4079554702145065,0.0
3,314.0,0.548833221588382,0.0
4,314.0,0.6189980571903,0.0
5,314.0,0.22841760287404567,0.0
6,314.0,1.5360566331872478,0.0
7,314.0,0.1879699804069479,0.0
8,314.0,0.6912132995128069,0.0
9,314.0,0.3606122278902797,0.0
10,314.0,0.40036292879439594,0.0
11,314.0,0.4622163929834394,0.0
12,314.0,0.7373701076280428,0.0
13,314.0,0.16834632463101018,0.0
14,314.0,0.2988116561666594,0.0
15,314.0,0.6742630073314353,0.0
16,314.0,0.5779617261408547,0.0
17,314.0,0.0,0.0
18,314.0,0.7453746471319267,0.0
19,314.0,0.9819210159043315,0.0
20,314.0,0.44250388738165514,0.0
21,314.0,0.2877840627537196,0.0
22,314.0,0.6202286024496906,0.0
23,314.0,0.13494349791454563,0.0
24,314.0,0.3352941857364784,0.0
25,314.0,0.7899410786806529,0.0
26,314.0,0.5752804057791523,0.0
27,314.0,1.149426089138223,0.0
28,314.0,0.4880030422116377,0.0
29,314.0,0.8616360746243661,0.0
30,314.0,0.5767790683716711,0.0
31,314.0,0.5818721550522243,0.0
32,314.0,0.525316560636164,0.0
33,314.0,0.23879414607399896,0.0
34,314.0,0.5291695680893398,0.0
35,314.0,0.23273854312002884,0.0
36,314.0,0.48140184354103654,0.0
37,314.0,0.46203880737411196,0.0
38,314.0,0.5870270529382433,0.0
39,314.0,0.5131246019534905,0.0
40,314.0,0.46224743028833715,0.0
41,314.0,0.7387160768646162,0.0
42,314.0,0.31457200138980324,0.0
43,314.0,0.32410358928017413,0.0
44,314.0,0.5585865611439333,0.0
45,314.0,0.17626207945888683,0.0
46,314.0,0.6006280152709715,0.0
47,314.0,0.5357321004817557,0.0
48,314.0,0.3667213103196446,0.0
49,314.0,0.327125346998523,0.0
50,314.0,0.18948026073517377,0.0
1,315.0,0.6205417805323294,0.0
2,315.0,1.6525781636547898,0.0
3,315.0,0.5979743569293912,0.0
4,315.0,0.6714329121342826,0.0
5,315.0,0.48620122106617836,0.0
6,315.0,1.9103521285498664,0.0
7,315.0,0.5510135624918562,0.0
8,315.0,0.5762118312266811,0.0
9,315.0,0.5289067087638166,0.0
10,315.0,0.43242252860125685,0.0
11,315.0,0.32736512717405875,0.0
12,315.0,0.9314289116403329,0.0
13,315.0,0.4180765123774671,0.0
14,315.0,0.38123309928623716,0.0
15,315.0,0.4053398069957609,0.0
16,315.0,0.6408525497968152,0.0
17,315.0,0.5715530981089851,0.0
18,315.0,1.0655883641825008,0.0
19,315.0,0.5938763024238316,0.0
20,315.0,0.5296184293315365,0.0
21,315.0,0.44939674219053005,0.0
22,315.0,0.28908194243513097,0.0
23,315.0,0.8398651090159852,0.0
24,315.0,0.6534735991215184,0.0
25,315.0,1.2443470828409495,0.0
26,315.0,0.9054126692246203,0.0
27,315.0,1.3681675818794024,0.0
28,315.0,0.5745526758645625,0.0
29,315.0,0.9381087131160735,0.0
30,315.0,0.28503523301562406,0.0
31,315.0,0.783813948029997,0.0
32,315.0,0.4334805813776068,0.0
33,315.0,0.328696396216549,0.0
34,315.0,0.7981329669012485,0.0
35,315.0,0.3662747884046387,0.0
36,315.0,0.710456756612105,0.0
37,315.0,0.5922297846294602,0.0
38,315.0,0.6096167980247604,0.0
39,315.0,0.883326370248348,0.0
40,315.0,0.6936131449839957,0.0
41,315.0,0.5407326441097624,0.0
42,315.0,0.6196640905146116,0.0
43,315.0,0.6213388338384878,0.0
44,315.0,0.7282354745084239,0.0
45,315.0,0.3745734758835818,0.0
46,315.0,0.48340803784917563,0.0
47,315.0,0.1653265836494665,0.0
48,315.0,0.5853933926605375,0.0
49,315.0,0.7201543983498999,0.0
50,315.0,0.3192591998240192,0.0
1,316.0,0.25593707052763714,0.0
2,316.0,1.69355018675359,0.0
3,316.0,0.42168574450800844,0.0
4,316.0,1.0136680557584579,0.0
5,316.0,0.38588372323210995,0.0
6,316.0,3.050419818184727,0.0
7,316.0,0.4188889121892312,0.0
8,316.0,0.444598338841411,0.0
9,316.0,0.4681646605662868,0.0
10,316.0,0.5223740452828454,0.0
11,316.0,0.39442224951097726,0.0
12,316.0,0.47082235182831245,0.0
13,316.0,0.5444964616141339,0.0
14,316.0,0.6192241171274937,0.0
15,316.0,0.5745667027382186,0.0
16,316.0,0.8926746656535878,0.0
17,316.0,0.7816519405732374,0.0
18,316.0,0.5773265161835464,0.0
19,316.0,0.470074573114027,0.0
20,316.0,0.5698174998603616,0.0
21,316.0,0.6196255733102336,0.0
22,316.0,0.33137436193773784,0.0
23,316.0,0.7268291351794594,0.0
24,316.0,0.553986668190388,0.0
25,316.0,1.2214413356233373,0.0
26,316.0,0.8524871189313465,0.0
27,316.0,1.7278336136876566,0.0
28,316.0,0.7896668961219928,0.0
29,316.0,1.6657190352073616,0.0
30,316.0,0.3239386015123329,0.0
31,316.0,0.8414664439918775,0.0
32,316.0,0.8158039499574139,0.0
33,316.0,0.1131965021499054,0.0
34,316.0,1.0283593417608703,0.0
35,316.0,0.3619678244649054,0.0
36,316.0,0.8720550400092357,0.0
37,316.0,1.0196568637839234,0.0
38,316.0,0.6515212016108953,0.0
39,316.0,1.0488659311659663,0.0
40,316.0,0.6762871864350233,0.0
41,316.0,0.518791905312896,0.0
42,316.0,0.5424226605421385,0.0
43,316.0,0.7595386529553514,0.0
44,316.0,0.9449099262795873,0.0
45,316.0,0.31361925602284935,0.0
46,316.0,0.3557141067619961,0.0
47,316.0,0.26750468232729807,0.0
48,316.0,0.25102203097676945,0.0
49,316.0,0.6900987911601009,0.0
50,316.0,0.581207234688166,0.0
1,317.0,0.1881465226984833,0.0
2,317.0,2.1582297675798072,0.0
3,317.0,0.6847408324938735,0.0
4,317.0,1.1346257285762107,0.0
5,317.0,0.77233794671448,0.0
6,317.0,3.3218531883260636,0.0
7,317.0,0.6852672565063058,0.0
8,317.0,0.6134218841005854,0.0
9,317.0,0.2556205081399472,0.0
10,317.0,0.6226797571382701,0.0
11,317.0,0.5172213148668168,0.0
12,317.0,0.9839622317019872,0.0
13,317.0,0.6122195165193365,0.0
14,317.0,0.7639307023068613,0.0
15,317.0,0.5893992575768445,0.0
16,317.0,0.3372880443126619,0.0
17,317.0,1.3934862048701775,0.0
18,317.0,1.200761564935225,0.0
19,317.0,0.7565545153556987,0.0
20,317.0,0.6146648669375707,0.0
21,317.0,0.5655179652437243,0.0
22,317.0,0.36447230368788963,0.0
23,317.0,0.9420042495760246,0.0
24,317.0,0.2768233955298478,0.0
25,317.0,1.4435903294355117,0.0
26,317.0,1.060597450667017,0.0
27,317.0,2.3122959524981166,0.0
28,317.0,1.028780937754521,0.0
29,317.0,1.7779467821771604,0.0
30,317.0,0.25381406217092506,0.0
31,317.0,0.4912352800185442,0.0
32,317.0,0.997081949220727,0.0
33,317.0,0.35491225032143103,0.0
34,317.0,1.1723115151846626,0.0
35,317.0,0.522972880476253,0.0
36,317.0,0.9246942664053115,0.0
37,317.0,0.6840912970607165,0.0
38,317.0,1.0137667646177022,0.0
39,317.0,1.2729582459155315,0.0
40,317.0,0.47100218394195015,0.0
41,317.0,0.8366981223305188,0.0
42,317.0,1.0435818587596641,0.0
43,317.0,0.68919508327865,0.0
44,317.0,0.9913873519015959,0.0
45,317.0,0.18570043336024356,0.0
46,317.0,0.6622339810749067,0.0
47,317.0,0.38145008515890577,0.0
48,317.0,0.36852313477566534,0.0
49,317.0,0.8055177456215539,0.0
50,317.0,0.6294962173122882,0.0
1,318.0,0.46093896938137446,0.0
2,318.0,2.6106248842447775,0.0
3,318.0,0.7690474649945229,0.0
4,318.0,1.1458024646009,0.0
5,318.0,0.8705204901280097,0.0
6,318.0,4.34903226835693,0.0
7,318.0,0.48294485942130994,0.0
8,318.0,0.4605398306821975,0.0
9,318.0,0.6801333566817718,0.0
10,318.0,0.6120092592041302,0.0
11,318.0,0.4103228783384951,0.0
12,318.0,0.8324724748681249,0.0
13,318.0,0.46030749814440997,0.0
14,318.0,0.42357666721623644,0.0
15,318.0,0.8487516263551358,0.0
16,318.0,0.7368919413875021,0.0
17,318.0,1.251453155752431,0.0
18,318.0,1.0276575275912196,0.0
19,318.0,0.8713814283195982,0.0
20,318.0,0.7665396354316387,0.0
21,318.0,0.5364120341516494,0.0
22,318.0,0.4073125385767987,0.0
23,318.0,0.6308032186367323,0.0
24,318.0,0.23251176517938177,0.0
25,318.0,1.333160115491493,0.0
26,318.0,0.8845850494226615,0.0
27,318.0,2.9292713361374947,0.0
28,318.0,1.7868948608780704,0.0
29,318.0,1.8893943949378182,0.0
30,318.0,0.08818599284919881,0.0
31,318.0,0.42960759310978525,0.0
32,318.0,0.5850900346036689,0.0
33,318.0,0.05781440297329987,0.0
34,318.0,1.0546189673742987,0.0
35,318.0,0.9998579059972339,0.0
36,318.0,1.1000413497782588,0.0
37,318.0,0.6941031877295321,0.0
38,318.0,0.8911001331774364,0.0
39,318.0,1.7559870135397686,0.0
40,318.0,0.6310605736055122,0.0
41,318.0,1.007070890120243,0.0
42,318.0,1.685635941725618,0.0
43,318.0,0.28335585656007933,0.0
44,318.0,0.4151824240835118,0.0
45,318.0,0.17608818096064716,0.0
46,318.0,0.699813445896893,0.0
47,318.0,0.1375319018959229,0.0
48,318.0,0.5341993820500452,0.0
49,318.0,0.44825306917146945,0.0
50,318.0,0.837674530748628,0.0
1,319.0,0.2853392044029728,0.0
2,319.0,3.3018869582614903,0.0
3,319.0,0.6938981824002306,0.0
4,319.0,1.8158835259948845,0.0
5,319.0,0.759084657585146,0.0
6,319.0,4.517960524926352,0.0
7,319.0,1.0144583776376637,0.0
8,319.0,0.13266777240414485,0.0
9,319.0,1.1266365146406907,0.0
10,319.0,0.5336041920472672,0.0
11,319.0,0.23130582599862792,0.0
12,319.0,0.6022874402466134,0.0
13,319.0,0.7359342191238458,0.0
14,319.0,0.22186827739566728,0.0
15,319.0,0.6447360937375821,0.0
16,319.0,0.6585863837301746,0.0
17,319.0,1.7830566713350704,0.0
18,319.0,1.5754950665249243,0.0
19,319.0,0.6584701077256401,0.0
20,319.0,0.4501443528276772,0.0
21,319.0,0.3897836604332352,0.0
22,319.0,0.40045838072561724,0.0
23,319.0,0.4947534609719674,0.0
24,319.0,0.2451439039823491,0.0
25,319.0,1.8059843924824963,0.0
26,319.0,0.621240414012938,0.0
27,319.0,3.413485114611655,0.0
28,319.0,1.890091023903556,0.0
29,319.0,2.258915272222581,0.0
30,319.0,0.14580507328442271,0.0
31,319.0,0.3550393183859665,0.0
32,319.0,0.5831042926022445,0.0
33,319.0,0.3080564491013488,0.0
34,319.0,1.6510107633514215,0.0
35,319.0,0.8150165969551666,0.0
36,319.0,1.004801042541692,0.0
37,319.0,0.8221267799309304,0.0
38,319.0,0.2941399264587895,0.0
39,319.0,2.5400932831103304,0.0
40,319.0,0.4230037110802558,0.0
41,319.0,1.5935218338075323,0.0
42,319.0,1.7501608634025638,0.0
43,319.0,0.4614567751703401,0.0
44,319.0,0.8144579053547907,0.0
45,319.0,0.15023229667514815,0.0
46,319.0,0.8582844333661241,0.0
47,319.0,0.16722893177621978,0.0
48,319.0,0.5708951221746787,0.0
49,319.0,0.35698310013769996,0.0
50,319.0,0.7953341201436754,0.0
1,320.0,0.11611925381938404,0.0
2,320.0,3.5946120746838366,0.0
3,320.0,0.637602506709019,0.0
4,320.0,2.382012589443259,0.0
5,320.0,0.5371837436945472,0.0
6,320.0,4.800380314273833,0.0
7,320.0,0.7583095839505061,0.0
8,320.0,0.5262802523739643,0.0
9,320.0,1.308908580578094,0.0
10,320.0,0.509368414809904,0.0
11,320.0,0.26889189219858567,0.0
12,320.0,0.21066497824682617,0.0
13,320.0,0.5400590502189901,0.0
14,320.0,0.33107155269559574,0.0
15,320.0,0.39560068441006147,0.0
16,320.0,0.248211358255348,0.0
17,320.0,2.408102353900277,0.0
18,320.0,1.7556416090649232,0.0
19,320.0,0.33585114707060437,0.0
20,320.0,0.4755640878519565,0.0
21,320.0,0.23641673949363196,0.0
22,320.0,0.6013367563271323,0.0
23,320.0,0.49510530571801925,0.0
24,320.0,0.26296922712365556,0.0
25,320.0,2.114715963061499,0.0
26,320.0,0.8838879140749922,0.0
27,320.0,4.187911126766515,0.0
28,320.0,2.0524687900904017,0.0
29,320.0,2.580076732211091,0.0
30,320.0,0.0,0.0
31,320.0,0.29530328049635124,0.0
32,320.0,0.39303350125671566,0.0
33,320.0,0.5484102507914395,0.0
34,320.0,1.8181637986738766,0.0
35,320.0,0.8749443253651921,0.0
36,320.0,1.3928446547354434,0.0
37,320.0,0.27682802452857924,0.0
38,320.0,0.0,0.0
39,320.0,3.0397058188677315,0.0
40,320.0,0.4620541657790376,0.0
41,320.0,1.8619050891048619,0.0
42,320.0,1.9634712172347104,0.0
43,320.0,0.5786121559461983,0.0
44,320.0,0.6904731623464662,0.0
45,320.0,0.08225260694111947,0.0
46,320.0,0.5822502253025146,0.0
47,320.0,0.3313420900370032,0.0
48,320.0,0.33846215959409354,0.0
49,320.0,0.28218570525747544,0.0
50,320.0,0.6164768554352973,0.0
1,321.0,0.030642578294676648,0.0
2,321.0,4.1259911849706565,0.0
3,321.0,0.5939967360522429,0.0
4,321.0,3.244110283977792,0.0
5,321.0,0.7119374044803415,0.0
6,321.0,5.597655496476103,0.0
7,321.0,0.7618040356207576,0.0
8,321.0,0.6604500339579511,0.0
9,321.0,1.9151694783217081,0.0
10,321.0,0.5159383707867518,0.0
11,321.0,0.07685191393516821,0.0
12,321.0,0.18556742608342613,0.0
13,321.0,0.09936024609924121,0.0
14,321.0,0.5225788732706089,0.0
15,321.0,0.19888798689068476,0.0
16,321.0,0.3334136090584584,0.0
17,321.0,3.1168143072813677,0.0
18,321.0,2.140851351373043,0.0
19,321.0,0.11682221885870225,0.0
20,321.0,0.33936705354134766,0.0
21,321.0,0.6905709131739726,0.0
22,321.0,0.8784852669230863,0.0
23,321.0,0.771042071600536,0.0
24,321.0,0.4359505920271385,0.0
25,321.0,2.4392532333167,0.0
26,321.0,0.7401197526821957,0.0
27,321.0,4.866672887530965,0.0
28,321.0,2.366796485830621,0.0
29,321.0,2.472021408568656,0.0
30,321.0,0.09269215124792873,0.0
31,321.0,0.4195608244124498,0.0
32,321.0,0.216860614030162,0.0
33,321.0,0.839606196342201,0.0
34,321.0,2.5574453387720615,0.0
35,321.0,0.7674545112450748,0.0
36,321.0,1.550923432411123,0.0
37,321.0,0.3770758746563476,0.0
38,321.0,0.34640419507055564,0.0
39,321.0,3.7195032433388304,0.0
40,321.0,0.32119683681804867,0.0
41,321.0,2.2084672975881396,0.0
42,321.0,2.507673768655496,0.0
43,321.0,0.1692305382258451,0.0
44,321.0,0.5156768439267332,0.0
45,321.0,0.06153439394716198,0.0
46,321.0,0.3995550522651604,0.0
47,321.0,0.04410270768603497,0.0
48,321.0,0.6586488762425533,0.0
49,321.0,0.27226038209341485,0.0
50,321.0,0.2555961122618069,0.0
1,322.0,0.14095838561909801,0.0
2,322.0,4.742524360863951,0.0
3,322.0,0.728016792319762,0.0
4,322.0,3.586579146946436,0.0
5,322.0,0.554355741602212,0.0
6,322.0,6.478298080603234,11.11111111111111
7,322.0,0.6434449773761528,0.0
8,322.0,0.9353168702243477,0.0
9,322.0,2.0698625883639514,0.0
10,322.0,0.557793464941253,0.0
11,322.0,0.33248906581893234,0.0
12,322.0,0.08544424549176965,0.0
13,322.0,0.134618552188572,0.0
14,322.0,0.5855781860025713,0.0
15,322.0,0.18987200458678377,0.0
16,322.0,0.3724531251858626,0.0
17,322.0,3.670010262162526,0.0
18,322.0,2.3314147822347158,0.0
19,322.0,0.16203835163074876,0.0
20,322.0,0.331994559009141,0.0
21,322.0,0.4470001005026747,0.0
22,322.0,0.7692692349206189,0.0
23,322.0,0.675958187851116,0.0
24,322.0,0.22167401901291073,0.0
25,322.0,3.248747992863793,0.0
26,322.0,0.7648122291655781,0.0
27,322.0,5.183762482027675,0.0
28,322.0,2.7920552411893094,0.0
29,322.0,3.1149794987072683,0.0
30,322.0,0.0,0.0
31,322.0,0.523176693634215,0.0
32,322.0,0.5372953748604179,0.0
33,322.0,0.5216988184281204,0.0
34,322.0,3.3518142586361566,0.0
35,322.0,1.0851527167676638,0.0
36,322.0,1.906167135151775,0.0
37,322.0,0.48575765657136616,0.0
38,322.0,0.07392954028755283,0.0
39,322.0,4.197092153124494,0.0
40,322.0,0.0613301727461153,0.0
41,322.0,2.6030074036218753,0.0
42,322.0,2.683514622013892,0.0
43,322.0,0.5812108994271199,0.0
44,322.0,0.3525945450200255,0.0
45,322.0,0.20274517278561544,0.0
46,322.0,0.514954093657668,0.0
47,322.0,0.0,0.0
48,322.0,0.6475373947263425,0.0
49,322.0,0.20792717856384835,0.0
50,322.0,0.16944832615707128,0.0
1,323.0,0.1541382309614635,0.0
2,323.0,5.58411172356745,0.0
3,323.0,0.47654959785872475,0.0
4,323.0,3.865300372418675,0.0
5,323.0,0.36676055212754044,0.0
6,323.0,6.98857315798771,11.11111111111111
7,323.0,0.24053596571655866,0.0
8,323.0,0.8416365351935726,0.0
9,323.0,2.1157443860825866,0.0
10,323.0,0.21655302615020877,0.0
11,323.0,0.0,0.0
12,323.0,0.45640406282153456,0.0
13,323.0,0.22209393655338638,0.0
14,323.0,0.8129128307259128,0.0
15,323.0,0.12139378002310952,0.0
16,323.0,0.0,0.0
17,323.0,3.894261531138012,0.0
18,323.0,2.9696914602049542,0.0
19,323.0,0.19627485674185874,0.0
20,323.0,0.0,0.0
21,323.0,0.36878092699210807,0.0
22,323.0,0.5412822308382348,0.0
23,323.0,0.6215716298313416,0.0
24,323.0,0.05593608673350037,0.0
25,323.0,3.57056477184679,0.0
26,323.0,0.6116862496172422,0.0
27,323.0,5.540361126196333,11.11111111111111
28,323.0,2.841400448143775,0.0
29,323.0,3.051214299657407,0.0
30,323.0,0.19826455784896935,0.0
31,323.0,0.5235499523223937,0.0
32,323.0,0.0,0.0
33,323.0,0.6993511731805735,0.0
34,323.0,3.787008568605472,0.0
35,323.0,0.8428502736537189,0.0
36,323.0,2.038592421645359,0.0
37,323.0,0.06842184085127767,0.0
38,323.0,0.7647077228610146,0.0
39,323.0,5.099525460875944,0.0
40,323.0,0.23005248550827762,0.0
41,323.0,2.368164848491912,0.0
42,323.0,2.826027101269795,0.0
43,323.0,0.0687979909699814,0.0
44,323.0,0.1269574961517842,0.0
45,323.0,0.3058300578336044,0.0
46,323.0,0.27488723050695574,0.0
47,323.0,0.1608431292230349,0.0
48,323.0,0.3257926795652477,0.0
49,323.0,0.2464902999995532,0.0
50,323.0,0.04429108696049844,0.0
1,324.0,0.029713891511861434,0.0
2,324.0,5.825548570451989,11.11111111111111
3,324.0,0.1131262627135341,0.0
4,324.0,4.158985945994572,0.0
5,324.0,0.10692890995219151,0.0
6,324.0,7.726330291495094,11.11111111111111
7,324.0,0.013590464116799428,0.0
8,324.0,0.2096132143482764,0.0
9,324.0,2.367357879764402,0.0
10,324.0,0.0412321159718404,0.0
11,324.0,0.0,0.0
12,324.0,0.18516080941055912,0.0
13,324.0,0.18947067365008174,0.0
14,324.0,0.052658149108303576,0.0
15,324.0,0.0,0.0
16,324.0,0.4538141139811549,0.0
17,324.0,4.707886698263904,0.0
18,324.0,2.587529780672328,0.0
19,324.0,0.9633417062707259,0.0
20,324.0,0.028784512488378766,0.0
21,324.0,0.257377715119558,0.0
22,324.0,0.5014491521974094,0.0
23,324.0,0.032023835209062934,0.0
24,324.0,0.1114876023226149,0.0
25,324.0,3.781702181505093,0.0
26,324.0,0.016513302275632524,0.0
27,324.0,6.070660881264352,11.11111111111111
28,324.0,3.447279665331324,0.0
29,324.0,3.777348542809041,0.0
30,324.0,0.0,0.0
31,324.0,0.0,0.0
32,324.0,0.031470473794146914,0.0
33,324.0,0.7853501085894323,0.0
34,324.0,4.735099917749565,0.0
35,324.0,0.12779512041670782,0.0
36,324.0,2.046038659185584,0.0
37,324.0,0.32421944124895474,0.0
38,324.0,0.39310465259896155,0.0
39,324.0,5.560899641289093,11.11111111111111
40,324.0,0.0197194936784294,0.0
41,324.0,2.9175518168726904,0.0
42,324.0,3.015440228169583,0.0
43,324.0,0.0,0.0
44,324.0,0.469181751427602,0.0
45,324.0,0.22110372359154584,0.0
46,324.0,0.0,0.0
47,324.0,0.1065467313517936,0.0
48,324.0,0.0,0.0
49,324.0,0.18929434502181774,0.0
50,324.0,0.09947294896775338,0.0
1,325.0,0.4943136929724282,0.0
2,325.0,6.505307971178754,11.11111111111111
3,325.0,0.10449087191636608,0.0
4,325.0,4.481689706694363,0.0
5,325.0,0.03445811513946939,0.0
6,325.0,8.62593132341894,11.11111111111111
7,325.0,0.21981985869347687,0.0
8,325.0,0.10538602949557685,0.0
9,325.0,2.7924131053025913,0.0
10,325.0,0.07034784012370143,0.0
11,325.0,0.13407114035908463,0.0
12,325.0,0.0,0.0
13,325.0,0.13347214818984388,0.0
14,325.0,0.11578532428336363,0.0
15,325.0,0.0,0.0
16,325.0,0.0,0.0
17,325.0,4.824599941842411,0.0
18,325.0,3.0401271010784954,0.0
19,325.0,0.8253539024425955,0.0
20,325.0,0.0,0.0
21,325.0,0.24981688804209556,0.0
22,325.0,0.14526112221221188,0.0
23,325.0,0.0,0.0
24,325.0,0.29052156624220127,0.0
25,325.0,4.348954852785987,0.0
26,325.0,0.0,0.0
27,325.0,6.943398367314964,11.11111111111111
28,325.0,3.997630211519402,0.0
29,325.0,4.172088293481725,0.0
30,325.0,0.10976948817297627,0.0
31,325.0,0.03307813042663066,0.0
32,325.0,0.08225557864061317,0.0
33,325.0,0.4894740277745975,0.0
34,325.0,5.2419805291287895,0.0
35,325.0,0.0022893570391859797,0.0
36,325.0,2.368354690630297,0.0
37,325.0,0.15373633894264715,0.0
38,325.0,0.0,0.0
39,325.0,6.276033501713452,11.11111111111111
40,325.0,0.02061242786421058,0.0
41,325.0,3.0585714380347544,0.0
42,325.0,3.2165777571014713,0.0
43,325.0,0.16399522361037866,0.0
44,325.0,0.3756073542167129,0.0
45,325.0,0.0,0.0
46,325.0,0.1703137638177481,0.0
47,325.0,0.24046290356329503,0.0
48,325.0,0.23740762335784382,0.0
49,325.0,0.19837377272954437,0.0
50,325.0,0.20487351418766375,0.0
1,326.0,0.16713689258817332,0.0
2,326.0,6.229856679490588,11.11111111111111
3,326.0,0.0,0.0
4,326.0,5.00463732021665,0.0
5,326.0,0.09562560526228425,0.0
6,326.0,8.949984499272114,11.11111111111111
7,326.0,0.0,0.0
8,326.0,0.25837632938359956,0.0
9,326.0,3.3720415455619435,0.0
10,326.0,0.10982721297983622,0.0
11,326.0,0.5244635863666156,0.0
12,326.0,0.0,0.0
13,326.0,0.15039697999751012,0.0
14,326.0,0.0,0.0
15,326.0,0.0034788702872965427,0.0
16,326.0,0.16565927030540417,0.0
17,326.0,5.2344278660687635,0.0
18,326.0,3.007268435815743,0.0
19,326.0,0.3643878315534175,0.0
20,326.0,0.06316678591172376,0.0
21,326.0,0.26337277789906577,0.0
22,326.0,0.141686008875208,0.0
23,326.0,0.0,0.0
24,326.0,0.04949484526498238,0.0
25,326.0,4.851463704679496,0.0
26,326.0,0.20411815984006687,0.0
27,326.0,7.356950932795182,11.11111111111111
28,326.0,4.400715649193007,0.0
29,326.0,4.325491899699471,0.0
30,326.0,0.2540368955045309,0.0
31,326.0,0.09519471798945445,0.0
32,326.0,0.0,0.0
33,326.0,0.0,0.0
34,326.0,5.403821634897666,11.11111111111111
35,326.0,0.14271335529752727,0.0
36,326.0,2.4612603966742794,0.0
37,326.0,0.15950115370229312,0.0
38,326.0,0.0,0.0
39,326.0,6.960706743801265,11.11111111111111
40,326.0,0.1581328684790544,0.0
41,326.0,3.375312402532517,0.0
42,326.0,3.277303876256467,0.0
43,326.0,0.06953371882067982,0.0
44,326.0,0.0,0.0
45,326.0,0.07989286038798449,0.0
46,326.0,0.2858765598908364,0.0
47,326.0,0.0,0.0
48,326.0,0.08027235170420033,0.0
49,326.0,0.0,0.0
50,326.0,0.12393806487073733,0.0
1,327.0,0.11852379440033523,0.0
2,327.0,6.931255667986734,11.11111111111111
3,327.0,0.0,0.0
4,327.0,5.663795332643011,11.11111111111111
5,327.0,0.0,0.0
6,327.0,9.289888854557198,11.11111111111111
7,327.0,0.112300364731168,0.0
8,327.0,0.18243930898959226,0.0
9,327.0,3.8118277418882887,0.0
10,327.0,0.3523390358909444,0.0
11,327.0,0.4963571229965118,0.0
12,327.0,0.19477532076342996,0.0
13,327.0,0.5048120888217686,0.0
14,327.0,0.0,0.0
15,327.0,0.1645652075205658,0.0
16,327.0,0.11651127550717766,0.0
17,327.0,5.400140197975968,11.11111111111111
18,327.0,3.940596606119975,0.0
19,327.0,0.15939233146824827,0.0
20,327.0,0.1252855374427898,0.0
21,327.0,0.11141144008087545,0.0
22,327.0,0.04588590140272286,0.0
23,327.0,0.0,0.0
24,327.0,0.09069499797374259,0.0
25,327.0,5.262764036411213,0.0
26,327.0,0.0,0.0
27,327.0,7.409035968413846,11.11111111111111
28,327.0,4.568032196018464,0.0
29,327.0,4.6089774050558425,0.0
30,327.0,0.0,0.0
31,327.0,0.1999165056743315,0.0
32,327.0,0.2642256759387204,0.0
33,327.0,0.0,0.0
34,327.0,6.187840937403799,11.11111111111111
35,327.0,0.0,0.0
36,327.0,2.4593516685833503,0.0
37,327.0,0.025923117953802866,0.0
38,327.0,0.0,0.0
39,327.0,7.510803265109921,11.11111111111111
40,327.0,0.12688735125109174,0.0
41,327.0,4.25370946347547,0.0
42,327.0,3.6041052333809755,0.0
43,327.0,0.08352399111701858,0.0
44,327.0,0.19930376887515422,0.0
45,327.0,0.08821579536918234,0.0
46,327.0,0.07755122558816163,0.0
47,327.0,0.25056149083184387,0.0
48,327.0,0.1375948577090338,0.0
49,327.0,0.0,0.0
50,327.0,0.04210924858335385,0.0
1,328.0,0.0,0.0
2,328.0,7.4785080700370195,11.11111111111111
3,328.0,0.11639782939256083,0.0
4,328.0,6.120738226164626,11.11111111111111
5,328.0,0.0,0.0
6,328.0,9.922375101210356,11.11111111111111
7,328.0,0.22301090407613777,0.0
8,328.0,0.007158448325502165,0.0
9,328.0,4.168221725404671,0.0
10,328.0,0.0,0.0
11,328.0,0.5024419865317038,0.0
12,328.0,0.09155969646445283,0.0
13,328.0,0.26589462490290194,0.0
14,328.0,0.0,0.0
15,328.0,0.40584527127742787,0.0
16,328.0,0.0,0.0
17,328.0,5.6002796397052075,11.11111111111111
18,328.0,4.217198489745175,0.0
19,328.0,0.0,0.0
20,328.0,0.18443041076456268,0.0
21,328.0,0.0,0.0
22,328.0,0.10848180988439515,0.0
23,328.0,0.05909357999673359,0.0
24,328.0,0.00421311225317722,0.0
25,328.0,5.890140690585935,11.11111111111111
26,328.0,0.0,0.0
27,328.0,7.562034906837027,11.11111111111111
28,328.0,4.655699845219133,0.0
29,328.0,5.017309506000201,0.0
30,328.0,0.0,0.0
31,328.0,0.004098219347594356,0.0
32,328.0,0.46185087184145346,0.0
33,328.0,0.029958566922116847,0.0
34,328.0,6.540858565734865,11.11111111111111
35,328.0,0.2862727346375329,0.0
36,328.0,2.6561016874883996,0.0
37,328.0,0.0,0.0
38,328.0,0.3359442334583502,0.0
39,328.0,7.789843388642655,11.11111111111111
40,328.0,0.24422959321573612,0.0
41,328.0,4.37619685788741,0.0
42,328.0,4.2036402555377235,0.0
43,328.0,0.0,0.0
44,328.0,0.0,0.0
45,328.0,0.0935848950126894,0.0
46,328.0,0.0,0.0
47,328.0,0.15913836541307247,0.0
48,328.0,0.06459198310270808,0.0
49,328.0,0.21963236935444097,0.0
50,328.0,0.001353176268749201,0.0
1,329.0,0.0,0.0
2,329.0,8.295851413651928,11.11111111111111
3,329.0,0.09412281967290226,0.0
4,329.0,6.384034308913966,11.11111111111111
5,329.0,0.07732543765060618,0.0
6,329.0,10.301520754289596,11.11111111111111
7,329.0,0.0,0.0
8,329.0,0.0,0.0
9,329.0,4.456054100175736,0.0
10,329.0,0.1373641808126873,0.0
11,329.0,0.18739656431727747,0.0
12,329.0,0.10315846324453204,0.0
13,329.0,0.36553531808330997,0.0
14,329.0,0.0,0.0
15,329.0,0.0,0.0
16,329.0,0.19151441610189524,0.0
17,329.0,6.226004686295553,11.11111111111111
18,329.0,4.613869716986234,0.0
19,329.0,0.21257383046592337,0.0
20,329.0,0.12165964367842819,0.0
21,329.0,0.15412434755916493,0.0
22,329.0,0.0,0.0
23,329.0,0.09036551732476272,0.0
24,329.0,0.0,0.0
25,329.0,5.755058999936239,11.11111111111111
26,329.0,0.03290007712757215,0.0
27,329.0,8.01339013426865,11.11111111111111
28,329.0,4.873577200437896,0.0
29,329.0,5.68750787836775,11.11111111111111
30,329.0,0.0,0.0
31,329.0,0.01748543281784254,0.0
32,329.0,0.0,0.0
33,329.0,0.016885765963001842,0.0
34,329.0,6.666212972221304,11.11111111111111
35,329.0,0.0,0.0
36,329.0,3.3305886055722755,0.0
37,329.0,0.0,0.0
38,329.0,0.0,0.0
39,329.0,8.255297540798468,11.11111111111111
40,329.0,0.219126920759945,0.0
41,329.0,4.775187117043899,0.0
42,329.0,4.869444520358956,0.0
43,329.0,0.0,0.0
44,329.0,0.026756223246581667,0.0
45,329.0,0.041627966055017174,0.0
46,329.0,0.020037162028594957,0.0
47,329.0,0.0,0.0
48,329.0,0.0,0.0
49,329.0,0.297620819113645,0.0
50,329.0,0.0,0.0
1,330.0,0.03413582184498909,0.0
2,330.0,8.711978759559974,11.11111111111111
3,330.0,0.04108418890242915,0.0
4,330.0,6.733333299310069,11.11111111111111
5,330.0,0.0,0.0
6,330.0,10.310839566651484,11.11111111111111
7,330.0,0.3650788371149515,0.0
8,330.0,0.09081663255491579,0.0
9,330.0,5.33684002825805,0.0
10,330.0,0.0,0.0
11,330.0,0.03113793527549602,0.0
12,330.0,0.2295924600591872,0.0
13,330.0,0.2657446418370263,0.0
14,330.0,0.0,0.0
15,330.0,0.15024216215075348,0.0
16,330.0,0.0,0.0
17,330.0,6.3411390868731745,11.11111111111111
18,330.0,4.746679972927807,0.0
19,330.0,0.4435560286188498,0.0
20,330.0,0.04410574129934386,0.0
21,330.0,0.0,0.0
22,330.0,0.0,0.0
23,330.0,0.0,0.0
24,330.0,0.43354273525877873,0.0
25,330.0,6.458917679871091,11.11111111111111
26,330.0,0.0,0.0
27,330.0,8.832463758899804,11.11111111111111
28,330.0,5.691961806330851,0.0
29,330.0,6.291848777328347,11.11111111111111
30,330.0,0.0551227080739789,0.0
31,330.0,0.0,0.0
32,330.0,0.0,0.0
33,330.0,0.0458773279840361,0.0
34,330.0,7.265447089509959,11.11111111111111
35,330.0,0.07940537724100938,0.0
36,330.0,3.745322394423903,0.0
37,330.0,0.0,0.0
38,330.0,0.0,0.0
39,330.0,8.589205335529673,11.11111111111111
40,330.0,0.03821440559700806,0.0
41,330.0,5.378625197957602,0.0
42,330.0,5.561431256774174,0.0
43,330.0,0.0,0.0
44,330.0,0.09601283204951705,0.0
45,330.0,0.07156613337962081,0.0
46,330.0,0.0,0.0
47,330.0,0.0,0.0
48,330.0,0.0,0.0
49,330.0,0.0,0.0
50,330.0,0.0,0.0
1,331.0,0.16946298410570537,0.0
2,331.0,9.411562293794862,11.11111111111111
3,331.0,0.0,0.0
4,331.0,7.195586210809056,11.11111111111111
5,331.0,0.06296771891226571,0.0
6,331.0,11.30753738447105,11.11111111111111
7,331.0,0.0,0.0
8,331.0,0.0,0.0
9,331.0,5.448893562583756,11.11111111111111
10,331.0,0.19775402640959305,0.0
11,331.0,0.0,0.0
12,331.0,0.10054660491420497,0.0
13,331.0,0.0,0.0
14,331.0,0.34696551936702635,0.0
15,331.0,0.17396689523717934,0.0
16,331.0,0.08479052859091019,0.0
17,331.0,6.300069936528899,11.11111111111111
18,331.0,5.360014791778631,0.0
19,331.0,0.0,0.0
20,331.0,0.28169521492535476,0.0
21,331.0,0.0,0.0
22,331.0,0.0,0.0
23,331.0,0.0,0.0
24,331.0,0.0851778278372568,0.0
25,331.0,6.819112184953342,11.11111111111111
26,331.0,0.31682944139306857,0.0
27,331.0,9.07567989675786,11.11111111111111
28,331.0,6.089201594493259,11.11111111111111
29,331.0,6.178334678283715,11.11111111111111
30,331.0,0.0,0.0
31,331.0,0.066003545705971,0.0
32,331.0,0.0,0.0
33,331.0,0.0,0.0
34,331.0,7.323292287130157,11.11111111111111
35,331.0,0.0,0.0
36,331.0,4.1857209316859345,0.0
37,331.0,0.10619342059900372,0.0
38,331.0,0.04070303235669481,0.0
39,331.0,9.177932620234303,11.11111111111111
40,331.0,0.0,0.0
41,331.0,5.470066445984825,11.11111111111111
42,331.0,5.929520390339813,11.11111111111111
43,331.0,0.0,0.0
44,331.0,0.0,0.0
45,331.0,0.0,0.0
46,331.0,0.0,0.0
47,331.0,0.026442956099433368,0.0
48,331.0,0.3445491970085389,0.0
49,331.0,0.08137828520273283,0.0
50,331.0,0.054878789071034606,0.0
1,332.0,0.0,0.0
2,332.0,10.034473528307855,11.11111111111111
3,332.0,0.0,0.0
4,332.0,7.3085588777031605,11.11111111111111
5,332.0,0.1783364182916083,0.0
6,332.0,11.474225391713016,11.11111111111111
7,332.0,0.0,0.0
8,332.0,0.027319054935050602,0.0
9,332.0,5.65434115412474,11.11111111111111
10,332.0,0.050247328693899695,0.0
11,332.0,0.0,0.0
12,332.0,0.0,0.0
13,332.0,0.1603896602356497,0.0
14,332.0,0.026527839450278146,0.0
15,332.0,0.0,0.0
16,332.0,0.17296218143560937,0.0
17,332.0,6.70651147573221,11.11111111111111
18,332.0,5.346618277983339,11.11111111111111
19,332.0,0.046765913829055816,0.0
20,332.0,0.09372167455681324,0.0
21,332.0,0.0,0.0
22,332.0,0.0,0.0
23,332.0,0.13177834327483473,0.0
24,332.0,0.0,0.0
25,332.0,6.99628224130801,11.11111111111111
26,332.0,0.24090614883420036,0.0
27,332.0,10.121571438310276,11.11111111111111
28,332.0,5.924990032186503,11.11111111111111
29,332.0,6.713243486977106,11.11111111111111
30,332.0,0.0,0.0
31,332.0,0.012659865765746403,0.0
32,332.0,0.0,0.0
33,332.0,0.45125403074420123,0.0
34,332.0,8.113480201849239,11.11111111111111
35,332.0,0.0,0.0
36,332.0,4.599431741230223,0.0
37,332.0,0.09565855706100113,0.0
38,332.0,0.0,0.0
39,332.0,9.884143490169954,11.11111111111111
40,332.0,0.0,0.0
41,332.0,5.897686295926116,11.11111111111111
42,332.0,6.070586058318801,11.11111111111111
43,332.0,0.0,0.0
44,332.0,0.5135661253671922,0.0
45,332.0,0.0,0.0
46,332.0,0.0,0.0
47,332.0,0.0,0.0
48,332.0,0.0,0.0
49,332.0,0.2438049152661409,0.0
50,332.0,0.0,0.0
1,333.0,0.16439440620197265,0.0
2,333.0,10.795935186377797,11.11111111111111
3,333.0,0.0,0.0
4,333.0,8.007370625386148,11.11111111111111
5,333.0,0.0,0.0
6,333.0,12.102138079076738,11.11111111111111
7,333.0,0.0,0.0
8,333.0,0.0,0.0
9,333.0,6.324590586573411,11.11111111111111
10,333.0,0.12061121140677922,0.0
11,333.0,0.07848033182409475,0.0
12,333.0,0.39459316672389033,0.0
13,333.0,0.21601243565844463,0.0
14,333.0,0.07489306475322999,0.0
15,333.0,0.0,0.0
16,333.0,0.3301017081140203,0.0
17,333.0,6.594487842639268,11.11111111111111
18,333.0,5.78564564326098,11.11111111111111
19,333.0,0.0,0.0
20,333.0,0.0,0.0
21,333.0,0.0,0.0
22,333.0,0.0,0.0
23,333.0,0.0,0.0
24,333.0,0.06208990400264236,0.0
25,333.0,7.455532377927712,11.11111111111111
26,333.0,0.08119333726284239,0.0
27,333.0,10.135737211610262,11.11111111111111
28,333.0,6.900841446033187,11.11111111111111
29,333.0,7.145081299729253,11.11111111111111
30,333.0,0.0,0.0
31,333.0,0.0,0.0
32,333.0,0.0,0.0
33,333.0,0.0,0.0
34,333.0,8.192660107927997,11.11111111111111
35,333.0,0.0,0.0
36,333.0,5.355929332231744,0.0
37,333.0,0.036091019859671,0.0
38,333.0,0.0,0.0
39,333.0,10.290205014751116,11.11111111111111
40,333.0,0.07437835831820394,0.0
41,333.0,5.861785888333997,11.11111111111111
42,333.0,6.272277050073125,11.11111111111111
43,333.0,0.0,0.0
44,333.0,0.1028946978491394,0.0
45,333.0,0.04928430510306492,0.0
46,333.0,0.0,0.0
47,333.0,0.0,0.0
48,333.0,0.0,0.0
49,333.0,0.0,0.0
50,333.0,0.0,0.0
1,334.0,0.0,0.0
2,334.0,11.073553816335238,11.11111111111111
3,334.0,0.0,0.0
4,334.0,8.30199136849937,11.11111111111111
5,334.0,0.0,0.0
6,334.0,12.751492265795036,11.11111111111111
7,334.0,0.007644907190581307,0.0
8,334.0,0.0,0.0
9,334.0,6.29065358549713,11.11111111111111
10,334.0,0.012404812367158069,0.0
11,334.0,0.0,0.0
12,334.0,0.035728897788655845,0.0
13,334.0,0.0441318538907296,0.0
14,334.0,0.0,0.0
15,334.0,0.07526880419155169,0.0
16,334.0,0.061827132966797205,0.0
17,334.0,7.039537319448458,11.11111111111111
18,334.0,6.4506445547052955,11.11111111111111
19,334.0,0.1495432631348691,0.0
20,334.0,0.11635890038922847,0.0
21,334.0,0.27122529370130266,0.0
22,334.0,0.0,0.0
23,334.0,0.0,0.0
24,334.0,0.2301854002237511,0.0
25,334.0,8.228203559245905,11.11111111111111
26,334.0,0.16644888431338845,0.0
27,334.0,10.618361416149327,11.11111111111111
28,334.0,8.020958627682313,11.11111111111111
29,334.0,7.754395310358095,11.11111111111111
30,334.0,0.047490411382845155,0.0
31,334.0,0.22005113397648746,0.0
32,334.0,0.06562677750503121,0.0
33,334.0,0.0,0.0
34,334.0,9.264005419906,11.11111111111111
35,334.0,0.0,0.0
36,334.0,5.467694451627006,11.11111111111111
37,334.0,0.0,0.0
38,334.0,0.0,0.0
39,334.0,10.537975372990982,11.11111111111111
40,334.0,0.0,0.0
41,334.0,6.392159967578811,11.11111111111111
42,334.0,6.8808496555424,11.11111111111111
43,334.0,0.1274983281225336,0.0
44,334.0,0.0,0.0
45,334.0,0.0,0.0
46,334.0,0.0,0.0
47,334.0,0.0,0.0
48,334.0,0.0,0.0
49,334.0,0.1801553352856935,0.0
50,334.0,0.0,0.0
1,335.0,0.009357683140531647,0.0
2,335.0,11.179064170234032,11.11111111111111
3,335.0,0.0,0.0
4,335.0,8.86659909591279,11.11111111111111
5,335.0,0.40869203270206667,0.0
6,335.0,13.162990713943191,11.11111111111111
7,335.0,0.142513087091794,0.0
8,335.0,0.044878746939836844,0.0
9,335.0,6.861742760998873,11.11111111111111
10,335.0,0.0,0.0
11,335.0,0.0,0.0
12,335.0,0.017923374875676856,0.0
13,335.0,0.0,0.0
14,335.0,0.10539519064270675,0.0
15,335.0,0.05189917690307033,0.0
16,335.0,0.0,0.0
17,335.0,7.961781937597831,11.11111111111111
18,335.0,6.739169822797703,11.11111111111111
19,335.0,0.0,0.0
20,335.0,0.013067874950762892,0.0
21,335.0,0.013317907917293037,0.0
22,335.0,0.0984379013569403,0.0
23,335.0,0.06835380940781688,0.0
24,335.0,0.0,0.0
25,335.0,7.9590732360412915,11.11111111111111
26,335.0,0.25129060645905765,0.0
27,335.0,11.282347483587126,11.11111111111111
28,335.0,7.775369826976172,11.11111111111111
29,335.0,7.755897009085988,11.11111111111111
30,335.0,0.0,0.0
31,335.0,0.0496565088835631,0.0
32,335.0,0.031915504024773056,0.0
33,335.0,0.0,0.0
34,335.0,9.24917768378041,11.11111111111111
35,335.0,0.046351395263995676,0.0
36,335.0,5.532754368652122,11.11111111111111
37,335.0,0.004880761532600197,0.0
38,335.0,0.01770361603038728,0.0
39,335.0,11.334040017125607,11.11111111111111
40,335.0,0.0,0.0
41,335.0,6.649202831053629,11.11111111111111
42,335.0,7.123058601998002,11.11111111111111
43,335.0,0.0,0.0
44,335.0,0.0,0.0
45,335.0,0.0,0.0
46,335.0,0.09471201047530575,0.0
47,335.0,0.06206765815602899,0.0
48,335.0,0.0,0.0
49,335.0,0.2612674119928885,0.0
50,335.0,0.322838180777857,0.0
1,336.0,0.08075303828574365,0.0
2,336.0,11.801719241026843,11.11111111111111
3,336.0,0.0,0.0
4,336.0,9.160116961094703,11.11111111111111
5,336.0,0.13124977473975818,0.0
6,336.0,13.357041637666203,11.11111111111111
7,336.0,0.0,0.0
8,336.0,0.45945725054420317,0.0
9,336.0,7.5629522615342655,11.11111111111111
10,336.0,0.1597551266117605,0.0
11,336.0,0.021705293568101247,0.0
12,336.0,0.008202705459734116,0.0
13,336.0,0.2268611931630009,0.0
14,336.0,0.0,0.0
15,336.0,0.0,0.0
16,336.0,0.3968387876694923,0.0
17,336.0,8.64818577625391,11.11111111111111
18,336.0,7.005375076094008,11.11111111111111
19,336.0,0.0,0.0
20,336.0,0.22616537588113828,0.0
21,336.0,0.0,0.0
22,336.0,0.06433115452372995,0.0
23,336.0,0.23201290760760107,0.0
24,336.0,0.20335911855071176,0.0
25,336.0,8.506595529205844,11.11111111111111
26,336.0,0.0,0.0
27,336.0,11.103483474124811,11.11111111111111
28,336.0,8.16419365414382,11.11111111111111
29,336.0,8.05229716822988,11.11111111111111
30,336.0,0.0,0.0
31,336.0,0.19860975529609692,0.0
32,336.0,0.11642261221815742,0.0
33,336.0,0.1890602314336901,0.0
34,336.0,9.22433106568147,11.11111111111111
35,336.0,0.09953023931067073,0.0
36,336.0,5.9302031856110125,11.11111111111111
37,336.0,0.16304785200278138,0.0
38,336.0,0.35423073881011014,0.0
39,336.0,11.605243916260727,11.11111111111111
40,336.0,0.0,0.0
41,336.0,7.286724245801061,11.11111111111111
42,336.0,7.361470749527863,11.11111111111111
43,336.0,0.0,0.0
44,336.0,0.05706124494927567,0.0
45,336.0,0.0,0.0
46,336.0,0.0,0.0
47,336.0,0.15047258719314816,0.0
48,336.0,0.3062288966255775,0.0
49,336.0,0.0,0.0
50,336.0,0.12071143026978282,0.0
1,337.0,0.07725110741704166,0.0
2,337.0,12.028219533756426,11.11111111111111
3,337.0,0.0,0.0
4,337.0,9.034507106743183,11.11111111111111
5,337.0,0.0,0.0
6,337.0,13.488359512388719,11.11111111111111
7,337.0,0.19416821572412968,0.0
8,337.0,0.0,0.0
9,337.0,7.671520329360668,11.11111111111111
10,337.0,0.08849196486491961,0.0
11,337.0,0.012862516403963298,0.0
12,337.0,0.4138738880275148,0.0
13,337.0,0.0,0.0
14,337.0,0.14243815849777364,0.0
15,337.0,0.24315147188641129,0.0
16,337.0,0.0,0.0
17,337.0,8.662850616912934,11.11111111111111
18,337.0,6.772456402486253,11.11111111111111
19,337.0,0.006178329581912112,0.0
20,337.0,0.0,0.0
21,337.0,0.3059591205450469,0.0
22,337.0,0.237892595262019,0.0
23,337.0,0.0,0.0
24,337.0,0.0,0.0
25,337.0,9.220125320504463,11.11111111111111
26,337.0,0.15135407303231097,0.0
27,337.0,11.471236696016199,11.11111111111111
28,337.0,8.483085575843752,11.11111111111111
29,337.0,8.399903282387108,11.11111111111111
30,337.0,0.08423853311292495,0.0
31,337.0,0.14136670882418467,0.0
32,337.0,0.22011871530332217,0.0
33,337.0,0.3215439974795561,0.0
34,337.0,9.806616366470168,11.11111111111111
35,337.0,0.020090859411790674,0.0
36,337.0,6.207638776809264,11.11111111111111
37,337.0,0.0,0.0
38,337.0,0.1255102079128929,0.0
39,337.0,11.99825622144166,11.11111111111111
40,337.0,0.0,0.0
41,337.0,7.730100766031999,11.11111111111111
42,337.0,7.334545531258899,11.11111111111111
43,337.0,0.11167246473266523,0.0
44,337.0,0.2847577755441829,0.0
45,337.0,0.10733870377091825,0.0
46,337.0,0.0380303360877855,0.0
47,337.0,0.12465545638393216,0.0
48,337.0,0.26054993885499855,0.0
49,337.0,0.0,0.0
50,337.0,0.0,0.0
1,338.0,0.33399890979034896,0.0
2,338.0,12.311508452278881,11.11111111111111
3,338.0,0.0,0.0
4,338.0,8.990478621896933,11.11111111111111
5,338.0,0.13761788829881927,0.0
6,338.0,13.496118642568288,11.11111111111111
7,338.0,0.06519687687741582,0.0
8,338.0,0.16149537194675645,0.0
9,338.0,7.745792239345615,11.11111111111111
10,338.0,0.0,0.0
11,338.0,0.0579353037582272,0.0
12,338.0,0.31300520947678334,0.0
13,338.0,0.0,0.0
14,338.0,0.0,0.0
15,338.0,0.0,0.0
16,338.0,0.0,0.0
17,338.0,9.027591840076145,11.11111111111111
18,338.0,7.84503492758596,11.11111111111111
19,338.0,0.2153723260924506,0.0
20,338.0,0.0,0.0
21,338.0,0.24002930483006601,0.0
22,338.0,0.0,0.0
23,338.0,0.0,0.0
24,338.0,0.21142986350823334,0.0
25,338.0,9.36286271734966,11.11111111111111
26,338.0,0.01895046602449524,0.0
27,338.0,11.484093632992103,11.11111111111111
28,338.0,8.448920228709177,11.11111111111111
29,338.0,8.779642952958913,11.11111111111111
30,338.0,0.02282863283970704,0.0
31,338.0,0.3384066131791601,0.0
32,338.0,0.09456649007955187,0.0
33,338.0,0.1363439828216203,0.0
34,338.0,10.071917133434141,11.11111111111111
35,338.0,0.19075445408542968,0.0
36,338.0,6.290608570257577,11.11111111111111
37,338.0,0.0,0.0
38,338.0,0.018795495138515972,0.0
39,338.0,12.023826117985596,11.11111111111111
40,338.0,0.0,0.0
41,338.0,7.857414990853874,11.11111111111111
42,338.0,7.86392167209519,11.11111111111111
43,338.0,0.011008615623099627,0.0
44,338.0,0.0,0.0
45,338.0,0.16875689099491442,0.0
46,338.0,0.01134805639412051,0.0
47,338.0,0.15536687513265057,0.0
48,338.0,0.04897970241071703,0.0
49,338.0,0.0,0.0
50,338.0,0.0,0.0
1,339.0,0.06706819210268167,0.0
2,339.0,12.623302675228995,11.11111111111111
3,339.0,0.07507477777845584,0.0
4,339.0,9.560717585115535,11.11111111111111
5,339.0,0.0,0.0
6,339.0,13.823210908640498,11.11111111111111
7,339.0,0.0,0.0
8,339.0,0.0,0.0
9,339.0,7.9114800142203165,11.11111111111111
10,339.0,0.15475987110821365,0.0
11,339.0,0.05800169058126692,0.0
12,339.0,0.05735548965221127,0.0
13,339.0,0.0,0.0
14,339.0,0.0,0.0
15,339.0,0.0036939005536353875,0.0
16,339.0,0.23708570535020468,0.0
17,339.0,9.389898049425222,11.11111111111111
18,339.0,8.037655342459047,11.11111111111111
19,339.0,0.0,0.0
20,339.0,0.0,0.0
21,339.0,0.0,0.0
22,339.0,0.0,0.0
23,339.0,0.0,0.0
24,339.0,0.0,0.0
25,339.0,9.518973340475045,11.11111111111111
26,339.0,0.11345144230732829,0.0
27,339.0,11.982316006018838,11.11111111111111
28,339.0,8.125543111873267,11.11111111111111
29,339.0,9.315031797911946,11.11111111111111
30,339.0,0.15347517659568355,0.0
31,339.0,0.0,0.0
32,339.0,0.0,0.0
33,339.0,0.0,0.0
34,339.0,10.346872304297845,11.11111111111111
35,339.0,0.03150867600241347,0.0
36,339.0,6.128349206443714,11.11111111111111
37,339.0,0.0,0.0
38,339.0,0.23270676193187345,0.0
39,339.0,12.309329500056762,11.11111111111111
40,339.0,0.13660933864626756,0.0
41,339.0,8.225356371015241,11.11111111111111
42,339.0,8.287092395547667,11.11111111111111
43,339.0,0.0,0.0
44,339.0,0.0,0.0
45,339.0,0.0,0.0
46,339.0,0.0,0.0
47,339.0,0.0,0.0
48,339.0,0.09998652164470645,0.0
49,339.0,0.0,0.0
50,339.0,0.0,0.0
1,340.0,0.0,0.0
2,340.0,12.965286196272098,11.11111111111111
3,340.0,0.10026105772219951,0.0
4,340.0,9.566222968920469,11.11111111111111
5,340.0,0.1517271644253979,0.0
6,340.0,14.406126614526741,11.11111111111111
7,340.0,0.0990697588455618,0.0
8,340.0,0.04266606864913003,0.0
9,340.0,8.093676465814946,11.11111111111111
10,340.0,0.09067982105828554,0.0
11,340.0,0.02281798125914669,0.0
12,340.0,0.03431199404951302,0.0
13,340.0,0.015564037279924614,0.0
14,340.0,0.07017557556437981,0.0
15,340.0,0.1446973019247808,0.0
16,340.0,0.0,0.0
17,340.0,9.88526709698702,11.11111111111111
18,340.0,8.363550998964476,11.11111111111111
19,340.0,0.20084408520577735,0.0
20,340.0,0.0,0.0
21,340.0,0.0,0.0
22,340.0,0.0,0.0
23,340.0,0.047382179477250985,0.0
24,340.0,0.0,0.0
25,340.0,9.893224163524359,11.11111111111111
26,340.0,0.0,0.0
27,340.0,12.488987314636034,11.11111111111111
28,340.0,8.58386695428177,11.11111111111111
29,340.0,9.08732334602103,11.11111111111111
30,340.0,0.3259207842467622,0.0
31,340.0,0.0,0.0
32,340.0,0.0,0.0
33,340.0,0.0,0.0
34,340.0,10.586321028231255,11.11111111111111
35,340.0,0.047471959704074806,0.0
36,340.0,6.748132159293481,11.11111111111111
37,340.0,0.05615245260868007,0.0
38,340.0,0.0,0.0
39,340.0,13.135567291987378,11.11111111111111
40,340.0,0.11455768957192292,0.0
41,340.0,8.500667774013749,11.11111111111111
42,340.0,8.285008322017843,11.11111111111111
43,340.0,0.19641268841707304,0.0
44,340.0,0.0,0.0
45,340.0,0.0,0.0
46,340.0,0.0,0.0
47,340.0,0.028249077107137754,0.0
48,340.0,0.13169815131021734,0.0
49,340.0,0.08988522842896485,0.0
50,340.0,0.0,0.0
1,341.0,0.0,0.0
2,341.0,13.002969160291974,11.11111111111111
3,341.0,0.0,0.0
4,341.0,9.79426910540471,11.11111111111111
5,341.0,0.0,0.0
6,341.0,14.893183821367101,11.11111111111111
7,341.0,0.0,0.0
8,341.0,0.09250784850436722,0.0
9,341.0,8.504894563519104,11.11111111111111
10,341.0,0.0,0.0
11,341.0,0.1466209719019007,0.0
12,341.0,0.0,0.0
13,341.0,0.015809730581833437,0.0
14,341.0,0.0,0.0
15,341.0,0.0,0.0
16,341.0,0.2697973488388642,0.0
17,341.0,9.632744306622687,11.11111111111111
18,341.0,8.638275842676476,11.11111111111111
19,341.0,0.0,0.0
20,341.0,0.1437752711513548,0.0
21,341.0,0.003035817083071435,0.0
22,341.0,0.0,0.0
23,341.0,0.0,0.0
24,341.0,0.0,0.0
25,341.0,10.512073015794833,11.11111111111111
26,341.0,0.30561659065873825,0.0
27,341.0,12.880900397902792,11.11111111111111
28,341.0,9.010984760450816,11.11111111111111
29,341.0,9.599726027705067,11.11111111111111
30,341.0,0.18432316811479899,0.0
31,341.0,0.049536312288270046,0.0
32,341.0,0.3396860947744814,0.0
33,341.0,0.0,0.0
34,341.0,11.203870709096565,11.11111111111111
35,341.0,0.08500805876195239,0.0
36,341.0,6.561914335195784,11.11111111111111
37,341.0,0.0,0.0
38,341.0,0.0,0.0
39,341.0,13.11266130656837,11.11111111111111
40,341.0,0.23333574205691876,0.0
41,341.0,9.00116549624365,11.11111111111111
42,341.0,8.6478468852752,11.11111111111111
43,341.0,0.0,0.0
44,341.0,0.0,0.0
45,341.0,0.13564059495186087,0.0
46,341.0,0.24280564339161337,0.0
47,341.0,0.0,0.0
48,341.0,0.0,0.0
49,341.0,0.3450332766428228,0.0
50,341.0,0.09926454399852513,0.0
1,342.0,0.0,0.0
2,342.0,13.540721991922684,11.11111111111111
3,342.0,0.01772451365244032,0.0
4,342.0,10.546875178437663,11.11111111111111
5,342.0,0.10383023234301647,0.0
6,342.0,14.98045617058738,11.11111111111111
7,342.0,0.04696713745197412,0.0
8,342.0,0.14599534806143166,0.0
9,342.0,9.239148410563661,11.11111111111111
10,342.0,0.0,0.0
11,342.0,0.34722629908668645,0.0
12,342.0,0.07209320252315599,0.0
13,342.0,0.0,0.0
14,342.0,0.11315465114374212,0.0
15,342.0,0.0,0.0
16,342.0,0.0,0.0
17,342.0,9.807742113457987,11.11111111111111
18,342.0,8.787865267229622,11.11111111111111
19,342.0,0.1371174950143943,0.0
20,342.0,0.0,0.0
21,342.0,0.016969808351443683,0.0
22,342.0,0.0,0.0
23,342.0,0.0,0.0
24,342.0,0.0,0.0
25,342.0,10.466137577960122,11.11111111111111
26,342.0,0.0,0.0
27,342.0,12.92162524647306,11.11111111111111
28,342.0,9.396148440171176,11.11111111111111
29,342.0,9.94765327763922,11.11111111111111
30,342.0,0.2483497293091651,0.0
31,342.0,0.0,0.0
32,342.0,0.24862937596152546,0.0
33,342.0,0.0050091376459696635,0.0
34,342.0,11.123287520003789,11.11111111111111
35,342.0,0.014490224771089744,0.0
36,342.0,6.974927780129682,11.11111111111111
37,342.0,0.054872780114656905,0.0
38,342.0,0.003481573638104307,0.0
39,342.0,13.046114126047796,11.11111111111111
40,342.0,0.0,0.0
41,342.0,8.925869360797162,11.11111111111111
42,342.0,8.691616365578513,11.11111111111111
43,342.0,0.18129207702615346,0.0
44,342.0,0.16850954823062214,0.0
45,342.0,0.08472017744360283,0.0
46,342.0,0.0,0.0
47,342.0,0.0,0.0
48,342.0,0.0,0.0
49,342.0,0.034003914388096135,0.0
50,342.0,0.09216409535295844,0.0
1,343.0,0.1522641282747399,0.0
2,343.0,13.583299841903278,11.11111111111111
3,343.0,0.19467246439597974,0.0
4,343.0,10.489065393697572,11.11111111111111
5,343.0,0.0,0.0
6,343.0,15.058362291350722,11.11111111111111
7,343.0,0.0,0.0
8,343.0,0.0,0.0
9,343.0,9.144600434395734,11.11111111111111
10,343.0,0.0,0.0
11,343.0,0.0,0.0
12,343.0,0.0,0.0
13,343.0,0.05882852641314995,0.0
14,343.0,0.0,0.0
15,343.0,0.239658972123325,0.0
16,343.0,0.0,0.0
17,343.0,9.963243040794143,11.11111111111111
18,343.0,9.006239143475002,11.11111111111111
19,343.0,0.0,0.0
20,343.0,0.521637198397745,0.0
21,343.0,0.0,0.0
22,343.0,0.0,0.0
23,343.0,0.0,0.0
24,343.0,0.0,0.0
25,343.0,10.727092454173993,11.11111111111111
26,343.0,0.04004460990160075,0.0
27,343.0,13.345678829729437,11.11111111111111
28,343.0,9.808651998410486,11.11111111111111
29,343.0,9.697998730931065,11.11111111111111
30,343.0,0.0945085215219802,0.0
31,343.0,0.0,0.0
32,343.0,0.0,0.0
33,343.0,0.18254170157730676,0.0
34,343.0,11.893326826893448,11.11111111111111
35,343.0,0.0,0.0
36,343.0,7.025608385354497,11.11111111111111
37,343.0,0.23642196523812076,0.0
38,343.0,0.0,0.0
39,343.0,13.386062745565027,11.11111111111111
40,343.0,0.0,0.0
41,343.0,9.365066822834763,11.11111111111111
42,343.0,9.009868305630773,11.11111111111111
43,343.0,0.0,0.0
44,343.0,0.0,0.0
45,343.0,0.030626943306155008,0.0
46,343.0,3.2546712633307884e-05,0.0
47,343.0,0.0,0.0
48,343.0,0.0,0.0
49,343.0,0.11870030424908362,0.0
50,343.0,0.0,0.0
1,344.0,0.19813565151314272,0.0
2,344.0,13.523005165567792,11.11111111111111
3,344.0,0.0,0.0
4,344.0,11.524093465169457,11.11111111111111
5,344.0,0.046436073608697837,0.0
6,344.0,15.932853509319276,11.11111111111111
7,344.0,0.0,0.0
8,344.0,0.10305771234968497,0.0
9,344.0,9.289285706753617,11.11111111111111
10,344.0,0.0,0.0
11,344.0,0.17513777863174318,0.0
12,344.0,0.0,0.0
13,344.0,0.04115787275512228,0.0
14,344.0,0.0,0.0
15,344.0,0.045891667370008826,0.0
16,344.0,0.03523491410703494,0.0
17,344.0,9.978072215663627,11.11111111111111
18,344.0,9.434727040777556,11.11111111111111
19,344.0,0.0,0.0
20,344.0,0.06489892699381705,0.0
21,344.0,0.0,0.0
22,344.0,0.0,0.0
23,344.0,0.0,0.0
24,344.0,0.0,0.0
25,344.0,10.964960764509707,11.11111111111111
26,344.0,0.0,0.0
27,344.0,13.201831072987423,11.11111111111111
28,344.0,10.167233806947618,11.11111111111111
29,344.0,9.842660052949952,11.11111111111111
30,344.0,0.0,0.0
31,344.0,0.18608520724320632,0.0
32,344.0,0.00946222260058227,0.0
33,344.0,0.038054784806704656,0.0
34,344.0,11.99021418957166,11.11111111111111
35,344.0,0.05122974425845639,0.0
36,344.0,7.424774469673453,11.11111111111111
37,344.0,0.0,0.0
38,344.0,0.14429099852381955,0.0
39,344.0,13.3029692772361,11.11111111111111
40,344.0,0.0,0.0
41,344.0,9.501879861638818,11.11111111111111
42,344.0,9.098910642032237,11.11111111111111
43,344.0,0.0,0.0
44,344.0,0.0,0.0
45,344.0,0.0015906049621442486,0.0
46,344.0,0.10606952837726447,0.0
47,344.0,0.0059483753398491546,0.0
48,344.0,0.023462930522199943,0.0
49,344.0,0.09826451943718872,0.0
50,344.0,0.08244512808226279,0.0
1,345.0,0.06906622400816909,0.0
2,345.0,13.975438646458784,11.11111111111111
3,345.0,0.18483830175892568,0.0
4,345.0,11.642367270272992,11.11111111111111
5,345.0,0.021676163253876113,0.0
6,345.0,16.0087939821382,11.11111111111111
7,345.0,0.0335478828983492,0.0
8,345.0,0.0,0.0
9,345.0,9.443741720268868,11.11111111111111
10,345.0,0.0,0.0
11,345.0,0.13339149165522224,0.0
12,345.0,0.0,0.0
13,345.0,0.008004030659800043,0.0
14,345.0,0.0,0.0
15,345.0,0.0,0.0
16,345.0,0.16100090940445344,0.0
17,345.0,10.687431972135958,11.11111111111111
18,345.0,9.2126109589827,11.11111111111111
19,345.0,0.0,0.0
20,345.0,0.10075790592288325,0.0
21,345.0,0.0,0.0
22,345.0,0.23071211563764793,0.0
23,345.0,0.0,0.0
24,345.0,0.022459291223695943,0.0
25,345.0,10.97715403246842,11.11111111111111
26,345.0,0.0,0.0
27,345.0,13.417024858183478,11.11111111111111
28,345.0,10.300731760949567,11.11111111111111
29,345.0,9.947161315252878,11.11111111111111
30,345.0,0.19472232147802482,0.0
31,345.0,0.0918158360486977,0.0
32,345.0,0.07230744034468717,0.0
33,345.0,0.0801280245145728,0.0
34,345.0,11.578894847221479,11.11111111111111
35,345.0,0.0,0.0
36,345.0,7.424408177107458,11.11111111111111
37,345.0,0.13544586183319474,0.0
38,345.0,0.0,0.0
39,345.0,13.412197603591967,11.11111111111111
40,345.0,0.12398778327065463,0.0
41,345.0,10.02447224852414,11.11111111111111
42,345.0,9.134698435702303,11.11111111111111
43,345.0,0.0,0.0
44,345.0,0.026247548801731302,0.0
45,345.0,0.0,0.0
46,345.0,0.11674620520251444,0.0
47,345.0,0.31940947894392413,0.0
48,345.0,0.0,0.0
49,345.0,0.0,0.0
50,345.0,0.0,0.0
1,346.0,0.07596256289227099,0.0
2,346.0,14.197836196172709,11.11111111111111
3,346.0,0.19489820369792077,0.0
4,346.0,11.626583950914224,11.11111111111111
5,346.0,0.0,0.0
6,346.0,16.263610619567928,11.11111111111111
7,346.0,0.0,0.0
8,346.0,0.0,0.0
9,346.0,9.288095011249505,11.11111111111111
10,346.0,0.0,0.0
11,346.0,0.0,0.0
12,346.0,0.0,0.0
13,346.0,0.19036216198238254,0.0
14,346.0,0.17406195161217164,0.0
15,346.0,0.0,0.0
16,346.0,0.2822820980511228,0.0
17,346.0,10.617677849729098,11.11111111111111
18,346.0,8.914669320928786,11.11111111111111
19,346.0,0.0,0.0
20,346.0,0.0,0.0
21,346.0,0.0,0.0
22,346.0,0.016056623865824182,0.0
23,346.0,0.4326424557148131,0.0
24,346.0,0.08479078954532493,0.0
25,346.0,11.50987031510192,11.11111111111111
26,346.0,0.15533201748330672,0.0
27,346.0,13.793731154951372,11.11111111111111
28,346.0,10.945981493048066,11.11111111111111
29,346.0,10.568460285684742,11.11111111111111
30,346.0,0.18647749702832928,0.0
31,346.0,0.0,0.0
32,346.0,0.0,0.0
33,346.0,0.17016021915907864,0.0
34,346.0,11.578920312966876,11.11111111111111
35,346.0,0.16959705183923812,0.0
36,346.0,7.606901772373705,11.11111111111111
37,346.0,0.21013554327459527,0.0
38,346.0,0.0,0.0
39,346.0,13.865607347400017,11.11111111111111
40,346.0,0.14983910758987362,0.0
41,346.0,10.10141536574395,11.11111111111111
42,346.0,9.142356138301457,11.11111111111111
43,346.0,0.0,0.0
44,346.0,0.21051542293447711,0.0
45,346.0,0.002784952967400889,0.0
46,346.0,0.020956184665766098,0.0
47,346.0,0.0,0.0
48,346.0,0.0,0.0
49,346.0,0.0,0.0
50,346.0,0.0,0.0
1,347.0,0.005301584751134514,0.0
2,347.0,14.558553903205098,11.11111111111111
3,347.0,0.2255524279739617,0.0
4,347.0,11.665783634078759,11.11111111111111
5,347.0,0.09750855211960197,0.0
6,347.0,16.690158928696924,11.11111111111111
7,347.0,0.0,0.0
8,347.0,0.27545072598838904,0.0
9,347.0,10.080209167695145,11.11111111111111
10,347.0,0.0,0.0
11,347.0,0.0,0.0
12,347.0,0.0,0.0
13,347.0,0.0,0.0
14,347.0,0.08935347047572562,0.0
15,347.0,0.23183095004603216,0.0
16,347.0,0.37737780861240533,0.0
17,347.0,10.853744316306985,11.11111111111111
18,347.0,9.32906125700888,11.11111111111111
19,347.0,0.004598583541250312,0.0
20,347.0,0.0,0.0
21,347.0,0.0,0.0
22,347.0,0.06293769406688332,0.0
23,347.0,0.008001591435796596,0.0
24,347.0,0.08524891460755124,0.0
25,347.0,11.261069848423677,11.11111111111111
26,347.0,0.0,0.0
27,347.0,13.911631767604705,11.11111111111111
28,347.0,10.721518183745495,11.11111111111111
29,347.0,10.59047843597111,11.11111111111111
30,347.0,0.14502590038376617,0.0
31,347.0,0.1109104903001713,0.0
32,347.0,0.09001346691757528,0.0
33,347.0,0.0,0.0
34,347.0,11.935198407384714,11.11111111111111
35,347.0,0.1833590228952594,0.0
36,347.0,7.725421810283191,11.11111111111111
37,347.0,0.14065073848008192,0.0
38,347.0,0.0,0.0
39,347.0,13.877046700595136,11.11111111111111
40,347.0,0.039166497026349445,0.0
41,347.0,10.13273140823339,11.11111111111111
42,347.0,8.877810626205209,11.11111111111111
43,347.0,0.18751049041662715,0.0
44,347.0,0.0,0.0
45,347.0,0.0,0.0
46,347.0,0.18050057030980915,0.0
47,347.0,0.0,0.0
48,347.0,0.0,0.0
49,347.0,0.0,0.0
50,347.0,0.0,0.0
1,348.0,0.0,0.0
2,348.0,14.345324343546194,11.11111111111111
3,348.0,0.08695418490522133,0.0
4,348.0,12.13762259386436,11.11111111111111
5,348.0,0.0,0.0
6,348.0,17.005115873889594,11.11111111111111
7,348.0,0.0023390114791220773,0.0
8,348.0,0.2717858250219307,0.0
9,348.0,10.28816484856027,11.11111111111111
10,348.0,0.0,0.0
11,348.0,0.0,0.0
12,348.0,0.029129284393212718,0.0
13,348.0,0.0,0.0
14,348.0,0.0,0.0
15,348.0,0.0,0.0
16,348.0,0.21358988547380664,0.0
17,348.0,11.312368675077874,11.11111111111111
18,348.0,9.692300021002808,11.11111111111111
19,348.0,0.0,0.0
20,348.0,0.0,0.0
21,348.0,0.0,0.0
22,348.0,0.0,0.0
23,348.0,0.0,0.0
24,348.0,0.0,0.0
25,348.0,11.358841886459311,11.11111111111111
26,348.0,0.0,0.0
27,348.0,13.837300967737509,11.11111111111111
28,348.0,11.240746553488556,11.11111111111111
29,348.0,10.85498280055417,11.11111111111111
30,348.0,0.01410516846414589,0.0
31,348.0,0.1638503760638509,0.0
32,348.0,0.05431755693379048,0.0
33,348.0,0.0,0.0
34,348.0,12.258105335327155,11.11111111111111
35,348.0,0.0,0.0
36,348.0,7.830703944290452,11.11111111111111
37,348.0,0.04897782201133272,0.0
38,348.0,0.0,0.0
39,348.0,13.69462471088698,11.11111111111111
40,348.0,0.0,0.0
41,348.0,10.731154235677769,11.11111111111111
42,348.0,9.673119883141908,11.11111111111111
43,348.0,0.12150532377668744,0.0
44,348.0,0.02096336335871274,0.0
45,348.0,0.09864977041909728,0.0
46,348.0,0.0,0.0
47,348.0,0.012271876404826076,0.0
48,348.0,0.13172244044701065,0.0
49,348.0,0.0,0.0
50,348.0,0.0,0.0
1,349.0,0.10183610322556058,0.0
2,349.0,14.396780075701763,11.11111111111111
3,349.0,0.02591704845133036,0.0
4,349.0,12.220122543810122,11.11111111111111
5,349.0,0.0,0.0
6,349.0,16.791475537822254,11.11111111111111
7,349.0,0.39938125861647666,0.0
8,349.0,0.38779348431696914,0.0
9,349.0,10.529034259022419,11.11111111111111
10,349.0,0.20801315409462817,0.0
11,349.0,0.3969465290943155,0.0
12,349.0,0.1171003344879642,0.0
13,349.0,0.0,0.0
14,349.0,0.006028505935785411,0.0
15,349.0,0.036291373631507695,0.0
16,349.0,0.00911714819823195,0.0
17,349.0,11.551493209215781,11.11111111111111
18,349.0,9.51949326257781,11.11111111111111
19,349.0,0.0,0.0
20,349.0,0.0,0.0
21,349.0,0.0,0.0
22,349.0,0.24578105583816134,0.0
23,349.0,0.12101501515787005,0.0
24,349.0,0.3575065660494171,0.0
25,349.0,11.727332499117761,11.11111111111111
26,349.0,0.0,0.0
27,349.0,14.238443214942127,11.11111111111111
28,349.0,11.426670941115805,11.11111111111111
29,349.0,11.095094372829756,11.11111111111111
30,349.0,0.0,0.0
31,349.0,0.06351493187391744,0.0
32,349.0,0.0,0.0
33,349.0,0.15784953457391282,0.0
34,349.0,12.110937512655036,11.11111111111111
35,349.0,0.3549088687247035,0.0
36,349.0,8.460603341599972,11.11111111111111
37,349.0,0.18820462073243305,0.0
38,349.0,0.05834658689612604,0.0
39,349.0,14.224156988264083,11.11111111111111
40,349.0,0.332046697910646,0.0
41,349.0,10.608788881794007,11.11111111111111
42,349.0,9.254460403526195,11.11111111111111
43,349.0,0.30606199924420097,0.0
44,349.0,0.0,0.0
45,349.0,0.08007971213345122,0.0
46,349.0,0.09272297908152394,0.0
47,349.0,0.3451716250632816,0.0
48,349.0,0.12978415417521605,0.0
49,349.0,0.0,0.0
50,349.0,0.025737820682713464,0.0
1,350.0,0.0,0.0
2,350.0,14.549940137992117,11.11111111111111
3,350.0,0.0,0.0
4,350.0,12.174762849143287,11.11111111111111
5,350.0,0.28205601346414844,0.0
6,350.0,16.966782133990698,11.11111111111111
7,350.0,0.06934475968783071,0.0
8,350.0,0.09430076149612054,0.0
9,350.0,10.274807261462612,11.11111111111111
10,350.0,0.02282704646216427,0.0
11,350.0,0.17557422231289999,0.0
12,350.0,0.0,0.0
13,350.0,0.0,0.0
14,350.0,0.038993200395117555,0.0
15,350.0,0.06417615577364966,0.0
16,350.0,0.24468403064666067,0.0
17,350.0,11.29336128642876,11.11111111111111
18,350.0,9.463799432995746,11.11111111111111
19,350.0,0.06933294943282242,0.0
20,350.0,0.2383725469614969,0.0
21,350.0,0.0,0.0
22,350.0,0.0,0.0
23,350.0,0.0,0.0
24,350.0,0.22683057395624462,0.0
25,350.0,11.34138081200316,11.11111111111111
26,350.0,0.008309423989165898,0.0
27,350.0,14.162385695291887,11.11111111111111
28,350.0,11.639965109632353,11.11111111111111
29,350.0,11.454993159270181,11.11111111111111
30,350.0,0.0,0.0
31,350.0,0.018245966438256267,0.0
32,350.0,0.16703136910325078,0.0
33,350.0,0.0,0.0
34,350.0,12.459852264277313,11.11111111111111
35,350.0,0.07607740242730043,0.0
36,350.0,8.25798644146792,11.11111111111111
37,350.0,0.0,0.0
38,350.0,0.0,0.0
39,350.0,14.370087576229214,11.11111111111111
40,350.0,0.0,0.0
41,350.0,10.440506196457948,11.11111111111111
42,350.0,9.464783349623376,11.11111111111111
43,350.0,0.0,0.0
44,350.0,0.0,0.0
45,350.0,0.0,0.0
46,350.0,0.0,0.0
47,350.0,0.11708321800609911,0.0
48,350.0,0.0,0.0
49,350.0,0.016957100663594682,0.0
50,350.0,0.0,0.0
1,351.0,0.0,0.0
2,351.0,14.068215342670724,11.11111111111111
3,351.0,0.0,0.0
4,351.0,12.182401324310916,11.11111111111111
5,351.0,0.10543774899412939,0.0
6,351.0,17.042142021032763,11.11111111111111
7,351.0,0.006578019530706025,0.0
8,351.0,0.0,0.0
9,351.0,10.160555713751481,11.11111111111111
10,351.0,0.012854719867578468,0.0
11,351.0,0.0,0.0
12,351.0,0.14328604307995718,0.0
13,351.0,0.08486326425223634,0.0
14,351.0,0.0,0.0
15,351.0,0.01699965831682737,0.0
16,351.0,0.0,0.0
17,351.0,11.395461928327164,11.11111111111111
18,351.0,10.115825759932392,11.11111111111111
19,351.0,0.10573237968748306,0.0
20,351.0,0.01161244612161727,0.0
21,351.0,0.03541150913180535,0.0
22,351.0,0.3213774920384015,0.0
23,351.0,0.016694679376196286,0.0
24,351.0,0.0,0.0
25,351.0,12.413121903529323,11.11111111111111
26,351.0,0.0,0.0
27,351.0,14.35122035783961,11.11111111111111
28,351.0,11.744210799313302,11.11111111111111
29,351.0,11.915416740594404,11.11111111111111
30,351.0,0.0,0.0
31,351.0,0.0,0.0
32,351.0,0.32341076739879904,0.0
33,351.0,0.12272432206229744,0.0
34,351.0,12.896248572719953,11.11111111111111
35,351.0,0.0,0.0
36,351.0,8.70833953501114,11.11111111111111
37,351.0,0.0875946038879688,0.0
38,351.0,0.10768609086606817,0.0
39,351.0,14.57162861936597,11.11111111111111
40,351.0,0.044780601820024635,0.0
41,351.0,10.907190400683671,11.11111111111111
42,351.0,9.92116623518373,11.11111111111111
43,351.0,0.0,0.0
44,351.0,0.22860101734135985,0.0
45,351.0,0.0,0.0
46,351.0,0.0012579511048735892,0.0
47,351.0,0.3565656709997179,0.0
48,351.0,0.019378648741940063,0.0
49,351.0,0.21872889872331702,0.0
50,351.0,0.0,0.0
1,352.0,0.0,0.0
2,352.0,14.648944321287027,11.11111111111111
3,352.0,0.20303096829687484,0.0
4,352.0,12.255298529241601,11.11111111111111
5,352.0,0.13344575800843506,0.0
6,352.0,17.047148962279483,11.11111111111111
7,352.0,0.054245637381441614,0.0
8,352.0,0.12485054633752013,0.0
9,352.0,10.723667781571852,11.11111111111111
10,352.0,0.0,0.0
11,352.0,0.0,0.0
12,352.0,0.19654972144780136,0.0
13,352.0,0.12102010187953383,0.0
14,352.0,0.10010885524825386,0.0
15,352.0,0.09089617554705631,0.0
16,352.0,0.13733732472337978,0.0
17,352.0,11.704013043973104,11.11111111111111
18,352.0,10.2264772989956,11.11111111111111
19,352.0,0.22465744946153465,0.0
20,352.0,0.0,0.0
21,352.0,0.0,0.0
22,352.0,0.008947710929157582,0.0
23,352.0,0.0,0.0
24,352.0,0.0,0.0
25,352.0,12.668044683222028,11.11111111111111
26,352.0,0.1571915039918358,0.0
27,352.0,14.496289346990812,11.11111111111111
28,352.0,12.238614496070877,11.11111111111111
29,352.0,11.677388173539155,11.11111111111111
30,352.0,0.22476257785099962,0.0
31,352.0,0.17823702705747502,0.0
32,352.0,0.0,0.0
33,352.0,0.0,0.0
34,352.0,12.919961091587755,11.11111111111111
35,352.0,0.09103316874092693,0.0
36,352.0,8.892232952181658,11.11111111111111
37,352.0,0.0,0.0
38,352.0,0.0,0.0
39,352.0,14.984201984648093,11.11111111111111
40,352.0,0.11513796124822118,0.0
41,352.0,10.764973747246234,11.11111111111111
42,352.0,10.221638818555283,11.11111111111111
43,352.0,0.0,0.0
44,352.0,0.38274073727804037,0.0
45,352.0,0.21049508427750285,0.0
46,352.0,0.021978612097059425,0.0
47,352.0,0.19465348952318795,0.0
48,352.0,0.0,0.0
49,352.0,0.0,0.0
50,352.0,0.22790090475215108,0.0
1,353.0,0.0,0.0
2,353.0,14.828083713329182,11.11111111111111
3,353.0,0.0,0.0
4,353.0,12.080143898322081,11.11111111111111
5,353.0,0.0,0.0
6,353.0,17.006531923409565,11.11111111111111
7,353.0,0.18156386225211663,0.0
8,353.0,0.0051028033214184365,0.0
9,353.0,11.094033302426904,11.11111111111111
10,353.0,0.0,0.0
11,353.0,0.0,0.0
12,353.0,0.0,0.0
13,353.0,0.0,0.0
14,353.0,0.19142612782951585,0.0
15,353.0,0.0,0.0
16,353.0,0.0,0.0
17,353.0,11.899507381332493,11.11111111111111
18,353.0,10.535704179250581,11.11111111111111
19,353.0,0.0,0.0
20,353.0,0.27918195540494595,0.0
21,353.0,0.05229347296226805,0.0
22,353.0,0.0,0.0
23,353.0,0.024567297679142897,0.0
24,353.0,0.0,0.0
25,353.0,13.355211258492954,11.11111111111111
26,353.0,0.19978407610182092,0.0
27,353.0,15.085818447514027,11.11111111111111
28,353.0,12.506667942125675,11.11111111111111
29,353.0,12.441968777670136,11.11111111111111
30,353.0,0.11213446322808629,0.0
31,353.0,0.0,0.0
32,353.0,0.01808080528814926,0.0
33,353.0,0.21444335950070126,0.0
34,353.0,13.483091648307507,11.11111111111111
35,353.0,0.0,0.0
36,353.0,8.922413813713433,11.11111111111111
37,353.0,0.028061638054585725,0.0
38,353.0,0.0051597410646571085,0.0
39,353.0,15.174342016973508,11.11111111111111
40,353.0,0.15587136968936155,0.0
41,353.0,10.771759635439327,11.11111111111111
42,353.0,10.011014886439106,11.11111111111111
43,353.0,0.0,0.0
44,353.0,0.004650130486307136,0.0
45,353.0,0.08858572939033649,0.0
46,353.0,0.0,0.0
47,353.0,0.18370630086243023,0.0
48,353.0,0.059618598690379776,0.0
49,353.0,0.0,0.0
50,353.0,0.14944320967822244,0.0
1,354.0,0.03933679122982536,0.0
2,354.0,14.877045092007014,11.11111111111111
3,354.0,0.0,0.0
4,354.0,12.397284909664409,11.11111111111111
5,354.0,0.0,0.0
6,354.0,17.401433749439207,11.11111111111111
7,354.0,0.0,0.0
8,354.0,0.0,0.0
9,354.0,11.418300145682727,11.11111111111111
10,354.0,0.11341365193248631,0.0
11,354.0,0.3987984176114442,0.0
12,354.0,0.2010585235827861,0.0
13,354.0,0.0,0.0
14,354.0,0.20451748204521547,0.0
15,354.0,0.019187523642538062,0.0
16,354.0,0.0,0.0
17,354.0,11.7593720821114,11.11111111111111
18,354.0,10.528100967916181,11.11111111111111
19,354.0,0.0,0.0
20,354.0,0.21572921729654282,0.0
21,354.0,0.09508779529664757,0.0
22,354.0,0.0,0.0
23,354.0,0.0,0.0
24,354.0,0.0,0.0
25,354.0,13.987674031927696,11.11111111111111
26,354.0,0.05504097950687181,0.0
27,354.0,15.039062129431993,11.11111111111111
28,354.0,12.268619587658359,11.11111111111111
29,354.0,12.295499365483337,11.11111111111111
30,354.0,0.0,0.0
31,354.0,0.21554976717791463,0.0
32,354.0,0.0,0.0
33,354.0,0.04560852618469169,0.0
34,354.0,13.882554162174003,11.11111111111111
35,354.0,0.0,0.0
36,354.0,9.096208394733562,11.11111111111111
37,354.0,0.07918543356755603,0.0
38,354.0,0.12945377825866333,0.0
39,354.0,15.437570109687696,11.11111111111111
40,354.0,0.0,0.0
41,354.0,11.198472064889803,11.11111111111111
42,354.0,10.009418208273182,11.11111111111111
43,354.0,0.0,0.0
44,354.0,0.2000908521484992,0.0
45,354.0,0.0,0.0
46,354.0,0.0,0.0
47,354.0,0.07488187930762114,0.0
48,354.0,0.026012876498347604,0.0
49,354.0,0.07059752569984612,0.0
50,354.0,0.1618004474119379,0.0
1,355.0,0.0647253834931667,0.0
2,355.0,15.168869680463192,11.11111111111111
3,355.0,0.03131158728897421,0.0
4,355.0,12.891745575275927,11.11111111111111
5,355.0,0.13189046502297108,0.0
6,355.0,17.82416428161297,11.11111111111111
7,355.0,0.0,0.0
8,355.0,0.0,0.0
9,355.0,11.630118534418541,11.11111111111111
10,355.0,0.0,0.0
11,355.0,0.19728071943080883,0.0
12,355.0,0.0,0.0
13,355.0,0.0,0.0
14,355.0,0.0,0.0
15,355.0,0.0,0.0
16,355.0,0.0,0.0
17,355.0,11.887253313679087,11.11111111111111
18,355.0,10.594306717930882,11.11111111111111
19,355.0,0.0,0.0
20,355.0,0.11323252248176108,0.0
21,355.0,0.0,0.0
22,355.0,0.22391602134096134,0.0
23,355.0,0.0,0.0
24,355.0,0.0,0.0
25,355.0,15.402946314553052,11.11111111111111
26,355.0,0.0,0.0
27,355.0,15.074827959269655,11.11111111111111
28,355.0,12.661653028024194,11.11111111111111
29,355.0,12.25241590827398,11.11111111111111
30,355.0,0.11444571745992005,0.0
31,355.0,0.0,0.0
32,355.0,0.12721298856551844,0.0
33,355.0,0.2551039578278873,0.0
34,355.0,13.771385368481248,11.11111111111111
35,355.0,0.013454793376600604,0.0
36,355.0,9.148114182144104,11.11111111111111
37,355.0,0.0,0.0
38,355.0,0.45754386051584484,0.0
39,355.0,15.663674282682312,11.11111111111111
40,355.0,0.0,0.0
41,355.0,11.263572261412554,11.11111111111111
42,355.0,10.232385780775145,11.11111111111111
43,355.0,0.014764616015484733,0.0
44,355.0,0.0,0.0
45,355.0,0.0,0.0
46,355.0,0.045952755048133564,0.0
47,355.0,0.07705236148063,0.0
48,355.0,0.08737217978651601,0.0
49,355.0,0.03768212108103974,0.0
50,355.0,0.07017144038445877,0.0
1,356.0,0.0,0.0
2,356.0,15.672752477683218,11.11111111111111
3,356.0,0.09137540032396574,0.0
4,356.0,12.713824440886553,11.11111111111111
5,356.0,0.0,0.0
6,356.0,17.758775590725712,11.11111111111111
7,356.0,0.14561785235946723,0.0
8,356.0,0.0,0.0
9,356.0,11.510263595508095,11.11111111111111
10,356.0,0.5637467622802403,0.0
11,356.0,0.0,0.0
12,356.0,0.0,0.0
13,356.0,0.21679599446503606,0.0
14,356.0,0.0,0.0
15,356.0,0.04948246435991299,0.0
16,356.0,0.0,0.0
17,356.0,12.497691095430925,11.11111111111111
18,356.0,10.277748006182218,11.11111111111111
19,356.0,0.19091696783591472,0.0
20,356.0,0.009425534165429794,0.0
21,356.0,0.0,0.0
22,356.0,0.02658552736309694,0.0
23,356.0,0.20398424839095985,0.0
24,356.0,0.0,0.0
25,356.0,15.783164707844797,11.11111111111111
26,356.0,0.26450662144864767,0.0
27,356.0,15.178693222691482,11.11111111111111
28,356.0,12.077053797310358,11.11111111111111
29,356.0,12.15431969244212,11.11111111111111
30,356.0,0.04918246644404012,0.0
31,356.0,0.14908791092292661,0.0
32,356.0,0.14898114706365884,0.0
33,356.0,0.061599130901170196,0.0
34,356.0,13.89890465101108,11.11111111111111
35,356.0,0.17837760415152504,0.0
36,356.0,9.221374170557711,11.11111111111111
37,356.0,0.0,0.0
38,356.0,0.0,0.0
39,356.0,15.617029126054842,11.11111111111111
40,356.0,0.02632608078203058,0.0
41,356.0,11.451887407959836,11.11111111111111
42,356.0,10.624759212401148,11.11111111111111
43,356.0,0.0,0.0
44,356.0,0.0,0.0
45,356.0,0.04209651096043343,0.0
46,356.0,0.22077068948063905,0.0
47,356.0,0.0,0.0
48,356.0,0.0,0.0
49,356.0,0.28865165938566617,0.0
50,356.0,0.033276711783984614,0.0
1,357.0,0.021564665057345778,0.0
2,357.0,15.706460660304241,11.11111111111111
3,357.0,0.27502037406406865,0.0
4,357.0,12.89768619944811,11.11111111111111
5,357.0,0.0,0.0
6,357.0,17.943108245321266,11.11111111111111
7,357.0,0.22152847988091484,0.0
8,357.0,0.1620011783785601,0.0
9,357.0,11.674237422618845,11.11111111111111
10,357.0,0.3618125372256574,0.0
11,357.0,0.0,0.0
12,357.0,0.19827531483731753,0.0
13,357.0,0.0,0.0
14,357.0,0.0,0.0
15,357.0,0.0,0.0
16,357.0,0.0,0.0
17,357.0,12.714222460638776,11.11111111111111
18,357.0,10.688675700885828,11.11111111111111
19,357.0,0.2084715339993084,0.0
20,357.0,0.0,0.0
21,357.0,0.0,0.0
22,357.0,0.0,0.0
23,357.0,0.19436217690182034,0.0
24,357.0,0.12879354725789416,0.0
25,357.0,16.84565338036742,11.11111111111111
26,357.0,0.0,0.0
27,357.0,15.360909438461881,11.11111111111111
28,357.0,11.835904190294727,11.11111111111111
29,357.0,12.413772209788203,11.11111111111111
30,357.0,0.0,0.0
31,357.0,0.0333096255075247,0.0
32,357.0,0.012198281230856534,0.0
33,357.0,0.12375758047573837,0.0
34,357.0,13.859408859642993,11.11111111111111
35,357.0,0.2925884968757789,0.0
36,357.0,9.534250219465305,11.11111111111111
37,357.0,0.0,0.0
38,357.0,0.0,0.0
39,357.0,15.425497561928745,11.11111111111111
40,357.0,0.0,0.0
41,357.0,11.697377057439242,11.11111111111111
42,357.0,10.356209859688615,11.11111111111111
43,357.0,0.0,0.0
44,357.0,0.24891081128899695,0.0
45,357.0,0.0,0.0
46,357.0,0.0,0.0
47,357.0,0.1034058027070548,0.0
48,357.0,0.18786643082149235,0.0
49,357.0,0.15082550372665116,0.0
50,357.0,0.13647902345875973,0.0
1,358.0,0.058994189662958885,0.0
2,358.0,15.534443598786005,11.11111111111111
3,358.0,0.0,0.0
4,358.0,13.050337538838575,11.11111111111111
5,358.0,0.0,0.0
6,358.0,18.381349395237066,11.11111111111111
7,358.0,0.0,0.0
8,358.0,0.0,0.0
9,358.0,11.623228812508483,11.11111111111111
10,358.0,0.016843269489353996,0.0
11,358.0,0.19354224718041024,0.0
12,358.0,0.21046186707545023,0.0
13,358.0,0.08336012051966668,0.0
14,358.0,0.3182123284680364,0.0
15,358.0,0.10235786677605985,0.0
16,358.0,0.015860300178785702,0.0
17,358.0,12.576948349943759,11.11111111111111
18,358.0,10.686324461990543,11.11111111111111
19,358.0,0.0,0.0
20,358.0,0.0,0.0
21,358.0,0.060053276127320254,0.0
22,358.0,0.0,0.0
23,358.0,0.03303167881899538,0.0
24,358.0,0.23949470122305494,0.0
25,358.0,17.516471775921154,11.11111111111111
26,358.0,0.0,0.0
27,358.0,15.58241597133593,11.11111111111111
28,358.0,11.825345378296717,11.11111111111111
29,358.0,12.405555576140701,11.11111111111111
30,358.0,0.399719008249657,0.0
31,358.0,0.0,0.0
32,358.0,0.08520815873401222,0.0
33,358.0,0.0,0.0
34,358.0,14.098492904740148,11.11111111111111
35,358.0,0.08450146386684299,0.0
36,358.0,9.04601036638812,11.11111111111111
37,358.0,0.0,0.0
38,358.0,0.0,0.0
39,358.0,15.507311113528974,11.11111111111111
40,358.0,0.0,0.0
41,358.0,11.375226767834578,11.11111111111111
42,358.0,10.62103365761285,11.11111111111111
43,358.0,0.0,0.0
44,358.0,0.3661577567154286,0.0
45,358.0,0.018381374661860517,0.0
46,358.0,0.2882993900987706,0.0
47,358.0,0.01233698866857047,0.0
48,358.0,0.0,0.0
49,358.0,0.0,0.0
50,358.0,0.34143159367571563,0.0
1,359.0,0.0,0.0
2,359.0,15.25014649869402,11.11111111111111
3,359.0,0.40044254951936287,0.0
4,359.0,13.055207500342782,11.11111111111111
5,359.0,0.008299361727476251,0.0
6,359.0,18.28894221900982,11.11111111111111
7,359.0,0.2719718798891,0.0
8,359.0,0.0,0.0
9,359.0,11.73723189853676,11.11111111111111
10,359.0,0.0,0.0
11,359.0,0.0,0.0
12,359.0,0.008509209249541572,0.0
13,359.0,0.0,0.0
14,359.0,0.0,0.0
15,359.0,0.019213503402624843,0.0
16,359.0,0.08588588047194512,0.0
17,359.0,12.767947845657767,11.11111111111111
18,359.0,10.387229071034044,11.11111111111111
19,359.0,0.0,0.0
20,359.0,0.0,0.0
21,359.0,0.017145670560220205,0.0
22,359.0,0.0,0.0
23,359.0,0.20443473724650774,0.0
24,359.0,0.14063941638744715,0.0
25,359.0,18.10731523285889,11.11111111111111
26,359.0,0.0,0.0
27,359.0,15.577552435236022,11.11111111111111
28,359.0,12.252548590518542,11.11111111111111
29,359.0,12.033178384483012,11.11111111111111
30,359.0,0.04202962515169284,0.0
31,359.0,0.044729161452986,0.0
32,359.0,0.08351438679506529,0.0
33,359.0,0.0,0.0
34,359.0,13.635627884265137,11.11111111111111
35,359.0,0.23790286803419725,0.0
36,359.0,9.379472048621754,11.11111111111111
37,359.0,0.14870773558874217,0.0
38,359.0,0.21322620753571797,0.0
39,359.0,15.887081957469995,11.11111111111111
40,359.0,0.25143616704823046,0.0
41,359.0,11.363541579308755,11.11111111111111
42,359.0,10.208782917076611,11.11111111111111
43,359.0,0.03457183783486617,0.0
44,359.0,0.31819362032352505,0.0
45,359.0,0.11427181420302768,0.0
46,359.0,0.0,0.0
47,359.0,0.031081646555514708,0.0
48,359.0,0.061130314225642635,0.0
49,359.0,0.0,0.0
50,359.0,0.0,0.0
1,360.0,0.0,0.0
2,360.0,15.223215024617318,11.11111111111111
3,360.0,0.0,0.0
4,360.0,13.192106293377664,11.11111111111111
5,360.0,0.035059385960743095,0.0
6,360.0,18.30741931046402,11.11111111111111
7,360.0,0.06932375426752535,0.0
8,360.0,0.0829172302040152,0.0
9,360.0,12.124530684243316,11.11111111111111
10,360.0,0.0,0.0
11,360.0,0.0,0.0
12,360.0,0.1622905444427717,0.0
13,360.0,0.10715660119029613,0.0
14,360.0,0.0,0.0
15,360.0,0.0,0.0
16,360.0,0.0,0.0
17,360.0,13.09542941101972,11.11111111111111
18,360.0,10.774569126819008,11.11111111111111
19,360.0,0.0,0.0
20,360.0,0.2065716013670471,0.0
21,360.0,0.1938022633176527,0.0
22,360.0,0.10500962432560279,0.0
23,360.0,0.0,0.0
24,360.0,0.13299502319665624,0.0
25,360.0,18.696995076192238,11.11111111111111
26,360.0,0.016409352726042714,0.0
27,360.0,15.378659095522,11.11111111111111
28,360.0,12.417145935628106,11.11111111111111
29,360.0,12.41105307171639,11.11111111111111
30,360.0,0.0,0.0
31,360.0,0.044118918909075155,0.0
32,360.0,0.0,0.0
33,360.0,0.0,0.0
34,360.0,13.652863878513644,11.11111111111111
35,360.0,0.0,0.0
36,360.0,9.717566685669764,11.11111111111111
37,360.0,0.15440376413730128,0.0
38,360.0,0.2886403004555198,0.0
39,360.0,16.017388426427704,11.11111111111111
40,360.0,0.11870470552415402,0.0
41,360.0,11.297830499580277,11.11111111111111
42,360.0,10.596435895317631,11.11111111111111
43,360.0,0.0,0.0
44,360.0,0.1776402795487274,0.0
45,360.0,0.0,0.0
46,360.0,0.06448182680550163,0.0
47,360.0,0.2038281502569783,0.0
48,360.0,0.0,0.0
49,360.0,0.13156193786598513,0.0
50,360.0,0.0,0.0
1,361.0,0.051674888599402946,0.0
2,361.0,15.66896325803187,11.11111111111111
3,361.0,0.4430578435404223,0.0
4,361.0,13.266229735072494,11.11111111111111
5,361.0,0.0,0.0
6,361.0,18.484024147563346,11.11111111111111
7,361.0,0.15399497062913403,0.0
8,361.0,0.39639733194068727,0.0
9,361.0,12.126565234075983,11.11111111111111
10,361.0,0.033732774131909005,0.0
11,361.0,0.0,0.0
12,361.0,0.0,0.0
13,361.0,0.04373002851494401,0.0
14,361.0,0.0,0.0
15,361.0,0.010110445733605755,0.0
16,361.0,0.13898936985447186,0.0
17,361.0,12.708741679634768,11.11111111111111
18,361.0,10.880590403064263,11.11111111111111
19,361.0,0.21685969947707007,0.0
20,361.0,0.14103416034799277,0.0
21,361.0,0.07071739924220155,0.0
22,361.0,0.25668938969076327,0.0
23,361.0,0.0,0.0
24,361.0,0.0,0.0
25,361.0,19.40027342575826,11.11111111111111
26,361.0,0.0,0.0
27,361.0,15.740187342660544,11.11111111111111
28,361.0,12.246160527343035,11.11111111111111
29,361.0,12.623645543010358,11.11111111111111
30,361.0,0.0,0.0
31,361.0,0.3814565814838625,0.0
32,361.0,0.0,0.0
33,361.0,0.08758449191733264,0.0
34,361.0,13.571651381683232,11.11111111111111
35,361.0,0.28315755023004807,0.0
36,361.0,9.688054428722984,11.11111111111111
37,361.0,0.0,0.0
38,361.0,0.11561262254406979,0.0
39,361.0,16.16832713994795,11.11111111111111
40,361.0,0.0,0.0
41,361.0,11.658140834759735,11.11111111111111
42,361.0,10.59783642312653,11.11111111111111
43,361.0,0.0,0.0
44,361.0,0.062264688557316594,0.0
45,361.0,0.0357101782659528,0.0
46,361.0,0.007648760249393094,0.0
47,361.0,0.12450668656239361,0.0
48,361.0,0.14745803338448493,0.0
49,361.0,0.15984687731288427,0.0
50,361.0,0.0,0.0
1,362.0,0.4909948212387035,0.0
2,362.0,16.125878395737796,11.11111111111111
3,362.0,0.024325671440353025,0.0
4,362.0,13.2725326152707,11.11111111111111
5,362.0,0.028473796364222426,0.0
6,362.0,18.464752368505206,11.11111111111111
7,362.0,0.14093058782648604,0.0
8,362.0,0.0,0.0
9,362.0,11.959463090260751,11.11111111111111
10,362.0,0.07613124357409218,0.0
11,362.0,0.0,0.0
12,362.0,0.0,0.0
13,362.0,0.0,0.0
14,362.0,0.2308925476551107,0.0
15,362.0,0.10870453398343016,0.0
16,362.0,0.2588024729930939,0.0
17,362.0,13.372521692794814,11.11111111111111
18,362.0,11.261120975597034,11.11111111111111
19,362.0,0.02941215187458701,0.0
20,362.0,0.3443244093726824,0.0
21,362.0,0.014341800585609632,0.0
22,362.0,0.17313444464396366,0.0
23,362.0,0.09022044167300147,0.0
24,362.0,0.0,0.0
25,362.0,19.714492937186357,11.11111111111111
26,362.0,0.0,0.0
27,362.0,15.98304723873213,11.11111111111111
28,362.0,12.159473956629096,11.11111111111111
29,362.0,12.611807134326007,11.11111111111111
30,362.0,0.0,0.0
31,362.0,0.280075434740222,0.0
32,362.0,0.279025863919668,0.0
33,362.0,0.0,0.0
34,362.0,13.399432673565688,11.11111111111111
35,362.0,0.07576377076923935,0.0
36,362.0,9.799530212284607,11.11111111111111
37,362.0,0.021150093650721402,0.0
38,362.0,0.13336120355688474,0.0
39,362.0,16.5618231360563,11.11111111111111
40,362.0,0.21197012971117746,0.0
41,362.0,11.713893038974057,11.11111111111111
42,362.0,10.79043481730963,11.11111111111111
43,362.0,0.0,0.0
44,362.0,0.0,0.0
45,362.0,0.3514836359425113,0.0
46,362.0,0.04125327963513303,0.0
47,362.0,0.02746293467217753,0.0
48,362.0,0.02052892922599714,0.0
49,362.0,0.027254194765042983,0.0
50,362.0,0.0,0.0
1,363.0,0.047881214775189584,0.0
2,363.0,16.015029054934576,11.11111111111111
3,363.0,0.061766277202204956,0.0
4,363.0,13.368121374269517,11.11111111111111
5,363.0,0.0,0.0
6,363.0,18.198460148024033,11.11111111111111
7,363.0,0.226835782166806,0.0
8,363.0,0.19331581873326997,0.0
9,363.0,11.980718659144623,11.11111111111111
10,363.0,0.1354202931657894,0.0
11,363.0,0.008009230869505335,0.0
12,363.0,0.1424188080255674,0.0
13,363.0,0.0,0.0
14,363.0,0.10368732610151454,0.0
15,363.0,0.04493970001640313,0.0
16,363.0,0.26966976944438303,0.0
17,363.0,13.102133197400102,11.11111111111111
18,363.0,10.786141320195858,11.11111111111111
19,363.0,0.08242991822616719,0.0
20,363.0,0.14751187716055236,0.0
21,363.0,0.2441281253118157,0.0
22,363.0,0.21451154474821243,0.0
23,363.0,0.3984161323153086,0.0
24,363.0,0.0,0.0
25,363.0,20.443369747109717,11.11111111111111
26,363.0,0.18174134533162678,0.0
27,363.0,16.260957434323196,11.11111111111111
28,363.0,12.219236861217537,11.11111111111111
29,363.0,13.003900615643737,11.11111111111111
30,363.0,0.0,0.0
31,363.0,0.0,0.0
32,363.0,0.20995390581496431,0.0
33,363.0,0.0,0.0
34,363.0,13.503626244943371,11.11111111111111
35,363.0,0.19831224180380358,0.0
36,363.0,9.952127705015467,11.11111111111111
37,363.0,0.02831395702417383,0.0
38,363.0,0.0,0.0
39,363.0,16.67630496106448,11.11111111111111
40,363.0,0.0,0.0
41,363.0,11.978349277264536,11.11111111111111
42,363.0,11.065397408327623,11.11111111111111
43,363.0,0.0,0.0
44,363.0,0.0,0.0
45,363.0,0.15714444488219304,0.0
46,363.0,0.15674437731413493,0.0
47,363.0,0.2739662551329666,0.0
48,363.0,0.2770674606006298,0.0
49,363.0,0.18008669354048812,0.0
50,363.0,0.0,0.0
1,364.0,0.014663751163848882,0.0
2,364.0,15.611385625023505,11.11111111111111
3,364.0,0.4023563396095764,0.0
4,364.0,12.883970418614096,11.11111111111111
5,364.0,0.0,0.0
6,364.0,17.948929188566076,11.11111111111111
7,364.0,0.03683275218993287,0.0
8,364.0,0.0,0.0
9,364.0,11.969394195182078,11.11111111111111
10,364.0,0.0,0.0
11,364.0,0.0,0.0
12,364.0,0.47068702762198744,0.0
13,364.0,0.14628778268790388,0.0
14,364.0,0.003946309662756442,0.0
15,364.0,0.12534715239353855,0.0
16,364.0,0.2313569812934212,0.0
17,364.0,12.999696235832518,11.11111111111111
18,364.0,11.122358196191234,11.11111111111111
19,364.0,0.0026866776213838595,0.0
20,364.0,0.0,0.0
21,364.0,0.0,0.0
22,364.0,0.0,0.0
23,364.0,0.0,0.0
24,364.0,0.007985825150155668,0.0
25,364.0,21.14212297714276,11.11111111111111
26,364.0,0.0,0.0
27,364.0,16.426818777518914,11.11111111111111
28,364.0,12.464964120120959,11.11111111111111
29,364.0,12.751496273771766,11.11111111111111
30,364.0,0.06869037806672462,0.0
31,364.0,0.19792427090182463,0.0
32,364.0,0.0,0.0
33,364.0,0.06869990934645576,0.0
34,364.0,13.895662873751425,11.11111111111111
35,364.0,0.08379696046324503,0.0
36,364.0,9.645287066774525,11.11111111111111
37,364.0,0.12111019046866056,0.0
38,364.0,0.1931480255476491,0.0
39,364.0,16.95903780477053,11.11111111111111
40,364.0,0.07083218066099017,0.0
41,364.0,11.935428290490908,11.11111111111111
42,364.0,10.996090294985729,11.11111111111111
43,364.0,0.0,0.0
44,364.0,0.09289314534550175,0.0
45,364.0,0.0,0.0
46,364.0,0.0,0.0
47,364.0,0.3328282233966606,0.0
48,364.0,0.11828443060468496,0.0
49,364.0,0.0,0.0
50,364.0,0.07004129128548742,0.0
1,365.0,0.0,0.0
2,365.0,15.869991262655233,11.11111111111111
3,365.0,0.0,0.0
4,365.0,12.942557888512905,11.11111111111111
5,365.0,0.18588107866658077,0.0
6,365.0,18.217389374120494,11.11111111111111
7,365.0,0.0,0.0
8,365.0,0.3283740700936365,0.0
9,365.0,12.52556615584221,11.11111111111111
10,365.0,0.0,0.0
11,365.0,0.0,0.0
12,365.0,0.07867698554662317,0.0
13,365.0,0.0,0.0
14,365.0,0.0,0.0
15,365.0,0.0,0.0
16,365.0,0.0,0.0
17,365.0,13.246640373841107,11.11111111111111
18,365.0,11.370829424430331,11.11111111111111
19,365.0,0.0,0.0
20,365.0,0.0,0.0
21,365.0,0.0,0.0
22,365.0,0.0,0.0
23,365.0,0.0,0.0
24,365.0,0.0907806068655409,0.0
25,365.0,21.647034448230094,11.11111111111111
26,365.0,0.0,0.0
27,365.0,16.54620818683394,11.11111111111111
28,365.0,12.33270324564524,11.11111111111111
29,365.0,12.661293350285096,11.11111111111111
30,365.0,0.0765699907727384,0.0
31,365.0,0.0,0.0
32,365.0,0.0,0.0
33,365.0,0.052947373530859765,0.0
34,365.0,13.886382945433553,11.11111111111111
35,365.0,0.0,0.0
36,365.0,9.697881828266096,11.11111111111111
37,365.0,0.09428146823136474,0.0
38,365.0,0.0,0.0
39,365.0,16.903324547918455,11.11111111111111
40,365.0,0.0,0.0
41,365.0,11.77710658609861,11.11111111111111
42,365.0,11.913150857925304,11.11111111111111
43,365.0,0.026068240876354065,0.0
44,365.0,0.033396076660497376,0.0
45,365.0,0.0,0.0
46,365.0,0.054186903711682666,0.0
47,365.0,0.10394502334028477,0.0
48,365.0,0.0,0.0
49,365.0,0.27206047895487084,0.0
50,365.0,0.07527372630844587,0.0
1,366.0,0.03224260810224144,0.0
2,366.0,16.073271231481858,11.11111111111111
3,366.0,0.32028060096957633,0.0
4,366.0,13.307043708283338,11.11111111111111
5,366.0,0.0,0.0
6,366.0,18.487144951871628,11.11111111111111
7,366.0,0.0,0.0
8,366.0,0.3110586433857927,0.0
9,366.0,12.30331465499459,11.11111111111111
10,366.0,0.0,0.0
11,366.0,0.0,0.0
12,366.0,0.0,0.0
13,366.0,0.12467950793605942,0.0
14,366.0,0.0,0.0
15,366.0,0.3598611475764638,0.0
16,366.0,0.0,0.0
17,366.0,13.334195468863808,11.11111111111111
18,366.0,11.425785431773818,11.11111111111111
19,366.0,0.0,0.0
20,366.0,0.0,0.0
21,366.0,0.1082679935110542,0.0
22,366.0,0.00479864832301824,0.0
23,366.0,0.14936123624597686,0.0
24,366.0,0.25798091724701455,0.0
25,366.0,22.39178652361761,11.11111111111111
26,366.0,0.03484879953380149,0.0
27,366.0,16.446638114648543,11.11111111111111
28,366.0,12.56514575580644,11.11111111111111
29,366.0,12.424811765216486,11.11111111111111
30,366.0,0.18245635022273288,0.0
31,366.0,0.1730389641838589,0.0
32,366.0,0.053592764861177256,0.0
33,366.0,0.21112356517680875,0.0
34,366.0,13.915460736064862,11.11111111111111
35,366.0,0.0,0.0
36,366.0,10.117068657574016,11.11111111111111
37,366.0,0.08251148595742674,0.0
38,366.0,0.0,0.0
39,366.0,17.11022986003276,11.11111111111111
40,366.0,0.0,0.0
41,366.0,12.067610611956662,11.11111111111111
42,366.0,11.084484546596459,11.11111111111111
43,366.0,0.11926342818001434,0.0
44,366.0,0.1629615264178491,0.0
45,366.0,0.0,0.0
46,366.0,0.20340230226106826,0.0
47,366.0,0.24497926080716936,0.0
48,366.0,0.13456441667747987,0.0
49,366.0,0.06307243330359436,0.0
50,366.0,0.06353892305083653,0.0
1,367.0,0.0409685271482958,0.0
2,367.0,15.795759935811343,11.11111111111111
3,367.0,0.12435176270141302,0.0
4,367.0,12.804439155044214,11.11111111111111
5,367.0,0.0,0.0
6,367.0,18.396737680467247,11.11111111111111
7,367.0,0.0,0.0
8,367.0,0.24121431519715386,0.0
9,367.0,12.478010231521033,11.11111111111111
10,367.0,0.15488530656263533,0.0
11,367.0,0.140772947674337,0.0
12,367.0,0.10414486815382706,0.0
13,367.0,0.0,0.0
14,367.0,0.0,0.0
15,367.0,0.19386451439637342,0.0
16,367.0,0.16739921267946223,0.0
17,367.0,13.121844917600672,11.11111111111111
18,367.0,11.201994008329919,11.11111111111111
19,367.0,0.0,0.0
20,367.0,0.2650256991944522,0.0
21,367.0,0.36141067418982986,0.0
22,367.0,0.03935713568130661,0.0
23,367.0,0.0,0.0
24,367.0,0.26054277422011507,0.0
25,367.0,22.86617728416211,11.11111111111111
26,367.0,0.2958651223091324,0.0
27,367.0,16.54942871044016,11.11111111111111
28,367.0,12.488159999761836,11.11111111111111
29,367.0,12.72512036392183,11.11111111111111
30,367.0,0.0,0.0
31,367.0,0.02901183803533436,0.0
32,367.0,0.0,0.0
33,367.0,0.0,0.0
34,367.0,13.808145782420903,11.11111111111111
35,367.0,0.021959635367788888,0.0
36,367.0,9.399114075946185,11.11111111111111
37,367.0,0.07314812983426333,0.0
38,367.0,0.0,0.0
39,367.0,16.972048850418343,11.11111111111111
40,367.0,0.0,0.0
41,367.0,11.814222566759893,11.11111111111111
42,367.0,10.433703309692964,11.11111111111111
43,367.0,0.0,0.0
44,367.0,0.0,0.0
45,367.0,0.15485231570344438,0.0
46,367.0,0.0,0.0
47,367.0,0.14264977880421714,0.0
48,367.0,0.22116319418698405,0.0
49,367.0,0.0,0.0
50,367.0,2.1506887166844457e-05,0.0
1,368.0,0.0,0.0
2,368.0,15.939847373351782,11.11111111111111
3,368.0,0.04437700686883739,0.0
4,368.0,13.16041533964028,11.11111111111111
5,368.0,0.0,0.0
6,368.0,18.15966580160438,11.11111111111111
7,368.0,0.07448858899696265,0.0
8,368.0,0.0,0.0
9,368.0,12.036917442412108,11.11111111111111
10,368.0,0.0,0.0
11,368.0,0.0,0.0
12,368.0,0.05607109343565497,0.0
13,368.0,0.06461936489729925,0.0
14,368.0,0.06697122756531904,0.0
15,368.0,0.16995042883074907,0.0
16,368.0,0.18634326635406384,0.0
17,368.0,12.944984846422924,11.11111111111111
18,368.0,11.142899522275982,11.11111111111111
19,368.0,0.041067298442481914,0.0
20,368.0,0.0,0.0
21,368.0,0.0,0.0
22,368.0,0.004575274401537599,0.0
23,368.0,0.0,0.0
24,368.0,0.017900663041884535,0.0
25,368.0,22.8821437611764,11.11111111111111
26,368.0,0.1712937196328479,0.0
27,368.0,16.213191115000363,11.11111111111111
28,368.0,12.795197569041989,11.11111111111111
29,368.0,12.640050931059601,11.11111111111111
30,368.0,0.12834194988225178,0.0
31,368.0,0.033530805930754526,0.0
32,368.0,0.13761659857746678,0.0
33,368.0,0.08062811538312986,0.0
34,368.0,13.66765046915828,11.11111111111111
35,368.0,0.12559723598115435,0.0
36,368.0,9.677189041403436,11.11111111111111
37,368.0,0.0,0.0
38,368.0,0.0,0.0
39,368.0,16.666075907622112,11.11111111111111
40,368.0,0.0,0.0
41,368.0,11.90284152179628,11.11111111111111
42,368.0,0.3109860396941879,0.0
43,368.0,0.08403379522698506,0.0
44,368.0,0.13519971724354674,0.0
45,368.0,0.045334171746617136,0.0
46,368.0,0.3018327109570612,0.0
47,368.0,0.0,0.0
48,368.0,0.27416031657116624,0.0
49,368.0,0.3920939116999369,0.0
50,368.0,0.0031156814412867107,0.0
1,369.0,0.3660384052069836,0.0
2,369.0,15.700961796541524,11.11111111111111
3,369.0,0.0,0.0
4,369.0,13.467447582039949,11.11111111111111
5,369.0,0.0,0.0
6,369.0,18.379200213032515,11.11111111111111
7,369.0,0.0,0.0
8,369.0,0.0,0.0
9,369.0,11.868737473247595,11.11111111111111
10,369.0,0.07055285372878928,0.0
11,369.0,0.12679247153023931,0.0
12,369.0,0.20471971783185994,0.0
13,369.0,0.01213480782176235,0.0
14,369.0,0.142974195711274,0.0
15,369.0,0.014498129872728027,0.0
16,369.0,0.0,0.0
17,369.0,13.380118640776,11.11111111111111
18,369.0,11.335447400115452,11.11111111111111
19,369.0,0.08307056502267307,0.0
20,369.0,0.3479859475286632,0.0
21,369.0,0.0,0.0
22,369.0,0.1469408932248727,0.0
23,369.0,0.0,0.0
24,369.0,0.0,0.0
25,369.0,23.06869868118048,11.11111111111111
26,369.0,0.044998965484027154,0.0
27,369.0,16.49180480974904,11.11111111111111
28,369.0,12.518972143415722,11.11111111111111
29,369.0,12.950371695048513,11.11111111111111
30,369.0,0.19837571084691674,0.0
31,369.0,0.03573044942110881,0.0
32,369.0,0.23525108607876322,0.0
33,369.0,0.07422999899840055,0.0
34,369.0,13.925675050370959,11.11111111111111
35,369.0,0.028493966106649116,0.0
36,369.0,9.918345300482205,11.11111111111111
37,369.0,0.11577275792034125,0.0
38,369.0,0.0,0.0
39,369.0,16.197886490783933,11.11111111111111
40,369.0,0.0,0.0
41,369.0,11.492985004127547,11.11111111111111
42,369.0,0.4094058476457557,0.0
43,369.0,0.420324844201556,0.0
44,369.0,0.3843680513122194,0.0
45,369.0,0.0,0.0
46,369.0,0.17368808811974057,0.0
47,369.0,0.0,0.0
48,369.0,0.08237061932654466,0.0
49,369.0,0.07802248473144635,0.0
50,369.0,0.0,0.0
1,370.0,0.0,0.0
2,370.0,15.775075787591337,11.11111111111111
3,370.0,0.0,0.0
4,370.0,12.525660172851381,11.11111111111111
5,370.0,0.14536529666809517,0.0
6,370.0,18.46351835623195,11.11111111111111
7,370.0,0.0,0.0
8,370.0,0.0,0.0
9,370.0,12.38788720972384,11.11111111111111
10,370.0,0.17626496103809353,0.0
11,370.0,0.0,0.0
12,370.0,0.4790349880000745,0.0
13,370.0,0.0,0.0
14,370.0,0.0,0.0
15,370.0,0.0,0.0
16,370.0,0.0,0.0
17,370.0,13.438229133875293,11.11111111111111
18,370.0,11.223109362059425,11.11111111111111
19,370.0,0.0,0.0
20,370.0,0.12267481029264782,0.0
21,370.0,0.0,0.0
22,370.0,0.0,0.0
23,370.0,0.0,0.0
24,370.0,0.33095829208568683,0.0
25,370.0,23.234404799364075,11.11111111111111
26,370.0,0.0,0.0
27,370.0,16.009353652881867,11.11111111111111
28,370.0,12.704515586882886,11.11111111111111
29,370.0,13.050349297677336,11.11111111111111
30,370.0,0.07235624531171836,0.0
31,370.0,0.0,0.0
32,370.0,0.007659075727270093,0.0
33,370.0,0.0,0.0
34,370.0,14.169085140375778,11.11111111111111
35,370.0,0.2904306030524557,0.0
36,370.0,10.236421757977435,11.11111111111111
37,370.0,0.04758823331355899,0.0
38,370.0,0.020271638234482192,0.0
39,370.0,15.910041925243004,11.11111111111111
40,370.0,0.19101575617687183,0.0
41,370.0,11.938558399751837,11.11111111111111
42,370.0,0.3346280504784451,0.0
43,370.0,0.0,0.0
44,370.0,0.2819240956176623,0.0
45,370.0,0.0,0.0
46,370.0,0.0,0.0
47,370.0,0.0,0.0
48,370.0,0.20060566026864035,0.0
49,370.0,0.0,0.0
50,370.0,0.0,0.0
1,371.0,0.012847880377257592,0.0
2,371.0,15.608646691521653,11.11111111111111
3,371.0,0.07500627012038896,0.0
4,371.0,12.599902428168244,11.11111111111111
5,371.0,0.0,0.0
6,371.0,17.92774760215642,11.11111111111111
7,371.0,0.0,0.0
8,371.0,0.0,0.0
9,371.0,11.983851185283536,11.11111111111111
10,371.0,0.19395802120128014,0.0
11,371.0,0.04093501262740218,0.0
12,371.0,0.31976928771698265,0.0
13,371.0,0.09426493171004635,0.0
14,371.0,0.0,0.0
15,371.0,0.0,0.0
16,371.0,0.11096351699619178,0.0
17,371.0,13.582292821875443,11.11111111111111
18,371.0,11.382307456075345,11.11111111111111
19,371.0,0.0,0.0
20,371.0,0.0,0.0
21,371.0,0.0,0.0
22,371.0,0.0,0.0
23,371.0,0.0,0.0
24,371.0,0.07835992909968925,0.0
25,371.0,23.3686492062724,11.11111111111111
26,371.0,0.33047873341378575,0.0
27,371.0,15.96573562770375,11.11111111111111
28,371.0,13.018643646614736,11.11111111111111
29,371.0,12.80539039629292,11.11111111111111
30,371.0,0.0,0.0
31,371.0,0.0,0.0
32,371.0,0.06222358898508906,0.0
33,371.0,0.0,0.0
34,371.0,14.172379687844032,11.11111111111111
35,371.0,0.0,0.0
36,371.0,10.539980138756846,11.11111111111111
37,371.0,0.6002338215086311,0.0
38,371.0,0.0,0.0
39,371.0,15.782535401426596,11.11111111111111
40,371.0,0.0,0.0
41,371.0,12.05396166936036,11.11111111111111
42,371.0,0.0,0.0
43,371.0,0.0,0.0
44,371.0,0.2724947482383444,0.0
45,371.0,0.04039480553584829,0.0
46,371.0,0.0,0.0
47,371.0,0.056379314898196364,0.0
48,371.0,0.09439094667017056,0.0
49,371.0,0.15826305867560608,0.0
50,371.0,0.03410802246690492,0.0
1,372.0,0.04650556704899089,0.0
2,372.0,15.842001583489122,11.11111111111111
3,372.0,0.1119524945362601,0.0
4,372.0,12.862807753728283,11.11111111111111
5,372.0,0.07129768938862369,0.0
6,372.0,18.029445770841914,11.11111111111111
7,372.0,0.08790168520017738,0.0
8,372.0,0.0,0.0
9,372.0,11.898750939842076,11.11111111111111
10,372.0,0.0,0.0
11,372.0,0.0,0.0
12,372.0,0.10498176909835799,0.0
13,372.0,0.07035196943516842,0.0
14,372.0,0.0653091444182976,0.0
15,372.0,0.16883279150415353,0.0
16,372.0,0.12185655968450537,0.0
17,372.0,13.132391479118422,11.11111111111111
18,372.0,11.586353245533228,11.11111111111111
19,372.0,0.13282465028737434,0.0
20,372.0,0.027383413534851853,0.0
21,372.0,0.0,0.0
22,372.0,0.2305516003389858,0.0
23,372.0,0.0,0.0
24,372.0,0.05056933848853029,0.0
25,372.0,23.164805218383343,11.11111111111111
26,372.0,0.1674876842887838,0.0
27,372.0,16.302914343877806,11.11111111111111
28,372.0,12.819201088080016,11.11111111111111
29,372.0,13.132795575151444,11.11111111111111
30,372.0,0.1246847093903437,0.0
31,372.0,0.006751161820756857,0.0
32,372.0,0.13655087802520105,0.0
33,372.0,0.0,0.0
34,372.0,14.382345119227265,11.11111111111111
35,372.0,0.10708027193824454,0.0
36,372.0,10.441313188565958,11.11111111111111
37,372.0,0.2939632195613894,0.0
38,372.0,0.3193514097743736,0.0
39,372.0,15.806094873762731,11.11111111111111
40,372.0,0.0,0.0
41,372.0,11.66968202423814,11.11111111111111
42,372.0,0.00866140375309421,0.0
43,372.0,0.0,0.0
44,372.0,0.13986800408244204,0.0
45,372.0,0.14917152035525205,0.0
46,372.0,0.046788782535151285,0.0
47,372.0,0.28614252269447504,0.0
48,372.0,0.17314235610763717,0.0
49,372.0,0.0,0.0
50,372.0,0.13244453388560995,0.0
1,373.0,0.0,0.0
2,373.0,15.880600167702077,11.11111111111111
3,373.0,0.19797021622577082,0.0
4,373.0,12.996053706559831,11.11111111111111
5,373.0,0.2932957894228103,0.0
6,373.0,18.041541073621254,11.11111111111111
7,373.0,0.21684520084117476,0.0
8,373.0,0.052200664083980275,0.0
9,373.0,11.714335190989008,11.11111111111111
10,373.0,0.0,0.0
11,373.0,0.21059887650041487,0.0
12,373.0,0.0,0.0
13,373.0,0.14239334699913742,0.0
14,373.0,0.23175507009117569,0.0
15,373.0,0.0,0.0
16,373.0,0.0,0.0
17,373.0,12.957679136957694,11.11111111111111
18,373.0,11.349799787880631,11.11111111111111
19,373.0,0.0,0.0
20,373.0,0.0,0.0
21,373.0,0.04903221269298952,0.0
22,373.0,0.3075631780399828,0.0
23,373.0,0.0,0.0
24,373.0,0.08046265495939087,0.0
25,373.0,23.03252224031984,11.11111111111111
26,373.0,0.04993508166102878,0.0
27,373.0,16.459599304981122,11.11111111111111
28,373.0,12.76415214878085,11.11111111111111
29,373.0,12.550246967894056,11.11111111111111
30,373.0,0.14329486680934234,0.0
31,373.0,0.0,0.0
32,373.0,0.0,0.0
33,373.0,0.08624881739710166,0.0
34,373.0,13.605999265267561,11.11111111111111
35,373.0,0.10687353503185992,0.0
36,373.0,9.792304154637074,11.11111111111111
37,373.0,0.0,0.0
38,373.0,0.11342547207109344,0.0
39,373.0,15.74732526965385,11.11111111111111
40,373.0,0.14248556165399717,0.0
41,373.0,11.71462915231596,11.11111111111111
42,373.0,0.0,0.0
43,373.0,0.05891588995458508,0.0
44,373.0,0.0,0.0
45,373.0,0.0686044005535853,0.0
46,373.0,0.0,0.0
47,373.0,0.0,0.0
48,373.0,0.1542075476878081,0.0
49,373.0,0.0,0.0
50,373.0,0.009344773140726903,0.0
1,374.0,0.04409041064136643,0.0
2,374.0,16.09473561003937,11.11111111111111
3,374.0,0.0761992069438644,0.0
4,374.0,13.163743026222571,11.11111111111111
5,374.0,0.14828227658945137,0.0
6,374.0,17.91188784816448,11.11111111111111
7,374.0,0.0,0.0
8,374.0,0.04868716278122098,0.0
9,374.0,11.725006965238126,11.11111111111111
10,374.0,0.0,0.0
11,374.0,0.20670938865477195,0.0
12,374.0,0.0,0.0
13,374.0,0.06193442202107613,0.0
14,374.0,0.10580384985453617,0.0
15,374.0,0.23700050255139937,0.0
16,374.0,0.0,0.0
17,374.0,12.897770084228968,11.11111111111111
18,374.0,11.10288119270179,11.11111111111111
19,374.0,0.0,0.0
20,374.0,0.004447752144629669,0.0
21,374.0,0.1575381627033713,0.0
22,374.0,0.0,0.0
23,374.0,0.0,0.0
24,374.0,0.1408692633657901,0.0
25,374.0,23.20602110395514,11.11111111111111
26,374.0,0.0,0.0
27,374.0,16.01362051731846,11.11111111111111
28,374.0,12.764155029746494,11.11111111111111
29,374.0,12.16449596892393,11.11111111111111
30,374.0,0.07759569033659597,0.0
31,374.0,0.0942788956305245,0.0
32,374.0,0.11791352597747229,0.0
33,374.0,0.0,0.0
34,374.0,13.726847072203224,11.11111111111111
35,374.0,0.021095325635076434,0.0
36,374.0,9.83504808331769,11.11111111111111
37,374.0,0.0,0.0
38,374.0,0.2747044857437866,0.0
39,374.0,15.499768428037004,11.11111111111111
40,374.0,0.11626107922203688,0.0
41,374.0,11.676601536996344,11.11111111111111
42,374.0,0.09573593105825273,0.0
43,374.0,0.14004541794418823,0.0
44,374.0,0.21152901570899574,0.0
45,374.0,0.0,0.0
46,374.0,0.0,0.0
47,374.0,0.2823994079718597,0.0
48,374.0,0.0,0.0
49,374.0,0.0,0.0
50,374.0,0.0,0.0
1,375.0,0.0,0.0
2,375.0,15.859892624381246,11.11111111111111
3,375.0,0.014571810620620296,0.0
4,375.0,12.483257184241971,11.11111111111111
5,375.0,0.13874919650889483,0.0
6,375.0,17.946022012900052,11.11111111111111
7,375.0,0.0,0.0
8,375.0,0.008088074419576707,0.0
9,375.0,11.258516164559802,11.11111111111111
10,375.0,0.020137183379858925,0.0
11,375.0,0.3114062704571764,0.0
12,375.0,0.0864427645768926,0.0
13,375.0,0.04506384056672985,0.0
14,375.0,0.11621004844230132,0.0
15,375.0,0.0,0.0
16,375.0,0.015991361668357018,0.0
17,375.0,13.018641067414437,11.11111111111111
18,375.0,11.060954018774758,11.11111111111111
19,375.0,0.0,0.0
20,375.0,0.0,0.0
21,375.0,0.5827427604502189,0.0
22,375.0,0.0,0.0
23,375.0,0.0,0.0
24,375.0,0.0,0.0
25,375.0,23.91503821810086,11.11111111111111
26,375.0,0.0,0.0
27,375.0,16.360932290796562,11.11111111111111
28,375.0,12.635765631145027,11.11111111111111
29,375.0,12.612233848993256,11.11111111111111
30,375.0,0.10156656166879596,0.0
31,375.0,0.0,0.0
32,375.0,0.18698212985719054,0.0
33,375.0,0.48723971282660694,0.0
34,375.0,14.294898869772988,11.11111111111111
35,375.0,0.4934873243039657,0.0
36,375.0,9.845578163097983,11.11111111111111
37,375.0,0.0,0.0
38,375.0,0.0,0.0
39,375.0,15.57821349514597,11.11111111111111
40,375.0,0.013072356245626637,0.0
41,375.0,11.232837063150068,11.11111111111111
42,375.0,0.0,0.0
43,375.0,0.0,0.0
44,375.0,0.011342024317990251,0.0
45,375.0,0.0,0.0
46,375.0,0.0,0.0
47,375.0,0.10336381489077984,0.0
48,375.0,0.0,0.0
49,375.0,0.0,0.0
50,375.0,0.5351646559865042,0.0
1,376.0,0.0,0.0
2,376.0,15.10423082274724,11.11111111111111
3,376.0,0.1457033988732913,0.0
4,376.0,12.855962380204618,11.11111111111111
5,376.0,0.18175556554844985,0.0
6,376.0,17.568319235128833,11.11111111111111
7,376.0,0.01888105736992407,0.0
8,376.0,0.0,0.0
9,376.0,11.571480071840174,11.11111111111111
10,376.0,0.023596553701250023,0.0
11,376.0,0.0,0.0
12,376.0,0.0,0.0
13,376.0,0.0,0.0
14,376.0,0.0975366009388392,0.0
15,376.0,0.15785714447018218,0.0
16,376.0,0.0,0.0
17,376.0,12.631297725216108,11.11111111111111
18,376.0,10.974392126687821,11.11111111111111
19,376.0,0.15313972714904633,0.0
20,376.0,0.0,0.0
21,376.0,0.0424897082332254,0.0
22,376.0,0.0,0.0
23,376.0,0.13049402478630379,0.0
24,376.0,0.100197147136033,0.0
25,376.0,23.704520925031886,11.11111111111111
26,376.0,0.11584677246028563,0.0
27,376.0,15.715498828208297,11.11111111111111
28,376.0,12.473789794849484,11.11111111111111
29,376.0,12.495293852077094,11.11111111111111
30,376.0,0.09895574051061828,0.0
31,376.0,0.0,0.0
32,376.0,0.0,0.0
33,376.0,0.0,0.0
34,376.0,13.841193333500652,11.11111111111111
35,376.0,0.11969766320378594,0.0
36,376.0,9.871748212219435,11.11111111111111
37,376.0,0.0,0.0
38,376.0,0.0,0.0
39,376.0,15.687917690199338,11.11111111111111
40,376.0,0.07300016055215586,0.0
41,376.0,11.482002471561078,11.11111111111111
42,376.0,0.1697739647368831,0.0
43,376.0,0.22964479816534422,0.0
44,376.0,0.04990643824906771,0.0
45,376.0,0.2190453963937492,0.0
46,376.0,0.0,0.0
47,376.0,0.24911479398441327,0.0
48,376.0,0.15412582846066247,0.0
49,376.0,0.09221754817916117,0.0
50,376.0,0.385492282622231,0.0
1,377.0,0.6201991076373932,0.0
2,377.0,15.821532618259212,11.11111111111111
3,377.0,0.09471105502112231,0.0
4,377.0,13.15113973091496,11.11111111111111
5,377.0,0.0,0.0
6,377.0,17.491286586895672,11.11111111111111
7,377.0,0.1410789778098238,0.0
8,377.0,0.03091579981694592,0.0
9,377.0,11.422653302542136,11.11111111111111
10,377.0,0.3114060739855906,0.0
11,377.0,0.0,0.0
12,377.0,0.0,0.0
13,377.0,0.013044042985065563,0.0
14,377.0,0.0,0.0
15,377.0,0.0,0.0
16,377.0,0.0,0.0
17,377.0,12.445117146546359,11.11111111111111
18,377.0,10.72006046632642,11.11111111111111
19,377.0,0.0,0.0
20,377.0,0.17050648550954595,0.0
21,377.0,0.0,0.0
22,377.0,0.0,0.0
23,377.0,0.049622182407089266,0.0
24,377.0,0.0,0.0
25,377.0,23.756863545343833,11.11111111111111
26,377.0,0.0653529960185214,0.0
27,377.0,15.799936922781672,11.11111111111111
28,377.0,12.131356340963759,11.11111111111111
29,377.0,12.608458024226644,11.11111111111111
30,377.0,0.07547785937528084,0.0
31,377.0,0.42294691935947915,0.0
32,377.0,0.0862092678775489,0.0
33,377.0,0.1330205852276649,0.0
34,377.0,13.915743061911769,11.11111111111111
35,377.0,0.0,0.0
36,377.0,9.379685888404998,11.11111111111111
37,377.0,0.0,0.0
38,377.0,0.0,0.0
39,377.0,15.610167700216575,11.11111111111111
40,377.0,0.0,0.0
41,377.0,11.386027151877395,11.11111111111111
42,377.0,0.29558193378461106,0.0
43,377.0,0.1557600519993496,0.0
44,377.0,0.0,0.0
45,377.0,0.27781921307711666,0.0
46,377.0,0.025421219565442188,0.0
47,377.0,0.06352432292264265,0.0
48,377.0,0.0,0.0
49,377.0,0.0987299149392924,0.0
50,377.0,0.31947208362511925,0.0
1,378.0,0.33344023860328065,0.0
2,378.0,16.15761700843456,11.11111111111111
3,378.0,0.0,0.0
4,378.0,12.751452346777002,11.11111111111111
5,378.0,0.0,0.0
6,378.0,17.491837384080785,11.11111111111111
7,378.0,0.02447385437355809,0.0
8,378.0,0.0,0.0
9,378.0,11.851682780659551,11.11111111111111
10,378.0,0.12841709013533253,0.0
11,378.0,0.07811873406917702,0.0
12,378.0,0.2897414261421447,0.0
13,378.0,0.17819468931124183,0.0
14,378.0,0.0,0.0
15,378.0,0.11112364348595372,0.0
16,378.0,0.0,0.0
17,378.0,12.467102185979684,11.11111111111111
18,378.0,11.132091883484014,11.11111111111111
19,378.0,0.13885932879490226,0.0
20,378.0,0.12054659627223374,0.0
21,378.0,0.0,0.0
22,378.0,0.0,0.0
23,378.0,0.0,0.0
24,378.0,0.0,0.0
25,378.0,24.45245971933953,11.11111111111111
26,378.0,0.11779318334352284,0.0
27,378.0,15.403919330863515,11.11111111111111
28,378.0,12.22562684483426,11.11111111111111
29,378.0,12.795432734698387,11.11111111111111
30,378.0,0.11977002667798453,0.0
31,378.0,0.2680615152635535,0.0
32,378.0,0.20203595830814536,0.0
33,378.0,0.0,0.0
34,378.0,13.85966167204413,11.11111111111111
35,378.0,0.0,0.0
36,378.0,9.388753744308078,11.11111111111111
37,378.0,0.0,0.0
38,378.0,0.10293372096236708,0.0
39,378.0,15.916329487461521,11.11111111111111
40,378.0,0.0,0.0
41,378.0,11.075268832826037,11.11111111111111
42,378.0,0.5390977240781298,0.0
43,378.0,0.05963514776876744,0.0
44,378.0,0.0,0.0
45,378.0,0.0,0.0
46,378.0,0.0,0.0
47,378.0,0.14407032835753042,0.0
48,378.0,0.0,0.0
49,378.0,0.0,0.0
50,378.0,0.0,0.0
1,379.0,0.019260525086560065,0.0
2,379.0,16.869164940943755,11.11111111111111
3,379.0,0.04506492371916493,0.0
4,379.0,12.647430165453097,11.11111111111111
5,379.0,0.0,0.0
6,379.0,17.908036925599387,11.11111111111111
7,379.0,0.0,0.0
8,379.0,0.06448694856636839,0.0
9,379.0,11.708907131565107,11.11111111111111
10,379.0,0.0,0.0
11,379.0,0.0,0.0
12,379.0,0.0,0.0
13,379.0,0.0,0.0
14,379.0,0.0,0.0
15,379.0,0.0,0.0
16,379.0,0.0,0.0
17,379.0,12.42897670624216,11.11111111111111
18,379.0,11.258453953245173,11.11111111111111
19,379.0,0.0,0.0
20,379.0,0.02053923239406419,0.0
21,379.0,0.0,0.0
22,379.0,0.0,0.0
23,379.0,0.006228216668122122,0.0
24,379.0,0.006275258759585012,0.0
25,379.0,24.41202247607025,11.11111111111111
26,379.0,0.216835049541808,0.0
27,379.0,15.564800616415326,11.11111111111111
28,379.0,12.319919662541931,11.11111111111111
29,379.0,12.407574937891857,11.11111111111111
30,379.0,0.3363341870117822,0.0
31,379.0,0.0,0.0
32,379.0,0.03624110555782223,0.0
33,379.0,0.0,0.0
34,379.0,13.678935902267796,11.11111111111111
35,379.0,0.0,0.0
36,379.0,9.012676991848148,11.11111111111111
37,379.0,0.0,0.0
38,379.0,0.0,0.0
39,379.0,15.742736075953438,11.11111111111111
40,379.0,0.13663638651255394,0.0
41,379.0,11.110654813915756,11.11111111111111
42,379.0,0.4815966955381856,0.0
43,379.0,0.0,0.0
44,379.0,0.08167025081383461,0.0
45,379.0,0.0,0.0
46,379.0,0.034667746989351045,0.0
47,379.0,0.0,0.0
48,379.0,0.0,0.0
49,379.0,0.0,0.0
50,379.0,0.0,0.0
1,380.0,0.15424920851867152,0.0
2,380.0,16.970814981832497,11.11111111111111
3,380.0,0.12881521341442603,0.0
4,380.0,12.844874767654808,11.11111111111111
5,380.0,0.0,0.0
6,380.0,17.639311883397774,11.11111111111111
7,380.0,0.0,0.0
8,380.0,0.1334328008147172,0.0
9,380.0,11.512067544429545,11.11111111111111
10,380.0,0.0,0.0
11,380.0,0.0,0.0
12,380.0,0.0,0.0
13,380.0,0.15345244702365768,0.0
14,380.0,0.2532570754413742,0.0
15,380.0,0.0,0.0
16,380.0,0.0,0.0
17,380.0,12.028130899445523,11.11111111111111
18,380.0,10.880584515183052,11.11111111111111
19,380.0,0.09425116735690808,0.0
20,380.0,0.12431903042863757,0.0
21,380.0,0.33646226741398844,0.0
22,380.0,0.1651373319661914,0.0
23,380.0,0.1489524950348624,0.0
24,380.0,0.0,0.0
25,380.0,24.389734596103747,11.11111111111111
26,380.0,0.0,0.0
27,380.0,15.182652925034796,11.11111111111111
28,380.0,11.865585323303097,11.11111111111111
29,380.0,12.231526911674653,11.11111111111111
30,380.0,0.15729834214623495,0.0
31,380.0,0.0,0.0
32,380.0,0.26346969646099594,0.0
33,380.0,0.0,0.0
34,380.0,13.95305854048469,11.11111111111111
35,380.0,0.0,0.0
36,380.0,8.684701352391137,11.11111111111111
37,380.0,0.0,0.0
38,380.0,0.29720557781265955,0.0
39,380.0,15.248714475817014,11.11111111111111
40,380.0,0.0,0.0
41,380.0,10.855084399861573,11.11111111111111
42,380.0,0.19193886982209385,0.0
43,380.0,0.0,0.0
44,380.0,0.01484703552060651,0.0
45,380.0,0.2540657372902635,0.0
46,380.0,0.0,0.0
47,380.0,0.0,0.0
48,380.0,0.0,0.0
49,380.0,0.18818698028382674,0.0
50,380.0,0.18124983922329707,0.0
1,381.0,0.0,0.0
2,381.0,17.71752364821645,11.11111111111111
3,381.0,0.0,0.0
4,381.0,12.178943353657951,11.11111111111111
5,381.0,0.12869570036842082,0.0
6,381.0,17.962312778618656,11.11111111111111
7,381.0,0.3302006105541122,0.0
8,381.0,0.055438561442474055,0.0
9,381.0,11.651875041753732,11.11111111111111
10,381.0,0.29294480385698185,0.0
11,381.0,0.2956305505036806,0.0
12,381.0,0.21481619559575094,0.0
13,381.0,0.0,0.0
14,381.0,0.0,0.0
15,381.0,0.0,0.0
16,381.0,0.0,0.0
17,381.0,12.04994410069589,11.11111111111111
18,381.0,10.276264024847428,11.11111111111111
19,381.0,0.4241541271992775,0.0
20,381.0,0.07790668469544537,0.0
21,381.0,0.0,0.0
22,381.0,0.39559587359650583,0.0
23,381.0,0.35019742949997335,0.0
24,381.0,0.0,0.0
25,381.0,24.53704577382742,11.11111111111111
26,381.0,0.0,0.0
27,381.0,15.747870409438637,11.11111111111111
28,381.0,11.48808385802451,11.11111111111111
29,381.0,12.35892917264674,11.11111111111111
30,381.0,0.21511182969552178,0.0
31,381.0,0.2436294737996556,0.0
32,381.0,0.020246016401510247,0.0
33,381.0,0.0,0.0
34,381.0,14.065699227061838,11.11111111111111
35,381.0,0.08620980676802159,0.0
36,381.0,8.74820128874593,11.11111111111111
37,381.0,0.04543898290077597,0.0
38,381.0,0.15534023339053304,0.0
39,381.0,14.87562360585641,11.11111111111111
40,381.0,0.0,0.0
41,381.0,10.691638220111374,11.11111111111111
42,381.0,0.05411782236750717,0.0
43,381.0,0.0,0.0
44,381.0,0.008774867169402123,0.0
45,381.0,0.02608573922604629,0.0
46,381.0,0.0,0.0
47,381.0,0.012839998271814479,0.0
48,381.0,0.04348028375174373,0.0
49,381.0,0.0,0.0
50,381.0,0.0,0.0
1,382.0,0.0,0.0
2,382.0,18.25436507051292,11.11111111111111
3,382.0,0.0,0.0
4,382.0,12.332653711602855,11.11111111111111
5,382.0,0.25568932140678535,0.0
6,382.0,17.336692759382718,11.11111111111111
7,382.0,0.0,0.0
8,382.0,0.07697519119560225,0.0
9,382.0,11.207649703063275,11.11111111111111
10,382.0,0.0,0.0
11,382.0,0.0,0.0
12,382.0,0.0,0.0
13,382.0,0.155457556460582,0.0
14,382.0,0.0,0.0
15,382.0,0.0,0.0
16,382.0,0.17472471234126496,0.0
17,382.0,12.229662050222792,11.11111111111111
18,382.0,10.324576269258065,11.11111111111111
19,382.0,0.0,0.0
20,382.0,0.0,0.0
21,382.0,0.0,0.0
22,382.0,0.09093728249731747,0.0
23,382.0,0.0,0.0
24,382.0,0.13918743498803798,0.0
25,382.0,24.464588566852676,11.11111111111111
26,382.0,0.0,0.0
27,382.0,15.633700563510743,11.11111111111111
28,382.0,11.386449089514926,11.11111111111111
29,382.0,11.967794550863326,11.11111111111111
30,382.0,0.0,0.0
31,382.0,0.1972502110217591,0.0
32,382.0,0.24102786497794204,0.0
33,382.0,0.0,0.0
34,382.0,13.81863590732594,11.11111111111111
35,382.0,0.11321999363804613,0.0
36,382.0,8.803814860934574,11.11111111111111
37,382.0,0.09244464070632341,0.0
38,382.0,0.13135614918881622,0.0
39,382.0,15.941070223680747,11.11111111111111
40,382.0,0.08340390536979325,0.0
41,382.0,10.663484980930244,11.11111111111111
42,382.0,0.11439015438417255,0.0
43,382.0,0.2709483318234134,0.0
44,382.0,0.0,0.0
45,382.0,0.0,0.0
46,382.0,0.04124247326105479,0.0
47,382.0,0.07786429456457111,0.0
48,382.0,0.17370464656628026,0.0
49,382.0,0.0013571343759287702,0.0
50,382.0,0.09452033216892164,0.0
1,383.0,0.0,0.0
2,383.0,18.757835951042587,11.11111111111111
3,383.0,0.0,0.0
4,383.0,12.164616591039607,11.11111111111111
5,383.0,0.10979828795819224,0.0
6,383.0,17.039951521748034,11.11111111111111
7,383.0,0.014703524035376114,0.0
8,383.0,0.0,0.0
9,383.0,11.436328276582655,11.11111111111111
10,383.0,0.02358046854867135,0.0
11,383.0,0.0035662546506471937,0.0
12,383.0,0.08205087759090757,0.0
13,383.0,0.0,0.0
14,383.0,0.2324895387356828,0.0
15,383.0,0.0,0.0
16,383.0,0.009604909156740393,0.0
17,383.0,12.449854384747844,11.11111111111111
18,383.0,10.06328383933906,11.11111111111111
19,383.0,0.015667523050810206,0.0
20,383.0,0.0,0.0
21,383.0,0.0683253204600589,0.0
22,383.0,0.0,0.0
23,383.0,0.17974906369557908,0.0
24,383.0,0.0,0.0
25,383.0,24.593681034069732,11.11111111111111
26,383.0,0.0,0.0
27,383.0,14.98201205296979,11.11111111111111
28,383.0,11.567786500948301,11.11111111111111
29,383.0,11.601376731733584,11.11111111111111
30,383.0,0.0,0.0
31,383.0,0.0,0.0
32,383.0,0.0,0.0
33,383.0,0.0,0.0
34,383.0,13.77237363840743,11.11111111111111
35,383.0,0.0,0.0
36,383.0,8.703948008518788,11.11111111111111
37,383.0,0.20727546989123868,0.0
38,383.0,0.24640958116406797,0.0
39,383.0,15.798204097828414,11.11111111111111
40,383.0,0.0,0.0
41,383.0,11.039721565331241,11.11111111111111
42,383.0,0.3048230674298109,0.0
43,383.0,0.053756172555771364,0.0
44,383.0,0.0,0.0
45,383.0,0.06475696323441282,0.0
46,383.0,0.07802948371219165,0.0
47,383.0,0.04148109965851765,0.0
48,383.0,0.0,0.0
49,383.0,0.09064583725199149,0.0
50,383.0,0.0,0.0
1,384.0,0.07979803901727023,0.0
2,384.0,19.425488675179253,11.11111111111111
3,384.0,0.0,0.0
4,384.0,11.695705598434301,11.11111111111111
5,384.0,0.0,0.0
6,384.0,17.114777023357018,11.11111111111111
7,384.0,0.0,0.0
8,384.0,0.18467584396525139,0.0
9,384.0,11.123534966720042,11.11111111111111
10,384.0,0.0017779409285090253,0.0
11,384.0,0.22366878708029214,0.0
12,384.0,0.0,0.0
13,384.0,0.0,0.0
14,384.0,0.0,0.0
15,384.0,0.030378501440057493,0.0
16,384.0,0.013184891817409783,0.0
17,384.0,11.993615554822355,11.11111111111111
18,384.0,10.009443873633552,11.11111111111111
19,384.0,0.0,0.0
20,384.0,0.09271842253474893,0.0
21,384.0,0.0,0.0
22,384.0,0.0,0.0
23,384.0,0.0,0.0
24,384.0,0.0,0.0
25,384.0,24.431331816892314,11.11111111111111
26,384.0,0.010656533985401007,0.0
27,384.0,15.139987576743179,11.11111111111111
28,384.0,11.115171983277712,11.11111111111111
29,384.0,11.468919470448963,11.11111111111111
30,384.0,0.04198442750827469,0.0
31,384.0,0.0,0.0
32,384.0,0.02569785149446524,0.0
33,384.0,0.18100170968701979,0.0
34,384.0,13.345193895109565,11.11111111111111
35,384.0,0.041353189583608785,0.0
36,384.0,8.924708831118007,11.11111111111111
37,384.0,0.0,0.0
38,384.0,0.07852017945827594,0.0
39,384.0,16.26513980850686,11.11111111111111
40,384.0,0.14686331723482404,0.0
41,384.0,10.780163919562916,11.11111111111111
42,384.0,0.044860736342991925,0.0
43,384.0,0.13415011420455558,0.0
44,384.0,0.0,0.0
45,384.0,0.027683146973482398,0.0
46,384.0,0.08455930747768337,0.0
47,384.0,0.0,0.0
48,384.0,0.0,0.0
49,384.0,0.17725287916373722,0.0
50,384.0,0.0,0.0
1,385.0,0.09088287088744396,0.0
2,385.0,20.194561730812303,11.11111111111111
3,385.0,0.20430324979142778,0.0
4,385.0,11.669198035846774,11.11111111111111
5,385.0,0.0,0.0
6,385.0,17.273172681542203,11.11111111111111
7,385.0,0.09134374237175424,0.0
8,385.0,0.0,0.0
9,385.0,10.761509200923431,11.11111111111111
10,385.0,0.27142942167540063,0.0
11,385.0,0.19628109040307762,0.0
12,385.0,0.0,0.0
13,385.0,0.014083270733118103,0.0
14,385.0,0.2236341724073886,0.0
15,385.0,0.0,0.0
16,385.0,0.0,0.0
17,385.0,11.512284985809368,11.11111111111111
18,385.0,9.481950799396643,11.11111111111111
19,385.0,0.0,0.0
20,385.0,0.036485741024464224,0.0
21,385.0,0.0,0.0
22,385.0,0.2589535706472975,0.0
23,385.0,0.0,0.0
24,385.0,0.038712058404349436,0.0
25,385.0,24.837862407106375,11.11111111111111
26,385.0,0.11962103152111025,0.0
27,385.0,14.96665696973919,11.11111111111111
28,385.0,10.849277385260494,11.11111111111111
29,385.0,11.392887702950212,11.11111111111111
30,385.0,0.12961159117921195,0.0
31,385.0,0.09971033462615786,0.0
32,385.0,0.10718137759455004,0.0
33,385.0,0.09492509443295438,0.0
34,385.0,13.092763712318598,11.11111111111111
35,385.0,0.0,0.0
36,385.0,8.815952587493127,11.11111111111111
37,385.0,0.0,0.0
38,385.0,0.000903233690348948,0.0
39,385.0,16.89423645201447,11.11111111111111
40,385.0,0.0,0.0
41,385.0,10.892646364982491,11.11111111111111
42,385.0,0.0,0.0
43,385.0,0.33806503274244615,0.0
44,385.0,0.0,0.0
45,385.0,0.0,0.0
46,385.0,0.03918957677156509,0.0
47,385.0,0.02014962709596335,0.0
48,385.0,0.0,0.0
49,385.0,0.026871141441530244,0.0
50,385.0,0.06637917574158414,0.0
1,386.0,0.05783055599349063,0.0
2,386.0,20.598024809914566,11.11111111111111
3,386.0,0.0,0.0
4,386.0,11.607258415402743,11.11111111111111
5,386.0,0.04180606325160374,0.0
6,386.0,17.041261694210622,11.11111111111111
7,386.0,0.05942020965457129,0.0
8,386.0,0.0,0.0
9,386.0,10.91968682798318,11.11111111111111
10,386.0,0.023879076163919155,0.0
11,386.0,0.16312594849118944,0.0
12,386.0,0.009533206434512498,0.0
13,386.0,0.04878967935955536,0.0
14,386.0,0.0,0.0
15,386.0,0.2766028980766363,0.0
16,386.0,0.12038947282072876,0.0
17,386.0,11.540622275287385,11.11111111111111
18,386.0,9.728624526154327,11.11111111111111
19,386.0,0.0,0.0
20,386.0,0.2587010664511338,0.0
21,386.0,0.05535640861490809,0.0
22,386.0,0.08272830550626042,0.0
23,386.0,0.0,0.0
24,386.0,0.0,0.0
25,386.0,24.20575640449668,11.11111111111111
26,386.0,0.11600832764727365,0.0
27,386.0,14.880021121144381,11.11111111111111
28,386.0,10.701397263296872,11.11111111111111
29,386.0,11.409477621135398,11.11111111111111
30,386.0,0.07611393108164832,0.0
31,386.0,0.0,0.0
32,386.0,0.050843832971015024,0.0
33,386.0,0.0470882784316381,0.0
34,386.0,12.988522209823358,11.11111111111111
35,386.0,0.10564258414075534,0.0
36,386.0,8.309363973961784,11.11111111111111
37,386.0,0.0,0.0
38,386.0,0.0,0.0
39,386.0,17.379413835906096,11.11111111111111
40,386.0,0.0,0.0
41,386.0,10.58294409313083,11.11111111111111
42,386.0,0.07416121468961456,0.0
43,386.0,0.5134434488379684,0.0
44,386.0,0.0,0.0
45,386.0,0.25774339290696924,0.0
46,386.0,0.0,0.0
47,386.0,0.2053598983360625,0.0
48,386.0,0.024780935846961283,0.0
49,386.0,0.0,0.0
50,386.0,0.0859137805742407,0.0
1,387.0,0.09133077315772531,0.0
2,387.0,20.91478743549215,11.11111111111111
3,387.0,0.047547413390419346,0.0
4,387.0,11.188821310404881,11.11111111111111
5,387.0,0.0,0.0
6,387.0,16.71775487922004,11.11111111111111
7,387.0,0.04028296255176278,0.0
8,387.0,0.0,0.0
9,387.0,11.135104521707909,11.11111111111111
10,387.0,0.008442435314855001,0.0
11,387.0,0.0,0.0
12,387.0,0.15358836845117396,0.0
13,387.0,0.006307789304920153,0.0
14,387.0,0.057728640658766595,0.0
15,387.0,0.2475183700139909,0.0
16,387.0,0.004179420022833669,0.0
17,387.0,11.255801948756066,11.11111111111111
18,387.0,9.801669559283283,11.11111111111111
19,387.0,0.21986301364401062,0.0
20,387.0,0.12260373045967399,0.0
21,387.0,0.0,0.0
22,387.0,0.16256185094393705,0.0
23,387.0,0.026627094381341698,0.0
24,387.0,0.1514335221789478,0.0
25,387.0,24.109333267043638,11.11111111111111
26,387.0,0.0,0.0
27,387.0,14.26714198931244,11.11111111111111
28,387.0,10.744873677000351,11.11111111111111
29,387.0,11.062545107506526,11.11111111111111
30,387.0,0.0,0.0
31,387.0,0.0272280310032762,0.0
32,387.0,0.000332474806475358,0.0
33,387.0,0.0,0.0
34,387.0,12.757925456306403,11.11111111111111
35,387.0,0.08432365788839091,0.0
36,387.0,7.935150595216371,11.11111111111111
37,387.0,0.002874668868778074,0.0
38,387.0,0.3543505948352973,0.0
39,387.0,18.03485460577331,11.11111111111111
40,387.0,0.3535551428169409,0.0
41,387.0,10.259952280079085,11.11111111111111
42,387.0,0.0,0.0
43,387.0,0.0,0.0
44,387.0,0.06578228048157786,0.0
45,387.0,0.0,0.0
46,387.0,0.0,0.0
47,387.0,0.2086406849853476,0.0
48,387.0,0.0,0.0
49,387.0,0.09359334490937932,0.0
50,387.0,0.0,0.0
1,388.0,0.0,0.0
2,388.0,21.020478562951215,11.11111111111111
3,388.0,0.05046884248039851,0.0
4,388.0,11.466810235001759,11.11111111111111
5,388.0,0.0,0.0
6,388.0,16.6281848276724,11.11111111111111
7,388.0,0.0,0.0
8,388.0,0.2281539839889959,0.0
9,388.0,11.13348549124722,11.11111111111111
10,388.0,0.14429051699679973,0.0
11,388.0,0.0,0.0
12,388.0,0.16873353933016644,0.0
13,388.0,0.028027630719941965,0.0
14,388.0,0.0,0.0
15,388.0,0.0,0.0
16,388.0,0.09179311555454106,0.0
17,388.0,11.253755216253744,11.11111111111111
18,388.0,9.646965470158273,11.11111111111111
19,388.0,0.09999196388729104,0.0
20,388.0,0.08011856885342916,0.0
21,388.0,0.04239399777751618,0.0
22,388.0,0.0,0.0
23,388.0,0.14954118076512313,0.0
24,388.0,0.0,0.0
25,388.0,23.78793579479451,11.11111111111111
26,388.0,0.44299211863418153,0.0
27,388.0,13.923211906469396,11.11111111111111
28,388.0,10.525216770990802,11.11111111111111
29,388.0,10.51670529492564,11.11111111111111
30,388.0,0.03517212800120617,0.0
31,388.0,0.24844729682062172,0.0
32,388.0,0.0,0.0
33,388.0,0.06642662641208663,0.0
34,388.0,12.441944423884461,11.11111111111111
35,388.0,0.035748371073627605,0.0
36,388.0,7.9386700544734765,11.11111111111111
37,388.0,0.0,0.0
38,388.0,0.0185507893926119,0.0
39,388.0,18.71154228655407,11.11111111111111
40,388.0,0.0,0.0
41,388.0,10.32328815184185,11.11111111111111
42,388.0,0.0,0.0
43,388.0,0.0,0.0
44,388.0,0.0,0.0
45,388.0,0.24975265862732599,0.0
46,388.0,0.02513040415183143,0.0
47,388.0,0.0,0.0
48,388.0,0.11110512299273367,0.0
49,388.0,0.0,0.0
50,388.0,0.31808805710199184,0.0
1,389.0,0.02946479582569317,0.0
2,389.0,21.839164445512644,11.11111111111111
3,389.0,0.0,0.0
4,389.0,11.535385826061354,11.11111111111111
5,389.0,0.0,0.0
6,389.0,15.970888652366536,11.11111111111111
7,389.0,0.5001241596807176,0.0
8,389.0,0.39927078630879176,0.0
9,389.0,10.501724425968872,11.11111111111111
10,389.0,0.0,0.0
11,389.0,0.8768192445219454,0.0
12,389.0,0.0,0.0
13,389.0,0.0,0.0
14,389.0,0.0,0.0
15,389.0,0.0,0.0
16,389.0,0.2591513612070222,0.0
17,389.0,10.809939760631233,11.11111111111111
18,389.0,9.652446559158667,11.11111111111111
19,389.0,0.15905682147143285,0.0
20,389.0,0.0,0.0
21,389.0,0.03208673602345824,0.0
22,389.0,0.0,0.0
23,389.0,0.1409633532622545,0.0
24,389.0,0.0,0.0
25,389.0,23.28734942664031,11.11111111111111
26,389.0,0.0,0.0
27,389.0,13.859190592424133,11.11111111111111
28,389.0,10.317332858125893,11.11111111111111
29,389.0,10.219613474713379,11.11111111111111
30,389.0,0.0,0.0
31,389.0,0.016220090002453946,0.0
32,389.0,0.0,0.0
33,389.0,0.39327537788914013,0.0
34,389.0,12.582187992997136,11.11111111111111
35,389.0,0.0,0.0
36,389.0,7.7213032967442246,11.11111111111111
37,389.0,0.0,0.0
38,389.0,0.0,0.0
39,389.0,19.13190455548709,11.11111111111111
40,389.0,0.3067585018670247,0.0
41,389.0,10.115364866075176,11.11111111111111
42,389.0,0.1681774865477208,0.0
43,389.0,0.1956962293595712,0.0
44,389.0,0.0,0.0
45,389.0,0.0,0.0
46,389.0,0.0,0.0
47,389.0,0.0,0.0
48,389.0,0.0,0.0
49,389.0,0.0,0.0
50,389.0,0.0,0.0
1,390.0,0.04784060015779734,0.0
2,390.0,21.94735945782579,11.11111111111111
3,390.0,0.1792525321385008,0.0
4,390.0,11.394389415526742,11.11111111111111
5,390.0,0.30881546065312737,0.0
6,390.0,16.429031847640577,11.11111111111111
7,390.0,0.22729292659114364,0.0
8,390.0,0.08985121873939161,0.0
9,390.0,10.329010852675863,11.11111111111111
10,390.0,0.0,0.0
11,390.0,0.4584135986491915,0.0
12,390.0,0.14693459905733675,0.0
13,390.0,0.08366003821235779,0.0
14,390.0,0.0024266689484436776,0.0
15,390.0,0.0,0.0
16,390.0,0.06655461081402647,0.0
17,390.0,11.05718101943367,11.11111111111111
18,390.0,8.756727775560938,11.11111111111111
19,390.0,0.0,0.0
20,390.0,0.3299680162143883,0.0
21,390.0,0.0,0.0
22,390.0,0.0,0.0
23,390.0,0.0,0.0
24,390.0,0.04187633627422216,0.0
25,390.0,23.416892767874817,11.11111111111111
26,390.0,0.09292571650974546,0.0
27,390.0,13.546200665223521,11.11111111111111
28,390.0,10.568325539114902,11.11111111111111
29,390.0,9.980143381953148,11.11111111111111
30,390.0,0.0,0.0
31,390.0,0.061205356908616615,0.0
32,390.0,0.0,0.0
33,390.0,0.19895572563343644,0.0
34,390.0,11.75948062184881,11.11111111111111
35,390.0,0.0,0.0
36,390.0,7.854767032923284,11.11111111111111
37,390.0,0.0,0.0
38,390.0,0.0,0.0
39,390.0,19.899578120528876,11.11111111111111
40,390.0,0.11736593254581396,0.0
41,390.0,9.859629770867146,11.11111111111111
42,390.0,0.0,0.0
43,390.0,0.0,0.0
44,390.0,0.0,0.0
45,390.0,0.0,0.0
46,390.0,0.024796942425795443,0.0
47,390.0,0.0,0.0
48,390.0,0.14408636513889383,0.0
49,390.0,0.057856729881881286,0.0
50,390.0,0.1322135164960775,0.0
1,391.0,0.0,0.0
2,391.0,21.987748685768146,11.11111111111111
3,391.0,0.005796471048904128,0.0
4,391.0,11.304400522133543,11.11111111111111
5,391.0,0.004842773318468274,0.0
6,391.0,16.652062373738104,11.11111111111111
7,391.0,0.03218790546670458,0.0
8,391.0,0.0649385408986548,0.0
9,391.0,9.900826686099483,11.11111111111111
10,391.0,0.0,0.0
11,391.0,0.11888248360350095,0.0
12,391.0,0.0,0.0
13,391.0,0.0,0.0
14,391.0,0.0,0.0
15,391.0,0.0,0.0
16,391.0,0.28686000637602227,0.0
17,391.0,10.805103450874274,11.11111111111111
18,391.0,8.619605337516077,11.11111111111111
19,391.0,0.0007339938203320129,0.0
20,391.0,0.07527451154742604,0.0
21,391.0,0.19270694165646407,0.0
22,391.0,0.0,0.0
23,391.0,0.43586774895378855,0.0
24,391.0,0.14180689873171337,0.0
25,391.0,23.24954733054369,11.11111111111111
26,391.0,0.13256804659478683,0.0
27,391.0,13.842626964836782,11.11111111111111
28,391.0,10.468224966973189,11.11111111111111
29,391.0,10.29410644589083,11.11111111111111
30,391.0,0.07429632170809986,0.0
31,391.0,0.09379745008639895,0.0
32,391.0,0.26131973767582073,0.0
33,391.0,0.10105912642221981,0.0
34,391.0,11.582044450994033,11.11111111111111
35,391.0,0.05663227557750927,0.0
36,391.0,7.991091695533218,11.11111111111111
37,391.0,0.0,0.0
38,391.0,0.3367088322098605,0.0
39,391.0,20.400735186808333,11.11111111111111
40,391.0,0.0,0.0
41,391.0,10.25621960700959,11.11111111111111
42,391.0,0.0,0.0
43,391.0,0.0,0.0
44,391.0,0.06714249763492308,0.0
45,391.0,0.06944071071871627,0.0
46,391.0,0.07017118450258863,0.0
47,391.0,0.10032246805970868,0.0
48,391.0,0.1346508299799597,0.0
49,391.0,0.06969693996580095,0.0
50,391.0,0.08489942519092408,0.0
1,392.0,0.0,0.0
2,392.0,22.504033371742985,11.11111111111111
3,392.0,0.15966207166037938,0.0
4,392.0,10.976230254977072,11.11111111111111
5,392.0,0.13578107591559163,0.0
6,392.0,16.573791322351788,11.11111111111111
7,392.0,0.018169403355109415,0.0
8,392.0,0.0,0.0
9,392.0,9.649225286301572,11.11111111111111
10,392.0,0.08564823287647083,0.0
11,392.0,0.0,0.0
12,392.0,0.017079158800536343,0.0
13,392.0,0.16836771568560138,0.0
14,392.0,0.0,0.0
15,392.0,0.0,0.0
16,392.0,0.027923613351089394,0.0
17,392.0,10.553690589329618,11.11111111111111
18,392.0,8.856625346880525,11.11111111111111
19,392.0,0.0,0.0
20,392.0,0.19727177862365197,0.0
21,392.0,0.1598882632126133,0.0
22,392.0,0.0,0.0
23,392.0,0.048836143379549335,0.0
24,392.0,0.13161185855860735,0.0
25,392.0,23.041046483382974,11.11111111111111
26,392.0,0.0,0.0
27,392.0,13.110161868835846,11.11111111111111
28,392.0,10.559602859419005,11.11111111111111
29,392.0,9.83894873063768,11.11111111111111
30,392.0,0.0,0.0
31,392.0,0.0,0.0
32,392.0,0.09981610389535589,0.0
33,392.0,0.0,0.0
34,392.0,11.185068063916495,11.11111111111111
35,392.0,0.0,0.0
36,392.0,7.099255494506662,11.11111111111111
37,392.0,0.31740504622754107,0.0
38,392.0,0.0,0.0
39,392.0,20.60467153278437,11.11111111111111
40,392.0,0.0,0.0
41,392.0,9.798855734191331,11.11111111111111
42,392.0,0.0,0.0
43,392.0,0.28405187847611435,0.0
44,392.0,0.033220478655107244,0.0
45,392.0,0.0,0.0
46,392.0,0.0,0.0
47,392.0,0.11309478465788092,0.0
48,392.0,0.16469376183959095,0.0
49,392.0,0.010579073818569484,0.0
50,392.0,0.0,0.0
1,393.0,0.0,0.0
2,393.0,22.86987470764558,11.11111111111111
3,393.0,0.027131429656331196,0.0
4,393.0,10.486300361884249,11.11111111111111
5,393.0,0.13825647861842794,0.0
6,393.0,16.372993518706984,11.11111111111111
7,393.0,0.03658817128226044,0.0
8,393.0,0.0,0.0
9,393.0,9.748892113044393,11.11111111111111
10,393.0,0.16687916137710612,0.0
11,393.0,0.15726496792964584,0.0
12,393.0,0.0,0.0
13,393.0,0.13142581998056901,0.0
14,393.0,0.0,0.0
15,393.0,0.07575358460199288,0.0
16,393.0,0.0,0.0
17,393.0,10.517601206068578,11.11111111111111
18,393.0,8.791912953901143,11.11111111111111
19,393.0,0.18503264148168452,0.0
20,393.0,0.03102940017355882,0.0
21,393.0,0.0,0.0
22,393.0,0.07518855961378346,0.0
23,393.0,0.0,0.0
24,393.0,0.0,0.0
25,393.0,22.778811531395608,11.11111111111111
26,393.0,0.2014017342467429,0.0
27,393.0,12.986849967733463,11.11111111111111
28,393.0,10.541542119876565,11.11111111111111
29,393.0,10.019987356509288,11.11111111111111
30,393.0,0.0,0.0
31,393.0,0.0,0.0
32,393.0,0.016419227930644653,0.0
33,393.0,0.0,0.0
34,393.0,11.623336190694037,11.11111111111111
35,393.0,0.11329959704413961,0.0
36,393.0,7.227923339226081,11.11111111111111
37,393.0,0.18104336351111616,0.0
38,393.0,0.0,0.0
39,393.0,21.17849209419869,11.11111111111111
40,393.0,0.21818747815208606,0.0
41,393.0,9.69969291264538,11.11111111111111
42,393.0,0.029301408923735783,0.0
43,393.0,0.04086459565417477,0.0
44,393.0,0.0,0.0
45,393.0,0.0,0.0
46,393.0,0.3999285814940644,0.0
47,393.0,0.0,0.0
48,393.0,0.0,0.0
49,393.0,0.019233768730324674,0.0
50,393.0,0.0,0.0
1,394.0,0.012809488937747804,0.0
2,394.0,23.03576963227499,11.11111111111111
3,394.0,0.05407089764510631,0.0
4,394.0,10.260382922347517,11.11111111111111
5,394.0,0.31630020684657956,0.0
6,394.0,16.13785825644858,11.11111111111111
7,394.0,0.0,0.0
8,394.0,0.0,0.0
9,394.0,9.060121677850594,11.11111111111111
10,394.0,0.07371611213240248,0.0
11,394.0,0.0,0.0
12,394.0,0.0,0.0
13,394.0,0.0,0.0
14,394.0,0.1520746503960827,0.0
15,394.0,0.0,0.0
16,394.0,0.0,0.0
17,394.0,10.542062469303293,11.11111111111111
18,394.0,8.956970546004678,11.11111111111111
19,394.0,0.0,0.0
20,394.0,0.07595530494803626,0.0
21,394.0,0.0,0.0
22,394.0,0.05090078992782976,0.0
23,394.0,0.0837656646603917,0.0
24,394.0,0.08354001114420417,0.0
25,394.0,22.53481624865124,11.11111111111111
26,394.0,0.0,0.0
27,394.0,12.543223894062091,11.11111111111111
28,394.0,10.039219684391181,11.11111111111111
29,394.0,10.023110863005687,11.11111111111111
30,394.0,0.0,0.0
31,394.0,0.19411184908187817,0.0
32,394.0,0.0,0.0
33,394.0,0.0,0.0
34,394.0,11.038367131060893,11.11111111111111
35,394.0,0.0,0.0
36,394.0,6.946441085891016,11.11111111111111
37,394.0,0.0,0.0
38,394.0,0.01828222320839379,0.0
39,394.0,21.950111953251998,11.11111111111111
40,394.0,0.222222881354169,0.0
41,394.0,9.623706252542256,11.11111111111111
42,394.0,0.018520815255862022,0.0
43,394.0,0.19407459492210388,0.0
44,394.0,0.21482875170306603,0.0
45,394.0,0.09982999821831473,0.0
46,394.0,0.02511166660266584,0.0
47,394.0,0.0610808789914532,0.0
48,394.0,0.0,0.0
49,394.0,0.0,0.0
50,394.0,0.0,0.0
1,395.0,0.33404136553205943,0.0
2,395.0,22.921138337605704,11.11111111111111
3,395.0,0.0,0.0
4,395.0,10.240602133047458,11.11111111111111
5,395.0,0.36766055344808246,0.0
6,395.0,15.658998981625963,11.11111111111111
7,395.0,0.0,0.0
8,395.0,0.23777112920312926,0.0
9,395.0,8.720619006665332,11.11111111111111
10,395.0,0.0,0.0
11,395.0,0.0,0.0
12,395.0,0.053509433081269875,0.0
13,395.0,0.0,0.0
14,395.0,0.0,0.0
15,395.0,0.1482038026825998,0.0
16,395.0,0.0,0.0
17,395.0,10.32172046782039,11.11111111111111
18,395.0,8.558388876912744,11.11111111111111
19,395.0,0.0,0.0
20,395.0,0.0,0.0
21,395.0,0.16737829272917948,0.0
22,395.0,0.11848389191096476,0.0
23,395.0,0.31325984305016663,0.0
24,395.0,0.10234108013032228,0.0
25,395.0,22.353122374582945,11.11111111111111
26,395.0,0.0,0.0
27,395.0,12.528756281646526,11.11111111111111
28,395.0,9.732932830149645,11.11111111111111
29,395.0,9.921194078397933,11.11111111111111
30,395.0,0.0,0.0
31,395.0,0.29471136178101165,0.0
32,395.0,0.0,0.0
33,395.0,0.31176863345968353,0.0
34,395.0,11.401657448727684,11.11111111111111
35,395.0,0.0036792824908302713,0.0
36,395.0,7.036725154007392,11.11111111111111
37,395.0,0.052804873939465424,0.0
38,395.0,0.3152537964377823,0.0
39,395.0,22.21584834815065,11.11111111111111
40,395.0,0.10797887064205247,0.0
41,395.0,9.35794982512871,11.11111111111111
42,395.0,0.0,0.0
43,395.0,0.0,0.0
44,395.0,0.025258692807481165,0.0
45,395.0,0.02089389764536309,0.0
46,395.0,0.30691771659803413,0.0
47,395.0,0.5548337900770308,0.0
48,395.0,0.0,0.0
49,395.0,0.0,0.0
50,395.0,0.0,0.0
1,396.0,0.03862199479249584,0.0
2,396.0,23.036512346290614,11.11111111111111
3,396.0,0.11835743333345283,0.0
4,396.0,10.391411277163785,11.11111111111111
5,396.0,0.0,0.0
6,396.0,15.686296557402052,11.11111111111111
7,396.0,0.0,0.0
8,396.0,0.003791596448075807,0.0
9,396.0,8.340379449547623,11.11111111111111
10,396.0,0.0,0.0
11,396.0,0.0,0.0
12,396.0,0.18985036025805724,0.0
13,396.0,0.013140776581736846,0.0
14,396.0,0.35540638397734914,0.0
15,396.0,0.004623806572014111,0.0
16,396.0,0.0,0.0
17,396.0,10.353900389692075,11.11111111111111
18,396.0,8.757018830364164,11.11111111111111
19,396.0,0.26098222205370747,0.0
20,396.0,0.0,0.0
21,396.0,0.0,0.0
22,396.0,0.0,0.0
23,396.0,0.0983287468835492,0.0
24,396.0,0.0,0.0
25,396.0,22.47211411235518,11.11111111111111
26,396.0,0.17689581405708077,0.0
27,396.0,12.704092449839123,11.11111111111111
28,396.0,9.591803093628505,11.11111111111111
29,396.0,9.550972424167812,11.11111111111111
30,396.0,0.0,0.0
31,396.0,0.10619288851570652,0.0
32,396.0,0.15411150363080495,0.0
33,396.0,0.17210670539721717,0.0
34,396.0,11.191709842456083,11.11111111111111
35,396.0,0.0,0.0
36,396.0,6.611439980746939,11.11111111111111
37,396.0,0.07828592507332499,0.0
38,396.0,0.14077231075501462,0.0
39,396.0,22.662168189059706,11.11111111111111
40,396.0,0.0315274171673916,0.0
41,396.0,8.90026899946312,11.11111111111111
42,396.0,0.0,0.0
43,396.0,0.0,0.0
44,396.0,0.0,0.0
45,396.0,0.0,0.0
46,396.0,0.3366533123354515,0.0
47,396.0,0.013620551389504909,0.0
48,396.0,0.0,0.0
49,396.0,0.02532084188082051,0.0
50,396.0,0.0,0.0
1,397.0,0.2247254582955206,0.0
2,397.0,23.42524798466248,11.11111111111111
3,397.0,0.0,0.0
4,397.0,9.76441714913901,11.11111111111111
5,397.0,0.16126125453832518,0.0
6,397.0,15.543984932430007,11.11111111111111
7,397.0,0.033811627028754065,0.0
8,397.0,0.027132971566749764,0.0
9,397.0,8.606791466444285,11.11111111111111
10,397.0,0.028095434317058188,0.0
11,397.0,0.0,0.0
12,397.0,0.1204295746387617,0.0
13,397.0,0.0,0.0
14,397.0,0.0,0.0
15,397.0,0.09910347597176605,0.0
16,397.0,0.0,0.0
17,397.0,9.580672110110976,11.11111111111111
18,397.0,8.003592002644272,11.11111111111111
19,397.0,0.2067439350158926,0.0
20,397.0,0.0405248666371798,0.0
21,397.0,0.0,0.0
22,397.0,0.16620704400470876,0.0
23,397.0,0.36363293275646613,0.0
24,397.0,0.0,0.0
25,397.0,22.682761528221093,11.11111111111111
26,397.0,0.4468347120366861,0.0
27,397.0,12.716516883887502,11.11111111111111
28,397.0,8.916170003391326,11.11111111111111
29,397.0,9.324332780967461,11.11111111111111
30,397.0,0.1740929071330396,0.0
31,397.0,0.0,0.0
32,397.0,0.0,0.0
33,397.0,0.16275521200504817,0.0
34,397.0,10.78414004952946,11.11111111111111
35,397.0,0.0,0.0
36,397.0,6.510273129852422,11.11111111111111
37,397.0,0.1513356878289659,0.0
38,397.0,0.029987853683330234,0.0
39,397.0,22.471333397879192,11.11111111111111
40,397.0,0.12082708650065954,0.0
41,397.0,8.990654040472762,11.11111111111111
42,397.0,0.3279428511603534,0.0
43,397.0,0.0,0.0
44,397.0,0.003358985907160994,0.0
45,397.0,0.10502572071521121,0.0
46,397.0,0.026213177962327583,0.0
47,397.0,0.0,0.0
48,397.0,0.0,0.0
49,397.0,0.02291120179196926,0.0
50,397.0,0.0,0.0
1,398.0,0.1478909708535403,0.0
2,398.0,23.15008209590341,11.11111111111111
3,398.0,0.0,0.0
4,398.0,9.625909356317305,11.11111111111111
5,398.0,0.0012736912167760073,0.0
6,398.0,14.707988987232733,11.11111111111111
7,398.0,0.0,0.0
8,398.0,0.40159036670472226,0.0
9,398.0,8.240095205517843,11.11111111111111
10,398.0,0.0,0.0
11,398.0,0.0,0.0
12,398.0,0.0,0.0
13,398.0,0.054327528563638317,0.0
14,398.0,0.03994623799148189,0.0
15,398.0,0.01314776622522662,0.0
16,398.0,0.0,0.0
17,398.0,9.01413870099985,11.11111111111111
18,398.0,7.763148384842964,11.11111111111111
19,398.0,0.024233033754015754,0.0
20,398.0,0.0,0.0
21,398.0,0.0,0.0
22,398.0,0.07718187790678388,0.0
23,398.0,0.0,0.0
24,398.0,0.19948269702312915,0.0
25,398.0,22.138429143540783,11.11111111111111
26,398.0,0.1972170408320335,0.0
27,398.0,12.829035921683797,11.11111111111111
28,398.0,9.044360891986303,11.11111111111111
29,398.0,9.2438282100924,11.11111111111111
30,398.0,0.0,0.0
31,398.0,0.4538698528035614,0.0
32,398.0,0.0,0.0
33,398.0,0.0,0.0
34,398.0,10.069109524023025,11.11111111111111
35,398.0,0.2623178739505754,0.0
36,398.0,6.045864332394109,11.11111111111111
37,398.0,0.0,0.0
38,398.0,0.18077197978528925,0.0
39,398.0,22.746610544051187,11.11111111111111
40,398.0,0.24019041826963805,0.0
41,398.0,8.537375445049369,11.11111111111111
42,398.0,0.09032517458250533,0.0
43,398.0,0.0,0.0
44,398.0,0.130010195944531,0.0
45,398.0,0.0,0.0
46,398.0,0.0,0.0
47,398.0,0.0,0.0
48,398.0,0.0,0.0
49,398.0,0.12686679057243988,0.0
50,398.0,0.2634437132308328,0.0
1,399.0,0.0,0.0
2,399.0,22.827956010707243,11.11111111111111
3,399.0,0.0914391692114831,0.0
4,399.0,9.083012686923198,11.11111111111111
5,399.0,0.035175760133700384,0.0
6,399.0,14.544531799786647,11.11111111111111
7,399.0,0.0,0.0
8,399.0,0.08185503309106845,0.0
9,399.0,7.686473508142216,11.11111111111111
10,399.0,0.1888788142979727,0.0
11,399.0,0.0,0.0
12,399.0,0.14141872608185557,0.0
13,399.0,0.27590584991110245,0.0
14,399.0,0.0,0.0
15,399.0,0.132272853711622,0.0
16,399.0,0.12579150776521741,0.0
17,399.0,9.097823797681793,11.11111111111111
18,399.0,7.34290901875326,11.11111111111111
19,399.0,0.0,0.0
20,399.0,0.1540239876023055,0.0
21,399.0,0.0,0.0
22,399.0,0.24623851969050103,0.0
23,399.0,0.0,0.0
24,399.0,0.0,0.0
25,399.0,22.096400462033753,11.11111111111111
26,399.0,0.0,0.0
27,399.0,12.499808539576792,11.11111111111111
28,399.0,8.551303342028655,11.11111111111111
29,399.0,8.867085441577926,11.11111111111111
30,399.0,0.12839091292605043,0.0
31,399.0,0.17105690407441188,0.0
32,399.0,0.0,0.0
33,399.0,0.0,0.0
34,399.0,10.189276662285152,11.11111111111111
35,399.0,0.12173991273542073,0.0
36,399.0,6.008164362294184,11.11111111111111
37,399.0,0.13984150936707462,0.0
38,399.0,0.0,0.0
39,399.0,23.41955475153433,11.11111111111111
40,399.0,0.01751330606893653,0.0
41,399.0,8.452755395032183,11.11111111111111
42,399.0,0.0,0.0
43,399.0,0.0,0.0
44,399.0,0.0,0.0
45,399.0,0.05361145470701045,0.0
46,399.0,0.0,0.0
47,399.0,0.06716044001172095,0.0
48,399.0,0.0,0.0
49,399.0,0.0830835142649391,0.0
50,399.0,0.07977700970252743,0.0
1,400.0,0.0,0.0
2,400.0,23.070893729631834,11.11111111111111
3,400.0,0.0,0.0
4,400.0,9.099771393719772,11.11111111111111
5,400.0,0.0,0.0
6,400.0,14.660757794652296,11.11111111111111
7,400.0,0.06801258462343018,0.0
8,400.0,0.0,0.0
9,400.0,8.035129332129916,11.11111111111111
10,400.0,0.0033913684568200875,0.0
11,400.0,0.06273151014592615,0.0
12,400.0,0.0,0.0
13,400.0,0.0,0.0
14,400.0,0.007767424987739968,0.0
15,400.0,0.2061660908503674,0.0
16,400.0,0.1320109141639656,0.0
17,400.0,9.431346162945216,11.11111111111111
18,400.0,7.372402511979548,11.11111111111111
19,400.0,0.0,0.0
20,400.0,0.17517842151753182,0.0
21,400.0,0.07582280721318335,0.0
22,400.0,0.0,0.0
23,400.0,0.22837402985038735,0.0
24,400.0,0.0,0.0
25,400.0,21.924380385838386,11.11111111111111
26,400.0,0.3103736906869399,0.0
27,400.0,12.140660420933159,11.11111111111111
28,400.0,8.235516940328134,11.11111111111111
29,400.0,8.480292820348653,11.11111111111111
30,400.0,0.0,0.0
31,400.0,0.03628465908209788,0.0
32,400.0,0.24312087860414167,0.0
33,400.0,0.050119926160541506,0.0
34,400.0,9.898303069919747,11.11111111111111
35,400.0,0.08495972969692367,0.0
36,400.0,5.55140478611685,11.11111111111111
37,400.0,0.43542115952638105,0.0
38,400.0,0.10158717157269315,0.0
39,400.0,23.41489527120428,11.11111111111111
40,400.0,0.2009274328993731,0.0
41,400.0,8.686688853269878,11.11111111111111
42,400.0,0.18909039719793574,0.0
43,400.0,0.0,0.0
44,400.0,0.0,0.0
45,400.0,0.28061451127501424,0.0
46,400.0,0.007984277928687722,0.0
47,400.0,0.23686841037218087,0.0
48,400.0,0.0,0.0
49,400.0,0.0,0.0
50,400.0,0.012915887628581535,0.0
1,401.0,0.0,0.0
2,401.0,22.745430125316613,11.11111111111111
3,401.0,0.12611902180492562,0.0
4,401.0,9.021804053432149,11.11111111111111
5,401.0,0.0708152860298843,0.0
6,401.0,14.489134469313282,11.11111111111111
7,401.0,0.0,0.0
8,401.0,0.0,0.0
9,401.0,7.907872466344594,11.11111111111111
10,401.0,0.0,0.0
11,401.0,0.0,0.0
12,401.0,0.017250763869749886,0.0
13,401.0,0.2843605087844121,0.0
14,401.0,0.0,0.0
15,401.0,0.09582997508473301,0.0
16,401.0,0.13956063778972894,0.0
17,401.0,9.202797138977038,11.11111111111111
18,401.0,7.102547005413097,11.11111111111111
19,401.0,0.0,0.0
20,401.0,0.033629775017507746,0.0
21,401.0,0.07962471859733,0.0
22,401.0,0.20702421550262773,0.0
23,401.0,0.010159071179794421,0.0
24,401.0,0.0,0.0
25,401.0,21.91086709768429,11.11111111111111
26,401.0,0.08365966274476078,0.0
27,401.0,11.759785726727838,11.11111111111111
28,401.0,8.12408593172681,11.11111111111111
29,401.0,8.532004580636011,11.11111111111111
30,401.0,0.007730571166997824,0.0
31,401.0,0.0,0.0
32,401.0,0.0,0.0
33,401.0,0.14449394432567586,0.0
34,401.0,9.706078753042167,11.11111111111111
35,401.0,0.0,0.0
36,401.0,5.655623391868438,11.11111111111111
37,401.0,0.2700796292272265,0.0
38,401.0,0.0,0.0
39,401.0,23.679815972829637,11.11111111111111
40,401.0,0.15801228364828523,0.0
41,401.0,8.488867445026948,11.11111111111111
42,401.0,0.0,0.0
43,401.0,0.07688252767262627,0.0
44,401.0,0.17341642915049316,0.0
45,401.0,0.019062332949455807,0.0
46,401.0,0.0720287190848411,0.0
47,401.0,0.0,0.0
48,401.0,0.03144514622371153,0.0
49,401.0,0.0,0.0
50,401.0,0.09408831613210622,0.0
1,402.0,0.003459727346594055,0.0
2,402.0,23.182047916708974,11.11111111111111
3,402.0,0.0,0.0
4,402.0,9.462396730994946,11.11111111111111
5,402.0,0.14610891235213408,0.0
6,402.0,14.143619516888934,11.11111111111111
7,402.0,0.3279682202864407,0.0
8,402.0,0.0,0.0
9,402.0,7.861001160689558,11.11111111111111
10,402.0,0.0,0.0
11,402.0,0.0,0.0
12,402.0,0.009759626305159141,0.0
13,402.0,0.24836429468104093,0.0
14,402.0,0.09927251216409438,0.0
15,402.0,0.3514759629990434,0.0
16,402.0,0.0,0.0
17,402.0,9.009773964734682,11.11111111111111
18,402.0,7.182340409366463,11.11111111111111
19,402.0,0.0,0.0
20,402.0,0.10659839362332357,0.0
21,402.0,0.2900314073794369,0.0
22,402.0,0.0,0.0
23,402.0,0.06908569758200378,0.0
24,402.0,0.0,0.0
25,402.0,22.093178818056582,11.11111111111111
26,402.0,0.02548808710971462,0.0
27,402.0,11.356337647912708,11.11111111111111
28,402.0,8.23941782328377,11.11111111111111
29,402.0,8.508300513162643,11.11111111111111
30,402.0,0.32651185115374426,0.0
31,402.0,0.1261065641351602,0.0
32,402.0,0.0,0.0
33,402.0,0.0,0.0
34,402.0,9.644636696696473,11.11111111111111
35,402.0,0.009703169928894528,0.0
36,402.0,5.860979897071894,11.11111111111111
37,402.0,0.0,0.0
38,402.0,0.0037963487583126954,0.0
39,402.0,23.77108286724676,11.11111111111111
40,402.0,0.0,0.0
41,402.0,7.956371286498191,11.11111111111111
42,402.0,0.07912678524663597,0.0
43,402.0,0.2557516197674514,0.0
44,402.0,0.0,0.0
45,402.0,0.30155609293788543,0.0
46,402.0,0.20758961960968558,0.0
47,402.0,0.0,0.0
48,402.0,0.012129862480466547,0.0
49,402.0,0.006007782890233959,0.0
50,402.0,0.0,0.0
1,403.0,0.04312624853850833,0.0
2,403.0,22.635891759780314,11.11111111111111
3,403.0,0.0,0.0
4,403.0,9.034780017700104,11.11111111111111
5,403.0,0.0,0.0
6,403.0,14.010543633152789,11.11111111111111
7,403.0,0.005820023982277989,0.0
8,403.0,0.27825850192265833,0.0
9,403.0,7.979367974529836,11.11111111111111
10,403.0,0.1121437675770467,0.0
11,403.0,0.04173884712261444,0.0
12,403.0,0.0,0.0
13,403.0,0.045773312766743346,0.0
14,403.0,0.06623731434875046,0.0
15,403.0,0.060705504310381575,0.0
16,403.0,0.15135129109298162,0.0
17,403.0,8.785553006182141,11.11111111111111
18,403.0,7.07742886287386,11.11111111111111
19,403.0,0.17464598878062443,0.0
20,403.0,0.45711486926279277,0.0
21,403.0,0.19906298071399353,0.0
22,403.0,0.08060283256574241,0.0
23,403.0,0.0,0.0
24,403.0,0.23968676913792275,0.0
25,403.0,21.357645806121354,11.11111111111111
26,403.0,0.21759277885122585,0.0
27,403.0,11.495266987229463,11.11111111111111
28,403.0,8.639965492688427,11.11111111111111
29,403.0,9.01382575685332,11.11111111111111
30,403.0,0.049365876088805605,0.0
31,403.0,0.2718269262597258,0.0
32,403.0,0.42820607110292286,0.0
33,403.0,0.1742392666934941,0.0
34,403.0,9.678331708705976,11.11111111111111
35,403.0,0.20823289903951536,0.0
36,403.0,5.367427414870347,11.11111111111111
37,403.0,0.0,0.0
38,403.0,0.0,0.0
39,403.0,24.31031316187864,11.11111111111111
40,403.0,0.0,0.0
41,403.0,7.51473290364523,11.11111111111111
42,403.0,0.0,0.0
43,403.0,0.0,0.0
44,403.0,0.16030802103658914,0.0
45,403.0,0.0,0.0
46,403.0,0.3648649241982047,0.0
47,403.0,0.2518558444243314,0.0
48,403.0,0.0,0.0
49,403.0,0.0,0.0
50,403.0,0.0,0.0
1,404.0,0.17062410026364594,0.0
2,404.0,23.363711035414234,11.11111111111111
3,404.0,0.39907266414155373,0.0
4,404.0,8.589216946195831,11.11111111111111
5,404.0,0.0,0.0
6,404.0,14.249148904609147,11.11111111111111
7,404.0,0.15707554270020285,0.0
8,404.0,0.052367009967916545,0.0
9,404.0,7.761038614906244,11.11111111111111
10,404.0,0.057371330277860344,0.0
11,404.0,0.0,0.0
12,404.0,0.15708753437198963,0.0
13,404.0,0.03197891181628043,0.0
14,404.0,0.0,0.0
15,404.0,0.0,0.0
16,404.0,0.03828056484480158,0.0
17,404.0,8.208070738713044,11.11111111111111
18,404.0,6.602552256325108,11.11111111111111
19,404.0,0.0,0.0
20,404.0,0.028819929383171905,0.0
21,404.0,0.022904012126576778,0.0
22,404.0,0.3234910393683985,0.0
23,404.0,0.017330481650091434,0.0
24,404.0,0.25048419143044387,0.0
25,404.0,21.559464729057943,11.11111111111111
26,404.0,0.1671315359036365,0.0
27,404.0,11.727546258660125,11.11111111111111
28,404.0,8.65241288804474,11.11111111111111
29,404.0,8.615604594150117,11.11111111111111
30,404.0,0.27497250285225094,0.0
31,404.0,0.0717473103735492,0.0
32,404.0,0.05581178652076402,0.0
33,404.0,0.4189906642775377,0.0
34,404.0,10.293939964468521,11.11111111111111
35,404.0,0.12595607443672097,0.0
36,404.0,5.059820776763,11.11111111111111
37,404.0,0.0,0.0
38,404.0,0.39124618744705053,0.0
39,404.0,24.071577521165292,11.11111111111111
40,404.0,0.10319469299252715,0.0
41,404.0,7.6247288066115235,11.11111111111111
42,404.0,0.7457378914062502,0.0
43,404.0,0.07450327695239023,0.0
44,404.0,0.1479613472488489,0.0
45,404.0,0.0,0.0
46,404.0,0.0,0.0
47,404.0,0.0,0.0
48,404.0,0.0,0.0
49,404.0,0.03993365903799917,0.0
50,404.0,0.03287414755059681,0.0
1,405.0,0.0,0.0
2,405.0,23.58607979744444,11.11111111111111
3,405.0,0.041001924376178556,0.0
4,405.0,8.799384429906123,11.11111111111111
5,405.0,0.0,0.0
6,405.0,13.707253691961364,11.11111111111111
7,405.0,0.07601583563253422,0.0
8,405.0,0.0,0.0
9,405.0,7.7008159076828875,11.11111111111111
10,405.0,0.29016287559384335,0.0
11,405.0,0.0,0.0
12,405.0,0.0,0.0
13,405.0,0.01210811153160396,0.0
14,405.0,0.0,0.0
15,405.0,0.0,0.0
16,405.0,0.061178539722083314,0.0
17,405.0,8.27345499938783,11.11111111111111
18,405.0,6.381448482824937,11.11111111111111
19,405.0,0.0,0.0
20,405.0,0.0,0.0
21,405.0,0.02942757078843139,0.0
22,405.0,0.0,0.0
23,405.0,0.049759858927852285,0.0
24,405.0,0.3681871828924409,0.0
25,405.0,21.69985033855412,11.11111111111111
26,405.0,0.38008680699216757,0.0
27,405.0,11.657202698534464,11.11111111111111
28,405.0,8.30036836544321,11.11111111111111
29,405.0,8.986026803687766,11.11111111111111
30,405.0,0.0,0.0
31,405.0,0.0791634730383699,0.0
32,405.0,0.1692492694388763,0.0
33,405.0,0.0,0.0
34,405.0,10.325834659223734,11.11111111111111
35,405.0,0.0,0.0
36,405.0,5.137208255585099,11.11111111111111
37,405.0,0.274469498046792,0.0
38,405.0,0.36318514113454836,0.0
39,405.0,23.875617151876178,11.11111111111111
40,405.0,0.0,0.0
41,405.0,7.363055330945906,11.11111111111111
42,405.0,0.20175685217383066,0.0
43,405.0,0.1048839455176509,0.0
44,405.0,0.10795225954668652,0.0
45,405.0,0.0,0.0
46,405.0,0.04513647903083673,0.0
47,405.0,0.0,0.0
48,405.0,0.06155035839270118,0.0
49,405.0,0.028424643918593673,0.0
50,405.0,0.04456254504530033,0.0
1,406.0,0.1038133392091074,0.0
2,406.0,23.908815920454145,11.11111111111111
3,406.0,0.13544899851549008,0.0
4,406.0,8.78027291111919,11.11111111111111
5,406.0,0.29874178343270574,0.0
6,406.0,14.211577370515212,11.11111111111111
7,406.0,0.0,0.0
8,406.0,0.10584362035523553,0.0
9,406.0,7.597398052479615,11.11111111111111
10,406.0,0.238123805092877,0.0
11,406.0,0.07235639994234355,0.0
12,406.0,0.3440085657282942,0.0
13,406.0,0.08421482600643715,0.0
14,406.0,0.0,0.0
15,406.0,0.03789636994844092,0.0
16,406.0,0.24368683560771742,0.0
17,406.0,8.455142743382043,11.11111111111111
18,406.0,0.05454247358808062,0.0
19,406.0,0.1931023641794989,0.0
20,406.0,0.0,0.0
21,406.0,0.0,0.0
22,406.0,0.0,0.0
23,406.0,0.0,0.0
24,406.0,0.013178013808419542,0.0
25,406.0,21.88969593130685,11.11111111111111
26,406.0,0.0,0.0
27,406.0,11.747557001579505,11.11111111111111
28,406.0,7.962172657825569,11.11111111111111
29,406.0,8.545045935202475,11.11111111111111
30,406.0,0.07140484909724043,0.0
31,406.0,0.0,0.0
32,406.0,0.22809042499248666,0.0
33,406.0,0.0,0.0
34,406.0,9.996913155416156,11.11111111111111
35,406.0,0.30264621810925696,0.0
36,406.0,5.390655880026106,11.11111111111111
37,406.0,0.17608906254372936,0.0
38,406.0,0.2956384301441176,0.0
39,406.0,24.03576382534942,11.11111111111111
40,406.0,0.3346374850740984,0.0
41,406.0,7.471090152567999,11.11111111111111
42,406.0,0.0,0.0
43,406.0,0.321214481893904,0.0
44,406.0,0.0,0.0
45,406.0,0.0,0.0
46,406.0,0.13311275692088287,0.0
47,406.0,0.12585414955969332,0.0
48,406.0,0.1849041962140726,0.0
49,406.0,0.0,0.0
50,406.0,0.19049058978458777,0.0
1,407.0,0.0,0.0
2,407.0,23.40732292929,11.11111111111111
3,407.0,0.2770547608402286,0.0
4,407.0,8.412850806661753,11.11111111111111
5,407.0,0.18342803511794026,0.0
6,407.0,14.44950576544282,11.11111111111111
7,407.0,0.2452685884269178,0.0
8,407.0,0.07539242440071336,0.0
9,407.0,7.84136865671802,11.11111111111111
10,407.0,0.16232834494213044,0.0
11,407.0,0.0,0.0
12,407.0,0.2870710270793736,0.0
13,407.0,0.015534345510998748,0.0
14,407.0,0.0,0.0
15,407.0,0.0,0.0
16,407.0,0.0,0.0
17,407.0,8.61777712074765,11.11111111111111
18,407.0,0.6101935416321187,0.0
19,407.0,0.04894670039591065,0.0
20,407.0,0.3362156540883109,0.0
21,407.0,0.0,0.0
22,407.0,0.0,0.0
23,407.0,0.13871245519962028,0.0
24,407.0,0.1451421423833884,0.0
25,407.0,22.03456627139281,11.11111111111111
26,407.0,0.23465581533290003,0.0
27,407.0,11.812075614354416,11.11111111111111
28,407.0,8.148820913543169,11.11111111111111
29,407.0,8.78755819217871,11.11111111111111
30,407.0,0.0,0.0
31,407.0,0.24449052614653488,0.0
32,407.0,0.0,0.0
33,407.0,0.30765744247927274,0.0
34,407.0,10.358701956704115,11.11111111111111
35,407.0,0.0,0.0
36,407.0,5.363684637856724,11.11111111111111
37,407.0,0.0,0.0
38,407.0,0.3170610222266097,0.0
39,407.0,24.157698763528536,11.11111111111111
40,407.0,0.29202052867417194,0.0
41,407.0,8.019658343249366,11.11111111111111
42,407.0,0.28352140376078794,0.0
43,407.0,0.21894606738848377,0.0
44,407.0,0.18638771247445296,0.0
45,407.0,0.013420881803676621,0.0
46,407.0,0.0,0.0
47,407.0,0.06955875397354594,0.0
48,407.0,0.0,0.0
49,407.0,0.02863290814225483,0.0
50,407.0,0.09743916400092578,0.0
1,408.0,0.24811329620635325,0.0
2,408.0,23.201719410030456,11.11111111111111
3,408.0,0.11572757180030857,0.0
4,408.0,8.812800119171754,11.11111111111111
5,408.0,0.4748971135602974,0.0
6,408.0,14.287615641738494,11.11111111111111
7,408.0,0.11636554120620757,0.0
8,408.0,0.28450656696719745,0.0
9,408.0,7.714150799665292,11.11111111111111
10,408.0,0.07139482907298933,0.0
11,408.0,0.08597936037356335,0.0
12,408.0,0.0,0.0
13,408.0,0.12827613173035124,0.0
14,408.0,0.04978938083003692,0.0
15,408.0,0.0,0.0
16,408.0,0.0,0.0
17,408.0,8.939341485848116,11.11111111111111
18,408.0,1.268022731212931,0.0
19,408.0,0.021884843906370466,0.0
20,408.0,0.16031592031536812,0.0
21,408.0,0.1932592094671095,0.0
22,408.0,0.3036250054029591,0.0
23,408.0,0.38415361145299975,0.0
24,408.0,0.1727580797084175,0.0
25,408.0,22.238404120360325,11.11111111111111
26,408.0,0.0,0.0
27,408.0,11.85628659253875,11.11111111111111
28,408.0,8.466027340807921,11.11111111111111
29,408.0,8.126683138831725,11.11111111111111
30,408.0,0.3442457311900645,0.0
31,408.0,0.16475685569949183,0.0
32,408.0,0.3117323247743601,0.0
33,408.0,0.4101966276424376,0.0
34,408.0,10.174578970378235,11.11111111111111
35,408.0,0.0,0.0
36,408.0,5.771249451967525,11.11111111111111
37,408.0,0.10128638518836286,0.0
38,408.0,0.09364058650459173,0.0
39,408.0,24.137320716419723,11.11111111111111
40,408.0,0.1237185059712047,0.0
41,408.0,7.694115563824598,11.11111111111111
42,408.0,0.0,0.0
43,408.0,0.0,0.0
44,408.0,0.0,0.0
45,408.0,0.0,0.0
46,408.0,0.22392897002192158,0.0
47,408.0,0.14614831491969427,0.0
48,408.0,0.28911115564204926,0.0
49,408.0,0.061595390598050415,0.0
50,408.0,0.37650429179142986,0.0
1,409.0,0.060104863178409684,0.0
2,409.0,23.544636710153586,11.11111111111111
3,409.0,0.0,0.0
4,409.0,8.850037764499836,11.11111111111111
5,409.0,0.1368662407631479,0.0
6,409.0,13.976542490772394,11.11111111111111
7,409.0,0.0,0.0
8,409.0,0.20894890830292645,0.0
9,409.0,7.603726443888524,11.11111111111111
10,409.0,0.06700926577843891,0.0
11,409.0,0.35385442060207517,0.0
12,409.0,0.0,0.0
13,409.0,0.09205773404818274,0.0
14,409.0,0.36898896679573656,0.0
15,409.0,0.2374457031293684,0.0
16,409.0,0.0,0.0
17,409.0,8.536303903234797,11.11111111111111
18,409.0,1.5674703161225918,0.0
19,409.0,0.14730973366139533,0.0
20,409.0,0.06173989800293389,0.0
21,409.0,0.18427805709941703,0.0
22,409.0,0.02260489942498789,0.0
23,409.0,0.0,0.0
24,409.0,0.12594093826454966,0.0
25,409.0,22.203742060071523,11.11111111111111
26,409.0,0.23603485551402859,0.0
27,409.0,11.900974728731173,11.11111111111111
28,409.0,8.384841794024949,11.11111111111111
29,409.0,8.002967990560586,11.11111111111111
30,409.0,0.06578742067498466,0.0
31,409.0,0.051516635651768006,0.0
32,409.0,0.0,0.0
33,409.0,0.15501867981431394,0.0
34,409.0,10.127903061239254,11.11111111111111
35,409.0,0.0,0.0
36,409.0,5.464485547025305,11.11111111111111
37,409.0,0.6219875634524392,0.0
38,409.0,0.19023053058201722,0.0
39,409.0,24.882583704654767,11.11111111111111
40,409.0,0.16799147707814877,0.0
41,409.0,7.924051405611715,11.11111111111111
42,409.0,0.16352466387126185,0.0
43,409.0,0.003139780848312679,0.0
44,409.0,0.32275784637332416,0.0
45,409.0,0.0,0.0
46,409.0,0.20962569832050681,0.0
47,409.0,0.05261359987697445,0.0
48,409.0,0.0,0.0
49,409.0,0.1537939816282432,0.0
50,409.0,0.1452112157444092,0.0
1,410.0,0.12574060127852005,0.0
2,410.0,23.950856131049218,11.11111111111111
3,410.0,0.10618645772567092,0.0
4,410.0,9.172828217364668,11.11111111111111
5,410.0,0.37019092381382235,0.0
6,410.0,13.813131299478952,11.11111111111111
7,410.0,0.0,0.0
8,410.0,0.0,0.0
9,410.0,7.930709023459132,11.11111111111111
10,410.0,0.164237689634124,0.0
11,410.0,0.0,0.0
12,410.0,0.0446348710787865,0.0
13,410.0,0.0,0.0
14,410.0,0.0,0.0
15,410.0,0.0,0.0
16,410.0,0.16454621275146963,0.0
17,410.0,8.751266919469401,11.11111111111111
18,410.0,1.560069449000471,0.0
19,410.0,0.0,0.0
20,410.0,0.0,0.0
21,410.0,0.0,0.0
22,410.0,0.0,0.0
23,410.0,0.2082970156766797,0.0
24,410.0,0.0,0.0
25,410.0,22.84077130935905,11.11111111111111
26,410.0,0.21635255290484778,0.0
27,410.0,12.365986723919594,11.11111111111111
28,410.0,8.483421391263182,11.11111111111111
29,410.0,7.9716002916291675,11.11111111111111
30,410.0,0.0,0.0
31,410.0,0.23984268562307043,0.0
32,410.0,0.2785553722530454,0.0
33,410.0,0.25131577818509754,0.0
34,410.0,10.442607898744065,11.11111111111111
35,410.0,0.02834502972717201,0.0
36,410.0,5.791631519193976,11.11111111111111
37,410.0,0.10450921013079228,0.0
38,410.0,0.0,0.0
39,410.0,24.887611005057753,11.11111111111111
40,410.0,0.03608682691345211,0.0
41,410.0,8.007455426525846,11.11111111111111
42,410.0,0.761770965040409,0.0
43,410.0,0.0,0.0
44,410.0,0.34332177373793127,0.0
45,410.0,0.15880320710668638,0.0
46,410.0,0.13986692263873535,0.0
47,410.0,0.30455715569708064,0.0
48,410.0,0.0,0.0
49,410.0,0.05097910406197581,0.0
50,410.0,0.08038145114207185,0.0
1,411.0,0.14523169177797524,0.0
2,411.0,24.037576955784406,11.11111111111111
3,411.0,0.23700465303188134,0.0
4,411.0,9.016803883763739,11.11111111111111
5,411.0,0.0,0.0
6,411.0,14.310590896987026,11.11111111111111
7,411.0,0.1635059722819603,0.0
8,411.0,0.21568678854845968,0.0
9,411.0,8.073839136523132,11.11111111111111
10,411.0,0.04300520391791485,0.0
11,411.0,0.37988277153504335,0.0
12,411.0,0.46540664453480507,0.0
13,411.0,0.10820892880402166,0.0
14,411.0,0.0,0.0
15,411.0,0.295366645062734,0.0
16,411.0,0.16006190270193743,0.0
17,411.0,9.05505614367381,11.11111111111111
18,411.0,2.024209763839021,0.0
19,411.0,0.0,0.0
20,411.0,0.1495412915722908,0.0
21,411.0,0.0647988533350019,0.0
22,411.0,0.0,0.0
23,411.0,0.20145133904986123,0.0
24,411.0,0.12052632411435882,0.0
25,411.0,22.37100901835814,11.11111111111111
26,411.0,0.2587844780723181,0.0
27,411.0,12.04610188724737,11.11111111111111
28,411.0,8.651241857273018,11.11111111111111
29,411.0,8.322510732505108,11.11111111111111
30,411.0,0.11664572259765704,0.0
31,411.0,0.45796095821822214,0.0
32,411.0,0.43076596528079336,0.0
33,411.0,0.0,0.0
34,411.0,10.430859469121403,11.11111111111111
35,411.0,0.2247611294111339,0.0
36,411.0,5.761540517254731,11.11111111111111
37,411.0,0.0,0.0
38,411.0,0.09203574426903671,0.0
39,411.0,25.523504250556456,11.11111111111111
40,411.0,0.0,0.0
41,411.0,7.98236110498825,11.11111111111111
42,411.0,0.45278049814856824,0.0
43,411.0,0.0,0.0
44,411.0,0.0189949400584698,0.0
45,411.0,0.16202839938690994,0.0
46,411.0,0.20620119251156022,0.0
47,411.0,0.0,0.0
48,411.0,0.0823380811506137,0.0
49,411.0,0.06333584088892141,0.0
50,411.0,0.0,0.0
1,412.0,0.1340517868904032,0.0
2,412.0,23.579416810912345,11.11111111111111
3,412.0,0.08211905350754811,0.0
4,412.0,9.535880810281332,11.11111111111111
5,412.0,0.09518787161227427,0.0
6,412.0,14.261279995771464,11.11111111111111
7,412.0,0.19867520753981327,0.0
8,412.0,0.37388885718159437,0.0
9,412.0,8.101413731349865,11.11111111111111
10,412.0,0.018552294779567213,0.0
11,412.0,0.1328543682865797,0.0
12,412.0,0.2854989593533178,0.0
13,412.0,0.026580675125758346,0.0
14,412.0,0.457934351073372,0.0
15,412.0,0.28921142972258707,0.0
16,412.0,0.10524091273532699,0.0
17,412.0,8.715244358479781,11.11111111111111
18,412.0,2.381469779318137,0.0
19,412.0,0.1365021016308905,0.0
20,412.0,0.05006843380271153,0.0
21,412.0,0.19940442176125028,0.0
22,412.0,0.15371021742517532,0.0
23,412.0,0.23180933254339808,0.0
24,412.0,0.005930030841463707,0.0
25,412.0,22.35569063011108,11.11111111111111
26,412.0,0.04691282181324963,0.0
27,412.0,12.149984053047254,11.11111111111111
28,412.0,8.434254551738341,11.11111111111111
29,412.0,8.828542866345778,11.11111111111111
30,412.0,0.13506539923534966,0.0
31,412.0,0.20965563179024682,0.0
32,412.0,0.31532096551996347,0.0
33,412.0,0.03667863470860511,0.0
34,412.0,10.175319379769748,11.11111111111111
35,412.0,0.3199016939638749,0.0
36,412.0,5.762842399911834,11.11111111111111
37,412.0,0.07030793686207959,0.0
38,412.0,0.0,0.0
39,412.0,25.27470119991108,11.11111111111111
40,412.0,0.05642775341288375,0.0
41,412.0,8.150244442941096,11.11111111111111
42,412.0,0.0,0.0
43,412.0,0.0,0.0
44,412.0,0.0,0.0
45,412.0,0.0032707201645110207,0.0
46,412.0,0.0,0.0
47,412.0,0.0,0.0
48,412.0,0.0,0.0
49,412.0,0.3527498457066338,0.0
50,412.0,0.3711611401317786,0.0
1,413.0,0.0,0.0
2,413.0,23.979892305933618,11.11111111111111
3,413.0,0.17708227508847796,0.0
4,413.0,9.305929504719085,11.11111111111111
5,413.0,0.05336727998902113,0.0
6,413.0,14.621120640361351,11.11111111111111
7,413.0,0.5521848391163364,0.0
8,413.0,0.0,0.0
9,413.0,7.9104089152419395,11.11111111111111
10,413.0,0.10527820572867841,0.0
11,413.0,0.15394577338738658,0.0
12,413.0,0.13362344654129432,0.0
13,413.0,0.11489995644160556,0.0
14,413.0,0.18658348434164607,0.0
15,413.0,0.19480821700599638,0.0
16,413.0,0.25698944841369786,0.0
17,413.0,9.046531647632994,11.11111111111111
18,413.0,2.206248950932182,0.0
19,413.0,0.0,0.0
20,413.0,0.7379504474954384,0.0
21,413.0,0.4433938736322284,0.0
22,413.0,0.0,0.0
23,413.0,0.19570213638952316,0.0
24,413.0,0.11185532751196747,0.0
25,413.0,22.190865221762216,11.11111111111111
26,413.0,0.08885973365717703,0.0
27,413.0,11.81264134230803,11.11111111111111
28,413.0,8.490970954735173,11.11111111111111
29,413.0,8.677100115255016,11.11111111111111
30,413.0,0.02303971000965821,0.0
31,413.0,0.0050129168162975635,0.0
32,413.0,0.08313190025187311,0.0
33,413.0,0.21695736562508128,0.0
34,413.0,10.261195376509123,11.11111111111111
35,413.0,0.15102088241715217,0.0
36,413.0,5.805684336983697,11.11111111111111
37,413.0,0.1218148306250374,0.0
38,413.0,0.0,0.0
39,413.0,25.47930033526151,11.11111111111111
40,413.0,1.0807825006426297,0.0
41,413.0,8.23281133068989,11.11111111111111
42,413.0,0.10602844437809178,0.0
43,413.0,0.0,0.0
44,413.0,0.29567150512074625,0.0
45,413.0,0.0,0.0
46,413.0,0.11818214020335993,0.0
47,413.0,0.0,0.0
48,413.0,0.15638754101160313,0.0
49,413.0,0.28088661550208827,0.0
50,413.0,0.10413082694548303,0.0
1,414.0,0.0,0.0
2,414.0,23.713184869327936,11.11111111111111
3,414.0,0.20389281791821978,0.0
4,414.0,9.303193063792083,11.11111111111111
5,414.0,0.16556764597963403,0.0
6,414.0,14.587341072861827,11.11111111111111
7,414.0,0.7079068941775479,0.0
8,414.0,0.16015009675537262,0.0
9,414.0,7.6675832637764625,11.11111111111111
10,414.0,0.0,0.0
11,414.0,0.08025690893834891,0.0
12,414.0,0.32135758352677335,0.0
13,414.0,0.1728208466232526,0.0
14,414.0,0.4419681146788338,0.0
15,414.0,0.314114122875081,0.0
16,414.0,0.0698015779762029,0.0
17,414.0,8.834263706718815,11.11111111111111
18,414.0,2.1957154682765916,0.0
19,414.0,0.06473996163969253,0.0
20,414.0,0.39665219804518836,0.0
21,414.0,0.12343941457331975,0.0
22,414.0,0.16393163137215738,0.0
23,414.0,0.23685097682224432,0.0
24,414.0,0.12080154292617518,0.0
25,414.0,22.064981482270067,11.11111111111111
26,414.0,0.0,0.0
27,414.0,11.657389443426556,11.11111111111111
28,414.0,8.52097354909025,11.11111111111111
29,414.0,8.347437797805275,11.11111111111111
30,414.0,0.0,0.0
31,414.0,0.0,0.0
32,414.0,0.13399893601139856,0.0
33,414.0,0.12237982745791531,0.0
34,414.0,10.272022666052786,11.11111111111111
35,414.0,0.27544672764750866,0.0
36,414.0,5.411636779801488,11.11111111111111
37,414.0,0.13506114896739063,0.0
38,414.0,0.2524522553260008,0.0
39,414.0,25.723883917321523,11.11111111111111
40,414.0,1.1646766720256494,0.0
41,414.0,8.331695231733198,11.11111111111111
42,414.0,0.030807604063205707,0.0
43,414.0,0.0,0.0
44,414.0,0.3829961880497893,0.0
45,414.0,0.0,0.0
46,414.0,0.07546559364233785,0.0
47,414.0,0.0,0.0
48,414.0,0.0,0.0
49,414.0,0.12719832611783533,0.0
50,414.0,0.2121885801692328,0.0
1,415.0,0.09790622417255013,0.0
2,415.0,24.083535565911014,11.11111111111111
3,415.0,0.030947241137957993,0.0
4,415.0,9.251885399921477,11.11111111111111
5,415.0,0.08378498135408352,0.0
6,415.0,14.087530750280544,11.11111111111111
7,415.0,0.193674529452039,0.0
8,415.0,0.02996223874136239,0.0
9,415.0,6.844538986196084,11.11111111111111
10,415.0,0.14076964722585972,0.0
11,415.0,0.36717646520122793,0.0
12,415.0,0.0930621887980867,0.0
13,415.0,0.14804412241872422,0.0
14,415.0,0.02799947687474924,0.0
15,415.0,0.12965099342929076,0.0
16,415.0,0.4010807087921089,0.0
17,415.0,8.918110042970621,11.11111111111111
18,415.0,2.6861888442303488,0.0
19,415.0,0.3063998768971059,0.0
20,415.0,0.3365787900366848,0.0
21,415.0,0.2574427361250481,0.0
22,415.0,0.19060096446965558,0.0
23,415.0,0.35562625632246636,0.0
24,415.0,0.0,0.0
25,415.0,21.586657177275075,11.11111111111111
26,415.0,0.047593985524786775,0.0
27,415.0,11.615562629627481,11.11111111111111
28,415.0,8.565773162684794,11.11111111111111
29,415.0,8.841940308167452,11.11111111111111
30,415.0,0.16762971657626835,0.0
31,415.0,0.011445262090322483,0.0
32,415.0,0.2299698584334563,0.0
33,415.0,0.49810955007817803,0.0
34,415.0,10.206279175892282,11.11111111111111
35,415.0,0.18039940427761603,0.0
36,415.0,5.5651112032311305,11.11111111111111
37,415.0,0.20977179098553278,0.0
38,415.0,0.15148636099668222,0.0
39,415.0,25.97439370180944,11.11111111111111
40,415.0,2.0872790187461727,0.0
41,415.0,8.178287073853763,11.11111111111111
42,415.0,0.0,0.0
43,415.0,0.09712382283874521,0.0
44,415.0,0.1603293062806581,0.0
45,415.0,0.15990932872803476,0.0
46,415.0,0.0,0.0
47,415.0,0.35675883356277793,0.0
48,415.0,0.16308077763307438,0.0
49,415.0,0.058675116684638984,0.0
50,415.0,0.27174202870416664,0.0
1,416.0,0.3909662614817202,0.0
2,416.0,23.70675502830707,11.11111111111111
3,416.0,0.17403594484065388,0.0
4,416.0,8.781006434728127,11.11111111111111
5,416.0,0.19742390348801564,0.0
6,416.0,13.864551656654692,11.11111111111111
7,416.0,0.23791708025924896,0.0
8,416.0,0.13724496886458315,0.0
9,416.0,6.7954051926866255,11.11111111111111
10,416.0,0.22805955688878055,0.0
11,416.0,0.17263153926581487,0.0
12,416.0,0.0,0.0
13,416.0,0.0,0.0
14,416.0,0.0,0.0
15,416.0,0.6092303183561063,0.0
16,416.0,0.1767502495504013,0.0
17,416.0,9.071353153420954,11.11111111111111
18,416.0,2.6231878959556347,0.0
19,416.0,0.17696533325753228,0.0
20,416.0,0.23754578115217018,0.0
21,416.0,0.02557619640891773,0.0
22,416.0,0.2766074765966622,0.0
23,416.0,0.22516528698198135,0.0
24,416.0,0.0,0.0
25,416.0,21.462684019957727,11.11111111111111
26,416.0,0.08397048994754941,0.0
27,416.0,11.286967409577631,11.11111111111111
28,416.0,8.425205549866579,11.11111111111111
29,416.0,8.298312628388304,11.11111111111111
30,416.0,0.5015395050102636,0.0
31,416.0,0.0,0.0
32,416.0,0.12520399702135188,0.0
33,416.0,0.08268202672354019,0.0
34,416.0,9.784461032457873,11.11111111111111
35,416.0,0.18383686232551555,0.0
36,416.0,5.983005686607129,11.11111111111111
37,416.0,0.1574286703232769,0.0
38,416.0,0.2653241806554897,0.0
39,416.0,25.912775941053017,11.11111111111111
40,416.0,2.4337148886043662,0.0
41,416.0,8.182345028142452,11.11111111111111
42,416.0,0.0,0.0
43,416.0,0.025033961246820002,0.0
44,416.0,0.3786940404498089,0.0
45,416.0,0.2795614294676202,0.0
46,416.0,0.5093060616479546,0.0
47,416.0,0.10282150984180904,0.0
48,416.0,0.18579886409110435,0.0
49,416.0,0.0,0.0
50,416.0,0.380041273598142,0.0
1,417.0,0.40445742217429015,0.0
2,417.0,23.944293837932097,11.11111111111111
3,417.0,0.21042009177689436,0.0
4,417.0,8.759714965290575,11.11111111111111
5,417.0,0.0,0.0
6,417.0,13.899364299570804,11.11111111111111
7,417.0,0.0,0.0
8,417.0,0.5027410634791067,0.0
9,417.0,7.1197095749986,11.11111111111111
10,417.0,0.3154395274020604,0.0
11,417.0,0.39098240096410575,0.0
12,417.0,0.14998129490798628,0.0
13,417.0,0.06154574541068536,0.0
14,417.0,0.0,0.0
15,417.0,0.0,0.0
16,417.0,0.0,0.0
17,417.0,8.692292269884945,11.11111111111111
18,417.0,2.4820300371864077,0.0
19,417.0,0.09918026942635849,0.0
20,417.0,0.29156187144147494,0.0
21,417.0,0.24572263280698003,0.0
22,417.0,0.0,0.0
23,417.0,0.32628982371269577,0.0
24,417.0,0.1411152441214516,0.0
25,417.0,21.326766618661587,11.11111111111111
26,417.0,0.1879804903343456,0.0
27,417.0,11.260012429179046,11.11111111111111
28,417.0,7.851648250468697,11.11111111111111
29,417.0,8.115194252557009,11.11111111111111
30,417.0,0.35361341958460746,0.0
31,417.0,0.0502332463422841,0.0
32,417.0,0.39443945419972426,0.0
33,417.0,0.126063839820988,0.0
34,417.0,9.18699856763313,11.11111111111111
35,417.0,0.19595197819401688,0.0
36,417.0,5.602595695958281,11.11111111111111
37,417.0,0.1315023034157985,0.0
38,417.0,0.013430907885730425,0.0
39,417.0,25.600852392256815,11.11111111111111
40,417.0,3.4627797751664686,0.0
41,417.0,7.476957811570957,11.11111111111111
42,417.0,0.0,0.0
43,417.0,0.2688025769037503,0.0
44,417.0,0.5869003414348402,0.0
45,417.0,0.06416335221581282,0.0
46,417.0,0.1816260705216749,0.0
47,417.0,0.06099239529303313,0.0
48,417.0,0.11183525928149207,0.0
49,417.0,0.008052066324115037,0.0
50,417.0,0.18297263183004742,0.0
1,418.0,0.32199982213095724,0.0
2,418.0,23.731268891427113,11.11111111111111
3,418.0,0.045559738941278516,0.0
4,418.0,8.425019531446328,11.11111111111111
5,418.0,0.043884156091253734,0.0
6,418.0,13.149205209606045,11.11111111111111
7,418.0,0.1885607343584208,0.0
8,418.0,0.3251256114977279,0.0
9,418.0,7.0992713228458655,11.11111111111111
10,418.0,0.18853137728475022,0.0
11,418.0,0.23057170906699043,0.0
12,418.0,0.16044358178670104,0.0
13,418.0,0.015289858291724467,0.0
14,418.0,0.1137194196276825,0.0
15,418.0,0.2618905663236195,0.0
16,418.0,0.0,0.0
17,418.0,8.237570147835852,11.11111111111111
18,418.0,2.583246689540519,0.0
19,418.0,0.0,0.0
20,418.0,0.2984610673072472,0.0
21,418.0,0.2263857660425368,0.0
22,418.0,0.0,0.0
23,418.0,0.18872976712944567,0.0
24,418.0,0.4707204538429063,0.0
25,418.0,21.464345542611614,11.11111111111111
26,418.0,0.00876593139180426,0.0
27,418.0,11.123524164088204,11.11111111111111
28,418.0,8.1764177597813,11.11111111111111
29,418.0,7.520039107708193,11.11111111111111
30,418.0,0.2617846232438896,0.0
31,418.0,0.1077017889584011,0.0
32,418.0,0.10600830783734327,0.0
33,418.0,0.0,0.0
34,418.0,9.28723821757324,11.11111111111111
35,418.0,0.0,0.0
36,418.0,5.367026884231683,11.11111111111111
37,418.0,0.05934710266828502,0.0
38,418.0,0.26240312235976404,0.0
39,418.0,25.00788491927869,11.11111111111111
40,418.0,4.323437169184089,0.0
41,418.0,7.226167541969662,11.11111111111111
42,418.0,0.025603625298874055,0.0
43,418.0,0.5432699197036168,0.0
44,418.0,0.5380511971592983,0.0
45,418.0,0.0450445834505977,0.0
46,418.0,0.13680312140729844,0.0
47,418.0,0.0,0.0
48,418.0,0.2149591808500143,0.0
49,418.0,0.0,0.0
50,418.0,0.09758243309467018,0.0
1,419.0,0.1338110200593614,0.0
2,419.0,23.657734909775417,11.11111111111111
3,419.0,0.0,0.0
4,419.0,8.35760714363115,11.11111111111111
5,419.0,0.0,0.0
6,419.0,13.065083209780084,11.11111111111111
7,419.0,0.3502023955837372,0.0
8,419.0,0.24021938797986975,0.0
9,419.0,6.947246022447606,11.11111111111111
10,419.0,0.4309606603626196,0.0
11,419.0,0.14847047830876503,0.0
12,419.0,0.5110956550871817,0.0
13,419.0,0.15294395832965113,0.0
14,419.0,0.3924805494844523,0.0
15,419.0,0.13327302971780342,0.0
16,419.0,0.15981544476051135,0.0
17,419.0,7.917657374231618,11.11111111111111
18,419.0,2.657268692434538,0.0
19,419.0,0.11422754063757645,0.0
20,419.0,0.2906817644944971,0.0
21,419.0,0.0,0.0
22,419.0,0.18714614741886704,0.0
23,419.0,0.3288015956248833,0.0
24,419.0,0.8630772557648134,0.0
25,419.0,20.990087539794573,11.11111111111111
26,419.0,0.010352917881016666,0.0
27,419.0,11.189371177425427,11.11111111111111
28,419.0,7.606171798238364,11.11111111111111
29,419.0,7.816060597207107,11.11111111111111
30,419.0,0.058371582773070974,0.0
31,419.0,0.45665147186123156,0.0
32,419.0,0.5057201327744647,0.0
33,419.0,0.014689810528097258,0.0
34,419.0,8.932379106251798,11.11111111111111
35,419.0,0.3404652856257899,0.0
36,419.0,0.0,0.0
37,419.0,0.048660904231072055,0.0
38,419.0,0.27989039139638894,0.0
39,419.0,24.962942700336896,11.11111111111111
40,419.0,5.0926887340101485,0.0
41,419.0,0.05706054783075565,0.0
42,419.0,0.08892461266828922,0.0
43,419.0,0.3395442400730706,0.0
44,419.0,0.32872193162366126,0.0
45,419.0,0.0,0.0
46,419.0,0.08422631247865198,0.0
47,419.0,0.0,0.0
48,419.0,0.0,0.0
49,419.0,0.46368208000982347,0.0
50,419.0,0.0,0.0
1,420.0,0.20925500570679367,0.0
2,420.0,23.293593148031313,11.11111111111111
3,420.0,0.10901218756324871,0.0
4,420.0,8.21699306262001,11.11111111111111
5,420.0,0.0,0.0
6,420.0,13.060209080087178,11.11111111111111
7,420.0,0.09733251592111636,0.0
8,420.0,0.23507918627996838,0.0
9,420.0,6.508157016767282,11.11111111111111
10,420.0,0.48908131502618957,0.0
11,420.0,0.05864624951965691,0.0
12,420.0,0.13693624416189765,0.0
13,420.0,0.33054634643816483,0.0
14,420.0,0.351887033139916,0.0
15,420.0,0.17831436897061648,0.0
16,420.0,0.0843134091194444,0.0
17,420.0,7.326247010133484,11.11111111111111
18,420.0,2.461611041139141,0.0
19,420.0,0.04842676496610898,0.0
20,420.0,0.40773707928957026,0.0
21,420.0,0.0,0.0
22,420.0,0.011878821744529588,0.0
23,420.0,0.23311381411631937,0.0
24,420.0,0.5708550855753864,0.0
25,420.0,21.29871830820958,11.11111111111111
26,420.0,0.07315498691356881,0.0
27,420.0,10.464098352113,11.11111111111111
28,420.0,7.175408398283511,11.11111111111111
29,420.0,7.8779988995610335,11.11111111111111
30,420.0,0.13158747009558758,0.0
31,420.0,0.3640882813114563,0.0
32,420.0,0.0,0.0
33,420.0,0.04151860768551707,0.0
34,420.0,8.845505410930683,11.11111111111111
35,420.0,0.37013974249643444,0.0
36,420.0,0.39199809060958934,0.0
37,420.0,0.0,0.0
38,420.0,0.09633572592168194,0.0
39,420.0,25.137802841570174,11.11111111111111
40,420.0,6.205200769120046,11.11111111111111
41,420.0,0.47778386022076547,0.0
42,420.0,0.0,0.0
43,420.0,0.7493570712116884,0.0
44,420.0,0.10675810835545718,0.0
45,420.0,0.07220798672292239,0.0
46,420.0,0.03859868948004952,0.0
47,420.0,0.1622717701888251,0.0
48,420.0,0.10595141818723486,0.0
49,420.0,0.20836135760636576,0.0
50,420.0,0.0,0.0
1,421.0,0.06954285644282165,0.0
2,421.0,23.1509916327893,11.11111111111111
3,421.0,0.17400089905824612,0.0
4,421.0,7.838556237305966,11.11111111111111
5,421.0,0.08520202388441966,0.0
6,421.0,12.609908016317682,11.11111111111111
7,421.0,0.21016862566710093,0.0
8,421.0,0.05886253071574887,0.0
9,421.0,5.977494484112962,11.11111111111111
10,421.0,0.09057059611465446,0.0
11,421.0,0.11340559938770944,0.0
12,421.0,0.0,0.0
13,421.0,0.33920063209029006,0.0
14,421.0,0.16030610422873637,0.0
15,421.0,0.14499462246724792,0.0
16,421.0,0.07403969346407313,0.0
17,421.0,7.361837255228329,11.11111111111111
18,421.0,2.245002222701113,0.0
19,421.0,0.31501722098044616,0.0
20,421.0,0.4265892823318058,0.0
21,421.0,0.04731654778108685,0.0
22,421.0,0.07234187705432116,0.0
23,421.0,0.06420269060819295,0.0
24,421.0,0.104993130510033,0.0
25,421.0,21.050044422108265,11.11111111111111
26,421.0,0.0,0.0
27,421.0,10.209407998841955,11.11111111111111
28,421.0,0.0,0.0
29,421.0,7.649209725154375,11.11111111111111
30,421.0,0.0,0.0
31,421.0,0.3019135461743081,0.0
32,421.0,0.3322260899312782,0.0
33,421.0,0.0,0.0
34,421.0,8.624923414763465,11.11111111111111
35,421.0,0.023060726517298624,0.0
36,421.0,0.2269069292282685,0.0
37,421.0,0.01826311251323287,0.0
38,421.0,0.0,0.0
39,421.0,25.010230204179873,11.11111111111111
40,421.0,7.1524752200618735,11.11111111111111
41,421.0,0.23598028091666146,0.0
42,421.0,0.0,0.0
43,421.0,0.13492856192395064,0.0
44,421.0,0.0,0.0
45,421.0,0.0,0.0
46,421.0,0.32845895402628267,0.0
47,421.0,0.08993118338612327,0.0
48,421.0,0.08462391918052115,0.0
49,421.0,0.0,0.0
50,421.0,0.15019692453748623,0.0
1,422.0,0.09339146607363824,0.0
2,422.0,22.893896455449575,11.11111111111111
3,422.0,0.10994004598722329,0.0
4,422.0,7.676952190851765,11.11111111111111
5,422.0,0.1008611781612837,0.0
6,422.0,12.694297067334702,11.11111111111111
7,422.0,0.17972515176567117,0.0
8,422.0,0.015378652081037614,0.0
9,422.0,6.150954977784277,11.11111111111111
10,422.0,0.0,0.0
11,422.0,0.2830242273106188,0.0
12,422.0,0.16246754193458168,0.0
13,422.0,0.0,0.0
14,422.0,0.01336779877595684,0.0
15,422.0,0.09610860360110207,0.0
16,422.0,0.0,0.0
17,422.0,6.921184077979146,11.11111111111111
18,422.0,1.9243076548249247,0.0
19,422.0,0.1515231620780806,0.0
20,422.0,0.09924821112629278,0.0
21,422.0,0.27645156064323695,0.0
22,422.0,0.0,0.0
23,422.0,0.03443071954940413,0.0
24,422.0,0.3006977917061211,0.0
25,422.0,20.458825275664154,11.11111111111111
26,422.0,0.13611645874887135,0.0
27,422.0,9.962520859703325,11.11111111111111
28,422.0,0.42814339340053953,0.0
29,422.0,6.746806687427595,11.11111111111111
30,422.0,0.05363179017206887,0.0
31,422.0,0.40010116286877206,0.0
32,422.0,0.24585452976511335,0.0
33,422.0,0.08626853896161746,0.0
34,422.0,8.32493130642046,11.11111111111111
35,422.0,0.1957879600280643,0.0
36,422.0,0.0,0.0
37,422.0,0.0,0.0
38,422.0,0.029596297573684427,0.0
39,422.0,24.401809642854857,11.11111111111111
40,422.0,8.522787505994136,11.11111111111111
41,422.0,0.18513659106542046,0.0
42,422.0,0.1996542826543607,0.0
43,422.0,0.25647424370997407,0.0
44,422.0,0.08019410096313007,0.0
45,422.0,0.14710137530546696,0.0
46,422.0,0.0,0.0
47,422.0,0.2578567025367682,0.0
48,422.0,0.0,0.0
49,422.0,0.1676576462821825,0.0
50,422.0,0.06461632623169133,0.0
1,423.0,0.0,0.0
2,423.0,22.930433356617378,11.11111111111111
3,423.0,0.0,0.0
4,423.0,7.4718091078318,11.11111111111111
5,423.0,0.17966680543340108,0.0
6,423.0,12.40600139083814,11.11111111111111
7,423.0,0.11455187371940823,0.0
8,423.0,0.06508200083293547,0.0
9,423.0,5.642193057288708,11.11111111111111
10,423.0,0.03498602917189142,0.0
11,423.0,0.03523484078082506,0.0
12,423.0,0.19953479941991314,0.0
13,423.0,0.0,0.0
14,423.0,0.12618655959349623,0.0
15,423.0,0.014098929977289676,0.0
16,423.0,0.0,0.0
17,423.0,6.563970752015408,11.11111111111111
18,423.0,1.100176491668199,0.0
19,423.0,0.0,0.0
20,423.0,0.0,0.0
21,423.0,0.0,0.0
22,423.0,0.03941091082153836,0.0
23,423.0,0.12334722679629406,0.0
24,423.0,0.0820679979316763,0.0
25,423.0,20.742557109234593,11.11111111111111
26,423.0,0.22936235589837561,0.0
27,423.0,10.500585220850699,11.11111111111111
28,423.0,0.27608508460609427,0.0
29,423.0,6.7244028176688575,11.11111111111111
30,423.0,0.07408510188470718,0.0
31,423.0,0.21691949616050765,0.0
32,423.0,0.03434224832215449,0.0
33,423.0,0.0,0.0
34,423.0,8.096855287999462,11.11111111111111
35,423.0,0.11711464188467335,0.0
36,423.0,0.0,0.0
37,423.0,0.0,0.0
38,423.0,0.15064293556983155,0.0
39,423.0,23.817576438297397,11.11111111111111
40,423.0,9.060165846784704,11.11111111111111
41,423.0,0.08230424797284108,0.0
42,423.0,0.02762867317258666,0.0
43,423.0,0.27019301092538683,0.0
44,423.0,0.027798557405438906,0.0
45,423.0,0.0,0.0
46,423.0,0.16657538196696242,0.0
47,423.0,0.0,0.0
48,423.0,0.06357397970456258,0.0
49,423.0,0.09738803926185569,0.0
50,423.0,0.0,0.0
1,424.0,0.0,0.0
2,424.0,22.265081397750578,11.11111111111111
3,424.0,0.030583125627885677,0.0
4,424.0,7.395842051098317,11.11111111111111
5,424.0,0.049062925164468085,0.0
6,424.0,12.17200294066539,11.11111111111111
7,424.0,0.22577105149735932,0.0
8,424.0,0.14193031832043745,0.0
9,424.0,5.195227549768525,11.11111111111111
10,424.0,0.1127388018600467,0.0
11,424.0,0.024134035185553016,0.0
12,424.0,0.21124390985181152,0.0
13,424.0,0.014111367996711865,0.0
14,424.0,0.30634073535674544,0.0
15,424.0,0.2441123552984965,0.0
16,424.0,0.07811799491315108,0.0
17,424.0,0.0,0.0
18,424.0,0.5823613179399432,0.0
19,424.0,0.11246441547389319,0.0
20,424.0,0.011619198805596365,0.0
21,424.0,0.12119469602766098,0.0
22,424.0,0.34780842017139424,0.0
23,424.0,0.464757710969669,0.0
24,424.0,0.05630043217580971,0.0
25,424.0,20.039309267443308,11.11111111111111
26,424.0,0.323535679986773,0.0
27,424.0,10.109299140633576,11.11111111111111
28,424.0,0.018714746232363688,0.0
29,424.0,6.301469347623472,11.11111111111111
30,424.0,0.14471699739804078,0.0
31,424.0,0.0,0.0
32,424.0,0.2910007977863459,0.0
33,424.0,0.0,0.0
34,424.0,7.9424581678430854,11.11111111111111
35,424.0,0.0,0.0
36,424.0,0.12012045881191713,0.0
37,424.0,0.08424165271719997,0.0
38,424.0,0.0,0.0
39,424.0,24.046607997289357,11.11111111111111
40,424.0,10.224190016570594,11.11111111111111
41,424.0,0.0,0.0
42,424.0,0.0,0.0
43,424.0,0.0,0.0
44,424.0,0.0,0.0
45,424.0,0.0,0.0
46,424.0,0.01974959926699027,0.0
47,424.0,0.0,0.0
48,424.0,0.05475590046289025,0.0
49,424.0,0.0,0.0
50,424.0,0.0,0.0
1,425.0,0.0,0.0
2,425.0,21.81684594104874,11.11111111111111
3,425.0,0.019187212877468718,0.0
4,425.0,6.657754715482345,11.11111111111111
5,425.0,0.34470098120601333,0.0
6,425.0,12.020353665704938,11.11111111111111
7,425.0,0.0,0.0
8,425.0,0.0,0.0
9,425.0,5.373605399275974,11.11111111111111
10,425.0,0.09103251364750031,0.0
11,425.0,0.31979097878696516,0.0
12,425.0,0.040066771895506226,0.0
13,425.0,0.03292408462726104,0.0
14,425.0,0.0,0.0
15,425.0,0.15495071466541566,0.0
16,425.0,0.3104365369632466,0.0
17,425.0,0.6797335910012916,0.0
18,425.0,0.2903439415435727,0.0
19,425.0,0.12743286066588766,0.0
20,425.0,0.25128706079106333,0.0
21,425.0,0.1015951846573605,0.0
22,425.0,0.1845643174333037,0.0
23,425.0,0.04453555924063035,0.0
24,425.0,0.10527914980623887,0.0
25,425.0,19.765789113810456,11.11111111111111
26,425.0,0.0,0.0
27,425.0,9.895563529801985,11.11111111111111
28,425.0,0.008163930162503164,0.0
29,425.0,6.006463811725355,11.11111111111111
30,425.0,0.03576506316032724,0.0
31,425.0,0.0,0.0
32,425.0,0.16267778841765668,0.0
33,425.0,0.1779815373890936,0.0
34,425.0,7.869343931822886,11.11111111111111
35,425.0,0.0,0.0
36,425.0,0.0,0.0
37,425.0,0.07485765602541017,0.0
38,425.0,0.10385041164538888,0.0
39,425.0,23.192750354130375,11.11111111111111
40,425.0,11.217925322506135,11.11111111111111
41,425.0,0.13662292869911774,0.0
42,425.0,0.0,0.0
43,425.0,0.20307647348407898,0.0
44,425.0,0.04400952626065713,0.0
45,425.0,0.30258530052752997,0.0
46,425.0,0.0,0.0
47,425.0,0.19583749659381489,0.0
48,425.0,0.03107350382154561,0.0
49,425.0,0.12000492560523213,0.0
50,425.0,0.0,0.0
1,426.0,0.20818415626258435,0.0
2,426.0,21.3142441120477,11.11111111111111
3,426.0,0.0,0.0
4,426.0,6.082843811139779,11.11111111111111
5,426.0,0.05807123682230264,0.0
6,426.0,11.427263117993249,11.11111111111111
7,426.0,0.0,0.0
8,426.0,0.0,0.0
9,426.0,4.9427321437260066,11.11111111111111
10,426.0,0.0,0.0
11,426.0,0.0028242518249406157,0.0
12,426.0,0.20420774520703855,0.0
13,426.0,0.0,0.0
14,426.0,0.0,0.0
15,426.0,0.07009919268972398,0.0
16,426.0,0.06758161991666822,0.0
17,426.0,0.7553302247676257,0.0
18,426.0,0.09886499489239142,0.0
19,426.0,0.0,0.0
20,426.0,0.01624735018474821,0.0
21,426.0,0.0,0.0
22,426.0,0.22206347182748598,0.0
23,426.0,0.02637886726803451,0.0
24,426.0,0.30317534707802496,0.0
25,426.0,19.691159720491044,11.11111111111111
26,426.0,0.0,0.0
27,426.0,9.31013009368978,11.11111111111111
28,426.0,0.0,0.0
29,426.0,0.5852575424517359,0.0
30,426.0,0.0,0.0
31,426.0,0.07854551459317305,0.0
32,426.0,0.0,0.0
33,426.0,0.020346516826619254,0.0
34,426.0,7.365829798553678,11.11111111111111
35,426.0,0.022954829668409116,0.0
36,426.0,0.11843805490409565,0.0
37,426.0,0.0,0.0
38,426.0,0.0,0.0
39,426.0,23.020703471586362,11.11111111111111
40,426.0,12.097232179120386,11.11111111111111
41,426.0,0.18295041790958955,0.0
42,426.0,0.012593765715265715,0.0
43,426.0,0.26510206213850296,0.0
44,426.0,0.0,0.0
45,426.0,0.239892536817789,0.0
46,426.0,0.0,0.0
47,426.0,0.11915234203743363,0.0
48,426.0,0.0,0.0
49,426.0,0.0,0.0
50,426.0,0.27303907270713124,0.0
1,427.0,0.11439205683891629,0.0
2,427.0,20.76592897898746,11.11111111111111
3,427.0,0.0,0.0
4,427.0,6.007015378164274,11.11111111111111
5,427.0,0.019340711595144167,0.0
6,427.0,10.865629544247414,11.11111111111111
7,427.0,0.0,0.0
8,427.0,0.008087217052201612,0.0
9,427.0,4.772378829525395,11.11111111111111
10,427.0,0.0,0.0
11,427.0,0.0,0.0
12,427.0,0.13047448102560388,0.0
13,427.0,0.323063483975241,0.0
14,427.0,0.12728462220574088,0.0
15,427.0,0.40405169106972594,0.0
16,427.0,0.15839293763840978,0.0
17,427.0,0.2548857392121102,0.0
18,427.0,0.0,0.0
19,427.0,0.23376299176726278,0.0
20,427.0,0.0,0.0
21,427.0,0.2699566313565771,0.0
22,427.0,0.08560035989823167,0.0
23,427.0,0.07444609284198633,0.0
24,427.0,0.0,0.0
25,427.0,18.81720907819672,11.11111111111111
26,427.0,0.0,0.0
27,427.0,8.738020926121862,11.11111111111111
28,427.0,0.03869168043803539,0.0
29,427.0,0.45736954525868745,0.0
30,427.0,0.14438098698653912,0.0
31,427.0,0.10143481682233735,0.0
32,427.0,0.04696611539816453,0.0
33,427.0,0.22542884214468872,0.0
34,427.0,6.992569116012667,11.11111111111111
35,427.0,0.1630496137350722,0.0
36,427.0,0.08628093944328574,0.0
37,427.0,0.25648920334739167,0.0
38,427.0,0.0,0.0
39,427.0,22.48183033956379,11.11111111111111
40,427.0,12.37150934668473,11.11111111111111
41,427.0,0.0,0.0
42,427.0,0.0,0.0
43,427.0,0.3087050949300918,0.0
44,427.0,0.1891682626171205,0.0
45,427.0,0.29213483709424237,0.0
46,427.0,0.3303909512425178,0.0
47,427.0,0.0,0.0
48,427.0,0.0891592402220347,0.0
49,427.0,0.21682106066996454,0.0
50,427.0,0.0,0.0
1,428.0,0.1560381665887388,0.0
2,428.0,20.674502035544297,11.11111111111111
3,428.0,0.08206144085404388,0.0
4,428.0,5.406427655687145,11.11111111111111
5,428.0,0.31649952191097097,0.0
6,428.0,10.923690832879464,11.11111111111111
7,428.0,0.0,0.0
8,428.0,0.0,0.0
9,428.0,0.0,0.0
10,428.0,0.0,0.0
11,428.0,0.10846503083136294,0.0
12,428.0,0.022538887074631475,0.0
13,428.0,0.12667358669537987,0.0
14,428.0,0.0749713515392092,0.0
15,428.0,0.2196591955657925,0.0
16,428.0,0.09961403877826891,0.0
17,428.0,0.5466006038597091,0.0
18,428.0,0.0,0.0
19,428.0,0.31837401934001985,0.0
20,428.0,0.0,0.0
21,428.0,0.0,0.0
22,428.0,0.0,0.0
23,428.0,0.17530365439237783,0.0
24,428.0,0.23346606491148914,0.0
25,428.0,18.825692458241374,11.11111111111111
26,428.0,0.006731291243222914,0.0
27,428.0,0.0,0.0
28,428.0,0.11624480878284904,0.0
29,428.0,0.17867548411140155,0.0
30,428.0,0.0,0.0
31,428.0,0.08728237324729071,0.0
32,428.0,0.27693492886854343,0.0
33,428.0,0.14284793967337306,0.0
34,428.0,0.0,0.0
35,428.0,0.0,0.0
36,428.0,0.13124902890873458,0.0
37,428.0,0.0,0.0
38,428.0,0.0,0.0
39,428.0,21.967274559850182,11.11111111111111
40,428.0,13.272757342736913,11.11111111111111
41,428.0,0.5464238362795228,0.0
42,428.0,0.19240215440217445,0.0
43,428.0,0.0,0.0
44,428.0,0.11357177112335659,0.0
45,428.0,0.151955520770926,0.0
46,428.0,0.08882944117720826,0.0
47,428.0,0.035554883389182446,0.0
48,428.0,0.31806812834956066,0.0
49,428.0,0.0936811889906235,0.0
50,428.0,0.1147556820937995,0.0
1,429.0,0.036225974284211815,0.0
2,429.0,20.84233696071929,11.11111111111111
3,429.0,0.00810805910055612,0.0
4,429.0,5.323323072419059,11.11111111111111
5,429.0,0.0,0.0
6,429.0,10.02249476788886,11.11111111111111
7,429.0,0.020697254437701096,0.0
8,429.0,0.29224544590174284,0.0
9,429.0,0.13646457145979907,0.0
10,429.0,0.0,0.0
11,429.0,0.0,0.0
12,429.0,0.15474419567825526,0.0
13,429.0,0.44030787736305665,0.0
14,429.0,0.07598660723610817,0.0
15,429.0,0.034676437479367994,0.0
16,429.0,0.31221787706148996,0.0
17,429.0,0.5770088764161629,0.0
18,429.0,0.0,0.0
19,429.0,0.0003273298872582542,0.0
20,429.0,0.02469115633111929,0.0
21,429.0,0.0,0.0
22,429.0,0.24927246305888007,0.0
23,429.0,0.0,0.0
24,429.0,0.22891224008094946,0.0
25,429.0,18.272361250078973,11.11111111111111
26,429.0,0.0,0.0
27,429.0,0.3483912306151954,0.0
28,429.0,0.29965354970706704,0.0
29,429.0,0.0,0.0
30,429.0,0.300936424361549,0.0
31,429.0,0.0,0.0
32,429.0,0.172086082859069,0.0
33,429.0,0.0,0.0
34,429.0,0.4938147339910214,0.0
35,429.0,0.0,0.0
36,429.0,0.4190063224355066,0.0
37,429.0,0.09546375943599028,0.0
38,429.0,0.025530196465019972,0.0
39,429.0,22.084730731917162,11.11111111111111
40,429.0,13.838582605265096,11.11111111111111
41,429.0,0.0,0.0
42,429.0,0.14108228192027017,0.0
43,429.0,0.0,0.0
44,429.0,0.38340919433464227,0.0
45,429.0,0.0,0.0
46,429.0,0.0,0.0
47,429.0,0.0,0.0
48,429.0,0.0,0.0
49,429.0,0.0,0.0
50,429.0,0.0,0.0
1,430.0,0.0,0.0
2,430.0,20.486659336690273,11.11111111111111
3,430.0,0.15064591997109822,0.0
4,430.0,0.029509559225116888,0.0
5,430.0,0.19717711961850914,0.0
6,430.0,9.626186181306883,11.11111111111111
7,430.0,0.0,0.0
8,430.0,0.10895207245630467,0.0
9,430.0,0.0,0.0
10,430.0,0.02480634369214485,0.0
11,430.0,0.09753076159090701,0.0
12,430.0,0.0,0.0
13,430.0,0.1919169734701034,0.0
14,430.0,0.14103181683602695,0.0
15,430.0,0.24368672178123918,0.0
16,430.0,0.10710540146763325,0.0
17,430.0,0.19037088591098972,0.0
18,430.0,0.0,0.0
19,430.0,0.05619087250068033,0.0
20,430.0,0.0,0.0
21,430.0,0.14190124561478545,0.0
22,430.0,0.0,0.0
23,430.0,0.1929020176349392,0.0
24,430.0,0.0,0.0
25,430.0,17.66506577463069,11.11111111111111
26,430.0,0.0,0.0
27,430.0,0.6560308861081774,0.0
28,430.0,0.07203874856519155,0.0
29,430.0,0.0,0.0
30,430.0,0.09823489784957762,0.0
31,430.0,0.0,0.0
32,430.0,0.013570441333428551,0.0
33,430.0,0.0,0.0
34,430.0,0.10544900094679988,0.0
35,430.0,0.20762443525284435,0.0
36,430.0,0.0,0.0
37,430.0,0.0,0.0
38,430.0,0.0,0.0
39,430.0,22.065871184175695,11.11111111111111
40,430.0,14.648101147870914,11.11111111111111
41,430.0,0.07237717683817546,0.0
42,430.0,0.0,0.0
43,430.0,0.0,0.0
44,430.0,0.0,0.0
45,430.0,0.0,0.0
46,430.0,0.0,0.0
47,430.0,0.01457903631749835,0.0
48,430.0,0.0,0.0
49,430.0,0.13186690193815298,0.0
50,430.0,0.1349523891356622,0.0
1,431.0,0.0,0.0
2,431.0,19.96696686642354,11.11111111111111
3,431.0,0.09514575724427887,0.0
4,431.0,0.0,0.0
5,431.0,0.0,0.0
6,431.0,9.634330927641141,11.11111111111111
7,431.0,0.2607510435524768,0.0
8,431.0,0.008640192888261455,0.0
9,431.0,0.0,0.0
10,431.0,0.0,0.0
11,431.0,0.16109074733023976,0.0
12,431.0,0.13089087012900735,0.0
13,431.0,0.0,0.0
14,431.0,0.056449981770753554,0.0
15,431.0,0.21355698646754495,0.0
16,431.0,0.0,0.0
17,431.0,0.26391729511202366,0.0
18,431.0,0.2237373686266929,0.0
19,431.0,0.0,0.0
20,431.0,0.0,0.0
21,431.0,0.1178346827565181,0.0
22,431.0,0.0,0.0
23,431.0,0.0,0.0
24,431.0,0.22608977968145128,0.0
25,431.0,17.526809143487693,11.11111111111111
26,431.0,0.0,0.0
27,431.0,0.2577991011000833,0.0
28,431.0,0.084030740616588,0.0
29,431.0,0.09142218075687936,0.0
30,431.0,0.33946636680953013,0.0
31,431.0,0.05384900152022132,0.0
32,431.0,0.02525488862506442,0.0
33,431.0,0.0,0.0
34,431.0,0.015031362915219004,0.0
35,431.0,0.12895747679958003,0.0
36,431.0,0.21812480613672536,0.0
37,431.0,0.03447080777859601,0.0
38,431.0,0.44295399944327973,0.0
39,431.0,21.625722124520262,11.11111111111111
40,431.0,14.852749367905991,11.11111111111111
41,431.0,0.33797524238678567,0.0
42,431.0,0.0,0.0
43,431.0,0.2200366524384697,0.0
44,431.0,0.0,0.0
45,431.0,0.08791509677098819,0.0
46,431.0,0.0,0.0
47,431.0,0.003934806659468437,0.0
48,431.0,0.0,0.0
49,431.0,0.346136149240839,0.0
50,431.0,0.11129932742933035,0.0
1,432.0,0.0,0.0
2,432.0,19.479580656144467,11.11111111111111
3,432.0,0.05911525846885868,0.0
4,432.0,0.256435352055143,0.0
5,432.0,0.018620925873901295,0.0
6,432.0,9.014590640524451,11.11111111111111
7,432.0,0.09908367146963071,0.0
8,432.0,0.04085800564795672,0.0
9,432.0,0.021856807100938624,0.0
10,432.0,0.12500013988924774,0.0
11,432.0,0.09712566456675564,0.0
12,432.0,0.0,0.0
13,432.0,0.0,0.0
14,432.0,0.13380474968409306,0.0
15,432.0,0.7235946439383818,0.0
16,432.0,0.10831339245790028,0.0
17,432.0,0.2540267278532795,0.0
18,432.0,0.06248821518514114,0.0
19,432.0,0.0117378516446075,0.0
20,432.0,0.10487468177850223,0.0
21,432.0,0.13483867637069735,0.0
22,432.0,0.008883676572597587,0.0
23,432.0,0.0,0.0
24,432.0,0.12352912845669917,0.0
25,432.0,17.230932558872677,11.11111111111111
26,432.0,0.03334122059778277,0.0
27,432.0,0.15068453413210725,0.0
28,432.0,0.36153378579528495,0.0
29,432.0,0.14299986716848345,0.0
30,432.0,0.0,0.0
31,432.0,0.004743471957769474,0.0
32,432.0,0.0,0.0
33,432.0,0.2722257139595897,0.0
34,432.0,0.1007949578259445,0.0
35,432.0,0.16741988805238706,0.0
36,432.0,0.0,0.0
37,432.0,0.14601970471684889,0.0
38,432.0,0.09893024622000168,0.0
39,432.0,21.15700154701562,11.11111111111111
40,432.0,15.807824274280325,11.11111111111111
41,432.0,0.12115562890899356,0.0
42,432.0,0.0,0.0
43,432.0,0.0,0.0
44,432.0,0.0,0.0
45,432.0,0.0,0.0
46,432.0,0.07950322939996102,0.0
47,432.0,0.0,0.0
48,432.0,0.020943705553420733,0.0
49,432.0,0.32417354879667615,0.0
50,432.0,0.0,0.0
1,433.0,0.10431845283357977,0.0
2,433.0,19.071567685958456,11.11111111111111
3,433.0,0.0,0.0
4,433.0,0.0,0.0
5,433.0,0.0,0.0
6,433.0,8.645006861759907,11.11111111111111
7,433.0,0.010041612635243169,0.0
8,433.0,0.009179721198391055,0.0
9,433.0,0.2058081166602186,0.0
10,433.0,0.0,0.0
11,433.0,0.0,0.0
12,433.0,0.10139915891790996,0.0
13,433.0,0.2661762784861902,0.0
14,433.0,0.043098566391542636,0.0
15,433.0,0.20572311190591486,0.0
16,433.0,0.017424341573076485,0.0
17,433.0,0.09647782092823254,0.0
18,433.0,0.0,0.0
19,433.0,0.0,0.0
20,433.0,0.0,0.0
21,433.0,0.0,0.0
22,433.0,0.0,0.0
23,433.0,0.056723750272366424,0.0
24,433.0,0.15676969615819625,0.0
25,433.0,16.521835119551962,11.11111111111111
26,433.0,0.0016117485442592727,0.0
27,433.0,0.0,0.0
28,433.0,0.0,0.0
29,433.0,0.0,0.0
30,433.0,0.0,0.0
31,433.0,0.0,0.0
32,433.0,0.006099798545302404,0.0
33,433.0,0.09599309075827123,0.0
34,433.0,0.0,0.0
35,433.0,0.13112767815118886,0.0
36,433.0,0.21387720902651453,0.0
37,433.0,0.06904947551517804,0.0
38,433.0,0.018716116154270157,0.0
39,433.0,20.7040437957174,11.11111111111111
40,433.0,16.32154991093651,11.11111111111111
41,433.0,0.02641506610229416,0.0
42,433.0,0.02374324565676289,0.0
43,433.0,0.002095589840359291,0.0
44,433.0,0.19369869560294295,0.0
45,433.0,0.02416524850583357,0.0
46,433.0,0.09851647105500916,0.0
47,433.0,0.0,0.0
48,433.0,0.09735346900835162,0.0
49,433.0,0.05666314007809947,0.0
50,433.0,0.0,0.0
1,434.0,0.0,0.0
2,434.0,18.90300893703904,11.11111111111111
3,434.0,0.38859634149720135,0.0
4,434.0,0.0,0.0
5,434.0,0.0,0.0
6,434.0,8.945226986719218,11.11111111111111
7,434.0,0.042734806357685784,0.0
8,434.0,0.0919255650422035,0.0
9,434.0,0.0,0.0
10,434.0,0.4044773734827106,0.0
11,434.0,0.06858561161113841,0.0
12,434.0,0.0,0.0
13,434.0,0.36681196250938475,0.0
14,434.0,0.0,0.0
15,434.0,0.0,0.0
16,434.0,0.006506290330394515,0.0
17,434.0,0.061014884418412074,0.0
18,434.0,0.03615709023608993,0.0
19,434.0,0.33177817898518447,0.0
20,434.0,0.0,0.0
21,434.0,0.07268690213922613,0.0
22,434.0,0.0,0.0
23,434.0,0.0,0.0
24,434.0,0.0,0.0
25,434.0,16.599552209554115,11.11111111111111
26,434.0,0.22657465953304345,0.0
27,434.0,0.0,0.0
28,434.0,0.13262289188841958,0.0
29,434.0,0.20664645379602686,0.0
30,434.0,0.11664592641560312,0.0
31,434.0,0.03951552625689447,0.0
32,434.0,0.0,0.0
33,434.0,0.20667455539926494,0.0
34,434.0,0.0,0.0
35,434.0,0.0,0.0
36,434.0,0.30780254689206543,0.0
37,434.0,0.11064845506756549,0.0
38,434.0,0.011160663689785078,0.0
39,434.0,20.293289941315493,11.11111111111111
40,434.0,16.903857298386107,11.11111111111111
41,434.0,0.31322950505401137,0.0
42,434.0,0.013432961168747148,0.0
43,434.0,0.0,0.0
44,434.0,0.0,0.0
45,434.0,0.14612987020644252,0.0
46,434.0,0.019302409261554798,0.0
47,434.0,0.0,0.0
48,434.0,0.08004576444095646,0.0
49,434.0,0.0,0.0
50,434.0,0.2333491138998014,0.0
1,435.0,0.0,0.0
2,435.0,18.67578333746202,11.11111111111111
3,435.0,0.02524735400945821,0.0
4,435.0,0.0,0.0
5,435.0,0.002630746298466491,0.0
6,435.0,8.186367101076652,11.11111111111111
7,435.0,0.0,0.0
8,435.0,0.0552456363660806,0.0
9,435.0,0.0,0.0
10,435.0,0.0,0.0
11,435.0,0.07666819304839179,0.0
12,435.0,0.19489368591758893,0.0
13,435.0,0.0025993708395388726,0.0
14,435.0,0.0,0.0
15,435.0,0.0,0.0
16,435.0,0.0,0.0
17,435.0,0.06926481866983047,0.0
18,435.0,0.0066506841626208235,0.0
19,435.0,0.0,0.0
20,435.0,0.0,0.0
21,435.0,0.07785220562337392,0.0
22,435.0,0.03735514509010296,0.0
23,435.0,0.0,0.0
24,435.0,0.0,0.0
25,435.0,16.16536570206106,11.11111111111111
26,435.0,0.0,0.0
27,435.0,0.05279843614076396,0.0
28,435.0,0.0,0.0
29,435.0,0.38389209219865017,0.0
30,435.0,0.0,0.0
31,435.0,0.24491841545941262,0.0
32,435.0,0.0,0.0
33,435.0,0.0,0.0
34,435.0,0.2792366289483599,0.0
35,435.0,0.21522789150225774,0.0
36,435.0,0.09592862907824307,0.0
37,435.0,0.0,0.0
38,435.0,0.0,0.0
39,435.0,20.240202747733765,11.11111111111111
40,435.0,17.04339408201554,11.11111111111111
41,435.0,0.11151650649493594,0.0
42,435.0,0.4548306999313143,0.0
43,435.0,0.028770639542331278,0.0
44,435.0,0.17938537471610572,0.0
45,435.0,0.10222576998483912,0.0
46,435.0,0.05520855547354042,0.0
47,435.0,0.15201330657185907,0.0
48,435.0,0.043412938343258545,0.0
49,435.0,0.0,0.0
50,435.0,0.0,0.0
1,436.0,0.0,0.0
2,436.0,18.44320067237568,11.11111111111111
3,436.0,0.0,0.0
4,436.0,0.0,0.0
5,436.0,0.05035769693536585,0.0
6,436.0,8.44267531819526,11.11111111111111
7,436.0,0.2147519592504471,0.0
8,436.0,0.0,0.0
9,436.0,0.24544099350214454,0.0
10,436.0,0.2869674578906054,0.0
11,436.0,0.1339278736945173,0.0
12,436.0,0.36074842673859076,0.0
13,436.0,0.005320163894828256,0.0
14,436.0,0.08512464940020859,0.0
15,436.0,0.062010702244749694,0.0
16,436.0,0.0,0.0
17,436.0,0.17597153179887925,0.0
18,436.0,0.13238366946610403,0.0
19,436.0,0.012300338256922672,0.0
20,436.0,0.0884132288134819,0.0
21,436.0,0.37011949831206126,0.0
22,436.0,0.0,0.0
23,436.0,0.0,0.0
24,436.0,0.13770078414039455,0.0
25,436.0,15.922060782266445,11.11111111111111
26,436.0,0.0,0.0
27,436.0,0.09835778418175489,0.0
28,436.0,0.0,0.0
29,436.0,0.22651495351178097,0.0
30,436.0,0.0,0.0
31,436.0,0.09099254555646064,0.0
32,436.0,0.0,0.0
33,436.0,0.04893415571439985,0.0
34,436.0,0.06291214201290984,0.0
35,436.0,0.0459724902346873,0.0
36,436.0,0.0,0.0
37,436.0,0.1510768026378172,0.0
38,436.0,0.12064721911047305,0.0
39,436.0,20.172901296188584,11.11111111111111
40,436.0,17.226742661650782,11.11111111111111
41,436.0,0.22502767867453932,0.0
42,436.0,0.07135303212874378,0.0
43,436.0,0.17266053948343751,0.0
44,436.0,0.17381689765611286,0.0
45,436.0,0.0,0.0
46,436.0,0.09640920374972872,0.0
47,436.0,0.03048786922884128,0.0
48,436.0,0.061007064533117106,0.0
49,436.0,0.0034179730076353554,0.0
50,436.0,0.17501280769183913,0.0
1,437.0,0.0,0.0
2,437.0,17.849059826450336,11.11111111111111
3,437.0,0.06402414037042203,0.0
4,437.0,0.12614499786934807,0.0
5,437.0,0.3016091561050446,0.0
6,437.0,7.936940001974049,11.11111111111111
7,437.0,0.19812023335490492,0.0
8,437.0,0.0,0.0
9,437.0,0.22995491496506004,0.0
10,437.0,0.16887514480486887,0.0
11,437.0,0.09771689077560608,0.0
12,437.0,0.042104301740431005,0.0
13,437.0,0.0,0.0
14,437.0,0.0,0.0
15,437.0,0.0,0.0
16,437.0,0.025902343801954886,0.0
17,437.0,0.0,0.0
18,437.0,0.06694403076197653,0.0
19,437.0,0.0816921926264017,0.0
20,437.0,0.073143692786093,0.0
21,437.0,0.03916813983458234,0.0
22,437.0,0.0,0.0
23,437.0,0.07418987706070246,0.0
24,437.0,0.0,0.0
25,437.0,15.453726495431745,11.11111111111111
26,437.0,0.11367458496428295,0.0
27,437.0,0.0,0.0
28,437.0,0.06067461621812964,0.0
29,437.0,0.038163419658483244,0.0
30,437.0,0.0,0.0
31,437.0,0.5286026826545271,0.0
32,437.0,0.0,0.0
33,437.0,0.07270226261437218,0.0
34,437.0,0.0,0.0
35,437.0,0.08553255546904959,0.0
36,437.0,0.0,0.0
37,437.0,0.0,0.0
38,437.0,0.09991708053286463,0.0
39,437.0,19.445681328089755,11.11111111111111
40,437.0,17.563877729390395,11.11111111111111
41,437.0,0.0,0.0
42,437.0,0.0,0.0
43,437.0,0.0,0.0
44,437.0,0.017120805196120914,0.0
45,437.0,0.1374308614062446,0.0
46,437.0,0.036812126502679066,0.0
47,437.0,0.1944714016589173,0.0
48,437.0,0.0,0.0
49,437.0,0.0,0.0
50,437.0,0.44167775049598457,0.0
1,438.0,0.0,0.0
2,438.0,17.8055325719666,11.11111111111111
3,438.0,0.006552200661869678,0.0
4,438.0,0.07211498811685935,0.0
5,438.0,0.07090914429642625,0.0
6,438.0,7.549488030005897,11.11111111111111
7,438.0,0.21862966966211106,0.0
8,438.0,0.0,0.0
9,438.0,0.26603473289713087,0.0
10,438.0,0.12772075455166243,0.0
11,438.0,0.20651529511501288,0.0
12,438.0,0.10235538268605737,0.0
13,438.0,0.04374704303969179,0.0
14,438.0,0.0,0.0
15,438.0,0.0,0.0
16,438.0,0.009438274060466156,0.0
17,438.0,0.3149839560250879,0.0
18,438.0,0.0,0.0
19,438.0,0.0,0.0
20,438.0,0.15631664030856307,0.0
21,438.0,0.013769284303224882,0.0
22,438.0,0.33896310177874467,0.0
23,438.0,0.0,0.0
24,438.0,0.0,0.0
25,438.0,15.0070323443508,11.11111111111111
26,438.0,0.0,0.0
27,438.0,0.2285256447993732,0.0
28,438.0,0.0,0.0
29,438.0,0.06505596529594726,0.0
30,438.0,0.0,0.0
31,438.0,0.0,0.0
32,438.0,0.18630905739174164,0.0
33,438.0,0.0,0.0
34,438.0,0.17602713191970487,0.0
35,438.0,0.24176186030373437,0.0
36,438.0,0.1480106680389387,0.0
37,438.0,0.055120666362922455,0.0
38,438.0,0.0,0.0
39,438.0,18.91622899745286,11.11111111111111
40,438.0,18.071887434081034,11.11111111111111
41,438.0,0.0,0.0
42,438.0,0.0,0.0
43,438.0,0.0,0.0
44,438.0,0.0,0.0
45,438.0,0.10816115696167872,0.0
46,438.0,0.0,0.0
47,438.0,0.05070625303572052,0.0
48,438.0,0.02338996818482786,0.0
49,438.0,0.0,0.0
50,438.0,0.0745644032337558,0.0
1,439.0,0.25006595445436697,0.0
2,439.0,17.49117831038359,11.11111111111111
3,439.0,0.0,0.0
4,439.0,0.0,0.0
5,439.0,0.0,0.0
6,439.0,0.0,0.0
7,439.0,0.0,0.0
8,439.0,0.0,0.0
9,439.0,0.028283418333294508,0.0
10,439.0,0.2107254791438925,0.0
11,439.0,0.10686406895605471,0.0
12,439.0,0.0,0.0
13,439.0,0.21001904000860283,0.0
14,439.0,0.0,0.0
15,439.0,0.0,0.0
16,439.0,0.0,0.0
17,439.0,0.16612227301530036,0.0
18,439.0,0.0,0.0
19,439.0,0.07304253744026135,0.0
20,439.0,0.002660667158985053,0.0
21,439.0,0.10596807679621512,0.0
22,439.0,0.19448368116112846,0.0
23,439.0,0.0,0.0
24,439.0,0.0,0.0
25,439.0,14.51232937572518,11.11111111111111
26,439.0,0.023901882628111548,0.0
27,439.0,0.10515183075509638,0.0
28,439.0,0.0,0.0
29,439.0,0.043465999925120236,0.0
30,439.0,0.0,0.0
31,439.0,0.041336801673811596,0.0
32,439.0,0.0,0.0
33,439.0,0.0,0.0
34,439.0,0.1577382205816048,0.0
35,439.0,0.0019575261114986864,0.0
36,439.0,0.4509457571102141,0.0
37,439.0,0.10549547459902675,0.0
38,439.0,0.40656131544684615,0.0
39,439.0,18.985152397558508,11.11111111111111
40,439.0,18.06280996945242,11.11111111111111
41,439.0,0.3576449285583463,0.0
42,439.0,0.0,0.0
43,439.0,0.13851334844061336,0.0
44,439.0,0.0,0.0
45,439.0,0.09828975635503534,0.0
46,439.0,0.11626510020318259,0.0
47,439.0,0.017418217332754282,0.0
48,439.0,0.17632099535270973,0.0
49,439.0,0.0,0.0
50,439.0,0.41542910485209084,0.0
1,440.0,0.08013309505811983,0.0
2,440.0,16.682997113967396,11.11111111111111
3,440.0,0.0,0.0
4,440.0,0.049886717079656084,0.0
5,440.0,0.0,0.0
6,440.0,0.5246246458414381,0.0
7,440.0,0.020587644122885718,0.0
8,440.0,0.23346109398360793,0.0
9,440.0,0.0,0.0
10,440.0,0.0,0.0
11,440.0,0.0,0.0
12,440.0,0.0,0.0
13,440.0,0.0,0.0
14,440.0,0.0,0.0
15,440.0,0.0,0.0
16,440.0,0.1291711648305477,0.0
17,440.0,0.003518905583853482,0.0
18,440.0,0.0,0.0
19,440.0,0.0,0.0
20,440.0,0.0,0.0
21,440.0,0.2624192786527566,0.0
22,440.0,0.2899633451651865,0.0
23,440.0,0.31449564741730673,0.0
24,440.0,0.060300685185939895,0.0
25,440.0,14.31462565617185,11.11111111111111
26,440.0,0.0,0.0
27,440.0,0.12769718188157464,0.0
28,440.0,0.06842944696791076,0.0
29,440.0,0.06423658026147383,0.0
30,440.0,0.1547444528100952,0.0
31,440.0,0.020269604308297606,0.0
32,440.0,0.023141865323041966,0.0
33,440.0,0.0,0.0
34,440.0,0.3312429970113664,0.0
35,440.0,0.0,0.0
36,440.0,0.17334525198419903,0.0
37,440.0,0.22887103526173447,0.0
38,440.0,0.0,0.0
39,440.0,18.74067516839303,11.11111111111111
40,440.0,18.755238374046126,11.11111111111111
41,440.0,0.0,0.0
42,440.0,0.3760405622200872,0.0
43,440.0,0.0,0.0
44,440.0,0.10692578219779747,0.0
45,440.0,0.4105941380702396,0.0
46,440.0,0.0,0.0
47,440.0,0.1147868510950878,0.0
48,440.0,0.15096468373847005,0.0
49,440.0,0.09645941658477508,0.0
50,440.0,0.551594080813878,0.0
1,441.0,0.0,0.0
2,441.0,16.30616032477281,11.11111111111111
3,441.0,0.11601523013514548,0.0
4,441.0,0.0284504138994901,0.0
5,441.0,0.0,0.0
6,441.0,0.34007024870158564,0.0
7,441.0,0.0,0.0
8,441.0,0.027919899608408016,0.0
9,441.0,0.12726254827313976,0.0
10,441.0,0.017169528095765996,0.0
11,441.0,0.0,0.0
12,441.0,0.0,0.0
13,441.0,0.14455872131673342,0.0
14,441.0,0.0902278051026838,0.0
15,441.0,0.029467321505476263,0.0
16,441.0,0.0,0.0
17,441.0,0.08294948839009142,0.0
18,441.0,0.1985653027839558,0.0
19,441.0,0.06453439725026966,0.0
20,441.0,0.23383459065956458,0.0
21,441.0,0.0,0.0
22,441.0,0.28024907112306785,0.0
23,441.0,0.004497567157395466,0.0
24,441.0,0.10477773170573035,0.0
25,441.0,14.169864851815046,11.11111111111111
26,441.0,0.0,0.0
27,441.0,0.0,0.0
28,441.0,0.0,0.0
29,441.0,0.0,0.0
30,441.0,0.12981775685248365,0.0
31,441.0,0.25060090206750707,0.0
32,441.0,0.3215529256212939,0.0
33,441.0,0.13152864903799055,0.0
34,441.0,0.13266324253253015,0.0
35,441.0,0.0,0.0
36,441.0,0.0,0.0
37,441.0,0.12778753147815258,0.0
38,441.0,0.0,0.0
39,441.0,18.32071245920113,11.11111111111111
40,441.0,18.872715370011996,11.11111111111111
41,441.0,0.5037452947387544,0.0
42,441.0,0.06343252632104557,0.0
43,441.0,0.0,0.0
44,441.0,0.0,0.0
45,441.0,0.0,0.0
46,441.0,0.0,0.0
47,441.0,0.0,0.0
48,441.0,0.0,0.0
49,441.0,0.02095955166657615,0.0
50,441.0,0.25141142766120717,0.0
1,442.0,0.12120422387492169,0.0
2,442.0,16.28269681753229,11.11111111111111
3,442.0,0.0,0.0
4,442.0,0.0,0.0
5,442.0,0.0,0.0
6,442.0,0.15745214786134165,0.0
7,442.0,0.0,0.0
8,442.0,0.0,0.0
9,442.0,0.2519835393349441,0.0
10,442.0,0.0,0.0
11,442.0,0.0,0.0
12,442.0,0.27154503849962275,0.0
13,442.0,0.0,0.0
14,442.0,0.11628898512540564,0.0
15,442.0,0.0,0.0
16,442.0,0.04631510643612169,0.0
17,442.0,0.0822135695949705,0.0
18,442.0,0.0,0.0
19,442.0,0.02372615981895221,0.0
20,442.0,0.22971888511481686,0.0
21,442.0,0.0,0.0
22,442.0,0.03672072590012776,0.0
23,442.0,0.0,0.0
24,442.0,0.005243939605447445,0.0
25,442.0,13.611030898026751,11.11111111111111
26,442.0,0.0,0.0
27,442.0,0.0,0.0
28,442.0,0.1645239982919342,0.0
29,442.0,0.07248693866684375,0.0
30,442.0,0.0,0.0
31,442.0,0.07455419399968333,0.0
32,442.0,0.2680749332420098,0.0
33,442.0,0.0,0.0
34,442.0,0.0,0.0
35,442.0,0.0,0.0
36,442.0,0.0,0.0
37,442.0,0.07335241752489219,0.0
38,442.0,0.0,0.0
39,442.0,17.98482116359978,11.11111111111111
40,442.0,19.213388965284988,11.11111111111111
41,442.0,0.0756478384916478,0.0
42,442.0,0.0,0.0
43,442.0,0.0006762412484364599,0.0
44,442.0,0.16154812288488407,0.0
45,442.0,0.06551484703546673,0.0
46,442.0,0.06541390801558644,0.0
47,442.0,0.21620430676106572,0.0
48,442.0,0.005324092019129423,0.0
49,442.0,0.0,0.0
50,442.0,0.286744532704982,0.0
1,443.0,0.15079621409699628,0.0
2,443.0,16.067493358119453,11.11111111111111
3,443.0,0.0,0.0
4,443.0,0.0,0.0
5,443.0,0.0,0.0
6,443.0,0.2188193568597998,0.0
7,443.0,0.08039389086267212,0.0
8,443.0,0.028502631457345884,0.0
9,443.0,0.0,0.0
10,443.0,0.029895839024195014,0.0
11,443.0,0.0,0.0
12,443.0,0.09419231818791152,0.0
13,443.0,0.0,0.0
14,443.0,0.0,0.0
15,443.0,0.20113859744636053,0.0
16,443.0,0.0,0.0
17,443.0,0.23289042069364752,0.0
18,443.0,0.06585535360034611,0.0
19,443.0,0.0,0.0
20,443.0,0.03635738630281771,0.0
21,443.0,0.0,0.0
22,443.0,0.10586854605674723,0.0
23,443.0,0.11630777648332113,0.0
24,443.0,0.0,0.0
25,443.0,13.878755305405434,11.11111111111111
26,443.0,0.07224678601069934,0.0
27,443.0,0.24633492107419996,0.0
28,443.0,0.11107736271118462,0.0
29,443.0,0.12418396420248656,0.0
30,443.0,0.0,0.0
31,443.0,0.07846088636400128,0.0
32,443.0,0.0,0.0
33,443.0,0.0,0.0
34,443.0,0.0,0.0
35,443.0,0.0,0.0
36,443.0,0.050154665602380355,0.0
37,443.0,0.0,0.0
38,443.0,0.0,0.0
39,443.0,17.87523424826675,11.11111111111111
40,443.0,19.225641375675224,11.11111111111111
41,443.0,0.048404423895621385,0.0
42,443.0,0.40080643157356877,0.0
43,443.0,0.17110837116673627,0.0
44,443.0,0.00569907421943594,0.0
45,443.0,0.4297419542143245,0.0
46,443.0,0.0,0.0
47,443.0,0.06724556051985087,0.0
48,443.0,0.02968983925965296,0.0
49,443.0,0.0,0.0
50,443.0,0.2052092449905688,0.0
1,444.0,0.20234634056439282,0.0
2,444.0,16.083060544756435,11.11111111111111
3,444.0,0.022405817477801238,0.0
4,444.0,0.0,0.0
5,444.0,0.0,0.0
6,444.0,0.0,0.0
7,444.0,0.0,0.0
8,444.0,0.0,0.0
9,444.0,0.0,0.0
10,444.0,0.03468350712763413,0.0
11,444.0,0.12842508245389228,0.0
12,444.0,0.03860937369444717,0.0
13,444.0,0.0,0.0
14,444.0,0.0,0.0
15,444.0,0.0,0.0
16,444.0,0.0,0.0
17,444.0,0.0,0.0
18,444.0,0.07414555797594646,0.0
19,444.0,0.0,0.0
20,444.0,0.03665200071404151,0.0
21,444.0,0.0,0.0
22,444.0,0.08626306705657694,0.0
23,444.0,0.19722538873897633,0.0
24,444.0,0.13886898881553,0.0
25,444.0,13.219335637356824,11.11111111111111
26,444.0,0.005545924331326613,0.0
27,444.0,0.14661420997172103,0.0
28,444.0,0.16446833991505427,0.0
29,444.0,0.3868092512475333,0.0
30,444.0,0.0,0.0
31,444.0,0.0,0.0
32,444.0,0.07432253121230215,0.0
33,444.0,0.04050739989846153,0.0
34,444.0,0.0,0.0
35,444.0,0.0,0.0
36,444.0,0.0,0.0
37,444.0,0.0,0.0
38,444.0,0.022342739897307062,0.0
39,444.0,17.469993601292412,11.11111111111111
40,444.0,19.299292301931303,11.11111111111111
41,444.0,0.051649730955981354,0.0
42,444.0,0.0,0.0
43,444.0,0.0,0.0
44,444.0,0.014734541753855801,0.0
45,444.0,0.13624677456097223,0.0
46,444.0,0.10298399601524755,0.0
47,444.0,0.2668344249645094,0.0
48,444.0,0.15175340944182436,0.0
49,444.0,0.08232212288374396,0.0
50,444.0,0.0,0.0
1,445.0,0.0,0.0
2,445.0,15.788917483914549,11.11111111111111
3,445.0,0.03136732650616336,0.0
4,445.0,0.0,0.0
5,445.0,0.1140324344002207,0.0
6,445.0,0.36990898162477825,0.0
7,445.0,0.038075714970659535,0.0
8,445.0,0.0,0.0
9,445.0,0.020251657693968084,0.0
10,445.0,0.0,0.0
11,445.0,0.09842432336470497,0.0
12,445.0,0.03752757674373819,0.0
13,445.0,0.0,0.0
14,445.0,0.0,0.0
15,445.0,0.0,0.0
16,445.0,0.0,0.0
17,445.0,0.20861072461733499,0.0
18,445.0,0.00835631990019614,0.0
19,445.0,0.0,0.0
20,445.0,0.0,0.0
21,445.0,0.1317038295584938,0.0
22,445.0,0.05927862411135443,0.0
23,445.0,0.374735470298585,0.0
24,445.0,0.33199529468997935,0.0
25,445.0,13.355344519196226,11.11111111111111
26,445.0,0.0,0.0
27,445.0,0.09892760135648337,0.0
28,445.0,0.0,0.0
29,445.0,0.0,0.0
30,445.0,0.0,0.0
31,445.0,0.2156017990829997,0.0
32,445.0,0.0,0.0
33,445.0,0.0,0.0
34,445.0,0.0007612771821895459,0.0
35,445.0,0.10287207063712644,0.0
36,445.0,0.0,0.0
37,445.0,0.01794964607274996,0.0
38,445.0,0.0,0.0
39,445.0,17.314017302206913,11.11111111111111
40,445.0,19.68011766062616,11.11111111111111
41,445.0,0.0,0.0
42,445.0,0.0,0.0
43,445.0,0.0,0.0
44,445.0,0.0,0.0
45,445.0,0.0,0.0
46,445.0,0.058840002459402685,0.0
47,445.0,0.3520918654491969,0.0
48,445.0,0.31898341033892974,0.0
49,445.0,0.07477769547995539,0.0
50,445.0,0.06532103845842074,0.0
1,446.0,0.060816893953818174,0.0
2,446.0,15.46575442948971,11.11111111111111
3,446.0,0.0,0.0
4,446.0,0.0,0.0
5,446.0,0.0,0.0
6,446.0,0.0,0.0
7,446.0,0.0,0.0
8,446.0,0.12932614859457003,0.0
9,446.0,0.010838061528777199,0.0
10,446.0,0.0,0.0
11,446.0,0.0,0.0
12,446.0,0.0884603374787073,0.0
13,446.0,0.250535634792431,0.0
14,446.0,0.37897852915616703,0.0
15,446.0,0.05913615397675731,0.0
16,446.0,0.0,0.0
17,446.0,0.15753479802818415,0.0
18,446.0,0.23142851170238055,0.0
19,446.0,0.0,0.0
20,446.0,0.0,0.0
21,446.0,0.12323896034208692,0.0
22,446.0,0.0,0.0
23,446.0,0.0,0.0
24,446.0,0.0,0.0
25,446.0,13.065328994712035,11.11111111111111
26,446.0,0.11497945534138643,0.0
27,446.0,0.0,0.0
28,446.0,0.0,0.0
29,446.0,0.0,0.0
30,446.0,0.0,0.0
31,446.0,0.1481302737589003,0.0
32,446.0,0.0,0.0
33,446.0,0.01393662848254229,0.0
34,446.0,0.23419381231124514,0.0
35,446.0,0.3432473793790616,0.0
36,446.0,0.0,0.0
37,446.0,0.14385644242669848,0.0
38,446.0,0.1756802409403938,0.0
39,446.0,16.794953204024807,11.11111111111111
40,446.0,19.780076342343875,11.11111111111111
41,446.0,0.0,0.0
42,446.0,0.0,0.0
43,446.0,0.03952517522067378,0.0
44,446.0,0.0,0.0
45,446.0,0.09980604588287512,0.0
46,446.0,0.29772602488734834,0.0
47,446.0,0.11521250486131762,0.0
48,446.0,0.0,0.0
49,446.0,0.11973255992790066,0.0
50,446.0,0.002968851503688086,0.0
1,447.0,0.0687688328390389,0.0
2,447.0,15.554655626836634,11.11111111111111
3,447.0,0.0,0.0
4,447.0,0.0,0.0
5,447.0,0.0,0.0
6,447.0,0.03304701437697144,0.0
7,447.0,0.0,0.0
8,447.0,0.1607602276276252,0.0
9,447.0,0.0,0.0
10,447.0,0.026730629111017645,0.0
11,447.0,0.0,0.0
12,447.0,0.1087236624016108,0.0
13,447.0,0.0,0.0
14,447.0,0.39248387690014197,0.0
15,447.0,0.14557173367741527,0.0
16,447.0,0.0,0.0
17,447.0,0.1210101498867252,0.0
18,447.0,0.12208974054558497,0.0
19,447.0,0.0,0.0
20,447.0,0.14923958183354857,0.0
21,447.0,0.0,0.0
22,447.0,0.047735001673040345,0.0
23,447.0,0.042511201816612054,0.0
24,447.0,0.0,0.0
25,447.0,13.305503595839246,11.11111111111111
26,447.0,0.0,0.0
27,447.0,0.017410342099588916,0.0
28,447.0,0.0656326902419917,0.0
29,447.0,0.0,0.0
30,447.0,0.09191501190493279,0.0
31,447.0,0.0,0.0
32,447.0,0.05569311361791418,0.0
33,447.0,0.11507642179450561,0.0
34,447.0,0.0,0.0
35,447.0,0.001060564051278634,0.0
36,447.0,0.0,0.0
37,447.0,0.0,0.0
38,447.0,0.0,0.0
39,447.0,16.590098595214034,11.11111111111111
40,447.0,20.117234234277973,11.11111111111111
41,447.0,0.19520110875525187,0.0
42,447.0,0.2449505169814158,0.0
43,447.0,0.03356524967189867,0.0
44,447.0,0.0,0.0
45,447.0,0.0,0.0
46,447.0,0.0,0.0
47,447.0,0.0,0.0
48,447.0,0.0,0.0
49,447.0,0.11562649199227559,0.0
50,447.0,0.0,0.0
1,448.0,0.2634362433429558,0.0
2,448.0,15.153848135438267,11.11111111111111
3,448.0,0.0,0.0
4,448.0,0.0,0.0
5,448.0,0.0,0.0
6,448.0,0.06076094738367954,0.0
7,448.0,0.0,0.0
8,448.0,0.0,0.0
9,448.0,0.0,0.0
10,448.0,0.0,0.0
11,448.0,0.07263773033620591,0.0
12,448.0,0.07572321003565641,0.0
13,448.0,0.0,0.0
14,448.0,0.0,0.0
15,448.0,0.26799481581610585,0.0
16,448.0,0.0,0.0
17,448.0,0.2815089794092769,0.0
18,448.0,0.0,0.0
19,448.0,0.22885673340681156,0.0
20,448.0,0.1303316076246468,0.0
21,448.0,0.0,0.0
22,448.0,0.32523241714321993,0.0
23,448.0,0.0,0.0
24,448.0,0.041804485015450865,0.0
25,448.0,12.978178821038487,11.11111111111111
26,448.0,0.0,0.0
27,448.0,0.0,0.0
28,448.0,0.0,0.0
29,448.0,0.0,0.0
30,448.0,0.06181052173564794,0.0
31,448.0,0.0,0.0
32,448.0,0.016774186739843544,0.0
33,448.0,0.0,0.0
34,448.0,0.25601856069686224,0.0
35,448.0,0.0,0.0
36,448.0,0.005170119984487909,0.0
37,448.0,0.0,0.0
38,448.0,0.0,0.0
39,448.0,16.619641916566067,11.11111111111111
40,448.0,20.631664507138854,11.11111111111111
41,448.0,0.0,0.0
42,448.0,0.029387802509899252,0.0
43,448.0,0.0,0.0
44,448.0,0.0,0.0
45,448.0,0.034441384809249964,0.0
46,448.0,0.06794487505979496,0.0
47,448.0,0.0,0.0
48,448.0,0.0,0.0
49,448.0,0.11300541166843081,0.0
50,448.0,0.03503815171205116,0.0
1,449.0,0.07274076379934036,0.0
2,449.0,14.775309001166585,11.11111111111111
3,449.0,0.0,0.0
4,449.0,0.1347111059519147,0.0
5,449.0,0.18730406018862356,0.0
6,449.0,0.06572740788429032,0.0
7,449.0,0.0,0.0
8,449.0,0.0,0.0
9,449.0,0.1378942809808854,0.0
10,449.0,0.0,0.0
11,449.0,0.4739939449732501,0.0
12,449.0,0.0,0.0
13,449.0,0.0,0.0
14,449.0,0.11088542040088745,0.0
15,449.0,0.0,0.0
16,449.0,0.0,0.0
17,449.0,0.0,0.0
18,449.0,0.0,0.0
19,449.0,0.01667560074663932,0.0
20,449.0,0.2298797791194913,0.0
21,449.0,0.0,0.0
22,449.0,0.13536639476850654,0.0
23,449.0,0.0,0.0
24,449.0,0.20808741075936232,0.0
25,449.0,12.59286036595548,11.11111111111111
26,449.0,0.0,0.0
27,449.0,0.18467044006447542,0.0
28,449.0,0.0,0.0
29,449.0,0.0716458211689982,0.0
30,449.0,0.0,0.0
31,449.0,0.0,0.0
32,449.0,0.1508325417771995,0.0
33,449.0,0.39877516593444284,0.0
34,449.0,0.2269528669951506,0.0
35,449.0,0.02834008174338898,0.0
36,449.0,0.07738051919806599,0.0
37,449.0,0.19413414817866625,0.0
38,449.0,0.13490856529947204,0.0
39,449.0,16.878313509095,11.11111111111111
40,449.0,21.285241984063497,11.11111111111111
41,449.0,0.0,0.0
42,449.0,0.09220085648632959,0.0
43,449.0,0.11773943205804172,0.0
44,449.0,0.13984630129112519,0.0
45,449.0,0.0,0.0
46,449.0,0.1380125854947759,0.0
47,449.0,0.0,0.0
48,449.0,0.0819729525962496,0.0
49,449.0,0.3745101118665668,0.0
50,449.0,0.0,0.0
1,450.0,0.022814138342241885,0.0
2,450.0,14.821877752664895,11.11111111111111
3,450.0,0.08970999942485014,0.0
4,450.0,0.0,0.0
5,450.0,0.10180858890978128,0.0
6,450.0,0.0,0.0
7,450.0,0.0,0.0
8,450.0,0.0,0.0
9,450.0,0.033016777989142376,0.0
10,450.0,0.0,0.0
11,450.0,0.0,0.0
12,450.0,0.08137405417144994,0.0
13,450.0,0.0,0.0
14,450.0,0.22276935143600984,0.0
15,450.0,0.0,0.0
16,450.0,0.012466839166478172,0.0
17,450.0,0.2063852897933809,0.0
18,450.0,0.0,0.0
19,450.0,0.19391443592491586,0.0
20,450.0,0.0,0.0
21,450.0,0.08933280533535592,0.0
22,450.0,0.2527643125827602,0.0
23,450.0,0.08696128446395712,0.0
24,450.0,0.0,0.0
25,450.0,12.348923162617085,11.11111111111111
26,450.0,0.04915459155902113,0.0
27,450.0,0.03318077751730053,0.0
28,450.0,0.0,0.0
29,450.0,0.0,0.0
30,450.0,0.13402983481409791,0.0
31,450.0,0.28112977157140107,0.0
32,450.0,0.162364879221347,0.0
33,450.0,0.0,0.0
34,450.0,0.04472888893261051,0.0
35,450.0,0.0,0.0
36,450.0,0.19732928256789306,0.0
37,450.0,0.0,0.0
38,450.0,0.22797688031338725,0.0
39,450.0,16.589924794915465,11.11111111111111
40,450.0,21.084634983473002,11.11111111111111
41,450.0,0.00965915293249775,0.0
42,450.0,0.3265818416310414,0.0
43,450.0,0.0,0.0
44,450.0,0.0,0.0
45,450.0,0.24394081743976914,0.0
46,450.0,0.27284287238870686,0.0
47,450.0,0.0,0.0
48,450.0,0.0,0.0
49,450.0,0.015982695673085856,0.0
50,450.0,0.0,0.0
1,451.0,0.0,0.0
2,451.0,15.017053848478417,11.11111111111111
3,451.0,0.0,0.0
4,451.0,0.0,0.0
5,451.0,0.0,0.0
6,451.0,0.057823967065397275,0.0
7,451.0,0.0,0.0
8,451.0,0.0,0.0
9,451.0,0.0,0.0
10,451.0,0.37659147838925056,0.0
11,451.0,0.04260464073460524,0.0
12,451.0,0.0,0.0
13,451.0,0.03464791112895227,0.0
14,451.0,0.0,0.0
15,451.0,0.0,0.0
16,451.0,0.08968352173276362,0.0
17,451.0,0.0,0.0
18,451.0,0.01804357594959749,0.0
19,451.0,0.0,0.0
20,451.0,0.0,0.0
21,451.0,0.025707383750587676,0.0
22,451.0,0.14467989434754858,0.0
23,451.0,0.0,0.0
24,451.0,0.21782634506063614,0.0
25,451.0,11.572813378104517,11.11111111111111
26,451.0,0.018198459083780594,0.0
27,451.0,0.0,0.0
28,451.0,0.1475156159151335,0.0
29,451.0,0.16618204961034233,0.0
30,451.0,0.0,0.0
31,451.0,0.12173012232477154,0.0
32,451.0,0.0,0.0
33,451.0,0.23570690789999404,0.0
34,451.0,0.0,0.0
35,451.0,0.0,0.0
36,451.0,0.0,0.0
37,451.0,0.0,0.0
38,451.0,0.19856392275777868,0.0
39,451.0,16.71237393245101,11.11111111111111
40,451.0,21.2152870477742,11.11111111111111
41,451.0,0.29727953195780044,0.0
42,451.0,0.0,0.0
43,451.0,0.013219051298125728,0.0
44,451.0,0.0,0.0
45,451.0,0.13500975698783213,0.0
46,451.0,0.0,0.0
47,451.0,0.08780903575246446,0.0
48,451.0,0.0,0.0
49,451.0,0.21802575197760887,0.0
50,451.0,0.0,0.0
1,452.0,0.0,0.0
2,452.0,14.501952583148936,11.11111111111111
3,452.0,0.1115054627747083,0.0
4,452.0,0.18316658248286932,0.0
5,452.0,0.0,0.0
6,452.0,0.0677699327501109,0.0
7,452.0,0.0,0.0
8,452.0,0.15597755226953036,0.0
9,452.0,0.2626540894829329,0.0
10,452.0,0.05158217556357125,0.0
11,452.0,0.0,0.0
12,452.0,0.09123759594342762,0.0
13,452.0,0.11760494989602299,0.0
14,452.0,0.0,0.0
15,452.0,0.07210292656582973,0.0
16,452.0,0.1737755284227377,0.0
17,452.0,0.0,0.0
18,452.0,0.04342909225111524,0.0
19,452.0,0.21406852463039172,0.0
20,452.0,0.056815761927417774,0.0
21,452.0,0.2682362551261688,0.0
22,452.0,0.12685908271172253,0.0
23,452.0,0.23217558830123008,0.0
24,452.0,0.0,0.0
25,452.0,11.283568764360478,11.11111111111111
26,452.0,0.01680321980392996,0.0
27,452.0,0.0,0.0
28,452.0,0.0,0.0
29,452.0,0.0,0.0
30,452.0,0.0,0.0
31,452.0,0.0,0.0
32,452.0,0.0,0.0
33,452.0,0.007180055816760511,0.0
34,452.0,0.12169662037787232,0.0
35,452.0,0.09269967523238298,0.0
36,452.0,0.0,0.0
37,452.0,0.0,0.0
38,452.0,0.09803812556846947,0.0
39,452.0,16.02797771040153,11.11111111111111
40,452.0,21.377729700995886,11.11111111111111
41,452.0,0.02951659604351964,0.0
42,452.0,0.041945486598796045,0.0
43,452.0,0.0,0.0
44,452.0,0.019558502033794056,0.0
45,452.0,0.0,0.0
46,452.0,0.0,0.0
47,452.0,0.0,0.0
48,452.0,0.0,0.0
49,452.0,0.0,0.0
50,452.0,0.24064389156412203,0.0
1,453.0,0.0,0.0
2,453.0,14.282235824508374,11.11111111111111
3,453.0,0.0,0.0
4,453.0,0.2019517205995527,0.0
5,453.0,0.0,0.0
6,453.0,0.4304944917207675,0.0
7,453.0,0.1112841907280756,0.0
8,453.0,0.23862706142396972,0.0
9,453.0,0.12316518803367227,0.0
10,453.0,0.0,0.0
11,453.0,0.007900874507218325,0.0
12,453.0,0.17036730333349526,0.0
13,453.0,0.17591578251212658,0.0
14,453.0,0.0,0.0
15,453.0,0.2614315334580767,0.0
16,453.0,0.21162966863391686,0.0
17,453.0,0.06813943613510087,0.0
18,453.0,0.12985313326277315,0.0
19,453.0,0.0,0.0
20,453.0,0.011699515955889028,0.0
21,453.0,0.0,0.0
22,453.0,0.0,0.0
23,453.0,0.2397092506850973,0.0
24,453.0,0.12449116661423532,0.0
25,453.0,11.516789373610223,11.11111111111111
26,453.0,0.0,0.0
27,453.0,0.0,0.0
28,453.0,0.0,0.0
29,453.0,0.0,0.0
30,453.0,0.0,0.0
31,453.0,0.0,0.0
32,453.0,0.0,0.0
33,453.0,0.08074483107701025,0.0
34,453.0,0.0,0.0
35,453.0,0.0130186872708965,0.0
36,453.0,0.057205318961313645,0.0
37,453.0,0.005338107502480427,0.0
38,453.0,0.028556441414003486,0.0
39,453.0,16.125374654670345,11.11111111111111
40,453.0,21.595136185749308,11.11111111111111
41,453.0,0.0,0.0
42,453.0,0.0,0.0
43,453.0,0.1598284234440004,0.0
44,453.0,0.008322870779576497,0.0
45,453.0,0.0,0.0
46,453.0,0.11648723515443349,0.0
47,453.0,0.02303873972988324,0.0
48,453.0,0.0,0.0
49,453.0,0.0,0.0
50,453.0,0.0,0.0
1,454.0,0.24576294072810123,0.0
2,454.0,13.811379802207654,11.11111111111111
3,454.0,0.0,0.0
4,454.0,0.1786276011001977,0.0
5,454.0,0.1327661160481537,0.0
6,454.0,0.0,0.0
7,454.0,0.0,0.0
8,454.0,0.0,0.0
9,454.0,0.00394649400704894,0.0
10,454.0,0.17024463233588716,0.0
11,454.0,0.06511618489562432,0.0
12,454.0,0.0,0.0
13,454.0,0.0,0.0
14,454.0,0.06409544336086048,0.0
15,454.0,0.0,0.0
16,454.0,0.0,0.0
17,454.0,0.0,0.0
18,454.0,0.07445044214298846,0.0
19,454.0,0.0817101108721251,0.0
20,454.0,0.0,0.0
21,454.0,0.3301753376266152,0.0
22,454.0,0.20672120724010778,0.0
23,454.0,0.0,0.0
24,454.0,0.15708594268142784,0.0
25,454.0,11.005194163205914,11.11111111111111
26,454.0,0.24285597119213487,0.0
27,454.0,0.0,0.0
28,454.0,0.0,0.0
29,454.0,0.0,0.0
30,454.0,0.1688082803945513,0.0
31,454.0,0.21809181372480524,0.0
32,454.0,0.037456416238471735,0.0
33,454.0,0.0,0.0
34,454.0,0.2288593796802284,0.0
35,454.0,0.0,0.0
36,454.0,0.05679308640071534,0.0
37,454.0,0.0,0.0
38,454.0,0.21567025510619175,0.0
39,454.0,16.272129961080317,11.11111111111111
40,454.0,20.711621763801347,11.11111111111111
41,454.0,0.0,0.0
42,454.0,0.2186520361678167,0.0
43,454.0,0.3020243900295366,0.0
44,454.0,0.0,0.0
45,454.0,0.14422631724505008,0.0
46,454.0,0.0,0.0
47,454.0,0.0,0.0
48,454.0,0.15010561401284672,0.0
49,454.0,0.05770718991289214,0.0
50,454.0,0.0,0.0
1,455.0,0.229386339768905,0.0
2,455.0,13.776927320926966,11.11111111111111
3,455.0,0.1713264978739677,0.0
4,455.0,0.015299407211342486,0.0
5,455.0,0.0,0.0
6,455.0,0.1251207390565443,0.0
7,455.0,0.058763464210295324,0.0
8,455.0,0.0,0.0
9,455.0,0.018344779546436096,0.0
10,455.0,0.04744899502742328,0.0
11,455.0,0.17788044420587878,0.0
12,455.0,0.27444148710311145,0.0
13,455.0,0.0,0.0
14,455.0,0.0,0.0
15,455.0,0.0,0.0
16,455.0,0.19802821255871328,0.0
17,455.0,0.0,0.0
18,455.0,0.0,0.0
19,455.0,0.28064688252254355,0.0
20,455.0,0.03973591500551643,0.0
21,455.0,0.07032122860567758,0.0
22,455.0,0.0,0.0
23,455.0,0.09773227400891094,0.0
24,455.0,0.0,0.0
25,455.0,11.264389322886728,11.11111111111111
26,455.0,0.0,0.0
27,455.0,0.18608769563736638,0.0
28,455.0,0.0,0.0
29,455.0,0.0,0.0
30,455.0,0.0,0.0
31,455.0,0.0,0.0
32,455.0,0.0,0.0
33,455.0,0.0,0.0
34,455.0,0.14373247088198426,0.0
35,455.0,0.0,0.0
36,455.0,0.1524197340216653,0.0
37,455.0,0.01617009321506102,0.0
38,455.0,0.15556460521581061,0.0
39,455.0,15.988725958848665,11.11111111111111
40,455.0,21.06303281930261,11.11111111111111
41,455.0,0.0,0.0
42,455.0,0.0,0.0
43,455.0,0.078136104641083,0.0
44,455.0,0.019108135303389173,0.0
45,455.0,0.0,0.0
46,455.0,0.06710327110545977,0.0
47,455.0,0.01829691309272119,0.0
48,455.0,0.0,0.0
49,455.0,0.0,0.0
50,455.0,0.0,0.0
1,456.0,0.07075233133368508,0.0
2,456.0,13.717000656845428,11.11111111111111
3,456.0,0.0,0.0
4,456.0,0.0,0.0
5,456.0,0.0,0.0
6,456.0,0.00798068632321114,0.0
7,456.0,0.24439609486136038,0.0
8,456.0,0.0,0.0
9,456.0,0.0,0.0
10,456.0,0.1098953218451344,0.0
11,456.0,0.036654996862536926,0.0
12,456.0,0.016894147054460684,0.0
13,456.0,0.044175955374236575,0.0
14,456.0,0.0,0.0
15,456.0,0.3798230028643197,0.0
16,456.0,0.025182171482053706,0.0
17,456.0,0.06056300921734681,0.0
18,456.0,0.0,0.0
19,456.0,0.03953133621792759,0.0
20,456.0,0.0,0.0
21,456.0,0.0,0.0
22,456.0,0.027231196491009357,0.0
23,456.0,0.0,0.0
24,456.0,0.0,0.0
25,456.0,11.288868312039988,11.11111111111111
26,456.0,0.0,0.0
27,456.0,0.09849676935959228,0.0
28,456.0,0.0,0.0
29,456.0,0.10099777059301762,0.0
30,456.0,0.0,0.0
31,456.0,0.026453623496888956,0.0
32,456.0,0.034999984450086674,0.0
33,456.0,0.018879124249515877,0.0
34,456.0,0.4566426239405761,0.0
35,456.0,0.0,0.0
36,456.0,0.1832615033885383,0.0
37,456.0,0.0,0.0
38,456.0,0.07205757573942972,0.0
39,456.0,15.607846488039751,11.11111111111111
40,456.0,21.779774308030905,11.11111111111111
41,456.0,0.1591447231726948,0.0
42,456.0,0.0,0.0
43,456.0,0.048463248106860424,0.0
44,456.0,0.0,0.0
45,456.0,0.15190047014366248,0.0
46,456.0,0.0,0.0
47,456.0,0.03021469769856866,0.0
48,456.0,0.0,0.0
49,456.0,0.0,0.0
50,456.0,0.19877227900169425,0.0
1,457.0,0.0,0.0
2,457.0,13.483112368289726,11.11111111111111
3,457.0,0.03208569178233822,0.0
4,457.0,0.1900698496728287,0.0
5,457.0,0.0,0.0
6,457.0,0.40567155962166224,0.0
7,457.0,0.2297259644855063,0.0
8,457.0,0.003649697246692729,0.0
9,457.0,0.0,0.0
10,457.0,0.0638731422540949,0.0
11,457.0,0.0,0.0
12,457.0,0.1439082066508537,0.0
13,457.0,0.2650875073156166,0.0
14,457.0,0.06787823682252547,0.0
15,457.0,0.030215419653639386,0.0
16,457.0,0.2280719273659898,0.0
17,457.0,0.0,0.0
18,457.0,0.1565802016018114,0.0
19,457.0,0.0,0.0
20,457.0,0.08814481048965239,0.0
21,457.0,0.1851733563020591,0.0
22,457.0,0.0014673919058444396,0.0
23,457.0,0.0,0.0
24,457.0,0.0,0.0
25,457.0,11.183446559768395,11.11111111111111
26,457.0,0.0,0.0
27,457.0,0.0,0.0
28,457.0,0.0,0.0
29,457.0,0.2377245358638147,0.0
30,457.0,0.05390311596065178,0.0
31,457.0,0.04567995212199383,0.0
32,457.0,0.0,0.0
33,457.0,0.0,0.0
34,457.0,0.0,0.0
35,457.0,0.007567552879729433,0.0
36,457.0,0.0,0.0
37,457.0,0.0,0.0
38,457.0,0.0,0.0
39,457.0,15.337534027564367,11.11111111111111
40,457.0,21.495620925669762,11.11111111111111
41,457.0,0.05703479117211263,0.0
42,457.0,0.13795596471955418,0.0
43,457.0,0.39842567861478273,0.0
44,457.0,0.07266013316708508,0.0
45,457.0,0.0,0.0
46,457.0,0.0,0.0
47,457.0,0.0,0.0
48,457.0,0.0,0.0
49,457.0,0.09958196865933844,0.0
50,457.0,0.30074417945777177,0.0
1,458.0,0.0,0.0
2,458.0,13.678154374497225,11.11111111111111
3,458.0,0.0,0.0
4,458.0,0.0,0.0
5,458.0,0.0,0.0
6,458.0,0.03334325681552819,0.0
7,458.0,0.16658736268223917,0.0
8,458.0,0.01516381891606089,0.0
9,458.0,0.04649504901027002,0.0
10,458.0,0.0,0.0
11,458.0,0.0,0.0
12,458.0,0.1925232017217572,0.0
13,458.0,0.0,0.0
14,458.0,0.11909400169778339,0.0
15,458.0,0.2613957137785514,0.0
16,458.0,0.0,0.0
17,458.0,0.01331260162601644,0.0
18,458.0,0.028146564280924435,0.0
19,458.0,0.0,0.0
20,458.0,0.0,0.0
21,458.0,0.0,0.0
22,458.0,0.44868171966546533,0.0
23,458.0,0.002057645026442456,0.0
24,458.0,0.0,0.0
25,458.0,10.44886763803277,11.11111111111111
26,458.0,0.0,0.0
27,458.0,0.1954210280685671,0.0
28,458.0,0.0,0.0
29,458.0,0.0,0.0
30,458.0,0.20199786339845127,0.0
31,458.0,0.03794060340354888,0.0
32,458.0,0.044914311797280115,0.0
33,458.0,0.26452866786774887,0.0
34,458.0,0.027710454967206366,0.0
35,458.0,0.0,0.0
36,458.0,0.0,0.0
37,458.0,0.46241039441885456,0.0
38,458.0,0.0,0.0
39,458.0,15.233835841066348,11.11111111111111
40,458.0,21.567715044795115,11.11111111111111
41,458.0,0.04768761845214653,0.0
42,458.0,0.24239446237053708,0.0
43,458.0,0.08933439955993416,0.0
44,458.0,0.0687625482126446,0.0
45,458.0,0.12992067952812614,0.0
46,458.0,0.0,0.0
47,458.0,0.16366813449105033,0.0
48,458.0,0.29387376317608493,0.0
49,458.0,0.0,0.0
50,458.0,0.02503142376651235,0.0
1,459.0,0.02798884019204506,0.0
2,459.0,13.703798481701718,11.11111111111111
3,459.0,0.0,0.0
4,459.0,0.09612973746160725,0.0
5,459.0,0.0,0.0
6,459.0,0.0,0.0
7,459.0,0.24187434961412857,0.0
8,459.0,0.0678895098148935,0.0
9,459.0,0.0,0.0
10,459.0,0.0,0.0
11,459.0,0.013915724546116559,0.0
12,459.0,0.13722165800182684,0.0
13,459.0,0.0,0.0
14,459.0,0.07184424540278933,0.0
15,459.0,0.0,0.0
16,459.0,0.0,0.0
17,459.0,0.14819593690934518,0.0
18,459.0,0.0,0.0
19,459.0,0.0,0.0
20,459.0,0.0,0.0
21,459.0,0.0,0.0
22,459.0,0.0,0.0
23,459.0,0.13080475366867517,0.0
24,459.0,0.00010254454199187801,0.0
25,459.0,11.011275022791553,11.11111111111111
26,459.0,0.0,0.0
27,459.0,0.14393602079562862,0.0
28,459.0,0.0,0.0
29,459.0,0.23564111839688828,0.0
30,459.0,0.0,0.0
31,459.0,0.009161219985441726,0.0
32,459.0,0.0,0.0
33,459.0,0.009305153438702973,0.0
34,459.0,0.26019117747677944,0.0
35,459.0,0.1592940146298456,0.0
36,459.0,0.1284009874409674,0.0
37,459.0,0.2727337525459448,0.0
38,459.0,0.0,0.0
39,459.0,15.012001107295845,11.11111111111111
40,459.0,21.0721092830306,11.11111111111111
41,459.0,0.012478266047677766,0.0
42,459.0,0.0,0.0
43,459.0,0.0,0.0
44,459.0,0.0,0.0
45,459.0,0.006941600241548218,0.0
46,459.0,0.0,0.0
47,459.0,0.0,0.0
48,459.0,0.03389587153192131,0.0
49,459.0,0.0,0.0
50,459.0,0.17784866920168918,0.0
1,460.0,0.0,0.0
2,460.0,13.943686641414015,11.11111111111111
3,460.0,0.0969843634668528,0.0
4,460.0,0.0987777612710995,0.0
5,460.0,0.0,0.0
6,460.0,0.12940057536091099,0.0
7,460.0,0.0,0.0
8,460.0,0.20109391787356534,0.0
9,460.0,0.0,0.0
10,460.0,0.0,0.0
11,460.0,0.0,0.0
12,460.0,0.29052180206272094,0.0
13,460.0,0.0,0.0
14,460.0,0.0,0.0
15,460.0,0.019455978909615368,0.0
16,460.0,0.1983258841376705,0.0
17,460.0,0.0,0.0
18,460.0,0.0,0.0
19,460.0,0.5409018798827077,0.0
20,460.0,0.0,0.0
21,460.0,0.0,0.0
22,460.0,0.25683877166496905,0.0
23,460.0,0.047306934225894715,0.0
24,460.0,0.0,0.0
25,460.0,10.892414862709591,11.11111111111111
26,460.0,0.0,0.0
27,460.0,0.28760394083187024,0.0
28,460.0,0.09102942944617709,0.0
29,460.0,0.14916974733462296,0.0
30,460.0,0.025650459212560928,0.0
31,460.0,0.0,0.0
32,460.0,0.06639090598562247,0.0
33,460.0,0.35815827802157196,0.0
34,460.0,0.0,0.0
35,460.0,0.0,0.0
36,460.0,0.2484697607540488,0.0
37,460.0,0.0,0.0
38,460.0,0.0,0.0
39,460.0,14.801389218607598,11.11111111111111
40,460.0,21.36936207380993,11.11111111111111
41,460.0,0.0,0.0
42,460.0,0.0,0.0
43,460.0,0.14198112660499396,0.0
44,460.0,0.0,0.0
45,460.0,0.21708138300197877,0.0
46,460.0,0.0,0.0
47,460.0,0.0,0.0
48,460.0,0.25980962802283714,0.0
49,460.0,0.0,0.0
50,460.0,0.1935977862311976,0.0
1,461.0,0.0,0.0
2,461.0,13.426199327214002,11.11111111111111
3,461.0,0.0,0.0
4,461.0,0.15312508392509527,0.0
5,461.0,0.0,0.0
6,461.0,0.0,0.0
7,461.0,0.06267470968680822,0.0
8,461.0,0.11365197346379241,0.0
9,461.0,0.05064166087049793,0.0
10,461.0,0.0016580103560734916,0.0
11,461.0,0.18564088022478464,0.0
12,461.0,0.0,0.0
13,461.0,0.1003244377855963,0.0
14,461.0,0.0,0.0
15,461.0,0.0,0.0
16,461.0,0.0,0.0
17,461.0,0.10915935254534825,0.0
18,461.0,0.0,0.0
19,461.0,0.32784672208953247,0.0
20,461.0,0.0,0.0
21,461.0,0.18596595820030093,0.0
22,461.0,0.28343978892115795,0.0
23,461.0,0.039952020303178126,0.0
24,461.0,0.0,0.0
25,461.0,10.64575284806484,11.11111111111111
26,461.0,0.020392627750402736,0.0
27,461.0,0.16346097719309527,0.0
28,461.0,0.029641704715451245,0.0
29,461.0,0.0,0.0
30,461.0,0.1370497902752903,0.0
31,461.0,0.0031149755784242172,0.0
32,461.0,0.043494679070965714,0.0
33,461.0,0.0,0.0
34,461.0,0.28699218691407125,0.0
35,461.0,0.04681913146029637,0.0
36,461.0,0.09291457749516685,0.0
37,461.0,0.0,0.0
38,461.0,0.0734550034128113,0.0
39,461.0,14.67674734313826,11.11111111111111
40,461.0,21.263395661283045,11.11111111111111
41,461.0,0.0,0.0
42,461.0,0.0,0.0
43,461.0,0.0,0.0
44,461.0,0.0,0.0
45,461.0,0.12849260650271865,0.0
46,461.0,0.037525794029968806,0.0
47,461.0,0.0,0.0
48,461.0,0.0,0.0
49,461.0,0.0,0.0
50,461.0,0.0,0.0
1,462.0,0.15353497229856794,0.0
2,462.0,12.915437715726837,11.11111111111111
3,462.0,0.0,0.0
4,462.0,0.0,0.0
5,462.0,0.0,0.0
6,462.0,0.0,0.0
7,462.0,0.0,0.0
8,462.0,0.0664302870716359,0.0
9,462.0,0.0871390246100543,0.0
10,462.0,0.0,0.0
11,462.0,0.0,0.0
12,462.0,0.0,0.0
13,462.0,0.12458295419832754,0.0
14,462.0,0.0,0.0
15,462.0,0.0,0.0
16,462.0,0.0,0.0
17,462.0,0.0,0.0
18,462.0,0.2382756540169515,0.0
19,462.0,0.06747666606693226,0.0
20,462.0,0.0,0.0
21,462.0,0.1250574732836811,0.0
22,462.0,0.0,0.0
23,462.0,0.0,0.0
24,462.0,0.007568235688486413,0.0
25,462.0,10.766295389259072,11.11111111111111
26,462.0,0.37898889433654737,0.0
27,462.0,0.16663050450350647,0.0
28,462.0,0.2517455901480793,0.0
29,462.0,0.053188022933171264,0.0
30,462.0,0.0,0.0
31,462.0,0.023642239200575843,0.0
32,462.0,0.03257874361180946,0.0
33,462.0,0.0,0.0
34,462.0,0.061040193435709655,0.0
35,462.0,0.04540085624761003,0.0
36,462.0,0.0,0.0
37,462.0,0.07653438886636188,0.0
38,462.0,0.0,0.0
39,462.0,14.248890332894966,11.11111111111111
40,462.0,21.398438476712798,11.11111111111111
41,462.0,0.03360035017758822,0.0
42,462.0,0.05569250219288768,0.0
43,462.0,0.0,0.0
44,462.0,0.0,0.0
45,462.0,0.0,0.0
46,462.0,0.0,0.0
47,462.0,0.1039005946967152,0.0
48,462.0,0.0,0.0
49,462.0,0.258939143222502,0.0
50,462.0,0.02606438616678175,0.0
1,463.0,0.0,0.0
2,463.0,13.44716539708239,11.11111111111111
3,463.0,0.012845359894582686,0.0
4,463.0,0.0,0.0
5,463.0,0.0,0.0
6,463.0,0.0,0.0
7,463.0,0.0,0.0
8,463.0,0.0,0.0
9,463.0,0.0,0.0
10,463.0,0.0,0.0
11,463.0,0.002180940854961455,0.0
12,463.0,0.0,0.0
13,463.0,0.22660785291944885,0.0
14,463.0,0.0,0.0
15,463.0,0.004032533821765272,0.0
16,463.0,0.13456418286300453,0.0
17,463.0,0.07307692093635376,0.0
18,463.0,0.0,0.0
19,463.0,0.020293401331651917,0.0
20,463.0,0.0,0.0
21,463.0,0.13516172471638355,0.0
22,463.0,0.0,0.0
23,463.0,0.0,0.0
24,463.0,0.08617916893664146,0.0
25,463.0,10.649950774955677,11.11111111111111
26,463.0,0.0,0.0
27,463.0,0.1663071116555045,0.0
28,463.0,0.32755725623048326,0.0
29,463.0,0.0,0.0
30,463.0,0.0,0.0
31,463.0,0.0,0.0
32,463.0,0.10801166392996442,0.0
33,463.0,0.24063820859442864,0.0
34,463.0,0.24870481898227303,0.0
35,463.0,0.0,0.0
36,463.0,0.1467137860686325,0.0
37,463.0,0.0,0.0
38,463.0,0.11737011871153669,0.0
39,463.0,13.61139093215814,11.11111111111111
40,463.0,21.9740828421978,11.11111111111111
41,463.0,0.0,0.0
42,463.0,0.0,0.0
43,463.0,0.0,0.0
44,463.0,0.0,0.0
45,463.0,0.28413062300074976,0.0
46,463.0,0.20758272086560758,0.0
47,463.0,0.304923674353764,0.0
48,463.0,0.1787532596806829,0.0
49,463.0,0.053708645850776726,0.0
50,463.0,0.0,0.0
1,464.0,0.0,0.0
2,464.0,13.344572913144967,11.11111111111111
3,464.0,0.08075577164422265,0.0
4,464.0,0.0,0.0
5,464.0,0.0,0.0
6,464.0,0.06109620190251763,0.0
7,464.0,0.0,0.0
8,464.0,0.10382647654363375,0.0
9,464.0,0.04333680102867965,0.0
10,464.0,0.0399083562379805,0.0
11,464.0,0.2022973540657348,0.0
12,464.0,0.17434657581415314,0.0
13,464.0,0.3464801184821519,0.0
14,464.0,0.0,0.0
15,464.0,0.13725622357960265,0.0
16,464.0,0.004216347595845327,0.0
17,464.0,0.07506966370247636,0.0
18,464.0,0.0,0.0
19,464.0,0.29679794823201955,0.0
20,464.0,0.3888681337508605,0.0
21,464.0,0.10618981904175029,0.0
22,464.0,0.0,0.0
23,464.0,0.0,0.0
24,464.0,0.1562533300879828,0.0
25,464.0,10.6639112106724,11.11111111111111
26,464.0,0.0,0.0
27,464.0,0.0,0.0
28,464.0,0.0,0.0
29,464.0,0.26145976868575793,0.0
30,464.0,0.0,0.0
31,464.0,0.0,0.0
32,464.0,0.0,0.0
33,464.0,0.1894342771630021,0.0
34,464.0,0.3469679126654791,0.0
35,464.0,0.021131187968320586,0.0
36,464.0,0.0,0.0
37,464.0,0.0,0.0
38,464.0,0.19971395238608092,0.0
39,464.0,14.205138757932463,11.11111111111111
40,464.0,21.974015640913887,11.11111111111111
41,464.0,0.09408837634304323,0.0
42,464.0,0.22333970852112195,0.0
43,464.0,0.06316906191684846,0.0
44,464.0,0.0,0.0
45,464.0,0.0,0.0
46,464.0,0.4740081534659002,0.0
47,464.0,0.10201662985903048,0.0
48,464.0,0.39230106258306807,0.0
49,464.0,0.06943423027730689,0.0
50,464.0,0.11319194357418172,0.0
1,465.0,0.10966149297747951,0.0
2,465.0,13.360690296268926,11.11111111111111
3,465.0,0.16807558516632704,0.0
4,465.0,0.2202466588888038,0.0
5,465.0,0.08668741999852636,0.0
6,465.0,0.0,0.0
7,465.0,0.0,0.0
8,465.0,0.14249222968388775,0.0
9,465.0,0.2586742977328996,0.0
10,465.0,0.0,0.0
11,465.0,0.0,0.0
12,465.0,0.0,0.0
13,465.0,0.0,0.0
14,465.0,0.0,0.0
15,465.0,0.0,0.0
16,465.0,0.1065494835650943,0.0
17,465.0,0.035215124728136704,0.0
18,465.0,0.041868823299268776,0.0
19,465.0,0.0,0.0
20,465.0,0.10481475154534747,0.0
21,465.0,0.23061643216521222,0.0
22,465.0,0.0,0.0
23,465.0,0.0,0.0
24,465.0,0.0,0.0
25,465.0,10.27985066006281,11.11111111111111
26,465.0,0.4521692374799312,0.0
27,465.0,0.29248768182750473,0.0
28,465.0,0.058829683344448935,0.0
29,465.0,0.0,0.0
30,465.0,0.107953618460222,0.0
31,465.0,0.1167474202392701,0.0
32,465.0,0.0,0.0
33,465.0,0.0726883639823751,0.0
34,465.0,0.1894370434714021,0.0
35,465.0,0.2991619566093676,0.0
36,465.0,0.049942972448878464,0.0
37,465.0,0.0,0.0
38,465.0,0.0,0.0
39,465.0,13.85653997296961,11.11111111111111
40,465.0,22.093087547678767,11.11111111111111
41,465.0,0.12263942458765642,0.0
42,465.0,0.0599247911193963,0.0
43,465.0,0.057794646986579656,0.0
44,465.0,0.0,0.0
45,465.0,0.0,0.0
46,465.0,0.0,0.0
47,465.0,0.0,0.0
48,465.0,0.0,0.0
49,465.0,0.0,0.0
50,465.0,0.0,0.0
1,466.0,0.059831677560210905,0.0
2,466.0,13.236968224795035,11.11111111111111
3,466.0,0.032097181016036536,0.0
4,466.0,0.0,0.0
5,466.0,0.16140359567843587,0.0
6,466.0,0.07563748240149892,0.0
7,466.0,0.0,0.0
8,466.0,0.0,0.0
9,466.0,0.0,0.0
10,466.0,0.37425518341413977,0.0
11,466.0,0.014465990102862314,0.0
12,466.0,0.0,0.0
13,466.0,0.0,0.0
14,466.0,0.0,0.0
15,466.0,0.06059998626253482,0.0
16,466.0,0.09613571877264893,0.0
17,466.0,0.3623991604076696,0.0
18,466.0,0.0,0.0
19,466.0,0.022406633405912757,0.0
20,466.0,0.2395233517252663,0.0
21,466.0,0.014573007788597936,0.0
22,466.0,0.0,0.0
23,466.0,0.0,0.0
24,466.0,0.21204435614055095,0.0
25,466.0,10.268730283763256,11.11111111111111
26,466.0,0.08458127729478837,0.0
27,466.0,0.29346922416073584,0.0
28,466.0,0.10089055602076735,0.0
29,466.0,0.0,0.0
30,466.0,0.0,0.0
31,466.0,0.0,0.0
32,466.0,0.050429180930417816,0.0
33,466.0,0.215123368121796,0.0
34,466.0,0.0,0.0
35,466.0,0.05318997595000807,0.0
36,466.0,0.10303241335513424,0.0
37,466.0,0.0,0.0
38,466.0,0.11667340841152218,0.0
39,466.0,14.122902364084371,11.11111111111111
40,466.0,21.9842622557397,11.11111111111111
41,466.0,0.0,0.0
42,466.0,0.0,0.0
43,466.0,0.11701381537518851,0.0
44,466.0,0.08469685704339114,0.0
45,466.0,0.0,0.0
46,466.0,0.3467618403951924,0.0
47,466.0,0.02038647419294326,0.0
48,466.0,0.0,0.0
49,466.0,0.0,0.0
50,466.0,0.3187768696680543,0.0
1,467.0,0.06225060635166901,0.0
2,467.0,12.747484713678789,11.11111111111111
3,467.0,0.07645486988470018,0.0
4,467.0,0.0,0.0
5,467.0,0.11865818217424362,0.0
6,467.0,0.0,0.0
7,467.0,0.1783796628822366,0.0
8,467.0,0.28748973225960284,0.0
9,467.0,0.2985023134562922,0.0
10,467.0,0.10057012358814355,0.0
11,467.0,0.09830167145265167,0.0
12,467.0,0.0,0.0
13,467.0,0.1430091792724585,0.0
14,467.0,0.10389357298801727,0.0
15,467.0,0.1301801219455887,0.0
16,467.0,0.01947594498087213,0.0
17,467.0,0.0879196177541971,0.0
18,467.0,0.0,0.0
19,467.0,0.15465923211202692,0.0
20,467.0,0.0,0.0
21,467.0,0.0,0.0
22,467.0,0.08609472713961974,0.0
23,467.0,0.0,0.0
24,467.0,0.0944928042112414,0.0
25,467.0,10.471659257357224,11.11111111111111
26,467.0,0.0,0.0
27,467.0,0.0,0.0
28,467.0,0.0,0.0
29,467.0,0.0,0.0
30,467.0,0.0,0.0
31,467.0,0.004153104989438994,0.0
32,467.0,0.0,0.0
33,467.0,0.0,0.0
34,467.0,0.13763937949792238,0.0
35,467.0,0.18785279841150893,0.0
36,467.0,0.0,0.0
37,467.0,0.0,0.0
38,467.0,0.0,0.0
39,467.0,14.464144241276422,11.11111111111111
40,467.0,21.75546724764235,11.11111111111111
41,467.0,0.23194129870667446,0.0
42,467.0,0.0,0.0
43,467.0,0.0,0.0
44,467.0,0.0,0.0
45,467.0,0.0,0.0
46,467.0,0.0,0.0
47,467.0,0.11557909617230477,0.0
48,467.0,0.0,0.0
49,467.0,0.0,0.0
50,467.0,0.0,0.0
1,468.0,0.0,0.0
2,468.0,13.053556701418282,11.11111111111111
3,468.0,0.0,0.0
4,468.0,0.0,0.0
5,468.0,0.07396095232273048,0.0
6,468.0,0.0,0.0
7,468.0,0.0,0.0
8,468.0,0.2206530185697969,0.0
9,468.0,0.14958525181116777,0.0
10,468.0,0.0,0.0
11,468.0,0.09869783732271453,0.0
12,468.0,0.0,0.0
13,468.0,0.0,0.0
14,468.0,0.15347541536553366,0.0
15,468.0,0.22486781511754694,0.0
16,468.0,0.0,0.0
17,468.0,0.02208800231468977,0.0
18,468.0,0.0,0.0
19,468.0,0.0033434005979169346,0.0
20,468.0,0.025623379618817888,0.0
21,468.0,0.0,0.0
22,468.0,0.0,0.0
23,468.0,0.0,0.0
24,468.0,0.0,0.0
25,468.0,10.156000608689338,11.11111111111111
26,468.0,0.010788664837252715,0.0
27,468.0,0.0,0.0
28,468.0,0.020145716278139547,0.0
29,468.0,0.09442843851634641,0.0
30,468.0,0.0,0.0
31,468.0,0.0,0.0
32,468.0,0.0,0.0
33,468.0,0.0,0.0
34,468.0,0.23908646635175246,0.0
35,468.0,0.0,0.0
36,468.0,0.0,0.0
37,468.0,0.08023366241984431,0.0
38,468.0,0.0,0.0
39,468.0,14.050581479779177,11.11111111111111
40,468.0,21.755339546343528,11.11111111111111
41,468.0,0.3674899792538052,0.0
42,468.0,0.0,0.0
43,468.0,0.10696364764364363,0.0
44,468.0,0.11593972680233955,0.0
45,468.0,0.03851631665469257,0.0
46,468.0,0.022233124509260405,0.0
47,468.0,0.0727628064408109,0.0
48,468.0,0.4224242430149996,0.0
49,468.0,0.0,0.0
50,468.0,0.062011054994035364,0.0
1,469.0,0.025069623145414943,0.0
2,469.0,12.98752643019294,11.11111111111111
3,469.0,0.0,0.0
4,469.0,0.09320570909745662,0.0
5,469.0,0.0,0.0
6,469.0,0.18103633258838236,0.0
7,469.0,0.0,0.0
8,469.0,0.0,0.0
9,469.0,0.018335504616888598,0.0
10,469.0,0.0,0.0
11,469.0,0.0,0.0
12,469.0,0.040103140903056,0.0
13,469.0,0.11354880268403533,0.0
14,469.0,0.29845800060408123,0.0
15,469.0,0.017525227612090855,0.0
16,469.0,0.07768220396030545,0.0
17,469.0,0.09439510428921993,0.0
18,469.0,0.30512337655576693,0.0
19,469.0,0.0,0.0
20,469.0,0.0,0.0
21,469.0,0.25994921714815433,0.0
22,469.0,0.0,0.0
23,469.0,0.04081435514708087,0.0
24,469.0,0.13048267996314766,0.0
25,469.0,10.288484375564199,11.11111111111111
26,469.0,0.04840889686085126,0.0
27,469.0,0.11877405333621693,0.0
28,469.0,0.19621744153539955,0.0
29,469.0,0.10463262521993633,0.0
30,469.0,0.04580928049458166,0.0
31,469.0,0.10168717954023243,0.0
32,469.0,0.0,0.0
33,469.0,0.0,0.0
34,469.0,0.0,0.0
35,469.0,0.0,0.0
36,469.0,0.1345667179059924,0.0
37,469.0,0.0301691307601617,0.0
38,469.0,0.0,0.0
39,469.0,14.196304365751356,11.11111111111111
40,469.0,22.202520433827647,11.11111111111111
41,469.0,0.0,0.0
42,469.0,0.0,0.0
43,469.0,0.0,0.0
44,469.0,0.0,0.0
45,469.0,0.0999350035684412,0.0
46,469.0,0.01625781933341186,0.0
47,469.0,0.0818579831940408,0.0
48,469.0,0.23135064575806585,0.0
49,469.0,0.0,0.0
50,469.0,0.2225008897444053,0.0
1,470.0,0.2470249564357201,0.0
2,470.0,12.535841512133398,11.11111111111111
3,470.0,0.18749056668115993,0.0
4,470.0,0.0,0.0
5,470.0,0.0,0.0
6,470.0,0.0,0.0
7,470.0,0.0,0.0
8,470.0,0.2397976644783213,0.0
9,470.0,0.0,0.0
10,470.0,0.09659220330652352,0.0
11,470.0,0.40410132484102357,0.0
12,470.0,0.03511041683527383,0.0
13,470.0,0.07151099975823794,0.0
14,470.0,0.09415738330195311,0.0
15,470.0,0.0,0.0
16,470.0,0.0,0.0
17,470.0,0.0,0.0
18,470.0,0.039587511596248626,0.0
19,470.0,0.0,0.0
20,470.0,0.0,0.0
21,470.0,0.05287795553504804,0.0
22,470.0,0.0,0.0
23,470.0,0.06941439185723675,0.0
24,470.0,0.0,0.0
25,470.0,10.04327577050169,11.11111111111111
26,470.0,0.0,0.0
27,470.0,0.0,0.0
28,470.0,0.10779360570191687,0.0
29,470.0,0.0,0.0
30,470.0,0.0,0.0
31,470.0,0.0,0.0
32,470.0,0.11222011509241081,0.0
33,470.0,0.0,0.0
34,470.0,0.0,0.0
35,470.0,0.0,0.0
36,470.0,0.24507611697531884,0.0
37,470.0,0.0,0.0
38,470.0,0.0,0.0
39,470.0,13.902408092012294,11.11111111111111
40,470.0,21.96442664746166,11.11111111111111
41,470.0,0.0,0.0
42,470.0,0.26531334701914633,0.0
43,470.0,0.0,0.0
44,470.0,0.0,0.0
45,470.0,0.0,0.0
46,470.0,0.0,0.0
47,470.0,0.08035215617348201,0.0
48,470.0,0.028672319604653884,0.0
49,470.0,0.0,0.0
50,470.0,0.0,0.0
1,471.0,0.0,0.0
2,471.0,12.799865905593098,11.11111111111111
3,471.0,0.0595699454421893,0.0
4,471.0,0.0,0.0
5,471.0,0.0,0.0
6,471.0,0.11150054040226665,0.0
7,471.0,0.0,0.0
8,471.0,0.02129698775973876,0.0
9,471.0,0.0,0.0
10,471.0,0.0,0.0
11,471.0,0.0,0.0
12,471.0,0.22383163570789566,0.0
13,471.0,0.0,0.0
14,471.0,0.14219356945442507,0.0
15,471.0,0.010860645489791931,0.0
16,471.0,0.0,0.0
17,471.0,0.15768800072081335,0.0
18,471.0,0.0,0.0
19,471.0,0.0,0.0
20,471.0,0.12989381379951248,0.0
21,471.0,0.0,0.0
22,471.0,0.0,0.0
23,471.0,0.07548359298762553,0.0
24,471.0,0.08885999984789494,0.0
25,471.0,9.74285569257804,11.11111111111111
26,471.0,0.0,0.0
27,471.0,0.0849286789063205,0.0
28,471.0,0.0,0.0
29,471.0,0.26055281221869653,0.0
30,471.0,0.044607360926893436,0.0
31,471.0,0.0,0.0
32,471.0,0.29085124217641,0.0
33,471.0,0.0,0.0
34,471.0,0.0,0.0
35,471.0,0.0,0.0
36,471.0,0.23472719087681193,0.0
37,471.0,0.042132426253617794,0.0
38,471.0,0.15007948091202705,0.0
39,471.0,14.03845117346336,11.11111111111111
40,471.0,21.72689710314279,11.11111111111111
41,471.0,0.0,0.0
42,471.0,0.01865670278489784,0.0
43,471.0,0.27441750147206356,0.0
44,471.0,0.0,0.0
45,471.0,0.021790833169740065,0.0
46,471.0,0.0,0.0
47,471.0,0.0,0.0
48,471.0,0.23764647003327466,0.0
49,471.0,0.0,0.0
50,471.0,0.028152425201714015,0.0
1,472.0,0.0,0.0
2,472.0,12.384584929169867,11.11111111111111
3,472.0,0.0,0.0
4,472.0,0.162935999041532,0.0
5,472.0,0.03601410768993085,0.0
6,472.0,0.17181170704041482,0.0
7,472.0,0.2934353761873181,0.0
8,472.0,0.0,0.0
9,472.0,0.11311504181014431,0.0
10,472.0,0.0,0.0
11,472.0,0.28233126782953943,0.0
12,472.0,0.0,0.0
13,472.0,0.07484957893525457,0.0
14,472.0,0.07487012183307507,0.0
15,472.0,0.0,0.0
16,472.0,0.18841473585675272,0.0
17,472.0,0.19534628702507806,0.0
18,472.0,0.0,0.0
19,472.0,0.17161754132002127,0.0
20,472.0,0.20906935424551465,0.0
21,472.0,0.0,0.0
22,472.0,0.0,0.0
23,472.0,0.2857583250305097,0.0
24,472.0,0.06908985588763727,0.0
25,472.0,9.401441263033584,11.11111111111111
26,472.0,0.013894009022671017,0.0
27,472.0,0.0,0.0
28,472.0,0.014187645354432066,0.0
29,472.0,0.11468521708110824,0.0
30,472.0,0.0,0.0
31,472.0,0.07611126582699579,0.0
32,472.0,0.0,0.0
33,472.0,0.4039525566087345,0.0
34,472.0,0.05687744793793592,0.0
35,472.0,0.10084285949652949,0.0
36,472.0,0.12735261657118402,0.0
37,472.0,0.16102447026101074,0.0
38,472.0,0.3808549570372457,0.0
39,472.0,13.560261371635356,11.11111111111111
40,472.0,21.605148143369437,11.11111111111111
41,472.0,0.1555444825910306,0.0
42,472.0,0.0,0.0
43,472.0,0.0,0.0
44,472.0,0.0,0.0
45,472.0,0.3877621019440134,0.0
46,472.0,0.17908902830419582,0.0
47,472.0,0.013756493648421686,0.0
48,472.0,0.0,0.0
49,472.0,0.11574174559493178,0.0
50,472.0,0.19399490842717604,0.0
1,473.0,0.2371062788768129,0.0
2,473.0,12.48816445221823,11.11111111111111
3,473.0,0.09508841865645046,0.0
4,473.0,0.0,0.0
5,473.0,0.030207474958214853,0.0
6,473.0,0.0,0.0
7,473.0,0.0319030532545761,0.0
8,473.0,0.030387731534067375,0.0
9,473.0,0.0,0.0
10,473.0,0.13835849959395097,0.0
11,473.0,0.2135221049651016,0.0
12,473.0,0.0,0.0
13,473.0,0.0462567706057454,0.0
14,473.0,0.032232055633444,0.0
15,473.0,0.0,0.0
16,473.0,0.0,0.0
17,473.0,0.0,0.0
18,473.0,0.0,0.0
19,473.0,0.1854598823964837,0.0
20,473.0,0.0,0.0
21,473.0,0.18145466787332398,0.0
22,473.0,0.036133627439147054,0.0
23,473.0,0.0,0.0
24,473.0,0.034799066653572464,0.0
25,473.0,9.458132569369887,11.11111111111111
26,473.0,0.0,0.0
27,473.0,0.10276802763824255,0.0
28,473.0,0.0,0.0
29,473.0,0.0,0.0
30,473.0,0.034191683840077536,0.0
31,473.0,0.0,0.0
32,473.0,0.0,0.0
33,473.0,0.22093140784041676,0.0
34,473.0,0.0,0.0
35,473.0,0.009698735689888438,0.0
36,473.0,0.0,0.0
37,473.0,0.34842305314112954,0.0
38,473.0,0.029732493062023635,0.0
39,473.0,13.716808027932668,11.11111111111111
40,473.0,21.7052536901302,11.11111111111111
41,473.0,0.005681011597696295,0.0
42,473.0,0.0,0.0
43,473.0,0.0660239758409229,0.0
44,473.0,0.14279437779702775,0.0
45,473.0,0.14189856345532137,0.0
46,473.0,0.0,0.0
47,473.0,0.0,0.0
48,473.0,0.17086984635973457,0.0
49,473.0,0.6894759356393205,0.0
50,473.0,0.13519501077089546,0.0
1,474.0,0.0,0.0
2,474.0,11.933147626154083,11.11111111111111
3,474.0,0.06378293758785458,0.0
4,474.0,0.0,0.0
5,474.0,0.0,0.0
6,474.0,0.0,0.0
7,474.0,0.0,0.0
8,474.0,0.016187202619600605,0.0
9,474.0,0.0,0.0
10,474.0,0.0,0.0
11,474.0,0.0,0.0
12,474.0,0.0,0.0
13,474.0,0.05904180620237531,0.0
14,474.0,0.2251241151760247,0.0
15,474.0,0.20966335424368088,0.0
16,474.0,0.017562439167157384,0.0
17,474.0,0.03934403517472884,0.0
18,474.0,0.13450163580494445,0.0
19,474.0,0.0,0.0
20,474.0,0.0,0.0
21,474.0,0.0,0.0
22,474.0,0.0,0.0
23,474.0,0.462189330194383,0.0
24,474.0,0.024390454408743323,0.0
25,474.0,9.947321198719646,11.11111111111111
26,474.0,0.14192427349812553,0.0
27,474.0,0.0,0.0
28,474.0,0.0,0.0
29,474.0,0.0,0.0
30,474.0,0.0,0.0
31,474.0,0.45916019474147607,0.0
32,474.0,0.0,0.0
33,474.0,0.0,0.0
34,474.0,0.0,0.0
35,474.0,0.03289761594691176,0.0
36,474.0,0.06285795819928353,0.0
37,474.0,0.006560739511410452,0.0
38,474.0,0.0,0.0
39,474.0,14.142884313275673,11.11111111111111
40,474.0,21.754588672693174,11.11111111111111
41,474.0,0.17923555960648896,0.0
42,474.0,0.05501668725632092,0.0
43,474.0,0.0,0.0
44,474.0,0.02432114292062426,0.0
45,474.0,0.025745894722074558,0.0
46,474.0,0.0018771759777208574,0.0
47,474.0,0.0,0.0
48,474.0,0.027604645531756233,0.0
49,474.0,0.018924995826647306,0.0
50,474.0,0.0,0.0
1,475.0,0.0,0.0
2,475.0,11.853564985340457,11.11111111111111
3,475.0,0.0,0.0
4,475.0,0.0,0.0
5,475.0,0.0,0.0
6,475.0,0.0,0.0
7,475.0,0.0,0.0
8,475.0,0.0,0.0
9,475.0,0.01648715219834873,0.0
10,475.0,0.08459480835716549,0.0
11,475.0,0.0,0.0
12,475.0,0.0,0.0
13,475.0,0.12492193597456014,0.0
14,475.0,0.10447285348277047,0.0
15,475.0,0.2436532530340123,0.0
16,475.0,0.03631275524302002,0.0
17,475.0,0.03405349220215048,0.0
18,475.0,0.0,0.0
19,475.0,0.0,0.0
20,475.0,0.0,0.0
21,475.0,0.0,0.0
22,475.0,0.16511016786162525,0.0
23,475.0,0.2148383269903591,0.0
24,475.0,0.0,0.0
25,475.0,9.899377643072913,11.11111111111111
26,475.0,0.12425592182461487,0.0
27,475.0,0.0,0.0
28,475.0,0.024860492450695437,0.0
29,475.0,0.0,0.0
30,475.0,0.0,0.0
31,475.0,0.1632964728577091,0.0
32,475.0,0.0,0.0
33,475.0,0.0,0.0
34,475.0,0.0,0.0
35,475.0,0.13192806320710915,0.0
36,475.0,0.0,0.0
37,475.0,0.12171836058782737,0.0
38,475.0,0.026463216404502332,0.0
39,475.0,14.351125341963051,11.11111111111111
40,475.0,21.953313432676744,11.11111111111111
41,475.0,0.09199326968974653,0.0
42,475.0,0.0,0.0
43,475.0,0.38256345232651034,0.0
44,475.0,0.06901027887858535,0.0
45,475.0,0.0,0.0
46,475.0,0.0,0.0
47,475.0,0.05906575054852059,0.0
48,475.0,0.1932948019723244,0.0
49,475.0,0.08656145263538184,0.0
50,475.0,0.00871989767490211,0.0
1,476.0,0.0,0.0
2,476.0,12.218912508850707,11.11111111111111
3,476.0,0.0,0.0
4,476.0,0.0,0.0
5,476.0,0.00815898292760775,0.0
6,476.0,0.10062358041835917,0.0
7,476.0,0.114227993475563,0.0
8,476.0,0.0,0.0
9,476.0,0.0,0.0
10,476.0,0.1928607448116172,0.0
11,476.0,0.0,0.0
12,476.0,0.0,0.0
13,476.0,0.0,0.0
14,476.0,0.0,0.0
15,476.0,0.0,0.0
16,476.0,0.0,0.0
17,476.0,0.20969829509531102,0.0
18,476.0,0.3332648771504392,0.0
19,476.0,0.0,0.0
20,476.0,0.0,0.0
21,476.0,0.05833640411842811,0.0
22,476.0,0.1572631276039601,0.0
23,476.0,0.0,0.0
24,476.0,0.0,0.0
25,476.0,9.67607463090797,11.11111111111111
26,476.0,0.0,0.0
27,476.0,0.0,0.0
28,476.0,0.3203922782536285,0.0
29,476.0,0.0,0.0
30,476.0,0.0,0.0
31,476.0,0.16130326519990368,0.0
32,476.0,0.0,0.0
33,476.0,0.19883644224668995,0.0
34,476.0,0.03617515065944399,0.0
35,476.0,0.15453768002912982,0.0
36,476.0,0.0,0.0
37,476.0,0.0,0.0
38,476.0,0.1257652398154877,0.0
39,476.0,14.197292039893707,11.11111111111111
40,476.0,22.109972456589666,11.11111111111111
41,476.0,0.0898898208054637,0.0
42,476.0,0.03202616748916387,0.0
43,476.0,0.10174104836406528,0.0
44,476.0,0.013382380496398838,0.0
45,476.0,0.0,0.0
46,476.0,0.044197531737746654,0.0
47,476.0,0.0,0.0
48,476.0,0.1036712927827167,0.0
49,476.0,0.4475667622263272,0.0
50,476.0,0.0,0.0
1,477.0,0.0,0.0
2,477.0,12.394852380815466,11.11111111111111
3,477.0,0.0,0.0
4,477.0,0.06144899735934051,0.0
5,477.0,0.0,0.0
6,477.0,0.015597473116748972,0.0
7,477.0,0.18386005064545274,0.0
8,477.0,0.0,0.0
9,477.0,0.0,0.0
10,477.0,0.0,0.0
11,477.0,0.0,0.0
12,477.0,0.0,0.0
13,477.0,0.0,0.0
14,477.0,0.1943606818981991,0.0
15,477.0,0.0848874957475434,0.0
16,477.0,0.022123919407212478,0.0
17,477.0,0.0,0.0
18,477.0,0.059614561206996264,0.0
19,477.0,0.0,0.0
20,477.0,0.11576648545158219,0.0
21,477.0,0.0,0.0
22,477.0,0.0,0.0
23,477.0,0.0008810216060437526,0.0
24,477.0,0.0,0.0
25,477.0,9.931254552098954,11.11111111111111
26,477.0,0.0,0.0
27,477.0,0.0,0.0
28,477.0,0.09562725112230996,0.0
29,477.0,0.0,0.0
30,477.0,0.22931912691837975,0.0
31,477.0,0.22509209493846238,0.0
32,477.0,0.1294374800911512,0.0
33,477.0,0.1737269669149485,0.0
34,477.0,0.0,0.0
35,477.0,0.08754180751828011,0.0
36,477.0,0.0,0.0
37,477.0,0.0,0.0
38,477.0,0.0,0.0
39,477.0,14.374027171591363,11.11111111111111
40,477.0,22.115986771771446,11.11111111111111
41,477.0,0.0,0.0
42,477.0,0.16801302706591725,0.0
43,477.0,0.11666290736883267,0.0
44,477.0,0.0,0.0
45,477.0,0.0,0.0
46,477.0,0.11345768405818779,0.0
47,477.0,0.08483918873896312,0.0
48,477.0,0.18313116398015727,0.0
49,477.0,0.0,0.0
50,477.0,0.08620382830309914,0.0
1,478.0,0.014413546518344145,0.0
2,478.0,12.720277751862426,11.11111111111111
3,478.0,0.035593241042400026,0.0
4,478.0,0.0,0.0
5,478.0,0.17148046713907428,0.0
6,478.0,0.0,0.0
7,478.0,0.12143844118087566,0.0
8,478.0,0.0,0.0
9,478.0,0.0,0.0
10,478.0,0.0,0.0
11,478.0,0.0,0.0
12,478.0,0.07286027415808416,0.0
13,478.0,0.1075664259685728,0.0
14,478.0,0.07558254048935564,0.0
15,478.0,0.05090357190709638,0.0
16,478.0,0.3052026519148723,0.0
17,478.0,0.0,0.0
18,478.0,0.03970683221698068,0.0
19,478.0,0.1815070040756911,0.0
20,478.0,0.0,0.0
21,478.0,0.017408275899490122,0.0
22,478.0,0.0,0.0
23,478.0,0.0,0.0
24,478.0,0.06012480150702271,0.0
25,478.0,10.033548989169276,11.11111111111111
26,478.0,0.4686438306850861,0.0
27,478.0,0.0,0.0
28,478.0,0.0,0.0
29,478.0,0.0,0.0
30,478.0,0.0,0.0
31,478.0,0.0,0.0
32,478.0,0.07889383646133452,0.0
33,478.0,0.002959154657740437,0.0
34,478.0,0.0,0.0
35,478.0,0.029067936070698353,0.0
36,478.0,0.20425542038356015,0.0
37,478.0,0.19028414063731203,0.0
38,478.0,0.12367594428631956,0.0
39,478.0,14.113283624836907,11.11111111111111
40,478.0,22.315827411203934,11.11111111111111
41,478.0,0.3091032919636447,0.0
42,478.0,0.1672805304097036,0.0
43,478.0,0.0,0.0
44,478.0,0.0,0.0
45,478.0,0.0,0.0
46,478.0,0.07758542572405869,0.0
47,478.0,0.3946279323354076,0.0
48,478.0,0.03574087124945691,0.0
49,478.0,0.0,0.0
50,478.0,0.0,0.0
1,479.0,0.0,0.0
2,479.0,12.693298589739083,11.11111111111111
3,479.0,0.0,0.0
4,479.0,0.0,0.0
5,479.0,0.0,0.0
6,479.0,0.0,0.0
7,479.0,0.0,0.0
8,479.0,0.0,0.0
9,479.0,0.06683451143304364,0.0
10,479.0,0.0,0.0
11,479.0,0.0,0.0
12,479.0,0.0,0.0
13,479.0,0.0,0.0
14,479.0,0.0,0.0
15,479.0,0.025536594458169026,0.0
16,479.0,0.15532756646290247,0.0
17,479.0,0.0,0.0
18,479.0,0.08920276448229059,0.0
19,479.0,0.3223322300120932,0.0
20,479.0,0.011345200223450314,0.0
21,479.0,0.0,0.0
22,479.0,0.07358847660557244,0.0
23,479.0,0.0,0.0
24,479.0,0.0,0.0
25,479.0,9.968343289227228,11.11111111111111
26,479.0,0.2750771004674013,0.0
27,479.0,0.43086830142135013,0.0
28,479.0,0.0,0.0
29,479.0,0.036052857362877444,0.0
30,479.0,0.008988312349398675,0.0
31,479.0,0.0,0.0
32,479.0,0.2148021343003378,0.0
33,479.0,0.0,0.0
34,479.0,0.0,0.0
35,479.0,0.0,0.0
36,479.0,0.37777295269416167,0.0
37,479.0,0.0,0.0
38,479.0,0.10415272941599718,0.0
39,479.0,14.38177531018464,11.11111111111111
40,479.0,22.16501853255652,11.11111111111111
41,479.0,0.0,0.0
42,479.0,0.11910252563264856,0.0
43,479.0,0.0,0.0
44,479.0,0.0,0.0
45,479.0,0.0,0.0
46,479.0,0.0,0.0
47,479.0,0.0,0.0
48,479.0,0.0,0.0
49,479.0,0.1434006482570216,0.0
50,479.0,0.0,0.0
1,480.0,0.2111738497103256,0.0
2,480.0,12.617135977039727,11.11111111111111
3,480.0,0.04568937692940367,0.0
4,480.0,0.11808394468728156,0.0
5,480.0,0.04972774603106889,0.0
6,480.0,0.0493455527711516,0.0
7,480.0,0.20908106726462516,0.0
8,480.0,0.0,0.0
9,480.0,0.19338283470642548,0.0
10,480.0,0.24517554325534352,0.0
11,480.0,0.09778534232202551,0.0
12,480.0,0.06831041811042893,0.0
13,480.0,0.06692087478652109,0.0
14,480.0,0.04936481437922802,0.0
15,480.0,0.0,0.0
16,480.0,0.0,0.0
17,480.0,0.0,0.0
18,480.0,0.0,0.0
19,480.0,0.09197643493382568,0.0
20,480.0,0.0,0.0
21,480.0,0.0,0.0
22,480.0,0.03559214650768927,0.0
23,480.0,0.0,0.0
24,480.0,0.24973281619373255,0.0
25,480.0,9.99152732542554,11.11111111111111
26,480.0,0.0,0.0
27,480.0,0.0,0.0
28,480.0,0.14661387097592926,0.0
29,480.0,0.0,0.0
30,480.0,0.0,0.0
31,480.0,0.18220152821270563,0.0
32,480.0,0.0,0.0
33,480.0,0.009346277910109002,0.0
34,480.0,0.0,0.0
35,480.0,0.14730826046911827,0.0
36,480.0,0.0,0.0
37,480.0,0.0,0.0
38,480.0,0.0,0.0
39,480.0,14.151255929316964,11.11111111111111
40,480.0,22.380958420396613,11.11111111111111
41,480.0,0.17042519045697535,0.0
42,480.0,0.0,0.0
43,480.0,0.07356923556457617,0.0
44,480.0,0.06064433476976416,0.0
45,480.0,0.0,0.0
46,480.0,0.10975760706628834,0.0
47,480.0,0.0,0.0
48,480.0,0.06344764373012757,0.0
49,480.0,0.0,0.0
50,480.0,0.07721716920615374,0.0
1,481.0,0.0,0.0
2,481.0,12.286844726826676,11.11111111111111
3,481.0,0.18268139071860556,0.0
4,481.0,0.12088938901166124,0.0
5,481.0,0.06520373903369792,0.0
6,481.0,0.0,0.0
7,481.0,0.0,0.0
8,481.0,0.0,0.0
9,481.0,0.0,0.0
10,481.0,0.03383717828052468,0.0
11,481.0,0.0,0.0
12,481.0,0.16160763517012144,0.0
13,481.0,0.26314264800798015,0.0
14,481.0,0.3713619685481392,0.0
15,481.0,0.09094805329458322,0.0
16,481.0,0.0,0.0
17,481.0,0.0,0.0
18,481.0,0.0,0.0
19,481.0,0.26540760236727245,0.0
20,481.0,0.15619583699830475,0.0
21,481.0,0.16719639445463708,0.0
22,481.0,0.0,0.0
23,481.0,0.06618630935099934,0.0
24,481.0,0.46643922154503736,0.0
25,481.0,9.988643837643082,11.11111111111111
26,481.0,0.1564392334704805,0.0
27,481.0,0.15984915977909153,0.0
28,481.0,0.027316740482383528,0.0
29,481.0,0.0,0.0
30,481.0,0.0,0.0
31,481.0,0.008217639953891354,0.0
32,481.0,0.04442512843633928,0.0
33,481.0,0.0,0.0
34,481.0,0.0,0.0
35,481.0,0.0,0.0
36,481.0,0.0604753505027088,0.0
37,481.0,0.16186960697722086,0.0
38,481.0,0.0,0.0
39,481.0,14.230679738554596,11.11111111111111
40,481.0,21.840006798119095,11.11111111111111
41,481.0,0.20928690616247236,0.0
42,481.0,0.0,0.0
43,481.0,0.0,0.0
44,481.0,0.0,0.0
45,481.0,0.09845001176677093,0.0
46,481.0,0.1858058964690582,0.0
47,481.0,0.04022368342922322,0.0
48,481.0,0.0,0.0
49,481.0,0.2180152343333438,0.0
50,481.0,0.11038970807569837,0.0
1,482.0,0.0,0.0
2,482.0,12.58647419055081,11.11111111111111
3,482.0,0.0,0.0
4,482.0,0.40879402437142875,0.0
5,482.0,0.0,0.0
6,482.0,0.0,0.0
7,482.0,0.02754366176295875,0.0
8,482.0,0.13067777954854165,0.0
9,482.0,0.0,0.0
10,482.0,0.0,0.0
11,482.0,0.0,0.0
12,482.0,0.0,0.0
13,482.0,0.1784881608472847,0.0
14,482.0,0.0,0.0
15,482.0,0.14837419184922074,0.0
16,482.0,0.0,0.0
17,482.0,0.0006683904216584491,0.0
18,482.0,0.2742681176885656,0.0
19,482.0,0.0,0.0
20,482.0,0.17692715932092484,0.0
21,482.0,0.13221385138981778,0.0
22,482.0,0.04752562831973883,0.0
23,482.0,0.0,0.0
24,482.0,0.023422598547466533,0.0
25,482.0,9.65114180821233,11.11111111111111
26,482.0,0.048700116837622986,0.0
27,482.0,0.012351067170715324,0.0
28,482.0,0.0,0.0
29,482.0,0.0,0.0
30,482.0,0.160913584974544,0.0
31,482.0,0.0,0.0
32,482.0,0.0,0.0
33,482.0,0.0030926830603154043,0.0
34,482.0,0.0574461191622776,0.0
35,482.0,0.24364124954001642,0.0
36,482.0,0.0,0.0
37,482.0,0.0,0.0
38,482.0,0.0,0.0
39,482.0,14.06869795929804,11.11111111111111
40,482.0,22.556361482465068,11.11111111111111
41,482.0,0.0,0.0
42,482.0,0.0,0.0
43,482.0,0.04107827457452784,0.0
44,482.0,0.0,0.0
45,482.0,0.23133888028957483,0.0
46,482.0,0.20294578459949186,0.0
47,482.0,0.0,0.0
48,482.0,0.0,0.0
49,482.0,0.0,0.0
50,482.0,0.2176425884059272,0.0
1,483.0,0.0,0.0
2,483.0,12.349924271574999,11.11111111111111
3,483.0,0.0,0.0
4,483.0,0.0,0.0
5,483.0,0.3459555115633419,0.0
6,483.0,0.0,0.0
7,483.0,0.0,0.0
8,483.0,0.16876252282100468,0.0
9,483.0,0.26264582871582187,0.0
10,483.0,0.0,0.0
11,483.0,0.04904696572240941,0.0
12,483.0,0.10846860195382402,0.0
13,483.0,0.0,0.0
14,483.0,0.13208755438351438,0.0
15,483.0,0.0,0.0
16,483.0,0.05413720904349861,0.0
17,483.0,0.011111899836312555,0.0
18,483.0,0.0,0.0
19,483.0,0.02728206994418425,0.0
20,483.0,0.0,0.0
21,483.0,0.1959505282526438,0.0
22,483.0,0.1714161291808466,0.0
23,483.0,0.0,0.0
24,483.0,0.05270265331813162,0.0
25,483.0,9.742436717813982,11.11111111111111
26,483.0,0.0,0.0
27,483.0,0.10699003932148787,0.0
28,483.0,0.060125027799926456,0.0
29,483.0,0.0,0.0
30,483.0,0.0643174916182655,0.0
31,483.0,0.0,0.0
32,483.0,0.0,0.0
33,483.0,0.0,0.0
34,483.0,0.0,0.0
35,483.0,0.0,0.0
36,483.0,0.371724216328135,0.0
37,483.0,0.061001951829248946,0.0
38,483.0,0.0,0.0
39,483.0,14.473741400457504,11.11111111111111
40,483.0,22.26091067322484,11.11111111111111
41,483.0,0.0,0.0
42,483.0,0.24428064354210566,0.0
43,483.0,0.0,0.0
44,483.0,0.09820878032597857,0.0
45,483.0,0.0,0.0
46,483.0,0.0052506649303039055,0.0
47,483.0,0.0,0.0
48,483.0,0.04690838155808308,0.0
49,483.0,0.0,0.0
50,483.0,0.1030356143066663,0.0
1,484.0,0.0,0.0
2,484.0,12.333577822093329,11.11111111111111
3,484.0,0.0,0.0
4,484.0,0.0,0.0
5,484.0,0.1568487150574459,0.0
6,484.0,0.023318947278329838,0.0
7,484.0,0.0,0.0
8,484.0,0.05757547019921139,0.0
9,484.0,0.06741070129085336,0.0
10,484.0,0.0,0.0
11,484.0,0.1497621795561479,0.0
12,484.0,0.0,0.0
13,484.0,0.33778123417798667,0.0
14,484.0,0.47090373223330284,0.0
15,484.0,0.25482636802852066,0.0
16,484.0,0.0,0.0
17,484.0,0.0,0.0
18,484.0,0.12246259792783942,0.0
19,484.0,0.10927187652625614,0.0
20,484.0,0.011690560330149924,0.0
21,484.0,0.3308916017734638,0.0
22,484.0,0.0,0.0
23,484.0,0.16291601861338756,0.0
24,484.0,0.0,0.0
25,484.0,9.900282547217978,11.11111111111111
26,484.0,0.0,0.0
27,484.0,0.0,0.0
28,484.0,0.0,0.0
29,484.0,0.0,0.0
30,484.0,0.08746339821369276,0.0
31,484.0,0.13548392920578645,0.0
32,484.0,0.0,0.0
33,484.0,0.0,0.0
34,484.0,0.09335996326245333,0.0
35,484.0,0.0,0.0
36,484.0,0.009067216396776656,0.0
37,484.0,0.02064558744093481,0.0
38,484.0,0.0,0.0
39,484.0,14.379531457170962,11.11111111111111
40,484.0,21.837438374523025,11.11111111111111
41,484.0,0.007849848016449945,0.0
42,484.0,0.0,0.0
43,484.0,0.0,0.0
44,484.0,0.09693705978771727,0.0
45,484.0,0.0,0.0
46,484.0,0.11104617534500694,0.0
47,484.0,0.06346638575053376,0.0
48,484.0,0.015272261536049103,0.0
49,484.0,0.0,0.0
50,484.0,0.4388975706981382,0.0
1,485.0,0.0,0.0
2,485.0,12.193033935619548,11.11111111111111
3,485.0,0.0,0.0
4,485.0,0.0,0.0
5,485.0,0.0,0.0
6,485.0,0.020465766449584644,0.0
7,485.0,0.048485641530151335,0.0
8,485.0,0.0,0.0
9,485.0,0.1389106550559953,0.0
10,485.0,0.02814871562860588,0.0
11,485.0,0.12015490653937899,0.0
12,485.0,0.0,0.0
13,485.0,0.0,0.0
14,485.0,0.2571061632797993,0.0
15,485.0,0.0,0.0
16,485.0,0.08466967892957677,0.0
17,485.0,0.09268863266433891,0.0
18,485.0,0.23279115727500233,0.0
19,485.0,0.0,0.0
20,485.0,0.0,0.0
21,485.0,0.2904863603955973,0.0
22,485.0,0.0,0.0
23,485.0,0.12353270682229411,0.0
24,485.0,0.0,0.0
25,485.0,9.466843014603038,11.11111111111111
26,485.0,0.0,0.0
27,485.0,0.0,0.0
28,485.0,0.06440113603133646,0.0
29,485.0,0.15215288281677564,0.0
30,485.0,0.048035508532361826,0.0
31,485.0,0.094135656381786,0.0
32,485.0,0.06401235820506745,0.0
33,485.0,0.013634093755905186,0.0
34,485.0,0.0,0.0
35,485.0,0.2494160466237173,0.0
36,485.0,0.12790655162722686,0.0
37,485.0,0.0,0.0
38,485.0,0.006397820176297864,0.0
39,485.0,14.164518633919194,11.11111111111111
40,485.0,22.736594528176944,11.11111111111111
41,485.0,0.0,0.0
42,485.0,0.2177402155464041,0.0
43,485.0,0.07668914355318934,0.0
44,485.0,0.0,0.0
45,485.0,0.33312336200258785,0.0
46,485.0,0.226714799644692,0.0
47,485.0,0.2001186780920553,0.0
48,485.0,0.2052530887220776,0.0
49,485.0,0.0,0.0
50,485.0,0.0,0.0
1,486.0,0.2652466507250546,0.0
2,486.0,12.360755803578806,11.11111111111111
3,486.0,0.0,0.0
4,486.0,0.07178278642903546,0.0
5,486.0,0.0,0.0
6,486.0,0.33692802163630964,0.0
7,486.0,0.0,0.0
8,486.0,0.22158776466544972,0.0
9,486.0,0.0,0.0
10,486.0,0.0,0.0
11,486.0,0.0,0.0
12,486.0,0.0,0.0
13,486.0,0.0,0.0
14,486.0,0.25836309438443217,0.0
15,486.0,0.046441076287109584,0.0
16,486.0,0.05068026218733279,0.0
17,486.0,0.0,0.0
18,486.0,0.003060096798041756,0.0
19,486.0,0.0,0.0
20,486.0,0.0,0.0
21,486.0,0.05942204230227921,0.0
22,486.0,0.008836256304376788,0.0
23,486.0,0.0,0.0
24,486.0,0.0,0.0
25,486.0,9.92389996810257,11.11111111111111
26,486.0,0.0,0.0
27,486.0,0.0,0.0
28,486.0,0.0,0.0
29,486.0,0.0,0.0
30,486.0,0.006227901283362258,0.0
31,486.0,0.0,0.0
32,486.0,0.0,0.0
33,486.0,0.0,0.0
34,486.0,0.30964747227797906,0.0
35,486.0,0.0,0.0
36,486.0,0.0,0.0
37,486.0,0.0,0.0
38,486.0,0.003531777729320562,0.0
39,486.0,14.450669545745551,11.11111111111111
40,486.0,22.871548352563988,11.11111111111111
41,486.0,0.0,0.0
42,486.0,0.0,0.0
43,486.0,0.0,0.0
44,486.0,0.0,0.0
45,486.0,0.0,0.0
46,486.0,0.0,0.0
47,486.0,0.0,0.0
48,486.0,0.009925411780732252,0.0
49,486.0,0.01968855721261953,0.0
50,486.0,0.0,0.0
1,487.0,0.3377560442074645,0.0
2,487.0,12.411977497562535,11.11111111111111
3,487.0,0.0,0.0
4,487.0,0.0,0.0
5,487.0,0.01061072470538782,0.0
6,487.0,0.0,0.0
7,487.0,0.08889467097596104,0.0
8,487.0,0.061576294886790506,0.0
9,487.0,0.0,0.0
10,487.0,0.33080889613225084,0.0
11,487.0,0.0,0.0
12,487.0,0.0,0.0
13,487.0,0.0,0.0
14,487.0,0.08341168394033582,0.0
15,487.0,0.0004429550651717795,0.0
16,487.0,0.2565409058623884,0.0
17,487.0,0.18373264496302333,0.0
18,487.0,0.047263212014350686,0.0
19,487.0,0.0,0.0
20,487.0,0.0,0.0
21,487.0,0.0,0.0
22,487.0,0.0,0.0
23,487.0,0.0,0.0
24,487.0,0.0,0.0
25,487.0,9.841844920558149,11.11111111111111
26,487.0,0.13465988578281318,0.0
27,487.0,0.06825259126743444,0.0
28,487.0,0.11760698857000262,0.0
29,487.0,0.0,0.0
30,487.0,0.0,0.0
31,487.0,0.0,0.0
32,487.0,0.1642636972275272,0.0
33,487.0,0.0,0.0
34,487.0,0.11795447008172522,0.0
35,487.0,0.4027898543478703,0.0
36,487.0,0.0,0.0
37,487.0,0.0,0.0
38,487.0,0.0,0.0
39,487.0,14.42319973168782,11.11111111111111
40,487.0,23.475904343179188,11.11111111111111
41,487.0,0.0,0.0
42,487.0,0.016632581016009285,0.0
43,487.0,0.0,0.0
44,487.0,0.05684387006079039,0.0
45,487.0,0.0,0.0
46,487.0,0.08829698296058197,0.0
47,487.0,0.0,0.0
48,487.0,0.0,0.0
49,487.0,0.019474897264632807,0.0
50,487.0,0.0,0.0
1,488.0,0.0,0.0
2,488.0,12.436059953015318,11.11111111111111
3,488.0,0.10936085475262336,0.0
4,488.0,0.0,0.0
5,488.0,0.0,0.0
6,488.0,0.0,0.0
7,488.0,0.01504833354527435,0.0
8,488.0,0.06330367129715375,0.0
9,488.0,0.0,0.0
10,488.0,0.0,0.0
11,488.0,0.013465219604543721,0.0
12,488.0,0.023906022022793127,0.0
13,488.0,0.08644010522708323,0.0
14,488.0,0.0,0.0
15,488.0,0.0,0.0
16,488.0,0.07714238708515797,0.0
17,488.0,0.08009562027313566,0.0
18,488.0,0.0,0.0
19,488.0,0.036288680455705435,0.0
20,488.0,0.0,0.0
21,488.0,0.10353747042675487,0.0
22,488.0,0.0,0.0
23,488.0,0.0,0.0
24,488.0,0.02296696594976544,0.0
25,488.0,9.8066460885664,11.11111111111111
26,488.0,0.023603452267044966,0.0
27,488.0,0.0,0.0
28,488.0,0.0,0.0
29,488.0,0.0,0.0
30,488.0,0.02653891089630478,0.0
31,488.0,0.0,0.0
32,488.0,0.09806322145725987,0.0
33,488.0,0.0,0.0
34,488.0,0.0,0.0
35,488.0,0.2719360728909389,0.0
36,488.0,0.0,0.0
37,488.0,0.0,0.0
38,488.0,0.0,0.0
39,488.0,14.06877165917732,11.11111111111111
40,488.0,23.90853860306506,11.11111111111111
41,488.0,0.0,0.0
42,488.0,0.05141835602291234,0.0
43,488.0,0.08875291192773582,0.0
44,488.0,0.13502916466506054,0.0
45,488.0,0.0,0.0
46,488.0,0.0,0.0
47,488.0,0.0,0.0
48,488.0,0.0,0.0
49,488.0,0.38959889826204985,0.0
50,488.0,0.14687290665186803,0.0
1,489.0,0.34175460678875536,0.0
2,489.0,12.179588459485926,11.11111111111111
3,489.0,0.0,0.0
4,489.0,0.0,0.0
5,489.0,0.0,0.0
6,489.0,0.0,0.0
7,489.0,0.0,0.0
8,489.0,0.0,0.0
9,489.0,0.0,0.0
10,489.0,0.24862738225013403,0.0
11,489.0,0.04599257915321642,0.0
12,489.0,0.040318342888945535,0.0
13,489.0,0.10548340701738845,0.0
14,489.0,0.0,0.0
15,489.0,0.19429757044517537,0.0
16,489.0,0.08280245006801024,0.0
17,489.0,0.13632050178632316,0.0
18,489.0,0.0,0.0
19,489.0,0.0,0.0
20,489.0,0.0,0.0
21,489.0,0.13024607557639434,0.0
22,489.0,0.0,0.0
23,489.0,0.12699549549066969,0.0
24,489.0,0.06542463165026213,0.0
25,489.0,9.634821093812791,11.11111111111111
26,489.0,0.3296758280733195,0.0
27,489.0,0.0,0.0
28,489.0,0.2645063839077034,0.0
29,489.0,0.0,0.0
30,489.0,0.0,0.0
31,489.0,0.0,0.0
32,489.0,0.004397317039442017,0.0
33,489.0,0.0,0.0
34,489.0,0.03201571627773514,0.0
35,489.0,0.2814043716864454,0.0
36,489.0,0.0,0.0
37,489.0,0.0,0.0
38,489.0,0.37546958230394634,0.0
39,489.0,14.198211175413377,11.11111111111111
40,489.0,24.581516548188446,11.11111111111111
41,489.0,0.0,0.0
42,489.0,0.09840161991801144,0.0
43,489.0,0.0,0.0
44,489.0,0.026233001626745245,0.0
45,489.0,0.20896857151031745,0.0
46,489.0,0.18561149345565764,0.0
47,489.0,0.0,0.0
48,489.0,0.19279119982232706,0.0
49,489.0,0.0,0.0
50,489.0,0.17261038397926864,0.0
1,490.0,0.14473975406318218,0.0
2,490.0,12.535354633330574,11.11111111111111
3,490.0,0.03505351107498755,0.0
4,490.0,0.16936585946459815,0.0
5,490.0,0.17238132507560233,0.0
6,490.0,0.0,0.0
7,490.0,0.24512209808903307,0.0
8,490.0,0.05072527663395354,0.0
9,490.0,0.0,0.0
10,490.0,0.27954174020566014,0.0
11,490.0,0.0,0.0
12,490.0,0.0,0.0
13,490.0,0.10029887292002171,0.0
14,490.0,0.2699032458096776,0.0
15,490.0,0.10122441835746043,0.0
16,490.0,0.04629282676936963,0.0
17,490.0,0.22070849007498328,0.0
18,490.0,0.0,0.0
19,490.0,0.19487231331819543,0.0
20,490.0,0.13978129609929757,0.0
21,490.0,0.23147851814281062,0.0
22,490.0,0.0,0.0
23,490.0,0.0,0.0
24,490.0,0.0,0.0
25,490.0,9.437257510402235,11.11111111111111
26,490.0,0.060334739921408254,0.0
27,490.0,0.0,0.0
28,490.0,0.07860444191207439,0.0
29,490.0,0.05916712980538519,0.0
30,490.0,0.109785808084777,0.0
31,490.0,0.1326341765926985,0.0
32,490.0,0.0,0.0
33,490.0,0.0,0.0
34,490.0,0.0,0.0
35,490.0,0.0,0.0
36,490.0,0.11281980756681642,0.0
37,490.0,0.0,0.0
38,490.0,0.4544931460336965,0.0
39,490.0,13.979253284318045,11.11111111111111
40,490.0,25.309025963975415,11.11111111111111
41,490.0,0.0,0.0
42,490.0,0.040892821203258434,0.0
43,490.0,0.2572801021877269,0.0
44,490.0,0.11332013543448782,0.0
45,490.0,0.0,0.0
46,490.0,0.010617125016952778,0.0
47,490.0,0.0,0.0
48,490.0,0.0,0.0
49,490.0,0.0,0.0
50,490.0,0.29442999742635145,0.0
1,491.0,0.0,0.0
2,491.0,12.299638798842832,11.11111111111111
3,491.0,0.0,0.0
4,491.0,0.0,0.0
5,491.0,0.0,0.0
6,491.0,0.1422247458378526,0.0
7,491.0,0.0,0.0
8,491.0,0.0,0.0
9,491.0,0.008588476773716103,0.0
10,491.0,0.3056026844182361,0.0
11,491.0,0.10953956072481463,0.0
12,491.0,0.0,0.0
13,491.0,0.31335480156771534,0.0
14,491.0,0.0,0.0
15,491.0,0.0,0.0
16,491.0,0.0,0.0
17,491.0,0.0,0.0
18,491.0,0.0,0.0
19,491.0,0.0,0.0
20,491.0,0.11979962094770591,0.0
21,491.0,0.0,0.0
22,491.0,0.22715178762384924,0.0
23,491.0,0.32447307711871975,0.0
24,491.0,0.0,0.0
25,491.0,9.598734778516082,11.11111111111111
26,491.0,0.0,0.0
27,491.0,0.13526202199841897,0.0
28,491.0,0.19113949307301492,0.0
29,491.0,0.0,0.0
30,491.0,0.078084281184441,0.0
31,491.0,0.05847072299653455,0.0
32,491.0,0.024442616855910537,0.0
33,491.0,0.0,0.0
34,491.0,0.0,0.0
35,491.0,0.0,0.0
36,491.0,0.0,0.0
37,491.0,0.22019315123061234,0.0
38,491.0,0.01655428466941089,0.0
39,491.0,14.099480601866375,11.11111111111111
40,491.0,25.957333068678217,11.11111111111111
41,491.0,0.0,0.0
42,491.0,0.08285241198665261,0.0
43,491.0,0.03849256453319383,0.0
44,491.0,0.0,0.0
45,491.0,0.0,0.0
46,491.0,0.0,0.0
47,491.0,0.05409532136467854,0.0
48,491.0,0.10789219280279505,0.0
49,491.0,0.14420970193128158,0.0
50,491.0,0.0,0.0
1,492.0,0.08830319266134745,0.0
2,492.0,12.740860138805127,11.11111111111111
3,492.0,0.05875622114852164,0.0
4,492.0,0.06738457138952691,0.0
5,492.0,0.0,0.0
6,492.0,0.10607823506886471,0.0
7,492.0,0.07765818626502319,0.0
8,492.0,0.0,0.0
9,492.0,0.1273412204151264,0.0
10,492.0,0.26130800734169646,0.0
11,492.0,0.04199294503227102,0.0
12,492.0,0.0,0.0
13,492.0,0.0,0.0
14,492.0,0.2741338469249953,0.0
15,492.0,0.4853183345470192,0.0
16,492.0,0.0,0.0
17,492.0,0.1091198161698318,0.0
18,492.0,0.0,0.0
19,492.0,0.0,0.0
20,492.0,0.30913174713639935,0.0
21,492.0,0.0,0.0
22,492.0,0.038558054100426675,0.0
23,492.0,0.0,0.0
24,492.0,0.0,0.0
25,492.0,9.59872407358479,11.11111111111111
26,492.0,0.16202129828231993,0.0
27,492.0,0.10602453098565423,0.0
28,492.0,0.04941367125204721,0.0
29,492.0,0.05989955741649311,0.0
30,492.0,0.05997075419470743,0.0
31,492.0,0.22557825043913127,0.0
32,492.0,0.0,0.0
33,492.0,0.11800343867372942,0.0
34,492.0,0.03996919478375027,0.0
35,492.0,0.0,0.0
36,492.0,0.0,0.0
37,492.0,0.0,0.0
38,492.0,0.16340244781309277,0.0
39,492.0,14.005996202217153,11.11111111111111
40,492.0,25.95594957981841,11.11111111111111
41,492.0,0.0,0.0
42,492.0,0.0,0.0
43,492.0,0.0,0.0
44,492.0,0.0,0.0
45,492.0,0.0,0.0
46,492.0,0.015826442415625808,0.0
47,492.0,0.0,0.0
48,492.0,0.18878028839724648,0.0
49,492.0,0.0,0.0
50,492.0,0.0,0.0
1,493.0,0.0,0.0
2,493.0,12.36584556961102,11.11111111111111
3,493.0,0.0,0.0
4,493.0,0.08639770410607828,0.0
5,493.0,0.0,0.0
6,493.0,0.2177954612119959,0.0
7,493.0,0.0,0.0
8,493.0,0.0,0.0
9,493.0,0.0,0.0
10,493.0,0.0,0.0
11,493.0,0.0,0.0
12,493.0,0.12611912842027317,0.0
13,493.0,0.32327160504422847,0.0
14,493.0,0.07698111784623352,0.0
15,493.0,0.0,0.0
16,493.0,0.0,0.0
17,493.0,0.07205721761819495,0.0
18,493.0,0.0,0.0
19,493.0,0.0,0.0
20,493.0,0.0,0.0
21,493.0,0.0,0.0
22,493.0,0.23564638349438916,0.0
23,493.0,0.0,0.0
24,493.0,0.0,0.0
25,493.0,10.270256683087933,11.11111111111111
26,493.0,0.11991420818042109,0.0
27,493.0,0.17256925898362663,0.0
28,493.0,0.213155765704382,0.0
29,493.0,0.10669952508548042,0.0
30,493.0,0.13355358297484365,0.0
31,493.0,0.04090621552613871,0.0
32,493.0,0.19460134473798452,0.0
33,493.0,0.08067711716855175,0.0
34,493.0,0.0,0.0
35,493.0,0.0,0.0
36,493.0,0.0,0.0
37,493.0,0.020806425672302176,0.0
38,493.0,0.15234503615575212,0.0
39,493.0,14.089990807827851,11.11111111111111
40,493.0,27.064377031144147,11.11111111111111
41,493.0,0.0,0.0
42,493.0,0.035633158882631966,0.0
43,493.0,0.11676764528676187,0.0
44,493.0,0.0,0.0
45,493.0,0.09519774265983716,0.0
46,493.0,0.0,0.0
47,493.0,0.0,0.0
48,493.0,0.11407227413016596,0.0
49,493.0,0.03361743031202791,0.0
50,493.0,0.0,0.0
1,494.0,0.36715353546938734,0.0
2,494.0,12.335839771150532,11.11111111111111
3,494.0,0.0,0.0
4,494.0,0.0,0.0
5,494.0,0.07541655197503883,0.0
6,494.0,0.019832945436457305,0.0
7,494.0,0.0,0.0
8,494.0,0.006724042706509947,0.0
9,494.0,0.0,0.0
10,494.0,0.2991506233380916,0.0
11,494.0,0.0,0.0
12,494.0,0.0,0.0
13,494.0,0.001233960359317554,0.0
14,494.0,0.050352689105189974,0.0
15,494.0,0.0,0.0
16,494.0,0.2565214440807979,0.0
17,494.0,0.0,0.0
18,494.0,0.0,0.0
19,494.0,0.03137454130859374,0.0
20,494.0,0.11094690251829986,0.0
21,494.0,0.05228365596479634,0.0
22,494.0,0.09763526740492068,0.0
23,494.0,0.0,0.0
24,494.0,0.0,0.0
25,494.0,10.30236105438848,11.11111111111111
26,494.0,0.20080834961338445,0.0
27,494.0,0.0,0.0
28,494.0,0.18638399409976247,0.0
29,494.0,0.13653663823059325,0.0
30,494.0,0.025341307638040766,0.0
31,494.0,0.0,0.0
32,494.0,0.0,0.0
33,494.0,0.0,0.0
34,494.0,0.11965778161344132,0.0
35,494.0,0.0,0.0
36,494.0,0.05953575992676996,0.0
37,494.0,0.0,0.0
38,494.0,0.1649312103792453,0.0
39,494.0,14.198849788335323,11.11111111111111
40,494.0,27.40606952458285,11.11111111111111
41,494.0,0.08256687039803579,0.0
42,494.0,0.0,0.0
43,494.0,0.0,0.0
44,494.0,0.1033050579988618,0.0
45,494.0,0.11369218167415718,0.0
46,494.0,0.0,0.0
47,494.0,0.0,0.0
48,494.0,0.0,0.0
49,494.0,0.0,0.0
50,494.0,0.33972759845809153,0.0
1,495.0,0.0027416870060764653,0.0
2,495.0,12.727194099613516,11.11111111111111
3,495.0,0.21968884337985006,0.0
4,495.0,0.019100988309520783,0.0
5,495.0,0.0,0.0
6,495.0,0.09862719513297302,0.0
7,495.0,0.0,0.0
8,495.0,0.0,0.0
9,495.0,0.0,0.0
10,495.0,0.0,0.0
11,495.0,0.0,0.0
12,495.0,0.0,0.0
13,495.0,0.0,0.0
14,495.0,0.25030007554214917,0.0
15,495.0,0.0,0.0
16,495.0,0.0,0.0
17,495.0,0.0,0.0
18,495.0,0.0,0.0
19,495.0,0.0,0.0
20,495.0,0.0,0.0
21,495.0,0.0040394655239381905,0.0
22,495.0,0.0,0.0
23,495.0,0.004912677388781317,0.0
24,495.0,0.09343030582557188,0.0
25,495.0,10.350951231702174,11.11111111111111
26,495.0,0.19250013997891346,0.0
27,495.0,0.18294821568581698,0.0
28,495.0,0.0,0.0
29,495.0,0.14207058571439934,0.0
30,495.0,0.0,0.0
31,495.0,0.20429146982775603,0.0
32,495.0,0.0,0.0
33,495.0,0.0,0.0
34,495.0,0.0,0.0
35,495.0,0.0,0.0
36,495.0,0.0,0.0
37,495.0,0.0,0.0
38,495.0,0.0,0.0
39,495.0,14.133918470095205,11.11111111111111
40,495.0,27.89809048625008,11.11111111111111
41,495.0,0.053806712943972324,0.0
42,495.0,0.1382053936254879,0.0
43,495.0,0.0,0.0
44,495.0,0.0,0.0
45,495.0,0.0,0.0
46,495.0,0.0,0.0
47,495.0,0.0,0.0
48,495.0,0.0982968171884343,0.0
49,495.0,0.220517265471056,0.0
50,495.0,0.03050801660924063,0.0
1,496.0,0.0,0.0
2,496.0,12.541940111360864,11.11111111111111
3,496.0,0.0,0.0
4,496.0,0.22444343235160003,0.0
5,496.0,0.12141355528848241,0.0
6,496.0,0.0,0.0
7,496.0,0.0,0.0
8,496.0,0.0,0.0
9,496.0,0.0,0.0
10,496.0,0.19959360779692714,0.0
11,496.0,0.0,0.0
12,496.0,0.2435366497151248,0.0
13,496.0,0.028785565469707675,0.0
14,496.0,0.11409596733132843,0.0
15,496.0,0.0,0.0
16,496.0,0.12975914467004646,0.0
17,496.0,0.0,0.0
18,496.0,0.0,0.0
19,496.0,0.0,0.0
20,496.0,0.0,0.0
21,496.0,0.0,0.0
22,496.0,0.1552312514562253,0.0
23,496.0,0.25110124423611335,0.0
24,496.0,0.0,0.0
25,496.0,10.20741487107797,11.11111111111111
26,496.0,0.2278080336265742,0.0
27,496.0,0.0,0.0
28,496.0,0.017202984530533927,0.0
29,496.0,0.15810389602085095,0.0
30,496.0,0.025178670816793147,0.0
31,496.0,0.0,0.0
32,496.0,0.0,0.0
33,496.0,0.002077453087546144,0.0
34,496.0,0.0,0.0
35,496.0,0.3390539250754542,0.0
36,496.0,0.03966538805639064,0.0
37,496.0,0.0,0.0
38,496.0,0.0,0.0
39,496.0,14.30458192881204,11.11111111111111
40,496.0,28.521117706540938,11.11111111111111
41,496.0,0.0,0.0
42,496.0,0.04187476587455807,0.0
43,496.0,0.16307909381250718,0.0
44,496.0,0.024688325909504205,0.0
45,496.0,0.0,0.0
46,496.0,0.1372019752821818,0.0
47,496.0,0.0,0.0
48,496.0,0.12031459882020346,0.0
49,496.0,0.18964812397763353,0.0
50,496.0,0.08091770803785558,0.0
1,497.0,0.0,0.0
2,497.0,12.603995012125218,11.11111111111111
3,497.0,0.07978538211744135,0.0
4,497.0,0.18379637614928301,0.0
5,497.0,0.0,0.0
6,497.0,0.0,0.0
7,497.0,0.0,0.0
8,497.0,0.3392308175341604,0.0
9,497.0,0.09046492946878792,0.0
10,497.0,0.3859959787539178,0.0
11,497.0,0.1107824338183444,0.0
12,497.0,0.12369048866852617,0.0
13,497.0,0.05045653208092504,0.0
14,497.0,0.06565370308687035,0.0
15,497.0,0.0,0.0
16,497.0,0.0,0.0
17,497.0,0.16786207368455608,0.0
18,497.0,0.1384493530421116,0.0
19,497.0,0.14517801402527708,0.0
20,497.0,0.022546004300864064,0.0
21,497.0,0.0,0.0
22,497.0,0.0,0.0
23,497.0,0.005969101643011676,0.0
24,497.0,0.0,0.0
25,497.0,10.123914701235092,11.11111111111111
26,497.0,0.0986761016853368,0.0
27,497.0,0.1810715496477855,0.0
28,497.0,0.0,0.0
29,497.0,0.0,0.0
30,497.0,0.0,0.0
31,497.0,0.035968415620802,0.0
32,497.0,0.17320214297367809,0.0
33,497.0,0.0,0.0
34,497.0,0.0,0.0
35,497.0,0.09383922701208536,0.0
36,497.0,0.0,0.0
37,497.0,0.0041431406839324,0.0
38,497.0,0.0063798748148304885,0.0
39,497.0,14.174677291505482,11.11111111111111
40,497.0,29.043739978577275,11.11111111111111
41,497.0,0.27007303802208493,0.0
42,497.0,0.20810308111293696,0.0
43,497.0,0.5132014046179179,0.0
44,497.0,0.0,0.0
45,497.0,0.0,0.0
46,497.0,0.0565651914156684,0.0
47,497.0,0.033872854730385704,0.0
48,497.0,0.0,0.0
49,497.0,0.0009827235110038135,0.0
50,497.0,0.3190671976434739,0.0
1,498.0,0.0,0.0
2,498.0,12.773999835470127,11.11111111111111
3,498.0,0.0,0.0
4,498.0,0.0789033277649519,0.0
5,498.0,0.0,0.0
6,498.0,0.0,0.0
7,498.0,0.0,0.0
8,498.0,0.08593470696904726,0.0
9,498.0,0.0,0.0
10,498.0,0.13094254998019117,0.0
11,498.0,0.2460149819323778,0.0
12,498.0,0.11034909961526618,0.0
13,498.0,0.0,0.0
14,498.0,0.0,0.0
15,498.0,0.0,0.0
16,498.0,0.0,0.0
17,498.0,0.030562038959211946,0.0
18,498.0,0.0,0.0
19,498.0,0.09206176428757173,0.0
20,498.0,0.14928252309266365,0.0
21,498.0,0.015197196793690138,0.0
22,498.0,0.0,0.0
23,498.0,0.06567255364084479,0.0
24,498.0,0.0,0.0
25,498.0,9.993252539274877,11.11111111111111
26,498.0,0.0,0.0
27,498.0,0.09360980846933986,0.0
28,498.0,0.0,0.0
29,498.0,0.0,0.0
30,498.0,0.0,0.0
31,498.0,0.0,0.0
32,498.0,0.0,0.0
33,498.0,0.07549647098104073,0.0
34,498.0,0.0,0.0
35,498.0,0.0,0.0
36,498.0,0.16872118903167466,0.0
37,498.0,0.0,0.0
38,498.0,0.006269097328266082,0.0
39,498.0,14.083284619069987,11.11111111111111
40,498.0,29.992751654264808,11.11111111111111
41,498.0,0.3939227604153481,0.0
42,498.0,0.0,0.0
43,498.0,0.027148277836271495,0.0
44,498.0,0.1895294787038193,0.0
45,498.0,0.08288834451523541,0.0
46,498.0,0.0,0.0
47,498.0,0.07633693734714997,0.0
48,498.0,0.023109895422070648,0.0
49,498.0,0.0,0.0
50,498.0,0.12698757426162488,0.0
1,499.0,0.0,0.0
2,499.0,12.813901531940292,11.11111111111111
3,499.0,0.0,0.0
4,499.0,0.0,0.0
5,499.0,0.0,0.0
6,499.0,0.0,0.0
7,499.0,0.0,0.0
8,499.0,0.03582025813266598,0.0
9,499.0,0.03842064396853506,0.0
10,499.0,0.0,0.0
11,499.0,0.21350971604087166,0.0
12,499.0,0.18340909656987403,0.0
13,499.0,0.0,0.0
14,499.0,0.12447072778209323,0.0
15,499.0,0.0,0.0
16,499.0,0.0,0.0
17,499.0,0.0,0.0
18,499.0,0.0,0.0
19,499.0,0.0,0.0
20,499.0,0.0,0.0
21,499.0,0.0,0.0
22,499.0,0.1468740140176259,0.0
23,499.0,0.008022907834185022,0.0
24,499.0,0.0,0.0
25,499.0,9.737407220551338,11.11111111111111
26,499.0,0.2572267835001233,0.0
27,499.0,0.0,0.0
28,499.0,0.002492831558828179,0.0
29,499.0,0.014990614059219864,0.0
30,499.0,0.0,0.0
31,499.0,0.0,0.0
32,499.0,0.0,0.0
33,499.0,0.0,0.0
34,499.0,0.0,0.0
35,499.0,0.0,0.0
36,499.0,0.0,0.0
37,499.0,0.05354915835252694,0.0
38,499.0,0.0,0.0
39,499.0,14.12998260438755,11.11111111111111
40,499.0,30.328811262205278,11.11111111111111
41,499.0,0.2692558827517201,0.0
42,499.0,0.0,0.0
43,499.0,0.0,0.0
44,499.0,0.0,0.0
45,499.0,0.0393663414148937,0.0
46,499.0,0.0,0.0
47,499.0,0.0,0.0
48,499.0,0.015650956117054138,0.0
49,499.0,0.04385629561271054,0.0
50,499.0,0.0,0.0
1,500.0,0.057077955776249745,0.0
2,500.0,12.72819649676555,11.11111111111111
3,500.0,0.14783681961325823,0.0
4,500.0,0.04779959462956529,0.0
5,500.0,0.04210431316597807,0.0
6,500.0,0.0,0.0
7,500.0,0.0,0.0
8,500.0,0.0,0.0
9,500.0,0.13012805498955027,0.0
10,500.0,0.08265710470429333,0.0
11,500.0,0.043969859410842305,0.0
12,500.0,0.08637190818111007,0.0
13,500.0,0.0,0.0
14,500.0,0.0214053641973303,0.0
15,500.0,0.07926420139425294,0.0
16,500.0,0.0,0.0
17,500.0,0.0,0.0
18,500.0,0.07948388848172194,0.0
19,500.0,0.0,0.0
20,500.0,0.2797445578398785,0.0
21,500.0,0.0,0.0
22,500.0,0.32523829398216253,0.0
23,500.0,0.21318602145116405,0.0
24,500.0,0.0,0.0
25,500.0,9.568226212904973,11.11111111111111
26,500.0,0.19038378566209047,0.0
27,500.0,0.2925315485704244,0.0
28,500.0,0.0,0.0
29,500.0,0.19439995803383026,0.0
30,500.0,0.0,0.0
31,500.0,0.0,0.0
32,500.0,0.0,0.0
33,500.0,0.029418183005538667,0.0
34,500.0,0.07859855607124477,0.0
35,500.0,0.0,0.0
36,500.0,0.0,0.0
37,500.0,0.12816657113858154,0.0
38,500.0,0.09031216272534559,0.0
39,500.0,14.240406045074751,11.11111111111111
40,500.0,30.8294450675451,11.11111111111111
41,500.0,0.0,0.0
42,500.0,0.08047473258487392,0.0
43,500.0,0.03270713751574805,0.0
44,500.0,0.0,0.0
45,500.0,0.04873563911229761,0.0
46,500.0,0.0,0.0
47,500.0,0.0,0.0
48,500.0,0.0,0.0
49,500.0,0.0,0.0
50,500.0,0.0,0.0
1,501.0,0.0,0.0
2,501.0,12.304220362053416,11.11111111111111
3,501.0,0.09889768164756019,0.0
4,501.0,0.021773412242376278,0.0
5,501.0,0.016984448119863882,0.0
6,501.0,0.0,0.0
7,501.0,0.0760226312782053,0.0
8,501.0,0.02845086540491437,0.0
9,501.0,0.06507829913200491,0.0
10,501.0,0.023391301433364764,0.0
11,501.0,0.0,0.0
12,501.0,0.02421333170751072,0.0
13,501.0,0.06002237584229497,0.0
14,501.0,0.11772437026459259,0.0
15,501.0,0.1513639463433918,0.0
16,501.0,0.14111515491196858,0.0
17,501.0,0.12830685810334075,0.0
18,501.0,0.3620027983626115,0.0
19,501.0,0.07069434093856541,0.0
20,501.0,0.0,0.0
21,501.0,0.0,0.0
22,501.0,0.27718009641367136,0.0
23,501.0,0.0,0.0
24,501.0,0.0,0.0
25,501.0,9.725884421825596,11.11111111111111
26,501.0,0.0,0.0
27,501.0,0.0,0.0
28,501.0,0.0,0.0
29,501.0,0.4448052548986764,0.0
30,501.0,0.18073864314846633,0.0
31,501.0,0.0,0.0
32,501.0,0.21228489132167971,0.0
33,501.0,0.0,0.0
34,501.0,0.19417315499511834,0.0
35,501.0,0.212320936597589,0.0
36,501.0,0.0,0.0
37,501.0,0.1297589856079585,0.0
38,501.0,0.21374708570352308,0.0
39,501.0,13.909678219040527,11.11111111111111
40,501.0,31.30366950651755,11.11111111111111
41,501.0,0.03376597775058465,0.0
42,501.0,0.049189793538992554,0.0
43,501.0,0.07898001201227489,0.0
44,501.0,0.0,0.0
45,501.0,0.08454914478742215,0.0
46,501.0,0.09662469416251096,0.0
47,501.0,0.12759783182220075,0.0
48,501.0,0.02127250405794401,0.0
49,501.0,0.13901754879530137,0.0
50,501.0,0.0,0.0
1,502.0,0.0,0.0
2,502.0,12.136122772505084,11.11111111111111
3,502.0,0.0,0.0
4,502.0,0.0,0.0
5,502.0,0.0,0.0
6,502.0,0.0,0.0
7,502.0,0.05040491146069759,0.0
8,502.0,0.0,0.0
9,502.0,0.11454389521572284,0.0
10,502.0,0.03145152080308,0.0
11,502.0,0.15835896379620495,0.0
12,502.0,0.0,0.0
13,502.0,0.004628197839847581,0.0
14,502.0,0.10247729447638332,0.0
15,502.0,0.0,0.0
16,502.0,0.0009968765498779009,0.0
17,502.0,0.20272270033752993,0.0
18,502.0,0.0,0.0
19,502.0,0.07209553430022297,0.0
20,502.0,0.09253136856153554,0.0
21,502.0,0.04549732645058857,0.0
22,502.0,0.0,0.0
23,502.0,0.0,0.0
24,502.0,0.019695663040294464,0.0
25,502.0,9.590848936630906,11.11111111111111
26,502.0,0.013689956410473436,0.0
27,502.0,0.09104514410568565,0.0
28,502.0,0.18595318726529297,0.0
29,502.0,0.0,0.0
30,502.0,0.03473639680273277,0.0
31,502.0,0.0,0.0
32,502.0,0.2494907446223077,0.0
33,502.0,0.0,0.0
34,502.0,0.0,0.0
35,502.0,0.0,0.0
36,502.0,0.0,0.0
37,502.0,0.0,0.0
38,502.0,0.0,0.0
39,502.0,13.41465769863947,11.11111111111111
40,502.0,31.284972030211147,11.11111111111111
41,502.0,0.0,0.0
42,502.0,0.0,0.0
43,502.0,0.08164853055450871,0.0
44,502.0,0.0,0.0
45,502.0,0.045677009225396414,0.0
46,502.0,0.12636917126657654,0.0
47,502.0,0.30427405249836004,0.0
48,502.0,0.11970815290260473,0.0
49,502.0,0.0,0.0
50,502.0,0.0,0.0
1,503.0,0.0,0.0
2,503.0,12.01603199864937,11.11111111111111
3,503.0,0.0,0.0
4,503.0,0.05213681007319959,0.0
5,503.0,0.0,0.0
6,503.0,0.03584240754861023,0.0
7,503.0,0.276838861400144,0.0
8,503.0,0.16755885670278847,0.0
9,503.0,0.0,0.0
10,503.0,0.10425535485733317,0.0
11,503.0,0.0,0.0
12,503.0,0.0,0.0
13,503.0,0.15341234761547762,0.0
14,503.0,0.0,0.0
15,503.0,0.0,0.0
16,503.0,0.028331542539919763,0.0
17,503.0,0.0,0.0
18,503.0,0.0,0.0
19,503.0,0.0,0.0
20,503.0,0.0,0.0
21,503.0,0.0,0.0
22,503.0,0.0,0.0
23,503.0,0.15826051811844222,0.0
24,503.0,0.0,0.0
25,503.0,9.732431797922132,11.11111111111111
26,503.0,0.039815197969891636,0.0
27,503.0,0.0,0.0
28,503.0,0.28504714105874784,0.0
29,503.0,0.09438017470129756,0.0
30,503.0,0.018501833181489236,0.0
31,503.0,0.0,0.0
32,503.0,0.36988124840160974,0.0
33,503.0,0.0,0.0
34,503.0,0.0949834886664459,0.0
35,503.0,0.022332475791922102,0.0
36,503.0,0.0454102080508777,0.0
37,503.0,0.12593089873177843,0.0
38,503.0,0.13134454572051146,0.0
39,503.0,13.805294459269009,11.11111111111111
40,503.0,31.72556465004086,11.11111111111111
41,503.0,0.0,0.0
42,503.0,0.0,0.0
43,503.0,0.04233858088960396,0.0
44,503.0,0.0,0.0
45,503.0,0.0,0.0
46,503.0,0.2933583139166652,0.0
47,503.0,0.16010312278787364,0.0
48,503.0,0.010199586618568457,0.0
49,503.0,0.12367737241948706,0.0
50,503.0,0.0,0.0
1,504.0,0.09421799989643942,0.0
2,504.0,12.16577931475379,11.11111111111111
3,504.0,0.1738219125354733,0.0
4,504.0,0.0,0.0
5,504.0,0.01369073821163147,0.0
6,504.0,0.0,0.0
7,504.0,0.028802118480884542,0.0
8,504.0,0.14555901220519962,0.0
9,504.0,0.029951060282769948,0.0
10,504.0,0.14287195158829102,0.0
11,504.0,0.068278404045794,0.0
12,504.0,0.0,0.0
13,504.0,0.08008730931206243,0.0
14,504.0,0.0,0.0
15,504.0,0.13604235433256306,0.0
16,504.0,0.056836951806927716,0.0
17,504.0,0.0,0.0
18,504.0,0.25619114404463705,0.0
19,504.0,0.008306892828296997,0.0
20,504.0,0.059309470565211964,0.0
21,504.0,0.07724179348261662,0.0
22,504.0,0.0,0.0
23,504.0,0.01999740514577575,0.0
24,504.0,0.21836601344329998,0.0
25,504.0,9.323373516790705,11.11111111111111
26,504.0,0.04947929448645638,0.0
27,504.0,0.0,0.0
28,504.0,0.0,0.0
29,504.0,0.01289124900802252,0.0
30,504.0,0.0,0.0
31,504.0,0.0,0.0
32,504.0,0.14654129889938383,0.0
33,504.0,0.12664238405030714,0.0
34,504.0,0.188326394442198,0.0
35,504.0,0.017278948271449712,0.0
36,504.0,0.0,0.0
37,504.0,0.0,0.0
38,504.0,0.0,0.0
39,504.0,13.457091315155836,11.11111111111111
40,504.0,31.887296003420957,11.11111111111111
41,504.0,0.062228048315049245,0.0
42,504.0,0.2935089038528059,0.0
43,504.0,0.0,0.0
44,504.0,0.04845741059691733,0.0
45,504.0,0.12803469781042276,0.0
46,504.0,0.0,0.0
47,504.0,0.024993374012695635,0.0
48,504.0,0.0,0.0
49,504.0,0.1259391259718694,0.0
50,504.0,0.11531606247475712,0.0
1,505.0,0.0,0.0
2,505.0,12.14851938324317,11.11111111111111
3,505.0,0.30611074302566865,0.0
4,505.0,0.031471483067848416,0.0
5,505.0,0.0,0.0
6,505.0,0.0,0.0
7,505.0,0.1136841634601059,0.0
8,505.0,0.0,0.0
9,505.0,0.06078349771392566,0.0
10,505.0,0.0,0.0
11,505.0,0.0,0.0
12,505.0,0.0,0.0
13,505.0,0.0,0.0
14,505.0,0.08538737688486919,0.0
15,505.0,0.0,0.0
16,505.0,0.0,0.0
17,505.0,0.03965440753459093,0.0
18,505.0,0.0,0.0
19,505.0,0.0,0.0
20,505.0,0.0653791723205287,0.0
21,505.0,0.0,0.0
22,505.0,0.0,0.0
23,505.0,0.07871157336956003,0.0
24,505.0,0.01957037845728371,0.0
25,505.0,9.445129102424115,11.11111111111111
26,505.0,0.0,0.0
27,505.0,0.0,0.0
28,505.0,0.0,0.0
29,505.0,0.0,0.0
30,505.0,0.0,0.0
31,505.0,0.0,0.0
32,505.0,0.08005051515678996,0.0
33,505.0,0.02999988362418038,0.0
34,505.0,0.0,0.0
35,505.0,0.0,0.0
36,505.0,0.15540160925494284,0.0
37,505.0,0.08075748139440753,0.0
38,505.0,0.0,0.0
39,505.0,13.763801740854028,11.11111111111111
40,505.0,31.60887589202568,11.11111111111111
41,505.0,0.05507340568566699,0.0
42,505.0,0.0363923825835597,0.0
43,505.0,0.07056079192135134,0.0
44,505.0,0.0,0.0
45,505.0,0.0,0.0
46,505.0,0.4230357175431094,0.0
47,505.0,0.12435686972086657,0.0
48,505.0,0.0,0.0
49,505.0,0.03145571290378557,0.0
50,505.0,0.0,0.0
1,506.0,0.0,0.0
2,506.0,11.724453819948804,11.11111111111111
3,506.0,0.0,0.0
4,506.0,0.20619786032823295,0.0
5,506.0,0.0,0.0
6,506.0,0.35749314617857,0.0
7,506.0,0.3248234771622739,0.0
8,506.0,0.5973535332644282,0.0
9,506.0,0.23103047619071004,0.0
10,506.0,0.5128801456039032,0.0
11,506.0,0.0,0.0
12,506.0,0.0,0.0
13,506.0,0.1994888897269621,0.0
14,506.0,0.05303495272698355,0.0
15,506.0,0.0,0.0
16,506.0,0.0,0.0
17,506.0,0.0,0.0
18,506.0,0.0,0.0
19,506.0,0.0,0.0
20,506.0,0.0,0.0
21,506.0,0.0,0.0
22,506.0,0.15505676263670987,0.0
23,506.0,0.0,0.0
24,506.0,0.0,0.0
25,506.0,9.237537222065596,11.11111111111111
26,506.0,0.0,0.0
27,506.0,0.0073242492682861204,0.0
28,506.0,0.34067056385896577,0.0
29,506.0,0.15104069501812678,0.0
30,506.0,0.15786885145010654,0.0
31,506.0,0.0,0.0
32,506.0,0.00019510728397953425,0.0
33,506.0,0.0,0.0
34,506.0,0.0,0.0
35,506.0,0.0,0.0
36,506.0,0.042042754295687046,0.0
37,506.0,0.0,0.0
38,506.0,0.03822660487093621,0.0
39,506.0,13.87820886450439,11.11111111111111
40,506.0,31.977331375126134,11.11111111111111
41,506.0,0.0,0.0
42,506.0,0.011434195242189804,0.0
43,506.0,0.07511172492622831,0.0
44,506.0,0.0,0.0
45,506.0,0.07108190863537511,0.0
46,506.0,0.4012674806787717,0.0
47,506.0,0.0,0.0
48,506.0,0.0,0.0
49,506.0,0.3266999660704305,0.0
50,506.0,0.16034048957225577,0.0
1,507.0,0.09792598569281596,0.0
2,507.0,11.996166506441535,11.11111111111111
3,507.0,0.03652968698320069,0.0
4,507.0,0.3567023690211899,0.0
5,507.0,0.10285894510212579,0.0
6,507.0,0.0,0.0
7,507.0,0.0,0.0
8,507.0,0.07950129999908706,0.0
9,507.0,0.07660829480455067,0.0
10,507.0,0.17707710179796543,0.0
11,507.0,0.06943204897659949,0.0
12,507.0,0.0,0.0
13,507.0,0.08555990905581101,0.0
14,507.0,0.0,0.0
15,507.0,0.274498487352854,0.0
16,507.0,0.04235662604775936,0.0
17,507.0,0.2589578688771702,0.0
18,507.0,0.0,0.0
19,507.0,0.0,0.0
20,507.0,0.012429272594796203,0.0
21,507.0,0.07209243977564761,0.0
22,507.0,0.0,0.0
23,507.0,0.11582126162149142,0.0
24,507.0,0.28418546354028695,0.0
25,507.0,9.46709940646037,11.11111111111111
26,507.0,0.31078616829342287,0.0
27,507.0,0.050270264331024106,0.0
28,507.0,0.0,0.0
29,507.0,0.08324919375833262,0.0
30,507.0,0.0,0.0
31,507.0,0.0,0.0
32,507.0,0.0,0.0
33,507.0,0.049155605756374454,0.0
34,507.0,0.0,0.0
35,507.0,0.08959835963193485,0.0
36,507.0,0.11724778898008326,0.0
37,507.0,0.04354123906112062,0.0
38,507.0,0.0,0.0
39,507.0,14.224662270470223,11.11111111111111
40,507.0,32.376597567673706,11.11111111111111
41,507.0,0.04072938649898661,0.0
42,507.0,0.0,0.0
43,507.0,0.12367124850830269,0.0
44,507.0,0.027775291815961722,0.0
45,507.0,0.06605382545128446,0.0
46,507.0,0.11949226885469777,0.0
47,507.0,0.06839899136789918,0.0
48,507.0,0.0,0.0
49,507.0,0.029975021053535666,0.0
50,507.0,0.0,0.0
1,508.0,0.0,0.0
2,508.0,12.064884357034241,11.11111111111111
3,508.0,0.04417740429883943,0.0
4,508.0,0.15579120213792352,0.0
5,508.0,0.0,0.0
6,508.0,0.23375337647166405,0.0
7,508.0,0.07758406754534186,0.0
8,508.0,0.12882725915496418,0.0
9,508.0,0.0,0.0
10,508.0,0.10806563352456977,0.0
11,508.0,0.09615173103383479,0.0
12,508.0,0.0,0.0
13,508.0,0.10776925231312573,0.0
14,508.0,0.0,0.0
15,508.0,0.0,0.0
16,508.0,0.0,0.0
17,508.0,0.0,0.0
18,508.0,0.0,0.0
19,508.0,0.12790666086803537,0.0
20,508.0,0.0,0.0
21,508.0,0.382196255947587,0.0
22,508.0,0.0,0.0
23,508.0,0.0,0.0
24,508.0,0.1923882849559403,0.0
25,508.0,9.570319322026235,11.11111111111111
26,508.0,0.008375339168633755,0.0
27,508.0,0.0,0.0
28,508.0,0.0,0.0
29,508.0,0.0,0.0
30,508.0,0.0,0.0
31,508.0,0.009544569910140965,0.0
32,508.0,0.0,0.0
33,508.0,0.07842597437232113,0.0
34,508.0,0.021600757226031497,0.0
35,508.0,0.0,0.0
36,508.0,0.0077087631666996614,0.0
37,508.0,0.049024796543597704,0.0
38,508.0,0.21610635630771924,0.0
39,508.0,13.91977116118898,11.11111111111111
40,508.0,32.66154646879526,11.11111111111111
41,508.0,0.0,0.0
42,508.0,0.006740393230517783,0.0
43,508.0,0.0,0.0
44,508.0,0.0,0.0
45,508.0,0.0,0.0
46,508.0,0.0,0.0
47,508.0,0.0,0.0
48,508.0,0.0,0.0
49,508.0,0.0,0.0
50,508.0,0.16804266054499828,0.0
1,509.0,0.0,0.0
2,509.0,12.276554879755011,11.11111111111111
3,509.0,0.007929443160151428,0.0
4,509.0,0.0,0.0
5,509.0,0.09441737888162371,0.0
6,509.0,0.0037976828853196753,0.0
7,509.0,0.0,0.0
8,509.0,0.0,0.0
9,509.0,0.13259888024408806,0.0
10,509.0,0.02535337560887818,0.0
11,509.0,0.13430465494604815,0.0
12,509.0,0.05299621986349079,0.0
13,509.0,0.0,0.0
14,509.0,0.04673620101359477,0.0
15,509.0,0.0,0.0
16,509.0,0.002594454129021262,0.0
17,509.0,0.0,0.0
18,509.0,0.0,0.0
19,509.0,0.20975867061997755,0.0
20,509.0,0.2571090396227612,0.0
21,509.0,0.0,0.0
22,509.0,0.14321429864917057,0.0
23,509.0,0.034812856475365805,0.0
24,509.0,0.0,0.0
25,509.0,9.65512514447497,11.11111111111111
26,509.0,0.0,0.0
27,509.0,0.0,0.0
28,509.0,0.2393156771230025,0.0
29,509.0,0.0,0.0
30,509.0,0.020036563748523806,0.0
31,509.0,0.12780337401897113,0.0
32,509.0,0.17516997118983746,0.0
33,509.0,0.0,0.0
34,509.0,0.0,0.0
35,509.0,0.0,0.0
36,509.0,0.10185215049164997,0.0
37,509.0,0.0,0.0
38,509.0,0.02048390832680025,0.0
39,509.0,13.726920074743914,11.11111111111111
40,509.0,33.46370687526953,11.11111111111111
41,509.0,0.0,0.0
42,509.0,0.0038259952593960866,0.0
43,509.0,0.0,0.0
44,509.0,0.0,0.0
45,509.0,0.0,0.0
46,509.0,0.09581337477842378,0.0
47,509.0,0.04853310340681982,0.0
48,509.0,0.10368735543961893,0.0
49,509.0,0.03225441795707884,0.0
50,509.0,0.20990971349404608,0.0
1,510.0,0.0,0.0
2,510.0,12.187833023796063,11.11111111111111
3,510.0,0.0,0.0
4,510.0,0.0,0.0
5,510.0,0.13727287758324436,0.0
6,510.0,0.014156010558866061,0.0
7,510.0,0.0030223880993005547,0.0
8,510.0,0.0,0.0
9,510.0,0.040461765074754186,0.0
10,510.0,0.09724005855469742,0.0
11,510.0,0.044799237420558136,0.0
12,510.0,0.07052540957037123,0.0
13,510.0,0.4304558234552679,0.0
14,510.0,0.0,0.0
15,510.0,0.0,0.0
16,510.0,0.0,0.0
17,510.0,0.05586899969493353,0.0
18,510.0,0.14740284997286413,0.0
19,510.0,0.10158610146187874,0.0
20,510.0,0.006330980207736259,0.0
21,510.0,0.0,0.0
22,510.0,0.0,0.0
23,510.0,0.16227904843408703,0.0
24,510.0,0.0,0.0
25,510.0,9.757755259373146,11.11111111111111
26,510.0,0.0,0.0
27,510.0,0.0,0.0
28,510.0,0.0,0.0
29,510.0,0.05354827924112959,0.0
30,510.0,0.0,0.0
31,510.0,0.0478725103067309,0.0
32,510.0,0.12066400882458839,0.0
33,510.0,0.0,0.0
34,510.0,0.3191462748628805,0.0
35,510.0,0.655860403569809,0.0
36,510.0,0.29573971705646207,0.0
37,510.0,0.0,0.0
38,510.0,0.0,0.0
39,510.0,13.803967876876843,11.11111111111111
40,510.0,33.287840734408455,11.11111111111111
41,510.0,0.011681011907426875,0.0
42,510.0,0.0,0.0
43,510.0,0.0,0.0
44,510.0,0.0,0.0
45,510.0,0.011327693489763924,0.0
46,510.0,0.0,0.0
47,510.0,0.009078019741149301,0.0
48,510.0,0.0,0.0
49,510.0,0.045987414392349324,0.0
50,510.0,0.0,0.0
1,511.0,0.2526930040583115,0.0
2,511.0,12.121084854385964,11.11111111111111
3,511.0,0.0,0.0
4,511.0,0.0,0.0
5,511.0,0.2565335812157902,0.0
6,511.0,0.0,0.0
7,511.0,0.0,0.0
8,511.0,0.0,0.0
9,511.0,0.07613826993907002,0.0
10,511.0,0.20153231947997197,0.0
11,511.0,0.1254549145458761,0.0
12,511.0,0.0,0.0
13,511.0,0.0771647338180591,0.0
14,511.0,0.09162228667337047,0.0
15,511.0,0.0,0.0
16,511.0,0.3545051702942881,0.0
17,511.0,0.0047126155336644215,0.0
18,511.0,0.014493467753948885,0.0
19,511.0,0.0,0.0
20,511.0,0.0,0.0
21,511.0,0.006633405594727693,0.0
22,511.0,0.10357643965824115,0.0
23,511.0,0.0,0.0
24,511.0,0.0,0.0
25,511.0,9.632401917988657,11.11111111111111
26,511.0,0.0670663335231938,0.0
27,511.0,0.10148348805815754,0.0
28,511.0,0.0,0.0
29,511.0,0.0,0.0
30,511.0,0.023498882121006148,0.0
31,511.0,0.12213269805015747,0.0
32,511.0,0.0,0.0
33,511.0,0.0,0.0
34,511.0,0.0,0.0
35,511.0,0.1847421656582382,0.0
36,511.0,0.14768227487159258,0.0
37,511.0,0.0,0.0
38,511.0,0.017247206975957163,0.0
39,511.0,13.223595323320598,11.11111111111111
40,511.0,33.2580692095326,11.11111111111111
41,511.0,0.0,0.0
42,511.0,0.0,0.0
43,511.0,0.024777549434666035,0.0
44,511.0,0.089164606942294,0.0
45,511.0,0.0183554446971107,0.0
46,511.0,0.0,0.0
47,511.0,0.0,0.0
48,511.0,0.0,0.0
49,511.0,0.1159660915926718,0.0
50,511.0,0.03588178463241909,0.0
1,512.0,0.2829785363431099,0.0
2,512.0,12.562078761197604,11.11111111111111
3,512.0,0.0,0.0
4,512.0,0.28192532855775887,0.0
5,512.0,0.0,0.0
6,512.0,0.0,0.0
7,512.0,0.06720069731506739,0.0
8,512.0,0.17375728960318393,0.0
9,512.0,0.0,0.0
10,512.0,0.0,0.0
11,512.0,0.19083857414285366,0.0
12,512.0,0.15159397883134595,0.0
13,512.0,0.0,0.0
14,512.0,0.0415009406042155,0.0
15,512.0,0.0,0.0
16,512.0,0.16263478673252663,0.0
17,512.0,0.17925530073155194,0.0
18,512.0,0.0,0.0
19,512.0,0.17674749049183702,0.0
20,512.0,0.13491086428476973,0.0
21,512.0,0.042814784236818726,0.0
22,512.0,0.21470498804419746,0.0
23,512.0,0.0,0.0
24,512.0,0.04384429091892139,0.0
25,512.0,9.291182189150787,11.11111111111111
26,512.0,0.0,0.0
27,512.0,0.10329288441799245,0.0
28,512.0,0.0,0.0
29,512.0,0.060596805146400645,0.0
30,512.0,0.0,0.0
31,512.0,0.0185103769690107,0.0
32,512.0,0.1512483833722854,0.0
33,512.0,0.1188419474595469,0.0
34,512.0,0.016107672782217697,0.0
35,512.0,0.3927041462235038,0.0
36,512.0,0.0,0.0
37,512.0,0.0,0.0
38,512.0,0.11528545769014464,0.0
39,512.0,13.135575960743973,11.11111111111111
40,512.0,33.35380950232349,11.11111111111111
41,512.0,0.06528834265030892,0.0
42,512.0,0.15241039407406676,0.0
43,512.0,0.0,0.0
44,512.0,0.05500940400935683,0.0
45,512.0,0.0,0.0
46,512.0,0.1839524169159975,0.0
47,512.0,0.3190776360042762,0.0
48,512.0,0.0,0.0
49,512.0,0.0,0.0
50,512.0,0.21411115790280943,0.0
1,513.0,0.13109952344717546,0.0
2,513.0,12.408405505179182,11.11111111111111
3,513.0,0.10972236043800065,0.0
4,513.0,0.10452501572088169,0.0
5,513.0,0.0,0.0
6,513.0,0.0,0.0
7,513.0,0.020024966648522602,0.0
8,513.0,0.0,0.0
9,513.0,0.0,0.0
10,513.0,0.0,0.0
11,513.0,0.0,0.0
12,513.0,0.015927483451934954,0.0
13,513.0,0.0,0.0
14,513.0,0.09272152611507523,0.0
15,513.0,0.0,0.0
16,513.0,0.05889081154686504,0.0
17,513.0,0.0,0.0
18,513.0,0.05324912011812455,0.0
19,513.0,0.21881550645209646,0.0
20,513.0,0.10749000072901471,0.0
21,513.0,0.0,0.0
22,513.0,0.0,0.0
23,513.0,0.1234456301260708,0.0
24,513.0,0.009171726429501037,0.0
25,513.0,9.290910707632982,11.11111111111111
26,513.0,0.0,0.0
27,513.0,0.03793601878043806,0.0
28,513.0,0.0,0.0
29,513.0,0.07788865892403207,0.0
30,513.0,0.057919380020384104,0.0
31,513.0,0.0,0.0
32,513.0,0.0,0.0
33,513.0,0.0,0.0
34,513.0,0.008605491496535334,0.0
35,513.0,0.0,0.0
36,513.0,0.1906517837913504,0.0
37,513.0,0.0,0.0
38,513.0,0.30773915431992116,0.0
39,513.0,13.46920054943799,11.11111111111111
40,513.0,33.39930116109983,11.11111111111111
41,513.0,0.0,0.0
42,513.0,0.0,0.0
43,513.0,0.0,0.0
44,513.0,0.0,0.0
45,513.0,0.09022638591011034,0.0
46,513.0,0.40422276814256786,0.0
47,513.0,0.14296793343119685,0.0
48,513.0,0.0860118122034832,0.0
49,513.0,0.0,0.0
50,513.0,0.06107069516529462,0.0
1,514.0,0.006274128591599593,0.0
2,514.0,12.867068093956625,11.11111111111111
3,514.0,0.10736895876852504,0.0
4,514.0,0.22425849281691213,0.0
5,514.0,0.052516042164657106,0.0
6,514.0,0.27651634740976094,0.0
7,514.0,0.0,0.0
8,514.0,0.5878972512190708,0.0
9,514.0,0.18947357809218823,0.0
10,514.0,0.0,0.0
11,514.0,0.11697304981279488,0.0
12,514.0,0.129567264479986,0.0
13,514.0,0.21483366493058298,0.0
14,514.0,0.0,0.0
15,514.0,0.005720088022825531,0.0
16,514.0,0.0,0.0
17,514.0,0.0,0.0
18,514.0,0.15711463582486573,0.0
19,514.0,0.17910037927000166,0.0
20,514.0,0.0,0.0
21,514.0,0.03303475570050163,0.0
22,514.0,0.0,0.0
23,514.0,0.0,0.0
24,514.0,0.0,0.0
25,514.0,9.67219389235238,11.11111111111111
26,514.0,0.07758583030487332,0.0
27,514.0,0.12371794339008735,0.0
28,514.0,0.0,0.0
29,514.0,0.0,0.0
30,514.0,0.0,0.0
31,514.0,0.055570538524457036,0.0
32,514.0,0.0,0.0
33,514.0,0.0,0.0
34,514.0,0.0,0.0
35,514.0,0.04538592704657507,0.0
36,514.0,0.0,0.0
37,514.0,0.0,0.0
38,514.0,0.15604829809712217,0.0
39,514.0,13.769225807729374,11.11111111111111
40,514.0,33.17367709899581,11.11111111111111
41,514.0,0.3860395582486287,0.0
42,514.0,0.0,0.0
43,514.0,0.0,0.0
44,514.0,0.0,0.0
45,514.0,0.10288352315021854,0.0
46,514.0,0.16206912769267345,0.0
47,514.0,0.0,0.0
48,514.0,0.10059761737761874,0.0
49,514.0,0.0,0.0
50,514.0,0.0,0.0
1,515.0,0.0,0.0
2,515.0,12.806270084826046,11.11111111111111
3,515.0,0.0,0.0
4,515.0,0.0,0.0
5,515.0,0.0,0.0
6,515.0,0.0,0.0
7,515.0,0.13222220389788963,0.0
8,515.0,0.0,0.0
9,515.0,0.0,0.0
10,515.0,0.0,0.0
11,515.0,0.0,0.0
12,515.0,0.15098064469288153,0.0
13,515.0,0.1533900670160424,0.0
14,515.0,0.10164007858843238,0.0
15,515.0,0.3435608560147747,0.0
16,515.0,0.0490143841752797,0.0
17,515.0,0.029664669554510747,0.0
18,515.0,0.0,0.0
19,515.0,0.0,0.0
20,515.0,0.25872486554092244,0.0
21,515.0,0.0,0.0
22,515.0,0.15110447339915034,0.0
23,515.0,0.05555230806775813,0.0
24,515.0,0.13541412514531093,0.0
25,515.0,9.627935369147071,11.11111111111111
26,515.0,0.28027072454960367,0.0
27,515.0,0.0,0.0
28,515.0,0.0,0.0
29,515.0,0.0,0.0
30,515.0,0.06707790083194509,0.0
31,515.0,0.21823565710010184,0.0
32,515.0,0.20483779497429688,0.0
33,515.0,0.202510821039238,0.0
34,515.0,0.04206861157945141,0.0
35,515.0,0.12104707715131802,0.0
36,515.0,0.010922126718479364,0.0
37,515.0,0.0,0.0
38,515.0,0.2056218848710345,0.0
39,515.0,13.071769025105029,11.11111111111111
40,515.0,33.79890762834323,11.11111111111111
41,515.0,0.14745505894768907,0.0
42,515.0,0.0,0.0
43,515.0,0.0,0.0
44,515.0,0.09482689750819584,0.0
45,515.0,0.0,0.0
46,515.0,0.027948004958569417,0.0
47,515.0,0.0,0.0
48,515.0,0.0,0.0
49,515.0,0.0,0.0
50,515.0,0.056987182625640176,0.0
1,516.0,0.23208805355151385,0.0
2,516.0,12.580361895589412,11.11111111111111
3,516.0,0.0,0.0
4,516.0,0.0,0.0
5,516.0,0.020428366896539596,0.0
6,516.0,0.0,0.0
7,516.0,0.0,0.0
8,516.0,0.23821099331555617,0.0
9,516.0,0.0,0.0
10,516.0,0.0,0.0
11,516.0,0.0,0.0
12,516.0,0.0,0.0
13,516.0,0.1086266882604151,0.0
14,516.0,0.06853514319509935,0.0
15,516.0,0.0,0.0
16,516.0,0.0,0.0
17,516.0,0.0,0.0
18,516.0,0.0,0.0
19,516.0,0.05184340138782806,0.0
20,516.0,0.15459176032958555,0.0
21,516.0,0.0,0.0
22,516.0,0.0,0.0
23,516.0,0.012495003215908351,0.0
24,516.0,0.04935802715182436,0.0
25,516.0,9.795367773446912,11.11111111111111
26,516.0,0.0,0.0
27,516.0,0.0,0.0
28,516.0,0.0,0.0
29,516.0,0.0,0.0
30,516.0,0.0,0.0
31,516.0,0.1382942332306636,0.0
32,516.0,0.0,0.0
33,516.0,0.0,0.0
34,516.0,0.0,0.0
35,516.0,0.10296083848706106,0.0
36,516.0,0.020839468612641632,0.0
37,516.0,0.0,0.0
38,516.0,0.0956412623435523,0.0
39,516.0,13.33964348360124,11.11111111111111
40,516.0,33.19076797737434,11.11111111111111
41,516.0,0.1058077381367345,0.0
42,516.0,0.0,0.0
43,516.0,0.0764172676529219,0.0
44,516.0,0.04639561002264758,0.0
45,516.0,0.0,0.0
46,516.0,0.07284266234893011,0.0
47,516.0,0.0015819270965191645,0.0
48,516.0,0.0,0.0
49,516.0,0.0,0.0
50,516.0,0.08832501984818164,0.0
1,517.0,0.007585432240273526,0.0
2,517.0,12.485510399448994,11.11111111111111
3,517.0,0.0,0.0
4,517.0,0.0,0.0
5,517.0,0.0,0.0
6,517.0,0.0,0.0
7,517.0,0.18182125782220881,0.0
8,517.0,0.0,0.0
9,517.0,0.0,0.0
10,517.0,0.11463766803964515,0.0
11,517.0,0.0,0.0
12,517.0,0.20926878573834595,0.0
13,517.0,0.0,0.0
14,517.0,0.0,0.0
15,517.0,0.0,0.0
16,517.0,0.3389993847618642,0.0
17,517.0,0.0,0.0
18,517.0,0.25557662612993004,0.0
19,517.0,0.14877562464702765,0.0
20,517.0,0.1021296386772218,0.0
21,517.0,0.0,0.0
22,517.0,0.0,0.0
23,517.0,0.4166130993239533,0.0
24,517.0,0.09196213467543901,0.0
25,517.0,9.741604030522424,11.11111111111111
26,517.0,0.10321945410285116,0.0
27,517.0,0.09532838483798456,0.0
28,517.0,0.0616571770659986,0.0
29,517.0,0.16396504742028584,0.0
30,517.0,0.012877218211247432,0.0
31,517.0,0.0,0.0
32,517.0,0.4076201447717712,0.0
33,517.0,0.07122485045918736,0.0
34,517.0,0.0,0.0
35,517.0,0.2649501066429286,0.0
36,517.0,0.10964000880093006,0.0
37,517.0,0.0,0.0
38,517.0,0.0,0.0
39,517.0,12.82868581248398,11.11111111111111
40,517.0,32.98263440944167,11.11111111111111
41,517.0,0.20010286530801846,0.0
42,517.0,0.0,0.0
43,517.0,0.0,0.0
44,517.0,0.0,0.0
45,517.0,0.07095224856673699,0.0
46,517.0,0.0,0.0
47,517.0,0.0,0.0
48,517.0,0.11780196347290772,0.0
49,517.0,0.13819245714626216,0.0
50,517.0,0.0,0.0
1,518.0,0.0,0.0
2,518.0,12.687583184806737,11.11111111111111
3,518.0,0.0,0.0
4,518.0,0.0,0.0
5,518.0,0.08815070875365838,0.0
6,518.0,0.0,0.0
7,518.0,0.0,0.0
8,518.0,0.0,0.0
9,518.0,0.0,0.0
10,518.0,0.0,0.0
11,518.0,0.0,0.0
12,518.0,0.015523299285129188,0.0
13,518.0,0.0,0.0
14,518.0,0.0,0.0
15,518.0,0.1003849026135818,0.0
16,518.0,0.02438183256866866,0.0
17,518.0,0.0,0.0
18,518.0,0.14232965984696144,0.0
19,518.0,0.037541354835857854,0.0
20,518.0,0.0,0.0
21,518.0,0.0,0.0
22,518.0,0.24162720427097073,0.0
23,518.0,0.295697387867091,0.0
24,518.0,0.0,0.0
25,518.0,9.374587437503628,11.11111111111111
26,518.0,0.26016133799527974,0.0
27,518.0,0.06212146537337182,0.0
28,518.0,0.0,0.0
29,518.0,0.07763967064696764,0.0
30,518.0,0.13017907049190658,0.0
31,518.0,0.09416478842515308,0.0
32,518.0,0.0,0.0
33,518.0,0.0,0.0
34,518.0,0.0,0.0
35,518.0,0.0,0.0
36,518.0,0.0,0.0
37,518.0,0.0,0.0
38,518.0,0.20860687090822516,0.0
39,518.0,13.067934885695992,11.11111111111111
40,518.0,33.10809804263222,11.11111111111111
41,518.0,0.14410854616084257,0.0
42,518.0,0.052081818516621636,0.0
43,518.0,0.2262134290148371,0.0
44,518.0,0.089123123660523,0.0
45,518.0,0.1332661844206573,0.0
46,518.0,0.13107473485949195,0.0
47,518.0,0.0,0.0
48,518.0,0.0,0.0
49,518.0,0.12459397161392927,0.0
50,518.0,0.22544404800510787,0.0
1,519.0,0.0,0.0
2,519.0,12.848044929695863,11.11111111111111
3,519.0,0.03513803290712647,0.0
4,519.0,0.023693194085875557,0.0
5,519.0,0.3681607323699637,0.0
6,519.0,0.14947988282610836,0.0
7,519.0,0.012191037168326146,0.0
8,519.0,0.0,0.0
9,519.0,0.0,0.0
10,519.0,0.0,0.0
11,519.0,0.10302099819157295,0.0
12,519.0,0.20888834816435942,0.0
13,519.0,0.0,0.0
14,519.0,0.0,0.0
15,519.0,0.0,0.0
16,519.0,0.0060009310269427685,0.0
17,519.0,0.04163054972412816,0.0
18,519.0,0.21918350618893745,0.0
19,519.0,0.0,0.0
20,519.0,0.0434809181482807,0.0
21,519.0,0.0,0.0
22,519.0,0.0,0.0
23,519.0,0.0,0.0
24,519.0,0.0,0.0
25,519.0,9.221500709173277,11.11111111111111
26,519.0,0.1627562306689555,0.0
27,519.0,0.018561516989625937,0.0
28,519.0,0.08055488316026149,0.0
29,519.0,0.0,0.0
30,519.0,0.0,0.0
31,519.0,0.1214284617683663,0.0
32,519.0,0.0,0.0
33,519.0,0.0,0.0
34,519.0,0.1494799153349179,0.0
35,519.0,0.06374820258368696,0.0
36,519.0,0.0,0.0
37,519.0,0.07032923237566979,0.0
38,519.0,0.02458327921460035,0.0
39,519.0,13.71802988239842,11.11111111111111
40,519.0,33.9162527099439,11.11111111111111
41,519.0,0.0,0.0
42,519.0,0.3145204524943397,0.0
43,519.0,0.15454453551346414,0.0
44,519.0,0.2520608140070538,0.0
45,519.0,0.0,0.0
46,519.0,0.0,0.0
47,519.0,0.0,0.0
48,519.0,0.13826547848151516,0.0
49,519.0,0.2300969467869507,0.0
50,519.0,0.0,0.0
1,520.0,0.14956384061332872,0.0
2,520.0,12.53730708526485,11.11111111111111
3,520.0,0.09139934792012105,0.0
4,520.0,0.15212736586891118,0.0
5,520.0,0.01498106655257958,0.0
6,520.0,0.0,0.0
7,520.0,0.0,0.0
8,520.0,0.07229091924996678,0.0
9,520.0,0.0,0.0
10,520.0,0.02438650897577266,0.0
11,520.0,0.08911202403749652,0.0
12,520.0,0.0,0.0
13,520.0,0.0,0.0
14,520.0,0.0,0.0
15,520.0,0.12499253001593091,0.0
16,520.0,0.0,0.0
17,520.0,0.0,0.0
18,520.0,0.1509261875003105,0.0
19,520.0,0.0,0.0
20,520.0,0.0,0.0
21,520.0,0.0,0.0
22,520.0,0.0,0.0
23,520.0,0.0,0.0
24,520.0,0.0,0.0
25,520.0,9.075371648895484,11.11111111111111
26,520.0,0.0,0.0
27,520.0,0.0,0.0
28,520.0,0.10088513340936733,0.0
29,520.0,0.0,0.0
30,520.0,0.0,0.0
31,520.0,0.2339021925564322,0.0
32,520.0,0.0,0.0
33,520.0,0.00785846650236166,0.0
34,520.0,0.13573750285946795,0.0
35,520.0,0.0,0.0
36,520.0,0.176748276981593,0.0
37,520.0,0.0,0.0
38,520.0,0.2679245995426123,0.0
39,520.0,13.912143113826614,11.11111111111111
40,520.0,33.29703443714022,11.11111111111111
41,520.0,0.18121702163151465,0.0
42,520.0,0.0,0.0
43,520.0,0.0,0.0
44,520.0,0.0,0.0
45,520.0,0.024115064352837612,0.0
46,520.0,0.09974713128876112,0.0
47,520.0,0.0,0.0
48,520.0,0.08235245821752712,0.0
49,520.0,0.00664891005568613,0.0
50,520.0,0.0,0.0
1,521.0,0.0,0.0
2,521.0,12.388334482071382,11.11111111111111
3,521.0,0.0,0.0
4,521.0,0.0,0.0
5,521.0,0.0,0.0
6,521.0,0.5211688311577674,0.0
7,521.0,0.0,0.0
8,521.0,0.0,0.0
9,521.0,0.0,0.0
10,521.0,0.0,0.0
11,521.0,0.0,0.0
12,521.0,0.0,0.0
13,521.0,0.0,0.0
14,521.0,0.04664248201986809,0.0
15,521.0,0.3284869329981398,0.0
16,521.0,0.17084770204348887,0.0
17,521.0,0.0,0.0
18,521.0,0.0,0.0
19,521.0,0.11512191661133031,0.0
20,521.0,0.0,0.0
21,521.0,0.005087426812441009,0.0
22,521.0,0.07459166732403721,0.0
23,521.0,0.017234537114731552,0.0
24,521.0,0.0,0.0
25,521.0,9.15077640065747,11.11111111111111
26,521.0,0.010123632421132678,0.0
27,521.0,0.0,0.0
28,521.0,0.0,0.0
29,521.0,0.0,0.0
30,521.0,0.0,0.0
31,521.0,0.09975282442886901,0.0
32,521.0,0.051338147185408856,0.0
33,521.0,0.19135938220418314,0.0
34,521.0,0.25535433072559677,0.0
35,521.0,0.0,0.0
36,521.0,0.0,0.0
37,521.0,0.06596540214964863,0.0
38,521.0,0.09749617417409684,0.0
39,521.0,14.209167899894625,11.11111111111111
40,521.0,33.26756434065956,11.11111111111111
41,521.0,0.5568024082953351,0.0
42,521.0,0.025305957656809874,0.0
43,521.0,0.10405875965806544,0.0
44,521.0,0.19903345517346493,0.0
45,521.0,0.0,0.0
46,521.0,0.0,0.0
47,521.0,0.06382410494565971,0.0
48,521.0,0.07522125943192814,0.0
49,521.0,0.05444313242678556,0.0
50,521.0,0.0,0.0
1,522.0,0.05355318633544981,0.0
2,522.0,12.602742708125346,11.11111111111111
3,522.0,0.23957821841431226,0.0
4,522.0,0.15849072677424325,0.0
5,522.0,0.0,0.0
6,522.0,0.003125149776809333,0.0
7,522.0,0.0,0.0
8,522.0,0.0,0.0
9,522.0,0.0,0.0
10,522.0,0.2689151995613126,0.0
11,522.0,0.12099917768091528,0.0
12,522.0,0.0,0.0
13,522.0,0.025599384977002426,0.0
14,522.0,0.0628631282285903,0.0
15,522.0,0.04926841261162418,0.0
16,522.0,0.13186114083929446,0.0
17,522.0,0.0,0.0
18,522.0,0.0,0.0
19,522.0,0.0,0.0
20,522.0,0.013215838360848498,0.0
21,522.0,0.0,0.0
22,522.0,0.0,0.0
23,522.0,0.11675765581302289,0.0
24,522.0,0.0,0.0
25,522.0,9.213423243191302,11.11111111111111
26,522.0,0.1744690300605407,0.0
27,522.0,0.0,0.0
28,522.0,0.0,0.0
29,522.0,0.008254855408002193,0.0
30,522.0,0.0,0.0
31,522.0,0.0,0.0
32,522.0,0.0,0.0
33,522.0,0.0051321031913580395,0.0
34,522.0,0.0,0.0
35,522.0,0.0,0.0
36,522.0,0.03392521170397045,0.0
37,522.0,0.05308339335899159,0.0
38,522.0,0.0,0.0
39,522.0,13.87901786997859,11.11111111111111
40,522.0,33.618616830126754,11.11111111111111
41,522.0,0.24293732542831648,0.0
42,522.0,0.0,0.0
43,522.0,0.0,0.0
44,522.0,0.0,0.0
45,522.0,0.0,0.0
46,522.0,0.0,0.0
47,522.0,0.06378542871411441,0.0
48,522.0,0.0,0.0
49,522.0,0.056928232739385964,0.0
50,522.0,0.04776610270551396,0.0
1,523.0,0.0,0.0
2,523.0,12.547936356121273,11.11111111111111
3,523.0,0.08694997653558223,0.0
4,523.0,0.37165472055209126,0.0
5,523.0,0.005830252693254212,0.0
6,523.0,0.18308979617869503,0.0
7,523.0,0.0,0.0
8,523.0,0.0,0.0
9,523.0,0.04051289236373479,0.0
10,523.0,0.0,0.0
11,523.0,0.23800457779941875,0.0
12,523.0,0.03194390357641952,0.0
13,523.0,0.0,0.0
14,523.0,0.0,0.0
15,523.0,0.0,0.0
16,523.0,0.008701461967804192,0.0
17,523.0,0.0,0.0
18,523.0,0.09338350973353626,0.0
19,523.0,0.0,0.0
20,523.0,0.014239406005682298,0.0
21,523.0,0.0,0.0
22,523.0,0.09153824329200944,0.0
23,523.0,0.0,0.0
24,523.0,0.0,0.0
25,523.0,9.075988999357389,11.11111111111111
26,523.0,0.0,0.0
27,523.0,0.08830913881205549,0.0
28,523.0,0.0,0.0
29,523.0,0.020313872405027245,0.0
30,523.0,0.048022032742086274,0.0
31,523.0,0.0,0.0
32,523.0,0.24746628087286382,0.0
33,523.0,0.05991106534515411,0.0
34,523.0,0.0,0.0
35,523.0,0.0030028649638171867,0.0
36,523.0,0.0193961705806186,0.0
37,523.0,0.0,0.0
38,523.0,0.37326360319905594,0.0
39,523.0,14.177866269841223,11.11111111111111
40,523.0,33.759702085077144,11.11111111111111
41,523.0,0.04644952916038103,0.0
42,523.0,0.0,0.0
43,523.0,0.0,0.0
44,523.0,0.0,0.0
45,523.0,0.45995562113718624,0.0
46,523.0,0.18864327213254717,0.0
47,523.0,0.0,0.0
48,523.0,0.0,0.0
49,523.0,0.11182477031275417,0.0
50,523.0,0.06321452527315197,0.0
1,524.0,0.0,0.0
2,524.0,12.268076845108036,11.11111111111111
3,524.0,0.0,0.0
4,524.0,0.0,0.0
5,524.0,0.032846127345959264,0.0
6,524.0,0.11637647335671941,0.0
7,524.0,0.19525461746460837,0.0
8,524.0,0.33566110776242286,0.0
9,524.0,0.01458322482597485,0.0
10,524.0,0.15801474585408137,0.0
11,524.0,0.015068887035952439,0.0
12,524.0,0.0,0.0
13,524.0,0.09262622400291043,0.0
14,524.0,0.0,0.0
15,524.0,0.0,0.0
16,524.0,0.0,0.0
17,524.0,0.0,0.0
18,524.0,0.058317503696544426,0.0
19,524.0,0.07401844507968369,0.0
20,524.0,0.5583049084058562,0.0
21,524.0,0.05473124460676271,0.0
22,524.0,0.20685551351362275,0.0
23,524.0,0.0,0.0
24,524.0,0.02734973572409949,0.0
25,524.0,9.444781491866037,11.11111111111111
26,524.0,0.06464997379323434,0.0
27,524.0,0.23090140837720285,0.0
28,524.0,0.0,0.0
29,524.0,0.0915981113401858,0.0
30,524.0,0.19128924996730734,0.0
31,524.0,0.11373206272806224,0.0
32,524.0,0.0,0.0
33,524.0,0.0,0.0
34,524.0,0.0,0.0
35,524.0,0.08400295142579839,0.0
36,524.0,0.11485907087777736,0.0
37,524.0,0.29640185171248734,0.0
38,524.0,0.0,0.0
39,524.0,14.024672691808203,11.11111111111111
40,524.0,34.363029793054146,11.11111111111111
41,524.0,0.2060788411852994,0.0
42,524.0,0.0,0.0
43,524.0,0.0,0.0
44,524.0,0.30575429189037406,0.0
45,524.0,0.0028583805588107136,0.0
46,524.0,0.0,0.0
47,524.0,0.0,0.0
48,524.0,0.11913649273703353,0.0
49,524.0,0.0103977522768951,0.0
50,524.0,0.0,0.0
1,525.0,0.1768389663193285,0.0
2,525.0,12.334144144915257,11.11111111111111
3,525.0,0.0,0.0
4,525.0,0.0,0.0
5,525.0,0.030969721015806084,0.0
6,525.0,0.19574320081002672,0.0
7,525.0,0.11097229543249132,0.0
8,525.0,0.0,0.0
9,525.0,0.21931642321066713,0.0
10,525.0,0.0,0.0
11,525.0,0.04680828685168037,0.0
12,525.0,0.0,0.0
13,525.0,0.0,0.0
14,525.0,0.3684832855241329,0.0
15,525.0,0.08700243619468484,0.0
16,525.0,0.0,0.0
17,525.0,0.2409408797164594,0.0
18,525.0,0.2343840729684742,0.0
19,525.0,0.0,0.0
20,525.0,0.21387002231707397,0.0
21,525.0,0.0,0.0
22,525.0,0.0,0.0
23,525.0,0.06214490315639987,0.0
24,525.0,0.08286313703059445,0.0
25,525.0,9.403828512547227,11.11111111111111
26,525.0,0.2863073414287325,0.0
27,525.0,0.3436591536720801,0.0
28,525.0,0.0,0.0
29,525.0,0.09842302537508785,0.0
30,525.0,0.0,0.0
31,525.0,0.0,0.0
32,525.0,0.16615719677171814,0.0
33,525.0,0.0,0.0
34,525.0,0.06781382898945976,0.0
35,525.0,0.0,0.0
36,525.0,0.0,0.0
37,525.0,0.0,0.0
38,525.0,0.0,0.0
39,525.0,14.047771552753563,11.11111111111111
40,525.0,33.73421671097973,11.11111111111111
41,525.0,0.0,0.0
42,525.0,0.2779730563865266,0.0
43,525.0,0.036662341009064736,0.0
44,525.0,0.25616904125615325,0.0
45,525.0,0.0,0.0
46,525.0,0.0,0.0
47,525.0,0.0,0.0
48,525.0,0.029922908566029638,0.0
49,525.0,0.060160706364203675,0.0
50,525.0,0.032849372684609746,0.0
1,526.0,0.20795975267104116,0.0
2,526.0,12.267049615839621,11.11111111111111
3,526.0,0.0,0.0
4,526.0,0.31566222092036766,0.0
5,526.0,0.0,0.0
6,526.0,0.21444597316364655,0.0
7,526.0,0.13568627218403817,0.0
8,526.0,0.04511716996081516,0.0
9,526.0,0.0,0.0
10,526.0,0.0,0.0
11,526.0,0.11343807346774437,0.0
12,526.0,0.043134694349897695,0.0
13,526.0,0.0832242687483522,0.0
14,526.0,0.08460747853514627,0.0
15,526.0,0.0,0.0
16,526.0,0.0,0.0
17,526.0,0.0,0.0
18,526.0,0.016191246693192274,0.0
19,526.0,0.15425503078417857,0.0
20,526.0,0.0,0.0
21,526.0,0.18710898285920396,0.0
22,526.0,0.0022761093135404975,0.0
23,526.0,0.06179124913735112,0.0
24,526.0,0.24760607732694895,0.0
25,526.0,9.723672901336126,11.11111111111111
26,526.0,0.0,0.0
27,526.0,0.11954026919630323,0.0
28,526.0,0.0,0.0
29,526.0,0.11449335188323606,0.0
30,526.0,0.0,0.0
31,526.0,0.22812532318774148,0.0
32,526.0,0.0,0.0
33,526.0,0.0,0.0
34,526.0,0.0,0.0
35,526.0,0.01570416872784519,0.0
36,526.0,0.0,0.0
37,526.0,0.16226806573658548,0.0
38,526.0,0.0,0.0
39,526.0,13.723225406519354,11.11111111111111
40,526.0,33.96504965975483,11.11111111111111
41,526.0,0.10953244508716531,0.0
42,526.0,0.20828180002609786,0.0
43,526.0,0.0,0.0
44,526.0,0.011605137211327388,0.0
45,526.0,0.0,0.0
46,526.0,0.1610398559039754,0.0
47,526.0,0.0,0.0
48,526.0,0.12509069204464396,0.0
49,526.0,0.08627466265487316,0.0
50,526.0,0.0,0.0
1,527.0,0.16678870989718042,0.0
2,527.0,11.953096174524863,11.11111111111111
3,527.0,0.04240916248387627,0.0
4,527.0,0.04489521769593752,0.0
5,527.0,0.0,0.0
6,527.0,0.01963681309571219,0.0
7,527.0,0.1697679318274612,0.0
8,527.0,0.0,0.0
9,527.0,0.17113354805584735,0.0
10,527.0,0.0,0.0
11,527.0,0.05113076522278803,0.0
12,527.0,0.10280727256069244,0.0
13,527.0,0.2693916032792404,0.0
14,527.0,0.17446975797949804,0.0
15,527.0,0.0,0.0
16,527.0,0.0011590768615384883,0.0
17,527.0,0.0,0.0
18,527.0,0.0,0.0
19,527.0,0.0,0.0
20,527.0,0.03039656370573174,0.0
21,527.0,0.20592514974728748,0.0
22,527.0,0.0,0.0
23,527.0,0.023795405692875526,0.0
24,527.0,0.0,0.0
25,527.0,9.613464475729549,11.11111111111111
26,527.0,0.0049428226373751105,0.0
27,527.0,0.3680260173282439,0.0
28,527.0,0.0,0.0
29,527.0,0.0,0.0
30,527.0,0.02341813205759724,0.0
31,527.0,0.02447717283642936,0.0
32,527.0,0.0,0.0
33,527.0,0.006753207719865095,0.0
34,527.0,0.16013146442683857,0.0
35,527.0,0.035897980896540505,0.0
36,527.0,0.020237414089000372,0.0
37,527.0,0.0,0.0
38,527.0,0.0,0.0
39,527.0,14.002205320920657,11.11111111111111
40,527.0,34.537041225973105,11.11111111111111
41,527.0,0.0,0.0
42,527.0,0.04849032442046963,0.0
43,527.0,0.11136081786935925,0.0
44,527.0,0.0,0.0
45,527.0,0.0,0.0
46,527.0,0.05721204446453587,0.0
47,527.0,0.0,0.0
48,527.0,0.0,0.0
49,527.0,0.17466569371743013,0.0
50,527.0,0.15371454220594993,0.0
1,528.0,0.009343926672976122,0.0
2,528.0,12.146934956589805,11.11111111111111
3,528.0,0.022535238256684464,0.0
4,528.0,0.25032958979620845,0.0
5,528.0,0.0,0.0
6,528.0,0.13163727561901772,0.0
7,528.0,0.07896260044518177,0.0
8,528.0,0.1217063070571669,0.0
9,528.0,0.0,0.0
10,528.0,0.0,0.0
11,528.0,0.1285239844169601,0.0
12,528.0,0.10669387681948483,0.0
13,528.0,0.031599908714624814,0.0
14,528.0,0.0,0.0
15,528.0,0.0,0.0
16,528.0,0.0,0.0
17,528.0,0.04579156408272844,0.0
18,528.0,0.0935119107372746,0.0
19,528.0,0.0,0.0
20,528.0,0.0,0.0
21,528.0,0.01386782804433806,0.0
22,528.0,0.0,0.0
23,528.0,0.0,0.0
24,528.0,0.19135039860988912,0.0
25,528.0,10.081308993719945,11.11111111111111
26,528.0,0.025620212031461476,0.0
27,528.0,0.0,0.0
28,528.0,0.0,0.0
29,528.0,0.0,0.0
30,528.0,0.12572361493063156,0.0
31,528.0,0.14629827182638666,0.0
32,528.0,0.30055188300949687,0.0
33,528.0,0.023517996780274775,0.0
34,528.0,0.0,0.0
35,528.0,0.12901152219757472,0.0
36,528.0,0.0,0.0
37,528.0,0.0,0.0
38,528.0,0.1154948858137953,0.0
39,528.0,13.99687988751041,11.11111111111111
40,528.0,34.44879097366673,11.11111111111111
41,528.0,0.0,0.0
42,528.0,0.024151370378403758,0.0
43,528.0,0.0,0.0
44,528.0,0.19553651409219985,0.0
45,528.0,0.0,0.0
46,528.0,0.15546166363494696,0.0
47,528.0,0.0,0.0
48,528.0,0.11147691938283699,0.0
49,528.0,0.1102920850911644,0.0
50,528.0,0.10096281271338481,0.0
1,529.0,0.0,0.0
2,529.0,12.002787809959868,11.11111111111111
3,529.0,0.08864244847421932,0.0
4,529.0,0.16989677279373017,0.0
5,529.0,0.0,0.0
6,529.0,0.03873977402084072,0.0
7,529.0,0.0,0.0
8,529.0,0.0,0.0
9,529.0,0.0,0.0
10,529.0,0.0,0.0
11,529.0,0.0,0.0
12,529.0,0.0048175381043338295,0.0
13,529.0,0.0,0.0
14,529.0,0.0,0.0
15,529.0,0.0,0.0
16,529.0,0.0,0.0
17,529.0,0.5233636960046082,0.0
18,529.0,0.0,0.0
19,529.0,0.1009728068491802,0.0
20,529.0,0.0019510326522527155,0.0
21,529.0,0.006378114906004706,0.0
22,529.0,0.0,0.0
23,529.0,0.0,0.0
24,529.0,0.028662328210937393,0.0
25,529.0,10.202947757459416,11.11111111111111
26,529.0,0.0,0.0
27,529.0,0.0,0.0
28,529.0,0.18542193508092752,0.0
29,529.0,0.04427954457834238,0.0
30,529.0,0.0,0.0
31,529.0,0.0,0.0
32,529.0,0.0,0.0
33,529.0,0.08063543965431097,0.0
34,529.0,0.0,0.0
35,529.0,0.0,0.0
36,529.0,0.0,0.0
37,529.0,0.0925652344657798,0.0
38,529.0,0.020145160623607605,0.0
39,529.0,14.094191492277119,11.11111111111111
40,529.0,34.563874695082795,11.11111111111111
41,529.0,0.2812754200675237,0.0
42,529.0,0.17956248909162587,0.0
43,529.0,0.0,0.0
44,529.0,0.061387924190435705,0.0
45,529.0,0.0,0.0
46,529.0,0.0,0.0
47,529.0,0.10120618202743203,0.0
48,529.0,0.3277100783039123,0.0
49,529.0,0.0,0.0
50,529.0,0.048695125014904805,0.0
1,530.0,0.0,0.0
2,530.0,12.644647887661833,11.11111111111111
3,530.0,0.0,0.0
4,530.0,0.20861950167410814,0.0
5,530.0,0.0,0.0
6,530.0,0.26270121850411576,0.0
7,530.0,0.0,0.0
8,530.0,0.0,0.0
9,530.0,0.15798544852168117,0.0
10,530.0,0.059125200411636936,0.0
11,530.0,0.12575460158684204,0.0
12,530.0,0.10326592765636222,0.0
13,530.0,0.18654540283619125,0.0
14,530.0,0.0,0.0
15,530.0,0.2505122876590018,0.0
16,530.0,0.0,0.0
17,530.0,0.4001424053814724,0.0
18,530.0,0.051869076471066644,0.0
19,530.0,0.25585978430198597,0.0
20,530.0,0.0,0.0
21,530.0,0.0,0.0
22,530.0,0.0,0.0
23,530.0,0.019590505543572,0.0
24,530.0,0.027750766213327283,0.0
25,530.0,9.908587119507576,11.11111111111111
26,530.0,0.017586168397135338,0.0
27,530.0,0.0,0.0
28,530.0,0.0,0.0
29,530.0,0.14644349755120933,0.0
30,530.0,0.0,0.0
31,530.0,0.0,0.0
32,530.0,0.0,0.0
33,530.0,0.1126883361942731,0.0
34,530.0,0.0,0.0
35,530.0,0.050841467756439385,0.0
36,530.0,0.0,0.0
37,530.0,0.0,0.0
38,530.0,0.0,0.0
39,530.0,13.741407349310922,11.11111111111111
40,530.0,34.635744644230506,11.11111111111111
41,530.0,0.06745803043511633,0.0
42,530.0,0.1264807512368027,0.0
43,530.0,0.051003826523813856,0.0
44,530.0,0.0,0.0
45,530.0,0.09160938038889732,0.0
46,530.0,0.0,0.0
47,530.0,0.13918469252476706,0.0
48,530.0,0.0,0.0
49,530.0,0.0,0.0
50,530.0,0.0,0.0
1,531.0,0.0,0.0
2,531.0,12.410068593667319,11.11111111111111
3,531.0,0.10218860080341774,0.0
4,531.0,0.0,0.0
5,531.0,0.0,0.0
6,531.0,0.0,0.0
7,531.0,0.0,0.0
8,531.0,0.0,0.0
9,531.0,0.573918531721411,0.0
10,531.0,0.2627981509091245,0.0
11,531.0,0.0,0.0
12,531.0,0.0,0.0
13,531.0,0.0,0.0
14,531.0,0.0,0.0
15,531.0,0.0,0.0
16,531.0,0.0,0.0
17,531.0,0.0,0.0
18,531.0,0.1373164474261036,0.0
19,531.0,0.10622712394045064,0.0
20,531.0,0.0,0.0
21,531.0,0.0,0.0
22,531.0,0.03259841049481449,0.0
23,531.0,0.1531773657705352,0.0
24,531.0,0.028717292340778355,0.0
25,531.0,9.781154242460623,11.11111111111111
26,531.0,0.05583706002991129,0.0
27,531.0,0.0,0.0
28,531.0,0.06688239435619914,0.0
29,531.0,0.0,0.0
30,531.0,0.0,0.0
31,531.0,0.0,0.0
32,531.0,0.0,0.0
33,531.0,0.0,0.0
34,531.0,0.0,0.0
35,531.0,0.0,0.0
36,531.0,0.031945176979041645,0.0
37,531.0,0.0,0.0
38,531.0,0.15632291838708934,0.0
39,531.0,14.11875253023144,11.11111111111111
40,531.0,34.68447679075631,11.11111111111111
41,531.0,0.0,0.0
42,531.0,0.0,0.0
43,531.0,0.0,0.0
44,531.0,0.05278341155710509,0.0
45,531.0,0.20920263389910188,0.0
46,531.0,0.0,0.0
47,531.0,0.1232947218766327,0.0
48,531.0,0.0,0.0
49,531.0,0.0,0.0
50,531.0,0.1924728083348224,0.0
1,532.0,0.0,0.0
2,532.0,12.229022111824605,11.11111111111111
3,532.0,0.014342939228340845,0.0
4,532.0,0.0,0.0
5,532.0,0.0,0.0
6,532.0,0.0,0.0
7,532.0,0.0,0.0
8,532.0,0.0,0.0
9,532.0,0.33493025407639965,0.0
10,532.0,0.220811254173216,0.0
11,532.0,0.0,0.0
12,532.0,0.06592965327252531,0.0
13,532.0,0.012903122309650517,0.0
14,532.0,0.06269460954416606,0.0
15,532.0,0.13103913664974087,0.0
16,532.0,0.0,0.0
17,532.0,0.167670339186489,0.0
18,532.0,0.10944216138971385,0.0
19,532.0,0.0,0.0
20,532.0,0.0,0.0
21,532.0,0.04379580180711162,0.0
22,532.0,0.07103736264624727,0.0
23,532.0,0.3678221954315508,0.0
24,532.0,0.0,0.0
25,532.0,9.728916518674986,11.11111111111111
26,532.0,0.0,0.0
27,532.0,0.0070357361182800116,0.0
28,532.0,0.03885798817631814,0.0
29,532.0,0.0,0.0
30,532.0,0.2076007477697447,0.0
31,532.0,0.05523375068977043,0.0
32,532.0,0.13600460893665722,0.0
33,532.0,0.0,0.0
34,532.0,0.0,0.0
35,532.0,0.23748181568232452,0.0
36,532.0,0.28267385365264064,0.0
37,532.0,0.05071233623224869,0.0
38,532.0,0.0,0.0
39,532.0,14.128600009739573,11.11111111111111
40,532.0,34.59275268005711,11.11111111111111
41,532.0,0.0,0.0
42,532.0,0.0,0.0
43,532.0,0.0,0.0
44,532.0,0.05651486184935528,0.0
45,532.0,0.15801473751675932,0.0
46,532.0,0.0,0.0
47,532.0,0.0,0.0
48,532.0,0.0,0.0
49,532.0,0.04446391415842732,0.0
50,532.0,0.0,0.0
1,533.0,0.0,0.0
2,533.0,12.66882582868211,11.11111111111111
3,533.0,0.0,0.0
4,533.0,0.0,0.0
5,533.0,0.0,0.0
6,533.0,0.0,0.0
7,533.0,0.0,0.0
8,533.0,0.0,0.0
9,533.0,0.10153796998464304,0.0
10,533.0,0.0,0.0
11,533.0,0.0,0.0
12,533.0,0.0,0.0
13,533.0,0.2788703633853956,0.0
14,533.0,0.1770994792614825,0.0
15,533.0,0.0,0.0
16,533.0,0.0,0.0
17,533.0,0.027614416626652427,0.0
18,533.0,0.15289513307497504,0.0
19,533.0,0.26877594157485274,0.0
20,533.0,0.0,0.0
21,533.0,0.0,0.0
22,533.0,0.0,0.0
23,533.0,0.0,0.0
24,533.0,0.0,0.0
25,533.0,9.862633647443724,11.11111111111111
26,533.0,0.0,0.0
27,533.0,0.0999911317877874,0.0
28,533.0,0.24219484546653047,0.0
29,533.0,0.0,0.0
30,533.0,0.15320665920270093,0.0
31,533.0,0.0,0.0
32,533.0,0.15167654787056928,0.0
33,533.0,0.0,0.0
34,533.0,0.0,0.0
35,533.0,0.0,0.0
36,533.0,0.0,0.0
37,533.0,0.11867974656894709,0.0
38,533.0,0.004703513288873529,0.0
39,533.0,14.077448166219893,11.11111111111111
40,533.0,34.489697913584415,11.11111111111111
41,533.0,0.028368959561190676,0.0
42,533.0,0.2168385733467082,0.0
43,533.0,0.16896876945181738,0.0
44,533.0,0.01848289583394014,0.0
45,533.0,0.09865408746169957,0.0
46,533.0,0.0,0.0
47,533.0,0.0,0.0
48,533.0,0.0,0.0
49,533.0,0.0,0.0
50,533.0,0.0,0.0
1,534.0,0.0,0.0
2,534.0,12.690115352865313,11.11111111111111
3,534.0,0.14228187675535564,0.0
4,534.0,0.0,0.0
5,534.0,0.15066158600894364,0.0
6,534.0,0.1519685649499979,0.0
7,534.0,0.0,0.0
8,534.0,0.0,0.0
9,534.0,0.0,0.0
10,534.0,0.0,0.0
11,534.0,0.0,0.0
12,534.0,0.13166824231859842,0.0
13,534.0,0.0,0.0
14,534.0,0.0,0.0
15,534.0,0.23306863754757456,0.0
16,534.0,0.021630087599618153,0.0
17,534.0,0.07479151477742874,0.0
18,534.0,0.13132611840175068,0.0
19,534.0,0.0,0.0
20,534.0,0.17254668778398174,0.0
21,534.0,0.014287522617336235,0.0
22,534.0,0.016073615010210207,0.0
23,534.0,0.09518723016996711,0.0
24,534.0,0.0,0.0
25,534.0,9.687182292113922,11.11111111111111
26,534.0,0.32718246470411627,0.0
27,534.0,0.0,0.0
28,534.0,0.11704154116608323,0.0
29,534.0,0.12399191681006261,0.0
30,534.0,0.0,0.0
31,534.0,0.1157136138434548,0.0
32,534.0,0.09828524489026935,0.0
33,534.0,0.0,0.0
34,534.0,0.06698823773328622,0.0
35,534.0,0.0,0.0
36,534.0,0.0,0.0
37,534.0,0.12265128514478696,0.0
38,534.0,0.0,0.0
39,534.0,13.838815593988588,11.11111111111111
40,534.0,34.44513025582356,11.11111111111111
41,534.0,0.0,0.0
42,534.0,0.19125108567077298,0.0
43,534.0,0.1540649025786579,0.0
44,534.0,0.0,0.0
45,534.0,0.0,0.0
46,534.0,0.0627918551671065,0.0
47,534.0,0.35540491880761504,0.0
48,534.0,0.0,0.0
49,534.0,0.1866154703816999,0.0
50,534.0,0.2712059498598869,0.0
1,535.0,0.06374131724645382,0.0
2,535.0,12.677078842858466,11.11111111111111
3,535.0,0.13294008630989118,0.0
4,535.0,0.0,0.0
5,535.0,0.05789276900694351,0.0
6,535.0,0.22992216592109205,0.0
7,535.0,0.0,0.0
8,535.0,0.06380279274828016,0.0
9,535.0,0.10273476458400888,0.0
10,535.0,0.0,0.0
11,535.0,0.0,0.0
12,535.0,0.0975849941012138,0.0
13,535.0,0.31209557806774946,0.0
14,535.0,0.05861390999575633,0.0
15,535.0,0.31092960252837587,0.0
16,535.0,0.0,0.0
17,535.0,0.0034522070617570844,0.0
18,535.0,0.2652452051754022,0.0
19,535.0,0.0,0.0
20,535.0,0.0,0.0
21,535.0,0.058228374854154996,0.0
22,535.0,0.0,0.0
23,535.0,0.046744784932755024,0.0
24,535.0,0.16427578667216325,0.0
25,535.0,9.433251347752448,11.11111111111111
26,535.0,0.0,0.0
27,535.0,0.2331844859263711,0.0
28,535.0,0.03802714231256843,0.0
29,535.0,0.0,0.0
30,535.0,0.025581601548608557,0.0
31,535.0,0.0793540426471161,0.0
32,535.0,0.0,0.0
33,535.0,0.0,0.0
34,535.0,0.0,0.0
35,535.0,0.22280856667497928,0.0
36,535.0,0.18774487459309752,0.0
37,535.0,0.0,0.0
38,535.0,0.029956680260934787,0.0
39,535.0,14.137716337773192,11.11111111111111
40,535.0,34.33035712609472,11.11111111111111
41,535.0,0.0,0.0
42,535.0,0.13145801557256442,0.0
43,535.0,0.24831150255352996,0.0
44,535.0,0.10019583879597127,0.0
45,535.0,0.0,0.0
46,535.0,0.0,0.0
47,535.0,0.08750112899822282,0.0
48,535.0,0.0,0.0
49,535.0,0.0,0.0
50,535.0,0.21475095833927882,0.0
1,536.0,0.0,0.0
2,536.0,12.423493492313717,11.11111111111111
3,536.0,0.19372742096524254,0.0
4,536.0,0.0,0.0
5,536.0,0.0,0.0
6,536.0,0.0,0.0
7,536.0,0.0,0.0
8,536.0,0.0,0.0
9,536.0,0.0783237277549872,0.0
10,536.0,0.029411829684296897,0.0
11,536.0,0.10012394289907456,0.0
12,536.0,0.0,0.0
13,536.0,0.0,0.0
14,536.0,0.0,0.0
15,536.0,0.0,0.0
16,536.0,0.0,0.0
17,536.0,0.2809529869456847,0.0
18,536.0,0.0,0.0
19,536.0,0.3673909906989511,0.0
20,536.0,0.11904965180002847,0.0
21,536.0,0.09867696552527161,0.0
22,536.0,0.12886590819006827,0.0
23,536.0,0.0,0.0
24,536.0,0.0,0.0
25,536.0,9.518232196307784,11.11111111111111
26,536.0,0.0,0.0
27,536.0,0.0,0.0
28,536.0,0.0,0.0
29,536.0,0.0,0.0
30,536.0,0.0,0.0
31,536.0,0.0,0.0
32,536.0,0.0006089041305048504,0.0
33,536.0,0.1398112867586122,0.0
34,536.0,0.0013102675576250888,0.0
35,536.0,0.0,0.0
36,536.0,0.0,0.0
37,536.0,0.0,0.0
38,536.0,0.0,0.0
39,536.0,14.028765615486208,11.11111111111111
40,536.0,34.27181180773618,11.11111111111111
41,536.0,0.19984585461704285,0.0
42,536.0,0.0,0.0
43,536.0,0.0,0.0
44,536.0,0.0,0.0
45,536.0,0.0,0.0
46,536.0,0.035528274640177715,0.0
47,536.0,0.0,0.0
48,536.0,0.0,0.0
49,536.0,0.0,0.0
50,536.0,0.0,0.0
1,537.0,0.2606588724149763,0.0
2,537.0,12.25528388855445,11.11111111111111
3,537.0,0.13640159396319917,0.0
4,537.0,0.35712377262240336,0.0
5,537.0,0.0,0.0
6,537.0,0.0,0.0
7,537.0,0.1549912209853055,0.0
8,537.0,0.21101866253407475,0.0
9,537.0,0.0,0.0
10,537.0,0.0,0.0
11,537.0,0.004650581266365639,0.0
12,537.0,0.0,0.0
13,537.0,0.0,0.0
14,537.0,0.10924778711022187,0.0
15,537.0,0.012033682401438872,0.0
16,537.0,0.1325922682658367,0.0
17,537.0,0.17080166080250592,0.0
18,537.0,0.0,0.0
19,537.0,0.32321327712079495,0.0
20,537.0,0.047034817636423365,0.0
21,537.0,0.0,0.0
22,537.0,0.09206611170494905,0.0
23,537.0,0.05544795848821016,0.0
24,537.0,0.1678185398738532,0.0
25,537.0,10.021126000529538,11.11111111111111
26,537.0,0.0963752865992521,0.0
27,537.0,0.07233266014198014,0.0
28,537.0,0.1496450303651642,0.0
29,537.0,0.1737903267738964,0.0
30,537.0,0.0,0.0
31,537.0,0.44346827060911786,0.0
32,537.0,0.05352516866179391,0.0
33,537.0,0.14897810156415248,0.0
34,537.0,0.0,0.0
35,537.0,0.0,0.0
36,537.0,0.20071985169207496,0.0
37,537.0,0.09001735381095755,0.0
38,537.0,0.11701125010826419,0.0
39,537.0,13.969370069254872,11.11111111111111
40,537.0,34.088233102995616,11.11111111111111
41,537.0,0.11537338715978762,0.0
42,537.0,0.1035938125465502,0.0
43,537.0,0.0025714784448401806,0.0
44,537.0,0.06613757223719186,0.0
45,537.0,0.0,0.0
46,537.0,0.0,0.0
47,537.0,0.0,0.0
48,537.0,0.1970344931083412,0.0
49,537.0,0.3414307254349428,0.0
50,537.0,0.0,0.0
1,538.0,0.0,0.0
2,538.0,12.603756627032068,11.11111111111111
3,538.0,0.16985626972894918,0.0
4,538.0,0.014543193291050027,0.0
5,538.0,0.07520989118198163,0.0
6,538.0,0.12050216558788662,0.0
7,538.0,0.13460797517192336,0.0
8,538.0,0.3071745513819816,0.0
9,538.0,0.006653229533576055,0.0
10,538.0,0.1673468503064104,0.0
11,538.0,0.11135417640393874,0.0
12,538.0,0.019738119625493655,0.0
13,538.0,0.09115814810420175,0.0
14,538.0,0.0200372883659804,0.0
15,538.0,0.0,0.0
16,538.0,0.0,0.0
17,538.0,0.0,0.0
18,538.0,0.013649414606343946,0.0
19,538.0,0.02079780870562742,0.0
20,538.0,0.19339526477434987,0.0
21,538.0,0.0,0.0
22,538.0,0.07448852018611107,0.0
23,538.0,0.2128180920134929,0.0
24,538.0,0.1125906429992014,0.0
25,538.0,9.626542590084403,11.11111111111111
26,538.0,0.0,0.0
27,538.0,0.2393989453368448,0.0
28,538.0,0.002748460572057243,0.0
29,538.0,0.2428919941957971,0.0
30,538.0,0.13786666433789163,0.0
31,538.0,0.0,0.0
32,538.0,0.0,0.0
33,538.0,0.0,0.0
34,538.0,0.027724361939466702,0.0
35,538.0,0.0,0.0
36,538.0,0.0,0.0
37,538.0,0.19679752336473733,0.0
38,538.0,0.058513452551686496,0.0
39,538.0,14.295914178246191,11.11111111111111
40,538.0,34.31360873923947,11.11111111111111
41,538.0,0.2767926478160032,0.0
42,538.0,0.0,0.0
43,538.0,0.0,0.0
44,538.0,0.0,0.0
45,538.0,0.12484483917720812,0.0
46,538.0,0.0,0.0
47,538.0,0.06860523796083107,0.0
48,538.0,0.0,0.0
49,538.0,0.0,0.0
50,538.0,0.1016481218230918,0.0
1,539.0,0.0,0.0
2,539.0,12.18683737836517,11.11111111111111
3,539.0,0.0,0.0
4,539.0,0.0,0.0
5,539.0,0.0,0.0
6,539.0,0.14430494570283248,0.0
7,539.0,0.17552066659195453,0.0
8,539.0,0.0,0.0
9,539.0,0.0,0.0
10,539.0,0.21409849925042468,0.0
11,539.0,0.08727923337437704,0.0
12,539.0,0.0,0.0
13,539.0,0.17366762413398218,0.0
14,539.0,0.022236314038956317,0.0
15,539.0,0.0417582137892516,0.0
16,539.0,0.0,0.0
17,539.0,0.20584079277982148,0.0
18,539.0,0.0,0.0
19,539.0,0.0,0.0
20,539.0,0.0,0.0
21,539.0,0.0,0.0
22,539.0,0.18903351004949875,0.0
23,539.0,0.09978788736213151,0.0
24,539.0,0.0,0.0
25,539.0,10.035536370707174,11.11111111111111
26,539.0,0.062263228364013656,0.0
27,539.0,0.0,0.0
28,539.0,0.03171526667558833,0.0
29,539.0,0.13766519884817607,0.0
30,539.0,0.0,0.0
31,539.0,0.21843192790318955,0.0
32,539.0,0.0,0.0
33,539.0,0.0,0.0
34,539.0,0.0,0.0
35,539.0,0.0,0.0
36,539.0,0.07501537991679252,0.0
37,539.0,0.0,0.0
38,539.0,0.1439797713516513,0.0
39,539.0,14.008734392797827,11.11111111111111
40,539.0,34.467039300096914,11.11111111111111
41,539.0,0.33852677038348544,0.0
42,539.0,0.0,0.0
43,539.0,0.0,0.0
44,539.0,0.159116567066645,0.0
45,539.0,0.0,0.0
46,539.0,0.12538044851156882,0.0
47,539.0,0.12000839182361867,0.0
48,539.0,0.11738831547144346,0.0
49,539.0,0.0,0.0
50,539.0,0.0,0.0
1,540.0,0.0,0.0
2,540.0,12.107149561085276,11.11111111111111
3,540.0,0.0,0.0
4,540.0,0.33381842781337834,0.0
5,540.0,0.05560616260192408,0.0
6,540.0,0.0,0.0
7,540.0,0.04240481474129931,0.0
8,540.0,0.12310728274919203,0.0
9,540.0,0.0,0.0
10,540.0,0.0,0.0
11,540.0,0.23152455459838872,0.0
12,540.0,0.001147110155266473,0.0
13,540.0,0.0,0.0
14,540.0,0.0,0.0
15,540.0,0.0,0.0
16,540.0,0.05542400057970076,0.0
17,540.0,0.09952879393047798,0.0
18,540.0,0.0,0.0
19,540.0,0.018245557899740028,0.0
20,540.0,0.030150503762299996,0.0
21,540.0,0.3557445995282842,0.0
22,540.0,0.0,0.0
23,540.0,0.0,0.0
24,540.0,0.0,0.0
25,540.0,9.528949074047846,11.11111111111111
26,540.0,0.15551653963045242,0.0
27,540.0,0.0,0.0
28,540.0,0.0,0.0
29,540.0,0.0,0.0
30,540.0,0.025961520662706294,0.0
31,540.0,0.0,0.0
32,540.0,0.16212007566838915,0.0
33,540.0,0.0,0.0
34,540.0,0.13319530980454874,0.0
35,540.0,0.0,0.0
36,540.0,0.0976479547100848,0.0
37,540.0,0.0,0.0
38,540.0,0.0,0.0
39,540.0,13.83683700507014,11.11111111111111
40,540.0,34.00460982124857,11.11111111111111
41,540.0,0.0,0.0
42,540.0,0.21318664629644513,0.0
43,540.0,0.0,0.0
44,540.0,0.0,0.0
45,540.0,0.07673385327778737,0.0
46,540.0,0.0,0.0
47,540.0,0.01881685763682761,0.0
48,540.0,0.0,0.0
49,540.0,0.0,0.0
50,540.0,0.0,0.0
1,541.0,0.0,0.0
2,541.0,11.879008071531288,11.11111111111111
3,541.0,0.06466452315153959,0.0
4,541.0,0.0,0.0
5,541.0,0.0,0.0
6,541.0,0.0017082988835689372,0.0
7,541.0,0.0894359226814807,0.0
8,541.0,0.21382497429334202,0.0
9,541.0,0.0,0.0
10,541.0,0.11795633625367996,0.0
11,541.0,0.0,0.0
12,541.0,0.0,0.0
13,541.0,0.0,0.0
14,541.0,0.0,0.0
15,541.0,0.0,0.0
16,541.0,0.15759052085580738,0.0
17,541.0,0.0,0.0
18,541.0,0.00765122090415149,0.0
19,541.0,0.0,0.0
20,541.0,0.0,0.0
21,541.0,0.0,0.0
22,541.0,0.21514944736807984,0.0
23,541.0,0.0,0.0
24,541.0,0.07439106175279064,0.0
25,541.0,9.53577158684798,11.11111111111111
26,541.0,0.0,0.0
27,541.0,0.0,0.0
28,541.0,0.0,0.0
29,541.0,0.0,0.0
30,541.0,0.13791498065688568,0.0
31,541.0,0.0,0.0
32,541.0,0.0,0.0
33,541.0,0.0,0.0
34,541.0,0.0,0.0
35,541.0,0.08185864494558737,0.0
36,541.0,0.0,0.0
37,541.0,0.16365591850223948,0.0
38,541.0,0.0,0.0
39,541.0,14.062518792990241,11.11111111111111
40,541.0,34.165754249198706,11.11111111111111
41,541.0,0.0,0.0
42,541.0,0.0,0.0
43,541.0,0.0,0.0
44,541.0,0.0,0.0
45,541.0,0.0,0.0
46,541.0,0.0,0.0
47,541.0,0.0,0.0
48,541.0,0.0,0.0
49,541.0,0.03065639490756833,0.0
50,541.0,0.2857089334179539,0.0
1,542.0,0.0,0.0
2,542.0,11.756278524033325,11.11111111111111
3,542.0,0.08807097049303447,0.0
4,542.0,0.0816737003205038,0.0
5,542.0,0.13309945777519316,0.0
6,542.0,0.043076628216849544,0.0
7,542.0,0.10525052357905185,0.0
8,542.0,0.0,0.0
9,542.0,0.0025783383232526047,0.0
10,542.0,0.04080859893391531,0.0
11,542.0,0.0,0.0
12,542.0,0.0,0.0
13,542.0,0.0,0.0
14,542.0,0.0,0.0
15,542.0,0.24816237482919978,0.0
16,542.0,0.0,0.0
17,542.0,0.15105228913660174,0.0
18,542.0,0.07288221218969582,0.0
19,542.0,0.0,0.0
20,542.0,0.0,0.0
21,542.0,0.0,0.0
22,542.0,0.0,0.0
23,542.0,0.0014445460239408403,0.0
24,542.0,0.011620141007436247,0.0
25,542.0,9.327705218719338,11.11111111111111
26,542.0,0.0,0.0
27,542.0,0.0620932734766142,0.0
28,542.0,0.0,0.0
29,542.0,0.1047641703690132,0.0
30,542.0,0.0,0.0
31,542.0,0.0,0.0
32,542.0,0.0,0.0
33,542.0,0.0,0.0
34,542.0,0.0,0.0
35,542.0,0.0,0.0
36,542.0,0.07750348663060391,0.0
37,542.0,0.0943355837063613,0.0
38,542.0,0.030280589111427503,0.0
39,542.0,13.838596850220659,11.11111111111111
40,542.0,34.2314431055364,11.11111111111111
41,542.0,0.0,0.0
42,542.0,0.009543067295831653,0.0
43,542.0,0.24080748818140318,0.0
44,542.0,0.0,0.0
45,542.0,0.0,0.0
46,542.0,0.0,0.0
47,542.0,0.0,0.0
48,542.0,0.0,0.0
49,542.0,0.0,0.0
50,542.0,0.0,0.0
1,543.0,0.11951241678449798,0.0
2,543.0,12.001530711236832,11.11111111111111
3,543.0,0.0,0.0
4,543.0,0.0,0.0
5,543.0,0.0,0.0
6,543.0,0.0,0.0
7,543.0,0.0,0.0
8,543.0,0.1598027873534016,0.0
9,543.0,0.0,0.0
10,543.0,0.17111804395947594,0.0
11,543.0,0.08508087067964365,0.0
12,543.0,0.0,0.0
13,543.0,0.17387803996661777,0.0
14,543.0,0.16575201478789248,0.0
15,543.0,0.0,0.0
16,543.0,0.0,0.0
17,543.0,0.0,0.0
18,543.0,0.0768032783087903,0.0
19,543.0,0.027422645126204737,0.0
20,543.0,0.0,0.0
21,543.0,0.0,0.0
22,543.0,0.2995354375087226,0.0
23,543.0,0.15077944481353445,0.0
24,543.0,0.04491300359776329,0.0
25,543.0,9.422169434868245,11.11111111111111
26,543.0,0.0,0.0
27,543.0,0.0,0.0
28,543.0,0.18364497185086626,0.0
29,543.0,0.20480127071797394,0.0
30,543.0,0.0,0.0
31,543.0,0.031665253734524446,0.0
32,543.0,0.0,0.0
33,543.0,0.03873817927209777,0.0
34,543.0,0.04552703936399849,0.0
35,543.0,0.0,0.0
36,543.0,0.0,0.0
37,543.0,0.0,0.0
38,543.0,0.12649951138195503,0.0
39,543.0,13.92383671261185,11.11111111111111
40,543.0,35.10352418192552,11.11111111111111
41,543.0,0.027011751745068424,0.0
42,543.0,0.0,0.0
43,543.0,0.0,0.0
44,543.0,0.09175466543271293,0.0
45,543.0,0.19218358751617481,0.0
46,543.0,0.0,0.0
47,543.0,0.0,0.0
48,543.0,0.0,0.0
49,543.0,0.13684002361809267,0.0
50,543.0,0.0,0.0
1,544.0,0.0,0.0
2,544.0,12.695976997698946,11.11111111111111
3,544.0,0.0,0.0
4,544.0,0.0653814956541171,0.0
5,544.0,0.0,0.0
6,544.0,0.0,0.0
7,544.0,0.18252792893770053,0.0
8,544.0,0.029942649463520765,0.0
9,544.0,0.0,0.0
10,544.0,0.13217065977781262,0.0
11,544.0,0.0,0.0
12,544.0,0.11089040653352256,0.0
13,544.0,0.1347055133029511,0.0
14,544.0,0.03546247404961733,0.0
15,544.0,0.0,0.0
16,544.0,0.0975958118489878,0.0
17,544.0,0.12413501256718085,0.0
18,544.0,0.43465014635334465,0.0
19,544.0,0.0,0.0
20,544.0,0.0,0.0
21,544.0,0.0,0.0
22,544.0,0.11090849875168507,0.0
23,544.0,0.08038289451978597,0.0
24,544.0,0.0,0.0
25,544.0,9.735298944569097,11.11111111111111
26,544.0,0.34431342888532157,0.0
27,544.0,0.23818921640136392,0.0
28,544.0,0.16061559238550838,0.0
29,544.0,0.07337294585290322,0.0
30,544.0,0.0,0.0
31,544.0,0.0,0.0
32,544.0,0.0,0.0
33,544.0,0.0,0.0
34,544.0,0.13804526831428798,0.0
35,544.0,0.0,0.0
36,544.0,0.0,0.0
37,544.0,0.09447474286282342,0.0
38,544.0,0.0,0.0
39,544.0,14.307876374206831,11.11111111111111
40,544.0,34.45278853433435,11.11111111111111
41,544.0,0.2138564426050953,0.0
42,544.0,0.0,0.0
43,544.0,0.051882188948284114,0.0
44,544.0,0.0,0.0
45,544.0,0.0,0.0
46,544.0,0.0,0.0
47,544.0,0.0,0.0
48,544.0,0.0,0.0
49,544.0,0.0,0.0
50,544.0,0.0,0.0
1,545.0,0.08965930275113032,0.0
2,545.0,12.60472250534324,11.11111111111111
3,545.0,0.0,0.0
4,545.0,0.0,0.0
5,545.0,0.0,0.0
6,545.0,0.08625362395274161,0.0
7,545.0,0.052629882265043615,0.0
8,545.0,0.2786970805262603,0.0
9,545.0,0.0,0.0
10,545.0,0.0,0.0
11,545.0,0.0,0.0
12,545.0,0.0,0.0
13,545.0,0.1326749872061217,0.0
14,545.0,0.0,0.0
15,545.0,0.07194249009219977,0.0
16,545.0,0.0,0.0
17,545.0,0.03712994787616919,0.0
18,545.0,0.08257259033050623,0.0
19,545.0,0.0,0.0
20,545.0,0.0,0.0
21,545.0,0.0,0.0
22,545.0,0.2530290204878878,0.0
23,545.0,0.0,0.0
24,545.0,0.0,0.0
25,545.0,9.724667451157373,11.11111111111111
26,545.0,0.034795937662961074,0.0
27,545.0,0.04467099558209087,0.0
28,545.0,0.15881709500911845,0.0
29,545.0,0.0,0.0
30,545.0,0.0,0.0
31,545.0,0.0,0.0
32,545.0,0.127006276074634,0.0
33,545.0,0.15774654436300162,0.0
34,545.0,0.23890538459975552,0.0
35,545.0,0.0014777621461615764,0.0
36,545.0,0.0,0.0
37,545.0,0.0,0.0
38,545.0,0.17186466315903914,0.0
39,545.0,13.97520225643787,11.11111111111111
40,545.0,33.77718083662935,11.11111111111111
41,545.0,0.015742384948714716,0.0
42,545.0,0.0,0.0
43,545.0,0.123608536401284,0.0
44,545.0,0.0,0.0
45,545.0,0.0,0.0
46,545.0,0.020586611235758223,0.0
47,545.0,0.02151478063579637,0.0
48,545.0,0.0,0.0
49,545.0,0.0,0.0
50,545.0,0.0,0.0
1,546.0,0.008755996822318646,0.0
2,546.0,12.693223373963724,11.11111111111111
3,546.0,0.06621325403667422,0.0
4,546.0,0.0,0.0
5,546.0,0.0,0.0
6,546.0,0.0,0.0
7,546.0,0.0,0.0
8,546.0,0.0,0.0
9,546.0,0.08749854701709359,0.0
10,546.0,0.0,0.0
11,546.0,0.056137992708914175,0.0
12,546.0,0.16585152246601453,0.0
13,546.0,0.0,0.0
14,546.0,0.0,0.0
15,546.0,0.15804799437907946,0.0
16,546.0,0.0,0.0
17,546.0,0.07800907406411428,0.0
18,546.0,0.0,0.0
19,546.0,0.0,0.0
20,546.0,0.0,0.0
21,546.0,0.013053675420772293,0.0
22,546.0,0.0,0.0
23,546.0,0.0,0.0
24,546.0,0.07495699897188479,0.0
25,546.0,9.907382087978403,11.11111111111111
26,546.0,0.0,0.0
27,546.0,0.0,0.0
28,546.0,0.35963004864066295,0.0
29,546.0,0.0,0.0
30,546.0,0.0,0.0
31,546.0,0.0829874343229664,0.0
32,546.0,0.0,0.0
33,546.0,0.07838612222846608,0.0
34,546.0,0.3934228720533809,0.0
35,546.0,0.04349119653783173,0.0
36,546.0,0.0262571596016955,0.0
37,546.0,0.0,0.0
38,546.0,0.0,0.0
39,546.0,13.793329444678626,11.11111111111111
40,546.0,33.32727397037742,11.11111111111111
41,546.0,0.0,0.0
42,546.0,0.11626821477043892,0.0
43,546.0,0.2137486184446794,0.0
44,546.0,0.0,0.0
45,546.0,0.0,0.0
46,546.0,0.14474847138528646,0.0
47,546.0,0.0,0.0
48,546.0,0.0,0.0
49,546.0,0.0,0.0
50,546.0,0.10678840867510386,0.0
1,547.0,0.0,0.0
2,547.0,12.705544860347791,11.11111111111111
3,547.0,0.0,0.0
4,547.0,0.0,0.0
5,547.0,0.0,0.0
6,547.0,0.0,0.0
7,547.0,0.28912226318698675,0.0
8,547.0,0.0,0.0
9,547.0,0.06170463644553603,0.0
10,547.0,0.049737843083185185,0.0
11,547.0,0.19039713489452004,0.0
12,547.0,0.15203767857776795,0.0
13,547.0,0.08408067985636791,0.0
14,547.0,0.10578740687904065,0.0
15,547.0,0.1710437010604845,0.0
16,547.0,0.12788022995603832,0.0
17,547.0,0.0,0.0
18,547.0,0.0,0.0
19,547.0,0.0,0.0
20,547.0,0.08357872496672403,0.0
21,547.0,0.1475363838469731,0.0
22,547.0,0.18799851596824946,0.0
23,547.0,0.2452110974907823,0.0
24,547.0,0.0,0.0
25,547.0,9.750915918043265,11.11111111111111
26,547.0,0.10428923293863868,0.0
27,547.0,0.0,0.0
28,547.0,0.10631064686868374,0.0
29,547.0,0.0,0.0
30,547.0,0.0,0.0
31,547.0,0.0,0.0
32,547.0,0.0,0.0
33,547.0,0.17696220083530967,0.0
34,547.0,0.0,0.0
35,547.0,0.04693904989819064,0.0
36,547.0,0.05448034362497289,0.0
37,547.0,0.3557969954840401,0.0
38,547.0,0.0,0.0
39,547.0,14.100659967387173,11.11111111111111
40,547.0,33.20619981819399,11.11111111111111
41,547.0,0.04055524061687088,0.0
42,547.0,0.2169250674646267,0.0
43,547.0,0.0,0.0
44,547.0,0.3938007236642609,0.0
45,547.0,0.020635932282967118,0.0
46,547.0,0.0,0.0
47,547.0,0.0,0.0
48,547.0,0.0,0.0
49,547.0,0.0,0.0
50,547.0,0.16615035470047845,0.0
1,548.0,0.1258411930838499,0.0
2,548.0,12.654257504781441,11.11111111111111
3,548.0,0.0,0.0
4,548.0,0.0,0.0
5,548.0,0.10149062017903843,0.0
6,548.0,0.21624643572384272,0.0
7,548.0,0.0,0.0
8,548.0,0.0,0.0
9,548.0,0.04617738490693302,0.0
10,548.0,0.0,0.0
11,548.0,0.0,0.0
12,548.0,0.03037833195033013,0.0
13,548.0,0.08548606640174294,0.0
14,548.0,0.008826150148548373,0.0
15,548.0,0.1840250636591908,0.0
16,548.0,0.0,0.0
17,548.0,0.23785506059396055,0.0
18,548.0,0.09274356876418588,0.0
19,548.0,0.268720679588791,0.0
20,548.0,0.0,0.0
21,548.0,0.0,0.0
22,548.0,0.20201548818632253,0.0
23,548.0,0.0,0.0
24,548.0,0.0,0.0
25,548.0,9.923713174698454,11.11111111111111
26,548.0,0.0,0.0
27,548.0,0.19045412371668435,0.0
28,548.0,0.0,0.0
29,548.0,0.0,0.0
30,548.0,0.0,0.0
31,548.0,0.0930564426775704,0.0
32,548.0,0.0,0.0
33,548.0,0.0,0.0
34,548.0,0.2710944574584748,0.0
35,548.0,0.02536937033645026,0.0
36,548.0,0.0,0.0
37,548.0,0.0850794853907757,0.0
38,548.0,0.0,0.0
39,548.0,13.951508815888747,11.11111111111111
40,548.0,32.17084061153632,11.11111111111111
41,548.0,0.08348812665269945,0.0
42,548.0,0.0,0.0
43,548.0,0.16593662840602819,0.0
44,548.0,0.22388781440751238,0.0
45,548.0,0.0,0.0
46,548.0,0.0,0.0
47,548.0,0.0,0.0
48,548.0,0.0,0.0
49,548.0,0.0,0.0
50,548.0,0.22245168856685427,0.0
1,549.0,0.0061267127552935285,0.0
2,549.0,12.615876815012776,11.11111111111111
3,549.0,0.01004238936201185,0.0
4,549.0,0.01790715647612484,0.0
5,549.0,0.29328797148579644,0.0
6,549.0,0.21190347407052956,0.0
7,549.0,0.07589941488482177,0.0
8,549.0,0.0,0.0
9,549.0,0.24686263555859,0.0
10,549.0,0.15972090196128186,0.0
11,549.0,0.036242292795625075,0.0
12,549.0,0.0,0.0
13,549.0,0.14931783897749207,0.0
14,549.0,0.0,0.0
15,549.0,0.04142288041795661,0.0
16,549.0,0.021055829244280067,0.0
17,549.0,0.2721247524812703,0.0
18,549.0,0.11094312760163327,0.0
19,549.0,0.0,0.0
20,549.0,0.0,0.0
21,549.0,0.0,0.0
22,549.0,0.0,0.0
23,549.0,0.0,0.0
24,549.0,0.2101521390551625,0.0
25,549.0,9.698659173681222,11.11111111111111
26,549.0,0.0,0.0
27,549.0,0.0,0.0
28,549.0,0.008559106383410509,0.0
29,549.0,0.0,0.0
30,549.0,0.0,0.0
31,549.0,0.018408397163318435,0.0
32,549.0,0.0,0.0
33,549.0,0.0,0.0
34,549.0,0.0,0.0
35,549.0,0.05836345010774402,0.0
36,549.0,0.0,0.0
37,549.0,0.0,0.0
38,549.0,0.04708759821872377,0.0
39,549.0,14.20904986940952,11.11111111111111
40,549.0,30.630573261569545,11.11111111111111
41,549.0,0.0,0.0
42,549.0,0.0,0.0
43,549.0,0.2293123005556723,0.0
44,549.0,0.0,0.0
45,549.0,0.0,0.0
46,549.0,0.17557687985071713,0.0
47,549.0,0.1104964976225794,0.0
48,549.0,0.0,0.0
49,549.0,0.20516559555992708,0.0
50,549.0,0.009309846552964518,0.0
1,550.0,0.0,0.0
2,550.0,12.36198356666953,11.11111111111111
3,550.0,0.10643264802085695,0.0
4,550.0,0.022879321412305198,0.0
5,550.0,0.0,0.0
6,550.0,0.20275258904377402,0.0
7,550.0,0.0,0.0
8,550.0,0.029404475964098675,0.0
9,550.0,0.0703872567794036,0.0
10,550.0,0.0,0.0
11,550.0,0.0,0.0
12,550.0,0.13757228581233394,0.0
13,550.0,0.1702788411502245,0.0
14,550.0,0.0,0.0
15,550.0,0.0,0.0
16,550.0,0.04013380379644993,0.0
17,550.0,0.0,0.0
18,550.0,0.0,0.0
19,550.0,0.1042985082180431,0.0
20,550.0,0.0,0.0
21,550.0,0.0,0.0
22,550.0,0.0,0.0
23,550.0,0.01839671325259351,0.0
24,550.0,0.12575545293841972,0.0
25,550.0,9.772574695654958,11.11111111111111
26,550.0,0.0,0.0
27,550.0,0.08213199576553198,0.0
28,550.0,0.0,0.0
29,550.0,0.0038984228215589445,0.0
30,550.0,0.010746693693138076,0.0
31,550.0,0.3940993222985063,0.0
32,550.0,0.05397742505059622,0.0
33,550.0,0.07545891337227106,0.0
34,550.0,0.0,0.0
35,550.0,0.0,0.0
36,550.0,0.0,0.0
37,550.0,0.0,0.0
38,550.0,0.09914202467874278,0.0
39,550.0,13.912586097211666,11.11111111111111
40,550.0,30.076495367327134,11.11111111111111
41,550.0,0.1415665740493225,0.0
42,550.0,0.0,0.0
43,550.0,0.4724028449770211,0.0
44,550.0,0.0,0.0
45,550.0,0.0,0.0
46,550.0,0.23558218712892975,0.0
47,550.0,0.01623360083869707,0.0
48,550.0,0.0,0.0
49,550.0,0.09984873039289255,0.0
50,550.0,0.0,0.0
1,551.0,0.016192265664700556,0.0
2,551.0,11.960414763823225,11.11111111111111
3,551.0,0.0,0.0
4,551.0,0.0,0.0
5,551.0,0.0,0.0
6,551.0,0.0,0.0
7,551.0,0.0,0.0
8,551.0,0.15653823400809974,0.0
9,551.0,0.2337477480194008,0.0
10,551.0,0.13511043379929555,0.0
11,551.0,0.028184071065824323,0.0
12,551.0,0.0,0.0
13,551.0,0.0,0.0
14,551.0,0.140593861051455,0.0
15,551.0,0.0,0.0
16,551.0,0.1987295457956696,0.0
17,551.0,0.11007910465340975,0.0
18,551.0,0.4348665848529205,0.0
19,551.0,0.2292742178311652,0.0
20,551.0,0.06246297891920949,0.0
21,551.0,0.0,0.0
22,551.0,0.0,0.0
23,551.0,0.3115547928795983,0.0
24,551.0,0.1339883858916322,0.0
25,551.0,10.12872902535316,11.11111111111111
26,551.0,0.05724864672132646,0.0
27,551.0,0.026728390964551707,0.0
28,551.0,0.3873514105894006,0.0
29,551.0,0.07906541294029212,0.0
30,551.0,0.08659313892332776,0.0
31,551.0,0.0,0.0
32,551.0,0.0,0.0
33,551.0,0.0,0.0
34,551.0,0.0,0.0
35,551.0,0.20891792248152707,0.0
36,551.0,0.0,0.0
37,551.0,0.02105903653753971,0.0
38,551.0,0.07578153482774985,0.0
39,551.0,14.245440343334952,11.11111111111111
40,551.0,29.831211650212893,11.11111111111111
41,551.0,0.3919753117160192,0.0
42,551.0,0.0,0.0
43,551.0,0.15450267179818888,0.0
44,551.0,0.0,0.0
45,551.0,0.303414096878897,0.0
46,551.0,0.009941522893810562,0.0
47,551.0,0.16370107824810243,0.0
48,551.0,0.3956707751736641,0.0
49,551.0,0.07961438399028753,0.0
50,551.0,0.0,0.0
1,552.0,0.0,0.0
2,552.0,12.033803470827014,11.11111111111111
3,552.0,0.0,0.0
4,552.0,0.0,0.0
5,552.0,0.0,0.0
6,552.0,0.18113720354071317,0.0
7,552.0,0.03881048710443946,0.0
8,552.0,0.02979124350426532,0.0
9,552.0,0.08672501169335622,0.0
10,552.0,0.06034899724868703,0.0
11,552.0,0.06701354304744389,0.0
12,552.0,0.1603775471776563,0.0
13,552.0,0.0,0.0
14,552.0,0.19625386517953702,0.0
15,552.0,0.22064652439569732,0.0
16,552.0,0.11654501391666572,0.0
17,552.0,0.0,0.0
18,552.0,0.11917381667489169,0.0
19,552.0,0.34018167838457014,0.0
20,552.0,0.0,0.0
21,552.0,0.0,0.0
22,552.0,0.07508282053494009,0.0
23,552.0,0.060810133523767185,0.0
24,552.0,0.0,0.0
25,552.0,9.630116105582795,11.11111111111111
26,552.0,0.0,0.0
27,552.0,0.0,0.0
28,552.0,0.14543272122623996,0.0
29,552.0,0.0,0.0
30,552.0,0.0,0.0
31,552.0,0.15017219583169028,0.0
32,552.0,0.0,0.0
33,552.0,0.13147273798045755,0.0
34,552.0,0.0,0.0
35,552.0,0.0,0.0
36,552.0,0.0,0.0
37,552.0,0.0,0.0
38,552.0,0.0,0.0
39,552.0,13.865113693823906,11.11111111111111
40,552.0,29.40454366211317,11.11111111111111
41,552.0,0.13490814669014006,0.0
42,552.0,0.08651701203960971,0.0
43,552.0,0.0,0.0
44,552.0,0.08556079535012484,0.0
45,552.0,0.0,0.0
46,552.0,0.13458143218056307,0.0
47,552.0,0.02323433855371304,0.0
48,552.0,0.0,0.0
49,552.0,0.0,0.0
50,552.0,0.1978580932937004,0.0
1,553.0,0.0,0.0
2,553.0,11.805838173466984,11.11111111111111
3,553.0,0.0,0.0
4,553.0,0.0,0.0
5,553.0,0.0,0.0
6,553.0,0.0,0.0
7,553.0,0.0,0.0
8,553.0,0.0,0.0
9,553.0,0.04997608848411017,0.0
10,553.0,0.06338760809696953,0.0
11,553.0,0.08162035580894267,0.0
12,553.0,0.0,0.0
13,553.0,0.006319550509988225,0.0
14,553.0,0.0,0.0
15,553.0,0.0,0.0
16,553.0,0.19276309485772036,0.0
17,553.0,0.005171327866414943,0.0
18,553.0,0.09503786223410404,0.0
19,553.0,0.014378220632475847,0.0
20,553.0,0.05386869252053028,0.0
21,553.0,0.0503094816745524,0.0
22,553.0,0.002329129738397495,0.0
23,553.0,0.0,0.0
24,553.0,0.0,0.0
25,553.0,10.077495845801037,11.11111111111111
26,553.0,0.06065774619248432,0.0
27,553.0,0.0,0.0
28,553.0,0.11369604224673746,0.0
29,553.0,0.0,0.0
30,553.0,0.26642866013101574,0.0
31,553.0,0.0,0.0
32,553.0,0.0,0.0
33,553.0,0.3646427959420676,0.0
34,553.0,0.0,0.0
35,553.0,0.0,0.0
36,553.0,0.4176003848620491,0.0
37,553.0,0.21508288148701216,0.0
38,553.0,0.28582039604844656,0.0
39,553.0,14.09645113350741,11.11111111111111
40,553.0,28.880093219976565,11.11111111111111
41,553.0,0.0,0.0
42,553.0,0.0,0.0
43,553.0,0.1745167302556967,0.0
44,553.0,0.0018712961904271408,0.0
45,553.0,0.0,0.0
46,553.0,0.21782489701314844,0.0
47,553.0,0.0,0.0
48,553.0,0.0,0.0
49,553.0,0.0,0.0
50,553.0,0.20561496342857621,0.0
1,554.0,0.007907745081271678,0.0
2,554.0,11.817621801579765,11.11111111111111
3,554.0,0.0,0.0
4,554.0,0.4650540247739152,0.0
5,554.0,0.24875068243983633,0.0
6,554.0,0.11623475321500476,0.0
7,554.0,0.02576152150419153,0.0
8,554.0,0.0,0.0
9,554.0,0.0,0.0
10,554.0,0.0,0.0
11,554.0,0.3819680016678805,0.0
12,554.0,0.005007731739617993,0.0
13,554.0,0.038480626920696204,0.0
14,554.0,0.07111351864885174,0.0
15,554.0,0.0,0.0
16,554.0,0.0345241971483875,0.0
17,554.0,0.0,0.0
18,554.0,0.49724809917993695,0.0
19,554.0,0.0,0.0
20,554.0,0.0,0.0
21,554.0,0.13277206563814503,0.0
22,554.0,0.0,0.0
23,554.0,0.0,0.0
24,554.0,0.08880117201228566,0.0
25,554.0,10.18002888330173,11.11111111111111
26,554.0,0.10028952155855797,0.0
27,554.0,0.20632722295831685,0.0
28,554.0,0.05035196815941101,0.0
29,554.0,0.5886806971671978,0.0
30,554.0,0.0,0.0
31,554.0,0.3560776273451737,0.0
32,554.0,0.0,0.0
33,554.0,0.0,0.0
34,554.0,0.046951728522545144,0.0
35,554.0,0.0,0.0
36,554.0,0.0,0.0
37,554.0,0.1989997201310547,0.0
38,554.0,0.0,0.0
39,554.0,14.38592469313156,11.11111111111111
40,554.0,28.49102125844014,11.11111111111111
41,554.0,0.0,0.0
42,554.0,0.043465405279704106,0.0
43,554.0,0.0,0.0
44,554.0,0.0,0.0
45,554.0,0.0,0.0
46,554.0,0.0,0.0
47,554.0,0.3037999928863465,0.0
48,554.0,0.11533988782694782,0.0
49,554.0,0.0,0.0
50,554.0,0.010650429368747383,0.0
1,555.0,0.42890946560299925,0.0
2,555.0,12.111394071192205,11.11111111111111
3,555.0,0.0,0.0
4,555.0,0.15664608234208033,0.0
5,555.0,0.0,0.0
6,555.0,0.18348728477634335,0.0
7,555.0,0.0,0.0
8,555.0,0.0,0.0
9,555.0,0.0,0.0
10,555.0,0.20452089799481687,0.0
11,555.0,0.0,0.0
12,555.0,0.0,0.0
13,555.0,0.0,0.0
14,555.0,0.0,0.0
15,555.0,0.15344820293944472,0.0
16,555.0,0.0,0.0
17,555.0,0.0,0.0
18,555.0,0.006192044299144883,0.0
19,555.0,0.09050147460120284,0.0
20,555.0,0.17273446855880958,0.0
21,555.0,0.0014964045412466653,0.0
22,555.0,0.0,0.0
23,555.0,0.0,0.0
24,555.0,0.0,0.0
25,555.0,9.945310307417932,11.11111111111111
26,555.0,0.0,0.0
27,555.0,0.06973917798093798,0.0
28,555.0,0.2051362270340853,0.0
29,555.0,0.0,0.0
30,555.0,0.11567766697786208,0.0
31,555.0,0.1967046163179027,0.0
32,555.0,0.0,0.0
33,555.0,0.15908358537036094,0.0
34,555.0,7.925949480636074e-05,0.0
35,555.0,0.03804265308187327,0.0
36,555.0,0.0,0.0
37,555.0,0.06272009933171208,0.0
38,555.0,0.08773459248370097,0.0
39,555.0,14.090594142755293,11.11111111111111
40,555.0,27.91899147161329,11.11111111111111
41,555.0,0.2884388816403026,0.0
42,555.0,0.18496889905365244,0.0
43,555.0,0.2137276553378521,0.0
44,555.0,0.0,0.0
45,555.0,0.16468172984202767,0.0
46,555.0,0.0,0.0
47,555.0,0.03553947283812853,0.0
48,555.0,0.3405530326099919,0.0
49,555.0,0.18449061190761895,0.0
50,555.0,0.0,0.0
1,556.0,0.13473645345002483,0.0
2,556.0,12.524706203323426,11.11111111111111
3,556.0,0.1773680832043426,0.0
4,556.0,0.0,0.0
5,556.0,0.0,0.0
6,556.0,0.1287803826087529,0.0
7,556.0,0.0,0.0
8,556.0,0.11349450447251008,0.0
9,556.0,0.0,0.0
10,556.0,0.13950208308484202,0.0
11,556.0,0.0,0.0
12,556.0,0.2492635608235938,0.0
13,556.0,0.0,0.0
14,556.0,0.0,0.0
15,556.0,0.0,0.0
16,556.0,0.0,0.0
17,556.0,0.06290309812670358,0.0
18,556.0,0.0,0.0
19,556.0,0.13389640709652462,0.0
20,556.0,0.0,0.0
21,556.0,0.014768280729537842,0.0
22,556.0,0.08904652367596155,0.0
23,556.0,0.0,0.0
24,556.0,0.05916190647042652,0.0
25,556.0,10.205164698694112,11.11111111111111
26,556.0,0.4122061489541874,0.0
27,556.0,0.03236886134936945,0.0
28,556.0,0.0,0.0
29,556.0,0.0,0.0
30,556.0,0.0,0.0
31,556.0,0.36064793752312196,0.0
32,556.0,0.2170796241133761,0.0
33,556.0,0.0,0.0
34,556.0,0.0,0.0
35,556.0,0.0,0.0
36,556.0,0.10321059154308021,0.0
37,556.0,0.07236264271862247,0.0
38,556.0,0.0,0.0
39,556.0,13.73653616301544,11.11111111111111
40,556.0,27.023182478599693,11.11111111111111
41,556.0,0.0,0.0
42,556.0,0.0,0.0
43,556.0,0.0,0.0
44,556.0,0.3512620000486284,0.0
45,556.0,0.0,0.0
46,556.0,0.011116493867257549,0.0
47,556.0,0.035247764739722576,0.0
48,556.0,0.03849520699486275,0.0
49,556.0,0.1252919471789259,0.0
50,556.0,0.0,0.0
1,557.0,0.03609198126574198,0.0
2,557.0,12.562092552119596,11.11111111111111
3,557.0,0.0,0.0
4,557.0,0.0,0.0
5,557.0,0.2302816289313696,0.0
6,557.0,0.2417151606883593,0.0
7,557.0,0.08936835797505849,0.0
8,557.0,0.11135530007386618,0.0
9,557.0,0.0,0.0
10,557.0,0.0,0.0
11,557.0,0.09420242864663142,0.0
12,557.0,0.013590607552212863,0.0
13,557.0,0.0,0.0
14,557.0,0.010906444431732276,0.0
15,557.0,0.0,0.0
16,557.0,0.0,0.0
17,557.0,0.0,0.0
18,557.0,0.0,0.0
19,557.0,0.0,0.0
20,557.0,0.03473287796391711,0.0
21,557.0,0.0,0.0
22,557.0,0.2115114096050945,0.0
23,557.0,0.0,0.0
24,557.0,0.025281895199035787,0.0
25,557.0,9.80095385052814,11.11111111111111
26,557.0,0.0,0.0
27,557.0,0.0,0.0
28,557.0,0.2867439891246222,0.0
29,557.0,0.15598475162670045,0.0
30,557.0,0.0,0.0
31,557.0,0.4097416193323118,0.0
32,557.0,0.0,0.0
33,557.0,0.03517358351367528,0.0
34,557.0,0.0,0.0
35,557.0,0.0,0.0
36,557.0,0.07449425722002001,0.0
37,557.0,0.0,0.0
38,557.0,0.03968103324294148,0.0
39,557.0,14.023934407435888,11.11111111111111
40,557.0,26.390777484645717,11.11111111111111
41,557.0,0.26287045667612563,0.0
42,557.0,0.0,0.0
43,557.0,0.0,0.0
44,557.0,0.06767277904134095,0.0
45,557.0,0.016728759320360442,0.0
46,557.0,0.0,0.0
47,557.0,0.3908229392176299,0.0
48,557.0,0.0,0.0
49,557.0,0.05277481945147511,0.0
50,557.0,0.0,0.0
1,558.0,0.0,0.0
2,558.0,12.273020947121385,11.11111111111111
3,558.0,0.2164479903349774,0.0
4,558.0,0.13970865184434178,0.0
5,558.0,0.3873229449724582,0.0
6,558.0,0.28073931038457833,0.0
7,558.0,0.0,0.0
8,558.0,0.12210817632239712,0.0
9,558.0,0.0,0.0
10,558.0,0.0686518440833741,0.0
11,558.0,0.0,0.0
12,558.0,0.21029989616030875,0.0
13,558.0,0.17049882766665836,0.0
14,558.0,0.0,0.0
15,558.0,0.0,0.0
16,558.0,0.0,0.0
17,558.0,0.0,0.0
18,558.0,0.07431678674595621,0.0
19,558.0,0.24772736721319422,0.0
20,558.0,0.0,0.0
21,558.0,0.14352832620505784,0.0
22,558.0,0.0,0.0
23,558.0,0.44951795202316347,0.0
24,558.0,0.052766015208033146,0.0
25,558.0,9.230978616666206,11.11111111111111
26,558.0,0.2831141751322588,0.0
27,558.0,0.15900725576952335,0.0
28,558.0,0.0,0.0
29,558.0,0.12812997333382314,0.0
30,558.0,0.0,0.0
31,558.0,0.12408193041236593,0.0
32,558.0,0.0,0.0
33,558.0,0.0,0.0
34,558.0,0.20771678015494477,0.0
35,558.0,0.12969771744300185,0.0
36,558.0,0.023674007160679467,0.0
37,558.0,0.0,0.0
38,558.0,0.0,0.0
39,558.0,14.019107338837177,11.11111111111111
40,558.0,26.282767524982344,11.11111111111111
41,558.0,0.1827198500292594,0.0
42,558.0,0.0,0.0
43,558.0,0.1992484144258242,0.0
44,558.0,0.0,0.0
45,558.0,0.0,0.0
46,558.0,0.0,0.0
47,558.0,0.11433119583405649,0.0
48,558.0,0.0,0.0
49,558.0,0.0987908977230566,0.0
50,558.0,0.0,0.0
1,559.0,0.14733679367973407,0.0
2,559.0,12.491887601923116,11.11111111111111
3,559.0,0.0,0.0
4,559.0,0.19045653135911578,0.0
5,559.0,0.0,0.0
6,559.0,0.0,0.0
7,559.0,0.2379104341242031,0.0
8,559.0,0.35870260244649,0.0
9,559.0,0.0,0.0
10,559.0,0.0901793260485696,0.0
11,559.0,0.20900037244038172,0.0
12,559.0,0.09928879349959119,0.0
13,559.0,0.14369003224747134,0.0
14,559.0,0.0,0.0
15,559.0,0.0,0.0
16,559.0,0.10670480944829819,0.0
17,559.0,0.0,0.0
18,559.0,0.0324593373793336,0.0
19,559.0,0.03534688650593587,0.0
20,559.0,0.06945290527287296,0.0
21,559.0,0.0,0.0
22,559.0,0.32750486625741626,0.0
23,559.0,0.0,0.0
24,559.0,0.0,0.0
25,559.0,9.315293282635281,11.11111111111111
26,559.0,0.0,0.0
27,559.0,0.0,0.0
28,559.0,0.0,0.0
29,559.0,0.25408055549037445,0.0
30,559.0,0.0,0.0
31,559.0,0.04442457186684434,0.0
32,559.0,0.0,0.0
33,559.0,0.11135937816122143,0.0
34,559.0,0.0,0.0
35,559.0,0.005263073666763263,0.0
36,559.0,0.24990897903090414,0.0
37,559.0,0.0,0.0
38,559.0,0.0,0.0
39,559.0,14.137461333594215,11.11111111111111
40,559.0,25.285643300968403,11.11111111111111
41,559.0,0.13522159156668723,0.0
42,559.0,0.1309538980023104,0.0
43,559.0,0.0,0.0
44,559.0,0.15374312801147016,0.0
45,559.0,0.0,0.0
46,559.0,0.12858250084339218,0.0
47,559.0,0.0,0.0
48,559.0,0.040462846908624894,0.0
49,559.0,0.31745470704716094,0.0
50,559.0,0.03740056981574191,0.0
1,560.0,0.2790672716361009,0.0
2,560.0,12.59152908378355,11.11111111111111
3,560.0,0.17203146652421375,0.0
4,560.0,0.09509409779759492,0.0
5,560.0,0.0,0.0
6,560.0,0.0,0.0
7,560.0,0.0,0.0
8,560.0,0.15495099988452177,0.0
9,560.0,0.0013451829459262266,0.0
10,560.0,0.2822034297363252,0.0
11,560.0,0.006609024819007825,0.0
12,560.0,0.03392972513718495,0.0
13,560.0,0.223144463458536,0.0
14,560.0,0.0,0.0
15,560.0,0.1309379629051648,0.0
16,560.0,0.07295668229322405,0.0
17,560.0,0.15859977565579597,0.0
18,560.0,0.0,0.0
19,560.0,0.0,0.0
20,560.0,0.03481721833672291,0.0
21,560.0,0.20489168680462122,0.0
22,560.0,0.37806685027575115,0.0
23,560.0,0.15378199688470084,0.0
24,560.0,0.0,0.0
25,560.0,9.166671886076776,11.11111111111111
26,560.0,0.031183331719765395,0.0
27,560.0,0.1668633905192165,0.0
28,560.0,0.0,0.0
29,560.0,0.005373984695773326,0.0
30,560.0,0.05103252019935467,0.0
31,560.0,0.1494335606502989,0.0
32,560.0,0.2671531938212245,0.0
33,560.0,0.16369798976863215,0.0
34,560.0,0.13133277039193214,0.0
35,560.0,0.018211678224962613,0.0
36,560.0,0.19526271601201883,0.0
37,560.0,0.36848687816380665,0.0
38,560.0,0.04301283886858298,0.0
39,560.0,14.122486793825203,11.11111111111111
40,560.0,24.789542559926502,11.11111111111111
41,560.0,0.022261972895613713,0.0
42,560.0,0.0,0.0
43,560.0,0.06012967630315058,0.0
44,560.0,0.08006449505127966,0.0
45,560.0,0.06088761836214285,0.0
46,560.0,0.019761222438941517,0.0
47,560.0,0.0,0.0
48,560.0,0.0,0.0
49,560.0,0.0,0.0
50,560.0,0.07777396389766222,0.0
1,561.0,0.008126897474899586,0.0
2,561.0,12.727385645693051,11.11111111111111
3,561.0,0.1400965461554089,0.0
4,561.0,0.027574544420541858,0.0
5,561.0,0.0,0.0
6,561.0,0.17765356723957382,0.0
7,561.0,0.03457778155416136,0.0
8,561.0,0.0,0.0
9,561.0,0.0,0.0
10,561.0,0.0,0.0
11,561.0,0.07377745516928291,0.0
12,561.0,0.0,0.0
13,561.0,0.0,0.0
14,561.0,0.0,0.0
15,561.0,0.0,0.0
16,561.0,0.0,0.0
17,561.0,0.0,0.0
18,561.0,0.0,0.0
19,561.0,0.0,0.0
20,561.0,0.2789900834951474,0.0
21,561.0,0.0,0.0
22,561.0,0.31226998057660715,0.0
23,561.0,0.0011874482620248816,0.0
24,561.0,0.028446799121900845,0.0
25,561.0,9.231135785151146,11.11111111111111
26,561.0,0.0,0.0
27,561.0,0.22043357082527582,0.0
28,561.0,0.0,0.0
29,561.0,0.0,0.0
30,561.0,0.24557488219211165,0.0
31,561.0,0.0483138533958869,0.0
32,561.0,0.0,0.0
33,561.0,0.0,0.0
34,561.0,0.197469900504867,0.0
35,561.0,0.0,0.0
36,561.0,0.0,0.0
37,561.0,0.14882030476608965,0.0
38,561.0,0.29939793302665507,0.0
39,561.0,13.450229464643462,11.11111111111111
40,561.0,25.032034160591866,11.11111111111111
41,561.0,0.0,0.0
42,561.0,0.04758229444928619,0.0
43,561.0,0.027695409103904556,0.0
44,561.0,0.05900910417149796,0.0
45,561.0,0.15310513602566111,0.0
46,561.0,0.0,0.0
47,561.0,0.019597714130564214,0.0
48,561.0,0.12964238382546767,0.0
49,561.0,0.0,0.0
50,561.0,0.06132045874132552,0.0
1,562.0,0.0,0.0
2,562.0,12.190056643727974,11.11111111111111
3,562.0,0.0,0.0
4,562.0,0.09925397033569472,0.0
5,562.0,0.06064679095173242,0.0
6,562.0,0.0,0.0
7,562.0,0.11792549332526936,0.0
8,562.0,0.0,0.0
9,562.0,0.0,0.0
10,562.0,0.0037625945990023,0.0
11,562.0,0.0,0.0
12,562.0,0.18219096617620512,0.0
13,562.0,0.0,0.0
14,562.0,0.0,0.0
15,562.0,0.0,0.0
16,562.0,0.0,0.0
17,562.0,0.30284549426858076,0.0
18,562.0,0.23739800400631916,0.0
19,562.0,0.02871689410296485,0.0
20,562.0,0.09889725961492113,0.0
21,562.0,0.0,0.0
22,562.0,0.0,0.0
23,562.0,0.0,0.0
24,562.0,0.13102362560090908,0.0
25,562.0,9.408475568307066,11.11111111111111
26,562.0,0.0,0.0
27,562.0,0.0,0.0
28,562.0,0.04300220437730906,0.0
29,562.0,0.0,0.0
30,562.0,0.1310730130622989,0.0
31,562.0,0.033536677347803856,0.0
32,562.0,0.10617880325705176,0.0
33,562.0,0.0,0.0
34,562.0,0.0,0.0
35,562.0,0.06786650462238208,0.0
36,562.0,0.0,0.0
37,562.0,0.0,0.0
38,562.0,0.06559610748573053,0.0
39,562.0,13.957632121795795,11.11111111111111
40,562.0,24.787713633316905,11.11111111111111
41,562.0,0.21430456931068065,0.0
42,562.0,0.0,0.0
43,562.0,0.0,0.0
44,562.0,0.0,0.0
45,562.0,0.0,0.0
46,562.0,0.012350442845449172,0.0
47,562.0,0.060919893878184084,0.0
48,562.0,0.0,0.0
49,562.0,0.0,0.0
50,562.0,0.0,0.0
1,563.0,0.0,0.0
2,563.0,12.513806965794224,11.11111111111111
3,563.0,0.0,0.0
4,563.0,0.0,0.0
5,563.0,0.2192325004367539,0.0
6,563.0,0.0,0.0
7,563.0,0.25534455072881,0.0
8,563.0,0.005008637595620535,0.0
9,563.0,0.0,0.0
10,563.0,0.195145089701657,0.0
11,563.0,0.0,0.0
12,563.0,0.0,0.0
13,563.0,0.20773831756652228,0.0
14,563.0,0.0,0.0
15,563.0,0.0,0.0
16,563.0,0.35181689756718515,0.0
17,563.0,0.0,0.0
18,563.0,0.05840908554445212,0.0
19,563.0,0.160438735096619,0.0
20,563.0,0.0,0.0
21,563.0,0.14599142315422287,0.0
22,563.0,0.004927252711080965,0.0
23,563.0,0.31867734777814094,0.0
24,563.0,0.2006419291701641,0.0
25,563.0,9.528319863157428,11.11111111111111
26,563.0,0.4012413652369792,0.0
27,563.0,0.06810829853286882,0.0
28,563.0,0.1165478581932331,0.0
29,563.0,0.031202141322631993,0.0
30,563.0,0.0,0.0
31,563.0,0.0,0.0
32,563.0,0.09791994232655488,0.0
33,563.0,0.09459041628037224,0.0
34,563.0,0.0,0.0
35,563.0,0.0,0.0
36,563.0,0.0,0.0
37,563.0,0.0,0.0
38,563.0,0.0,0.0
39,563.0,13.561041740190635,11.11111111111111
40,563.0,24.73324267442632,11.11111111111111
41,563.0,0.1321283765822765,0.0
42,563.0,0.014662963558728537,0.0
43,563.0,0.0,0.0
44,563.0,0.0,0.0
45,563.0,0.04151827587419754,0.0
46,563.0,0.0,0.0
47,563.0,0.03003113191862339,0.0
48,563.0,0.0,0.0
49,563.0,0.015239462732830833,0.0
50,563.0,0.11991850800349335,0.0
1,564.0,0.0,0.0
2,564.0,12.130639131178636,11.11111111111111
3,564.0,0.07306413264428546,0.0
4,564.0,0.0,0.0
5,564.0,0.01761845851960797,0.0
6,564.0,0.055376918437746725,0.0
7,564.0,0.03614404885033218,0.0
8,564.0,0.014773428489956886,0.0
9,564.0,0.0,0.0
10,564.0,0.0,0.0
11,564.0,0.0,0.0
12,564.0,0.0,0.0
13,564.0,0.025071010588220477,0.0
14,564.0,0.11241299462811882,0.0
15,564.0,0.0,0.0
16,564.0,0.0,0.0
17,564.0,0.0,0.0
18,564.0,0.14913875962833623,0.0
19,564.0,0.0922524992169591,0.0
20,564.0,0.0,0.0
21,564.0,0.3606049029029331,0.0
22,564.0,0.0,0.0
23,564.0,0.20705663894687754,0.0
24,564.0,0.1653992224521249,0.0
25,564.0,9.488696639047795,11.11111111111111
26,564.0,0.0,0.0
27,564.0,0.06675702473490319,0.0
28,564.0,0.14970031990390698,0.0
29,564.0,0.0,0.0
30,564.0,0.0,0.0
31,564.0,0.0,0.0
32,564.0,0.12171193716718298,0.0
33,564.0,0.2136648885922241,0.0
34,564.0,0.03043985066782451,0.0
35,564.0,0.054265677803118306,0.0
36,564.0,0.24395047213351828,0.0
37,564.0,0.0,0.0
38,564.0,0.0,0.0
39,564.0,13.610738392019059,11.11111111111111
40,564.0,23.955873120117023,11.11111111111111
41,564.0,0.07227163026395833,0.0
42,564.0,0.01997023967961742,0.0
43,564.0,0.0,0.0
44,564.0,0.0,0.0
45,564.0,0.040466681476128974,0.0
46,564.0,0.0,0.0
47,564.0,0.0,0.0
48,564.0,0.0,0.0
49,564.0,0.0,0.0
50,564.0,0.0,0.0
1,565.0,0.06268144072571347,0.0
2,565.0,12.292199130065121,11.11111111111111
3,565.0,0.0,0.0
4,565.0,0.08237660879091313,0.0
5,565.0,0.030280860970537837,0.0
6,565.0,0.0,0.0
7,565.0,0.0,0.0
8,565.0,0.06546483483514276,0.0
9,565.0,0.25240028664222036,0.0
10,565.0,0.1104590076953541,0.0
11,565.0,0.002126532118768787,0.0
12,565.0,0.0009541621937538824,0.0
13,565.0,0.0,0.0
14,565.0,0.0,0.0
15,565.0,0.07741833586546598,0.0
16,565.0,0.0,0.0
17,565.0,0.007537794900169592,0.0
18,565.0,0.03965491414352096,0.0
19,565.0,0.0,0.0
20,565.0,0.017929811869995982,0.0
21,565.0,0.0,0.0
22,565.0,0.0,0.0
23,565.0,0.20048200941746508,0.0
24,565.0,0.13333683868673996,0.0
25,565.0,9.233536569683219,11.11111111111111
26,565.0,0.0,0.0
27,565.0,0.0,0.0
28,565.0,0.0,0.0
29,565.0,0.0,0.0
30,565.0,0.0,0.0
31,565.0,0.0,0.0
32,565.0,0.0,0.0
33,565.0,0.11278841139113271,0.0
34,565.0,0.0,0.0
35,565.0,0.11350475782366143,0.0
36,565.0,0.0,0.0
37,565.0,0.15860476873298945,0.0
38,565.0,0.10748546490472877,0.0
39,565.0,13.956929874072834,11.11111111111111
40,565.0,24.076321428365752,11.11111111111111
41,565.0,0.04980926943853847,0.0
42,565.0,0.02056988864878706,0.0
43,565.0,0.0,0.0
44,565.0,0.0,0.0
45,565.0,0.0,0.0
46,565.0,0.15320752829749573,0.0
47,565.0,0.049980402407346025,0.0
48,565.0,0.1059925649805632,0.0
49,565.0,0.03441757997757755,0.0
50,565.0,0.0,0.0
1,566.0,0.0,0.0
2,566.0,12.644640388416146,11.11111111111111
3,566.0,0.0,0.0
4,566.0,0.0,0.0
5,566.0,0.25450857332402355,0.0
6,566.0,0.0,0.0
7,566.0,0.16901750201234889,0.0
8,566.0,0.11262791972576991,0.0
9,566.0,0.12471591891938372,0.0
10,566.0,0.0,0.0
11,566.0,0.0,0.0
12,566.0,0.0,0.0
13,566.0,0.0,0.0
14,566.0,0.09641411871544758,0.0
15,566.0,0.13515694443435877,0.0
16,566.0,0.09770148990299343,0.0
17,566.0,0.11286473268344144,0.0
18,566.0,0.1358947695112721,0.0
19,566.0,0.0,0.0
20,566.0,0.06579282824600585,0.0
21,566.0,0.0,0.0
22,566.0,0.24420391559930554,0.0
23,566.0,0.0,0.0
24,566.0,0.2532986083049582,0.0
25,566.0,9.665484070077955,11.11111111111111
26,566.0,0.0,0.0
27,566.0,0.12109600759617056,0.0
28,566.0,0.15312890498162923,0.0
29,566.0,0.0,0.0
30,566.0,0.0,0.0
31,566.0,0.010871821902528556,0.0
32,566.0,0.0,0.0
33,566.0,0.11970956132103205,0.0
34,566.0,0.0,0.0
35,566.0,0.0,0.0
36,566.0,0.48451904172095994,0.0
37,566.0,0.0,0.0
38,566.0,0.02563087951971066,0.0
39,566.0,14.154296767661455,11.11111111111111
40,566.0,23.3212352714774,11.11111111111111
41,566.0,0.0,0.0
42,566.0,0.45182872255067597,0.0
43,566.0,0.011375246109127213,0.0
44,566.0,0.0,0.0
45,566.0,0.02056491866352228,0.0
46,566.0,0.0,0.0
47,566.0,0.0,0.0
48,566.0,0.0,0.0
49,566.0,0.0,0.0
50,566.0,0.0336264044618958,0.0
1,567.0,0.0,0.0
2,567.0,12.389980264139606,11.11111111111111
3,567.0,0.03417366379058295,0.0
4,567.0,0.025003937708017454,0.0
5,567.0,0.0,0.0
6,567.0,0.21713272790172544,0.0
7,567.0,0.0,0.0
8,567.0,0.003293525272028308,0.0
9,567.0,0.06576133386254801,0.0
10,567.0,0.0,0.0
11,567.0,0.24761937928771072,0.0
12,567.0,0.0,0.0
13,567.0,0.13010346093665148,0.0
14,567.0,0.0,0.0
15,567.0,0.17162920959646288,0.0
16,567.0,0.12821616771086497,0.0
17,567.0,0.0,0.0
18,567.0,0.0,0.0
19,567.0,0.061927698191955094,0.0
20,567.0,0.0,0.0
21,567.0,0.33727508190989375,0.0
22,567.0,0.0,0.0
23,567.0,0.0,0.0
24,567.0,0.2648913155550807,0.0
25,567.0,9.866977340615023,11.11111111111111
26,567.0,0.17888311301227877,0.0
27,567.0,0.19078395668462556,0.0
28,567.0,0.0,0.0
29,567.0,0.13114102020838325,0.0
30,567.0,0.01460445249950304,0.0
31,567.0,0.0,0.0
32,567.0,0.0,0.0
33,567.0,0.0,0.0
34,567.0,0.3094348494369269,0.0
35,567.0,0.0,0.0
36,567.0,0.09606891256414007,0.0
37,567.0,0.0,0.0
38,567.0,0.21247243346250555,0.0
39,567.0,13.7841634314989,11.11111111111111
40,567.0,23.184674512968783,11.11111111111111
41,567.0,0.0,0.0
42,567.0,0.09117062787566765,0.0
43,567.0,0.0,0.0
44,567.0,0.05251939876530287,0.0
45,567.0,0.031800353800951475,0.0
46,567.0,0.0,0.0
47,567.0,0.015031263197776146,0.0
48,567.0,0.17639984020023836,0.0
49,567.0,0.0,0.0
50,567.0,0.0,0.0
1,568.0,0.0,0.0
2,568.0,12.021196701546472,11.11111111111111
3,568.0,0.0,0.0
4,568.0,0.0,0.0
5,568.0,0.0,0.0
6,568.0,0.008466882842443568,0.0
7,568.0,0.0,0.0
8,568.0,0.0,0.0
9,568.0,0.29593980895893024,0.0
10,568.0,0.12247529420615688,0.0
11,568.0,0.012266900288747662,0.0
12,568.0,0.034072421474370285,0.0
13,568.0,0.0,0.0
14,568.0,0.17487153671112232,0.0
15,568.0,0.3563559853536221,0.0
16,568.0,0.2086638211924995,0.0
17,568.0,0.0,0.0
18,568.0,0.0,0.0
19,568.0,0.06618183022087276,0.0
20,568.0,0.01916520972512381,0.0
21,568.0,0.0,0.0
22,568.0,0.12252018287504818,0.0
23,568.0,0.0,0.0
24,568.0,0.0940404389260786,0.0
25,568.0,9.887115217822235,11.11111111111111
26,568.0,0.05635235872065647,0.0
27,568.0,0.0,0.0
28,568.0,0.0,0.0
29,568.0,0.3738806075828559,0.0
30,568.0,0.0,0.0
31,568.0,0.056968287959564545,0.0
32,568.0,0.0,0.0
33,568.0,0.0,0.0
34,568.0,0.1916461036287055,0.0
35,568.0,0.0,0.0
36,568.0,0.08509555561257609,0.0
37,568.0,0.0,0.0
38,568.0,0.07466321264360976,0.0
39,568.0,14.0049670705809,11.11111111111111
40,568.0,23.006535344716017,11.11111111111111
41,568.0,0.03508375518775153,0.0
42,568.0,0.040419881751460385,0.0
43,568.0,0.0,0.0
44,568.0,0.0,0.0
45,568.0,0.0,0.0
46,568.0,0.0,0.0
47,568.0,0.0,0.0
48,568.0,0.07386414986751066,0.0
49,568.0,0.0,0.0
50,568.0,0.3992629585221166,0.0
1,569.0,0.0,0.0
2,569.0,12.34306460709678,11.11111111111111
3,569.0,0.0,0.0
4,569.0,0.0,0.0
5,569.0,0.0,0.0
6,569.0,0.25551320460807636,0.0
7,569.0,0.0,0.0
8,569.0,0.024983924303860094,0.0
9,569.0,0.06313918167552568,0.0
10,569.0,0.0,0.0
11,569.0,0.0,0.0
12,569.0,0.0,0.0
13,569.0,0.06866187560198089,0.0
14,569.0,0.09727206912343922,0.0
15,569.0,0.0,0.0
16,569.0,0.0,0.0
17,569.0,0.062009218191213855,0.0
18,569.0,0.0,0.0
19,569.0,0.0,0.0
20,569.0,0.0,0.0
21,569.0,0.0,0.0
22,569.0,0.0,0.0
23,569.0,0.0,0.0
24,569.0,0.14342181266055098,0.0
25,569.0,10.070330696457656,11.11111111111111
26,569.0,0.06105020914133652,0.0
27,569.0,0.0,0.0
28,569.0,0.05403745646139213,0.0
29,569.0,0.196833496882988,0.0
30,569.0,0.37306357925635636,0.0
31,569.0,0.0,0.0
32,569.0,0.0,0.0
33,569.0,0.19218271450576419,0.0
34,569.0,0.17728778940516376,0.0
35,569.0,0.15327845648876015,0.0
36,569.0,0.0,0.0
37,569.0,0.0,0.0
38,569.0,0.0,0.0
39,569.0,13.611933473443841,11.11111111111111
40,569.0,22.60211206862719,11.11111111111111
41,569.0,0.11556580070384748,0.0
42,569.0,0.0,0.0
43,569.0,0.08361942216609486,0.0
44,569.0,0.04059922578334951,0.0
45,569.0,0.0,0.0
46,569.0,0.5270703611429335,0.0
47,569.0,0.27779161224398596,0.0
48,569.0,0.0,0.0
49,569.0,0.0,0.0
50,569.0,0.40555967739401566,0.0
1,570.0,0.0,0.0
2,570.0,12.016842917887896,11.11111111111111
3,570.0,0.04755168600217463,0.0
4,570.0,0.370808814573679,0.0
5,570.0,0.0,0.0
6,570.0,0.0,0.0
7,570.0,0.0,0.0
8,570.0,0.0,0.0
9,570.0,0.16969075409421086,0.0
10,570.0,0.036834346401318,0.0
11,570.0,0.0778093273074657,0.0
12,570.0,0.047603775359272626,0.0
13,570.0,0.0723593921411061,0.0
14,570.0,0.0,0.0
15,570.0,0.0,0.0
16,570.0,0.07569067361958359,0.0
17,570.0,0.0,0.0
18,570.0,0.12034109777691926,0.0
19,570.0,0.01517408661653119,0.0
20,570.0,0.0,0.0
21,570.0,0.38969338902696393,0.0
22,570.0,0.0,0.0
23,570.0,0.014255026922240788,0.0
24,570.0,0.11758010124267027,0.0
25,570.0,9.569423731650787,11.11111111111111
26,570.0,0.0,0.0
27,570.0,0.10389397155682367,0.0
28,570.0,0.20995805726252192,0.0
29,570.0,0.048991274225939074,0.0
30,570.0,0.28758189182362204,0.0
31,570.0,0.032720849052004564,0.0
32,570.0,0.0,0.0
33,570.0,0.0195191926070859,0.0
34,570.0,0.09722183665477924,0.0
35,570.0,0.0,0.0
36,570.0,0.0,0.0
37,570.0,0.26297943436948723,0.0
38,570.0,0.0,0.0
39,570.0,14.166964116676125,11.11111111111111
40,570.0,22.414525950634367,11.11111111111111
41,570.0,0.0,0.0
42,570.0,0.0,0.0
43,570.0,0.0,0.0
44,570.0,0.15251920234294825,0.0
45,570.0,0.0,0.0
46,570.0,0.09799032816533138,0.0
47,570.0,0.14232401499490976,0.0
48,570.0,0.059977465670924324,0.0
49,570.0,0.19189546551520797,0.0
50,570.0,0.09032037772770529,0.0
1,571.0,0.06944339761153562,0.0
2,571.0,12.13371841070552,11.11111111111111
3,571.0,0.0,0.0
4,571.0,0.08523035520580846,0.0
5,571.0,0.08192802235037844,0.0
6,571.0,0.0,0.0
7,571.0,0.0,0.0
8,571.0,0.18948557816765643,0.0
9,571.0,0.0,0.0
10,571.0,0.0,0.0
11,571.0,0.23152890217535005,0.0
12,571.0,0.0,0.0
13,571.0,0.1661668350846398,0.0
14,571.0,0.0,0.0
15,571.0,0.05246164891790617,0.0
16,571.0,0.08838285270804203,0.0
17,571.0,0.0,0.0
18,571.0,0.019752974355510933,0.0
19,571.0,0.21159531753628413,0.0
20,571.0,0.2867402920951092,0.0
21,571.0,0.0,0.0
22,571.0,0.0,0.0
23,571.0,0.08336349506357243,0.0
24,571.0,0.03552281566705473,0.0
25,571.0,9.306433913399452,11.11111111111111
26,571.0,0.022352550274769678,0.0
27,571.0,0.11881191687897164,0.0
28,571.0,0.06273113008695652,0.0
29,571.0,0.028753137417774854,0.0
30,571.0,0.023390131752191845,0.0
31,571.0,0.07996875002973347,0.0
32,571.0,0.0,0.0
33,571.0,0.21790403116010126,0.0
34,571.0,0.08521606537135784,0.0
35,571.0,0.4780998556351056,0.0
36,571.0,0.01109620668668454,0.0
37,571.0,0.0,0.0
38,571.0,0.0,0.0
39,571.0,13.756365655127894,11.11111111111111
40,571.0,22.03787013341427,11.11111111111111
41,571.0,0.15792889263547738,0.0
42,571.0,0.058261334015135224,0.0
43,571.0,0.0,0.0
44,571.0,0.06388554510328792,0.0
45,571.0,0.0,0.0
46,571.0,0.0,0.0
47,571.0,0.13278693368027494,0.0
48,571.0,0.0,0.0
49,571.0,0.03667860065782236,0.0
50,571.0,0.03775607671140613,0.0
1,572.0,0.0,0.0
2,572.0,12.383021064838792,11.11111111111111
3,572.0,0.0,0.0
4,572.0,0.0,0.0
5,572.0,0.0,0.0
6,572.0,0.0,0.0
7,572.0,0.20038159135709976,0.0
8,572.0,0.07240568872161246,0.0
9,572.0,0.13208595419795655,0.0
10,572.0,0.2253791292096008,0.0
11,572.0,0.0,0.0
12,572.0,0.0,0.0
13,572.0,0.0,0.0
14,572.0,0.0,0.0
15,572.0,0.0,0.0
16,572.0,0.2822031111807911,0.0
17,572.0,0.23895800950424384,0.0
18,572.0,0.10372516552282252,0.0
19,572.0,0.0,0.0
20,572.0,0.15006871406058886,0.0
21,572.0,0.2945121038999611,0.0
22,572.0,0.0,0.0
23,572.0,0.0,0.0
24,572.0,0.0,0.0
25,572.0,9.472726385987055,11.11111111111111
26,572.0,0.011694011691586348,0.0
27,572.0,0.0423528133946125,0.0
28,572.0,0.07593414899948558,0.0
29,572.0,0.0,0.0
30,572.0,0.08861801332344532,0.0
31,572.0,0.0,0.0
32,572.0,0.09715974075753508,0.0
33,572.0,0.0,0.0
34,572.0,0.0,0.0
35,572.0,0.0,0.0
36,572.0,0.0011997072943877862,0.0
37,572.0,0.0,0.0
38,572.0,0.0,0.0
39,572.0,14.16349303125181,11.11111111111111
40,572.0,22.572856573141387,11.11111111111111
41,572.0,0.15143067249766373,0.0
42,572.0,0.0,0.0
43,572.0,0.216926330349413,0.0
44,572.0,0.0,0.0
45,572.0,0.15751243847915541,0.0
46,572.0,0.0,0.0
47,572.0,0.1269613699784492,0.0
48,572.0,0.0,0.0
49,572.0,0.024182929350785143,0.0
50,572.0,0.18295667472382426,0.0
1,573.0,0.0,0.0
2,573.0,12.626969547514594,11.11111111111111
3,573.0,0.08975684529052586,0.0
4,573.0,0.0,0.0
5,573.0,0.0,0.0
6,573.0,0.031121807705486115,0.0
7,573.0,0.5332295537169072,0.0
8,573.0,0.030639860651826556,0.0
9,573.0,0.0,0.0
10,573.0,0.5441383008602263,0.0
11,573.0,0.0,0.0
12,573.0,0.055632728134539344,0.0
13,573.0,0.0,0.0
14,573.0,0.017367311168640542,0.0
15,573.0,0.0,0.0
16,573.0,0.0,0.0
17,573.0,0.0,0.0
18,573.0,0.0,0.0
19,573.0,0.06951103473527998,0.0
20,573.0,0.0,0.0
21,573.0,0.0,0.0
22,573.0,0.03287397677965742,0.0
23,573.0,0.048137335834901096,0.0
24,573.0,0.08076416134839914,0.0
25,573.0,9.37649715201664,11.11111111111111
26,573.0,0.014723150187613054,0.0
27,573.0,0.0,0.0
28,573.0,0.41382132554495976,0.0
29,573.0,0.0,0.0
30,573.0,0.0,0.0
31,573.0,0.04267149971621431,0.0
32,573.0,0.0,0.0
33,573.0,0.19296553507769443,0.0
34,573.0,0.0,0.0
35,573.0,0.18445650959608495,0.0
36,573.0,0.0,0.0
37,573.0,0.0,0.0
38,573.0,0.11037440827355938,0.0
39,573.0,13.95983593724788,11.11111111111111
40,573.0,22.12241931822426,11.11111111111111
41,573.0,0.026964702984125677,0.0
42,573.0,0.0,0.0
43,573.0,0.0,0.0
44,573.0,0.1894294450123808,0.0
45,573.0,0.025780710873173684,0.0
46,573.0,0.01098253833140439,0.0
47,573.0,0.22127347005242837,0.0
48,573.0,0.0,0.0
49,573.0,0.11136219166697348,0.0
50,573.0,0.0,0.0
1,574.0,0.0,0.0
2,574.0,12.818243686467893,11.11111111111111
3,574.0,0.04181253524192441,0.0
4,574.0,0.11690174562654276,0.0
5,574.0,0.07613431173111074,0.0
6,574.0,0.12255143533037427,0.0
7,574.0,0.12368875198009888,0.0
8,574.0,0.0,0.0
9,574.0,0.10830886071468948,0.0
10,574.0,0.0,0.0
11,574.0,0.0,0.0
12,574.0,0.0,0.0
13,574.0,0.15579226224471798,0.0
14,574.0,0.0,0.0
15,574.0,0.08871548864426748,0.0
16,574.0,0.004702891380234164,0.0
17,574.0,0.06870699800035818,0.0
18,574.0,0.0731701275274913,0.0
19,574.0,0.0,0.0
20,574.0,0.0,0.0
21,574.0,0.0465418864759477,0.0
22,574.0,0.1027376086837467,0.0
23,574.0,0.0,0.0
24,574.0,0.0,0.0
25,574.0,9.573060675847694,11.11111111111111
26,574.0,0.0,0.0
27,574.0,0.2827476961827631,0.0
28,574.0,0.0,0.0
29,574.0,0.0,0.0
30,574.0,0.2165319114443388,0.0
31,574.0,0.0,0.0
32,574.0,0.0,0.0
33,574.0,0.10733612048777896,0.0
34,574.0,0.0,0.0
35,574.0,0.0,0.0
36,574.0,0.0,0.0
37,574.0,0.0,0.0
38,574.0,0.14135037303795273,0.0
39,574.0,13.731899664084386,11.11111111111111
40,574.0,22.37804900871058,11.11111111111111
41,574.0,0.10193663891644522,0.0
42,574.0,0.0868228932548597,0.0
43,574.0,0.04563758596059719,0.0
44,574.0,0.22522845886029497,0.0
45,574.0,0.0,0.0
46,574.0,0.0,0.0
47,574.0,0.0,0.0
48,574.0,0.160655250014467,0.0
49,574.0,0.008387357461295486,0.0
50,574.0,0.08994907087165016,0.0
1,575.0,0.0,0.0
2,575.0,12.583138611807245,11.11111111111111
3,575.0,0.0,0.0
4,575.0,0.0,0.0
5,575.0,0.0734587314448839,0.0
6,575.0,0.028603034217848378,0.0
7,575.0,0.08385331824962083,0.0
8,575.0,0.0,0.0
9,575.0,0.0,0.0
10,575.0,0.0,0.0
11,575.0,0.0,0.0
12,575.0,0.3229842764145394,0.0
13,575.0,0.021128475850367257,0.0
14,575.0,0.043277006352098524,0.0
15,575.0,0.31889350948548956,0.0
16,575.0,0.029651196128029467,0.0
17,575.0,0.0,0.0
18,575.0,0.0,0.0
19,575.0,0.1443125573842835,0.0
20,575.0,0.0,0.0
21,575.0,0.1600491662916529,0.0
22,575.0,0.0,0.0
23,575.0,0.01604104215028712,0.0
24,575.0,0.0,0.0
25,575.0,9.525170530995169,11.11111111111111
26,575.0,0.02346899565365257,0.0
27,575.0,0.09283168825109667,0.0
28,575.0,0.06359824276250337,0.0
29,575.0,0.032744047607634386,0.0
30,575.0,0.0,0.0
31,575.0,0.05098632623476251,0.0
32,575.0,0.0,0.0
33,575.0,0.1304041629801631,0.0
34,575.0,0.0,0.0
35,575.0,0.0752211026697156,0.0
36,575.0,0.02803599149841607,0.0
37,575.0,0.0,0.0
38,575.0,0.061278684265771655,0.0
39,575.0,13.669589784240031,11.11111111111111
40,575.0,22.025072027244832,11.11111111111111
41,575.0,0.0,0.0
42,575.0,0.13000371110302333,0.0
43,575.0,0.0,0.0
44,575.0,0.010840858017413302,0.0
45,575.0,0.0,0.0
46,575.0,0.0,0.0
47,575.0,0.15375999992283584,0.0
48,575.0,0.057027293796306,0.0
49,575.0,0.0,0.0
50,575.0,0.0,0.0
1,576.0,0.06668395226315182,0.0
2,576.0,13.010192850109295,11.11111111111111
3,576.0,0.0,0.0
4,576.0,0.0,0.0
5,576.0,0.0,0.0
6,576.0,0.17507764806640014,0.0
7,576.0,0.06760838896260413,0.0
8,576.0,0.0,0.0
9,576.0,0.0,0.0
10,576.0,0.0,0.0
11,576.0,0.16683248481647528,0.0
12,576.0,0.0,0.0
13,576.0,0.0,0.0
14,576.0,0.05339510649934809,0.0
15,576.0,0.0,0.0
16,576.0,0.0,0.0
17,576.0,0.018625366985173808,0.0
18,576.0,0.0,0.0
19,576.0,0.19474105895498262,0.0
20,576.0,0.0,0.0
21,576.0,0.0,0.0
22,576.0,0.10832910556223718,0.0
23,576.0,0.0,0.0
24,576.0,0.14324319394847917,0.0
25,576.0,9.657780379749001,11.11111111111111
26,576.0,0.1590009609121107,0.0
27,576.0,0.035022211937787096,0.0
28,576.0,0.0,0.0
29,576.0,0.05654232991702901,0.0
30,576.0,0.19006649328473235,0.0
31,576.0,0.0,0.0
32,576.0,0.019217008538824243,0.0
33,576.0,0.29450020787930054,0.0
34,576.0,0.0,0.0
35,576.0,0.0,0.0
36,576.0,0.0,0.0
37,576.0,0.13119282229624085,0.0
38,576.0,0.0,0.0
39,576.0,13.567974061207268,11.11111111111111
40,576.0,22.339527985128214,11.11111111111111
41,576.0,0.0,0.0
42,576.0,0.003010845526885686,0.0
43,576.0,0.08528356774020751,0.0
44,576.0,0.15942517449744997,0.0
45,576.0,0.0,0.0
46,576.0,0.0,0.0
47,576.0,0.03190434447866175,0.0
48,576.0,0.0,0.0
49,576.0,0.13424476195837687,0.0
50,576.0,0.0,0.0
1,577.0,0.0,0.0
2,577.0,13.353746754635075,11.11111111111111
3,577.0,0.0,0.0
4,577.0,0.0,0.0
5,577.0,0.36353715878630644,0.0
6,577.0,0.0,0.0
7,577.0,0.0,0.0
8,577.0,0.0,0.0
9,577.0,0.0,0.0
10,577.0,0.0,0.0
11,577.0,0.30404128631618754,0.0
12,577.0,0.0,0.0
13,577.0,0.0,0.0
14,577.0,0.0,0.0
15,577.0,0.0008304768737484869,0.0
16,577.0,0.0,0.0
17,577.0,0.0,0.0
18,577.0,0.06401332697777451,0.0
19,577.0,0.0,0.0
20,577.0,0.12405668490874233,0.0
21,577.0,0.0,0.0
22,577.0,0.435519163375534,0.0
23,577.0,0.0,0.0
24,577.0,0.21091800405099626,0.0
25,577.0,9.785197463441538,11.11111111111111
26,577.0,0.0,0.0
27,577.0,0.05002520844083136,0.0
28,577.0,0.27303005674181524,0.0
29,577.0,0.061264906170168776,0.0
30,577.0,0.0680984122997772,0.0
31,577.0,0.0,0.0
32,577.0,0.20080434094023092,0.0
33,577.0,0.0,0.0
34,577.0,0.0,0.0
35,577.0,0.0,0.0
36,577.0,0.0,0.0
37,577.0,0.0,0.0
38,577.0,0.0,0.0
39,577.0,13.693644509299773,11.11111111111111
40,577.0,22.27992334059281,11.11111111111111
41,577.0,0.0,0.0
42,577.0,0.0,0.0
43,577.0,0.0,0.0
44,577.0,0.050055356748252566,0.0
45,577.0,0.06123127951053764,0.0
46,577.0,0.07926752404902937,0.0
47,577.0,0.0,0.0
48,577.0,0.16517309212318831,0.0
49,577.0,0.1020046096941879,0.0
50,577.0,0.04467966092466291,0.0
1,578.0,0.0,0.0
2,578.0,13.152241924711555,11.11111111111111
3,578.0,0.14558573924519402,0.0
4,578.0,0.22124498294415063,0.0
5,578.0,0.02046256774157762,0.0
6,578.0,0.0,0.0
7,578.0,0.0,0.0
8,578.0,0.1676007117877636,0.0
9,578.0,0.0,0.0
10,578.0,0.0,0.0
11,578.0,0.0,0.0
12,578.0,0.0,0.0
13,578.0,0.08617849407740685,0.0
14,578.0,0.0,0.0
15,578.0,0.0,0.0
16,578.0,0.12020287429893162,0.0
17,578.0,0.503126715675404,0.0
18,578.0,0.07501877566146353,0.0
19,578.0,0.13018965634503332,0.0
20,578.0,0.0,0.0
21,578.0,0.08030756569528652,0.0
22,578.0,0.0,0.0
23,578.0,0.044695674745605984,0.0
24,578.0,0.028141319223526473,0.0
25,578.0,10.052425560179104,11.11111111111111
26,578.0,0.12120068413451801,0.0
27,578.0,0.1309720921678793,0.0
28,578.0,0.020727979226152327,0.0
29,578.0,0.12780340409841506,0.0
30,578.0,0.0,0.0
31,578.0,0.0,0.0
32,578.0,0.016785845147775702,0.0
33,578.0,0.0,0.0
34,578.0,0.06966780456794475,0.0
35,578.0,0.03470613351407614,0.0
36,578.0,0.0,0.0
37,578.0,0.0,0.0
38,578.0,0.06306595031017648,0.0
39,578.0,13.649297293032093,11.11111111111111
40,578.0,22.31000439549917,11.11111111111111
41,578.0,0.3954573085124953,0.0
42,578.0,0.1285719180348054,0.0
43,578.0,0.2566401796168363,0.0
44,578.0,0.0,0.0
45,578.0,0.13164467611100616,0.0
46,578.0,0.22842861237473422,0.0
47,578.0,0.0,0.0
48,578.0,0.0,0.0
49,578.0,0.08114560947946348,0.0
50,578.0,0.0,0.0
1,579.0,0.0,0.0
2,579.0,12.587012290879237,11.11111111111111
3,579.0,0.0,0.0
4,579.0,0.0,0.0
5,579.0,0.1062230671702239,0.0
6,579.0,0.2452903188037141,0.0
7,579.0,0.0,0.0
8,579.0,0.17732778518858483,0.0
9,579.0,0.0,0.0
10,579.0,0.0,0.0
11,579.0,0.0,0.0
12,579.0,0.0,0.0
13,579.0,0.0,0.0
14,579.0,0.07438004572060064,0.0
15,579.0,0.0,0.0
16,579.0,0.02096918239500767,0.0
17,579.0,0.10419796312722596,0.0
18,579.0,0.0,0.0
19,579.0,0.011434777309700661,0.0
20,579.0,0.0,0.0
21,579.0,0.0,0.0
22,579.0,0.0,0.0
23,579.0,0.0,0.0
24,579.0,0.0,0.0
25,579.0,9.754951879970172,11.11111111111111
26,579.0,0.0,0.0
27,579.0,0.0,0.0
28,579.0,0.0,0.0
29,579.0,0.0,0.0
30,579.0,0.17958451406279963,0.0
31,579.0,0.12620226806084522,0.0
32,579.0,0.10987831034328144,0.0
33,579.0,0.17200357529878718,0.0
34,579.0,0.36567314337337764,0.0
35,579.0,0.0,0.0
36,579.0,0.5146221158324971,0.0
37,579.0,0.0,0.0
38,579.0,0.05634438871017966,0.0
39,579.0,13.676985785417283,11.11111111111111
40,579.0,22.559481183837434,11.11111111111111
41,579.0,0.20658283735939775,0.0
42,579.0,0.0,0.0
43,579.0,0.0,0.0
44,579.0,0.009704449332458842,0.0
45,579.0,0.039468149195961755,0.0
46,579.0,0.0,0.0
47,579.0,0.024426974402962154,0.0
48,579.0,0.0,0.0
49,579.0,0.15905653199776615,0.0
50,579.0,0.2489397171567379,0.0
1,580.0,0.0,0.0
2,580.0,12.59736949643584,11.11111111111111
3,580.0,0.21820078174413726,0.0
4,580.0,0.012175711607178008,0.0
5,580.0,0.25045659772662054,0.0
6,580.0,0.07105014623174899,0.0
7,580.0,0.0008671353977723895,0.0
8,580.0,0.06496394000450945,0.0
9,580.0,0.06590669849313069,0.0
10,580.0,0.07649613608260408,0.0
11,580.0,0.0,0.0
12,580.0,0.033492282967800935,0.0
13,580.0,0.0,0.0
14,580.0,0.0,0.0
15,580.0,0.3578232884546152,0.0
16,580.0,0.0,0.0
17,580.0,0.18554528619605049,0.0
18,580.0,0.0,0.0
19,580.0,0.051500667263540856,0.0
20,580.0,0.0,0.0
21,580.0,0.2756068891723237,0.0
22,580.0,0.04126846218206848,0.0
23,580.0,0.0,0.0
24,580.0,0.0,0.0
25,580.0,9.871102522828755,11.11111111111111
26,580.0,0.009839234540478303,0.0
27,580.0,0.0,0.0
28,580.0,0.1247442282845953,0.0
29,580.0,0.027082996660672487,0.0
30,580.0,0.08500047289646495,0.0
31,580.0,0.1884278472051134,0.0
32,580.0,0.14200223949945734,0.0
33,580.0,0.0,0.0
34,580.0,0.0,0.0
35,580.0,0.09372031228950084,0.0
36,580.0,0.316442024716335,0.0
37,580.0,0.04108764661540687,0.0
38,580.0,0.19250285222849628,0.0
39,580.0,13.81713317040262,11.11111111111111
40,580.0,22.26211076880867,11.11111111111111
41,580.0,0.007750667529534239,0.0
42,580.0,0.0,0.0
43,580.0,0.0,0.0
44,580.0,0.0,0.0
45,580.0,0.29422827550826414,0.0
46,580.0,0.0,0.0
47,580.0,0.006925477102890709,0.0
48,580.0,0.0,0.0
49,580.0,0.0,0.0
50,580.0,0.19283605582268237,0.0
1,581.0,0.0,0.0
2,581.0,12.683323263361162,11.11111111111111
3,581.0,0.0061803032051988005,0.0
4,581.0,0.11454817813845564,0.0
5,581.0,0.0,0.0
6,581.0,0.32014122507385656,0.0
7,581.0,0.19959428137453838,0.0
8,581.0,0.006131592320926305,0.0
9,581.0,0.0,0.0
10,581.0,0.0,0.0
11,581.0,0.0,0.0
12,581.0,0.0,0.0
13,581.0,0.0,0.0
14,581.0,0.0,0.0
15,581.0,0.06581721718317934,0.0
16,581.0,0.2586574981106735,0.0
17,581.0,0.0,0.0
18,581.0,0.03058015872796016,0.0
19,581.0,0.0,0.0
20,581.0,0.0,0.0
21,581.0,0.10778497912297147,0.0
22,581.0,0.0,0.0
23,581.0,0.0,0.0
24,581.0,0.21082617866417275,0.0
25,581.0,9.780384565991016,11.11111111111111
26,581.0,0.0,0.0
27,581.0,0.19467358803180368,0.0
28,581.0,0.0,0.0
29,581.0,0.1734002272781946,0.0
30,581.0,0.0,0.0
31,581.0,0.13117700099584062,0.0
32,581.0,0.0,0.0
33,581.0,0.0009149477628189739,0.0
34,581.0,0.024991606481679085,0.0
35,581.0,0.0,0.0
36,581.0,0.33075421330274934,0.0
37,581.0,0.10146713975383959,0.0
38,581.0,0.0,0.0
39,581.0,13.451193236554264,11.11111111111111
40,581.0,21.9136613439089,11.11111111111111
41,581.0,0.0,0.0
42,581.0,0.10053589263092755,0.0
43,581.0,0.0,0.0
44,581.0,0.0,0.0
45,581.0,0.12562355196240682,0.0
46,581.0,0.0,0.0
47,581.0,0.030104051217535233,0.0
48,581.0,0.016972974943980867,0.0
49,581.0,0.07814567062443167,0.0
50,581.0,0.0,0.0
1,582.0,0.16817094087260653,0.0
2,582.0,12.448721916724233,11.11111111111111
3,582.0,0.1444129719590863,0.0
4,582.0,0.0,0.0
5,582.0,0.23521800086236921,0.0
6,582.0,0.0,0.0
7,582.0,0.15424887757938155,0.0
8,582.0,0.0,0.0
9,582.0,0.1329809707465951,0.0
10,582.0,0.0,0.0
11,582.0,0.0,0.0
12,582.0,0.0,0.0
13,582.0,0.06005405938506225,0.0
14,582.0,0.0,0.0
15,582.0,0.0,0.0
16,582.0,0.0,0.0
17,582.0,0.07683045430192481,0.0
18,582.0,0.0,0.0
19,582.0,0.23789442121818172,0.0
20,582.0,0.0,0.0
21,582.0,0.0,0.0
22,582.0,0.0,0.0
23,582.0,0.18546865548575087,0.0
24,582.0,0.0,0.0
25,582.0,9.890562482977428,11.11111111111111
26,582.0,0.0,0.0
27,582.0,0.07484658958972057,0.0
28,582.0,0.0,0.0
29,582.0,0.17507085548290657,0.0
30,582.0,0.0,0.0
31,582.0,0.18040798299662042,0.0
32,582.0,0.0,0.0
33,582.0,0.0,0.0
34,582.0,0.15615600360807647,0.0
35,582.0,0.0,0.0
36,582.0,0.08723600927413955,0.0
37,582.0,0.055970485672208414,0.0
38,582.0,0.0,0.0
39,582.0,13.747491832937158,11.11111111111111
40,582.0,21.794940405647573,11.11111111111111
41,582.0,0.0,0.0
42,582.0,0.0,0.0
43,582.0,0.053277018147229405,0.0
44,582.0,0.22466786543831307,0.0
45,582.0,0.06533126082836105,0.0
46,582.0,0.0,0.0
47,582.0,0.280445556149738,0.0
48,582.0,0.13985312973357933,0.0
49,582.0,0.0,0.0
50,582.0,0.1794705747433678,0.0
1,583.0,0.02530107796296266,0.0
2,583.0,12.269632299785137,11.11111111111111
3,583.0,0.0,0.0
4,583.0,0.0455609331580098,0.0
5,583.0,0.1673971972153716,0.0
6,583.0,0.0,0.0
7,583.0,0.0,0.0
8,583.0,0.10110693018004846,0.0
9,583.0,0.0,0.0
10,583.0,0.3273953739140779,0.0
11,583.0,0.0,0.0
12,583.0,0.0,0.0
13,583.0,0.0,0.0
14,583.0,0.0,0.0
15,583.0,0.0838202221718991,0.0
16,583.0,0.07774714029976093,0.0
17,583.0,0.0,0.0
18,583.0,0.14298930891344386,0.0
19,583.0,0.09036889661337544,0.0
20,583.0,0.0,0.0
21,583.0,0.0,0.0
22,583.0,0.10214952112041997,0.0
23,583.0,0.0,0.0
24,583.0,0.0,0.0
25,583.0,9.735037054207737,11.11111111111111
26,583.0,0.0,0.0
27,583.0,0.0,0.0
28,583.0,0.0685688550241188,0.0
29,583.0,0.0,0.0
30,583.0,0.16534456365732064,0.0
31,583.0,0.0,0.0
32,583.0,0.0,0.0
33,583.0,0.08967433528626245,0.0
34,583.0,0.0,0.0
35,583.0,0.14053313554065217,0.0
36,583.0,0.11461998602479884,0.0
37,583.0,0.38631264529537124,0.0
38,583.0,0.330807213705789,0.0
39,583.0,14.03088046228383,11.11111111111111
40,583.0,21.237291430800845,11.11111111111111
41,583.0,0.0,0.0
42,583.0,0.06191833720821183,0.0
43,583.0,0.0,0.0
44,583.0,0.0,0.0
45,583.0,0.08179574735737138,0.0
46,583.0,0.0,0.0
47,583.0,0.0,0.0
48,583.0,0.2777543769348383,0.0
49,583.0,0.18161429907589466,0.0
50,583.0,0.1420545837826086,0.0
1,584.0,0.0,0.0
2,584.0,12.192781791429487,11.11111111111111
3,584.0,0.0,0.0
4,584.0,0.0,0.0
5,584.0,0.0,0.0
6,584.0,0.08754415557290951,0.0
7,584.0,0.20265153976774697,0.0
8,584.0,0.18844094041748205,0.0
9,584.0,0.0,0.0
10,584.0,0.22772284838783596,0.0
11,584.0,0.009592847758909229,0.0
12,584.0,0.022745167356322593,0.0
13,584.0,0.0,0.0
14,584.0,0.046803272223235104,0.0
15,584.0,0.06761307331600219,0.0
16,584.0,0.2520317314350865,0.0
17,584.0,0.08902113459655303,0.0
18,584.0,0.05283874022840962,0.0
19,584.0,0.053099970390422024,0.0
20,584.0,0.002845711615912183,0.0
21,584.0,0.0,0.0
22,584.0,0.14760385879071314,0.0
23,584.0,0.07378278671414651,0.0
24,584.0,0.0,0.0
25,584.0,9.649699324062126,11.11111111111111
26,584.0,0.09429174532780138,0.0
27,584.0,0.0,0.0
28,584.0,0.15984535472240957,0.0
29,584.0,0.11658324519735896,0.0
30,584.0,0.0,0.0
31,584.0,0.02126590478810142,0.0
32,584.0,0.0,0.0
33,584.0,0.0,0.0
34,584.0,0.0,0.0
35,584.0,0.13145844403900242,0.0
36,584.0,0.16117716344431754,0.0
37,584.0,0.19861409644583794,0.0
38,584.0,0.1601008493910281,0.0
39,584.0,14.112762977971048,11.11111111111111
40,584.0,21.3226537030493,11.11111111111111
41,584.0,0.17419092836704664,0.0
42,584.0,0.0,0.0
43,584.0,0.0860447177427871,0.0
44,584.0,0.27247602743567023,0.0
45,584.0,0.07979772193798662,0.0
46,584.0,0.21159289490273725,0.0
47,584.0,0.07109181418086474,0.0
48,584.0,0.026233623812586315,0.0
49,584.0,0.0,0.0
50,584.0,0.0,0.0
1,585.0,0.0,0.0
2,585.0,11.831084414927789,11.11111111111111
3,585.0,0.0,0.0
4,585.0,0.09927141803121586,0.0
5,585.0,0.12909710355926263,0.0
6,585.0,0.24453185083169793,0.0
7,585.0,0.0821410710881284,0.0
8,585.0,0.11993856599188413,0.0
9,585.0,0.18961022488373525,0.0
10,585.0,0.09186434548759359,0.0
11,585.0,0.028444267624152864,0.0
12,585.0,0.0,0.0
13,585.0,0.02092049486862413,0.0
14,585.0,0.07846741092158893,0.0
15,585.0,0.3279764189300429,0.0
16,585.0,0.0,0.0
17,585.0,0.0,0.0
18,585.0,0.22147905816908553,0.0
19,585.0,0.05034909438045154,0.0
20,585.0,0.27089211494183374,0.0
21,585.0,0.0,0.0
22,585.0,0.03799063977597583,0.0
23,585.0,0.0,0.0
24,585.0,0.0,0.0
25,585.0,9.677201454496892,11.11111111111111
26,585.0,0.2531140160281169,0.0
27,585.0,0.0,0.0
28,585.0,0.0,0.0
29,585.0,0.19007108680389073,0.0
30,585.0,0.0,0.0
31,585.0,0.0,0.0
32,585.0,0.029767844893777817,0.0
33,585.0,0.19948713546583952,0.0
34,585.0,0.054984655786529,0.0
35,585.0,0.0,0.0
36,585.0,0.27753471387035256,0.0
37,585.0,0.12358859204852601,0.0
38,585.0,0.04830521640621832,0.0
39,585.0,14.131039627493857,11.11111111111111
40,585.0,21.267913088355844,11.11111111111111
41,585.0,0.0,0.0
42,585.0,0.0,0.0
43,585.0,0.0221405736130752,0.0
44,585.0,0.0,0.0
45,585.0,0.018283843148507506,0.0
46,585.0,0.0,0.0
47,585.0,0.09679858905436134,0.0
48,585.0,0.11572029990634669,0.0
49,585.0,0.0,0.0
50,585.0,0.2495880413888144,0.0
1,586.0,0.029032405868732125,0.0
2,586.0,11.989179661213779,11.11111111111111
3,586.0,0.06331781227343636,0.0
4,586.0,0.0,0.0
5,586.0,0.0936956492680554,0.0
6,586.0,0.052263391113257285,0.0
7,586.0,0.23975065464657241,0.0
8,586.0,0.11546321172144902,0.0
9,586.0,0.24022069213377262,0.0
10,586.0,0.0,0.0
11,586.0,0.0,0.0
12,586.0,0.019719593236623756,0.0
13,586.0,0.0,0.0
14,586.0,0.030287999432567214,0.0
15,586.0,0.07912751231679405,0.0
16,586.0,0.0,0.0
17,586.0,0.2265650996742613,0.0
18,586.0,0.06324905164661643,0.0
19,586.0,0.0,0.0
20,586.0,0.0968327695231479,0.0
21,586.0,0.14991049807382395,0.0
22,586.0,0.08675383135332382,0.0
23,586.0,0.11146736093870002,0.0
24,586.0,0.2366479757662907,0.0
25,586.0,9.751442637872028,11.11111111111111
26,586.0,0.042980550812083074,0.0
27,586.0,0.0,0.0
28,586.0,0.11767220085791774,0.0
29,586.0,0.04058064902550629,0.0
30,586.0,0.0,0.0
31,586.0,0.0,0.0
32,586.0,0.0,0.0
33,586.0,0.01674565262795258,0.0
34,586.0,0.05737654371950951,0.0
35,586.0,0.0,0.0
36,586.0,0.08082369319084615,0.0
37,586.0,0.12005443858374643,0.0
38,586.0,0.0,0.0
39,586.0,13.782755960646478,11.11111111111111
40,586.0,21.315869949696687,11.11111111111111
41,586.0,0.1509583682025497,0.0
42,586.0,0.0,0.0
43,586.0,0.30444460367763504,0.0
44,586.0,0.0,0.0
45,586.0,0.0,0.0
46,586.0,0.05571664537916898,0.0
47,586.0,0.0,0.0
48,586.0,0.0,0.0
49,586.0,0.0,0.0
50,586.0,0.0,0.0
1,587.0,0.0,0.0
2,587.0,12.178397041891946,11.11111111111111
3,587.0,0.0,0.0
4,587.0,0.0,0.0
5,587.0,0.004489458320600881,0.0
6,587.0,0.0,0.0
7,587.0,0.028641420005277696,0.0
8,587.0,0.027026750444499648,0.0
9,587.0,0.2433122613497568,0.0
10,587.0,0.0,0.0
11,587.0,0.0,0.0
12,587.0,0.0,0.0
13,587.0,0.0,0.0
14,587.0,0.062082708414479604,0.0
15,587.0,0.2864958421882292,0.0
16,587.0,0.0,0.0
17,587.0,0.0,0.0
18,587.0,0.08773438160580993,0.0
19,587.0,0.21083554996327325,0.0
20,587.0,0.0,0.0
21,587.0,0.07614888442999923,0.0
22,587.0,0.0,0.0
23,587.0,0.2260010401522744,0.0
24,587.0,0.042340159553813206,0.0
25,587.0,9.316340012250707,11.11111111111111
26,587.0,0.0,0.0
27,587.0,0.0,0.0
28,587.0,0.0,0.0
29,587.0,0.12429834821002461,0.0
30,587.0,0.0,0.0
31,587.0,0.017097979685785747,0.0
32,587.0,0.0,0.0
33,587.0,0.0,0.0
34,587.0,0.15817700883064423,0.0
35,587.0,0.0,0.0
36,587.0,0.060855065530778574,0.0
37,587.0,0.04330862726638307,0.0
38,587.0,0.0,0.0
39,587.0,14.176565804795588,11.11111111111111
40,587.0,21.78021390910313,11.11111111111111
41,587.0,0.05071861897826102,0.0
42,587.0,0.0,0.0
43,587.0,0.31064095642326894,0.0
44,587.0,0.0,0.0
45,587.0,0.3990704494807171,0.0
46,587.0,0.0,0.0
47,587.0,0.0,0.0
48,587.0,0.0,0.0
49,587.0,0.0,0.0
50,587.0,0.0,0.0
1,588.0,0.0,0.0
2,588.0,11.945125792342234,11.11111111111111
3,588.0,0.0,0.0
4,588.0,0.008804103283828857,0.0
5,588.0,0.0637694491537969,0.0
6,588.0,0.0,0.0
7,588.0,0.0,0.0
8,588.0,0.0,0.0
9,588.0,0.23811872708839588,0.0
10,588.0,0.3063300529625014,0.0
11,588.0,0.0,0.0
12,588.0,0.0,0.0
13,588.0,0.0,0.0
14,588.0,0.0,0.0
15,588.0,0.43498675867827186,0.0
16,588.0,0.3491434339520003,0.0
17,588.0,0.20624221787850416,0.0
18,588.0,0.09109521400112153,0.0
19,588.0,0.0,0.0
20,588.0,0.0,0.0
21,588.0,0.0,0.0
22,588.0,0.0,0.0
23,588.0,0.0,0.0
24,588.0,0.0,0.0
25,588.0,9.38126453858614,11.11111111111111
26,588.0,0.0,0.0
27,588.0,0.3335663213817709,0.0
28,588.0,0.0,0.0
29,588.0,0.0,0.0
30,588.0,0.12745235920298748,0.0
31,588.0,0.0,0.0
32,588.0,0.10948471484202726,0.0
33,588.0,0.0,0.0
34,588.0,0.21153342901736105,0.0
35,588.0,0.17168903519344947,0.0
36,588.0,0.06244166411994634,0.0
37,588.0,0.0,0.0
38,588.0,0.14356788184617142,0.0
39,588.0,14.302102763370169,11.11111111111111
40,588.0,22.028883419757356,11.11111111111111
41,588.0,0.06675683326530946,0.0
42,588.0,0.0,0.0
43,588.0,0.0,0.0
44,588.0,0.32138348334336686,0.0
45,588.0,0.0,0.0
46,588.0,0.0,0.0
47,588.0,0.0,0.0
48,588.0,0.0,0.0
49,588.0,0.0,0.0
50,588.0,0.30807051114381867,0.0
1,589.0,0.0010396644718405623,0.0
2,589.0,12.091760481406123,11.11111111111111
3,589.0,0.051308689584422584,0.0
4,589.0,0.10466676368747596,0.0
5,589.0,0.0,0.0
6,589.0,0.0,0.0
7,589.0,0.020729753498751502,0.0
8,589.0,0.07922043476279561,0.0
9,589.0,0.0,0.0
10,589.0,0.27896502126981104,0.0
11,589.0,0.12830545300378737,0.0
12,589.0,0.25100750080363543,0.0
13,589.0,0.0,0.0
14,589.0,0.0,0.0
15,589.0,0.05738594045908363,0.0
16,589.0,0.04113926692234404,0.0
17,589.0,0.14338817574761142,0.0
18,589.0,0.0,0.0
19,589.0,0.06976008852112092,0.0
20,589.0,0.17096833906725684,0.0
21,589.0,0.0,0.0
22,589.0,0.0,0.0
23,589.0,0.02829770111982355,0.0
24,589.0,0.0,0.0
25,589.0,9.271614697305692,11.11111111111111
26,589.0,0.0,0.0
27,589.0,0.04711826258889307,0.0
28,589.0,0.03827154122670029,0.0
29,589.0,0.09128744040523817,0.0
30,589.0,0.0,0.0
31,589.0,0.08041631408997452,0.0
32,589.0,0.0,0.0
33,589.0,0.03982995269961176,0.0
34,589.0,0.18942579988008768,0.0
35,589.0,0.0,0.0
36,589.0,0.0,0.0
37,589.0,0.0,0.0
38,589.0,0.21031196793981488,0.0
39,589.0,14.208138034677976,11.11111111111111
40,589.0,21.962035719765847,11.11111111111111
41,589.0,0.0,0.0
42,589.0,0.0,0.0
43,589.0,0.0,0.0
44,589.0,0.10706979142829731,0.0
45,589.0,0.0,0.0
46,589.0,0.0,0.0
47,589.0,0.33828365342231825,0.0
48,589.0,0.0633022130530767,0.0
49,589.0,0.08560544527856118,0.0
50,589.0,0.0,0.0
1,590.0,0.0,0.0
2,590.0,12.2964479654275,11.11111111111111
3,590.0,0.08986083067545747,0.0
4,590.0,0.15557409526362098,0.0
5,590.0,0.03011903026645313,0.0
6,590.0,0.1166364141743127,0.0
7,590.0,0.013194922608049886,0.0
8,590.0,0.05232646403033914,0.0
9,590.0,0.2532720352029856,0.0
10,590.0,0.0005663398785149543,0.0
11,590.0,0.24531179501669598,0.0
12,590.0,0.07528142678266447,0.0
13,590.0,0.0,0.0
14,590.0,0.0,0.0
15,590.0,0.0,0.0
16,590.0,0.08463788767245761,0.0
17,590.0,0.0,0.0
18,590.0,0.19908536329828985,0.0
19,590.0,0.0,0.0
20,590.0,0.0,0.0
21,590.0,0.15942845100900205,0.0
22,590.0,0.06976168822103368,0.0
23,590.0,0.00994961872170852,0.0
24,590.0,0.03639000955713656,0.0
25,590.0,9.348887788112396,11.11111111111111
26,590.0,0.02527992972473303,0.0
27,590.0,0.0,0.0
28,590.0,0.08354348314714521,0.0
29,590.0,0.033475340349859106,0.0
30,590.0,0.0,0.0
31,590.0,0.08788135275658249,0.0
32,590.0,0.33108249036537996,0.0
33,590.0,0.0,0.0
34,590.0,0.0,0.0
35,590.0,0.10018987730198903,0.0
36,590.0,0.0,0.0
37,590.0,0.0,0.0
38,590.0,0.06499449434526916,0.0
39,590.0,14.304793070577444,11.11111111111111
40,590.0,22.089670554513493,11.11111111111111
41,590.0,0.3153867270247521,0.0
42,590.0,0.0,0.0
43,590.0,0.0,0.0
44,590.0,0.18731971687362436,0.0
45,590.0,0.0,0.0
46,590.0,0.0,0.0
47,590.0,0.0,0.0
48,590.0,0.0,0.0
49,590.0,0.0,0.0
50,590.0,0.0,0.0
1,591.0,0.04626353270705308,0.0
2,591.0,12.15474340328371,11.11111111111111
3,591.0,0.08499649901276629,0.0
4,591.0,0.0,0.0
5,591.0,0.0,0.0
6,591.0,0.27003172021793354,0.0
7,591.0,0.19856606283990397,0.0
8,591.0,0.012969413168227861,0.0
9,591.0,0.14469658762012627,0.0
10,591.0,0.11809990186738029,0.0
11,591.0,0.19854708286071254,0.0
12,591.0,0.04737063094717886,0.0
13,591.0,0.0,0.0
14,591.0,0.049219229228401606,0.0
15,591.0,0.00757069643877184,0.0
16,591.0,0.2265208303048466,0.0
17,591.0,0.0,0.0
18,591.0,0.16243325278620036,0.0
19,591.0,0.0,0.0
20,591.0,0.3654085423660658,0.0
21,591.0,0.31159070723597715,0.0
22,591.0,0.05061764908885236,0.0
23,591.0,0.0,0.0
24,591.0,0.26982682418687465,0.0
25,591.0,9.918895856154304,11.11111111111111
26,591.0,0.02587309014384165,0.0
27,591.0,0.00387260665893574,0.0
28,591.0,0.0,0.0
29,591.0,0.09091973074047843,0.0
30,591.0,0.2843654908670148,0.0
31,591.0,0.0,0.0
32,591.0,0.0,0.0
33,591.0,0.0,0.0
34,591.0,0.1307009101092771,0.0
35,591.0,0.2500901278800418,0.0
36,591.0,0.0,0.0
37,591.0,0.0,0.0
38,591.0,0.0,0.0
39,591.0,14.074621058589631,11.11111111111111
40,591.0,21.763405192361077,11.11111111111111
41,591.0,0.0,0.0
42,591.0,0.0,0.0
43,591.0,0.0,0.0
44,591.0,0.006604245979442758,0.0
45,591.0,0.0,0.0
46,591.0,0.024281235340378293,0.0
47,591.0,0.0,0.0
48,591.0,0.0,0.0
49,591.0,0.0,0.0
50,591.0,0.06464438046199028,0.0
1,592.0,0.1547533408954781,0.0
2,592.0,12.121463790706951,11.11111111111111
3,592.0,0.05292337433480776,0.0
4,592.0,0.0,0.0
5,592.0,0.17384699118968316,0.0
6,592.0,0.05862504864821505,0.0
7,592.0,0.0,0.0
8,592.0,0.01870713822420722,0.0
9,592.0,0.0345834555449247,0.0
10,592.0,0.2650329956610973,0.0
11,592.0,0.0,0.0
12,592.0,0.09862624747630833,0.0
13,592.0,0.0,0.0
14,592.0,0.0,0.0
15,592.0,0.06056478088618611,0.0
16,592.0,0.12912922384740855,0.0
17,592.0,0.06942228307275455,0.0
18,592.0,0.0,0.0
19,592.0,0.0,0.0
20,592.0,0.0,0.0
21,592.0,0.16379035508508766,0.0
22,592.0,0.0,0.0
23,592.0,0.0,0.0
24,592.0,0.0,0.0
25,592.0,9.66352672706774,11.11111111111111
26,592.0,0.041880383409563904,0.0
27,592.0,0.0,0.0
28,592.0,0.10604153026552932,0.0
29,592.0,0.0,0.0
30,592.0,0.09067868422569869,0.0
31,592.0,0.058280348400402415,0.0
32,592.0,0.0,0.0
33,592.0,0.21027699772776476,0.0
34,592.0,0.05800334844796584,0.0
35,592.0,0.0,0.0
36,592.0,0.21869945427090287,0.0
37,592.0,0.21938461785679175,0.0
38,592.0,0.28032598995813385,0.0
39,592.0,13.822313132677492,11.11111111111111
40,592.0,21.91353018178216,11.11111111111111
41,592.0,0.0,0.0
42,592.0,0.07416586412151471,0.0
43,592.0,0.0,0.0
44,592.0,0.0,0.0
45,592.0,0.0,0.0
46,592.0,0.0,0.0
47,592.0,0.08877640701566536,0.0
48,592.0,0.0,0.0
49,592.0,0.20329192059417922,0.0
50,592.0,0.0,0.0
1,593.0,0.0,0.0
2,593.0,12.162480358880604,11.11111111111111
3,593.0,0.0,0.0
4,593.0,0.0,0.0
5,593.0,0.0,0.0
6,593.0,0.0,0.0
7,593.0,0.001470298184186647,0.0
8,593.0,0.11986614557607189,0.0
9,593.0,0.15965350666547506,0.0
10,593.0,0.0,0.0
11,593.0,0.21715479820993344,0.0
12,593.0,0.09676557903054095,0.0
13,593.0,0.0,0.0
14,593.0,0.0,0.0
15,593.0,0.0,0.0
16,593.0,0.0,0.0
17,593.0,0.0,0.0
18,593.0,0.0,0.0
19,593.0,0.0,0.0
20,593.0,0.0,0.0
21,593.0,0.0,0.0
22,593.0,0.0,0.0
23,593.0,0.17230546581069173,0.0
24,593.0,0.15752200121204118,0.0
25,593.0,9.722157366984668,11.11111111111111
26,593.0,0.0,0.0
27,593.0,0.0,0.0
28,593.0,0.008461920991324035,0.0
29,593.0,0.0,0.0
30,593.0,0.0,0.0
31,593.0,0.0,0.0
32,593.0,0.030595623594098953,0.0
33,593.0,0.03284726518155523,0.0
34,593.0,0.0,0.0
35,593.0,0.18001440551566772,0.0
36,593.0,0.0,0.0
37,593.0,0.16178569352233807,0.0
38,593.0,0.014036434655714358,0.0
39,593.0,14.149583139084141,11.11111111111111
40,593.0,21.716374498548138,11.11111111111111
41,593.0,0.27298679149151617,0.0
42,593.0,0.0,0.0
43,593.0,0.0,0.0
44,593.0,0.0,0.0
45,593.0,0.0,0.0
46,593.0,0.0,0.0
47,593.0,0.0,0.0
48,593.0,0.18937788402296596,0.0
49,593.0,0.19104504682920398,0.0
50,593.0,0.14233035806934802,0.0
1,594.0,0.0,0.0
2,594.0,12.443752408091939,11.11111111111111
3,594.0,0.0,0.0
4,594.0,0.0888860546499749,0.0
5,594.0,0.0,0.0
6,594.0,0.0,0.0
7,594.0,0.0651571046431858,0.0
8,594.0,0.0,0.0
9,594.0,0.0,0.0
10,594.0,0.06958048224631652,0.0
11,594.0,0.31739865995202776,0.0
12,594.0,0.19983118502689068,0.0
13,594.0,0.006462584066176946,0.0
14,594.0,0.0,0.0
15,594.0,0.0,0.0
16,594.0,0.0,0.0
17,594.0,0.0,0.0
18,594.0,0.0,0.0
19,594.0,0.0,0.0
20,594.0,0.07376181180858421,0.0
21,594.0,0.1496970266923503,0.0
22,594.0,0.0,0.0
23,594.0,0.0,0.0
24,594.0,0.09038541984110104,0.0
25,594.0,9.820610951363072,11.11111111111111
26,594.0,0.0,0.0
27,594.0,0.0,0.0
28,594.0,0.0,0.0
29,594.0,0.16347511799192183,0.0
30,594.0,0.0,0.0
31,594.0,0.18773993623223506,0.0
32,594.0,0.1713174207157926,0.0
33,594.0,0.11566676596242165,0.0
34,594.0,0.022235094685044587,0.0
35,594.0,0.0,0.0
36,594.0,0.0,0.0
37,594.0,0.0643690119152367,0.0
38,594.0,0.0998051428800183,0.0
39,594.0,13.86351053745233,11.11111111111111
40,594.0,22.012161111327284,11.11111111111111
41,594.0,0.14395497254791867,0.0
42,594.0,0.0,0.0
43,594.0,0.0,0.0
44,594.0,0.1266165626990684,0.0
45,594.0,0.0,0.0
46,594.0,0.05865232967274614,0.0
47,594.0,0.0,0.0
48,594.0,0.0,0.0
49,594.0,0.0,0.0
50,594.0,0.0,0.0
1,595.0,0.0,0.0
2,595.0,11.999283396807138,11.11111111111111
3,595.0,0.0,0.0
4,595.0,0.27010241150893777,0.0
5,595.0,0.13689437735931653,0.0
6,595.0,0.08731651616200964,0.0
7,595.0,0.0,0.0
8,595.0,0.0,0.0
9,595.0,0.0,0.0
10,595.0,0.0006905806420512972,0.0
11,595.0,0.0,0.0
12,595.0,0.050290902539934845,0.0
13,595.0,0.1184995811928301,0.0
14,595.0,0.0,0.0
15,595.0,0.0,0.0
16,595.0,0.15816518041958527,0.0
17,595.0,0.0,0.0
18,595.0,0.0,0.0
19,595.0,0.0,0.0
20,595.0,0.014224760445926021,0.0
21,595.0,0.1356333011497547,0.0
22,595.0,0.04790609249904032,0.0
23,595.0,0.0,0.0
24,595.0,0.09259340385720571,0.0
25,595.0,10.190621769552173,11.11111111111111
26,595.0,0.0,0.0
27,595.0,0.27697804489339894,0.0
28,595.0,0.0,0.0
29,595.0,0.02413099081170056,0.0
30,595.0,0.0,0.0
31,595.0,0.0,0.0
32,595.0,0.1877629687909863,0.0
33,595.0,0.0,0.0
34,595.0,0.01525966945621593,0.0
35,595.0,0.0,0.0
36,595.0,0.19797947396066828,0.0
37,595.0,0.0,0.0
38,595.0,0.18735026005919175,0.0
39,595.0,13.943850240348656,11.11111111111111
40,595.0,21.940017268270708,11.11111111111111
41,595.0,0.0,0.0
42,595.0,0.0,0.0
43,595.0,0.171020925292372,0.0
44,595.0,0.18556900217467875,0.0
45,595.0,0.01505216104005569,0.0
46,595.0,0.0,0.0
47,595.0,0.02315323586195872,0.0
48,595.0,0.0,0.0
49,595.0,0.0,0.0
50,595.0,0.0,0.0
1,596.0,0.0,0.0
2,596.0,11.71279747500411,11.11111111111111
3,596.0,0.1641176310339335,0.0
4,596.0,0.0169652787245288,0.0
5,596.0,0.21521708886276403,0.0
6,596.0,0.1954275897769705,0.0
7,596.0,0.11024031081141827,0.0
8,596.0,0.13877123521590928,0.0
9,596.0,0.19850729778206488,0.0
10,596.0,0.09763718163600799,0.0
11,596.0,0.0,0.0
12,596.0,0.1822152666719793,0.0
13,596.0,0.0,0.0
14,596.0,0.07754852187722405,0.0
15,596.0,0.0,0.0
16,596.0,0.09929582628221001,0.0
17,596.0,0.07370617473334828,0.0
18,596.0,0.0,0.0
19,596.0,0.0,0.0
20,596.0,0.0,0.0
21,596.0,0.1305612230051254,0.0
22,596.0,0.0,0.0
23,596.0,0.0,0.0
24,596.0,0.2034512192479876,0.0
25,596.0,10.428581370720298,11.11111111111111
26,596.0,0.03561185259167421,0.0
27,596.0,0.08197810409683493,0.0
28,596.0,0.0,0.0
29,596.0,0.054877014158292714,0.0
30,596.0,0.08607485424157446,0.0
31,596.0,0.0,0.0
32,596.0,0.3190442104321205,0.0
33,596.0,0.0,0.0
34,596.0,0.0,0.0
35,596.0,0.0,0.0
36,596.0,0.0,0.0
37,596.0,0.0,0.0
38,596.0,0.0,0.0
39,596.0,14.376772649797129,11.11111111111111
40,596.0,21.85749879440879,11.11111111111111
41,596.0,0.10538428415147216,0.0
42,596.0,0.0,0.0
43,596.0,0.0,0.0
44,596.0,0.05465830292327556,0.0
45,596.0,0.2036783776327239,0.0
46,596.0,0.048157788584976324,0.0
47,596.0,0.20359426699214433,0.0
48,596.0,0.0,0.0
49,596.0,0.0333953299980283,0.0
50,596.0,0.0,0.0
1,597.0,0.0641945991838192,0.0
2,597.0,12.029433086664476,11.11111111111111
3,597.0,0.0,0.0
4,597.0,0.0072756792001301696,0.0
5,597.0,0.0,0.0
6,597.0,0.0580305760160732,0.0
7,597.0,0.0,0.0
8,597.0,0.0,0.0
9,597.0,0.0,0.0
10,597.0,0.07674657615555136,0.0
11,597.0,0.0,0.0
12,597.0,0.0014529553103767023,0.0
13,597.0,0.0,0.0
14,597.0,0.0,0.0
15,597.0,0.05188862074120881,0.0
16,597.0,0.0,0.0
17,597.0,0.0,0.0
18,597.0,0.0,0.0
19,597.0,0.0,0.0
20,597.0,0.0426778135789182,0.0
21,597.0,0.0,0.0
22,597.0,0.11693958444156405,0.0
23,597.0,0.10737469438989589,0.0
24,597.0,0.18262406624205263,0.0
25,597.0,10.05952291350471,11.11111111111111
26,597.0,0.09208570119552184,0.0
27,597.0,0.0076043724703693805,0.0
28,597.0,0.0,0.0
29,597.0,0.013373788536773068,0.0
30,597.0,0.0462383471983816,0.0
31,597.0,0.0,0.0
32,597.0,0.16092396796094866,0.0
33,597.0,0.07683006974818474,0.0
34,597.0,0.0,0.0
35,597.0,0.0,0.0
36,597.0,0.333832540145103,0.0
37,597.0,0.0,0.0
38,597.0,0.11187639532984917,0.0
39,597.0,14.283365839274932,11.11111111111111
40,597.0,21.8792532996117,11.11111111111111
41,597.0,0.0,0.0
42,597.0,0.11266678241951766,0.0
43,597.0,0.0,0.0
44,597.0,0.059666418024533985,0.0
45,597.0,0.019629412963773407,0.0
46,597.0,0.0,0.0
47,597.0,0.20093854973044634,0.0
48,597.0,0.0,0.0
49,597.0,0.0,0.0
50,597.0,0.19155158892906055,0.0
1,598.0,0.10778392955037264,0.0
2,598.0,12.065437460241316,11.11111111111111
3,598.0,0.12110094357862966,0.0
4,598.0,0.10416704647251762,0.0
5,598.0,0.0,0.0
6,598.0,0.0,0.0
7,598.0,0.11436418671716264,0.0
8,598.0,0.0,0.0
9,598.0,0.21420661733872692,0.0
10,598.0,0.1013324779413255,0.0
11,598.0,0.0,0.0
12,598.0,0.10292139874429651,0.0
13,598.0,0.0,0.0
14,598.0,0.3722166487803804,0.0
15,598.0,0.13200887465268019,0.0
16,598.0,0.01766108290085633,0.0
17,598.0,0.07232271056305017,0.0
18,598.0,0.0,0.0
19,598.0,0.0,0.0
20,598.0,0.016994305083246286,0.0
21,598.0,0.1292691747932515,0.0
22,598.0,0.10080530942457944,0.0
23,598.0,0.0,0.0
24,598.0,0.0,0.0
25,598.0,10.047355764496595,11.11111111111111
26,598.0,0.008464537862055699,0.0
27,598.0,0.0,0.0
28,598.0,0.0,0.0
29,598.0,0.0,0.0
30,598.0,0.5306967925175163,0.0
31,598.0,0.1590248831629293,0.0
32,598.0,0.055016012013343385,0.0
33,598.0,0.15264184084103194,0.0
34,598.0,0.0,0.0
35,598.0,0.0,0.0
36,598.0,0.0,0.0
37,598.0,0.0,0.0
38,598.0,0.0,0.0
39,598.0,14.506889644156207,11.11111111111111
40,598.0,21.967783220928123,11.11111111111111
41,598.0,0.0,0.0
42,598.0,0.0,0.0
43,598.0,0.0807205523673784,0.0
44,598.0,0.0,0.0
45,598.0,0.0,0.0
46,598.0,0.0,0.0
47,598.0,0.03421015502320068,0.0
48,598.0,0.0,0.0
49,598.0,0.0,0.0
50,598.0,0.0,0.0
1,599.0,0.0,0.0
2,599.0,11.948012974503575,11.11111111111111
3,599.0,0.01970868361674205,0.0
4,599.0,0.07067611860782075,0.0
5,599.0,0.0,0.0
6,599.0,0.0,0.0
7,599.0,0.0,0.0
8,599.0,0.0,0.0
9,599.0,0.0,0.0
10,599.0,0.0,0.0
11,599.0,0.0,0.0
12,599.0,0.10306019747409312,0.0
13,599.0,0.18284284029614517,0.0
14,599.0,0.04201701439016203,0.0
15,599.0,0.18676986009264085,0.0
16,599.0,0.016129698318469332,0.0
17,599.0,0.10108425426382994,0.0
18,599.0,0.0,0.0
19,599.0,0.011512429298036975,0.0
20,599.0,0.022432857920294813,0.0
21,599.0,0.0,0.0
22,599.0,0.0,0.0
23,599.0,0.0,0.0
24,599.0,0.12682535612953683,0.0
25,599.0,9.696464906646305,11.11111111111111
26,599.0,0.01154687941084842,0.0
27,599.0,0.07393210883849444,0.0
28,599.0,0.15600777580838976,0.0
29,599.0,0.08466884778181716,0.0
30,599.0,0.3751829810656767,0.0
31,599.0,0.0,0.0
32,599.0,0.2312944263329637,0.0
33,599.0,0.0,0.0
34,599.0,0.2688620488401874,0.0
35,599.0,0.0,0.0
36,599.0,0.19086870770927,0.0
37,599.0,0.0,0.0
38,599.0,0.11538213420860233,0.0
39,599.0,14.024430427657581,11.11111111111111
40,599.0,22.160077852938358,11.11111111111111
41,599.0,0.09603463865247441,0.0
42,599.0,0.0,0.0
43,599.0,0.0,0.0
44,599.0,0.032179906107761336,0.0
45,599.0,0.05571994823321624,0.0
46,599.0,0.0,0.0
47,599.0,0.07368954957523577,0.0
48,599.0,0.0,0.0
49,599.0,0.0,0.0
50,599.0,0.0,0.0
1,600.0,0.0,0.0
2,600.0,11.803382841445497,11.11111111111111
3,600.0,0.0,0.0
4,600.0,0.004846267079914535,0.0
5,600.0,0.010972145456336513,0.0
6,600.0,0.0,0.0
7,600.0,0.0,0.0
8,600.0,0.0,0.0
9,600.0,0.16343752051236415,0.0
10,600.0,0.10027385098983965,0.0
11,600.0,0.0,0.0
12,600.0,0.0,0.0
13,600.0,0.0,0.0
14,600.0,0.0007989786998410242,0.0
15,600.0,0.22489412349005522,0.0
16,600.0,0.0,0.0
17,600.0,0.0,0.0
18,600.0,0.028476694126729818,0.0
19,600.0,0.0,0.0
20,600.0,0.15089382553833341,0.0
21,600.0,0.06136106404444375,0.0
22,600.0,0.058505096432658776,0.0
23,600.0,0.0,0.0
24,600.0,0.10698788223036704,0.0
25,600.0,9.51941777065044,11.11111111111111
26,600.0,0.03886795096383788,0.0
27,600.0,0.05142211721487333,0.0
28,600.0,0.14094570120969407,0.0
29,600.0,0.0,0.0
30,600.0,0.0,0.0
31,600.0,0.0,0.0
32,600.0,0.1881725171393127,0.0
33,600.0,0.07537486610549382,0.0
34,600.0,0.0,0.0
35,600.0,0.0,0.0
36,600.0,0.08794250251408997,0.0
37,600.0,0.0,0.0
38,600.0,0.0,0.0
39,600.0,14.011953237652534,11.11111111111111
40,600.0,21.85168770608729,11.11111111111111
41,600.0,0.039618863699124374,0.0
42,600.0,0.0,0.0
43,600.0,0.007643589427947739,0.0
44,600.0,0.0,0.0
45,600.0,0.030366634429914274,0.0
46,600.0,0.0,0.0
47,600.0,0.0,0.0
48,600.0,0.0,0.0
49,600.0,0.031433618748864744,0.0
50,600.0,0.04724006429384975,0.0
