Time,Edge,RangeChange
1.0,F1-L1,0.0
2.0,F1-L1,-1.077546585293021e-08
3.0,F1-L1,-2.1193329757807078e-08
4.0,F1-L1,-3.1611079975846224e-08
5.0,F1-L1,-4.274420462024864e-08
6.0,F1-L1,-5.3162011681706645e-08
7.0,F1-L1,-6.357981874316465e-08
8.0,F1-L1,-7.399762580462266e-08
9.0,F1-L1,-8.441548970949952e-08
10.0,F1-L1,-9.483329677095753e-08
11.0,F1-L1,-1.0560870578046888e-07
12.0,F1-L1,-1.1566891089387354e-07
13.0,F1-L1,-1.2680203553827596e-07
14.0,F1-L1,-1.372197857563151e-07
15.0,F1-L1,-1.4763764966119197e-07
16.0,F1-L1,-1.5841311551412218e-07
17.0,F1-L1,-1.6847326378410798e-07
18.0,F1-L1,-1.78891070845566e-07
19.0,F1-L1,-1.8966659354191506e-07
20.0,F1-L1,-2.000843437599542e-07
21.0,F1-L1,-2.1121752524777548e-07
22.0,F1-L1,-2.2163527546581463e-07
23.0,F1-L1,-2.320531393706915e-07
24.0,F1-L1,-2.4211323079725844e-07
25.0,F1-L1,-2.528887534936075e-07
26.0,F1-L1,-2.633065605550655e-07
27.0,F1-L1,-2.7408196956457687e-07
28.0,F1-L1,-2.8414217467798153e-07
29.0,F1-L1,-2.949176973743306e-07
30.0,F1-L1,-3.0569310638384195e-07
31.0,F1-L1,-3.1611091344529996e-07
32.0,F1-L1,-3.2652872050675796e-07
33.0,F1-L1,-3.3694652756821597e-07
34.0,F1-L1,-3.4736439147309284e-07
35.0,F1-L1,-3.5813985732602305e-07
36.0,F1-L1,-3.6855766438748105e-07
37.0,F1-L1,-3.793330733969924e-07
38.0,F1-L1,-3.901085392499226e-07
39.0,F1-L1,-4.001686875199084e-07
40.0,F1-L1,-4.105864945813664e-07
41.0,F1-L1,-4.213620172777155e-07
42.0,F1-L1,-4.317798243391735e-07
43.0,F1-L1,-4.4219768824405037e-07
44.0,F1-L1,-4.526154953055084e-07
45.0,F1-L1,-4.633909043150197e-07
46.0,F1-L1,-4.7416637016794994e-07
47.0,F1-L1,-4.845842340728268e-07
48.0,F1-L1,-4.95001984290866e-07
49.0,F1-L1,-5.054198481957428e-07
50.0,F1-L1,-5.15837598413782e-07
51.0,F1-L1,-5.262554623186588e-07
52.0,F1-L1,-5.370308713281702e-07
53.0,F1-L1,-5.478063371811004e-07
54.0,F1-L1,-5.585818030340306e-07
55.0,F1-L1,-5.686420081474353e-07
56.0,F1-L1,-5.790598152088933e-07
57.0,F1-L1,-5.898353379052423e-07
58.0,F1-L1,-6.002530881232815e-07
59.0,F1-L1,-6.106709520281584e-07
60.0,F1-L1,-6.210887022461975e-07
61.0,F1-L1,-6.318641680991277e-07
62.0,F1-L1,-6.422819751605857e-07
63.0,F1-L1,-6.530574410135159e-07
64.0,F1-L1,-6.634752480749739e-07
65.0,F1-L1,-6.738931119798508e-07
66.0,F1-L1,-6.843109190413088e-07
67.0,F1-L1,-6.947287261027668e-07
68.0,F1-L1,-7.051465331642248e-07
69.0,F1-L1,-7.162796009652084e-07
70.0,F1-L1,-7.266974648700852e-07
71.0,F1-L1,-7.371152719315432e-07
72.0,F1-L1,-7.475330789930013e-07
73.0,F1-L1,-7.583085448459315e-07
74.0,F1-L1,-7.687263519073895e-07
75.0,F1-L1,-7.791441589688475e-07
76.0,F1-L1,-7.892043640822521e-07
77.0,F1-L1,-8.003374887266546e-07
78.0,F1-L1,-8.107552389446937e-07
79.0,F1-L1,-8.215307616410428e-07
80.0,F1-L1,-8.319485118590819e-07
81.0,F1-L1,-8.420087169724866e-07
82.0,F1-L1,-8.527842396688357e-07
83.0,F1-L1,-8.632019898868748e-07
84.0,F1-L1,-8.736197969483328e-07
85.0,F1-L1,-8.847528647493164e-07
86.0,F1-L1,-8.951707286541932e-07
87.0,F1-L1,-9.052308200807602e-07
88.0,F1-L1,-9.160063427771092e-07
89.0,F1-L1,-9.264241498385672e-07
90.0,F1-L1,-9.371996156914975e-07
91.0,F1-L1,-9.476174227529555e-07
92.0,F1-L1,-9.576775710229413e-07
93.0,F1-L1,-9.688106956673437e-07
94.0,F1-L1,-9.792285027288017e-07
95.0,F1-L1,-9.896463097902597e-07
96.0,F1-L1,-1.00042177564319e-06
97.0,F1-L1,-1.0104820376000134e-06
98.0,F1-L1,-1.0212574466095248e-06
99.0,F1-L1,-1.0316753105144016e-06
100.0,F1-L1,-1.042093003889022e-06
101.0,F1-L1,-1.0532261853768432e-06
102.0,F1-L1,-1.0636439924383012e-06
103.0,F1-L1,-1.073704140708287e-06
104.0,F1-L1,-1.0844796065612172e-06
105.0,F1-L1,-1.094897470466094e-06
106.0,F1-L1,-1.1053152206841332e-06
107.0,F1-L1,-1.115733141432429e-06
108.0,F1-L1,-1.1261508348070493e-06
109.0,F1-L1,-1.1372840731382894e-06
110.0,F1-L1,-1.1477018801997474e-06
111.0,F1-L1,-1.1581196304177865e-06
112.0,F1-L1,-1.1688950962707167e-06
113.0,F1-L1,-1.1789552445407026e-06
114.0,F1-L1,-1.1893730516021606e-06
115.0,F1-L1,-1.2001485174550908e-06
116.0,F1-L1,-1.2105663813599676e-06
117.0,F1-L1,-1.2216994491609512e-06
118.0,F1-L1,-1.2321172562224092e-06
119.0,F1-L1,-1.2421774613358139e-06
120.0,F1-L1,-1.2525952683972719e-06
121.0,F1-L1,-1.263370734250202e-06
122.0,F1-L1,-1.27378854131166e-06
123.0,F1-L1,-1.284206405216537e-06
124.0,F1-L1,-1.294624155434576e-06
125.0,F1-L1,-1.3053996212875063e-06
126.0,F1-L1,-1.3161750302970177e-06
127.0,F1-L1,-1.3265929510453134e-06
128.0,F1-L1,-1.3370107012633525e-06
129.0,F1-L1,-1.3474284514813917e-06
130.0,F1-L1,-1.3578463722296874e-06
131.0,F1-L1,-1.3682642361345643e-06
132.0,F1-L1,-1.3790395883006568e-06
133.0,F1-L1,-1.3898151109970058e-06
134.0,F1-L1,-1.4002329180584638e-06
135.0,F1-L1,-1.4106507251199218e-06
136.0,F1-L1,-1.4210685321813799e-06
137.0,F1-L1,-1.4318439411908912e-06
138.0,F1-L1,-1.442261805095768e-06
139.0,F1-L1,-1.452321896522335e-06
140.0,F1-L1,-1.463097419218684e-06
141.0,F1-L1,-1.4738728850716143e-06
142.0,F1-L1,-1.4846482940811256e-06
143.0,F1-L1,-1.4950661579860025e-06
144.0,F1-L1,-1.5054840218908794e-06
145.0,F1-L1,-1.5159018289523374e-06
146.0,F1-L1,-1.5263196360137954e-06
147.0,F1-L1,-1.5367373862318345e-06
148.0,F1-L1,-1.5475129657716025e-06
149.0,F1-L1,-1.558288317937695e-06
150.0,F1-L1,-1.5683484662076808e-06
151.0,F1-L1,-1.5791239889040298e-06
152.0,F1-L1,-1.5895416822786501e-06
153.0,F1-L1,-1.600317261818418e-06
154.0,F1-L1,-1.610735068879876e-06
155.0,F1-L1,-1.6207952739932807e-06
156.0,F1-L1,-1.6315706261593732e-06
157.0,F1-L1,-1.6423461488557223e-06
158.0,F1-L1,-1.6527638990737614e-06
159.0,F1-L1,-1.6635394217701105e-06
160.0,F1-L1,-1.6739572288315685e-06
161.0,F1-L1,-1.6843750358930265e-06
162.0,F1-L1,-1.6947928429544845e-06
163.0,F1-L1,-1.7052106500159425e-06
164.0,F1-L1,-1.7156284002339817e-06
165.0,F1-L1,-1.7267616385652218e-06
166.0,F1-L1,-1.7368218436786265e-06
167.0,F1-L1,-1.747597195844719e-06
168.0,F1-L1,-1.758014946062758e-06
169.0,F1-L1,-1.7684328668110538e-06
170.0,F1-L1,-1.779208389507403e-06
171.0,F1-L1,-1.7892685377773887e-06
172.0,F1-L1,-1.7996863448388467e-06
173.0,F1-L1,-1.8108194126398303e-06
174.0,F1-L1,-1.8212372197012883e-06
175.0,F1-L1,-1.8320127423976373e-06
176.0,F1-L1,-1.8424304926156765e-06
177.0,F1-L1,-1.8524906977290811e-06
178.0,F1-L1,-1.8632661635820114e-06
179.0,F1-L1,-1.8736840274868882e-06
180.0,F1-L1,-1.8841018345483462e-06
181.0,F1-L1,-1.895234788662492e-06
182.0,F1-L1,-1.9052951074627344e-06
183.0,F1-L1,-1.9157128008373547e-06
184.0,F1-L1,-1.9264883803771227e-06
185.0,F1-L1,-1.9369062442819995e-06
186.0,F1-L1,-1.947681653291511e-06
187.0,F1-L1,-1.957741744718078e-06
188.0,F1-L1,-1.9681596086229547e-06
189.0,F1-L1,-1.9792926764239382e-06
190.0,F1-L1,-1.9897104834853963e-06
191.0,F1-L1,-2.0001281768600165e-06
192.0,F1-L1,-2.0109037563997845e-06
193.0,F1-L1,-2.020963961513189e-06
194.0,F1-L1,-2.0313817117312283e-06
195.0,F1-L1,-2.042157291270996e-06
196.0,F1-L1,-2.0525749846456165e-06
197.0,F1-L1,-2.0637081661334378e-06
198.0,F1-L1,-2.0737684280902613e-06
199.0,F1-L1,-2.0841860646214627e-06
200.0,F1-L1,-2.094961587317812e-06
201.0,F1-L1,-2.10537939437927e-06
202.0,F1-L1,-2.1154395994926745e-06
203.0,F1-L1,-2.1262150653456047e-06
204.0,F1-L1,-2.136632815563644e-06
205.0,F1-L1,-2.1477659402080462e-06
206.0,F1-L1,-2.1581837472695042e-06
207.0,F1-L1,-2.168601611174381e-06
208.0,F1-L1,-2.1790193045490014e-06
209.0,F1-L1,-2.1894371684538783e-06
210.0,F1-L1,-2.199855089202174e-06
211.0,F1-L1,-2.210630555055104e-06
212.0,F1-L1,-2.2210482484297245e-06
213.0,F1-L1,-2.2318237711260736e-06
214.0,F1-L1,-2.2422415781875316e-06
215.0,F1-L1,-2.252659271562152e-06
216.0,F1-L1,-2.2630771354670287e-06
217.0,F1-L1,-2.27385254447654e-06
218.0,F1-L1,-2.2839128632767824e-06
219.0,F1-L1,-2.294688272286294e-06
220.0,F1-L1,-2.305106079347752e-06
221.0,F1-L1,-2.315881545200682e-06
222.0,F1-L1,-2.326657067897031e-06
223.0,F1-L1,-2.337074874958489e-06
224.0,F1-L1,-2.347492738863366e-06
225.0,F1-L1,-2.357910489081405e-06
226.0,F1-L1,-2.368328296142863e-06
227.0,F1-L1,-2.3787460463609023e-06
228.0,F1-L1,-2.3895215122138325e-06
229.0,F1-L1,-2.399939432962128e-06
230.0,F1-L1,-2.4107148419716395e-06
231.0,F1-L1,-2.4211327627199353e-06
232.0,F1-L1,-2.4315504560945556e-06
233.0,F1-L1,-2.4423259787909046e-06
234.0,F1-L1,-2.4523861839043093e-06
235.0,F1-L1,-2.4628038204355107e-06
236.0,F1-L1,-2.4735793431318598e-06
237.0,F1-L1,-2.4843549226716277e-06
238.0,F1-L1,-2.49513027483772e-06
239.0,F1-L1,-2.5055480818991782e-06
240.0,F1-L1,-2.515608173325745e-06
241.0,F1-L1,-2.526383752865513e-06
242.0,F1-L1,-2.536801559926971e-06
243.0,F1-L1,-2.547219366988429e-06
244.0,F1-L1,-2.5579947759979405e-06
245.0,F1-L1,-2.568412696746236e-06
246.0,F1-L1,-2.5788304469642753e-06
247.0,F1-L1,-2.5896059128172055e-06
248.0,F1-L1,-2.600023606191826e-06
249.0,F1-L1,-2.6107991857315938e-06
250.0,F1-L1,-2.6208593908449984e-06
251.0,F1-L1,-2.6312771410630376e-06
252.0,F1-L1,-2.6416950049679144e-06
253.0,F1-L1,-2.6528281864557357e-06
254.0,F1-L1,-2.663245879830356e-06
255.0,F1-L1,-2.674021402526705e-06
256.0,F1-L1,-2.6840816076401097e-06
257.0,F1-L1,-2.694857016649621e-06
258.0,F1-L1,-2.705274823711079e-06
259.0,F1-L1,-2.7156925739291182e-06
260.0,F1-L1,-2.7261103809905762e-06
261.0,F1-L1,-1.152648786728605e-05
262.0,F1-L1,-7.370304604137345e-05
263.0,F1-L1,-0.00024660368541162825
264.0,F1-L1,-0.0005923787618939969
265.0,F1-L1,-0.001177847143139843
266.0,F1-L1,-0.002074391798657871
267.0,F1-L1,-0.0033577831241586864
268.0,F1-L1,-0.005108004432202051
269.0,F1-L1,-0.007409052648199577
270.0,F1-L1,-0.010348713856444647
271.0,F1-L1,-0.014018331720308197
272.0,F1-L1,-0.01851253230444172
273.0,F1-L1,-0.02392894157765113
274.0,F1-L1,-0.03036790670262235
275.0,F1-L1,-0.03793214512199938
276.0,F1-L1,-0.04672643450527403
277.0,F1-L1,-0.056857253627526916
278.0,F1-L1,-0.06843240889878643
279.0,F1-L1,-0.08156066968120967
280.0,F1-L1,-0.0963513594533083
281.0,F1-L1,-0.11291395782802738
282.0,F1-L1,-0.131357696577993
283.0,F1-L1,-0.15179112206516265
284.0,F1-L1,-0.17432167399078935
285.0,F1-L1,-0.1990552483467809
286.0,F1-L1,-0.22609576213079663
287.0,F1-L1,-0.25554470898589443
288.0,F1-L1,-0.2875007252552564
289.0,F1-L1,-0.32205914367187916
290.0,F1-L1,-0.359311571449382
291.0,F1-L1,-0.399345447652081
292.0,F1-L1,-0.44224363763640895
293.0,F1-L1,-0.48808401762755693
294.0,F1-L1,-0.5369390716008979
295.0,F1-L1,-0.5888755152764134
296.0,F1-L1,-0.6439539146807078
297.0,F1-L1,-0.7022283595466092
298.0,F1-L1,-0.7637461023742844
299.0,F1-L1,-0.8285472795747069
300.0,F1-L1,-0.8966645970240279
301.0,F1-L1,-0.9682506865900109
302.0,F1-L1,-1.042964534995349
303.0,F1-L1,-1.1199859635419216
304.0,F1-L1,-1.1983776701248985
305.0,F1-L1,-1.277094770250926
306.0,F1-L1,-1.354997506373877
307.0,F1-L1,-1.4308670099721326
308.0,F1-L1,-1.5034239476880202
309.0,F1-L1,-1.5713498274550943
310.0,F1-L1,-1.633310572180676
311.0,F1-L1,-1.6879820387491122
312.0,F1-L1,-1.7340768674474134
313.0,F1-L1,-1.7703722526219963
314.0,F1-L1,-1.795737904789064
315.0,F1-L1,-1.809163666506322
316.0,F1-L1,-1.8159676383833698
317.0,F1-L1,-1.822251944432594
318.0,F1-L1,-1.827913921788138
319.0,F1-L1,-1.8328476637786366
320.0,F1-L1,-1.8369444131542423
321.0,F1-L1,-1.8400929176106615
322.0,F1-L1,-1.8421798396995541
323.0,F1-L1,-1.8430901680736156
324.0,F1-L1,-1.8427076330785894
325.0,F1-L1,-1.8409151184876578
326.0,F1-L1,-1.8375951058886244
327.0,F1-L1,-1.8326300962809796
328.0,F1-L1,-1.825903034858129
329.0,F1-L1,-1.8172977410127942
330.0,F1-L1,-1.8066993352917393
331.0,F1-L1,-1.7939946418108548
332.0,F1-L1,-1.7790726109635102
333.0,F1-L1,-1.7618246933359956
334.0,F1-L1,-1.7421452400667476
335.0,F1-L1,-1.7199318714957599
336.0,F1-L1,-1.6950858281329602
337.0,F1-L1,-1.6675123011654591
338.0,F1-L1,-1.637120766946964
339.0,F1-L1,-1.6038252723726032
340.0,F1-L1,-1.5675447501326971
341.0,F1-L1,-1.5282032442235618
342.0,F1-L1,-1.4857301948576946
343.0,F1-L1,-1.440060629521497
344.0,F1-L1,-1.3911353926654897
345.0,F1-L1,-1.3389013163541108
346.0,F1-L1,-1.2833113913079615
347.0,F1-L1,-1.224324913715293
348.0,F1-L1,-1.1619076201210987
349.0,F1-L1,-1.096031778304166
350.0,F1-L1,-1.0266763004411814
351.0,F1-L1,-0.9538267922549721
352.0,F1-L1,-0.8774756432991921
353.0,F1-L1,-0.7976220413356714
354.0,F1-L1,-0.7142720037262507
355.0,F1-L1,-0.6274383920000446
356.0,F1-L1,-0.5371409187886229
357.0,F1-L1,-0.44340612236828747
358.0,F1-L1,-0.3462673439635182
359.0,F1-L1,-0.245764689074349
360.0,F1-L1,-0.14194496954576152
361.0,F1-L1,-0.03486165464170199
362.0,F1-L1,0.07542521639243205
363.0,F1-L1,0.18884909990828191
364.0,F1-L1,0.3053370563939666
365.0,F1-L1,0.4248098397718536
366.0,F1-L1,0.5471820270906278
367.0,F1-L1,0.6723621194479392
368.0,F1-L1,0.8002527001650037
369.0,F1-L1,0.9307505622069243
370.0,F1-L1,1.0637468640198335
371.0,F1-L1,1.199127304141598
372.0,F1-L1,1.336772301244082
373.0,F1-L1,1.4765571620582136
374.0,F1-L1,1.6183523117090317
375.0,F1-L1,1.7620234875411143
376.0,F1-L1,1.9074319749452116
377.0,F1-L1,2.054434849190784
378.0,F1-L1,2.202885228109494
379.0,F1-L1,2.3526325359292173
380.0,F1-L1,2.5035227997917104
381.0,F1-L1,2.655398922721645
382.0,F1-L1,2.8081010246353344
383.0,F1-L1,2.961466744592826
384.0,F1-L1,3.115331589155062
385.0,F1-L1,3.269529285560054
386.0,F1-L1,3.4238921465679937
387.0,F1-L1,3.578251454477652
388.0,F1-L1,3.7324378262761115
389.0,F1-L1,3.8862816484924565
390.0,F1-L1,4.03961347307785
391.0,F1-L1,4.192264419335231
392.0,F1-L1,4.34406663798876
393.0,F1-L1,4.4948537019273545
394.0,F1-L1,4.644461066889903
395.0,F1-L1,4.792726507406087
396.0,F1-L1,4.939490537873269
397.0,F1-L1,5.084596879930189
398.0,F1-L1,5.227892874986196
399.0,F1-L1,5.369229911155458
400.0,F1-L1,5.50846386639688
401.0,F1-L1,5.6462581388008175
402.0,F1-L1,5.782364400165477
403.0,F1-L1,5.915251805289927
404.0,F1-L1,6.04346409493013
405.0,F1-L1,6.1656432187657515
406.0,F1-L1,6.280550932539143
407.0,F1-L1,6.387087994046624
408.0,F1-L1,6.48431047727064
409.0,F1-L1,6.571442901206183
410.0,F1-L1,6.647887914830562
411.0,F1-L1,6.713232345375729
412.0,F1-L1,6.7672495151182375
413.0,F1-L1,6.809897843592864
414.0,F1-L1,6.841315773997792
415.0,F1-L1,6.861813234738179
416.0,F1-L1,6.876491718262457
417.0,F1-L1,6.8903368458837235
418.0,F1-L1,6.903322090009965
419.0,F1-L1,6.915427828589543
420.0,F1-L1,6.926641199677135
421.0,F1-L1,6.936955878796766
422.0,F1-L1,6.946371891724539
423.0,F1-L1,6.954895321503898
424.0,F1-L1,6.9625380565716455
425.0,F1-L1,6.969317455467433
426.0,F1-L1,6.975256023813472
427.0,F1-L1,6.980381062465142
428.0,F1-L1,6.984724266847195
429.0,F1-L1,6.988321354706557
430.0,F1-L1,6.991211636060029
431.0,F1-L1,6.993437597240245
432.0,F1-L1,6.995044444716427
433.0,F1-L1,6.996079680739626
434.0,F1-L1,6.996592621491459
435.0,F1-L1,6.996633960760278
436.0,F1-L1,6.996255283171308
437.0,F1-L1,6.995508620436283
438.0,F1-L1,6.994445986173901
439.0,F1-L1,6.993118912486352
440.0,F1-L1,6.991578012568368
441.0,F1-L1,6.989872529053287
442.0,F1-L1,6.988049897651308
443.0,F1-L1,6.986155347464091
444.0,F1-L1,6.984231477707169
445.0,F1-L1,6.982317883942017
446.0,F1-L1,6.980450774649739
447.0,F1-L1,6.978662633522504
448.0,F1-L1,6.9769818699288635
449.0,F1-L1,6.975432520319146
450.0,F1-L1,6.974033954820868
451.0,F1-L1,6.972800617900646
452.0,F1-L1,6.9717417800782755
453.0,F1-L1,6.970861338137638
454.0,F1-L1,6.970157614778316
455.0,F1-L1,6.969623207553184
456.0,F1-L1,6.969244841009527
457.0,F1-L1,6.969003281081541
458.0,F1-L1,6.96887323263428
459.0,F1-L1,6.968823317528404
460.0,F1-L1,6.968816031238305
461.0,F1-L1,6.9688160277416955
462.0,F1-L1,6.968816023806312
463.0,F1-L1,6.968816019871269
464.0,F1-L1,6.968816016374319
465.0,F1-L1,6.968816012439106
466.0,F1-L1,6.968816008942383
467.0,F1-L1,6.968816005006829
468.0,F1-L1,6.968816001948824
469.0,F1-L1,6.968815997574836
470.0,F1-L1,6.968815994078398
471.0,F1-L1,6.968815990142957
472.0,F1-L1,6.96881598620763
473.0,F1-L1,6.968815982272417
474.0,F1-L1,6.968815979214412
475.0,F1-L1,6.968815975279199
476.0,F1-L1,6.968815970905325
477.0,F1-L1,6.968815967846865
478.0,F1-L1,6.968815963911823
479.0,F1-L1,6.968815959976439
480.0,F1-L1,6.96881595604134
481.0,F1-L1,6.968815952544446
482.0,F1-L1,6.968815949047666
483.0,F1-L1,6.968815945112453
484.0,F1-L1,6.968815942054334
485.0,F1-L1,6.968815938118951
486.0,F1-L1,6.968815933745361
487.0,F1-L1,6.968815930248354
488.0,F1-L1,6.968815926313255
489.0,F1-L1,6.968815922378042
490.0,F1-L1,6.968815918881376
491.0,F1-L1,6.968815915384482
492.0,F1-L1,6.968815911449099
493.0,F1-L1,6.968815907952489
494.0,F1-L1,6.9688159044557665
495.0,F1-L1,6.968815900520383
496.0,F1-L1,6.968815896585113
497.0,F1-L1,6.96881589221141
498.0,F1-L1,6.968815889153177
499.0,F1-L1,6.968815885217907
500.0,F1-L1,6.968815881721014
501.0,F1-L1,6.968815878224575
502.0,F1-L1,6.968815874289305
503.0,F1-L1,6.968815870353922
504.0,F1-L1,6.9688158664187085
505.0,F1-L1,6.968815862921986
506.0,F1-L1,6.968815859425035
507.0,F1-L1,6.968815855051503
508.0,F1-L1,6.968815851554609
509.0,F1-L1,6.9688158480578295
510.0,F1-L1,6.9688158441226165
511.0,F1-L1,6.968815840187403
512.0,F1-L1,6.968815836690624
513.0,F1-L1,6.968815832755354
514.0,F1-L1,6.968815829258631
515.0,F1-L1,6.968815825762022
516.0,F1-L1,6.968815822264958
517.0,F1-L1,6.968815817891539
518.0,F1-L1,6.968815814394645
519.0,F1-L1,6.968815810459262
520.0,F1-L1,6.968815806524219
521.0,F1-L1,6.968815802589006
522.0,F1-L1,6.96881579953066
523.0,F1-L1,6.968815795595333
524.0,F1-L1,6.968815791660063
525.0,F1-L1,6.968815788601773
526.0,F1-L1,6.968815784228127
527.0,F1-L1,6.968815780731347
528.0,F1-L1,6.968815776357644
529.0,F1-L1,6.968815772860864
530.0,F1-L1,6.9688157693641415
531.0,F1-L1,6.968815765429042
532.0,F1-L1,6.968815762370582
533.0,F1-L1,6.968815758435369
534.0,F1-L1,6.968815754500156
535.0,F1-L1,6.968815750564602
536.0,F1-L1,6.968815747068163
537.0,F1-L1,6.968815742694289
538.0,F1-L1,6.96881573919768
539.0,F1-L1,6.968815735700787
540.0,F1-L1,6.968815731765403
541.0,F1-L1,6.968815728268794
542.0,F1-L1,6.968815724333695
543.0,F1-L1,6.968815720836972
544.0,F1-L1,6.968815716901702
545.0,F1-L1,6.968815712527714
546.0,F1-L1,6.968815709907915
547.0,F1-L1,6.968815705534382
548.0,F1-L1,6.9688157020376025
549.0,F1-L1,6.968815698102219
550.0,F1-L1,6.9688156946053255
551.0,F1-L1,6.968815690670112
552.0,F1-L1,6.9688156867348425
553.0,F1-L1,6.968815683238574
554.0,F1-L1,6.9688156797414536
555.0,F1-L1,6.968815675806127
556.0,F1-L1,6.968815671432424
557.0,F1-L1,6.968815668374589
558.0,F1-L1,6.968815664439205
559.0,F1-L1,6.968815660503935
560.0,F1-L1,6.968815657007212
561.0,F1-L1,6.968815653071658
562.0,F1-L1,6.96881564957522
563.0,F1-L1,6.968815645639836
564.0,F1-L1,6.968815642581546
565.0,F1-L1,6.968815638646447
566.0,F1-L1,6.968815634272346
567.0,F1-L1,6.968815630776021
568.0,F1-L1,6.968815626840353
569.0,F1-L1,6.968815622905254
570.0,F1-L1,6.96881561940836
571.0,F1-L1,6.968815615911694
572.0,F1-L1,6.968815611976538
573.0,F1-L1,6.968815608479588
574.0,F1-L1,6.968815604982979
575.0,F1-L1,6.9688156010477655
576.0,F1-L1,6.968815596673892
577.0,F1-L1,6.968815592738679
578.0,F1-L1,6.968815589680389
579.0,F1-L1,6.968815585745176
580.0,F1-L1,6.968815582248396
581.0,F1-L1,6.968815578751503
582.0,F1-L1,6.968815574816404
583.0,F1-L1,6.96881557088102
584.0,F1-L1,6.968815566945921
585.0,F1-L1,6.968815563010878
586.0,F1-L1,6.968815559952304
587.0,F1-L1,6.968815555578431
588.0,F1-L1,6.968815552082106
589.0,F1-L1,6.968815548585212
590.0,F1-L1,6.968815544649999
591.0,F1-L1,6.968815540714445
592.0,F1-L1,6.968815537217836
593.0,F1-L1,6.968815533282623
594.0,F1-L1,6.9688155297859
595.0,F1-L1,6.9688155262889495
596.0,F1-L1,6.968815522792227
597.0,F1-L1,6.968815518418637
598.0,F1-L1,6.968815514921914
599.0,F1-L1,6.968815510986815
600.0,F1-L1,6.968815507051431
1.0,F1-L2,0.0
2.0,F1-L2,-1.6736407815187704e-08
3.0,F1-L2,-3.302255890957895e-08
4.0,F1-L2,-4.975908041160437e-08
5.0,F1-L2,-6.649554507021094e-08
6.0,F1-L2,-8.2331325756968e-08
7.0,F1-L2,-9.906784725899342e-08
8.0,F1-L2,-1.1580431191759999e-07
9.0,F1-L2,-1.3299109014042187e-07
10.0,F1-L2,-1.4972755479902844e-07
11.0,F1-L2,-1.6556339232920436e-07
12.0,F1-L2,-1.8275017055202625e-07
13.0,F1-L2,-1.990363216464175e-07
14.0,F1-L2,-2.1577278630502406e-07
15.0,F1-L2,-2.3250930780704948e-07
16.0,F1-L2,-2.4834508849380654e-07
17.0,F1-L2,-2.6598218028084375e-07
18.0,F1-L2,-2.82268331375235e-07
19.0,F1-L2,-2.9900479603384156e-07
20.0,F1-L2,-3.157412606924481e-07
21.0,F1-L2,-3.3202741178683937e-07
22.0,F1-L2,-3.4831361972464947e-07
23.0,F1-L2,-3.6505008438325603e-07
24.0,F1-L2,-3.817865490418626e-07
25.0,F1-L2,-3.989733272646845e-07
26.0,F1-L2,-4.1570979192329105e-07
27.0,F1-L2,-4.3154562945346697e-07
28.0,F1-L2,-4.487324645197077e-07
29.0,F1-L2,-4.650185587706801e-07
30.0,F1-L2,-4.817550234292867e-07
31.0,F1-L2,-4.984914880878932e-07
32.0,F1-L2,-5.143273256180692e-07
33.0,F1-L2,-5.319644174051064e-07
34.0,F1-L2,-5.482505684994976e-07
35.0,F1-L2,-5.64987090001523e-07
36.0,F1-L2,-5.817234978167107e-07
37.0,F1-L2,-5.980097057545208e-07
38.0,F1-L2,-6.142958568489121e-07
39.0,F1-L2,-6.310322646640998e-07
40.0,F1-L2,-6.477687861661252e-07
41.0,F1-L2,-6.649555075455282e-07
42.0,F1-L2,-6.812417154833383e-07
43.0,F1-L2,-6.975278097343107e-07
44.0,F1-L2,-7.142642743929173e-07
45.0,F1-L2,-7.310007958949427e-07
46.0,F1-L2,-7.477372605535493e-07
47.0,F1-L2,-7.640234116479405e-07
48.0,F1-L2,-7.803095058989129e-07
49.0,F1-L2,-7.974963409651536e-07
50.0,F1-L2,-8.142328056237602e-07
51.0,F1-L2,-8.309692702823668e-07
52.0,F1-L2,-8.47255421376758e-07
53.0,F1-L2,-8.639919428787834e-07
54.0,F1-L2,-8.798277804089594e-07
55.0,F1-L2,-8.970145586317813e-07
56.0,F1-L2,-9.13750966446969e-07
57.0,F1-L2,-9.304874311055755e-07
58.0,F1-L2,-9.47223952607601e-07
59.0,F1-L2,-9.635100468585733e-07
60.0,F1-L2,-9.802465683605988e-07
61.0,F1-L2,-9.969829761757865e-07
62.0,F1-L2,-1.0137194976778119e-06
63.0,F1-L2,-1.0300055919287843e-06
64.0,F1-L2,-1.0462917998665944e-06
65.0,F1-L2,-1.0634785780894163e-06
66.0,F1-L2,-1.0802150427480228e-06
67.0,F1-L2,-1.0969515074066294e-06
68.0,F1-L2,-1.1132376585010206e-06
69.0,F1-L2,-1.129974236846465e-06
70.0,F1-L2,-1.1458099606898031e-06
71.0,F1-L2,-1.162996738912625e-06
72.0,F1-L2,-1.1797332035712316e-06
73.0,F1-L2,-1.196469725073257e-06
74.0,F1-L2,-1.2132061328884447e-06
75.0,F1-L2,-1.2290419704186206e-06
76.0,F1-L2,-1.2462286917980236e-06
77.0,F1-L2,-1.262965270143468e-06
78.0,F1-L2,-1.2792514212378592e-06
79.0,F1-L2,-1.2959878858964657e-06
80.0,F1-L2,-1.3118237234266417e-06
81.0,F1-L2,-1.32946075837026e-06
82.0,F1-L2,-1.3461971661854477e-06
83.0,F1-L2,-1.3624834309666767e-06
84.0,F1-L2,-1.3792198387818644e-06
85.0,F1-L2,-1.3959563602838898e-06
86.0,F1-L2,-1.4117921978140657e-06
87.0,F1-L2,-1.4289789760368876e-06
88.0,F1-L2,-1.4452651271312789e-06
89.0,F1-L2,-1.4624519053541007e-06
90.0,F1-L2,-1.4791883700127073e-06
91.0,F1-L2,-1.4950242075428832e-06
92.0,F1-L2,-1.5122110994525428e-06
93.0,F1-L2,-1.5289475072677305e-06
94.0,F1-L2,-1.5452336583621218e-06
95.0,F1-L2,-1.5619701230207284e-06
96.0,F1-L2,-1.5778059037074854e-06
97.0,F1-L2,-1.5954429386511038e-06
98.0,F1-L2,-1.6121794601531292e-06
99.0,F1-L2,-1.6284656112475204e-06
100.0,F1-L2,-1.6452021327495459e-06
101.0,F1-L2,-1.6619385405647336e-06
102.0,F1-L2,-1.6777744349383283e-06
103.0,F1-L2,-1.6949612131611502e-06
104.0,F1-L2,-1.7112473642555415e-06
105.0,F1-L2,-1.7284340856349445e-06
106.0,F1-L2,-1.74517060713697e-06
107.0,F1-L2,-1.76145681507478e-06
108.0,F1-L2,-1.7781932797333866e-06
109.0,F1-L2,-1.7944793171409401e-06
110.0,F1-L2,-1.8112157817995467e-06
111.0,F1-L2,-1.827952303301572e-06
112.0,F1-L2,-1.843788140831748e-06
113.0,F1-L2,-1.8614252326187852e-06
114.0,F1-L2,-1.8777114405565953e-06
115.0,F1-L2,-1.8944479620586208e-06
116.0,F1-L2,-1.9111842561869707e-06
117.0,F1-L2,-1.927470464124781e-06
118.0,F1-L2,-1.943756615219172e-06
119.0,F1-L2,-1.96049302303436e-06
120.0,F1-L2,-1.9772294308495475e-06
121.0,F1-L2,-1.994416379602626e-06
122.0,F1-L2,-2.0107024738535983e-06
123.0,F1-L2,-2.027438938512205e-06
124.0,F1-L2,-2.043725146450015e-06
125.0,F1-L2,-2.0604615542652027e-06
126.0,F1-L2,-2.077198075767228e-06
127.0,F1-L2,-2.0934841700182005e-06
128.0,F1-L2,-2.1097703211125918e-06
129.0,F1-L2,-2.127407469743048e-06
130.0,F1-L2,-2.1436935639940202e-06
131.0,F1-L2,-2.160429971809208e-06
132.0,F1-L2,-2.177166606998071e-06
133.0,F1-L2,-2.193452814935881e-06
134.0,F1-L2,-2.210189109064231e-06
135.0,F1-L2,-2.2264753170020413e-06
136.0,F1-L2,-2.2432118385040667e-06
137.0,F1-L2,-2.2603986167268886e-06
138.0,F1-L2,-2.276684710977861e-06
139.0,F1-L2,-2.2934211187930487e-06
140.0,F1-L2,-2.3097073835742776e-06
141.0,F1-L2,-2.326443848232884e-06
142.0,F1-L2,-2.3431803128914908e-06
143.0,F1-L2,-2.359466407142463e-06
144.0,F1-L2,-2.3757525582368544e-06
145.0,F1-L2,-2.3929393364596763e-06
146.0,F1-L2,-2.409675801118283e-06
147.0,F1-L2,-2.426412379463727e-06
148.0,F1-L2,-2.4426983600278618e-06
149.0,F1-L2,-2.459434938373306e-06
150.0,F1-L2,-2.4757209757808596e-06
151.0,F1-L2,-2.492457554126304e-06
152.0,F1-L2,-2.5091940187849104e-06
153.0,F1-L2,-2.525930483443517e-06
154.0,F1-L2,-2.5426670049455424e-06
155.0,F1-L2,-2.558953099196515e-06
156.0,F1-L2,-2.5756895638551214e-06
157.0,F1-L2,-2.592425971670309e-06
158.0,F1-L2,-2.608712179608119e-06
159.0,F1-L2,-2.6254486442667258e-06
160.0,F1-L2,-2.6412844817969017e-06
161.0,F1-L2,-2.658921573583939e-06
162.0,F1-L2,-2.6756580382425454e-06
163.0,F1-L2,-2.6919441893369367e-06
164.0,F1-L2,-2.7086805971521244e-06
165.0,F1-L2,-2.72541711865415e-06
166.0,F1-L2,-2.7417033834353788e-06
167.0,F1-L2,-2.7584398480939853e-06
168.0,F1-L2,-2.775176312752592e-06
169.0,F1-L2,-2.7919127205677796e-06
170.0,F1-L2,-2.8086490146961296e-06
171.0,F1-L2,-2.8249352794773586e-06
172.0,F1-L2,-2.841671744135965e-06
173.0,F1-L2,-2.8584082087945717e-06
174.0,F1-L2,-2.874694416732382e-06
175.0,F1-L2,-2.8914308245475695e-06
176.0,F1-L2,-2.9072667189211643e-06
177.0,F1-L2,-2.9249037538647826e-06
178.0,F1-L2,-2.9416401616799703e-06
179.0,F1-L2,-2.9579264264611993e-06
180.0,F1-L2,-2.974662834276387e-06
181.0,F1-L2,-2.99139946946525e-06
182.0,F1-L2,-3.0076855068728037e-06
183.0,F1-L2,-3.0244219715314102e-06
184.0,F1-L2,-3.0407080089389638e-06
185.0,F1-L2,-3.0578949008486234e-06
186.0,F1-L2,-3.07463136550723e-06
187.0,F1-L2,-3.0909174597582023e-06
188.0,F1-L2,-3.1076539812602277e-06
189.0,F1-L2,-3.123940132354619e-06
190.0,F1-L2,-3.1406766538566444e-06
191.0,F1-L2,-3.157413118515251e-06
192.0,F1-L2,-3.173248899202008e-06
193.0,F1-L2,-3.1908859341456264e-06
194.0,F1-L2,-3.2071721420834365e-06
195.0,F1-L2,-3.223908549898624e-06
196.0,F1-L2,-3.2406451850874873e-06
197.0,F1-L2,-3.256931222495041e-06
198.0,F1-L2,-3.2736675734668097e-06
199.0,F1-L2,-3.290404151812254e-06
200.0,F1-L2,-3.3066903029066452e-06
201.0,F1-L2,-3.323877137972886e-06
202.0,F1-L2,-3.341063916195708e-06
203.0,F1-L2,-3.356899640039046e-06
204.0,F1-L2,-3.3736361615410715e-06
205.0,F1-L2,-3.3899223126354627e-06
206.0,F1-L2,-3.4066587204506504e-06
207.0,F1-L2,-3.423395185109257e-06
208.0,F1-L2,-3.4392310794828518e-06
209.0,F1-L2,-3.4568682849567267e-06
210.0,F1-L2,-3.4731543223642802e-06
211.0,F1-L2,-3.4898908438663057e-06
212.0,F1-L2,-3.5066271948380745e-06
213.0,F1-L2,-3.5229134596193035e-06
214.0,F1-L2,-3.53964992427791e-06
215.0,F1-L2,-3.5559360753723013e-06
216.0,F1-L2,-3.5726726537177456e-06
217.0,F1-L2,-3.5898594319405674e-06
218.0,F1-L2,-3.606595839755755e-06
219.0,F1-L2,-3.6228819340067275e-06
220.0,F1-L2,-3.6391681419445376e-06
221.0,F1-L2,-3.655904663446563e-06
222.0,F1-L2,-3.6726410712617508e-06
223.0,F1-L2,-3.688927165512723e-06
224.0,F1-L2,-3.7052133166071144e-06
225.0,F1-L2,-3.722400151673355e-06
226.0,F1-L2,-3.739136559488543e-06
227.0,F1-L2,-3.7558730241471494e-06
228.0,F1-L2,-3.7721591752415407e-06
229.0,F1-L2,-3.7893459534643625e-06
230.0,F1-L2,-3.8051818478379573e-06
231.0,F1-L2,-3.821918255653145e-06
232.0,F1-L2,-3.8386547771551704e-06
233.0,F1-L2,-3.855391128126939e-06
234.0,F1-L2,-3.872577906349761e-06
235.0,F1-L2,-3.88886417113099e-06
236.0,F1-L2,-3.905150322225381e-06
237.0,F1-L2,-3.921886730040569e-06
238.0,F1-L2,-3.938623365229432e-06
239.0,F1-L2,-3.954909402636986e-06
240.0,F1-L2,-3.9716458104521735e-06
241.0,F1-L2,-3.988382331954199e-06
242.0,F1-L2,-4.0051187966128055e-06
243.0,F1-L2,-4.021855204427993e-06
244.0,F1-L2,-4.038141355522384e-06
245.0,F1-L2,-4.055328133745206e-06
246.0,F1-L2,-4.071164028118801e-06
247.0,F1-L2,-4.087900435933989e-06
248.0,F1-L2,-4.104636957436014e-06
249.0,F1-L2,-4.121373365251202e-06
250.0,F1-L2,-4.138560143474024e-06
251.0,F1-L2,-4.1543960378476186e-06
252.0,F1-L2,-4.171132559349644e-06
253.0,F1-L2,-4.187868967164832e-06
254.0,F1-L2,-4.204155061415804e-06
255.0,F1-L2,-4.2208915829178295e-06
256.0,F1-L2,-4.237177734012221e-06
257.0,F1-L2,-4.254364455391624e-06
258.0,F1-L2,-4.271101033737068e-06
259.0,F1-L2,-4.287387184831459e-06
260.0,F1-L2,-4.304123592646647e-06
261.0,F1-L2,-1.5901005667728896e-06
262.0,F1-L2,1.9301822021589032e-05
263.0,F1-L2,8.207718582298185e-05
264.0,F1-L2,0.00021659000651652605
265.0,F1-L2,0.0004587131302855596
266.0,F1-L2,0.000850258299806228
267.0,F1-L2,0.0014387966670028618
268.0,F1-L2,0.0022774859593255314
269.0,F1-L2,0.00342487094860644
270.0,F1-L2,0.004944648086848247
271.0,F1-L2,0.006905421151714108
272.0,F1-L2,0.009380410944402229
273.0,F1-L2,0.012447148404305608
274.0,F1-L2,0.016187177317135593
275.0,F1-L2,0.020685684897955525
276.0,F1-L2,0.02603115408459189
277.0,F1-L2,0.03231498795537391
278.0,F1-L2,0.039631110670654834
279.0,F1-L2,0.04807557261403872
280.0,F1-L2,0.057746119979242394
281.0,F1-L2,0.0687417717227845
282.0,F1-L2,0.08116239537821457
283.0,F1-L2,0.09510825014882585
284.0,F1-L2,0.11067953799891939
285.0,F1-L2,0.1279759618230969
286.0,F1-L2,0.14709626730615355
287.0,F1-L2,0.1681377849654382
288.0,F1-L2,0.191195989119592
289.0,F1-L2,0.21636403080270838
290.0,F1-L2,0.2437323125095645
291.0,F1-L2,0.2733880266936808
292.0,F1-L2,0.3054147436579342
293.0,F1-L2,0.3398919783932115
294.0,F1-L2,0.37689477607796107
295.0,F1-L2,0.41649330960393627
296.0,F1-L2,0.45875248208017183
297.0,F1-L2,0.5037315735216907
298.0,F1-L2,0.5514838460524061
299.0,F1-L2,0.602056226948207
300.0,F1-L2,0.655488952760038
301.0,F1-L2,0.7101058038470569
302.0,F1-L2,0.7635530388650977
303.0,F1-L2,0.8149025148925944
304.0,F1-L2,0.8631806263470025
305.0,F1-L2,0.9073844656332994
306.0,F1-L2,0.9464998201991648
307.0,F1-L2,0.9795206957988967
308.0,F1-L2,1.0054699895771932
309.0,F1-L2,1.0234209189832768
310.0,F1-L2,1.0325187497867887
311.0,F1-L2,1.0320023666939733
312.0,F1-L2,1.0212251104415486
313.0,F1-L2,0.9996745006901051
314.0,F1-L2,0.9669902292167762
315.0,F1-L2,0.9229799894598045
316.0,F1-L2,0.8725437572510373
317.0,F1-L2,0.8208194315020592
318.0,F1-L2,0.7678037574660834
319.0,F1-L2,0.7134934344978774
320.0,F1-L2,0.6578851056021335
321.0,F1-L2,0.6009752937727058
322.0,F1-L2,0.542760391326965
323.0,F1-L2,0.48323663688171337
324.0,F1-L2,0.42240010119525095
325.0,F1-L2,0.3602466688188315
326.0,F1-L2,0.2967720564633396
327.0,F1-L2,0.2319718124742849
328.0,F1-L2,0.16584132970649534
329.0,F1-L2,0.09837589252811085
330.0,F1-L2,0.029570703604179016
331.0,F1-L2,-0.040579058359867304
332.0,F1-L2,-0.11207818396690072
333.0,F1-L2,-0.18493135689311657
334.0,F1-L2,-0.25914306518581043
335.0,F1-L2,-0.33471751052496757
336.0,F1-L2,-0.4116585062418494
337.0,F1-L2,-0.48996935641986283
338.0,F1-L2,-0.5696527370595277
339.0,F1-L2,-0.6507105573014087
340.0,F1-L2,-0.733143823620594
341.0,F1-L2,-0.8169524943062356
342.0,F1-L2,-0.9021353099824978
343.0,F1-L2,-0.9886896594263703
344.0,F1-L2,-1.076611402588469
345.0,F1-L2,-1.1658947122905943
346.0,F1-L2,-1.2565319145387548
347.0,F1-L2,-1.3485133268185905
348.0,F1-L2,-1.441827100763419
349.0,F1-L2,-1.5364590621375669
350.0,F1-L2,-1.6323925711034235
351.0,F1-L2,-1.7296083821085517
352.0,F1-L2,-1.8280845073981027
353.0,F1-L2,-1.9277961005660131
354.0,F1-L2,-2.0287153549617756
355.0,F1-L2,-2.1308114075069398
356.0,F1-L2,-2.234050251892995
357.0,F1-L2,-2.3383946822224857
358.0,F1-L2,-2.443804247532171
359.0,F1-L2,-2.550235221231958
360.0,F1-L2,-2.6576405983879
361.0,F1-L2,-2.7659700926956816
362.0,F1-L2,-2.8751701696780287
363.0,F1-L2,-2.9851841032827338
364.0,F1-L2,-3.0959520328324857
365.0,F1-L2,-3.207411051959582
366.0,F1-L2,-3.319495327381617
367.0,F1-L2,-3.432136202494121
368.0,F1-L2,-3.5452623634936913
369.0,F1-L2,-3.6587999803277853
370.0,F1-L2,-3.7726728837683936
371.0,F1-L2,-3.8868027763424493
372.0,F1-L2,-4.0011094156784
373.0,F1-L2,-4.115510839399747
374.0,F1-L2,-4.229923594994943
375.0,F1-L2,-4.344262977175731
376.0,F1-L2,-4.458443266336701
377.0,F1-L2,-4.572377987142943
378.0,F1-L2,-4.685980157062602
379.0,F1-L2,-4.799162550876645
380.0,F1-L2,-4.9118379545249695
381.0,F1-L2,-5.023919422524273
382.0,F1-L2,-5.135320538285271
383.0,F1-L2,-5.2459556670011125
384.0,F1-L2,-5.355740191043253
385.0,F1-L2,-5.464590757536655
386.0,F1-L2,-5.572425511870733
387.0,F1-L2,-5.679164318355163
388.0,F1-L2,-5.784728952443345
389.0,F1-L2,-5.8890433314155075
390.0,F1-L2,-5.992033684690398
391.0,F1-L2,-6.093628719964215
392.0,F1-L2,-6.193759808544257
393.0,F1-L2,-6.29236110468031
394.0,F1-L2,-6.389369698060932
395.0,F1-L2,-6.48472572699302
396.0,F1-L2,-6.5783724701328765
397.0,F1-L2,-6.670256461476299
398.0,F1-L2,-6.760327547452846
399.0,F1-L2,-6.848538949464569
400.0,F1-L2,-6.934847330816524
401.0,F1-L2,-7.02155402701942
402.0,F1-L2,-7.1103679882420465
403.0,F1-L2,-7.200199068300265
404.0,F1-L2,-7.289962172980381
405.0,F1-L2,-7.378595362178885
406.0,F1-L2,-7.465077481797664
407.0,F1-L2,-7.548444982535159
408.0,F1-L2,-7.627807516757059
409.0,F1-L2,-7.702361996003162
410.0,F1-L2,-7.771404779045838
411.0,F1-L2,-7.83434171646951
412.0,F1-L2,-7.890695885138655
413.0,F1-L2,-7.940112798639632
414.0,F1-L2,-7.982363042932036
415.0,F1-L2,-8.017342302480529
416.0,F1-L2,-8.047854238441346
417.0,F1-L2,-8.07682473937058
418.0,F1-L2,-8.10425783429298
419.0,F1-L2,-8.130162876295913
420.0,F1-L2,-8.154554347472924
421.0,F1-L2,-8.177451616955409
422.0,F1-L2,-8.198878738103247
423.0,F1-L2,-8.218864176949182
424.0,F1-L2,-8.237440573272067
425.0,F1-L2,-8.254644460445206
426.0,F1-L2,-8.27051599390245
427.0,F1-L2,-8.28509867180236
428.0,F1-L2,-8.29843901967945
429.0,F1-L2,-8.31058631368711
430.0,F1-L2,-8.321592255055577
431.0,F1-L2,-8.331510668414126
432.0,F1-L2,-8.34039716677222
433.0,F1-L2,-8.34830885021546
434.0,F1-L2,-8.355303963588653
435.0,F1-L2,-8.361441581483575
436.0,F1-L2,-8.36678126639248
437.0,F1-L2,-8.371382755323054
438.0,F1-L2,-8.375305625772057
439.0,F1-L2,-8.378608968155788
440.0,F1-L2,-8.38135106990336
441.0,F1-L2,-8.383589094727483
442.0,F1-L2,-8.385378763399444
443.0,F1-L2,-8.386774059878462
444.0,F1-L2,-8.387826922354918
445.0,F1-L2,-8.388586964440549
446.0,F1-L2,-8.389101183612865
447.0,F1-L2,-8.389413708370796
448.0,F1-L2,-8.389565523439614
449.0,F1-L2,-8.389594239574308
450.0,F1-L2,-8.38953386431433
451.0,F1-L2,-8.389414588733928
452.0,F1-L2,-8.389262586099449
453.0,F1-L2,-8.389099846059992
454.0,F1-L2,-8.388944005243616
455.0,F1-L2,-8.388808214392327
456.0,F1-L2,-8.388701007095449
457.0,F1-L2,-8.388626215978206
458.0,F1-L2,-8.388582878603927
459.0,F1-L2,-8.388565196749312
460.0,F1-L2,-8.388562488897719
461.0,F1-L2,-8.388562484485703
462.0,F1-L2,-8.388562479369057
463.0,F1-L2,-8.388562474957155
464.0,F1-L2,-8.38856247019271
465.0,F1-L2,-8.388562465076063
466.0,F1-L2,-8.388562460664048
467.0,F1-L2,-8.38856245589966
468.0,F1-L2,-8.388562451487644
469.0,F1-L2,-8.388562446371054
470.0,F1-L2,-8.388562441254578
471.0,F1-L2,-8.388562436842278
472.0,F1-L2,-8.388562432078004
473.0,F1-L2,-8.388562426961471
474.0,F1-L2,-8.388562422549569
475.0,F1-L2,-8.388562417785181
476.0,F1-L2,-8.388562412316105
477.0,F1-L2,-8.38856240790409
478.0,F1-L2,-8.388562402787556
479.0,F1-L2,-8.388562398375655
480.0,F1-L2,-8.388562393611267
481.0,F1-L2,-8.38856238849462
482.0,F1-L2,-8.388562384082604
483.0,F1-L2,-8.388562379670702
484.0,F1-L2,-8.388562374554056
485.0,F1-L2,-8.388562370141983
486.0,F1-L2,-8.38856236432082
487.0,F1-L2,-8.388562360613207
488.0,F1-L2,-8.388562355496674
489.0,F1-L2,-8.388562350380255
490.0,F1-L2,-8.38856234596824
491.0,F1-L2,-8.388562341203738
492.0,F1-L2,-8.388562336087034
493.0,F1-L2,-8.388562331675075
494.0,F1-L2,-8.3885623265586
495.0,F1-L2,-8.38856232214647
496.0,F1-L2,-8.388562317382195
497.0,F1-L2,-8.38856231191312
498.0,F1-L2,-8.388562307501047
499.0,F1-L2,-8.388562302737
500.0,F1-L2,-8.388562297972442
501.0,F1-L2,-8.388562293208224
502.0,F1-L2,-8.388562288091634
503.0,F1-L2,-8.388562284031764
504.0,F1-L2,-8.388562279267603
505.0,F1-L2,-8.38856227415107
506.0,F1-L2,-8.38856226973894
507.0,F1-L2,-8.388562264622237
508.0,F1-L2,-8.388562259505477
509.0,F1-L2,-8.388562255093575
510.0,F1-L2,-8.388562249977156
511.0,F1-L2,-8.38856224556514
512.0,F1-L2,-8.388562240800752
513.0,F1-L2,-8.388562235684105
514.0,F1-L2,-8.38856223127209
515.0,F1-L2,-8.38856222650793
516.0,F1-L2,-8.38856222174337
517.0,F1-L2,-8.388562216626951
518.0,F1-L2,-8.388562211510191
519.0,F1-L2,-8.388562207098289
520.0,F1-L2,-8.388562202686273
521.0,F1-L2,-8.388562197217368
522.0,F1-L2,-8.388562193157497
523.0,F1-L2,-8.388562188393053
524.0,F1-L2,-8.38856218327669
525.0,F1-L2,-8.388562178864504
526.0,F1-L2,-8.388562173395599
527.0,F1-L2,-8.388562169335955
528.0,F1-L2,-8.388562164219422
529.0,F1-L2,-8.388562159102776
530.0,F1-L2,-8.38856215469059
531.0,F1-L2,-8.388562149926429
532.0,F1-L2,-8.388562145161927
533.0,F1-L2,-8.388562140397653
534.0,F1-L2,-8.38856213528112
535.0,F1-L2,-8.388562130868877
536.0,F1-L2,-8.388562126104773
537.0,F1-L2,-8.388562120635754
538.0,F1-L2,-8.38856211657611
539.0,F1-L2,-8.388562111811837
540.0,F1-L2,-8.38856210669519
541.0,F1-L2,-8.388562102283288
542.0,F1-L2,-8.388562097166641
543.0,F1-L2,-8.388562092754626
544.0,F1-L2,-8.38856208799018
545.0,F1-L2,-8.388562082521275
546.0,F1-L2,-8.388562078461632
547.0,F1-L2,-8.388562073344985
548.0,F1-L2,-8.388562068580597
549.0,F1-L2,-8.388562063816153
550.0,F1-L2,-8.388562058699563
551.0,F1-L2,-8.388562054287604
552.0,F1-L2,-8.38856204952333
553.0,F1-L2,-8.388562044406683
554.0,F1-L2,-8.388562039994667
555.0,F1-L2,-8.388562035582538
556.0,F1-L2,-8.388562029761601
557.0,F1-L2,-8.388562025701845
558.0,F1-L2,-8.388562020232769
559.0,F1-L2,-8.388562016173125
560.0,F1-L2,-8.388562011408908
561.0,F1-L2,-8.38856200629209
562.0,F1-L2,-8.388562001880302
563.0,F1-L2,-8.3885619971158
564.0,F1-L2,-8.388561992351526
565.0,F1-L2,-8.388561987587252
566.0,F1-L2,-8.388561982118176
567.0,F1-L2,-8.388561977706388
568.0,F1-L2,-8.388561972942057
569.0,F1-L2,-8.38856196782524
570.0,F1-L2,-8.388561963413338
571.0,F1-L2,-8.388561958649063
572.0,F1-L2,-8.38856195353236
573.0,F1-L2,-8.388561949120401
574.0,F1-L2,-8.388561944003698
575.0,F1-L2,-8.388561939944054
576.0,F1-L2,-8.388561934827294
577.0,F1-L2,-8.388561929710761
578.0,F1-L2,-8.388561925298745
579.0,F1-L2,-8.388561920534357
580.0,F1-L2,-8.388561915770026
581.0,F1-L2,-8.388561911005809
582.0,F1-L2,-8.388561905889105
583.0,F1-L2,-8.388561901476976
584.0,F1-L2,-8.388561896712815
585.0,F1-L2,-8.388561891244024
586.0,F1-L2,-8.38856188718404
587.0,F1-L2,-8.38856188206745
588.0,F1-L2,-8.388561876950973
589.0,F1-L2,-8.388561872538958
590.0,F1-L2,-8.388561867422482
591.0,F1-L2,-8.388561863010125
592.0,F1-L2,-8.38856185859811
593.0,F1-L2,-8.388561853129318
594.0,F1-L2,-8.38856184906956
595.0,F1-L2,-8.388561844305116
596.0,F1-L2,-8.388561839540614
597.0,F1-L2,-8.388561834424422
598.0,F1-L2,-8.388561829307775
599.0,F1-L2,-8.38856182489576
600.0,F1-L2,-8.388561820131486
1.0,F1-L3,0.0
2.0,F1-L3,4.210011184113682e-08
3.0,F1-L3,8.516184379914193e-08
4.0,F1-L3,1.272618987968599e-07
5.0,F1-L3,1.6936195379457786e-07
6.0,F1-L3,2.1050038867542753e-07
7.0,F1-L3,2.5452374075030093e-07
8.0,F1-L3,2.9470049867086345e-07
9.0,F1-L3,3.3583904723855085e-07
10.0,F1-L3,3.779391022362688e-07
11.0,F1-L3,4.2100077735085506e-07
12.0,F1-L3,4.621392690751236e-07
13.0,F1-L3,5.042393809162604e-07
14.0,F1-L3,5.463393790705595e-07
15.0,F1-L3,5.894011110285646e-07
16.0,F1-L3,6.315011660262826e-07
17.0,F1-L3,6.71677980790264e-07
18.0,F1-L3,7.137780926314008e-07
19.0,F1-L3,7.568398245894059e-07
20.0,F1-L3,7.989398795871239e-07
21.0,F1-L3,8.410399345848418e-07
22.0,F1-L3,8.831399327391409e-07
23.0,F1-L3,9.26201664697146e-07
24.0,F1-L3,9.673401564214146e-07
25.0,F1-L3,1.0084786481456831e-06
26.0,F1-L3,1.050578703143401e-06
27.0,F1-L3,1.0936403782579873e-06
28.0,F1-L3,1.134778813138837e-06
29.0,F1-L3,1.1768789249799738e-06
30.0,F1-L3,1.2180174167042424e-06
31.0,F1-L3,1.2620407119356969e-06
32.0,F1-L3,1.3041407669334149e-06
33.0,F1-L3,1.343355961580528e-06
34.0,F1-L3,1.3854560734216648e-06
35.0,F1-L3,1.4294793686531193e-06
36.0,F1-L3,1.4706178603773878e-06
37.0,F1-L3,1.512717858531687e-06
38.0,F1-L3,1.554817913529405e-06
39.0,F1-L3,1.5969180253705417e-06
40.0,F1-L3,1.6390180803682597e-06
41.0,F1-L3,1.6801565720925282e-06
42.0,F1-L3,1.7222565702468273e-06
43.0,F1-L3,1.7653184158916702e-06
44.0,F1-L3,1.8064568507725198e-06
45.0,F1-L3,1.8485569057702378e-06
46.0,F1-L3,1.8906569039245369e-06
47.0,F1-L3,1.9337187495693797e-06
48.0,F1-L3,1.975818747723679e-06
49.0,F1-L3,2.01599556248766e-06
50.0,F1-L3,2.058095617485378e-06
51.0,F1-L3,2.101157406286802e-06
52.0,F1-L3,2.1432574044411012e-06
53.0,F1-L3,2.185357459438819e-06
54.0,F1-L3,2.2274574575931183e-06
55.0,F1-L3,2.269557683121093e-06
56.0,F1-L3,2.3116577949622297e-06
57.0,F1-L3,2.352796286686498e-06
58.0,F1-L3,2.393934664723929e-06
59.0,F1-L3,2.4379580736422213e-06
60.0,F1-L3,2.478134831562784e-06
61.0,F1-L3,2.520234829717083e-06
62.0,F1-L3,2.5623349415582197e-06
63.0,F1-L3,2.6053967303596437e-06
64.0,F1-L3,2.647496671670524e-06
65.0,F1-L3,2.687673543277924e-06
66.0,F1-L3,2.729773655119061e-06
67.0,F1-L3,2.772835387077066e-06
68.0,F1-L3,2.8149353852313652e-06
69.0,F1-L3,2.8570353265422455e-06
70.0,F1-L3,2.89913555207022e-06
71.0,F1-L3,2.941235663911357e-06
72.0,F1-L3,2.9833357189090748e-06
73.0,F1-L3,3.0244740969465056e-06
74.0,F1-L3,3.0665742656310613e-06
75.0,F1-L3,3.1096359975890664e-06
76.0,F1-L3,3.150774432469916e-06
77.0,F1-L3,3.192874430624215e-06
78.0,F1-L3,3.234974542465352e-06
79.0,F1-L3,3.278036274423357e-06
80.0,F1-L3,3.320136386264494e-06
81.0,F1-L3,3.360313257871894e-06
82.0,F1-L3,3.401451692752744e-06
83.0,F1-L3,3.4454749311407795e-06
84.0,F1-L3,3.487575156668754e-06
85.0,F1-L3,3.5287133641759283e-06
86.0,F1-L3,3.570813532860484e-06
87.0,F1-L3,3.612913531014783e-06
88.0,F1-L3,3.6550136996993388e-06
89.0,F1-L3,3.696152248267026e-06
90.0,F1-L3,3.7382521327344875e-06
91.0,F1-L3,3.7813139783793304e-06
92.0,F1-L3,3.8224522427299235e-06
93.0,F1-L3,3.864552468257898e-06
94.0,F1-L3,3.906652523255616e-06
95.0,F1-L3,3.949714141526783e-06
96.0,F1-L3,3.99181425336792e-06
97.0,F1-L3,4.031991295505577e-06
98.0,F1-L3,4.074091236816457e-06
99.0,F1-L3,4.117153025617881e-06
100.0,F1-L3,4.159252910085343e-06
101.0,F1-L3,4.201353135613317e-06
102.0,F1-L3,4.243453190611035e-06
103.0,F1-L3,4.285553188765334e-06
104.0,F1-L3,4.32765335744989e-06
105.0,F1-L3,4.3687917923307396e-06
106.0,F1-L3,4.4108918473284575e-06
107.0,F1-L3,4.452992072856432e-06
108.0,F1-L3,4.495091900480475e-06
109.0,F1-L3,4.536230505891581e-06
110.0,F1-L3,4.578330617732718e-06
111.0,F1-L3,4.622353856120753e-06
112.0,F1-L3,4.663492291001603e-06
113.0,F1-L3,4.703669162609003e-06
114.0,F1-L3,4.745769047076465e-06
115.0,F1-L3,4.7888308927213075e-06
116.0,F1-L3,4.830931118249282e-06
117.0,F1-L3,4.873031002716743e-06
118.0,F1-L3,4.915131228244718e-06
119.0,F1-L3,4.957231283242436e-06
120.0,F1-L3,4.9993314519269916e-06
121.0,F1-L3,5.0404697731210035e-06
122.0,F1-L3,5.08256988496214e-06
123.0,F1-L3,5.124669939959858e-06
124.0,F1-L3,5.166770051800995e-06
125.0,F1-L3,5.208870049955294e-06
126.0,F1-L3,5.250970048109593e-06
127.0,F1-L3,5.294032064284693e-06
128.0,F1-L3,5.336131948752154e-06
129.0,F1-L3,5.3763087635161355e-06
130.0,F1-L3,5.418408875357272e-06
131.0,F1-L3,5.461470721002115e-06
132.0,F1-L3,5.503570491782739e-06
133.0,F1-L3,5.545670546780457e-06
134.0,F1-L3,5.585847532074695e-06
135.0,F1-L3,5.6298707704627304e-06
136.0,F1-L3,5.67100920534358e-06
137.0,F1-L3,5.712147697067849e-06
138.0,F1-L3,5.7542478089089855e-06
139.0,F1-L3,5.796347977593541e-06
140.0,F1-L3,5.83844797574784e-06
141.0,F1-L3,5.880548030745558e-06
142.0,F1-L3,5.9226479720564384e-06
143.0,F1-L3,5.965709760857862e-06
144.0,F1-L3,6.007809986385837e-06
145.0,F1-L3,6.0479867443063995e-06
146.0,F1-L3,6.090086856147536e-06
147.0,F1-L3,6.133148588105541e-06
148.0,F1-L3,6.175248699946678e-06
149.0,F1-L3,6.217348698100977e-06
150.0,F1-L3,6.258487246668665e-06
151.0,F1-L3,6.301548751252994e-06
152.0,F1-L3,6.343648863094131e-06
153.0,F1-L3,6.384787241131562e-06
154.0,F1-L3,6.42688729612928e-06
155.0,F1-L3,6.468987578500673e-06
156.0,F1-L3,6.511087406124716e-06
157.0,F1-L3,6.5531876316526905e-06
158.0,F1-L3,6.595287800337246e-06
159.0,F1-L3,6.638349361764995e-06
160.0,F1-L3,6.680449587292969e-06
161.0,F1-L3,6.719664668253245e-06
162.0,F1-L3,6.761764780094381e-06
163.0,F1-L3,6.805788018482417e-06
164.0,F1-L3,6.846926510206686e-06
165.0,F1-L3,6.889026508360985e-06
166.0,F1-L3,6.930165113772091e-06
167.0,F1-L3,6.973226845730096e-06
168.0,F1-L3,7.0153267301975575e-06
169.0,F1-L3,7.0564654492955015e-06
170.0,F1-L3,7.098565504293219e-06
171.0,F1-L3,7.140665616134356e-06
172.0,F1-L3,7.182765614288655e-06
173.0,F1-L3,7.224865498756117e-06
174.0,F1-L3,7.266965724284091e-06
175.0,F1-L3,7.310027569928934e-06
176.0,F1-L3,7.352127340709558e-06
177.0,F1-L3,7.3923044396906334e-06
178.0,F1-L3,7.434404608375189e-06
179.0,F1-L3,7.4774660561161e-06
180.0,F1-L3,7.519566338487493e-06
181.0,F1-L3,7.561666222954955e-06
182.0,F1-L3,7.6028046009923855e-06
183.0,F1-L3,7.645866503480647e-06
184.0,F1-L3,7.687966615321784e-06
185.0,F1-L3,7.729104936515796e-06
186.0,F1-L3,7.770243541926902e-06
187.0,F1-L3,7.81330510335465e-06
188.0,F1-L3,7.854443481392082e-06
189.0,F1-L3,7.89654347954638e-06
190.0,F1-L3,7.938643818761193e-06
191.0,F1-L3,7.981705209658685e-06
192.0,F1-L3,8.023805321499822e-06
193.0,F1-L3,8.063982420480897e-06
194.0,F1-L3,8.106082418635197e-06
195.0,F1-L3,8.149144150593202e-06
196.0,F1-L3,8.1912441487475e-06
197.0,F1-L3,8.233344431118894e-06
198.0,F1-L3,8.274482695469487e-06
199.0,F1-L3,8.317544597957749e-06
200.0,F1-L3,8.359644425581791e-06
201.0,F1-L3,8.40078291730606e-06
202.0,F1-L3,8.441921465873747e-06
203.0,F1-L3,8.484983254675171e-06
204.0,F1-L3,8.527083195986052e-06
205.0,F1-L3,8.56918319414035e-06
206.0,F1-L3,8.611283476511744e-06
207.0,F1-L3,8.654345094782911e-06
208.0,F1-L3,8.696445036093792e-06
209.0,F1-L3,8.736621850857773e-06
210.0,F1-L3,8.777760342582042e-06
211.0,F1-L3,8.821783694656915e-06
212.0,F1-L3,8.86388386334147e-06
213.0,F1-L3,8.905022241378902e-06
214.0,F1-L3,8.946160619416332e-06
215.0,F1-L3,8.989222521904594e-06
216.0,F1-L3,9.031322520058893e-06
217.0,F1-L3,9.072460727566067e-06
218.0,F1-L3,9.113599446664011e-06
219.0,F1-L3,9.15666100809176e-06
220.0,F1-L3,9.198761176776316e-06
221.0,F1-L3,9.240861174930615e-06
222.0,F1-L3,9.282961286771751e-06
223.0,F1-L3,9.326022905042919e-06
224.0,F1-L3,9.368123187414312e-06
225.0,F1-L3,9.408300059021713e-06
226.0,F1-L3,9.45040011401943e-06
227.0,F1-L3,9.493461675447179e-06
228.0,F1-L3,9.535561844131735e-06
229.0,F1-L3,9.576700335856003e-06
230.0,F1-L3,9.618800334010302e-06
231.0,F1-L3,9.661862236498564e-06
232.0,F1-L3,9.703962234652863e-06
233.0,F1-L3,9.745100612690294e-06
234.0,F1-L3,9.786239274944819e-06
235.0,F1-L3,9.82930072268573e-06
236.0,F1-L3,9.871400720840029e-06
237.0,F1-L3,9.912539269407716e-06
238.0,F1-L3,9.954639267562015e-06
239.0,F1-L3,9.99866256279347e-06
240.0,F1-L3,1.0038839207027195e-05
241.0,F1-L3,1.0079977926125139e-05
242.0,F1-L3,1.0122077867436019e-05
243.0,F1-L3,1.0165139656237443e-05
244.0,F1-L3,1.020723976807858e-05
245.0,F1-L3,1.0248378316646267e-05
246.0,F1-L3,1.0290478485330823e-05
247.0,F1-L3,1.0333540046758571e-05
248.0,F1-L3,1.0375639874382614e-05
249.0,F1-L3,1.0416778366106882e-05
250.0,F1-L3,1.0457917142048245e-05
251.0,F1-L3,1.0500979044536507e-05
252.0,F1-L3,1.0543078644786874e-05
253.0,F1-L3,1.0585178984001686e-05
254.0,F1-L3,1.0627279095842823e-05
255.0,F1-L3,1.0670340373053477e-05
256.0,F1-L3,1.0711479092151421e-05
257.0,F1-L3,1.0752617754405946e-05
258.0,F1-L3,1.0794717468343151e-05
259.0,F1-L3,1.0837779370831413e-05
260.0,F1-L3,1.087987948267255e-05
261.0,F1-L3,-1.4640715448877017e-06
262.0,F1-L3,-8.214587597876744e-05
263.0,F1-L3,-0.00028652995621314403
264.0,F1-L3,-0.0006566657833104728
265.0,F1-L3,-0.001221443606482353
266.0,F1-L3,-0.0019966950841876496
267.0,F1-L3,-0.00298549884678323
268.0,F1-L3,-0.00417845694727248
269.0,F1-L3,-0.0055540613661264615
270.0,F1-L3,-0.0070791185590906025
271.0,F1-L3,-0.008709214883026561
272.0,F1-L3,-0.010389273512828368
273.0,F1-L3,-0.012054146232458152
274.0,F1-L3,-0.013629226211207879
275.0,F1-L3,-0.015031145724776707
276.0,F1-L3,-0.016168513622801584
277.0,F1-L3,-0.016942658827247215
278.0,F1-L3,-0.017248446710368626
279.0,F1-L3,-0.01697507835245915
280.0,F1-L3,-0.016006996026021625
281.0,F1-L3,-0.014224732856405353
282.0,F1-L3,-0.011505805184810924
283.0,F1-L3,-0.0077256419184550396
284.0,F1-L3,-0.0027585227840631887
285.0,F1-L3,0.003521518654792999
286.0,F1-L3,0.011239745880288865
287.0,F1-L3,0.02051978009552613
288.0,F1-L3,0.031482700953858966
289.0,F1-L3,0.0442460966270346
290.0,F1-L3,0.05892319252279776
291.0,F1-L3,0.07562193711936516
292.0,F1-L3,0.09444416008159351
293.0,F1-L3,0.11548473931441094
294.0,F1-L3,0.13883078319292963
295.0,F1-L3,0.1645608471859532
296.0,F1-L3,0.1927441918327304
297.0,F1-L3,0.223440114420157
298.0,F1-L3,0.25669723331145633
299.0,F1-L3,0.2925529208057469
300.0,F1-L3,0.3310326803113526
301.0,F1-L3,0.3643858874112311
302.0,F1-L3,0.38332432101231007
303.0,F1-L3,0.3860881454926357
304.0,F1-L3,0.37105087685642957
305.0,F1-L3,0.3367632207593374
306.0,F1-L3,0.2819961465114602
307.0,F1-L3,0.20578235685678692
308.0,F1-L3,0.10745505398426758
309.0,F1-L3,-0.013317238743923099
310.0,F1-L3,-0.15650048864910104
311.0,F1-L3,-0.3216707936745138
312.0,F1-L3,-0.5079967369343308
313.0,F1-L3,-0.7142291086138357
314.0,F1-L3,-0.9386988392810167
315.0,F1-L3,-1.179323497207747
316.0,F1-L3,-1.4303674877073718
317.0,F1-L3,-1.687416788086864
318.0,F1-L3,-1.9502843527175742
319.0,F1-L3,-2.218769105250658
320.0,F1-L3,-2.492656370252689
321.0,F1-L3,-2.7717183762790683
322.0,F1-L3,-3.055714784569261
323.0,F1-L3,-3.3443932544907966
324.0,F1-L3,-3.6374900603183846
325.0,F1-L3,-3.9347307678090147
326.0,F1-L3,-4.235830885115831
327.0,F1-L3,-4.540496619737894
328.0,F1-L3,-4.848425637688024
329.0,F1-L3,-5.159307816455055
330.0,F1-L3,-5.472826080635571
331.0,F1-L3,-5.788657215816954
332.0,F1-L3,-6.106472726683421
333.0,F1-L3,-6.425939723360557
334.0,F1-L3,-6.746721733479319
335.0,F1-L3,-7.068479674454068
336.0,F1-L3,-7.390872687032015
337.0,F1-L3,-7.713559058860994
338.0,F1-L3,-8.036197113319815
339.0,F1-L3,-8.358446086954643
340.0,F1-L3,-8.679967054558176
341.0,F1-L3,-9.000423788867863
342.0,F1-L3,-9.31948358908528
343.0,F1-L3,-9.636818209004957
344.0,F1-L3,-9.952104619110003
345.0,F1-L3,-10.26502584665269
346.0,F1-L3,-10.575271768176435
347.0,F1-L3,-10.882539880053002
348.0,F1-L3,-11.18653602489843
349.0,F1-L3,-11.486975101732696
350.0,F1-L3,-11.78358174579597
351.0,F1-L3,-12.076090969742552
352.0,F1-L3,-12.364248763776231
353.0,F1-L3,-12.64781268360258
354.0,F1-L3,-12.926552369154706
355.0,F1-L3,-13.200250047378972
356.0,F1-L3,-13.4687009706592
357.0,F1-L3,-13.731713830577405
358.0,F1-L3,-13.989111130828121
359.0,F1-L3,-14.240729505307172
360.0,F1-L3,-14.486420004489162
361.0,F1-L3,-14.726048301459969
362.0,F1-L3,-14.959494884034882
363.0,F1-L3,-15.186655215379744
364.0,F1-L3,-15.40743979574762
365.0,F1-L3,-15.621774213575577
366.0,F1-L3,-15.829599181000845
367.0,F1-L3,-16.030870395687145
368.0,F1-L3,-16.225558543411694
369.0,F1-L3,-16.41364907623415
370.0,F1-L3,-16.5951420437259
371.0,F1-L3,-16.77005187145386
372.0,F1-L3,-16.93840707154527
373.0,F1-L3,-17.100249913635082
374.0,F1-L3,-17.25563605118697
375.0,F1-L3,-17.40463413136058
376.0,F1-L3,-17.54732531408149
377.0,F1-L3,-17.683802794876783
378.0,F1-L3,-17.814171294862433
379.0,F1-L3,-17.938546479584716
380.0,F1-L3,-18.057054363944246
381.0,F1-L3,-18.16983069808049
382.0,F1-L3,-18.277020314497918
383.0,F1-L3,-18.378776435777183
384.0,F1-L3,-18.475259962642724
385.0,F1-L3,-18.566638762507125
386.0,F1-L3,-18.653086943136657
387.0,F1-L3,-18.734784073907292
388.0,F1-L3,-18.81191439582352
389.0,F1-L3,-18.884666090577127
390.0,F1-L3,-18.953230482761114
391.0,F1-L3,-19.0178012140301
392.0,F1-L3,-19.078573534682278
393.0,F1-L3,-19.1357434619174
394.0,F1-L3,-19.189507049166366
395.0,F1-L3,-19.240059615661778
396.0,F1-L3,-19.287594983051008
397.0,F1-L3,-19.332304805568924
398.0,F1-L3,-19.374377830526214
399.0,F1-L3,-19.41399921909607
400.0,F1-L3,-19.451349948000257
401.0,F1-L3,-19.50032973810977
402.0,F1-L3,-19.57435529920815
403.0,F1-L3,-19.671786252683205
404.0,F1-L3,-19.790686723384397
405.0,F1-L3,-19.928858985475358
406.0,F1-L3,-20.083881986849462
407.0,F1-L3,-20.25315422622225
408.0,F1-L3,-20.433939986997416
409.0,F1-L3,-20.623417933468318
410.0,F1-L3,-20.81873108028475
411.0,F1-L3,-21.017037030132826
412.0,F1-L3,-21.215557371950297
413.0,F1-L3,-21.41162517368292
414.0,F1-L3,-21.602729488217847
415.0,F1-L3,-21.78655592206377
416.0,F1-L3,-21.96241549461928
417.0,F1-L3,-22.131079718075455
418.0,F1-L3,-22.292541345209315
419.0,F1-L3,-22.4468112973247
420.0,F1-L3,-22.59391831433868
421.0,F1-L3,-22.733908518948283
422.0,F1-L3,-22.866845042970738
423.0,F1-L3,-22.99280744651378
424.0,F1-L3,-23.11189118483236
425.0,F1-L3,-23.22420697426685
426.0,F1-L3,-23.329880113805018
427.0,F1-L3,-23.42904980640833
428.0,F1-L3,-23.521868324560558
429.0,F1-L3,-23.60850028326871
430.0,F1-L3,-23.689121739970346
431.0,F1-L3,-23.763919351434367
432.0,F1-L3,-23.833089419372072
433.0,F1-L3,-23.896837012127833
434.0,F1-L3,-23.95537494837538
435.0,F1-L3,-24.008922849354917
436.0,F1-L3,-24.057706118437295
437.0,F1-L3,-24.101954947869558
438.0,F1-L3,-24.141903300008664
439.0,F1-L3,-24.177787867053496
440.0,F1-L3,-24.209847071523427
441.0,F1-L3,-24.238320049331094
442.0,F1-L3,-24.26344562261926
443.0,F1-L3,-24.28546133264956
444.0,F1-L3,-24.304602448809078
445.0,F1-L3,-24.3211010379448
446.0,F1-L3,-24.335185015004868
447.0,F1-L3,-24.347077270926093
448.0,F1-L3,-24.35699477690332
449.0,F1-L3,-24.365147791973413
450.0,F1-L3,-24.371739068964814
451.0,F1-L3,-24.37696313243447
452.0,F1-L3,-24.38100555299934
453.0,F1-L3,-24.384042340899043
454.0,F1-L3,-24.38623934948521
455.0,F1-L3,-24.387751742976207
456.0,F1-L3,-24.388723521423174
457.0,F1-L3,-24.38928711920869
458.0,F1-L3,-24.389563029835983
459.0,F1-L3,-24.389659543726395
460.0,F1-L3,-24.389672510125706
461.0,F1-L3,-24.389672497041317
462.0,F1-L3,-24.389672483956815
463.0,F1-L3,-24.389672471789765
464.0,F1-L3,-24.38967245870481
465.0,F1-L3,-24.389672444703194
466.0,F1-L3,-24.38967243161852
467.0,F1-L3,-24.389672417616794
468.0,F1-L3,-24.38967240544929
469.0,F1-L3,-24.38967239144756
470.0,F1-L3,-24.389672378363457
471.0,F1-L3,-24.389672365278614
472.0,F1-L3,-24.38967235219428
473.0,F1-L3,-24.389672339110007
474.0,F1-L3,-24.38967232694239
475.0,F1-L3,-24.38967231202406
476.0,F1-L3,-24.389672298021992
477.0,F1-L3,-24.389672285854317
478.0,F1-L3,-24.389672271853044
479.0,F1-L3,-24.389672259685426
480.0,F1-L3,-24.389672246600696
481.0,F1-L3,-24.38967223259914
482.0,F1-L3,-24.389672219514637
483.0,F1-L3,-24.389672206430248
484.0,F1-L3,-24.38967219334586
485.0,F1-L3,-24.389672180261016
486.0,F1-L3,-24.38967216625963
487.0,F1-L3,-24.389672155008952
488.0,F1-L3,-24.38967214009051
489.0,F1-L3,-24.389672127006293
490.0,F1-L3,-24.389672114838618
491.0,F1-L3,-24.389672099919892
492.0,F1-L3,-24.389672086835333
493.0,F1-L3,-24.38967207466783
494.0,F1-L3,-24.389672060666214
495.0,F1-L3,-24.389672048498767
496.0,F1-L3,-24.389672035414208
497.0,F1-L3,-24.38967202141231
498.0,F1-L3,-24.389672007410468
499.0,F1-L3,-24.389671994326534
500.0,F1-L3,-24.389671981241975
501.0,F1-L3,-24.38967196815713
502.0,F1-L3,-24.389671955073197
503.0,F1-L3,-24.389671942905693
504.0,F1-L3,-24.389671928903567
505.0,F1-L3,-24.389671915819292
506.0,F1-L3,-24.38967190365213
507.0,F1-L3,-24.38967188781612
508.0,F1-L3,-24.389671874730993
509.0,F1-L3,-24.389671862563773
510.0,F1-L3,-24.389671848562216
511.0,F1-L3,-24.38967183639471
512.0,F1-L3,-24.389671823310493
513.0,F1-L3,-24.389671810225934
514.0,F1-L3,-24.389671796224377
515.0,F1-L3,-24.389671783139534
516.0,F1-L3,-24.389671770972313
517.0,F1-L3,-24.3896717560537
518.0,F1-L3,-24.389671742968915
519.0,F1-L3,-24.389671730801695
520.0,F1-L3,-24.389671716800137
521.0,F1-L3,-24.389671703715578
522.0,F1-L3,-24.389671691548074
523.0,F1-L3,-24.38967167662912
524.0,F1-L3,-24.38967166354456
525.0,F1-L3,-24.389671651377114
526.0,F1-L3,-24.3896716373755
527.0,F1-L3,-24.389671625208337
528.0,F1-L3,-24.38967161120644
529.0,F1-L3,-24.38967159812188
530.0,F1-L3,-24.38967158412032
531.0,F1-L3,-24.38967157103582
532.0,F1-L3,-24.389671558868315
533.0,F1-L3,-24.389671544867042
534.0,F1-L3,-24.3896715317822
535.0,F1-L3,-24.389671519614694
536.0,F1-L3,-24.389671506530476
537.0,F1-L3,-24.389671491611523
538.0,F1-L3,-24.38967147944436
539.0,F1-L3,-24.389671464525065
540.0,F1-L3,-24.389671451440563
541.0,F1-L3,-24.389671439273684
542.0,F1-L3,-24.38967142618884
543.0,F1-L3,-24.389671413104622
544.0,F1-L3,-24.389671400020063
545.0,F1-L3,-24.38967138601788
546.0,F1-L3,-24.389671372933947
547.0,F1-L3,-24.389671358931764
548.0,F1-L3,-24.389671346764885
549.0,F1-L3,-24.389671332762987
550.0,F1-L3,-24.38967131967786
551.0,F1-L3,-24.38967130751064
552.0,F1-L3,-24.389671294426762
553.0,F1-L3,-24.389671280424864
554.0,F1-L3,-24.389671268257075
555.0,F1-L3,-24.38967125425546
556.0,F1-L3,-24.389671239337417
557.0,F1-L3,-24.38967122716997
558.0,F1-L3,-24.38967121408507
559.0,F1-L3,-24.38967120100091
560.0,F1-L3,-24.38967118791635
561.0,F1-L3,-24.389671174831165
562.0,F1-L3,-24.389671160830517
563.0,F1-L3,-24.38967114774539
564.0,F1-L3,-24.389671135577885
565.0,F1-L3,-24.389671122493667
566.0,F1-L3,-24.38967110757443
567.0,F1-L3,-24.389671095407266
568.0,F1-L3,-24.389671082322707
569.0,F1-L3,-24.389671068321093
570.0,F1-L3,-24.389671056153645
571.0,F1-L3,-24.38967104215203
572.0,F1-L3,-24.389671028150417
573.0,F1-L3,-24.389671015983254
574.0,F1-L3,-24.38967100289841
575.0,F1-L3,-24.389670990730906
576.0,F1-L3,-24.38967097581201
577.0,F1-L3,-24.38967096272745
578.0,F1-L3,-24.389670948725893
579.0,F1-L3,-24.389670935641675
580.0,F1-L3,-24.38967092347383
581.0,F1-L3,-24.389670910389327
582.0,F1-L3,-24.389670896388054
583.0,F1-L3,-24.389670884220266
584.0,F1-L3,-24.38967087113599
585.0,F1-L3,-24.389670857134774
586.0,F1-L3,-24.389670844966645
587.0,F1-L3,-24.389670830047976
588.0,F1-L3,-24.389670816046703
589.0,F1-L3,-24.389670803879255
590.0,F1-L3,-24.389670790794696
591.0,F1-L3,-24.389670778626908
592.0,F1-L3,-24.389670764625293
593.0,F1-L3,-24.38967075154079
594.0,F1-L3,-24.389670738456516
595.0,F1-L3,-24.389670724454675
596.0,F1-L3,-24.389670712286545
597.0,F1-L3,-24.389670698285897
598.0,F1-L3,-24.38967068428434
599.0,F1-L3,-24.389670672116836
600.0,F1-L3,-24.389670659032276
1.0,F2-L1,0.0
2.0,F2-L1,1.446665010007564e-09
3.0,F2-L1,2.7643523026199546e-09
4.0,F2-L1,4.082096438651206e-09
5.0,F2-L1,5.52876144865877e-09
6.0,F2-L1,6.910909178259317e-09
7.0,F2-L1,8.228596470871707e-09
8.0,F2-L1,9.546283763484098e-09
9.0,F2-L1,1.0928488336503506e-08
10.0,F2-L1,1.2310692909522913e-08
11.0,F2-L1,1.369284063912346e-08
12.0,F2-L1,1.501052793173585e-08
13.0,F2-L1,1.6457249785162276e-08
14.0,F2-L1,1.7839397514762823e-08
15.0,F2-L1,1.9157084807375213e-08
16.0,F2-L1,2.053928938039462e-08
17.0,F2-L1,2.1921437109995168e-08
18.0,F2-L1,2.3303641683014575e-08
19.0,F2-L1,2.4685846256033983e-08
20.0,F2-L1,2.5939016268239357e-08
21.0,F2-L1,2.738573812166578e-08
22.0,F2-L1,2.8767885851266328e-08
23.0,F2-L1,3.008557314387872e-08
24.0,F2-L1,3.140326043649111e-08
25.0,F2-L1,3.2849925446498673e-08
26.0,F2-L1,3.423213001951808e-08
27.0,F2-L1,3.561427774911863e-08
28.0,F2-L1,3.693202188514988e-08
29.0,F2-L1,3.824970917776227e-08
30.0,F2-L1,3.976089146817685e-08
31.0,F2-L1,4.1014061480382225e-08
32.0,F2-L1,4.2331748772994615e-08
33.0,F2-L1,4.377841378300218e-08
34.0,F2-L1,4.516061835602159e-08
35.0,F2-L1,4.6542766085622134e-08
36.0,F2-L1,4.7860510221653385e-08
37.0,F2-L1,4.924265795125393e-08
38.0,F2-L1,5.0689322961261496e-08
39.0,F2-L1,5.2007010253873887e-08
40.0,F2-L1,5.332469754648628e-08
41.0,F2-L1,5.4706902119505685e-08
42.0,F2-L1,5.615356712951325e-08
43.0,F2-L1,5.740673714171862e-08
44.0,F2-L1,5.878894171473803e-08
45.0,F2-L1,6.017114628775744e-08
46.0,F2-L1,6.1617811297765e-08
47.0,F2-L1,6.293549859037739e-08
48.0,F2-L1,6.425318588298978e-08
49.0,F2-L1,6.569985089299735e-08
50.0,F2-L1,6.708205546601675e-08
51.0,F2-L1,6.839974275862915e-08
52.0,F2-L1,6.971743005124154e-08
53.0,F2-L1,7.109963462426094e-08
54.0,F2-L1,7.254629963426851e-08
55.0,F2-L1,7.38639869268809e-08
56.0,F2-L1,7.518167421949329e-08
57.0,F2-L1,7.662833922950085e-08
58.0,F2-L1,7.801054380252026e-08
59.0,F2-L1,7.932823109513265e-08
60.0,F2-L1,8.071043566815206e-08
61.0,F2-L1,8.20925833977526e-08
62.0,F2-L1,8.347478797077201e-08
63.0,F2-L1,8.485693570037256e-08
64.0,F2-L1,8.61101625559968e-08
65.0,F2-L1,8.755682756600436e-08
66.0,F2-L1,8.893903213902377e-08
67.0,F2-L1,9.02566625882173e-08
68.0,F2-L1,9.157440672424855e-08
69.0,F2-L1,9.302107173425611e-08
70.0,F2-L1,9.440327630727552e-08
71.0,F2-L1,9.578542403687607e-08
72.0,F2-L1,9.710311132948846e-08
73.0,F2-L1,9.854983318291488e-08
74.0,F2-L1,9.993198091251543e-08
75.0,F2-L1,1.0118520776813966e-07
76.0,F2-L1,1.0250289506075205e-07
77.0,F2-L1,1.0394956007075962e-07
78.0,F2-L1,1.0533170780036016e-07
79.0,F2-L1,1.0671391237337957e-07
80.0,F2-L1,1.0803159966599196e-07
81.0,F2-L1,1.0941380423901137e-07
82.0,F2-L1,1.1086046924901893e-07
83.0,F2-L1,1.1217815654163132e-07
84.0,F2-L1,1.1349584383424371e-07
85.0,F2-L1,1.1487804840726312e-07
86.0,F2-L1,1.1632471341727069e-07
87.0,F2-L1,1.1757788342947606e-07
88.0,F2-L1,1.1896008800249547e-07
89.0,F2-L1,1.2034229257551488e-07
90.0,F2-L1,1.2178895758552244e-07
91.0,F2-L1,1.2310664487813483e-07
92.0,F2-L1,1.2442433217074722e-07
93.0,F2-L1,1.2587099718075478e-07
94.0,F2-L1,1.272532017537742e-07
95.0,F2-L1,1.2857088904638658e-07
96.0,F2-L1,1.29953093619406e-07
97.0,F2-L1,1.3127072406859952e-07
98.0,F2-L1,1.3271744592202595e-07
99.0,F2-L1,1.3403513321463834e-07
100.0,F2-L1,1.3535282050725073e-07
101.0,F2-L1,1.367994855172583e-07
102.0,F2-L1,1.381816900902777e-07
103.0,F2-L1,1.394993773828901e-07
104.0,F2-L1,1.4088152511249064e-07
105.0,F2-L1,1.4226372968551004e-07
106.0,F2-L1,1.436458774151106e-07
107.0,F2-L1,1.4502808198813e-07
108.0,F2-L1,1.4628130884375423e-07
109.0,F2-L1,1.477279738537618e-07
110.0,F2-L1,1.491101784267812e-07
111.0,F2-L1,1.504278657193936e-07
112.0,F2-L1,1.51810070292413e-07
113.0,F2-L1,1.5319221802201355e-07
114.0,F2-L1,1.5457442259503296e-07
115.0,F2-L1,1.559565703246335e-07
116.0,F2-L1,1.572742576172459e-07
117.0,F2-L1,1.5872097947067232e-07
118.0,F2-L1,1.6010312720027287e-07
119.0,F2-L1,1.6142081449288526e-07
120.0,F2-L1,1.626740413485095e-07
121.0,F2-L1,1.6412070635851705e-07
122.0,F2-L1,1.655028540881176e-07
123.0,F2-L1,1.66885058661137e-07
124.0,F2-L1,1.682027459537494e-07
125.0,F2-L1,1.695849505267688e-07
126.0,F2-L1,1.7103161553677637e-07
127.0,F2-L1,1.7234930282938876e-07
128.0,F2-L1,1.7366699012200115e-07
129.0,F2-L1,1.7511365513200872e-07
130.0,F2-L1,1.7649585970502812e-07
131.0,F2-L1,1.7774908656065236e-07
132.0,F2-L1,1.791312342902529e-07
133.0,F2-L1,1.805134388632723e-07
134.0,F2-L1,1.8196010387327988e-07
135.0,F2-L1,1.8327779116589227e-07
136.0,F2-L1,1.8459547845850466e-07
137.0,F2-L1,1.8604214346851222e-07
138.0,F2-L1,1.8742434804153163e-07
139.0,F2-L1,1.8874203533414402e-07
140.0,F2-L1,1.9012423990716343e-07
141.0,F2-L1,1.9144192719977582e-07
142.0,F2-L1,1.9295305264677154e-07
143.0,F2-L1,1.9420627950239577e-07
144.0,F2-L1,1.9552396679500816e-07
145.0,F2-L1,1.9697063180501573e-07
146.0,F2-L1,1.9835283637803514e-07
147.0,F2-L1,1.9967052367064753e-07
148.0,F2-L1,2.0105272824366693e-07
149.0,F2-L1,2.0243487597326748e-07
150.0,F2-L1,2.038170805462869e-07
151.0,F2-L1,2.051992851193063e-07
152.0,F2-L1,2.0651691556849983e-07
153.0,F2-L1,2.0789912014151923e-07
154.0,F2-L1,2.0928132471453864e-07
155.0,F2-L1,2.1059901200715103e-07
156.0,F2-L1,2.1198115973675158e-07
157.0,F2-L1,2.1336336430977099e-07
158.0,F2-L1,2.1474551203937153e-07
159.0,F2-L1,2.161277734558098e-07
160.0,F2-L1,2.174454607484222e-07
161.0,F2-L1,2.1889212575842976e-07
162.0,F2-L1,2.202742734880303e-07
163.0,F2-L1,2.215919607806427e-07
164.0,F2-L1,2.2284518763626693e-07
165.0,F2-L1,2.242918526462745e-07
166.0,F2-L1,2.256740572192939e-07
167.0,F2-L1,2.270562617923133e-07
168.0,F2-L1,2.2837389224150684e-07
169.0,F2-L1,2.2975609681452624e-07
170.0,F2-L1,2.312027618245338e-07
171.0,F2-L1,2.325204491171462e-07
172.0,F2-L1,2.338381364097586e-07
173.0,F2-L1,2.3528480141976615e-07
174.0,F2-L1,2.3666700599278556e-07
175.0,F2-L1,2.3804921056580497e-07
176.0,F2-L1,2.3930238057801034e-07
177.0,F2-L1,2.406845283076109e-07
178.0,F2-L1,2.421312501610373e-07
179.0,F2-L1,2.4344899429706857e-07
180.0,F2-L1,2.447666247462621e-07
181.0,F2-L1,2.4621328975626966e-07
182.0,F2-L1,2.4759549432928907e-07
183.0,F2-L1,2.4891318162190146e-07
184.0,F2-L1,2.5029538619492087e-07
185.0,F2-L1,2.5161307348753326e-07
186.0,F2-L1,2.53124198934529e-07
187.0,F2-L1,2.543774257901532e-07
188.0,F2-L1,2.556951130827656e-07
189.0,F2-L1,2.5714177809277317e-07
190.0,F2-L1,2.5852398266579257e-07
191.0,F2-L1,2.5984166995840496e-07
192.0,F2-L1,2.6122387453142437e-07
193.0,F2-L1,2.626060222610249e-07
194.0,F2-L1,2.639882268340443e-07
195.0,F2-L1,2.6537043140706373e-07
196.0,F2-L1,2.666881186996761e-07
197.0,F2-L1,2.6807026642927667e-07
198.0,F2-L1,2.695169882827031e-07
199.0,F2-L1,2.7077015829490847e-07
200.0,F2-L1,2.721523628679279e-07
201.0,F2-L1,2.735345105975284e-07
202.0,F2-L1,2.7491671517054783e-07
203.0,F2-L1,2.762988629001484e-07
204.0,F2-L1,2.7761655019276077e-07
205.0,F2-L1,2.790632720461872e-07
206.0,F2-L1,2.8044541977578774e-07
207.0,F2-L1,2.81763163911819e-07
208.0,F2-L1,2.8301633392402437e-07
209.0,F2-L1,2.8446299893403193e-07
210.0,F2-L1,2.8584520350705134e-07
211.0,F2-L1,2.8722740808007075e-07
212.0,F2-L1,2.885450385292643e-07
213.0,F2-L1,2.899272431022837e-07
214.0,F2-L1,2.9137390811229125e-07
215.0,F2-L1,2.9269159540490364e-07
216.0,F2-L1,2.9400928269751603e-07
217.0,F2-L1,2.9545600455094245e-07
218.0,F2-L1,2.96838152280543e-07
219.0,F2-L1,2.982203568535624e-07
220.0,F2-L1,2.994735268657678e-07
221.0,F2-L1,3.008557314387872e-07
222.0,F2-L1,3.0230239644879475e-07
223.0,F2-L1,3.03620140584826e-07
224.0,F2-L1,3.0493777103401953e-07
225.0,F2-L1,3.063844360440271e-07
226.0,F2-L1,3.077666406170465e-07
227.0,F2-L1,3.090843279096589e-07
228.0,F2-L1,3.1046647563925944e-07
229.0,F2-L1,3.118487370556977e-07
230.0,F2-L1,3.132954020657053e-07
231.0,F2-L1,3.1454857207791065e-07
232.0,F2-L1,3.1586625937052304e-07
233.0,F2-L1,3.173129243805306e-07
234.0,F2-L1,3.1869512895355e-07
235.0,F2-L1,3.200128162461624e-07
236.0,F2-L1,3.213950208191818e-07
237.0,F2-L1,3.227772253922012e-07
238.0,F2-L1,3.242238904022088e-07
239.0,F2-L1,3.2554157769482117e-07
240.0,F2-L1,3.2685926498743356e-07
241.0,F2-L1,3.2824146956045297e-07
242.0,F2-L1,3.2968813457046053e-07
243.0,F2-L1,3.309413045826659e-07
244.0,F2-L1,3.323235091556853e-07
245.0,F2-L1,3.3370565688528586e-07
246.0,F2-L1,3.3508786145830527e-07
247.0,F2-L1,3.364700660313247e-07
248.0,F2-L1,3.377876964805182e-07
249.0,F2-L1,3.3923441833394463e-07
250.0,F2-L1,3.4061662290696404e-07
251.0,F2-L1,3.4193431019957643e-07
252.0,F2-L1,3.432519974921888e-07
253.0,F2-L1,3.4463414522178937e-07
254.0,F2-L1,3.460163497948088e-07
255.0,F2-L1,3.473985543678282e-07
256.0,F2-L1,3.4871624166044057e-07
257.0,F2-L1,3.5016290667044814e-07
258.0,F2-L1,3.5154511124346755e-07
259.0,F2-L1,3.5286279853607994e-07
260.0,F2-L1,3.5418042898527347e-07
261.0,F2-L1,1.8470860254637955e-06
262.0,F2-L1,1.18046438615238e-05
263.0,F2-L1,3.777814089289677e-05
264.0,F2-L1,8.641629273142826e-05
265.0,F2-L1,0.000163469632241231
266.0,F2-L1,0.0002738011845622168
267.0,F2-L1,0.00042139674854979603
268.0,F2-L1,0.0006093878940305331
269.0,F2-L1,0.0008400751676163054
270.0,F2-L1,0.0011149609129574856
271.0,F2-L1,0.001434785917467707
272.0,F2-L1,0.0017995704517375088
273.0,F2-L1,0.002208666230728795
274.0,F2-L1,0.0026608075813783216
275.0,F2-L1,0.0031541767803560106
276.0,F2-L1,0.0036864688676132573
277.0,F2-L1,0.004254964183530774
278.0,F2-L1,0.004856608287070685
279.0,F2-L1,0.005488095829264239
280.0,F2-L1,0.006145961530648947
281.0,F2-L1,0.006826673481214129
282.0,F2-L1,0.007526732877636277
283.0,F2-L1,0.008242775061773955
284.0,F2-L1,0.008971681474633897
285.0,F2-L1,0.009710680304863217
286.0,F2-L1,0.010457464829016772
287.0,F2-L1,0.011210300011669005
288.0,F2-L1,0.011968135712265848
289.0,F2-L1,0.012730718650516337
290.0,F2-L1,0.013498698522028008
291.0,F2-L1,0.014273734455457543
292.0,F2-L1,0.015058596692824722
293.0,F2-L1,0.01585726175420632
294.0,F2-L1,0.01667500124909793
295.0,F2-L1,0.017518461883526015
296.0,F2-L1,0.018395740636094615
297.0,F2-L1,0.019316445235347146
298.0,F2-L1,0.020291745969188923
299.0,F2-L1,0.02133441522545354
300.0,F2-L1,0.022458855248657983
301.0,F2-L1,0.024350021368718444
302.0,F2-L1,0.02779167609162414
303.0,F2-L1,0.03289553448263405
304.0,F2-L1,0.03975405579632252
305.0,F2-L1,0.04843701679806145
306.0,F2-L1,0.05898832175853386
307.0,F2-L1,0.07142315399750032
308.0,F2-L1,0.0857255360289173
309.0,F2-L1,0.10184639421157726
310.0,F2-L1,0.1197022001605319
311.0,F2-L1,0.13917425313752574
312.0,F2-L1,0.1601086533231637
313.0,F2-L1,0.1823170084630874
314.0,F2-L1,0.2055778972771236
315.0,F2-L1,0.22963909483650013
316.0,F2-L1,0.2544585782546278
317.0,F2-L1,0.28018380991926506
318.0,F2-L1,0.3068119891732408
319.0,F2-L1,0.33433778054615004
320.0,F2-L1,0.36275321578006015
321.0,F2-L1,0.3920476000798203
322.0,F2-L1,0.42220744044584535
323.0,F2-L1,0.4532163842004593
324.0,F2-L1,0.485055168630538
325.0,F2-L1,0.5177015947008954
326.0,F2-L1,0.5511305149070154
327.0,F2-L1,0.5853138396671511
328.0,F2-L1,0.6202205640654483
329.0,F2-L1,0.6558168232667754
330.0,F2-L1,0.692065953370161
331.0,F2-L1,0.7289285873788458
332.0,F2-L1,0.766362762426354
333.0,F2-L1,0.804324061356624
334.0,F2-L1,0.8427657602787235
335.0,F2-L1,0.8816390050536143
336.0,F2-L1,0.9208930056738609
337.0,F2-L1,0.9604752505840679
338.0,F2-L1,1.0003317361469612
339.0,F2-L1,1.0404072110322318
340.0,F2-L1,1.0806454339445963
341.0,F2-L1,1.1209894463364094
342.0,F2-L1,1.161381854846752
343.0,F2-L1,1.2017651180809708
344.0,F2-L1,1.2420818398927054
345.0,F2-L1,1.2822750714439621
346.0,F2-L1,1.3222886048259284
347.0,F2-L1,1.3620672685051431
348.0,F2-L1,1.4015572192797663
349.0,F2-L1,1.4407062318600197
350.0,F2-L1,1.4794639633789188
351.0,F2-L1,1.5177822262736527
352.0,F2-L1,1.5556152258740212
353.0,F2-L1,1.5929197991787873
354.0,F2-L1,1.6296556316495412
355.0,F2-L1,1.6657854397275287
356.0,F2-L1,1.7012751439964973
357.0,F2-L1,1.736094021628901
358.0,F2-L1,1.7702148211976123
359.0,F2-L1,1.8036138609944032
360.0,F2-L1,1.8362710954449994
361.0,F2-L1,1.8681701609559695
362.0,F2-L1,1.8992983846969764
363.0,F2-L1,1.9296467723412434
364.0,F2-L1,1.959209967145057
365.0,F2-L1,1.9879861823353053
366.0,F2-L1,2.015977107165895
367.0,F2-L1,2.043187789177125
368.0,F2-L1,2.069626490527014
369.0,F2-L1,2.095304526696168
370.0,F2-L1,2.1202360828095834
371.0,F2-L1,2.144438007179133
372.0,F2-L1,2.167929600763159
373.0,F2-L1,2.19073237410538
374.0,F2-L1,2.2128698140120946
375.0,F2-L1,2.2343671244762504
376.0,F2-L1,2.25525096791074
377.0,F2-L1,2.2755492037199474
378.0,F2-L1,2.295290622589448
379.0,F2-L1,2.314504674968987
380.0,F2-L1,2.3332212193959663
381.0,F2-L1,2.351470256982566
382.0,F2-L1,2.369281691484332
383.0,F2-L1,2.3866850832441173
384.0,F2-L1,2.4037094266658983
385.0,F2-L1,2.420382935557882
386.0,F2-L1,2.4367328465453966
387.0,F2-L1,2.452785233650161
388.0,F2-L1,2.468564848028848
389.0,F2-L1,2.484094970739079
390.0,F2-L1,2.4993972870794323
391.0,F2-L1,2.5144917814031373
392.0,F2-L1,2.529396653448771
393.0,F2-L1,2.5441282465246218
394.0,F2-L1,2.558701005606906
395.0,F2-L1,2.5731274512821756
396.0,F2-L1,2.587418175145558
397.0,F2-L1,2.6015818447364722
398.0,F2-L1,2.615625238129155
399.0,F2-L1,2.6295532846457377
400.0,F2-L1,2.643369126181426
401.0,F2-L1,2.6596492678697246
402.0,F2-L1,2.6808293431496963
403.0,F2-L1,2.706494449346394
404.0,F2-L1,2.7361764719362895
405.0,F2-L1,2.769362383490602
406.0,F2-L1,2.805503333075592
407.0,F2-L1,2.8440243500533597
408.0,F2-L1,2.8843344452985775
409.0,F2-L1,2.9258369058107974
410.0,F2-L1,2.9679395255156464
411.0,F2-L1,3.010064603724402
412.0,F2-L1,3.051658454323899
413.0,F2-L1,3.092200272863863
414.0,F2-L1,3.1312101314045435
415.0,F2-L1,3.16825599539402
416.0,F2-L1,3.2035384925433164
417.0,F2-L1,3.23752378031179
418.0,F2-L1,3.2701889902134553
419.0,F2-L1,3.3015161934498565
420.0,F2-L1,3.331492371641218
421.0,F2-L1,3.360109377422475
422.0,F2-L1,3.387363854443379
423.0,F2-L1,3.413257151281414
424.0,F2-L1,3.4377951955855224
425.0,F2-L1,3.4609883570713578
426.0,F2-L1,3.482851282266381
427.0,F2-L1,3.503402713472667
428.0,F2-L1,3.522665293985767
429.0,F2-L1,3.5406653447284953
430.0,F2-L1,3.55743264268375
431.0,F2-L1,3.5730001715299977
432.0,F2-L1,3.587403871642948
433.0,F2-L1,3.6006823758647784
434.0,F2-L1,3.6128767372764514
435.0,F2-L1,3.6240301564668584
436.0,F2-L1,3.6341876952331518
437.0,F2-L1,3.6433960043698903
438.0,F2-L1,3.6517030318228194
439.0,F2-L1,3.659157739986483
440.0,F2-L1,3.6658098325945616
441.0,F2-L1,3.6717094735448086
442.0,F2-L1,3.676907019161888
443.0,F2-L1,3.6814527503913155
444.0,F2-L1,3.6853966213408853
445.0,F2-L1,3.688788003468858
446.0,F2-L1,3.6916754501145306
447.0,F2-L1,3.6941064695475916
448.0,F2-L1,3.6961273042078915
449.0,F2-L1,3.6977827255975626
450.0,F2-L1,3.6991158412346294
451.0,F2-L1,3.700167912064387
452.0,F2-L1,3.700978182390827
453.0,F2-L1,3.7015837311395785
454.0,F2-L1,3.7020193233051373
455.0,F2-L1,3.7023172903644763
456.0,F2-L1,3.7025074136093963
457.0,F2-L1,3.7026168267912
458.0,F2-L1,3.7026699328747554
459.0,F2-L1,3.7026883351969104
460.0,F2-L1,3.7026907813839216
461.0,F2-L1,3.702690777989744
462.0,F2-L1,3.7026907743848483
463.0,F2-L1,3.7026907714122785
464.0,F2-L1,3.7026907675965504
465.0,F2-L1,3.7026907642024867
466.0,F2-L1,3.702690760808366
467.0,F2-L1,3.7026907569928085
468.0,F2-L1,3.7026907538093496
469.0,F2-L1,3.702690750415343
470.0,F2-L1,3.7026907465996146
471.0,F2-L1,3.7026907434163263
472.0,F2-L1,3.702690739811544
473.0,F2-L1,3.702690736628142
474.0,F2-L1,3.7026907330231893
475.0,F2-L1,3.702690729418407
476.0,F2-L1,3.7026907260242297
477.0,F2-L1,3.702690722630166
478.0,F2-L1,3.702690719025213
479.0,F2-L1,3.702690715841925
480.0,F2-L1,3.7026907122369153
481.0,F2-L1,3.702690708632076
482.0,F2-L1,3.702690705448731
483.0,F2-L1,3.702690701843892
484.0,F2-L1,3.702690698238939
485.0,F2-L1,3.7026906948448755
486.0,F2-L1,3.7026906912399795
487.0,F2-L1,3.7026906882675235
488.0,F2-L1,3.7026906844517384
489.0,F2-L1,3.7026906810576747
490.0,F2-L1,3.702690677663554
491.0,F2-L1,3.702690673847883
492.0,F2-L1,3.702690670453876
493.0,F2-L1,3.7026906672703603
494.0,F2-L1,3.702690663454689
495.0,F2-L1,3.7026906602714575
496.0,F2-L1,3.7026906566666185
497.0,F2-L1,3.702690653272441
498.0,F2-L1,3.7026906498782637
499.0,F2-L1,3.7026906462734814
500.0,F2-L1,3.7026906428794177
501.0,F2-L1,3.702690639274408
502.0,F2-L1,3.702690635669569
503.0,F2-L1,3.7026906326969424
504.0,F2-L1,3.7026906290921033
505.0,F2-L1,3.7026906254871506
506.0,F2-L1,3.7026906220931437
507.0,F2-L1,3.7026906184882478
508.0,F2-L1,3.7026906150940704
509.0,F2-L1,3.70269061169995
510.0,F2-L1,3.702690608095054
511.0,F2-L1,3.7026906049117088
512.0,F2-L1,3.7026906010960943
513.0,F2-L1,3.702690597912749
514.0,F2-L1,3.7026905945186854
515.0,F2-L1,3.7026905907029004
516.0,F2-L1,3.7026905873088936
517.0,F2-L1,3.7026905841254916
518.0,F2-L1,3.702690580309877
519.0,F2-L1,3.7026905771266456
520.0,F2-L1,3.702690573521693
521.0,F2-L1,3.7026905701275155
522.0,F2-L1,3.7026905667335086
523.0,F2-L1,3.7026905631286695
524.0,F2-L1,3.702690559734492
525.0,F2-L1,3.702690556129596
526.0,F2-L1,3.7026905525245866
527.0,F2-L1,3.7026905495521305
528.0,F2-L1,3.7026905459472914
529.0,F2-L1,3.702690542342282
530.0,F2-L1,3.7026905389481612
531.0,F2-L1,3.7026905353432653
532.0,F2-L1,3.7026905319492016
533.0,F2-L1,3.702690528555138
534.0,F2-L1,3.702690524950242
535.0,F2-L1,3.7026905217669537
536.0,F2-L1,3.7026905179512823
537.0,F2-L1,3.702690514767937
538.0,F2-L1,3.7026905113738735
539.0,F2-L1,3.702690507558259
540.0,F2-L1,3.7026905041640816
541.0,F2-L1,3.7026905009806796
542.0,F2-L1,3.70269049737567
543.0,F2-L1,3.702690493981663
544.0,F2-L1,3.702690490376824
545.0,F2-L1,3.7026904869826467
546.0,F2-L1,3.7026904833778644
547.0,F2-L1,3.702690479983687
548.0,F2-L1,3.7026904765895097
549.0,F2-L1,3.702690473195503
550.0,F2-L1,3.7026904693798883
551.0,F2-L1,3.702690466196543
552.0,F2-L1,3.7026904628024226
553.0,F2-L1,3.702690459197413
554.0,F2-L1,3.702690455803463
555.0,F2-L1,3.702690452198567
556.0,F2-L1,3.7026904488044465
557.0,F2-L1,3.7026904454101555
558.0,F2-L1,3.7026904418052595
559.0,F2-L1,3.702690438622028
560.0,F2-L1,3.7026904348064136
561.0,F2-L1,3.702690431412236
562.0,F2-L1,3.702690428228948
563.0,F2-L1,3.702690424624052
564.0,F2-L1,3.702690421019156
565.0,F2-L1,3.7026904176250355
566.0,F2-L1,3.7026904140202532
567.0,F2-L1,3.7026904108366807
568.0,F2-L1,3.702690407232012
569.0,F2-L1,3.702690403837778
570.0,F2-L1,3.702690400443828
571.0,F2-L1,3.7026903966281566
572.0,F2-L1,3.7026903934446977
573.0,F2-L1,3.702690390050691
574.0,F2-L1,3.702690386234906
575.0,F2-L1,3.7026903830516176
576.0,F2-L1,3.7026903794467216
577.0,F2-L1,3.7026903762633196
578.0,F2-L1,3.7026903726585374
579.0,F2-L1,3.7026903690536415
580.0,F2-L1,3.702690365659521
581.0,F2-L1,3.7026903622654004
582.0,F2-L1,3.7026903586604476
583.0,F2-L1,3.702690355477216
584.0,F2-L1,3.7026903518722065
585.0,F2-L1,3.7026903482673674
586.0,F2-L1,3.702690345084079
587.0,F2-L1,3.70269034147924
588.0,F2-L1,3.7026903378742304
589.0,F2-L1,3.702690334480053
590.0,F2-L1,3.7026903308752708
591.0,F2-L1,3.702690327902758
592.0,F2-L1,3.7026903240870297
593.0,F2-L1,3.7026903206928523
594.0,F2-L1,3.7026903172988455
595.0,F2-L1,3.702690313483231
596.0,F2-L1,3.702690310299829
597.0,F2-L1,3.7026903069057653
598.0,F2-L1,3.702690303090094
599.0,F2-L1,3.702690299906692
600.0,F2-L1,3.702690296301796
1.0,F2-L2,0.0
2.0,F2-L2,-4.355706550995819e-08
3.0,F2-L2,-8.711424470675411e-08
4.0,F2-L2,-1.3164208212401718e-07
5.0,F2-L2,-1.761701469149557e-07
6.0,F2-L2,-2.1778549808004755e-07
7.0,F2-L2,-2.6231356287098606e-07
8.0,F2-L2,-3.06841457131668e-07
9.0,F2-L2,-3.513694082357688e-07
10.0,F2-L2,-3.9492653058914584e-07
11.0,F2-L2,-4.375127673483803e-07
12.0,F2-L2,-4.820407184524811e-07
13.0,F2-L2,-5.255978408058581e-07
14.0,F2-L2,-5.691549063158163e-07
15.0,F2-L2,-6.136829711067548e-07
16.0,F2-L2,-6.562692078659893e-07
17.0,F2-L2,-7.007971021266712e-07
18.0,F2-L2,-7.433833957293245e-07
19.0,F2-L2,-7.879112899900065e-07
20.0,F2-L2,-8.33410069844831e-07
21.0,F2-L2,-8.769672490416269e-07
22.0,F2-L2,-9.195534289574425e-07
23.0,F2-L2,-9.640814369049622e-07
24.0,F2-L2,-1.0076385592583392e-06
25.0,F2-L2,-1.0521665672058589e-06
26.0,F2-L2,-1.095723689559236e-06
27.0,F2-L2,-1.1383099263184704e-06
28.0,F2-L2,-1.18283793426599e-06
29.0,F2-L2,-1.2273657716832531e-06
30.0,F2-L2,-1.2699520652859064e-06
31.0,F2-L2,-1.3154509019841498e-06
32.0,F2-L2,-1.3580370818999654e-06
33.0,F2-L2,-1.402565089847485e-06
34.0,F2-L2,-1.4451513834501384e-06
35.0,F2-L2,-1.4896793345542392e-06
36.0,F2-L2,-1.53420728565834e-06
37.0,F2-L2,-1.5777644648551359e-06
38.0,F2-L2,-1.6203506447709515e-06
39.0,F2-L2,-1.6639077671243285e-06
40.0,F2-L2,-1.7084356613850105e-06
41.0,F2-L2,-1.753934441239835e-06
42.0,F2-L2,-1.7955499060917646e-06
43.0,F2-L2,-1.8400778571958654e-06
44.0,F2-L2,-1.8836350932360801e-06
45.0,F2-L2,-1.928162930653343e-06
46.0,F2-L2,-1.971720166693558e-06
47.0,F2-L2,-2.015277232203516e-06
48.0,F2-L2,-2.0588342408700555e-06
49.0,F2-L2,-2.1023914769102703e-06
50.0,F2-L2,-2.1459485992636473e-06
51.0,F2-L2,-2.190476550367748e-06
52.0,F2-L2,-2.235004387785011e-06
53.0,F2-L2,-2.2795324525759497e-06
54.0,F2-L2,-2.3211478605844604e-06
55.0,F2-L2,-2.3656756980017235e-06
56.0,F2-L2,-2.410203762792662e-06
57.0,F2-L2,-2.4537607714592014e-06
58.0,F2-L2,-2.497318064342835e-06
59.0,F2-L2,-2.5408749593225366e-06
60.0,F2-L2,-2.5844321953627514e-06
61.0,F2-L2,-2.6289600327800144e-06
62.0,F2-L2,-2.672517325663648e-06
63.0,F2-L2,-2.7160742206433497e-06
64.0,F2-L2,-2.760602399121126e-06
65.0,F2-L2,-2.804159464631084e-06
66.0,F2-L2,-2.8477164732976235e-06
67.0,F2-L2,-2.892244538088562e-06
68.0,F2-L2,-2.93580160359852e-06
69.0,F2-L2,-2.980329554702621e-06
70.0,F2-L2,-3.021944905867713e-06
71.0,F2-L2,-3.0664729138152325e-06
72.0,F2-L2,-3.1110008649193333e-06
73.0,F2-L2,-3.1545579872727103e-06
74.0,F2-L2,-3.1981150527826685e-06
75.0,F2-L2,-3.2416721751360456e-06
76.0,F2-L2,-3.2862001262401463e-06
77.0,F2-L2,-3.3307282478745037e-06
78.0,F2-L2,-3.3733144277903193e-06
79.0,F2-L2,-3.417842492581258e-06
80.0,F2-L2,-3.4604285588102357e-06
81.0,F2-L2,-3.5049565667577554e-06
82.0,F2-L2,-3.5485136322677135e-06
83.0,F2-L2,-3.5920708683079283e-06
84.0,F2-L2,-3.636598819412029e-06
85.0,F2-L2,-3.682097542423435e-06
86.0,F2-L2,-3.722742064837803e-06
87.0,F2-L2,-3.768240958379465e-06
88.0,F2-L2,-3.8117979102025856e-06
89.0,F2-L2,-3.856325861306686e-06
90.0,F2-L2,-3.899883040503482e-06
91.0,F2-L2,-3.942469163575879e-06
92.0,F2-L2,-3.986997398897074e-06
93.0,F2-L2,-4.031525236314337e-06
94.0,F2-L2,-4.074111700447247e-06
95.0,F2-L2,-4.118639481021091e-06
96.0,F2-L2,-4.161225660936907e-06
97.0,F2-L2,-4.206724611321988e-06
98.0,F2-L2,-4.2502815631451085e-06
99.0,F2-L2,-4.2938387423419044e-06
100.0,F2-L2,-4.338366750289424e-06
101.0,F2-L2,-4.382894587706687e-06
102.0,F2-L2,-4.4245101662454545e-06
103.0,F2-L2,-4.469037946819299e-06
104.0,F2-L2,-4.51259535338977e-06
105.0,F2-L2,-4.557123190807033e-06
106.0,F2-L2,-4.60068031316041e-06
107.0,F2-L2,-4.64326677729332e-06
108.0,F2-L2,-4.688765386617888e-06
109.0,F2-L2,-4.732322395284427e-06
110.0,F2-L2,-4.775879517637804e-06
111.0,F2-L2,-4.820407411898486e-06
112.0,F2-L2,-4.862993534970883e-06
113.0,F2-L2,-4.907521713448659e-06
114.0,F2-L2,-4.950107836521056e-06
115.0,F2-L2,-4.994636014998832e-06
116.0,F2-L2,-5.0391637955726765e-06
117.0,F2-L2,-5.082720974769472e-06
118.0,F2-L2,-5.125307154685288e-06
119.0,F2-L2,-5.168864333882084e-06
120.0,F2-L2,-5.214363113736908e-06
121.0,F2-L2,-5.258891121684428e-06
122.0,F2-L2,-5.301477415287081e-06
123.0,F2-L2,-5.3450345376404584e-06
124.0,F2-L2,-5.388591546306998e-06
125.0,F2-L2,-5.433119667941355e-06
126.0,F2-L2,-5.476676562921057e-06
127.0,F2-L2,-5.52023385580469e-06
128.0,F2-L2,-5.563790807627811e-06
129.0,F2-L2,-5.608318758731912e-06
130.0,F2-L2,-5.650904995491146e-06
131.0,F2-L2,-5.696403775345971e-06
132.0,F2-L2,-5.740931896980328e-06
133.0,F2-L2,-5.784489019333705e-06
134.0,F2-L2,-5.827075142406102e-06
135.0,F2-L2,-5.870632264759479e-06
136.0,F2-L2,-5.915160329550417e-06
137.0,F2-L2,-5.959688451184775e-06
138.0,F2-L2,-6.002274517413753e-06
139.0,F2-L2,-6.045831412393454e-06
140.0,F2-L2,-6.089388818963926e-06
141.0,F2-L2,-6.13488759881875e-06
142.0,F2-L2,-6.1774738355779846e-06
143.0,F2-L2,-6.222001843525504e-06
144.0,F2-L2,-6.265558738505206e-06
145.0,F2-L2,-6.3091160313888395e-06
146.0,F2-L2,-6.352673096898798e-06
147.0,F2-L2,-6.397201275376574e-06
148.0,F2-L2,-6.4407581703562755e-06
149.0,F2-L2,-6.48528595093012e-06
150.0,F2-L2,-6.526901245251793e-06
151.0,F2-L2,-6.571429537416407e-06
152.0,F2-L2,-6.615957431677089e-06
153.0,F2-L2,-6.660485553311446e-06
154.0,F2-L2,-6.704042448291148e-06
155.0,F2-L2,-6.746628969267476e-06
156.0,F2-L2,-6.791156806684739e-06
157.0,F2-L2,-6.835684530415165e-06
158.0,F2-L2,-6.878270994548075e-06
159.0,F2-L2,-6.922798775121919e-06
160.0,F2-L2,-6.965385011881153e-06
161.0,F2-L2,-7.009913133515511e-06
162.0,F2-L2,-7.053470085338631e-06
163.0,F2-L2,-7.097027207692008e-06
164.0,F2-L2,-7.142525817016576e-06
165.0,F2-L2,-7.187053881807515e-06
166.0,F2-L2,-7.228669517189701e-06
167.0,F2-L2,-7.273197468293802e-06
168.0,F2-L2,-7.317725703614997e-06
169.0,F2-L2,-7.361282484907861e-06
170.0,F2-L2,-7.404839436730981e-06
171.0,F2-L2,-7.447425844020472e-06
172.0,F2-L2,-7.491953795124573e-06
173.0,F2-L2,-7.536481746228674e-06
174.0,F2-L2,-7.579068039831327e-06
175.0,F2-L2,-7.623595934092009e-06
176.0,F2-L2,-7.667153226975643e-06
177.0,F2-L2,-7.711681178079743e-06
178.0,F2-L2,-7.755238243589702e-06
179.0,F2-L2,-7.798795081725984e-06
180.0,F2-L2,-7.84332331704718e-06
181.0,F2-L2,-7.88785126815128e-06
182.0,F2-L2,-7.929466846690048e-06
183.0,F2-L2,-7.973994627263892e-06
184.0,F2-L2,-8.017551579087012e-06
185.0,F2-L2,-8.063050358941837e-06
186.0,F2-L2,-8.105636766231328e-06
187.0,F2-L2,-8.149193547524192e-06
188.0,F2-L2,-8.193721669158549e-06
189.0,F2-L2,-8.237278905198764e-06
190.0,F2-L2,-8.280836027552141e-06
191.0,F2-L2,-8.325363978656242e-06
192.0,F2-L2,-8.367950272258895e-06
193.0,F2-L2,-8.41247799598932e-06
194.0,F2-L2,-8.45506446012223e-06
195.0,F2-L2,-8.499592240696074e-06
196.0,F2-L2,-8.544120362330432e-06
197.0,F2-L2,-8.58864842712137e-06
198.0,F2-L2,-8.630263550912787e-06
199.0,F2-L2,-8.675762501297868e-06
200.0,F2-L2,-8.719319453120988e-06
201.0,F2-L2,-8.76384734738167e-06
202.0,F2-L2,-8.807404697108723e-06
203.0,F2-L2,-8.849991047554795e-06
204.0,F2-L2,-8.894518998658896e-06
205.0,F2-L2,-8.938075950482016e-06
206.0,F2-L2,-8.98163324336565e-06
207.0,F2-L2,-9.026161023939494e-06
208.0,F2-L2,-9.069718146292871e-06
209.0,F2-L2,-9.11424621108381e-06
210.0,F2-L2,-9.156832504686463e-06
211.0,F2-L2,-9.20136062632082e-06
212.0,F2-L2,-9.245888179520989e-06
213.0,F2-L2,-9.289445472404623e-06
214.0,F2-L2,-9.332031709163857e-06
215.0,F2-L2,-9.375588831517234e-06
216.0,F2-L2,-9.420116953151592e-06
217.0,F2-L2,-9.464644733725436e-06
218.0,F2-L2,-9.507231141014927e-06
219.0,F2-L2,-9.55078797915121e-06
220.0,F2-L2,-9.595316043942148e-06
221.0,F2-L2,-9.639843824515992e-06
222.0,F2-L2,-9.683401060556207e-06
223.0,F2-L2,-9.726958182909584e-06
224.0,F2-L2,-9.770515305262961e-06
225.0,F2-L2,-9.814072711833433e-06
226.0,F2-L2,-9.857629663656553e-06
227.0,F2-L2,-9.902157614760654e-06
228.0,F2-L2,-9.945714850800869e-06
229.0,F2-L2,-9.990242688218132e-06
230.0,F2-L2,-1.0031858096226642e-05
231.0,F2-L2,-1.0077356989768305e-05
232.0,F2-L2,-1.0121884827185568e-05
233.0,F2-L2,-1.0165441779008688e-05
234.0,F2-L2,-1.0208999015048903e-05
235.0,F2-L2,-1.025255613740228e-05
236.0,F2-L2,-1.0296113259755657e-05
237.0,F2-L2,-1.0340641154016339e-05
238.0,F2-L2,-1.0384198446899973e-05
239.0,F2-L2,-1.0427755398723093e-05
240.0,F2-L2,-1.0471312350546214e-05
241.0,F2-L2,-1.0515840244806895e-05
242.0,F2-L2,-1.0558426708939805e-05
243.0,F2-L2,-1.0603925261420954e-05
244.0,F2-L2,-1.0647482383774332e-05
245.0,F2-L2,-1.0692010505408689e-05
246.0,F2-L2,-1.0733625970260618e-05
247.0,F2-L2,-1.0778153693991044e-05
248.0,F2-L2,-1.0822681815625401e-05
249.0,F2-L2,-1.0866239108509035e-05
250.0,F2-L2,-1.0909795719271642e-05
251.0,F2-L2,-1.0952382467621646e-05
252.0,F2-L2,-1.099691024819549e-05
253.0,F2-L2,-1.1042409369110828e-05
254.0,F2-L2,-1.1084995321652968e-05
255.0,F2-L2,-1.1129523443287326e-05
256.0,F2-L2,-1.117210968004656e-05
257.0,F2-L2,-1.1216637631150661e-05
258.0,F2-L2,-1.126019469666062e-05
259.0,F2-L2,-1.1303751819013996e-05
260.0,F2-L2,-1.1348279940648354e-05
261.0,F2-L2,-2.4266863931643456e-05
262.0,F2-L2,-0.00011751478774613133
263.0,F2-L2,-0.0003829261851251431
264.0,F2-L2,-0.0009255196840740609
265.0,F2-L2,-0.0018632808512961674
266.0,F2-L2,-0.0033267961244973776
267.0,F2-L2,-0.005458991120462997
268.0,F2-L2,-0.008414619654615763
269.0,F2-L2,-0.012359784912746363
270.0,F2-L2,-0.017471408034793967
271.0,F2-L2,-0.023936570679836677
272.0,F2-L2,-0.031951883077510956
273.0,F2-L2,-0.04172272901297447
274.0,F2-L2,-0.053462493344170525
275.0,F2-L2,-0.06739172702873475
276.0,F2-L2,-0.0837372750751797
277.0,F2-L2,-0.10273138842609342
278.0,F2-L2,-0.1246107413657569
279.0,F2-L2,-0.14961546754705068
280.0,F2-L2,-0.17798812441901646
281.0,F2-L2,-0.20997268396848767
282.0,F2-L2,-0.2458134426841525
283.0,F2-L2,-0.2857539807040439
284.0,F2-L2,-0.3300360372336968
285.0,F2-L2,-0.37889846618236334
286.0,F2-L2,-0.43257608428029926
287.0,F2-L2,-0.49129863333553203
288.0,F2-L2,-0.5552896577912065
289.0,F2-L2,-0.6247654547439652
290.0,F2-L2,-0.6999339860599321
291.0,F2-L2,-0.7809939007144067
292.0,F2-L2,-0.8681334619553809
293.0,F2-L2,-0.9615296133298443
294.0,F2-L2,-1.0613470242261656
295.0,F2-L2,-1.1677371918626136
296.0,F2-L2,-1.2808375356758006
297.0,F2-L2,-1.4007706641604045
298.0,F2-L2,-1.5276435340679768
299.0,F2-L2,-1.6615467971720363
300.0,F2-L2,-1.8025541035879655
301.0,F2-L2,-1.9488972943431122
302.0,F2-L2,-2.09748717869752
303.0,F2-L2,-2.2463444550571694
304.0,F2-L2,-2.393305488219312
305.0,F2-L2,-2.536050650597133
306.0,F2-L2,-2.6721383020951066
307.0,F2-L2,-2.7990439791992117
308.0,F2-L2,-2.914204305296664
309.0,F2-L2,-3.015064888565746
310.0,F2-L2,-3.0991313362218875
311.0,F2-L2,-3.1640223226317516
312.0,F2-L2,-3.20752374049016
313.0,F2-L2,-3.2276425537485807
314.0,F2-L2,-3.222659107790548
315.0,F2-L2,-3.191176607638454
316.0,F2-L2,-3.1449229890968695
317.0,F2-L2,-3.096806398409626
318.0,F2-L2,-3.046690679928531
319.0,F2-L2,-2.9944338947406095
320.0,F2-L2,-2.9398887319554206
321.0,F2-L2,-2.8829029988387447
322.0,F2-L2,-2.8233201055342647
323.0,F2-L2,-2.7609796311047603
324.0,F2-L2,-2.6957178670048734
325.0,F2-L2,-2.6273684193561735
326.0,F2-L2,-2.555762842229626
327.0,F2-L2,-2.480731267248359
328.0,F2-L2,-2.402103101472676
329.0,F2-L2,-2.319707622954411
330.0,F2-L2,-2.233374780316012
331.0,F2-L2,-2.1429358120911957
332.0,F2-L2,-2.0482239963272377
333.0,F2-L2,-1.9490753399823006
334.0,F2-L2,-1.8453292997346011
335.0,F2-L2,-1.7368294616462663
336.0,F2-L2,-1.623424279804226
337.0,F2-L2,-1.5049677525005904
338.0,F2-L2,-1.3813200808353372
339.0,F2-L2,-1.2523483384731549
340.0,F2-L2,-1.1179271114870062
341.0,F2-L2,-0.9779391504111459
342.0,F2-L2,-0.8322759044108352
343.0,F2-L2,-0.6808381675922988
344.0,F2-L2,-0.5235365729056412
345.0,F2-L2,-0.36029214209037264
346.0,F2-L2,-0.19103674103473622
347.0,F2-L2,-0.01571353586064106
348.0,F2-L2,0.16572256504804272
349.0,F2-L2,0.35330457104657853
350.0,F2-L2,0.5470530241420306
351.0,F2-L2,0.7469757179825933
352.0,F2-L2,0.9530674353476911
353.0,F2-L2,1.1653096994908765
354.0,F2-L2,1.3836706309670035
355.0,F2-L2,1.6081047479106019
356.0,F2-L2,1.8385529104088505
357.0,F2-L2,2.074942246758667
358.0,F2-L2,2.3171861232231663
359.0,F2-L2,2.5651841891674962
360.0,F2-L2,2.818822418359332
361.0,F2-L2,3.077973236455989
362.0,F2-L2,3.342495661337807
363.0,F2-L2,3.612235491327908
364.0,F2-L2,3.8870255495081665
365.0,F2-L2,4.16668594111286
366.0,F2-L2,4.451024391177953
367.0,F2-L2,4.739836541679779
368.0,F2-L2,5.032906399696344
369.0,F2-L2,5.33000673409623
370.0,F2-L2,5.630899548451168
371.0,F2-L2,5.935336549528927
372.0,F2-L2,6.243059736487396
373.0,F2-L2,6.553801906284889
374.0,F2-L2,6.867287303786156
375.0,F2-L2,7.183232189781165
376.0,F2-L2,7.501345522390864
377.0,F2-L2,7.8213296607623874
378.0,F2-L2,8.142881060489913
379.0,F2-L2,8.465690943183517
380.0,F2-L2,8.789446134635796
381.0,F2-L2,9.113829761374745
382.0,F2-L2,9.438522088354318
383.0,F2-L2,9.763201266578278
384.0,F2-L2,10.087544167922658
385.0,F2-L2,10.411227186612734
386.0,F2-L2,10.733927093651744
387.0,F2-L2,11.05532181676341
388.0,F2-L2,11.375091307337868
389.0,F2-L2,11.692918330805753
390.0,F2-L2,12.008489317685815
391.0,F2-L2,12.32149514361737
392.0,F2-L2,12.631631938196676
393.0,F2-L2,12.938601878727866
394.0,F2-L2,13.242113953365447
395.0,F2-L2,13.54188469865477
396.0,F2-L2,13.83763894114071
397.0,F2-L2,14.129110474202378
398.0,F2-L2,14.416042752735848
399.0,F2-L2,14.698189502092077
400.0,F2-L2,14.975315353926305
401.0,F2-L2,15.251471139420403
402.0,F2-L2,15.528890213354373
403.0,F2-L2,15.804370363692101
404.0,F2-L2,16.07480750261726
405.0,F2-L2,16.337244720030185
406.0,F2-L2,16.588918012846932
407.0,F2-L2,16.82729794677499
408.0,F2-L2,17.050126360083823
409.0,F2-L2,17.255447475092353
410.0,F2-L2,17.4416327500831
411.0,F2-L2,17.6073993106138
412.0,F2-L2,17.751821331048063
413.0,F2-L2,17.874334661476496
414.0,F2-L2,17.974734328585214
415.0,F2-L2,18.05316535994143
416.0,F2-L2,18.119118120743565
417.0,F2-L2,18.182138444115367
418.0,F2-L2,18.242160959181717
419.0,F2-L2,18.299136776998694
420.0,F2-L2,18.353033159140352
421.0,F2-L2,18.40383321611489
422.0,F2-L2,18.45153545278714
423.0,F2-L2,18.49615332154724
424.0,F2-L2,18.537714654709532
425.0,F2-L2,18.57626105368928
426.0,F2-L2,18.611847202864112
427.0,F2-L2,18.64454014405277
428.0,F2-L2,18.674418512451325
429.0,F2-L2,18.701571658730245
430.0,F2-L2,18.72609881247496
431.0,F2-L2,18.748108137098768
432.0,F2-L2,18.767715786077815
433.0,F2-L2,18.785044904346762
434.0,F2-L2,18.800224619002393
435.0,F2-L2,18.813389010372475
436.0,F2-L2,18.82467603648712
437.0,F2-L2,18.834226508487973
438.0,F2-L2,18.842182993587926
439.0,F2-L2,18.84868872114697
440.0,F2-L2,18.853886566216318
441.0,F2-L2,18.857917947730357
442.0,F2-L2,18.860921805130545
443.0,F2-L2,18.86303355618037
444.0,F2-L2,18.86438411834706
445.0,F2-L2,18.865098894231323
446.0,F2-L2,18.865296847274635
447.0,F2-L2,18.865089597210158
448.0,F2-L2,18.86458057128391
449.0,F2-L2,18.863864148875052
450.0,F2-L2,18.863024906690725
451.0,F2-L2,18.862136912113385
452.0,F2-L2,18.861263029103668
453.0,F2-L2,18.860454351285853
454.0,F2-L2,18.85974961838582
455.0,F2-L2,18.859174773484938
456.0,F2-L2,18.85874253501163
457.0,F2-L2,18.858452040188013
458.0,F2-L2,18.858288586993808
459.0,F2-L2,18.85822342387621
460.0,F2-L2,18.858213605325147
461.0,F2-L2,18.85821359344817
462.0,F2-L2,18.858213581570908
463.0,F2-L2,18.85821357072183
464.0,F2-L2,18.85821355781661
465.0,F2-L2,18.858213546967875
466.0,F2-L2,18.858213535090954
467.0,F2-L2,18.85821352115778
468.0,F2-L2,18.858213511337
469.0,F2-L2,18.85821349945968
470.0,F2-L2,18.858213487582702
471.0,F2-L2,18.858213475706464
472.0,F2-L2,18.858213462801587
473.0,F2-L2,18.858213452980124
474.0,F2-L2,18.858213441103146
475.0,F2-L2,18.85821342819861
476.0,F2-L2,18.858213417349532
477.0,F2-L2,18.85821340650051
478.0,F2-L2,18.858213394623192
479.0,F2-L2,18.858213382745873
480.0,F2-L2,18.858213369840996
481.0,F2-L2,18.858213358991975
482.0,F2-L2,18.858213348142897
483.0,F2-L2,18.858213334209722
484.0,F2-L2,18.85821332438894
485.0,F2-L2,18.858213311483723
486.0,F2-L2,18.858213300635043
487.0,F2-L2,18.858213288758407
488.0,F2-L2,18.85821327585319
489.0,F2-L2,18.85821326500377
490.0,F2-L2,18.85821325312719
491.0,F2-L2,18.858213240222256
492.0,F2-L2,18.858213229373575
493.0,F2-L2,18.858213218524156
494.0,F2-L2,18.858213206646496
495.0,F2-L2,18.858213194769917
496.0,F2-L2,18.858213181864983
497.0,F2-L2,18.858213171016303
498.0,F2-L2,18.85821316016728
499.0,F2-L2,18.858213147262006
500.0,F2-L2,18.858213136413326
501.0,F2-L2,18.85821312453635
502.0,F2-L2,18.858213112659428
503.0,F2-L2,18.85821310078245
504.0,F2-L2,18.858213087877175
505.0,F2-L2,18.858213077027756
506.0,F2-L2,18.858213065151176
507.0,F2-L2,18.85821305224664
508.0,F2-L2,18.85821304242552
509.0,F2-L2,18.858213030548256
510.0,F2-L2,18.85821301867054
511.0,F2-L2,18.858213006793562
512.0,F2-L2,18.858212993889083
513.0,F2-L2,18.858212984068246
514.0,F2-L2,18.858212972191268
515.0,F2-L2,18.85821295928571
516.0,F2-L2,18.85821294843703
517.0,F2-L2,18.85821293758795
518.0,F2-L2,18.85821292571137
519.0,F2-L2,18.858212913833995
520.0,F2-L2,18.85821289990122
521.0,F2-L2,18.858212890080097
522.0,F2-L2,18.8582128782038
523.0,F2-L2,18.858212865298924
524.0,F2-L2,18.85821285444922
525.0,F2-L2,18.858212842572243
526.0,F2-L2,18.858212830694924
527.0,F2-L2,18.858212819846244
528.0,F2-L2,18.85821280694131
529.0,F2-L2,18.858212796091948
530.0,F2-L2,18.85821278421497
531.0,F2-L2,18.858212771310093
532.0,F2-L2,18.858212761489256
533.0,F2-L2,18.858212749612676
534.0,F2-L2,18.858212737735357
535.0,F2-L2,18.858212725858778
536.0,F2-L2,18.858212712953502
537.0,F2-L2,18.858212703132722
538.0,F2-L2,18.858212690227845
539.0,F2-L2,18.858212677322626
540.0,F2-L2,18.858212666473207
541.0,F2-L2,18.858212655623788
542.0,F2-L2,18.85821264374681
543.0,F2-L2,18.85821263187023
544.0,F2-L2,18.858212618965695
545.0,F2-L2,18.858212608115934
546.0,F2-L2,18.858212596239014
547.0,F2-L2,18.858212584362377
548.0,F2-L2,18.858212573513356
549.0,F2-L2,18.85821256163672
550.0,F2-L2,18.85821254975974
551.0,F2-L2,18.858212537882423
552.0,F2-L2,18.858212526005104
553.0,F2-L2,18.858212515156765
554.0,F2-L2,18.858212503279844
555.0,F2-L2,18.85821248934667
556.0,F2-L2,18.85821247952515
557.0,F2-L2,18.858212467648173
558.0,F2-L2,18.858212456799492
559.0,F2-L2,18.858212443894615
560.0,F2-L2,18.85821243098968
561.0,F2-L2,18.85821242014032
562.0,F2-L2,18.85821240929164
563.0,F2-L2,18.858212396386705
564.0,F2-L2,18.858212385537342
565.0,F2-L2,18.858212373660706
566.0,F2-L2,18.858212361783785
567.0,F2-L2,18.858212350934025
568.0,F2-L2,18.858212338029148
569.0,F2-L2,18.85821232718041
570.0,F2-L2,18.858212315303433
571.0,F2-L2,18.858212302398556
572.0,F2-L2,18.858212292577434
573.0,F2-L2,18.858212280700513
574.0,F2-L2,18.858212268823138
575.0,F2-L2,18.85821225591826
576.0,F2-L2,18.858212243013384
577.0,F2-L2,18.858212233192262
578.0,F2-L2,18.85821222131534
579.0,F2-L2,18.858212208410748
580.0,F2-L2,18.858212197561386
581.0,F2-L2,18.858212186711967
582.0,F2-L2,18.85821217483533
583.0,F2-L2,18.85821216295875
584.0,F2-L2,18.85821215005319
585.0,F2-L2,18.858212139204454
586.0,F2-L2,18.858212128355774
587.0,F2-L2,18.8582121154505
588.0,F2-L2,18.85821210460182
589.0,F2-L2,18.85821209272416
590.0,F2-L2,18.85821208084684
591.0,F2-L2,18.8582120699985
592.0,F2-L2,18.858212056065724
593.0,F2-L2,18.858212046244205
594.0,F2-L2,18.858212033339726
595.0,F2-L2,18.85821202043479
596.0,F2-L2,18.85821201061401
597.0,F2-L2,18.85821199873635
598.0,F2-L2,18.85821198685943
599.0,F2-L2,18.858211974982453
600.0,F2-L2,18.858211962077178
1.0,F2-L3,0.0
2.0,F2-L3,4.7478579290327616e-08
3.0,F2-L3,9.495727226749295e-08
4.0,F2-L3,1.4112021062828717e-07
5.0,F2-L3,1.8728280792856822e-07
6.0,F2-L3,2.334456326025247e-07
7.0,F2-L3,2.8224008019606117e-07
8.0,F2-L3,3.257711114201811e-07
9.0,F2-L3,3.7193399293755647e-07
10.0,F2-L3,4.194125722278841e-07
11.0,F2-L3,4.668912652050494e-07
12.0,F2-L3,5.130540330355871e-07
13.0,F2-L3,5.592168008661247e-07
14.0,F2-L3,6.0669549384329e-07
15.0,F2-L3,6.541740731336176e-07
16.0,F2-L3,7.003368409641553e-07
17.0,F2-L3,7.46499551951274e-07
18.0,F2-L3,7.939782449284394e-07
19.0,F2-L3,8.414569947490236e-07
20.0,F2-L3,8.863039511197712e-07
21.0,F2-L3,9.3246666210689e-07
22.0,F2-L3,9.799452982406365e-07
23.0,F2-L3,1.027423934374383e-06
24.0,F2-L3,1.0735867590483394e-06
25.0,F2-L3,1.119749526878877e-06
26.0,F2-L3,1.1672281061692047e-06
27.0,F2-L3,1.2147067423029512e-06
28.0,F2-L3,1.2608695101334888e-06
29.0,F2-L3,1.3057165233476553e-06
30.0,F2-L3,1.3531951594814018e-06
31.0,F2-L3,1.4006737956151483e-06
32.0,F2-L3,1.4468366202891048e-06
33.0,F2-L3,1.4916834629730147e-06
34.0,F2-L3,1.5391620422633423e-06
35.0,F2-L3,1.5879567172305542e-06
36.0,F2-L3,1.6328035599144641e-06
37.0,F2-L3,1.678966270901583e-06
38.0,F2-L3,1.7264449638787482e-06
39.0,F2-L3,1.7739235431690759e-06
40.0,F2-L3,1.8200864246864512e-06
41.0,F2-L3,1.8649333810571989e-06
42.0,F2-L3,1.9137278286507353e-06
43.0,F2-L3,1.959890596481273e-06
44.0,F2-L3,2.006053250624973e-06
45.0,F2-L3,2.052216188985767e-06
46.0,F2-L3,2.099694654589257e-06
47.0,F2-L3,2.147173518096679e-06
48.0,F2-L3,2.1933362290837977e-06
49.0,F2-L3,2.2394988263840787e-06
50.0,F2-L3,2.286977576204663e-06
51.0,F2-L3,2.334456326025247e-06
52.0,F2-L3,2.379303225552576e-06
53.0,F2-L3,2.4254659365396947e-06
54.0,F2-L3,2.472944572673441e-06
55.0,F2-L3,2.520423379337444e-06
56.0,F2-L3,2.566586033481144e-06
57.0,F2-L3,2.6127488581551006e-06
58.0,F2-L3,2.6589114554553817e-06
59.0,F2-L3,2.7077061872660124e-06
60.0,F2-L3,2.7525530299499223e-06
61.0,F2-L3,2.798715854623879e-06
62.0,F2-L3,2.8461943770707876e-06
63.0,F2-L3,2.8936731837347907e-06
64.0,F2-L3,2.938519855888444e-06
65.0,F2-L3,2.9846827374058194e-06
66.0,F2-L3,3.0321614872264036e-06
67.0,F2-L3,3.079640066516731e-06
68.0,F2-L3,3.12580277750385e-06
69.0,F2-L3,3.1719656590212253e-06
70.0,F2-L3,3.2194442951549718e-06
71.0,F2-L3,3.266922988132137e-06
72.0,F2-L3,3.313085699119256e-06
73.0,F2-L3,3.3592485237932124e-06
74.0,F2-L3,3.406727046240121e-06
75.0,F2-L3,3.4528899277574965e-06
76.0,F2-L3,3.499052695588034e-06
77.0,F2-L3,3.545215349731734e-06
78.0,F2-L3,3.5926940995523182e-06
79.0,F2-L3,3.640172565155808e-06
80.0,F2-L3,3.686335674046859e-06
81.0,F2-L3,3.732498328190559e-06
82.0,F2-L3,3.7786610960210965e-06
83.0,F2-L3,3.827455543614633e-06
84.0,F2-L3,3.8736183114451705e-06
85.0,F2-L3,3.917149456356128e-06
86.0,F2-L3,3.965944017636502e-06
87.0,F2-L3,4.012106501249946e-06
88.0,F2-L3,4.058269666984415e-06
89.0,F2-L3,4.10443260534521e-06
90.0,F2-L3,4.151910900418443e-06
91.0,F2-L3,4.199389763925865e-06
92.0,F2-L3,4.245552247539308e-06
93.0,F2-L3,4.291715185900102e-06
94.0,F2-L3,4.33919376519043e-06
95.0,F2-L3,4.3866724013241765e-06
96.0,F2-L3,4.432835225998133e-06
97.0,F2-L3,4.477681898151786e-06
98.0,F2-L3,4.525160818502627e-06
99.0,F2-L3,4.5726394546363736e-06
100.0,F2-L3,4.618802051936655e-06
101.0,F2-L3,4.6649651039842865e-06
102.0,F2-L3,4.712443626431195e-06
103.0,F2-L3,4.759922319408361e-06
104.0,F2-L3,4.806084859865223e-06
105.0,F2-L3,4.8522476276957605e-06
106.0,F2-L3,4.899726377516345e-06
107.0,F2-L3,4.947205013650091e-06
108.0,F2-L3,4.992051970020839e-06
109.0,F2-L3,5.0368989263915864e-06
110.0,F2-L3,5.084377619368752e-06
111.0,F2-L3,5.133172123805707e-06
112.0,F2-L3,5.1780191938632925e-06
113.0,F2-L3,5.224181734320155e-06
114.0,F2-L3,5.271660540984158e-06
115.0,F2-L3,5.3191390634310665e-06
116.0,F2-L3,5.365301774418185e-06
117.0,F2-L3,5.411464485405304e-06
118.0,F2-L3,5.458943462599564e-06
119.0,F2-L3,5.506421814516216e-06
120.0,F2-L3,5.5512687708869635e-06
121.0,F2-L3,5.59743159556092e-06
122.0,F2-L3,5.644910118007829e-06
123.0,F2-L3,5.692388754141575e-06
124.0,F2-L3,5.738551806189207e-06
125.0,F2-L3,5.7847142898026505e-06
126.0,F2-L3,5.832193153310072e-06
127.0,F2-L3,5.8796717326004e-06
128.0,F2-L3,5.925834614117775e-06
129.0,F2-L3,5.971997438791732e-06
130.0,F2-L3,6.019475961238641e-06
131.0,F2-L3,6.065638785912597e-06
132.0,F2-L3,6.111801496899716e-06
133.0,F2-L3,6.157964321573672e-06
134.0,F2-L3,6.204127032560791e-06
135.0,F2-L3,6.2529215369977464e-06
136.0,F2-L3,6.297768493368494e-06
137.0,F2-L3,6.343931090668775e-06
138.0,F2-L3,6.391409840489359e-06
139.0,F2-L3,6.438888817683619e-06
140.0,F2-L3,6.485051301297062e-06
141.0,F2-L3,6.52989825766781e-06
142.0,F2-L3,6.5786926484179276e-06
143.0,F2-L3,6.624855359405046e-06
144.0,F2-L3,6.671018411452678e-06
145.0,F2-L3,6.717180895066122e-06
146.0,F2-L3,6.764659644886706e-06
147.0,F2-L3,6.812138451550709e-06
148.0,F2-L3,6.858300992007571e-06
149.0,F2-L3,6.904464157742041e-06
150.0,F2-L3,6.951942907562625e-06
151.0,F2-L3,6.999421259479277e-06
152.0,F2-L3,7.0455840841532336e-06
153.0,F2-L3,7.090430642620049e-06
154.0,F2-L3,7.13790956297089e-06
155.0,F2-L3,7.185388142261218e-06
156.0,F2-L3,7.2315507964049175e-06
157.0,F2-L3,7.2777137916091306e-06
158.0,F2-L3,7.325192370899458e-06
159.0,F2-L3,7.372671120720042e-06
160.0,F2-L3,7.418834172767674e-06
161.0,F2-L3,7.463680674391071e-06
162.0,F2-L3,7.511159594741912e-06
163.0,F2-L3,7.559953871805192e-06
164.0,F2-L3,7.603485187246406e-06
165.0,F2-L3,7.649647784546687e-06
166.0,F2-L3,7.697126648054109e-06
167.0,F2-L3,7.744605341031274e-06
168.0,F2-L3,7.790767483584204e-06
169.0,F2-L3,7.83693081984893e-06
170.0,F2-L3,7.88440928545242e-06
171.0,F2-L3,7.931888035273005e-06
172.0,F2-L3,7.978050746260124e-06
173.0,F2-L3,8.024213343560405e-06
174.0,F2-L3,8.071692207067827e-06
175.0,F2-L3,8.119170843201573e-06
176.0,F2-L3,8.16401734482497e-06
177.0,F2-L3,8.210180340029183e-06
178.0,F2-L3,8.25765897616293e-06
179.0,F2-L3,8.305137953357189e-06
180.0,F2-L3,8.351300436970632e-06
181.0,F2-L3,8.397463489018264e-06
182.0,F2-L3,8.444941556717822e-06
183.0,F2-L3,8.492420761285757e-06
184.0,F2-L3,8.538583358586038e-06
185.0,F2-L3,8.583430428643624e-06
186.0,F2-L3,8.630909007933951e-06
187.0,F2-L3,8.678387757754535e-06
188.0,F2-L3,8.723234600438445e-06
189.0,F2-L3,8.769397084051889e-06
190.0,F2-L3,8.816876061246148e-06
191.0,F2-L3,8.8643544131628e-06
192.0,F2-L3,8.9105170673065e-06
193.0,F2-L3,8.95668023304097e-06
194.0,F2-L3,9.004158812331298e-06
195.0,F2-L3,9.051637562151882e-06
196.0,F2-L3,9.097800500512676e-06
197.0,F2-L3,9.14264711582291e-06
198.0,F2-L3,9.191441506573028e-06
199.0,F2-L3,9.237604672307498e-06
200.0,F2-L3,9.283767326451198e-06
201.0,F2-L3,9.329930264811992e-06
202.0,F2-L3,9.37740884410232e-06
203.0,F2-L3,9.424887139175553e-06
204.0,F2-L3,9.471049850162672e-06
205.0,F2-L3,9.517212731680047e-06
206.0,F2-L3,9.564691310970375e-06
207.0,F2-L3,9.612170060790959e-06
208.0,F2-L3,9.657016960318288e-06
209.0,F2-L3,9.703179841835663e-06
210.0,F2-L3,9.749342325449106e-06
211.0,F2-L3,9.7981369435729e-06
212.0,F2-L3,9.844299881933694e-06
213.0,F2-L3,9.889146724617603e-06
214.0,F2-L3,9.936625247064512e-06
215.0,F2-L3,9.984104224258772e-06
216.0,F2-L3,1.003026699208931e-05
217.0,F2-L3,1.007642964623301e-05
218.0,F2-L3,1.0123908225523337e-05
219.0,F2-L3,1.0171386975343921e-05
220.0,F2-L3,1.0216234045401507e-05
221.0,F2-L3,1.0262396926918882e-05
222.0,F2-L3,1.0309875278835534e-05
223.0,F2-L3,1.0357353858125862e-05
224.0,F2-L3,1.0403516739643237e-05
225.0,F2-L3,1.0449679450630356e-05
226.0,F2-L3,1.0497158029920683e-05
227.0,F2-L3,1.0544636552367592e-05
228.0,F2-L3,1.0590799263354711e-05
229.0,F2-L3,1.0636962372245762e-05
230.0,F2-L3,1.068444095153609e-05
231.0,F2-L3,1.0730603662523208e-05
232.0,F2-L3,1.0776766771414259e-05
233.0,F2-L3,1.0822929255027702e-05
234.0,F2-L3,1.0870408004848287e-05
235.0,F2-L3,1.0917886584138614e-05
236.0,F2-L3,1.0964049295125733e-05
237.0,F2-L3,1.1008896080966224e-05
238.0,F2-L3,1.1056374887630227e-05
239.0,F2-L3,1.1105169562597439e-05
240.0,F2-L3,1.1150016121064255e-05
241.0,F2-L3,1.1194863418495515e-05
242.0,F2-L3,1.1243657638715376e-05
243.0,F2-L3,1.1289820520232752e-05
244.0,F2-L3,1.1335983458593546e-05
245.0,F2-L3,1.1382146169580665e-05
246.0,F2-L3,1.1429624919401249e-05
247.0,F2-L3,1.1477103669221833e-05
248.0,F2-L3,1.1523265925461601e-05
249.0,F2-L3,1.1569428409075044e-05
250.0,F2-L3,1.161690806839033e-05
251.0,F2-L3,1.1664386420306982e-05
252.0,F2-L3,1.1710549131294101e-05
253.0,F2-L3,1.1755395746604336e-05
254.0,F2-L3,1.1802874723798595e-05
255.0,F2-L3,1.1850352848341572e-05
256.0,F2-L3,1.1896515957232623e-05
257.0,F2-L3,1.1942678895593417e-05
258.0,F2-L3,1.199015724751007e-05
259.0,F2-L3,1.2037636224704329e-05
260.0,F2-L3,1.2083798708317772e-05
261.0,F2-L3,1.5316880649152154e-05
262.0,F2-L3,3.103291101069772e-05
263.0,F2-L3,5.481247706029535e-05
264.0,F2-L3,6.409636159787624e-05
265.0,F2-L3,1.8390997524875274e-05
266.0,F2-L3,-0.0001403992889095207
267.0,F2-L3,-0.0004877314038935765
268.0,F2-L3,-0.0011158834174125332
269.0,F2-L3,-0.0021334588082595474
270.0,F2-L3,-0.0036647716713673617
271.0,F2-L3,-0.005849136964741319
272.0,F2-L3,-0.008840151269737362
273.0,F2-L3,-0.012804790625636997
274.0,F2-L3,-0.017922554571384808
275.0,F2-L3,-0.024384436966215617
276.0,F2-L3,-0.032391912695402425
277.0,F2-L3,-0.04215586101321378
278.0,F2-L3,-0.05389538121988835
279.0,F2-L3,-0.06783661331644453
280.0,F2-L3,-0.08421147857433198
281.0,F2-L3,-0.10325641563093768
282.0,F2-L3,-0.1252110498206207
283.0,F2-L3,-0.1503168905008465
284.0,F2-L3,-0.1788158904180932
285.0,F2-L3,-0.21094917811501546
286.0,F2-L3,-0.24695554962551114
287.0,F2-L3,-0.28707017179038985
288.0,F2-L3,-0.3315231468151296
289.0,F2-L3,-0.38053812191145653
290.0,F2-L3,-0.43433092538509754
291.0,F2-L3,-0.4931082481320459
292.0,F2-L3,-0.5570662703482867
293.0,F2-L3,-0.6263893894974899
294.0,F2-L3,-0.7012489664673467
295.0,F2-L3,-0.7818021269035285
296.0,F2-L3,-0.868190535162455
297.0,F2-L3,-0.9605393588121842
298.0,F2-L3,-1.0589561513527315
299.0,F2-L3,-1.1635299043898613
300.0,F2-L3,-1.2743300817826935
301.0,F2-L3,-1.3841451569916785
302.0,F2-L3,-1.483788673094466
303.0,F2-L3,-1.5707436426939125
304.0,F2-L3,-1.6424931663111124
305.0,F2-L3,-1.6965714139913644
306.0,F2-L3,-1.730617532059341
307.0,F2-L3,-1.7424309919759366
308.0,F2-L3,-1.7300273616829145
309.0,F2-L3,-1.691693289700254
310.0,F2-L3,-1.6260390700032303
311.0,F2-L3,-1.5320474616297588
312.0,F2-L3,-1.4091175949254762
313.0,F2-L3,-1.257102337966728
314.0,F2-L3,-1.0763381162566361
315.0,F2-L3,-0.8676659681050296
316.0,F2-L3,-0.642398609880729
317.0,F2-L3,-0.41149324434206846
318.0,F2-L3,-0.17502272662494534
319.0,F2-L3,0.0669335593948972
320.0,F2-L3,0.31428986126599057
321.0,F2-L3,0.5669541608179429
322.0,F2-L3,0.8248283636510791
323.0,F2-L3,1.0878084469337068
324.0,F2-L3,1.355784617519305
325.0,F2-L3,1.6286414956718431
326.0,F2-L3,1.90625828094403
327.0,F2-L3,2.1885089420323993
328.0,F2-L3,2.4752623775783036
329.0,F2-L3,2.7663827071530136
330.0,F2-L3,3.061729358478601
331.0,F2-L3,3.3611573437937636
332.0,F2-L3,3.664517455831117
333.0,F2-L3,3.9716564936176155
334.0,F2-L3,4.282417485906365
335.0,F2-L3,4.596639924265276
336.0,F2-L3,4.914159995841317
337.0,F2-L3,5.234810799643583
338.0,F2-L3,5.558422648317617
339.0,F2-L3,5.884823262045245
340.0,F2-L3,6.213838067883614
341.0,F2-L3,6.5452903757974354
342.0,F2-L3,6.87900174307299
343.0,F2-L3,7.214792119936533
344.0,F2-L3,7.552480178686778
345.0,F2-L3,7.891883536108139
346.0,F2-L3,8.232819026376774
347.0,F2-L3,8.575102944431535
348.0,F2-L3,8.9185513005811
349.0,F2-L3,9.262980074936479
350.0,F2-L3,9.608205435716798
351.0,F2-L3,9.954044001393072
352.0,F2-L3,10.300313071553944
353.0,F2-L3,10.646830820703542
354.0,F2-L3,10.993416598579984
355.0,F2-L3,11.339891044988576
356.0,F2-L3,11.686076346843038
357.0,F2-L3,12.031796446776184
358.0,F2-L3,12.376877197870328
359.0,F2-L3,12.72114656893433
360.0,F2-L3,13.064434786524032
361.0,F2-L3,13.406574531110152
362.0,F2-L3,13.747401041428134
363.0,F2-L3,14.086752302428067
364.0,F2-L3,14.424469144329862
365.0,F2-L3,14.760395378931548
366.0,F2-L3,15.094377919487613
367.0,F2-L3,15.426266862586317
368.0,F2-L3,15.755915601617971
369.0,F2-L3,16.083180909660143
370.0,F2-L3,16.40792302155785
371.0,F2-L3,16.73000569431997
372.0,F2-L3,17.049296294988608
373.0,F2-L3,17.365665825087376
374.0,F2-L3,17.678989017072126
375.0,F2-L3,17.989144341726444
376.0,F2-L3,18.29601405656564
377.0,F2-L3,18.599484283303923
378.0,F2-L3,18.899445017364485
379.0,F2-L3,19.19579012022774
380.0,F2-L3,19.488417419812833
381.0,F2-L3,19.777228679811458
382.0,F2-L3,20.062129662855966
383.0,F2-L3,20.343030128538146
384.0,F2-L3,20.619843854156557
385.0,F2-L3,20.8924886537078
386.0,F2-L3,21.16088642334381
387.0,F2-L3,21.424963109509747
388.0,F2-L3,21.684648763245207
389.0,F2-L3,21.93987753310347
390.0,F2-L3,22.19058768555186
391.0,F2-L3,22.43672161770985
392.0,F2-L3,22.67822586343499
393.0,F2-L3,22.915051092496753
394.0,F2-L3,23.147152127894742
395.0,F2-L3,23.374487938553045
396.0,F2-L3,23.59702166136367
397.0,F2-L3,23.81472055858427
398.0,F2-L3,24.027556049038196
399.0,F2-L3,24.235503666934562
400.0,F2-L3,24.438543066921284
401.0,F2-L3,24.650147695925227
402.0,F2-L3,24.88224225715578
403.0,F2-L3,25.131471926762742
404.0,F2-L3,25.394317749164372
405.0,F2-L3,25.667156812860753
406.0,F2-L3,25.946323821293674
407.0,F2-L3,26.228172748327893
408.0,F2-L3,26.509137206143976
409.0,F2-L3,26.78578842205343
410.0,F2-L3,27.054889405621623
411.0,F2-L3,27.313444522483053
412.0,F2-L3,27.558743223411852
413.0,F2-L3,27.788397421054754
414.0,F2-L3,28.00037159601885
415.0,F2-L3,28.19300536458394
416.0,F2-L3,28.371651778468618
417.0,F2-L3,28.542802436145962
418.0,F2-L3,28.706417726242137
419.0,F2-L3,28.862482423544407
420.0,F2-L3,29.011005128873308
421.0,F2-L3,29.152017714645524
422.0,F2-L3,29.28557458636243
423.0,F2-L3,29.41175197097573
424.0,F2-L3,29.53064705250381
425.0,F2-L3,29.6423770635069
426.0,F2-L3,29.74707829130398
427.0,F2-L3,29.844905022239175
428.0,F2-L3,29.936028470592362
429.0,F2-L3,30.02063555812788
430.0,F2-L3,30.09892775168504
431.0,F2-L3,30.17111976991231
432.0,F2-L3,30.237438305525018
433.0,F2-L3,30.298120673992287
434.0,F2-L3,30.35341346240756
435.0,F2-L3,30.403571153820053
436.0,F2-L3,30.448854696340334
437.0,F2-L3,30.48953015412235
438.0,F2-L3,30.525867244525784
439.0,F2-L3,30.558137907956564
440.0,F2-L3,30.58661496172016
441.0,F2-L3,30.61157065354064
442.0,F2-L3,30.633275321577344
443.0,F2-L3,30.651996012989684
444.0,F2-L3,30.66799519801458
445.0,F2-L3,30.681529446837487
446.0,F2-L3,30.692848191606345
447.0,F2-L3,30.702192543737908
448.0,F2-L3,30.70979413981678
449.0,F2-L3,30.715874026344977
450.0,F2-L3,30.720641642573128
451.0,F2-L3,30.72429383786067
452.0,F2-L3,30.727013952355662
453.0,F2-L3,30.728971023379017
454.0,F2-L3,30.730318965436823
455.0,F2-L3,30.731195942681552
456.0,F2-L3,30.73172373293221
457.0,F2-L3,30.732007209483413
458.0,F2-L3,30.73213390960467
459.0,F2-L3,30.73217368562422
460.0,F2-L3,30.732178416180375
461.0,F2-L3,30.732178403271064
462.0,F2-L3,30.73217838772962
463.0,F2-L3,30.732178374820364
464.0,F2-L3,30.7321783592796
465.0,F2-L3,30.732178346370517
466.0,F2-L3,30.732178333461718
467.0,F2-L3,30.7321783179205
468.0,F2-L3,30.732178306327683
469.0,F2-L3,30.732178292102617
470.0,F2-L3,30.7321782765614
471.0,F2-L3,30.73217826365277
472.0,F2-L3,30.732178248112007
473.0,F2-L3,30.73217823520207
474.0,F2-L3,30.732178220977914
475.0,F2-L3,30.732178208068433
476.0,F2-L3,30.732178193843424
477.0,F2-L3,30.732178180934625
478.0,F2-L3,30.732178166708877
479.0,F2-L3,30.732178152484323
480.0,F2-L3,30.73217813694356
481.0,F2-L3,30.73217812403408
482.0,F2-L3,30.73217811244075
483.0,F2-L3,30.732178096899986
484.0,F2-L3,30.732178083990732
485.0,F2-L3,30.732178069765894
486.0,F2-L3,30.732178054225074
487.0,F2-L3,30.732178041316274
488.0,F2-L3,30.73217802709081
489.0,F2-L3,30.732178012865575
490.0,F2-L3,30.73217799864142
491.0,F2-L3,30.73217798573171
492.0,F2-L3,30.73217797150693
493.0,F2-L3,30.732177958597447
494.0,F2-L3,30.732177944372154
495.0,F2-L3,30.732177930147373
496.0,F2-L3,30.73217791460678
497.0,F2-L3,30.732177900382
498.0,F2-L3,30.73217789010448
499.0,F2-L3,30.732177874563433
500.0,F2-L3,30.732177861653952
501.0,F2-L3,30.732177847429625
502.0,F2-L3,30.732177831888123
503.0,F2-L3,30.73217781897864
504.0,F2-L3,30.73217780475477
505.0,F2-L3,30.73217779052908
506.0,F2-L3,30.732177776303843
507.0,F2-L3,30.732177763395214
508.0,F2-L3,30.732177750486187
509.0,F2-L3,30.732177736260894
510.0,F2-L3,30.732177722035658
511.0,F2-L3,30.732177707810877
512.0,F2-L3,30.73217769226983
513.0,F2-L3,30.732177679360802
514.0,F2-L3,30.73217766776753
515.0,F2-L3,30.732177652226994
516.0,F2-L3,30.732177638001247
517.0,F2-L3,30.73217762640843
518.0,F2-L3,30.732177610867893
519.0,F2-L3,30.7321775966426
520.0,F2-L3,30.73217758241782
521.0,F2-L3,30.732177568192583
522.0,F2-L3,30.732177555283954
523.0,F2-L3,30.732177542374927
524.0,F2-L3,30.732177528149634
525.0,F2-L3,30.7321775139244
526.0,F2-L3,30.732177498382953
527.0,F2-L3,30.732177486790135
528.0,F2-L3,30.732177471249997
529.0,F2-L3,30.732177457024306
530.0,F2-L3,30.73217744543058
531.0,F2-L3,30.73217742989044
532.0,F2-L3,30.73217741698096
533.0,F2-L3,30.732177404071933
534.0,F2-L3,30.73217738853134
535.0,F2-L3,30.732177374306104
536.0,F2-L3,30.73217735876551
537.0,F2-L3,30.73217734717224
538.0,F2-L3,30.732177332947458
539.0,F2-L3,30.732177320038886
540.0,F2-L3,30.732177305813195
541.0,F2-L3,30.73217729290326
542.0,F2-L3,30.732177277362666
543.0,F2-L3,30.73217726445364
544.0,F2-L3,30.732177248913047
545.0,F2-L3,30.73217723468781
546.0,F2-L3,30.732177223094084
547.0,F2-L3,30.732177208870155
548.0,F2-L3,30.732177194644066
549.0,F2-L3,30.732177181735437
550.0,F2-L3,30.7321771661953
551.0,F2-L3,30.732177151970063
552.0,F2-L3,30.732177137743918
553.0,F2-L3,30.732177124835744
554.0,F2-L3,30.732177110611417
555.0,F2-L3,30.73217709638567
556.0,F2-L3,30.73217708347579
557.0,F2-L3,30.732177070566706
558.0,F2-L3,30.73217705502617
559.0,F2-L3,30.732177042117144
560.0,F2-L3,30.73217702657655
561.0,F2-L3,30.732177012351315
562.0,F2-L3,30.732177002073797
563.0,F2-L3,30.732176986533204
564.0,F2-L3,30.73217697230797
565.0,F2-L3,30.73217695808313
566.0,F2-L3,30.73217694385835
567.0,F2-L3,30.732176930948867
568.0,F2-L3,30.732176915407877
569.0,F2-L3,30.732176902498395
570.0,F2-L3,30.73217688827401
571.0,F2-L3,30.73217687404923
572.0,F2-L3,30.732176862455503
573.0,F2-L3,30.732176848230267
574.0,F2-L3,30.73217683268922
575.0,F2-L3,30.732176818464836
576.0,F2-L3,30.7321768042396
577.0,F2-L3,30.732176791330573
578.0,F2-L3,30.7321767797373
579.0,F2-L3,30.732176764196254
580.0,F2-L3,30.732176749971472
581.0,F2-L3,30.73217673706199
582.0,F2-L3,30.732176722836755
583.0,F2-L3,30.73217670861237
584.0,F2-L3,30.732176693070926
585.0,F2-L3,30.732176678846088
586.0,F2-L3,30.73217666725327
587.0,F2-L3,30.732176653027977
588.0,F2-L3,30.732176640119008
589.0,F2-L3,30.73217662589326
590.0,F2-L3,30.732176610352724
591.0,F2-L3,30.732176597443697
592.0,F2-L3,30.73217658321886
593.0,F2-L3,30.732176568993623
594.0,F2-L3,30.732176556084596
595.0,F2-L3,30.732176541859758
596.0,F2-L3,30.732176528951186
597.0,F2-L3,30.732176514725495
598.0,F2-L3,30.732176500500202
599.0,F2-L3,30.73217648627542
600.0,F2-L3,30.732176470734373
1.0,F3-L1,0.0
2.0,F3-L1,-7.028847903711721e-08
3.0,F3-L1,-1.386082431054092e-07
4.0,F3-L1,-2.0791219412785722e-07
5.0,F3-L1,-2.7820067316497443e-07
6.0,F3-L1,-3.4750473787426017e-07
7.0,F3-L1,-4.1680874574012705e-07
8.0,F3-L1,-4.861128672928317e-07
9.0,F3-L1,-5.564013463299489e-07
10.0,F3-L1,-6.247209398679843e-07
11.0,F3-L1,-6.950093052182638e-07
12.0,F3-L1,-7.633291261299746e-07
13.0,F3-L1,-8.346018489646667e-07
14.0,F3-L1,-9.029216130329587e-07
15.0,F3-L1,-9.722256208988256e-07
16.0,F3-L1,-1.041529799294949e-06
17.0,F3-L1,-1.1118181646452285e-06
18.0,F3-L1,-1.1801378150266828e-06
19.0,F3-L1,-1.2504262940638e-06
20.0,F3-L1,-1.3187458876018354e-06
21.0,F3-L1,-1.3900188946536218e-06
22.0,F3-L1,-1.4583384881916572e-06
23.0,F3-L1,-1.527642552900943e-06
24.0,F3-L1,-1.5969464470799721e-06
25.0,F3-L1,-1.667235096647346e-06
26.0,F3-L1,-1.7365391613566317e-06
27.0,F3-L1,-1.8058431123790797e-06
28.0,F3-L1,-1.8751471770883654e-06
29.0,F3-L1,-1.94445129864107e-06
30.0,F3-L1,-2.0147397776781872e-06
31.0,F3-L1,-2.0830594280596415e-06
32.0,F3-L1,-2.1523634359255084e-06
33.0,F3-L1,-2.2226519149626256e-06
34.0,F3-L1,-2.29195603651533e-06
35.0,F3-L1,-2.361260101224616e-06
36.0,F3-L1,-2.430564109090483e-06
37.0,F3-L1,-2.499868060112931e-06
38.0,F3-L1,-2.570156595993467e-06
39.0,F3-L1,-2.638476246374921e-06
40.0,F3-L1,-2.707780254240788e-06
41.0,F3-L1,-2.7790532044491556e-06
42.0,F3-L1,-2.84737285483061e-06
43.0,F3-L1,-2.9166769195398956e-06
44.0,F3-L1,-2.9859809274057625e-06
45.0,F3-L1,-3.056269349599461e-06
46.0,F3-L1,-3.1255735279955843e-06
47.0,F3-L1,-3.194877535861451e-06
48.0,F3-L1,-3.2631971862429054e-06
49.0,F3-L1,-3.3344700227644353e-06
50.0,F3-L1,-3.4027896163024707e-06
51.0,F3-L1,-3.472093794698594e-06
52.0,F3-L1,-3.541397802564461e-06
53.0,F3-L1,-3.6116862247581594e-06
54.0,F3-L1,-3.680990403154283e-06
55.0,F3-L1,-3.7502944678635686e-06
56.0,F3-L1,-3.818614118245023e-06
57.0,F3-L1,-3.8898870116099715e-06
58.0,F3-L1,-3.959191019475838e-06
59.0,F3-L1,-4.027510669857293e-06
60.0,F3-L1,-4.097798978364153e-06
61.0,F3-L1,-4.167103156760277e-06
62.0,F3-L1,-4.2364072214695625e-06
63.0,F3-L1,-4.305711115648592e-06
64.0,F3-L1,-4.375015407731553e-06
65.0,F3-L1,-4.445303943612089e-06
66.0,F3-L1,-4.514607837791118e-06
67.0,F3-L1,-4.582927488172572e-06
68.0,F3-L1,-4.652231552881858e-06
69.0,F3-L1,-4.7225199750755564e-06
70.0,F3-L1,-4.791824039784842e-06
71.0,F3-L1,-4.861128161337547e-06
72.0,F3-L1,-4.930432169203414e-06
73.0,F3-L1,-5.000720648240531e-06
74.0,F3-L1,-5.070024656106398e-06
75.0,F3-L1,-5.139328834502521e-06
76.0,F3-L1,-5.2076484848839755e-06
77.0,F3-L1,-5.278921321405505e-06
78.0,F3-L1,-5.347240801256703e-06
79.0,F3-L1,-5.417529393980658e-06
80.0,F3-L1,-5.485849044362112e-06
81.0,F3-L1,-5.556137523399229e-06
82.0,F3-L1,-5.625441644951934e-06
83.0,F3-L1,-5.694745652817801e-06
84.0,F3-L1,-5.763065246355836e-06
85.0,F3-L1,-5.834337969190528e-06
86.0,F3-L1,-5.902657846945658e-06
87.0,F3-L1,-5.971961797968106e-06
88.0,F3-L1,-6.041265862677392e-06
89.0,F3-L1,-6.111554398557928e-06
90.0,F3-L1,-6.180858406423795e-06
91.0,F3-L1,-6.250162527976499e-06
92.0,F3-L1,-6.319466592685785e-06
93.0,F3-L1,-6.3897550148794835e-06
94.0,F3-L1,-6.45905902274535e-06
95.0,F3-L1,-6.5273787299702235e-06
96.0,F3-L1,-6.59766726585076e-06
97.0,F3-L1,-6.666971330560045e-06
98.0,F3-L1,-6.737259695910325e-06
99.0,F3-L1,-6.805579459978617e-06
100.0,F3-L1,-6.874883354157646e-06
101.0,F3-L1,-6.945171833194763e-06
102.0,F3-L1,-7.014476011590887e-06
103.0,F3-L1,-7.082795491442084e-06
104.0,F3-L1,-7.153084084166039e-06
105.0,F3-L1,-7.2223883194055816e-06
106.0,F3-L1,-7.291692099897773e-06
107.0,F3-L1,-7.360996448824153e-06
108.0,F3-L1,-7.430300172472926e-06
109.0,F3-L1,-7.501573236368131e-06
110.0,F3-L1,-7.569892886749585e-06
111.0,F3-L1,-7.639196951458871e-06
112.0,F3-L1,-7.708501016168157e-06
113.0,F3-L1,-7.778789267831598e-06
114.0,F3-L1,-7.84710903189989e-06
115.0,F3-L1,-7.917397510937008e-06
116.0,F3-L1,-7.98571721816188e-06
117.0,F3-L1,-8.05699011152683e-06
118.0,F3-L1,-8.125309591378027e-06
119.0,F3-L1,-8.19461376977415e-06
120.0,F3-L1,-8.262933533842443e-06
121.0,F3-L1,-8.334206370363972e-06
122.0,F3-L1,-8.402526020745427e-06
123.0,F3-L1,-8.472814386095706e-06
124.0,F3-L1,-8.541133979633742e-06
125.0,F3-L1,-8.611422515514278e-06
126.0,F3-L1,-8.681710994551395e-06
127.0,F3-L1,-8.750030758619687e-06
128.0,F3-L1,-8.819334709642135e-06
129.0,F3-L1,-8.889623131835833e-06
130.0,F3-L1,-8.958927310231957e-06
131.0,F3-L1,-9.027247074300249e-06
132.0,F3-L1,-9.09753532596369e-06
133.0,F3-L1,-9.166839618046652e-06
134.0,F3-L1,-9.237127869710093e-06
135.0,F3-L1,-9.305447633778385e-06
136.0,F3-L1,-9.374751698487671e-06
137.0,F3-L1,-9.445040006994532e-06
138.0,F3-L1,-9.514344071703817e-06
139.0,F3-L1,-9.582663494711596e-06
140.0,F3-L1,-9.652952257965808e-06
141.0,F3-L1,-9.722256322675094e-06
142.0,F3-L1,-9.792544631181954e-06
143.0,F3-L1,-9.86184869589124e-06
144.0,F3-L1,-9.930168630489788e-06
145.0,F3-L1,-1.000144135332448e-05
146.0,F3-L1,-1.0069760946862516e-05
147.0,F3-L1,-1.0139065011571802e-05
148.0,F3-L1,-1.0208369189967925e-05
149.0,F3-L1,-1.0278657441631367e-05
150.0,F3-L1,-1.0346977035169402e-05
151.0,F3-L1,-1.0417265798423614e-05
152.0,F3-L1,-1.0485585050901136e-05
153.0,F3-L1,-1.055685817163976e-05
154.0,F3-L1,-1.0625177765177796e-05
155.0,F3-L1,-1.06944818867305e-05
156.0,F3-L1,-1.0763786008283205e-05
157.0,F3-L1,-1.0834074430476903e-05
158.0,F3-L1,-1.0902394024014939e-05
159.0,F3-L1,-1.0972682446208637e-05
160.0,F3-L1,-1.1041986454074504e-05
161.0,F3-L1,-1.111227498995504e-05
162.0,F3-L1,-1.1181579054664326e-05
163.0,F3-L1,-1.1249898648202361e-05
164.0,F3-L1,-1.1319202769755066e-05
165.0,F3-L1,-1.138949141932244e-05
166.0,F3-L1,-1.1458795427188306e-05
167.0,F3-L1,-1.1528099321367336e-05
168.0,F3-L1,-1.1597403272389784e-05
169.0,F3-L1,-1.1666707450785907e-05
170.0,F3-L1,-1.1736995872979605e-05
171.0,F3-L1,-1.1805315693891316e-05
172.0,F3-L1,-1.1874619531226926e-05
173.0,F3-L1,-1.19449081807943e-05
174.0,F3-L1,-1.201421207497333e-05
175.0,F3-L1,-1.2083516480743128e-05
176.0,F3-L1,-1.2152820545452414e-05
177.0,F3-L1,-1.22231086265856e-05
178.0,F3-L1,-1.229241291866856e-05
179.0,F3-L1,-1.2361716983377846e-05
180.0,F3-L1,-1.24300366337593e-05
181.0,F3-L1,-1.2501309299750574e-05
182.0,F3-L1,-1.2569629120662285e-05
183.0,F3-L1,-1.263893318537157e-05
184.0,F3-L1,-1.2708237136394018e-05
185.0,F3-L1,-1.2778525729117973e-05
186.0,F3-L1,-1.2847829623297002e-05
187.0,F3-L1,-1.2917133517476032e-05
188.0,F3-L1,-1.2985453679448256e-05
189.0,F3-L1,-1.3056726402282948e-05
190.0,F3-L1,-1.3125045882134145e-05
191.0,F3-L1,-1.3194349776313175e-05
192.0,F3-L1,-1.3263654182082973e-05
193.0,F3-L1,-1.3333942433746415e-05
194.0,F3-L1,-1.3403246384768863e-05
195.0,F3-L1,-1.3472550961068919e-05
196.0,F3-L1,-1.3541854627874272e-05
197.0,F3-L1,-1.361214310691139e-05
198.0,F3-L1,-1.3681447512681189e-05
199.0,F3-L1,-1.3749766878845548e-05
200.0,F3-L1,-1.382005513050899e-05
201.0,F3-L1,-1.388935953627879e-05
202.0,F3-L1,-1.3958663430457818e-05
203.0,F3-L1,-1.4027967495167104e-05
204.0,F3-L1,-1.4097271389346133e-05
205.0,F3-L1,-1.4167560152600345e-05
206.0,F3-L1,-1.4236864046779374e-05
207.0,F3-L1,-1.430518358347399e-05
208.0,F3-L1,-1.4374487648183276e-05
209.0,F3-L1,-1.4444776070376975e-05
210.0,F3-L1,-1.4514080362459936e-05
211.0,F3-L1,-1.4584368784653634e-05
212.0,F3-L1,-1.4652688093974575e-05
213.0,F3-L1,-1.4722976914072206e-05
214.0,F3-L1,-1.4792280978781491e-05
215.0,F3-L1,-1.4861584531900007e-05
216.0,F3-L1,-1.4929904409655137e-05
217.0,F3-L1,-1.5001177189333248e-05
218.0,F3-L1,-1.5069497237618634e-05
219.0,F3-L1,-1.5139785659812333e-05
220.0,F3-L1,-1.5208105367037206e-05
221.0,F3-L1,-1.5278393846074323e-05
222.0,F3-L1,-1.5347697683409933e-05
223.0,F3-L1,-1.541700174811922e-05
224.0,F3-L1,-1.5485321455344092e-05
225.0,F3-L1,-1.555659446239588e-05
226.0,F3-L1,-1.5624913942247076e-05
227.0,F3-L1,-1.5694217893269524e-05
228.0,F3-L1,-1.5764506144932966e-05
229.0,F3-L1,-1.583381072123302e-05
230.0,F3-L1,-1.5904098972896463e-05
231.0,F3-L1,-1.5972418850651593e-05
232.0,F3-L1,-1.6041722687987203e-05
233.0,F3-L1,-1.611201116702432e-05
234.0,F3-L1,-1.6181315402263863e-05
235.0,F3-L1,-1.6249634768428223e-05
236.0,F3-L1,-1.6319923361152178e-05
237.0,F3-L1,-1.638922759639172e-05
238.0,F3-L1,-1.645951601858542e-05
239.0,F3-L1,-1.6527835555280035e-05
240.0,F3-L1,-1.6597139506302483e-05
241.0,F3-L1,-1.6667428099026438e-05
242.0,F3-L1,-1.673673233426598e-05
243.0,F3-L1,-1.680505164358692e-05
244.0,F3-L1,-1.687534012262404e-05
245.0,F3-L1,-1.6945628715347993e-05
246.0,F3-L1,-1.7013948365729448e-05
247.0,F3-L1,-1.7084236844766565e-05
248.0,F3-L1,-1.7152556210930925e-05
249.0,F3-L1,-1.7223829388512968e-05
250.0,F3-L1,-1.729214920942468e-05
251.0,F3-L1,-1.736145293307345e-05
252.0,F3-L1,-1.7429772640298324e-05
253.0,F3-L1,-1.7501045590506692e-05
254.0,F3-L1,-1.7569364956671052e-05
255.0,F3-L1,-1.763965394729894e-05
256.0,F3-L1,-1.770797325661988e-05
257.0,F3-L1,-1.777924609314141e-05
258.0,F3-L1,-1.784756591405312e-05
259.0,F3-L1,-1.791686980823215e-05
260.0,F3-L1,-1.7985189344926766e-05
261.0,F3-L1,-1.960337476702989e-05
262.0,F3-L1,-3.278455676536396e-05
263.0,F3-L1,-7.525266426000599e-05
264.0,F3-L1,-0.00017145321544376202
265.0,F3-L1,-0.0003524489056871971
266.0,F3-L1,-0.0006558155565699053
267.0,F3-L1,-0.0011254612695097421
268.0,F3-L1,-0.0018114499710009113
269.0,F3-L1,-0.0027697838105495975
270.0,F3-L1,-0.00406211885109542
271.0,F3-L1,-0.0057554987110393085
272.0,F3-L1,-0.00792208380505599
273.0,F3-L1,-0.010638737186241087
274.0,F3-L1,-0.013986728654288072
275.0,F3-L1,-0.018051314084061687
276.0,F3-L1,-0.022921340478262664
277.0,F3-L1,-0.028688815215616614
278.0,F3-L1,-0.03544844173643469
279.0,F3-L1,-0.043297167494188216
280.0,F3-L1,-0.05233371480670712
281.0,F3-L1,-0.06265804855979695
282.0,F3-L1,-0.07437091613417124
283.0,F3-L1,-0.0875732994406917
284.0,F3-L1,-0.10236589762723725
285.0,F3-L1,-0.11884862161133469
286.0,F3-L1,-0.1371200327804445
287.0,F3-L1,-0.1572768465690615
288.0,F3-L1,-0.179413372834631
289.0,F3-L1,-0.20362101078467276
290.0,F3-L1,-0.22998772962245084
291.0,F3-L1,-0.2585975549371824
292.0,F3-L1,-0.28953007138193243
293.0,F3-L1,-0.32285995047351435
294.0,F3-L1,-0.35865644477064507
295.0,F3-L1,-0.39698298323020254
296.0,F3-L1,-0.43789669629006767
297.0,F3-L1,-0.4814480203617677
298.0,F3-L1,-0.527680326334405
299.0,F3-L1,-0.5766295068460181
300.0,F3-L1,-0.6283236878346656
301.0,F3-L1,-0.6806106867091444
302.0,F3-L1,-0.730602303625858
303.0,F3-L1,-0.7773071149532029
304.0,F3-L1,-0.8197032588944353
305.0,F3-L1,-0.8567567883266065
306.0,F3-L1,-0.8874417782094497
307.0,F3-L1,-0.9107616567620198
308.0,F3-L1,-0.9257714631971794
309.0,F3-L1,-0.9316004320398861
310.0,F3-L1,-0.9274745043864527
311.0,F3-L1,-0.9127381452556733
312.0,F3-L1,-0.8868749963845062
313.0,F3-L1,-0.8495266973506546
314.0,F3-L1,-0.8005094356382756
315.0,F3-L1,-0.7398277470217636
316.0,F3-L1,-0.6723137940891775
317.0,F3-L1,-0.6028867395758084
318.0,F3-L1,-0.5315436480540257
319.0,F3-L1,-0.4582832798550385
320.0,F3-L1,-0.3831061143039278
321.0,F3-L1,-0.3060144164569465
322.0,F3-L1,-0.22701232435645124
323.0,F3-L1,-0.1461058357504612
324.0,F3-L1,-0.06330290220716961
325.0,F3-L1,0.021386561466897547
326.0,F3-L1,0.1079506137426165
327.0,F3-L1,0.19637528675434623
328.0,F3-L1,0.2866445434062257
329.0,F3-L1,0.37874023562307
330.0,F3-L1,0.4726421397439253
331.0,F3-L1,0.5683279063886175
332.0,F3-L1,0.6657730747787127
333.0,F3-L1,0.7649510818942531
334.0,F3-L1,0.8658332480139848
335.0,F3-L1,0.9683888073712978
336.0,F3-L1,1.0725849576730866
337.0,F3-L1,1.178386858239719
338.0,F3-L1,1.285757641198927
339.0,F3-L1,1.3946585235431144
340.0,F3-L1,1.505048787765702
341.0,F3-L1,1.616885870643273
342.0,F3-L1,1.730125410779067
343.0,F3-L1,1.8447213198990084
344.0,F3-L1,1.9606258243436514
345.0,F3-L1,2.0777895571469003
346.0,F3-L1,2.19616162384591
347.0,F3-L1,2.315689680364642
348.0,F3-L1,2.4363200046939255
349.0,F3-L1,2.5579975989181776
350.0,F3-L1,2.6806662569332502
351.0,F3-L1,2.8042686390809877
352.0,F3-L1,2.928746356926524
353.0,F3-L1,3.0540400735334288
354.0,F3-L1,3.180089578829211
355.0,F3-L1,3.306833868685885
356.0,F3-L1,3.4342112314731708
357.0,F3-L1,3.562159316474208
358.0,F3-L1,3.690615221745304
359.0,F3-L1,3.8195155554784037
360.0,F3-L1,3.9487965107949208
361.0,F3-L1,4.078393961626091
362.0,F3-L1,4.208243501494508
363.0,F3-L1,4.338280497180335
364.0,F3-L1,4.468440206000821
365.0,F3-L1,4.598657746270135
366.0,F3-L1,4.7288682348742554
367.0,F3-L1,4.859006802057479
368.0,F3-L1,4.989008619307583
369.0,F3-L1,5.118808986171871
370.0,F3-L1,5.2483433653096085
371.0,F3-L1,5.377547397315709
372.0,F3-L1,5.506356979776342
373.0,F3-L1,5.63470826503135
374.0,F3-L1,5.762537747141209
375.0,F3-L1,5.889782261983271
376.0,F3-L1,6.016379017770305
377.0,F3-L1,6.142265685474115
378.0,F3-L1,6.267380363805501
379.0,F3-L1,6.39166166629218
380.0,F3-L1,6.51504874971522
381.0,F3-L1,6.637481350667883
382.0,F3-L1,6.758899823951026
383.0,F3-L1,6.879245194989835
384.0,F3-L1,6.998459202678134
385.0,F3-L1,7.116484338104726
386.0,F3-L1,7.233263914227109
387.0,F3-L1,7.348742122812041
388.0,F3-L1,7.4628640572841505
389.0,F3-L1,7.575575829769548
390.0,F3-L1,7.686824571533691
391.0,F3-L1,7.796558537554802
392.0,F3-L1,7.90472717811889
393.0,F3-L1,8.011281196484958
394.0,F3-L1,8.116172634369661
395.0,F3-L1,8.219354939517928
396.0,F3-L1,8.320783040206095
397.0,F3-L1,8.420413445703332
398.0,F3-L1,8.518204324730277
399.0,F3-L1,8.614115563825692
400.0,F3-L1,8.708108889134166
401.0,F3-L1,8.804302047421118
402.0,F3-L1,8.90613241157547
403.0,F3-L1,9.012236912548474
404.0,F3-L1,9.121219267547986
405.0,F3-L1,9.231673524421637
406.0,F3-L1,9.342207779719502
407.0,F3-L1,9.451467366985696
408.0,F3-L1,9.55815718132311
409.0,F3-L1,9.661062574059542
410.0,F3-L1,9.75906839977057
411.0,F3-L1,9.85117583024396
412.0,F3-L1,9.936516566803448
413.0,F3-L1,10.014364236474364
414.0,F3-L1,10.084142691371312
415.0,F3-L1,10.145431159336226
416.0,F3-L1,10.201104414602355
417.0,F3-L1,10.254351585041604
418.0,F3-L1,10.30515715869268
419.0,F3-L1,10.353514408685555
420.0,F3-L1,10.39942518408094
421.0,F3-L1,10.442899717915566
422.0,F3-L1,10.483956351711072
423.0,F3-L1,10.522621225965906
424.0,F3-L1,10.558928001552431
425.0,F3-L1,10.592917474041883
426.0,F3-L1,10.624637227634025
427.0,F3-L1,10.654141222000703
428.0,F3-L1,10.681489376260231
429.0,F3-L1,10.706747139694471
430.0,F3-L1,10.729985007271864
431.0,F3-L1,10.751278061747485
432.0,F3-L1,10.770705483201027
433.0,F3-L1,10.788350028157879
434.0,F3-L1,10.804297524149888
435.0,F3-L1,10.81863636346128
436.0,F3-L1,10.831456940494547
437.0,F3-L1,10.842851170839651
438.0,F3-L1,10.852911912344837
439.0,F3-L1,10.861732445523842
440.0,F3-L1,10.869405960042627
441.0,F3-L1,10.876025010174374
442.0,F3-L1,10.881681053134628
443.0,F3-L1,10.886463864794791
444.0,F3-L1,10.89046111110656
445.0,F3-L1,10.893757840697447
446.0,F3-L1,10.896436046444194
447.0,F3-L1,10.898574205438592
448.0,F3-L1,10.900246853995782
449.0,F3-L1,10.90152420051976
450.0,F3-L1,10.902471729612273
451.0,F3-L1,10.903149884057086
452.0,F3-L1,10.903613686135088
453.0,F3-L1,10.903912488712024
454.0,F3-L1,10.904089694979291
455.0,F3-L1,10.904182497339434
456.0,F3-L1,10.904221693764043
457.0,F3-L1,10.904231503131541
458.0,F3-L1,10.904229417332203
459.0,F3-L1,10.904226107471743
460.0,F3-L1,10.904225335176477
461.0,F3-L1,10.904225369706069
462.0,F3-L1,10.904225403230441
463.0,F3-L1,10.90422543775935
464.0,F3-L1,10.904225472288601
465.0,F3-L1,10.904225505813145
466.0,F3-L1,10.904225540341827
467.0,F3-L1,10.904225574870736
468.0,F3-L1,10.904225610404978
469.0,F3-L1,10.90422564392918
470.0,F3-L1,10.904225679463593
471.0,F3-L1,10.904225711982974
472.0,F3-L1,10.904225745506892
473.0,F3-L1,10.904225781040793
474.0,F3-L1,10.904225815570157
475.0,F3-L1,10.904225850099408
476.0,F3-L1,10.904225883623951
477.0,F3-L1,10.90422591815286
478.0,F3-L1,10.904225952682111
479.0,F3-L1,10.904225986205802
480.0,F3-L1,10.904226020735905
481.0,F3-L1,10.904226055264587
482.0,F3-L1,10.904226089793667
483.0,F3-L1,10.904226123318097
484.0,F3-L1,10.904226159856819
485.0,F3-L1,10.904226193381191
486.0,F3-L1,10.904226226905905
487.0,F3-L1,10.904226260429652
488.0,F3-L1,10.904226294959017
489.0,F3-L1,10.904226328483446
490.0,F3-L1,10.904226364017177
491.0,F3-L1,10.90422639955085
492.0,F3-L1,10.904226433075621
493.0,F3-L1,10.904226466599994
494.0,F3-L1,10.904226502134065
495.0,F3-L1,10.904226535658154
496.0,F3-L1,10.904226570187177
497.0,F3-L1,10.904226603711948
498.0,F3-L1,10.90422663824097
499.0,F3-L1,10.904226672769369
500.0,F3-L1,10.90422670729879
501.0,F3-L1,10.904226742833146
502.0,F3-L1,10.904226776357575
503.0,F3-L1,10.904226809881607
504.0,F3-L1,10.904226843406377
505.0,F3-L1,10.904226879944417
506.0,F3-L1,10.904226913468506
507.0,F3-L1,10.90422694699356
508.0,F3-L1,10.904226982527575
509.0,F3-L1,10.904227016052005
510.0,F3-L1,10.904227049576434
511.0,F3-L1,10.904227084105116
512.0,F3-L1,10.904227118634196
513.0,F3-L1,10.904227153163617
514.0,F3-L1,10.904227186687308
515.0,F3-L1,10.90422722222172
516.0,F3-L1,10.904227256750403
517.0,F3-L1,10.904227291280165
518.0,F3-L1,10.904227325809188
519.0,F3-L1,10.904227358328626
520.0,F3-L1,10.904227392857706
521.0,F3-L1,10.904227426382079
522.0,F3-L1,10.904227462920801
523.0,F3-L1,10.90422749644489
524.0,F3-L1,10.904227529969603
525.0,F3-L1,10.904227565503675
526.0,F3-L1,10.904227599027706
527.0,F3-L1,10.904227633556786
528.0,F3-L1,10.904227667081159
529.0,F3-L1,10.90422770261523
530.0,F3-L1,10.904227736139603
531.0,F3-L1,10.904227769664033
532.0,F3-L1,10.904227806202414
533.0,F3-L1,10.904227839727184
534.0,F3-L1,10.904227874256208
535.0,F3-L1,10.904227906775247
536.0,F3-L1,10.904227941304669
537.0,F3-L1,10.9042279768384
538.0,F3-L1,10.904228010362829
539.0,F3-L1,10.904228045896843
540.0,F3-L1,10.904228079421216
541.0,F3-L1,10.904228113950353
542.0,F3-L1,10.904228147475408
543.0,F3-L1,10.904228183008797
544.0,F3-L1,10.90422821653317
545.0,F3-L1,10.904228250057542
546.0,F3-L1,10.904228285590989
547.0,F3-L1,10.904228319116044
548.0,F3-L1,10.904228354649717
549.0,F3-L1,10.904228388173806
550.0,F3-L1,10.904228422702886
551.0,F3-L1,10.904228456227258
552.0,F3-L1,10.904228489751631
553.0,F3-L1,10.904228525286044
554.0,F3-L1,10.904228559814783
555.0,F3-L1,10.904228594344204
556.0,F3-L1,10.904228627867894
557.0,F3-L1,10.904228662397998
558.0,F3-L1,10.904228696927078
559.0,F3-L1,10.90422873045111
560.0,F3-L1,10.90422876598518
561.0,F3-L1,10.904228799509212
562.0,F3-L1,10.904228833033244
563.0,F3-L1,10.904228867563347
564.0,F3-L1,10.904228903096396
565.0,F3-L1,10.904228937626158
566.0,F3-L1,10.90422897115019
567.0,F3-L1,10.90422900567927
568.0,F3-L1,10.904229039203301
569.0,F3-L1,10.904229074737714
570.0,F3-L1,10.904229108261461
571.0,F3-L1,10.904229142791166
572.0,F3-L1,10.904229177320246
573.0,F3-L1,10.904229210843994
574.0,F3-L1,10.90422924537404
575.0,F3-L1,10.90422927990278
576.0,F3-L1,10.904229313427152
577.0,F3-L1,10.904229347956232
578.0,F3-L1,10.904229382485255
579.0,F3-L1,10.904229417014335
580.0,F3-L1,10.904229451543756
581.0,F3-L1,10.904229487077487
582.0,F3-L1,10.90422952060186
583.0,F3-L1,10.90422955312124
584.0,F3-L1,10.904229587650661
585.0,F3-L1,10.904229622179685
586.0,F3-L1,10.904229657713074
587.0,F3-L1,10.904229691237845
588.0,F3-L1,10.904229725767209
589.0,F3-L1,10.904229760296289
590.0,F3-L1,10.904229793820718
591.0,F3-L1,10.9042298283494
592.0,F3-L1,10.904229862878822
593.0,F3-L1,10.904229897408186
594.0,F3-L1,10.904229930931933
595.0,F3-L1,10.904229965461695
596.0,F3-L1,10.90423000099537
597.0,F3-L1,10.904230034519799
598.0,F3-L1,10.904230070054211
599.0,F3-L1,10.904230102573592
600.0,F3-L1,10.904230136097624
1.0,F3-L2,0.0
2.0,F3-L2,-1.6411263459303882e-09
3.0,F3-L2,-3.2822526918607764e-09
4.0,F3-L2,-4.923379037791165e-09
5.0,F3-L2,-6.1648961491300724e-09
6.0,F3-L2,-8.6051272774057e-09
7.0,F3-L2,-1.0246196779917227e-08
8.0,F3-L2,-1.1887379969266476e-08
9.0,F3-L2,-1.3528449471778003e-08
10.0,F3-L2,-1.4770023426535772e-08
11.0,F3-L2,-1.72102545548114e-08
12.0,F3-L2,-1.8451828509569168e-08
13.0,F3-L2,-2.0492450403253315e-08
14.0,F3-L2,-2.1734024358011084e-08
15.0,F3-L2,-2.3375150703941472e-08
16.0,F3-L2,-2.541582944104448e-08
17.0,F3-L2,-2.7056955786974868e-08
18.0,F3-L2,-2.8698082132905256e-08
19.0,F3-L2,-3.0339151635416783e-08
20.0,F3-L2,-3.158072559017455e-08
21.0,F3-L2,-3.362140432727756e-08
22.0,F3-L2,-3.526253067320795e-08
23.0,F3-L2,-3.6903657019138336e-08
24.0,F3-L2,-3.894427891282248e-08
25.0,F3-L2,-4.018590971099911e-08
26.0,F3-L2,-4.182697921351064e-08
27.0,F3-L2,-4.386765795061365e-08
28.0,F3-L2,-4.5508727453125175e-08
29.0,F3-L2,-4.7149910642474424e-08
30.0,F3-L2,-4.879098014498595e-08
31.0,F3-L2,-5.003255409974372e-08
32.0,F3-L2,-5.247278522801935e-08
33.0,F3-L2,-5.3714359182777116e-08
34.0,F3-L2,-5.5755037919880124e-08
35.0,F3-L2,-5.699661187463789e-08
36.0,F3-L2,-5.863768137714942e-08
37.0,F3-L2,-6.027880772307981e-08
38.0,F3-L2,-6.231948646018282e-08
39.0,F3-L2,-6.39606128061132e-08
40.0,F3-L2,-6.560168230862473e-08
41.0,F3-L2,-6.724280865455512e-08
42.0,F3-L2,-6.888393500048551e-08
43.0,F3-L2,-7.092455689416965e-08
44.0,F3-L2,-7.256568324010004e-08
45.0,F3-L2,-7.420680958603043e-08
46.0,F3-L2,-7.54483835407882e-08
47.0,F3-L2,-7.748900543447235e-08
48.0,F3-L2,-7.91301886238216e-08
49.0,F3-L2,-8.117081051750574e-08
50.0,F3-L2,-8.241238447226351e-08
51.0,F3-L2,-8.40535108181939e-08
52.0,F3-L2,-8.569463716412429e-08
53.0,F3-L2,-8.733576351005468e-08
54.0,F3-L2,-8.937638540373882e-08
55.0,F3-L2,-9.101751174966921e-08
56.0,F3-L2,-9.225914254784584e-08
57.0,F3-L2,-9.429976444152999e-08
58.0,F3-L2,-9.594089078746038e-08
59.0,F3-L2,-9.758207397680962e-08
60.0,F3-L2,-9.962263902707491e-08
61.0,F3-L2,-1.0086421298183268e-07
62.0,F3-L2,-1.0250533932776307e-07
63.0,F3-L2,-1.0414646567369346e-07
64.0,F3-L2,-1.0618714441079646e-07
65.0,F3-L2,-1.0782821391330799e-07
66.0,F3-L2,-1.0946934025923838e-07
67.0,F3-L2,-1.1071091421399615e-07
68.0,F3-L2,-1.1275159295109916e-07
69.0,F3-L2,-1.1399311006243806e-07
70.0,F3-L2,-1.1643339803413255e-07
71.0,F3-L2,-1.1767491514547146e-07
72.0,F3-L2,-1.1931604149140185e-07
73.0,F3-L2,-1.2095711099391337e-07
74.0,F3-L2,-1.2259823733984376e-07
75.0,F3-L2,-1.2503852531153825e-07
76.0,F3-L2,-1.2628009926629602e-07
77.0,F3-L2,-1.2792116876880755e-07
78.0,F3-L2,-1.2956223827131907e-07
79.0,F3-L2,-1.3120336461724946e-07
80.0,F3-L2,-1.3324404335435247e-07
81.0,F3-L2,-1.3488516970028286e-07
82.0,F3-L2,-1.3612674365504063e-07
83.0,F3-L2,-1.3816736554872477e-07
84.0,F3-L2,-1.394089963469014e-07
85.0,F3-L2,-1.4105006584941293e-07
86.0,F3-L2,-1.4309074458651594e-07
87.0,F3-L2,-1.447319277758652e-07
88.0,F3-L2,-1.4637299727837672e-07
89.0,F3-L2,-1.480141236243071e-07
90.0,F3-L2,-1.4925569757906487e-07
91.0,F3-L2,-1.516959287073405e-07
92.0,F3-L2,-1.5333699820985203e-07
93.0,F3-L2,-1.5457851532119093e-07
94.0,F3-L2,-1.5661913721487508e-07
95.0,F3-L2,-1.578607680130517e-07
96.0,F3-L2,-1.603010559847462e-07
97.0,F3-L2,-1.6154262993950397e-07
98.0,F3-L2,-1.631836994420155e-07
99.0,F3-L2,-1.6482482578794588e-07
100.0,F3-L2,-1.664658952904574e-07
101.0,F3-L2,-1.6770746924521518e-07
102.0,F3-L2,-1.701477003734908e-07
103.0,F3-L2,-1.7138921748482971e-07
104.0,F3-L2,-1.7342989622193272e-07
105.0,F3-L2,-1.7467152702010935e-07
106.0,F3-L2,-1.7631265336603974e-07
107.0,F3-L2,-1.783532752597239e-07
108.0,F3-L2,-1.7999428791881655e-07
109.0,F3-L2,-1.8203502349933842e-07
110.0,F3-L2,-1.8327665429751505e-07
111.0,F3-L2,-1.8491778064344544e-07
112.0,F3-L2,-1.8695845938054845e-07
113.0,F3-L2,-1.8859947203964111e-07
114.0,F3-L2,-1.902405983855715e-07
115.0,F3-L2,-1.918817247315019e-07
116.0,F3-L2,-1.9312335552967852e-07
117.0,F3-L2,-1.9516397742336267e-07
118.0,F3-L2,-1.9680510376929305e-07
119.0,F3-L2,-1.9884578250639606e-07
120.0,F3-L2,-2.000874133045727e-07
121.0,F3-L2,-2.0172848280708422e-07
122.0,F3-L2,-2.033696091530146e-07
123.0,F3-L2,-2.0541023104669875e-07
124.0,F3-L2,-2.0705130054921028e-07
125.0,F3-L2,-2.0869248373855953e-07
126.0,F3-L2,-2.1033355324107106e-07
127.0,F3-L2,-2.119747364304203e-07
128.0,F3-L2,-2.1401535832410445e-07
129.0,F3-L2,-2.1525693227886222e-07
130.0,F3-L2,-2.1729761101596523e-07
131.0,F3-L2,-2.1853924181414186e-07
132.0,F3-L2,-2.2018025447323453e-07
133.0,F3-L2,-2.2182138081916492e-07
134.0,F3-L2,-2.2386205955626792e-07
135.0,F3-L2,-2.255031859021983e-07
136.0,F3-L2,-2.2714425540470984e-07
137.0,F3-L2,-2.283858293594676e-07
138.0,F3-L2,-2.3042650809657061e-07
139.0,F3-L2,-2.3206757759908214e-07
140.0,F3-L2,-2.3410825633618515e-07
141.0,F3-L2,-2.3534983029094292e-07
142.0,F3-L2,-2.3699101348029217e-07
143.0,F3-L2,-2.3903157853055745e-07
144.0,F3-L2,-2.4067281856332556e-07
145.0,F3-L2,-2.427134404570097e-07
146.0,F3-L2,-2.439549575683486e-07
147.0,F3-L2,-2.45596083914279e-07
148.0,F3-L2,-2.472372102602094e-07
149.0,F3-L2,-2.488783366061398e-07
150.0,F3-L2,-2.509190153432428e-07
151.0,F3-L2,-2.525600848457543e-07
152.0,F3-L2,-2.538016588005121e-07
153.0,F3-L2,-2.5584228069419623e-07
154.0,F3-L2,-2.57083854648954e-07
155.0,F3-L2,-2.5952402893381077e-07
156.0,F3-L2,-2.6076571657540626e-07
157.0,F3-L2,-2.6240684292133665e-07
158.0,F3-L2,-2.6404796926726704e-07
159.0,F3-L2,-2.6568903876977856e-07
160.0,F3-L2,-2.6812921305463533e-07
161.0,F3-L2,-2.693707870093931e-07
162.0,F3-L2,-2.710119133553235e-07
163.0,F3-L2,-2.726531533880916e-07
164.0,F3-L2,-2.742942228906031e-07
165.0,F3-L2,-2.755357968453609e-07
166.0,F3-L2,-2.7797585744337994e-07
167.0,F3-L2,-2.792174313981377e-07
168.0,F3-L2,-2.8085861458748695e-07
169.0,F3-L2,-2.824996840899985e-07
170.0,F3-L2,-2.8414086727934773e-07
171.0,F3-L2,-2.8618154601645074e-07
172.0,F3-L2,-2.878225586755434e-07
173.0,F3-L2,-2.8906418947372003e-07
174.0,F3-L2,-2.911048113674042e-07
175.0,F3-L2,-2.9234649900899967e-07
176.0,F3-L2,-2.947867301372753e-07
177.0,F3-L2,-2.9642774279636797e-07
178.0,F3-L2,-2.976693735945446e-07
179.0,F3-L2,-2.9970999548822874e-07
180.0,F3-L2,-3.0095162628640537e-07
181.0,F3-L2,-3.0259263894549804e-07
182.0,F3-L2,-3.0463331768260105e-07
183.0,F3-L2,-3.062745008719503e-07
184.0,F3-L2,-3.079156272178807e-07
185.0,F3-L2,-3.0955663987697335e-07
186.0,F3-L2,-3.107982138317311e-07
187.0,F3-L2,-3.1323844496000675e-07
188.0,F3-L2,-3.1448013260160224e-07
189.0,F3-L2,-3.165206976518675e-07
190.0,F3-L2,-3.1776221476320643e-07
191.0,F3-L2,-3.194033979525557e-07
192.0,F3-L2,-3.214440766896587e-07
193.0,F3-L2,-3.230852030355891e-07
194.0,F3-L2,-3.251258249292732e-07
195.0,F3-L2,-3.263675125708687e-07
196.0,F3-L2,-3.280084683865425e-07
197.0,F3-L2,-3.296495947324729e-07
198.0,F3-L2,-3.3169038715641364e-07
199.0,F3-L2,-3.3293190426775254e-07
200.0,F3-L2,-3.3497246931801783e-07
201.0,F3-L2,-3.3621410011619446e-07
202.0,F3-L2,-3.37855169618706e-07
203.0,F3-L2,-3.3989590519922785e-07
204.0,F3-L2,-3.415369747017394e-07
205.0,F3-L2,-3.4317815789108863e-07
206.0,F3-L2,-3.44819284237019e-07
207.0,F3-L2,-3.4606080134835793e-07
208.0,F3-L2,-3.4850103247663355e-07
209.0,F3-L2,-3.497424927445536e-07
210.0,F3-L2,-3.5178322832507547e-07
211.0,F3-L2,-3.5342424098416814e-07
212.0,F3-L2,-3.5466592862576363e-07
213.0,F3-L2,-3.5670660736286663e-07
214.0,F3-L2,-3.58347733708797e-07
215.0,F3-L2,-3.603882987590623e-07
216.0,F3-L2,-3.616298158704012e-07
217.0,F3-L2,-3.632709422163316e-07
218.0,F3-L2,-3.64912068562262e-07
219.0,F3-L2,-3.669528609862027e-07
220.0,F3-L2,-3.6859393048871425e-07
221.0,F3-L2,-3.7023505683464464e-07
222.0,F3-L2,-3.7147657394598355e-07
223.0,F3-L2,-3.735171958396677e-07
224.0,F3-L2,-3.751583221855981e-07
225.0,F3-L2,-3.771990009227011e-07
226.0,F3-L2,-3.784406317208777e-07
227.0,F3-L2,-3.8008170122338925e-07
228.0,F3-L2,-3.821223231170734e-07
229.0,F3-L2,-3.8336395391525e-07
230.0,F3-L2,-3.858041282001068e-07
231.0,F3-L2,-3.8704570215486456e-07
232.0,F3-L2,-3.8868682850079495e-07
233.0,F3-L2,-3.903280116901442e-07
234.0,F3-L2,-3.919691380360746e-07
235.0,F3-L2,-3.936102075385861e-07
236.0,F3-L2,-3.956508862756891e-07
237.0,F3-L2,-3.968924602304469e-07
238.0,F3-L2,-3.985335865763773e-07
239.0,F3-L2,-4.001746560788888e-07
240.0,F3-L2,-4.0221539165941067e-07
241.0,F3-L2,-4.038564611619222e-07
242.0,F3-L2,-4.0549764435127145e-07
243.0,F3-L2,-4.0673916146261035e-07
244.0,F3-L2,-4.0877984019971336e-07
245.0,F3-L2,-4.104209097022249e-07
246.0,F3-L2,-4.124615884393279e-07
247.0,F3-L2,-4.141027147852583e-07
248.0,F3-L2,-4.1534428874001605e-07
249.0,F3-L2,-4.173850243205379e-07
250.0,F3-L2,-4.186265982752957e-07
251.0,F3-L2,-4.210667157167336e-07
252.0,F3-L2,-4.223082328280725e-07
253.0,F3-L2,-4.2394930233058403e-07
254.0,F3-L2,-4.255904855199333e-07
255.0,F3-L2,-4.2723166870928253e-07
256.0,F3-L2,-4.292722337595478e-07
257.0,F3-L2,-4.3091341694889707e-07
258.0,F3-L2,-4.3215493406023597e-07
259.0,F3-L2,-4.34195612797339e-07
260.0,F3-L2,-4.3543718675209675e-07
261.0,F3-L2,5.948926286691858e-06
262.0,F3-L2,4.890554663461444e-05
263.0,F3-L2,0.00016205558750925775
264.0,F3-L2,0.0003762143379049121
265.0,F3-L2,0.0007193956750484176
266.0,F3-L2,0.0012168104421448334
267.0,F3-L2,0.0018909158321207542
268.0,F3-L2,0.0027614413331775722
269.0,F3-L2,0.0038454569242958314
270.0,F3-L2,0.005157440812865843
271.0,F3-L2,0.006709363853076411
272.0,F3-L2,0.00851077114924692
273.0,F3-L2,0.01056891893546208
274.0,F3-L2,0.012888870748099635
275.0,F3-L2,0.015473631374106844
276.0,F3-L2,0.018324294548449416
277.0,F3-L2,0.021440189450004254
278.0,F3-L2,0.024819043023001086
279.0,F3-L2,0.028457140448040263
280.0,F3-L2,0.03234950379243173
281.0,F3-L2,0.03649007708855834
282.0,F3-L2,0.04087189010937209
283.0,F3-L2,0.045487281221653575
284.0,F3-L2,0.05032806504920018
285.0,F3-L2,0.05538573544299652
286.0,F3-L2,0.06065166817813861
287.0,F3-L2,0.06611729662392918
288.0,F3-L2,0.07177433516733345
289.0,F3-L2,0.0776149539775588
290.0,F3-L2,0.08363196508730653
291.0,F3-L2,0.08981902488875448
292.0,F3-L2,0.09617080794373578
293.0,F3-L2,0.10268317066697819
294.0,F3-L2,0.10935333738865438
295.0,F3-L2,0.11618003225584062
296.0,F3-L2,0.12316365972969834
297.0,F3-L2,0.13030641943242927
298.0,F3-L2,0.13761243318504057
299.0,F3-L2,0.14508788359876235
300.0,F3-L2,0.152741086495098
301.0,F3-L2,0.1630546538394242
302.0,F3-L2,0.1788506532266183
303.0,F3-L2,0.20045073820102743
304.0,F3-L2,0.2281002737136646
305.0,F3-L2,0.26195712465010956
306.0,F3-L2,0.302081506926811
307.0,F3-L2,0.34842735626574495
308.0,F3-L2,0.4008353796845654
309.0,F3-L2,0.4590281905659026
310.0,F3-L2,0.5226076832394142
311.0,F3-L2,0.5910548804021118
312.0,F3-L2,0.6637323505340191
313.0,F3-L2,0.7398893156542954
314.0,F3-L2,0.8186694574122271
315.0,F3-L2,0.8991213514500487
316.0,F3-L2,0.9810334929902069
317.0,F3-L2,1.0648473705779793
318.0,F3-L2,1.1504826887218087
319.0,F3-L2,1.2378533941119372
320.0,F3-L2,1.3268678394180142
321.0,F3-L2,1.4174290026238623
322.0,F3-L2,1.5094347003303028
323.0,F3-L2,1.6027778185261923
324.0,F3-L2,1.69734658324694
325.0,F3-L2,1.793024834296432
326.0,F3-L2,1.8896923306548956
327.0,F3-L2,1.987225070098873
328.0,F3-L2,2.0854956070780304
329.0,F3-L2,2.184373408581564
330.0,F3-L2,2.28372521752965
331.0,F3-L2,2.383415442473847
332.0,F3-L2,2.483306522470059
333.0,F3-L2,2.5832593506956982
334.0,F3-L2,2.683133661476404
335.0,F3-L2,2.7827884664934572
336.0,F3-L2,2.8820824731009225
337.0,F3-L2,2.9808745041523252
338.0,F3-L2,3.0790239196611537
339.0,F3-L2,3.176391085119974
340.0,F3-L2,3.2728377660613432
341.0,F3-L2,3.368227587221952
342.0,F3-L2,3.4624264284732362
343.0,F3-L2,3.555302874776544
344.0,F3-L2,3.6467286002003334
345.0,F3-L2,3.736578780187756
346.0,F3-L2,3.824732489439498
347.0,F3-L2,3.9110730803528213
348.0,F3-L2,3.995488529291663
349.0,F3-L2,4.077871814277444
350.0,F3-L2,4.1581212182940135
351.0,F3-L2,4.236140643519036
352.0,F3-L2,4.3118399059289345
353.0,F3-L2,4.385135005449968
354.0,F3-L2,4.455948369933537
355.0,F3-L2,4.524209070687903
356.0,F3-L2,4.589853023703199
357.0,F3-L2,4.652823148670905
358.0,F3-L2,4.713069528516826
359.0,F3-L2,4.770549495609771
360.0,F3-L2,4.8252277436876625
361.0,F3-L2,4.877076378379343
362.0,F3-L2,4.926074952451188
363.0,F3-L2,4.97221043801386
364.0,F3-L2,5.0154772515987815
365.0,F3-L2,5.055877151601919
366.0,F3-L2,5.0934191843595045
367.0,F3-L2,5.128119551868963
368.0,F3-L2,5.160001489263209
369.0,F3-L2,5.189095097280756
370.0,F3-L2,5.215437176365299
371.0,F3-L2,5.239070959514265
372.0,F3-L2,5.260045946044329
373.0,F3-L2,5.278417602635045
374.0,F3-L2,5.294247105537011
375.0,F3-L2,5.307601027628209
376.0,F3-L2,5.318551038502051
377.0,F3-L2,5.327173590505197
378.0,F3-L2,5.333549560838662
379.0,F3-L2,5.337763891334532
380.0,F3-L2,5.339905244629165
381.0,F3-L2,5.340065618100084
382.0,F3-L2,5.3383399715963264
383.0,F3-L2,5.334825826226563
384.0,F3-L2,5.329622888705387
385.0,F3-L2,5.322832657005733
386.0,F3-L2,5.3145580261414125
387.0,F3-L2,5.3049029149195235
388.0,F3-L2,5.29397185427996
389.0,F3-L2,5.281869620706232
390.0,F3-L2,5.268700853659084
391.0,F3-L2,5.254569690636572
392.0,F3-L2,5.239579412891942
393.0,F3-L2,5.223832092011435
394.0,F3-L2,5.207428266517468
395.0,F3-L2,5.190466601975629
396.0,F3-L2,5.173043586617382
397.0,F3-L2,5.155253249159102
398.0,F3-L2,5.137186874447195
399.0,F3-L2,5.118932730170002
400.0,F3-L2,5.100575853654277
401.0,F3-L2,5.086843895561003
402.0,F3-L2,5.0824941352900055
403.0,F3-L2,5.08727139758588
404.0,F3-L2,5.100797023678808
405.0,F3-L2,5.122576328688467
406.0,F3-L2,5.152008356037754
407.0,F3-L2,5.188397609940409
408.0,F3-L2,5.23096757386071
409.0,F3-L2,5.2788757036034895
410.0,F3-L2,5.331229499029234
411.0,F3-L2,5.387103314955368
412.0,F3-L2,5.445555579470465
413.0,F3-L2,5.505645933064045
414.0,F3-L2,5.566451979729663
415.0,F3-L2,5.627085277604635
416.0,F3-L2,5.68620217926798
417.0,F3-L2,5.742997922335803
418.0,F3-L2,5.797469603821241
419.0,F3-L2,5.849619588430755
420.0,F3-L2,5.899455431498893
421.0,F3-L2,5.946989809411832
422.0,F3-L2,5.992240399570392
423.0,F3-L2,6.03522975015278
424.0,F3-L2,6.075985157211846
425.0,F3-L2,6.11453849169186
426.0,F3-L2,6.150926034078964
427.0,F3-L2,6.185188284466506
428.0,F3-L2,6.217369763940667
429.0,F3-L2,6.247518803964454
430.0,F3-L2,6.275687307294049
431.0,F3-L2,6.301930529624144
432.0,F3-L2,6.3263068227684585
433.0,F3-L2,6.348877379173189
434.0,F3-L2,6.3697059752807945
435.0,F3-L2,6.388858706596807
436.0,F3-L2,6.406403700312126
437.0,F3-L2,6.4224108679282494
438.0,F3-L2,6.436951594980769
439.0,F3-L2,6.450098475565483
440.0,F3-L2,6.461925031494218
441.0,F3-L2,6.472505429263947
442.0,F3-L2,6.4819142235892855
443.0,F3-L2,6.490226048825832
444.0,F3-L2,6.497515380561197
445.0,F3-L2,6.503856255348808
446.0,F3-L2,6.509322031716749
447.0,F3-L2,6.513985128726972
448.0,F3-L2,6.517916789164076
449.0,F3-L2,6.521186849996127
450.0,F3-L2,6.523863527815649
451.0,F3-L2,6.526013215547607
452.0,F3-L2,6.527700266237048
453.0,F3-L2,6.5289868338022075
454.0,F3-L2,6.529932700494044
455.0,F3-L2,6.530595110993318
456.0,F3-L2,6.531028638096302
457.0,F3-L2,6.531285062235213
458.0,F3-L2,6.531413257273016
459.0,F3-L2,6.531459103196994
460.0,F3-L2,6.531465397030786
461.0,F3-L2,6.531465410731073
462.0,F3-L2,6.531465423512316
463.0,F3-L2,6.531465437671841
464.0,F3-L2,6.531465450912663
465.0,F3-L2,6.5314654636938485
466.0,F3-L2,6.531465477393851
467.0,F3-L2,6.531465491094082
468.0,F3-L2,6.531465504794198
469.0,F3-L2,6.531465518035134
470.0,F3-L2,6.531465531275842
471.0,F3-L2,6.531465544516266
472.0,F3-L2,6.531465557756917
473.0,F3-L2,6.531465571457147
474.0,F3-L2,6.531465584697912
475.0,F3-L2,6.531465598397972
476.0,F3-L2,6.531465611179158
477.0,F3-L2,6.53146562441998
478.0,F3-L2,6.531465637660631
479.0,F3-L2,6.531465651360804
480.0,F3-L2,6.531465665061091
481.0,F3-L2,6.53146567784222
482.0,F3-L2,6.531465691542394
483.0,F3-L2,6.531465705242738
484.0,F3-L2,6.531465718483275
485.0,F3-L2,6.531465732183619
486.0,F3-L2,6.531465744505283
487.0,F3-L2,6.531465758664751
488.0,F3-L2,6.531465771905459
489.0,F3-L2,6.531465784686873
490.0,F3-L2,6.531465798846341
491.0,F3-L2,6.531465812546344
492.0,F3-L2,6.531465825327814
493.0,F3-L2,6.5314658385683515
494.0,F3-L2,6.531465851809401
495.0,F3-L2,6.531465865509404
496.0,F3-L2,6.531465879209577
497.0,F3-L2,6.531465891990706
498.0,F3-L2,6.531465905231244
499.0,F3-L2,6.531465918931417
500.0,F3-L2,6.531465932172125
501.0,F3-L2,6.531465945872299
502.0,F3-L2,6.531465958653598
503.0,F3-L2,6.53146597281301
504.0,F3-L2,6.531465986054059
505.0,F3-L2,6.531465999754062
506.0,F3-L2,6.531466012994656
507.0,F3-L2,6.531466026235364
508.0,F3-L2,6.531466039476072
509.0,F3-L2,6.531466052716951
510.0,F3-L2,6.531466065498421
511.0,F3-L2,6.531466079657832
512.0,F3-L2,6.531466092898427
513.0,F3-L2,6.531466106139135
514.0,F3-L2,6.531466119379559
515.0,F3-L2,6.531466133080016
516.0,F3-L2,6.531466146320611
517.0,F3-L2,6.531466160020898
518.0,F3-L2,6.531466172802027
519.0,F3-L2,6.5314661860429055
520.0,F3-L2,6.531466200202374
521.0,F3-L2,6.5314662125240375
522.0,F3-L2,6.531466227143085
523.0,F3-L2,6.531466240383679
524.0,F3-L2,6.531466253165263
525.0,F3-L2,6.531466266865436
526.0,F3-L2,6.531466279646395
527.0,F3-L2,6.531466293806147
528.0,F3-L2,6.5314663070468555
529.0,F3-L2,6.53146632028762
530.0,F3-L2,6.531466333528158
531.0,F3-L2,6.531466346768866
532.0,F3-L2,6.531466360468869
533.0,F3-L2,6.531466373709804
534.0,F3-L2,6.5314663869505125
535.0,F3-L2,6.5314664001908795
536.0,F3-L2,6.531466413431758
537.0,F3-L2,6.531466427131818
538.0,F3-L2,6.5314664408319345
539.0,F3-L2,6.531466454532449
540.0,F3-L2,6.531466467313692
541.0,F3-L2,6.531466481013865
542.0,F3-L2,6.531466493795165
543.0,F3-L2,6.531466507954633
544.0,F3-L2,6.531466521195171
545.0,F3-L2,6.531466533976584
546.0,F3-L2,6.531466547676757
547.0,F3-L2,6.531466560917465
548.0,F3-L2,6.531466574617525
549.0,F3-L2,6.531466587858063
550.0,F3-L2,6.531466600639362
551.0,F3-L2,6.531466614339706
552.0,F3-L2,6.5314666275803575
553.0,F3-L2,6.531466640820781
554.0,F3-L2,6.531466654521125
555.0,F3-L2,6.531466668680878
556.0,F3-L2,6.531466681002598
557.0,F3-L2,6.531466694702715
558.0,F3-L2,6.531466707483844
559.0,F3-L2,6.531466721643483
560.0,F3-L2,6.531466735343827
561.0,F3-L2,6.531466748124899
562.0,F3-L2,6.531466761365493
563.0,F3-L2,6.531466775065951
564.0,F3-L2,6.531466788306375
565.0,F3-L2,6.531466802006719
566.0,F3-L2,6.5314668147879615
567.0,F3-L2,6.5314668284879644
568.0,F3-L2,6.531466841728843
569.0,F3-L2,6.531466855428846
570.0,F3-L2,6.531466868669611
571.0,F3-L2,6.531466881910433
572.0,F3-L2,6.531466895151027
573.0,F3-L2,6.531466908391565
574.0,F3-L2,6.531466921173035
575.0,F3-L2,6.531466935792082
576.0,F3-L2,6.531466949032676
577.0,F3-L2,6.5314669622733845
578.0,F3-L2,6.531466975514093
579.0,F3-L2,6.5314669892140955
580.0,F3-L2,6.531467002454974
581.0,F3-L2,6.531467016155318
582.0,F3-L2,6.531467028936277
583.0,F3-L2,6.531467042176814
584.0,F3-L2,6.531467055877158
585.0,F3-L2,6.531467068658287
586.0,F3-L2,6.5314670828177555
587.0,F3-L2,6.531467096058748
588.0,F3-L2,6.531467108839763
589.0,F3-L2,6.53146712254005
590.0,F3-L2,6.5314671353214635
591.0,F3-L2,6.531467149480818
592.0,F3-L2,6.5314671631809915
593.0,F3-L2,6.531467175962405
594.0,F3-L2,6.531467189662237
595.0,F3-L2,6.531467202903286
596.0,F3-L2,6.531467216603119
597.0,F3-L2,6.531467229844168
598.0,F3-L2,6.5314672430850464
599.0,F3-L2,6.53146725632547
600.0,F3-L2,6.531467269566178
1.0,F3-L3,0.0
2.0,F3-L3,5.7164925237884745e-08
3.0,F3-L3,1.1432990731918835e-07
4.0,F3-L3,1.714948325570731e-07
5.0,F3-L3,2.279876980537665e-07
6.0,F3-L3,2.8448047828533163e-07
7.0,F3-L3,3.4298963669243676e-07
8.0,F3-L3,3.9881038560452e-07
9.0,F3-L3,4.5597533926411415e-07
10.0,F3-L3,5.124681763390981e-07
11.0,F3-L3,5.703052181615931e-07
12.0,F3-L3,6.267980552365771e-07
13.0,F3-L3,6.839629520527524e-07
14.0,F3-L3,7.404558459711552e-07
15.0,F3-L3,7.982928877936502e-07
16.0,F3-L3,8.547857532903436e-07
17.0,F3-L3,9.119506501065189e-07
18.0,F3-L3,9.684435440249217e-07
19.0,F3-L3,1.0262805858474167e-06
20.0,F3-L3,1.0827733945006912e-06
21.0,F3-L3,1.1399383481602854e-06
22.0,F3-L3,1.1964311852352694e-06
23.0,F3-L3,1.2542682270577643e-06
24.0,F3-L3,1.3114331807173585e-06
25.0,F3-L3,1.3679260462140519e-06
26.0,F3-L3,1.425090999873646e-06
27.0,F3-L3,1.4822559251115308e-06
28.0,F3-L3,1.539420878771125e-06
29.0,F3-L3,1.595913715846109e-06
30.0,F3-L3,1.652406552921093e-06
31.0,F3-L3,1.7102435947435879e-06
32.0,F3-L3,1.767408548403182e-06
33.0,F3-L3,1.8232292688935559e-06
34.0,F3-L3,1.8803941941314406e-06
35.0,F3-L3,1.938231321219064e-06
36.0,F3-L3,1.9947241298723384e-06
37.0,F3-L3,2.0512169669473224e-06
38.0,F3-L3,2.1083819206069165e-06
39.0,F3-L3,2.1655468458448013e-06
40.0,F3-L3,2.2227117995043955e-06
41.0,F3-L3,2.27987672474228e-06
42.0,F3-L3,2.336369561817264e-06
43.0,F3-L3,2.3942066320614686e-06
44.0,F3-L3,2.4506994691364525e-06
45.0,F3-L3,2.5078644227960467e-06
46.0,F3-L3,2.56435728829274e-06
47.0,F3-L3,2.622194330115235e-06
48.0,F3-L3,2.678687167190219e-06
49.0,F3-L3,2.7358520924281038e-06
50.0,F3-L3,2.7923449010813783e-06
51.0,F3-L3,2.850182056590711e-06
52.0,F3-L3,2.906674836822276e-06
53.0,F3-L3,2.9638397904818703e-06
54.0,F3-L3,3.0203326275568543e-06
55.0,F3-L3,3.0781697546444775e-06
56.0,F3-L3,3.134662563297752e-06
57.0,F3-L3,3.1918275169573462e-06
58.0,F3-L3,3.2483202971889114e-06
59.0,F3-L3,3.306157452698244e-06
60.0,F3-L3,3.3626501760863903e-06
61.0,F3-L3,3.4191430131613743e-06
62.0,F3-L3,3.476307995242678e-06
63.0,F3-L3,3.5334729204805626e-06
64.0,F3-L3,3.5906379025618662e-06
65.0,F3-L3,3.64713073963685e-06
66.0,F3-L3,3.704295664874735e-06
67.0,F3-L3,3.761460675377748e-06
68.0,F3-L3,3.818625572193923e-06
69.0,F3-L3,3.875118380847198e-06
70.0,F3-L3,3.932283391350211e-06
71.0,F3-L3,3.9894483734315145e-06
72.0,F3-L3,4.04661324182598e-06
73.0,F3-L3,4.103106078900964e-06
74.0,F3-L3,4.160271004138849e-06
75.0,F3-L3,4.218108188069891e-06
76.0,F3-L3,4.274600996723166e-06
77.0,F3-L3,4.331765893539341e-06
78.0,F3-L3,4.388258730614325e-06
79.0,F3-L3,4.4460957440151105e-06
80.0,F3-L3,4.502588666355223e-06
81.0,F3-L3,4.559753676858236e-06
82.0,F3-L3,4.615574340505191e-06
83.0,F3-L3,4.674083498912296e-06
84.0,F3-L3,4.730576392830699e-06
85.0,F3-L3,4.787069087797136e-06
86.0,F3-L3,4.843562038558957e-06
87.0,F3-L3,4.901399080381452e-06
88.0,F3-L3,4.957891945878146e-06
89.0,F3-L3,5.015056956381159e-06
90.0,F3-L3,5.071549679769305e-06
91.0,F3-L3,5.129386835278638e-06
92.0,F3-L3,5.186551732094813e-06
93.0,F3-L3,5.243044569169797e-06
94.0,F3-L3,5.300209522829391e-06
95.0,F3-L3,5.357374419645566e-06
96.0,F3-L3,5.414539486991998e-06
97.0,F3-L3,5.471032324066982e-06
98.0,F3-L3,5.5281972208831576e-06
99.0,F3-L3,5.585362231386171e-06
100.0,F3-L3,5.642527071358927e-06
101.0,F3-L3,5.69901996527733e-06
102.0,F3-L3,5.756184975780343e-06
103.0,F3-L3,5.813349815753099e-06
104.0,F3-L3,5.8705148262561124e-06
105.0,F3-L3,5.927007663331096e-06
106.0,F3-L3,5.9841726738341094e-06
107.0,F3-L3,6.0413376843371225e-06
108.0,F3-L3,6.098502382201332e-06
109.0,F3-L3,6.154995304541444e-06
110.0,F3-L3,6.211488226881556e-06
111.0,F3-L3,6.269997356866952e-06
112.0,F3-L3,6.325818162622454e-06
113.0,F3-L3,6.3829830025952106e-06
114.0,F3-L3,6.439475868091904e-06
115.0,F3-L3,6.497312966757818e-06
116.0,F3-L3,6.553805803832802e-06
117.0,F3-L3,6.610970700648977e-06
118.0,F3-L3,6.667463622989089e-06
119.0,F3-L3,6.725300664811584e-06
120.0,F3-L3,6.7817935871516966e-06
121.0,F3-L3,6.838958512389581e-06
122.0,F3-L3,6.895451321042856e-06
123.0,F3-L3,6.953288306021932e-06
124.0,F3-L3,7.009781228362044e-06
125.0,F3-L3,7.066946182021638e-06
126.0,F3-L3,7.124111107259523e-06
127.0,F3-L3,7.181276174605955e-06
128.0,F3-L3,7.2384410145787115e-06
129.0,F3-L3,7.294933936918824e-06
130.0,F3-L3,7.352098833734999e-06
131.0,F3-L3,7.409263815816303e-06
132.0,F3-L3,7.466428712632478e-06
133.0,F3-L3,7.522921578129171e-06
134.0,F3-L3,7.579414386782446e-06
135.0,F3-L3,7.63725148544836e-06
136.0,F3-L3,7.693744322523344e-06
137.0,F3-L3,7.750237188020037e-06
138.0,F3-L3,7.807402084836212e-06
139.0,F3-L3,7.864567038495807e-06
140.0,F3-L3,7.92173204899882e-06
141.0,F3-L3,7.978224886073804e-06
142.0,F3-L3,8.035389782889979e-06
143.0,F3-L3,8.093226767869055e-06
144.0,F3-L3,8.149719803896005e-06
145.0,F3-L3,8.206884643868761e-06
146.0,F3-L3,8.263377509365455e-06
147.0,F3-L3,8.321214721718206e-06
148.0,F3-L3,8.377707416684643e-06
149.0,F3-L3,8.434872398765947e-06
150.0,F3-L3,8.49136526426264e-06
151.0,F3-L3,8.549202306085135e-06
152.0,F3-L3,8.60569511473841e-06
153.0,F3-L3,8.662860011554585e-06
154.0,F3-L3,8.71935282020786e-06
155.0,F3-L3,8.777190032560611e-06
156.0,F3-L3,8.833682869635595e-06
157.0,F3-L3,8.89084782329519e-06
158.0,F3-L3,8.94734080247872e-06
159.0,F3-L3,9.005177673770959e-06
160.0,F3-L3,9.062342684273972e-06
161.0,F3-L3,9.118163404764346e-06
162.0,F3-L3,9.17532833000223e-06
163.0,F3-L3,9.233165457089854e-06
164.0,F3-L3,9.289658294164838e-06
165.0,F3-L3,9.346151102818112e-06
166.0,F3-L3,9.403316113321125e-06
167.0,F3-L3,9.46048106698072e-06
168.0,F3-L3,9.517645963796895e-06
169.0,F3-L3,9.574138800871879e-06
170.0,F3-L3,9.631303640844635e-06
171.0,F3-L3,9.688468821877905e-06
172.0,F3-L3,9.745633633428952e-06
173.0,F3-L3,9.802126470503936e-06
174.0,F3-L3,9.85929142416353e-06
175.0,F3-L3,9.9164566051968e-06
176.0,F3-L3,9.973621445169556e-06
177.0,F3-L3,1.0030786341985731e-05
178.0,F3-L3,1.0087279321169262e-05
179.0,F3-L3,1.01451161924615e-05
180.0,F3-L3,1.0201609200066741e-05
181.0,F3-L3,1.0258774153726335e-05
182.0,F3-L3,1.0315266877114482e-05
183.0,F3-L3,1.0373104203154071e-05
184.0,F3-L3,1.042959681285538e-05
185.0,F3-L3,1.0486761709671555e-05
186.0,F3-L3,1.0542582543848766e-05
187.0,F3-L3,1.0601091616990743e-05
188.0,F3-L3,1.0656912564854792e-05
189.0,F3-L3,1.071407734798413e-05
190.0,F3-L3,1.0770570270324242e-05
191.0,F3-L3,1.0828407255303318e-05
192.0,F3-L3,1.088490017764343e-05
193.0,F3-L3,1.0942065159724734e-05
194.0,F3-L3,1.099923005654091e-05
195.0,F3-L3,1.105639520915247e-05
196.0,F3-L3,1.1113560105968645e-05
197.0,F3-L3,1.117005288620021e-05
198.0,F3-L3,1.1227217783016386e-05
199.0,F3-L3,1.1284382935627946e-05
200.0,F3-L3,1.1341547576648736e-05
201.0,F3-L3,1.1398040612675686e-05
202.0,F3-L3,1.1455205509491861e-05
203.0,F3-L3,1.1512370519994874e-05
204.0,F3-L3,1.156953541681105e-05
205.0,F3-L3,1.1626028339151162e-05
206.0,F3-L3,1.1683193349654175e-05
207.0,F3-L3,1.1740358132783513e-05
208.0,F3-L3,1.1797523143286526e-05
209.0,F3-L3,1.18540159519398e-05
210.0,F3-L3,1.1910508760593075e-05
211.0,F3-L3,1.196901794742189e-05
212.0,F3-L3,1.2025510869762002e-05
213.0,F3-L3,1.2082003792102114e-05
214.0,F3-L3,1.2138496600755388e-05
215.0,F3-L3,1.2196333699421302e-05
216.0,F3-L3,1.2252826508074577e-05
217.0,F3-L3,1.2309991291203914e-05
218.0,F3-L3,1.2366484327230864e-05
219.0,F3-L3,1.2424321425896778e-05
220.0,F3-L3,1.248081434823689e-05
221.0,F3-L3,1.2537979245053066e-05
222.0,F3-L3,1.2594471940019503e-05
223.0,F3-L3,1.2652308924998579e-05
224.0,F3-L3,1.2708801847338691e-05
225.0,F3-L3,1.276596708521538e-05
226.0,F3-L3,1.2822459780181816e-05
227.0,F3-L3,1.2880296765160892e-05
228.0,F3-L3,1.2937461661977068e-05
229.0,F3-L3,1.2993954698004018e-05
230.0,F3-L3,1.3051119594820193e-05
231.0,F3-L3,1.3108284605323206e-05
232.0,F3-L3,1.3165449615826219e-05
233.0,F3-L3,1.3221942310792656e-05
234.0,F3-L3,1.3279107434982507e-05
235.0,F3-L3,1.3336272331798682e-05
236.0,F3-L3,1.3393437228614857e-05
237.0,F3-L3,1.3449257949105231e-05
238.0,F3-L3,1.3506423073295082e-05
239.0,F3-L3,1.3564260058274158e-05
240.0,F3-L3,1.3620752753240595e-05
241.0,F3-L3,1.3677245675580707e-05
242.0,F3-L3,1.373441068608372e-05
243.0,F3-L3,1.3791575497634767e-05
244.0,F3-L3,1.3848740621824618e-05
245.0,F3-L3,1.3905905518640793e-05
246.0,F3-L3,1.3962398526246034e-05
247.0,F3-L3,1.402023553964682e-05
248.0,F3-L3,1.4076728234613256e-05
249.0,F3-L3,1.4133893245116269e-05
250.0,F3-L3,1.4190386281143219e-05
251.0,F3-L3,1.4248223379809133e-05
252.0,F3-L3,1.4304715961088732e-05
253.0,F3-L3,1.4361880971591745e-05
254.0,F3-L3,1.4418373893931857e-05
255.0,F3-L3,1.4476210878910933e-05
256.0,F3-L3,1.4532703687564208e-05
257.0,F3-L3,1.4589868811754059e-05
258.0,F3-L3,1.4646361506720496e-05
259.0,F3-L3,1.4704198747494956e-05
260.0,F3-L3,1.4760691556148231e-05
261.0,F3-L3,7.040727979301664e-06
262.0,F3-L3,-4.475568772477345e-05
263.0,F3-L3,-0.00017992523129350957
264.0,F3-L3,-0.00043308470242209296
265.0,F3-L3,-0.0008341781170031481
266.0,F3-L3,-0.0014084959628632987
267.0,F3-L3,-0.002176766133715091
268.0,F3-L3,-0.00315520869384045
269.0,F3-L3,-0.00435565575429564
270.0,F3-L3,-0.005785673165632943
271.0,F3-L3,-0.007448707701598778
272.0,F3-L3,-0.009344225404561257
273.0,F3-L3,-0.011467933969043997
274.0,F3-L3,-0.013811948395783702
275.0,F3-L3,-0.01636500900917781
276.0,F3-L3,-0.019112717462093087
277.0,F3-L3,-0.022037771676195916
278.0,F3-L3,-0.025120225822291786
279.0,F3-L3,-0.028337740246655585
280.0,F3-L3,-0.03166586583995468
281.0,F3-L3,-0.03507832707441594
282.0,F3-L3,-0.03854728130846752
283.0,F3-L3,-0.04204365603311544
284.0,F3-L3,-0.04553741247997323
285.0,F3-L3,-0.04899785313975258
286.0,F3-L3,-0.05239393125341962
287.0,F3-L3,-0.055694524164863424
288.0,F3-L3,-0.05886877383611022
289.0,F3-L3,-0.061886350119948474
290.0,F3-L3,-0.06471774616491643
291.0,F3-L3,-0.06733458524752223
292.0,F3-L3,-0.06970990112904474
293.0,F3-L3,-0.07181838853333034
294.0,F3-L3,-0.07363670821530377
295.0,F3-L3,-0.07514370356167888
296.0,F3-L3,-0.07632069819752019
297.0,F3-L3,-0.07715169934516553
298.0,F3-L3,-0.07762362347943963
299.0,F3-L3,-0.07772654747378738
300.0,F3-L3,-0.07745386665840215
301.0,F3-L3,-0.08028499011868462
302.0,F3-L3,-0.09026138824970076
303.0,F3-L3,-0.10796133563678723
304.0,F3-L3,-0.1338766129764224
305.0,F3-L3,-0.1683955550765006
306.0,F3-L3,-0.21178709723173483
307.0,F3-L3,-0.26418624616962916
308.0,F3-L3,-0.3255812649757388
309.0,F3-L3,-0.3958032800080957
310.0,F3-L3,-0.47451835707602186
311.0,F3-L3,-0.5612226043651845
312.0,F3-L3,-0.6552405027562997
313.0,F3-L3,-0.7557267300310286
314.0,F3-L3,-0.8616717047640634
315.0,F3-L3,-0.9719107992168006
316.0,F3-L3,-1.0851821207469072
317.0,F3-L3,-1.2009977828463718
318.0,F3-L3,-1.3192504021224067
319.0,F3-L3,-1.4398256052340628
320.0,F3-L3,-1.562602346339105
321.0,F3-L3,-1.6874531699811257
322.0,F3-L3,-1.8142445592974639
323.0,F3-L3,-1.9428372662796676
324.0,F3-L3,-2.073086688908546
325.0,F3-L3,-2.204843251856971
326.0,F3-L3,-2.3379527885622338
327.0,F3-L3,-2.4722569972005317
328.0,F3-L3,-2.607593836835491
329.0,F3-L3,-2.7437979639900334
330.0,F3-L3,-2.8807012180339484
331.0,F3-L3,-3.0181330499114267
332.0,F3-L3,-3.155920993381528
333.0,F3-L3,-3.2938911617565054
334.0,F3-L3,-3.4318686663502547
335.0,F3-L3,-3.5696781476533204
336.0,F3-L3,-3.707144245965793
337.0,F3-L3,-3.8440920459171366
338.0,F3-L3,-3.980347537394607
339.0,F3-L3,-4.115738126466738
340.0,F3-L3,-4.250093060203227
341.0,F3-L3,-4.383243900731429
342.0,F3-L3,-4.515024935818076
343.0,F3-L3,-4.645273655374183
344.0,F3-L3,-4.7738311239180575
345.0,F3-L3,-4.9005424153726835
346.0,F3-L3,-5.02525700122473
347.0,F3-L3,-5.147829116646449
348.0,F3-L3,-5.268118143718937
349.0,F3-L3,-5.385988950948928
350.0,F3-L3,-5.501312219427064
351.0,F3-L3,-5.613964742506909
352.0,F3-L3,-5.72382973273821
353.0,F3-L3,-5.830797090213281
354.0,F3-L3,-5.934763656296241
355.0,F3-L3,-6.035633436212549
356.0,F3-L3,-6.133317833167695
357.0,F3-L3,-6.227735806278503
358.0,F3-L3,-6.318814067507191
359.0,F3-L3,-6.4064872103924415
360.0,F3-L3,-6.490697828173694
361.0,F3-L3,-6.571396645814104
362.0,F3-L3,-6.648542558398219
363.0,F3-L3,-6.722102701128108
364.0,F3-L3,-6.792052503168009
365.0,F3-L3,-6.858375646871053
366.0,F3-L3,-6.921064107072283
367.0,F3-L3,-6.980118075944546
368.0,F3-L3,-7.035545898579244
369.0,F3-L3,-7.087364007717014
370.0,F3-L3,-7.135596798907784
371.0,F3-L3,-7.180276488847596
372.0,F3-L3,-7.221442983750734
373.0,F3-L3,-7.25914366876637
374.0,F3-L3,-7.293433233060114
375.0,F3-L3,-7.324373430114406
376.0,F3-L3,-7.352032817609029
377.0,F3-L3,-7.376486524177636
378.0,F3-L3,-7.397815915261759
379.0,F3-L3,-7.416108324365268
380.0,F3-L3,-7.431456695634239
381.0,F3-L3,-7.443959267757037
382.0,F3-L3,-7.453719174973372
383.0,F3-L3,-7.460844100411464
384.0,F3-L3,-7.4654458731614
385.0,F3-L3,-7.467640038235885
386.0,F3-L3,-7.46754545962591
387.0,F3-L3,-7.465283902272887
388.0,F3-L3,-7.46097956072154
389.0,F3-L3,-7.454758646395135
390.0,F3-L3,-7.446748897420491
391.0,F3-L3,-7.437079162544308
392.0,F3-L3,-7.425878923784381
393.0,F3-L3,-7.413277843660069
394.0,F3-L3,-7.399405323151484
395.0,F3-L3,-7.384390026829834
396.0,F3-L3,-7.368359449809077
397.0,F3-L3,-7.351439493986533
398.0,F3-L3,-7.333754025687995
399.0,F3-L3,-7.315424460532853
400.0,F3-L3,-7.296569380057832
401.0,F3-L3,-7.283242211322204
402.0,F3-L3,-7.281505679797306
403.0,F3-L3,-7.291008626264215
404.0,F3-L3,-7.311251965916426
405.0,F3-L3,-7.341597881675455
406.0,F3-L3,-7.381281627052516
407.0,F3-L3,-7.4294256192310115
408.0,F3-L3,-7.485055655414158
409.0,F3-L3,-7.547118856682516
410.0,F3-L3,-7.614502962240124
411.0,F3-L3,-7.686056602685625
412.0,F3-L3,-7.760610103213821
413.0,F3-L3,-7.836996378789479
414.0,F3-L3,-7.914071425887727
415.0,F3-L3,-7.990734047206843
416.0,F3-L3,-8.065350627496514
417.0,F3-L3,-8.136962292597616
418.0,F3-L3,-8.205574215840898
419.0,F3-L3,-8.271197881392226
420.0,F3-L3,-8.333850939860866
421.0,F3-L3,-8.393557091552054
422.0,F3-L3,-8.450345911208188
423.0,F3-L3,-8.504252661150247
424.0,F3-L3,-8.555318122138232
425.0,F3-L3,-8.603588366529408
426.0,F3-L3,-8.649114542874571
427.0,F3-L3,-8.691952642188568
428.0,F3-L3,-8.732163249116297
429.0,F3-L3,-8.769811285025213
430.0,F3-L3,-8.804965721582562
431.0,F3-L3,-8.837699318256341
432.0,F3-L3,-8.868088319510122
433.0,F3-L3,-8.896212156202495
434.0,F3-L3,-8.922153135309117
435.0,F3-L3,-8.945996139436971
436.0,F3-L3,-8.967828285199317
437.0,F3-L3,-8.987738633427739
438.0,F3-L3,-9.005817828613061
439.0,F3-L3,-9.022157786235454
440.0,F3-L3,-9.036851363796188
441.0,F3-L3,-9.049992028307003
442.0,F3-L3,-9.061673552721743
443.0,F3-L3,-9.071989653789416
444.0,F3-L3,-9.081033708768189
445.0,F3-L3,-9.08889841764622
446.0,F3-L3,-9.095675527103225
447.0,F3-L3,-9.101455508516551
448.0,F3-L3,-9.106327279466768
449.0,F3-L3,-9.11037792765066
450.0,F3-L3,-9.113692445563572
451.0,F3-L3,-9.1163534945305
452.0,F3-L3,-9.11844113456857
453.0,F3-L3,-9.12003263105953
454.0,F3-L3,-9.121202249511356
455.0,F3-L3,-9.122021046962516
456.0,F3-L3,-9.122556714398286
457.0,F3-L3,-9.122873424173918
458.0,F3-L3,-9.123031690666721
459.0,F3-L3,-9.123088265113125
460.0,F3-L3,-9.123096029082177
461.0,F3-L3,-9.123096045275958
462.0,F3-L3,-9.12309606146971
463.0,F3-L3,-9.123096078816843
464.0,F3-L3,-9.123096095010425
465.0,F3-L3,-9.123096110627301
466.0,F3-L3,-9.12309612682057
467.0,F3-L3,-9.123096143014322
468.0,F3-L3,-9.12309615978458
469.0,F3-L3,-9.123096175978333
470.0,F3-L3,-9.123096192748989
471.0,F3-L3,-9.123096208365581
472.0,F3-L3,-9.123096224559134
473.0,F3-L3,-9.12309624190658
474.0,F3-L3,-9.12309625809985
475.0,F3-L3,-9.123096273716925
476.0,F3-L3,-9.123096289910478
477.0,F3-L3,-9.12309630610406
478.0,F3-L3,-9.123096322297727
479.0,F3-L3,-9.123096339067786
480.0,F3-L3,-9.123096355838442
481.0,F3-L3,-9.123096371455205
482.0,F3-L3,-9.123096387648786
483.0,F3-L3,-9.123096403842453
484.0,F3-L3,-9.123096420612882
485.0,F3-L3,-9.123096436806463
486.0,F3-L3,-9.12309645300013
487.0,F3-L3,-9.123096469770388
488.0,F3-L3,-9.123096485387236
489.0,F3-L3,-9.123096501581017
490.0,F3-L3,-9.123096518927866
491.0,F3-L3,-9.123096534544743
492.0,F3-L3,-9.123096550738694
493.0,F3-L3,-9.123096566932077
494.0,F3-L3,-9.123096583125829
495.0,F3-L3,-9.1230965998962
496.0,F3-L3,-9.123096616666544
497.0,F3-L3,-9.123096632860097
498.0,F3-L3,-9.1230966478999
499.0,F3-L3,-9.123096664670271
500.0,F3-L3,-9.123096680864222
501.0,F3-L3,-9.123096697634367
502.0,F3-L3,-9.123096713828318
503.0,F3-L3,-9.12309673059869
504.0,F3-L3,-9.123096746215282
505.0,F3-L3,-9.123096763562415
506.0,F3-L3,-9.123096779756168
507.0,F3-L3,-9.123096794796169
508.0,F3-L3,-9.123096811566512
509.0,F3-L3,-9.123096827760264
510.0,F3-L3,-9.123096843377056
511.0,F3-L3,-9.12309686072399
512.0,F3-L3,-9.12309687691777
513.0,F3-L3,-9.123096893688313
514.0,F3-L3,-9.123096908727916
515.0,F3-L3,-9.12309692549826
516.0,F3-L3,-9.123096942269001
517.0,F3-L3,-9.123096958462583
518.0,F3-L3,-9.123096974656136
519.0,F3-L3,-9.123096990849916
520.0,F3-L3,-9.12309700704327
521.0,F3-L3,-9.123097023236852
522.0,F3-L3,-9.123097040584184
523.0,F3-L3,-9.123097055623987
524.0,F3-L3,-9.123097071817739
525.0,F3-L3,-9.123097088588281
526.0,F3-L3,-9.123097104781664
527.0,F3-L3,-9.123097121552206
528.0,F3-L3,-9.123097137745589
529.0,F3-L3,-9.123097154516131
530.0,F3-L3,-9.123097169556104
531.0,F3-L3,-9.123097185749486
532.0,F3-L3,-9.123097203096819
533.0,F3-L3,-9.12309721871398
534.0,F3-L3,-9.123097235484153
535.0,F3-L3,-9.123097251677706
536.0,F3-L3,-9.123097267871287
537.0,F3-L3,-9.12309728464163
538.0,F3-L3,-9.123097300835212
539.0,F3-L3,-9.123097316451975
540.0,F3-L3,-9.123097332645756
541.0,F3-L3,-9.123097349416298
542.0,F3-L3,-9.123097365609851
543.0,F3-L3,-9.123097382380223
544.0,F3-L3,-9.123097398573776
545.0,F3-L3,-9.12309741476733
546.0,F3-L3,-9.12309743038432
547.0,F3-L3,-9.123097446577674
548.0,F3-L3,-9.123097463925205
549.0,F3-L3,-9.123097479541798
550.0,F3-L3,-9.12309749573518
551.0,F3-L3,-9.123097512505723
552.0,F3-L3,-9.123097528699674
553.0,F3-L3,-9.123097544892858
554.0,F3-L3,-9.1230975616632
555.0,F3-L3,-9.12309757785718
556.0,F3-L3,-9.123097593473943
557.0,F3-L3,-9.123097609667525
558.0,F3-L3,-9.123097626437868
559.0,F3-L3,-9.12309764263145
560.0,F3-L3,-9.123097659401964
561.0,F3-L3,-9.123097675595346
562.0,F3-L3,-9.123097690635348
563.0,F3-L3,-9.123097707406089
564.0,F3-L3,-9.123097724176063
565.0,F3-L3,-9.123097740946776
566.0,F3-L3,-9.123097756563567
567.0,F3-L3,-9.12309777333354
568.0,F3-L3,-9.123097789527492
569.0,F3-L3,-9.123097806298034
570.0,F3-L3,-9.123097822491417
571.0,F3-L3,-9.123097838108379
572.0,F3-L3,-9.12309785430196
573.0,F3-L3,-9.123097870495513
574.0,F3-L3,-9.123097886689294
575.0,F3-L3,-9.123097904036229
576.0,F3-L3,-9.123097919652992
577.0,F3-L3,-9.123097936423363
578.0,F3-L3,-9.123097951463336
579.0,F3-L3,-9.123097968233907
580.0,F3-L3,-9.12309798500425
581.0,F3-L3,-9.123098001774792
582.0,F3-L3,-9.123098017391555
583.0,F3-L3,-9.123098033584938
584.0,F3-L3,-9.12309805035548
585.0,F3-L3,-9.123098066549062
586.0,F3-L3,-9.123098083319206
587.0,F3-L3,-9.123098098936396
588.0,F3-L3,-9.12309811455296
589.0,F3-L3,-9.12309813132353
590.0,F3-L3,-9.123098147517084
591.0,F3-L3,-9.123098164864217
592.0,F3-L3,-9.123098180481009
593.0,F3-L3,-9.12309819725155
594.0,F3-L3,-9.123098212868143
595.0,F3-L3,-9.123098228485304
596.0,F3-L3,-9.12309824583204
597.0,F3-L3,-9.12309826202602
598.0,F3-L3,-9.12309827821997
599.0,F3-L3,-9.123098294413154
600.0,F3-L3,-9.123098310606707
