Stage,Point,Scenario,Seed,h,kappa,Method,Aggregation,Follower,Samples,Maximum,Mean,CDF95,RMSE3D
E5,full,baseline_3f,1,5.0,0.5,cusum_fgo,follower,1,30001,3.3965549494652905,0.9624045017407669,1.5860071499917296,1.0432562941762682
E5,full,baseline_3f,1,5.0,0.5,cusum_fgo,follower,2,30001,2.113481044303766,0.8114189334733162,1.307704389675552,0.8646980482017042
E5,full,baseline_3f,1,5.0,0.5,cusum_fgo,follower,3,30001,1.7067643865673818,0.8553050604632937,1.310684180328446,0.9027210759740386
E5,full,baseline_3f,1,5.0,0.5,cusum_fgo,pooled,0,90003,3.3965549494652905,0.8763761652257923,1.4145526144336393,0.9400339977734781
E5,full,baseline_3f,1,5.0,0.5,cusum_fgo,macro,0,90003,2.405600126778813,0.8763761652257923,1.4014652399985759,0.936891806117337
E5,full,baseline_3f,2,5.0,0.5,cusum_fgo,follower,1,30001,2.2355993776023655,0.8197467443622966,1.4220773299525682,0.8809005275549529
E5,full,baseline_3f,2,5.0,0.5,cusum_fgo,follower,2,30001,3.4923326065138847,1.414749610418365,2.293207450093629,1.5011713525060668
E5,full,baseline_3f,2,5.0,0.5,cusum_fgo,follower,3,30001,2.687845048280942,0.9838375801579761,1.542819557414525,1.0492119235871749
E5,full,baseline_3f,2,5.0,0.5,cusum_fgo,pooled,0,90003,3.4923326065138847,1.0727779783128792,1.8816532905628305,1.1733636591197956
E5,full,baseline_3f,2,5.0,0.5,cusum_fgo,macro,0,90003,2.805259010799064,1.0727779783128792,1.7527014458202406,1.1437612678827314
E5,full,baseline_3f,3,5.0,0.5,cusum_fgo,follower,1,30001,2.1578810767523855,0.6965672426673897,1.442275419538161,0.7898555019158138
E5,full,baseline_3f,3,5.0,0.5,cusum_fgo,follower,2,30001,2.3299477207846016,0.8280429211875544,1.378828067879779,0.8911425042055116
E5,full,baseline_3f,3,5.0,0.5,cusum_fgo,follower,3,30001,1.7943386169488575,0.48169845540789774,0.9226203143475394,0.5435420814657949
E5,full,baseline_3f,3,5.0,0.5,cusum_fgo,pooled,0,90003,2.3299477207846016,0.6687695397542807,1.3250928618144855,0.7557434906616841
E5,full,baseline_3f,3,5.0,0.5,cusum_fgo,macro,0,90003,2.094055804828615,0.6687695397542806,1.2479079339218264,0.7415133625290401
E5,full,baseline_3f,4,5.0,0.5,cusum_fgo,follower,1,30001,3.8177589353744485,1.409537325756228,2.0325758540241554,1.4750831290163942
E5,full,baseline_3f,4,5.0,0.5,cusum_fgo,follower,2,30001,2.968185503630669,1.001897626182651,1.612995592489182,1.0537959454647847
E5,full,baseline_3f,4,5.0,0.5,cusum_fgo,follower,3,30001,2.7019828063850158,0.8884631322337823,1.5662293044080184,0.9768841861785629
E5,full,baseline_3f,4,5.0,0.5,cusum_fgo,pooled,0,90003,3.8177589353744485,1.0999660280575538,1.8296137730253834,1.1889293286247882
E5,full,baseline_3f,4,5.0,0.5,cusum_fgo,macro,0,90003,3.162642415130044,1.0999660280575538,1.737266916973785,1.1685877535532472
E5,full,baseline_3f,5,5.0,0.5,cusum_fgo,follower,1,30001,4.810933873712289,1.699936446457223,2.9872905471972353,1.8602411960789422
E5,full,baseline_3f,5,5.0,0.5,cusum_fgo,follower,2,30001,4.083171107463046,0.6811639432886663,1.4638112421771186,0.8274647352169732
E5,full,baseline_3f,5,5.0,0.5,cusum_fgo,follower,3,30001,2.9556450606437483,0.8855543480719369,1.3014243157709051,0.9360789431052324
E5,full,baseline_3f,5,5.0,0.5,cusum_fgo,pooled,0,90003,4.810933873712289,1.0888849126059423,2.323030579485345,1.2937592490287
E5,full,baseline_3f,5,5.0,0.5,cusum_fgo,macro,0,90003,3.949916680606361,1.0888849126059421,1.9175087017150865,1.2079282914670493
E5,full,baseline_3f,6,5.0,0.5,cusum_fgo,follower,1,30001,2.6678055926090227,1.1207992234872566,1.8810993948499832,1.2071305989388252
E5,full,baseline_3f,6,5.0,0.5,cusum_fgo,follower,2,30001,2.891090217229851,1.498942373772964,2.2483899518840333,1.589687440728261
E5,full,baseline_3f,6,5.0,0.5,cusum_fgo,follower,3,30001,1.8674411864499518,0.783581572531838,1.255217695541905,0.8238745772258647
E5,full,baseline_3f,6,5.0,0.5,cusum_fgo,pooled,0,90003,2.891090217229851,1.1344410565973528,2.0183428969812796,1.246734369075556
E5,full,baseline_3f,6,5.0,0.5,cusum_fgo,macro,0,90003,2.4754456654296084,1.1344410565973526,1.7949023474253074,1.206897538964317
E5,full,baseline_3f,7,5.0,0.5,cusum_fgo,follower,1,30001,3.7197461519927524,0.830650206423151,1.6185477988954473,0.9626343639524734
E5,full,baseline_3f,7,5.0,0.5,cusum_fgo,follower,2,30001,2.513388369710836,1.2856493010930325,1.8775457997341178,1.3465583815878925
E5,full,baseline_3f,7,5.0,0.5,cusum_fgo,follower,3,30001,1.5143349364258054,0.5179807278366164,0.9888126309729661,0.5733086448551605
E5,full,baseline_3f,7,5.0,0.5,cusum_fgo,pooled,0,90003,3.7197461519927524,0.8780934117842667,1.741962450527334,1.0113633036570733
E5,full,baseline_3f,7,5.0,0.5,cusum_fgo,macro,0,90003,2.5824898193764647,0.8780934117842666,1.4949687432008438,0.9608337967985087
E5,full,baseline_3f,8,5.0,0.5,cusum_fgo,follower,1,30001,7.473231815987526,1.200547339137208,1.891630926543703,1.4992557433227087
E5,full,baseline_3f,8,5.0,0.5,cusum_fgo,follower,2,30001,3.64272702335081,0.6401851805322416,1.2322533912153955,0.7822276348812803
E5,full,baseline_3f,8,5.0,0.5,cusum_fgo,follower,3,30001,2.362594609452679,0.8784629152615667,1.404600870850033,0.9384936827514507
E5,full,baseline_3f,8,5.0,0.5,cusum_fgo,pooled,0,90003,7.473231815987526,0.9063984783103388,1.6764383293732945,1.1166047120956264
E5,full,baseline_3f,8,5.0,0.5,cusum_fgo,macro,0,90003,4.492851149597005,0.9063984783103387,1.5094950628697106,1.0733256869851466
E5,full,baseline_3f,9,5.0,0.5,cusum_fgo,follower,1,30001,2.1222466261684434,0.8502854565633569,1.418802886944581,0.9162880851475911
E5,full,baseline_3f,9,5.0,0.5,cusum_fgo,follower,2,30001,2.314224518964617,0.7367263020416016,1.528942689217306,0.8269078709797306
E5,full,baseline_3f,9,5.0,0.5,cusum_fgo,follower,3,30001,2.5773015981413745,0.7532836718876891,1.3086017359470257,0.8146913842353608
E5,full,baseline_3f,9,5.0,0.5,cusum_fgo,pooled,0,90003,2.5773015981413745,0.7800984768308823,1.4203261895782906,0.8538310788477618
E5,full,baseline_3f,9,5.0,0.5,cusum_fgo,macro,0,90003,2.3379242477581452,0.7800984768308825,1.4187824373696376,0.8526291134542275
E5,full,baseline_3f,10,5.0,0.5,cusum_fgo,follower,1,30001,2.3623346306079385,0.6513587345286816,1.1763512985507358,0.7120133038908495
E5,full,baseline_3f,10,5.0,0.5,cusum_fgo,follower,2,30001,2.0583822758713235,0.9976633083228692,1.6063657509708336,1.0642304858130762
E5,full,baseline_3f,10,5.0,0.5,cusum_fgo,follower,3,30001,1.7421803922220376,0.42207168213179047,0.8117902333021291,0.4794065538287314
E5,full,baseline_3f,10,5.0,0.5,cusum_fgo,pooled,0,90003,2.3623346306079385,0.6903645749944469,1.4576332435182158,0.7893837502983873
E5,full,baseline_3f,10,5.0,0.5,cusum_fgo,macro,0,90003,2.0542990995670998,0.690364574994447,1.1981690942745662,0.751883447844219
E5,full,baseline_3f,11,5.0,0.5,cusum_fgo,follower,1,30001,2.6622309725819497,0.962230223789633,1.6221314483374483,1.0295558603439199
E5,full,baseline_3f,11,5.0,0.5,cusum_fgo,follower,2,30001,2.9000796890730776,1.1677796864188879,1.7757138703197013,1.2252971719982153
E5,full,baseline_3f,11,5.0,0.5,cusum_fgo,follower,3,30001,2.6730130590875336,0.6340251738898995,1.2317305527176197,0.7147509853343792
E5,full,baseline_3f,11,5.0,0.5,cusum_fgo,pooled,0,90003,2.9000796890730776,0.9213450280328069,1.6487737742759057,1.011963009915514
E5,full,baseline_3f,11,5.0,0.5,cusum_fgo,macro,0,90003,2.7451079069141873,0.9213450280328068,1.5431919571249233,0.9898680058921713
E5,full,baseline_3f,12,5.0,0.5,cusum_fgo,follower,1,30001,3.4841801712222837,0.9730012414734691,1.8765728990451436,1.1056157211766213
E5,full,baseline_3f,12,5.0,0.5,cusum_fgo,follower,2,30001,2.3202344514587074,0.6875265736425782,1.3751999571550722,0.7631369437715707
E5,full,baseline_3f,12,5.0,0.5,cusum_fgo,follower,3,30001,2.3774783721582384,1.0069203606203865,1.4335940535056992,1.0427447498529343
E5,full,baseline_3f,12,5.0,0.5,cusum_fgo,pooled,0,90003,3.4841801712222837,0.8891493919121446,1.5285143268585604,0.9818487207317587
E5,full,baseline_3f,12,5.0,0.5,cusum_fgo,macro,0,90003,2.7272976649464096,0.8891493919121446,1.5617889699019714,0.9704991382670421
E5,full,baseline_3f,13,5.0,0.5,cusum_fgo,follower,1,30001,4.132169325842958,1.3076340806053932,1.9045066830940245,1.388948770666257
E5,full,baseline_3f,13,5.0,0.5,cusum_fgo,follower,2,30001,2.2355515433357547,0.74646982646216,1.306145559118452,0.8085723964987124
E5,full,baseline_3f,13,5.0,0.5,cusum_fgo,follower,3,30001,2.8992583754747603,0.975844899285739,1.7366714419803468,1.08669784259779
E5,full,baseline_3f,13,5.0,0.5,cusum_fgo,pooled,0,90003,4.132169325842958,1.0099829354510974,1.7409118232283376,1.1201012170069973
E5,full,baseline_3f,13,5.0,0.5,cusum_fgo,macro,0,90003,3.0889930815511577,1.0099829354510974,1.649107894730941,1.09473966992092
E5,full,baseline_3f,14,5.0,0.5,cusum_fgo,follower,1,30001,3.771872092194832,0.8269572309737092,1.6522035900891558,0.9502834773646033
E5,full,baseline_3f,14,5.0,0.5,cusum_fgo,follower,2,30001,3.148719954016936,0.8801959057798673,1.8371319690794616,1.0311886069157947
E5,full,baseline_3f,14,5.0,0.5,cusum_fgo,follower,3,30001,2.1419834051988356,1.0559852584128473,1.701335458896771,1.1178147314869695
E5,full,baseline_3f,14,5.0,0.5,cusum_fgo,pooled,0,90003,3.771872092194832,0.9210461317221412,1.7441165593924959,1.0353579742154218
E5,full,baseline_3f,14,5.0,0.5,cusum_fgo,macro,0,90003,3.0208584838035346,0.9210461317221412,1.730223672688463,1.0330956052557891
E5,full,baseline_3f,15,5.0,0.5,cusum_fgo,follower,1,30001,2.630680678358852,1.1822101807152228,1.9744464761631741,1.2594642006448196
E5,full,baseline_3f,15,5.0,0.5,cusum_fgo,follower,2,30001,2.8718242968261216,1.2614724251159177,1.9805137215469264,1.3248935310723517
E5,full,baseline_3f,15,5.0,0.5,cusum_fgo,follower,3,30001,1.7076112734924862,0.547131505798413,1.0252323762861433,0.6076918412674392
E5,full,baseline_3f,15,5.0,0.5,cusum_fgo,pooled,0,90003,2.8718242968261216,0.9969380372098512,1.8445583609112666,1.112187381593328
E5,full,baseline_3f,15,5.0,0.5,cusum_fgo,macro,0,90003,2.4033720828924867,0.9969380372098513,1.6600641913320813,1.0640165243282034
E5,full,baseline_3f,16,5.0,0.5,cusum_fgo,follower,1,30001,2.388725278727993,0.7416134819571336,1.4050153469650262,0.8299001171858251
E5,full,baseline_3f,16,5.0,0.5,cusum_fgo,follower,2,30001,2.462173023496169,0.7525972607630997,1.2398088490848644,0.8028262025789444
E5,full,baseline_3f,16,5.0,0.5,cusum_fgo,follower,3,30001,1.7380910537782903,0.6326263858533604,1.1321536037315572,0.6930438835701613
E5,full,baseline_3f,16,5.0,0.5,cusum_fgo,pooled,0,90003,2.462173023496169,0.7089457095245312,1.267658907848288,0.7775118306937815
E5,full,baseline_3f,16,5.0,0.5,cusum_fgo,macro,0,90003,2.1963297853341506,0.7089457095245312,1.2589925999271492,0.775256734444977
E5,full,baseline_3f,17,5.0,0.5,cusum_fgo,follower,1,30001,2.7593162182975783,1.308192351647674,1.9009386386415166,1.3557012562586392
E5,full,baseline_3f,17,5.0,0.5,cusum_fgo,follower,2,30001,2.4697173290713628,0.9806578714577892,1.5637517960515614,1.0387143804937315
E5,full,baseline_3f,17,5.0,0.5,cusum_fgo,follower,3,30001,1.7186992559026673,0.986400009040021,1.412811937673981,1.0276801786324905
E5,full,baseline_3f,17,5.0,0.5,cusum_fgo,pooled,0,90003,2.7593162182975783,1.091750077381828,1.6819503299323368,1.150793930296216
E5,full,baseline_3f,17,5.0,0.5,cusum_fgo,macro,0,90003,2.315910934423869,1.091750077381828,1.6258341241223528,1.1406986051282872
E5,full,baseline_3f,18,5.0,0.5,cusum_fgo,follower,1,30001,4.695743503928328,1.4987055108250507,2.9431248315571583,1.6581786834045877
E5,full,baseline_3f,18,5.0,0.5,cusum_fgo,follower,2,30001,4.839198398928516,1.3463046233415186,2.6566503899567624,1.5067062005313259
E5,full,baseline_3f,18,5.0,0.5,cusum_fgo,follower,3,30001,2.0840928040355267,0.5548436909461255,1.1715460755466276,0.6388425245148728
E5,full,baseline_3f,18,5.0,0.5,cusum_fgo,pooled,0,90003,4.839198398928516,1.1332846083708983,2.485176217838952,1.3450947788099608
E5,full,baseline_3f,18,5.0,0.5,cusum_fgo,macro,0,90003,3.8730115689641234,1.1332846083708983,2.257107099020183,1.2679091361502621
E5,full,baseline_3f,19,5.0,0.5,cusum_fgo,follower,1,30001,3.3366570228314187,0.9893290887857501,1.5159974193256827,1.0672084764644123
E5,full,baseline_3f,19,5.0,0.5,cusum_fgo,follower,2,30001,3.2119627823722916,0.8570985825639789,1.4420957534480163,0.9457437461889155
E5,full,baseline_3f,19,5.0,0.5,cusum_fgo,follower,3,30001,1.9225436948837171,0.47133067768308373,0.8111054736027256,0.5302654299292741
E5,full,baseline_3f,19,5.0,0.5,cusum_fgo,pooled,0,90003,3.3366570228314187,0.7725861163442709,1.3702394727372083,0.8783595679581746
E5,full,baseline_3f,19,5.0,0.5,cusum_fgo,macro,0,90003,2.8237211666958095,0.772586116344271,1.2563995487921416,0.847739217527534
E5,full,baseline_3f,20,5.0,0.5,cusum_fgo,follower,1,30001,4.751033354164964,1.386282922644771,2.128160108711117,1.5076000088884005
E5,full,baseline_3f,20,5.0,0.5,cusum_fgo,follower,2,30001,2.746667321795957,0.8536966682006162,1.4145753262324805,0.9176583760350557
E5,full,baseline_3f,20,5.0,0.5,cusum_fgo,follower,3,30001,2.2422298277953443,0.6817893229659875,1.2998693708823785,0.7508023012131225
E5,full,baseline_3f,20,5.0,0.5,cusum_fgo,pooled,0,90003,4.751033354164964,0.9739229712704582,1.807967912852535,1.107347999714411
E5,full,baseline_3f,20,5.0,0.5,cusum_fgo,macro,0,90003,3.246643501252089,0.9739229712704582,1.6142016019419918,1.0586868953788595
E5,full,baseline_3f,21,5.0,0.5,cusum_fgo,follower,1,30001,5.432085263235166,1.7185556512636657,2.570855322467738,1.8801893768796158
E5,full,baseline_3f,21,5.0,0.5,cusum_fgo,follower,2,30001,5.631411814937714,1.200922249961729,1.8743821234470677,1.3646387807287732
E5,full,baseline_3f,21,5.0,0.5,cusum_fgo,follower,3,30001,7.454932426019677,0.6723738883852943,1.3452557532653469,1.1313713203989515
E5,full,baseline_3f,21,5.0,0.5,cusum_fgo,pooled,0,90003,7.454932426019677,1.1972839298702296,2.368964084194382,1.4919061810785486
E5,full,baseline_3f,21,5.0,0.5,cusum_fgo,macro,0,90003,6.172809834730852,1.1972839298702296,1.9301643997267177,1.45873315933578
E5,full,baseline_3f,22,5.0,0.5,cusum_fgo,follower,1,30001,3.361288371095298,0.9138053673685511,1.7917838832934665,1.0273362679428286
E5,full,baseline_3f,22,5.0,0.5,cusum_fgo,follower,2,30001,5.610364613196064,1.1693509905760546,2.2106189663419875,1.3086956703944077
E5,full,baseline_3f,22,5.0,0.5,cusum_fgo,follower,3,30001,5.925529028578288,1.204114114510115,1.7170991177442394,1.314984816006457
E5,full,baseline_3f,22,5.0,0.5,cusum_fgo,pooled,0,90003,5.925529028578288,1.0957568241515736,2.0396900399888818,1.224375926947725
E5,full,baseline_3f,22,5.0,0.5,cusum_fgo,macro,0,90003,4.965727337623217,1.0957568241515736,1.906500655793231,1.217005584781231
E5,full,baseline_3f,23,5.0,0.5,cusum_fgo,follower,1,30001,2.746239123932566,0.8626263327985291,1.5707040182450376,0.9541104163962344
E5,full,baseline_3f,23,5.0,0.5,cusum_fgo,follower,2,30001,2.149575319330726,1.1126415974546413,1.6103930767645356,1.1516489330623794
E5,full,baseline_3f,23,5.0,0.5,cusum_fgo,follower,3,30001,1.689447483290467,0.5595169039647685,0.9295142426313356,0.6026219240936057
E5,full,baseline_3f,23,5.0,0.5,cusum_fgo,pooled,0,90003,2.746239123932566,0.8449282780726464,1.5044718650122304,0.9309090781055174
E5,full,baseline_3f,23,5.0,0.5,cusum_fgo,macro,0,90003,2.195087308851253,0.8449282780726463,1.3702037792136361,0.9027937578507399
E5,full,baseline_3f,24,5.0,0.5,cusum_fgo,follower,1,30001,2.83798315903175,0.8322910891800211,1.54961894709786,0.9293103721602273
E5,full,baseline_3f,24,5.0,0.5,cusum_fgo,follower,2,30001,3.1422974909504955,0.6804923391184432,1.1991511759433386,0.74214602171982
E5,full,baseline_3f,24,5.0,0.5,cusum_fgo,follower,3,30001,2.2427429232861655,0.8471905270929494,1.3652566291369232,0.8933942510781324
E5,full,baseline_3f,24,5.0,0.5,cusum_fgo,pooled,0,90003,3.1422974909504955,0.7866579851304712,1.3824114317541731,0.8587882496515256
E5,full,baseline_3f,24,5.0,0.5,cusum_fgo,macro,0,90003,2.7410078577561365,0.7866579851304714,1.3713422507260409,0.8549502149860598
E5,full,baseline_3f,25,5.0,0.5,cusum_fgo,follower,1,30001,3.052159672078776,0.7435219485824665,1.4836732380456459,0.8652981468481148
E5,full,baseline_3f,25,5.0,0.5,cusum_fgo,follower,2,30001,2.0450590810956957,0.7033438962780889,1.2070589454970864,0.7645911648093007
E5,full,baseline_3f,25,5.0,0.5,cusum_fgo,follower,3,30001,1.9588899566212115,0.5491840765489737,1.0368726014082734,0.6129131695589682
E5,full,baseline_3f,25,5.0,0.5,cusum_fgo,pooled,0,90003,3.052159672078776,0.6653499738031763,1.2790169040619679,0.7547633372261016
E5,full,baseline_3f,25,5.0,0.5,cusum_fgo,macro,0,90003,2.352036236598561,0.6653499738031764,1.242534928317002,0.7476008270721278
E5,full,baseline_3f,26,5.0,0.5,cusum_fgo,follower,1,30001,4.645793396207346,0.9415826966675802,1.7065685131983184,1.0821681494474191
E5,full,baseline_3f,26,5.0,0.5,cusum_fgo,follower,2,30001,2.1235186630266885,0.825108054422164,1.4429134946563218,0.8898823450756139
E5,full,baseline_3f,26,5.0,0.5,cusum_fgo,follower,3,30001,2.3462709971243187,0.8101695649991991,1.4103844516144297,0.864665713208149
E5,full,baseline_3f,26,5.0,0.5,cusum_fgo,pooled,0,90003,4.645793396207346,0.8589534386963145,1.4913032925683334,0.9505481378926377
E5,full,baseline_3f,26,5.0,0.5,cusum_fgo,macro,0,90003,3.0385276854527845,0.8589534386963145,1.51995548648969,0.9455720692437274
E5,full,baseline_3f,27,5.0,0.5,cusum_fgo,follower,1,30001,6.109954407718939,1.807479536281041,3.0272158079566327,2.0012702987755624
E5,full,baseline_3f,27,5.0,0.5,cusum_fgo,follower,2,30001,4.022612588848567,1.051108092550407,2.3442001422550978,1.1977505511534317
E5,full,baseline_3f,27,5.0,0.5,cusum_fgo,follower,3,30001,2.3944396859813346,0.7793767817586902,1.2883778289551342,0.8414064168023764
E5,full,baseline_3f,27,5.0,0.5,cusum_fgo,pooled,0,90003,6.109954407718939,1.212654803530046,2.6154963033085648,1.4315089881876155
E5,full,baseline_3f,27,5.0,0.5,cusum_fgo,macro,0,90003,4.175668894182946,1.2126548035300462,2.2199312597222884,1.346809088910457
E5,full,baseline_3f,28,5.0,0.5,cusum_fgo,follower,1,30001,4.327332736933135,1.147328252087954,1.9965987441506656,1.2908035513540457
E5,full,baseline_3f,28,5.0,0.5,cusum_fgo,follower,2,30001,3.3892290277181045,1.295829219877047,1.7985597647876248,1.3501443786298497
E5,full,baseline_3f,28,5.0,0.5,cusum_fgo,follower,3,30001,2.520546428131767,0.8741585401054919,1.3914237956012097,0.943254223399105
E5,full,baseline_3f,28,5.0,0.5,cusum_fgo,pooled,0,90003,4.327332736933135,1.1057720040234977,1.8105427334652138,1.2081379862270492
E5,full,baseline_3f,28,5.0,0.5,cusum_fgo,macro,0,90003,3.4123693975943357,1.1057720040234975,1.7288607681798334,1.1947340511276667
E5,full,baseline_3f,29,5.0,0.5,cusum_fgo,follower,1,30001,4.160647408647515,1.5266682074181783,2.208807766895152,1.6134935500717147
E5,full,baseline_3f,29,5.0,0.5,cusum_fgo,follower,2,30001,2.4580133424385964,0.6275511080912256,1.2965166487424522,0.7203641116743599
E5,full,baseline_3f,29,5.0,0.5,cusum_fgo,follower,3,30001,2.035315841433101,0.7940219712075057,1.369324795220956,0.8569463844479612
E5,full,baseline_3f,29,5.0,0.5,cusum_fgo,pooled,0,90003,4.160647408647515,0.9827470955723032,1.9119703090901121,1.1338199438667276
E5,full,baseline_3f,29,5.0,0.5,cusum_fgo,macro,0,90003,2.884658864173071,0.9827470955723032,1.624883070286187,1.0636013487313452
E5,full,baseline_3f,30,5.0,0.5,cusum_fgo,follower,1,30001,3.172481718718923,1.1941404301464107,1.9671622807829587,1.2656362997976127
E5,full,baseline_3f,30,5.0,0.5,cusum_fgo,follower,2,30001,2.3174632250133036,1.0148479170338267,1.6364764320718757,1.0717919409433891
E5,full,baseline_3f,30,5.0,0.5,cusum_fgo,follower,3,30001,3.3823961824017044,0.6436435560118042,1.2564764349097224,0.7562349112073047
E5,full,baseline_3f,30,5.0,0.5,cusum_fgo,pooled,0,90003,3.3823961824017044,0.9508773010640139,1.7303395992500012,1.052372628708626
E5,full,baseline_3f,30,5.0,0.5,cusum_fgo,macro,0,90003,2.9574470420446435,0.9508773010640138,1.6200383825881854,1.0312210506494355
E5,full,baseline_3f,31,5.0,0.5,cusum_fgo,follower,1,30001,5.8705186806860175,1.9078782332684132,3.0636962547858455,2.091973649460592
E5,full,baseline_3f,31,5.0,0.5,cusum_fgo,follower,2,30001,2.5030157173500474,1.416056185157259,1.9917277065292767,1.4686802862919324
E5,full,baseline_3f,31,5.0,0.5,cusum_fgo,follower,3,30001,2.282346512213143,0.9034413511527667,1.5741520110278897,0.9897222026859344
E5,full,baseline_3f,31,5.0,0.5,cusum_fgo,pooled,0,90003,5.8705186806860175,1.4091252565261463,2.694746042813438,1.582500718469507
E5,full,baseline_3f,31,5.0,0.5,cusum_fgo,macro,0,90003,3.5519603034164025,1.4091252565261463,2.2098586574476706,1.516792046146153
E5,full,baseline_3f,32,5.0,0.5,cusum_fgo,follower,1,30001,3.0897514930327756,0.8602394592981031,1.7046502499670573,0.9602328443897624
E5,full,baseline_3f,32,5.0,0.5,cusum_fgo,follower,2,30001,4.132183356028114,1.108308598185177,2.062095632110597,1.2427195515748262
E5,full,baseline_3f,32,5.0,0.5,cusum_fgo,follower,3,30001,2.776301867801442,0.9993922832357234,1.5601327473822564,1.06371520810616
E5,full,baseline_3f,32,5.0,0.5,cusum_fgo,pooled,0,90003,4.132183356028114,0.9893134469063345,1.8597866815947928,1.0951238960756178
E5,full,baseline_3f,32,5.0,0.5,cusum_fgo,macro,0,90003,3.3327455722874437,0.9893134469063346,1.7756262098199702,1.0888892013569162
E5,full,baseline_3f,33,5.0,0.5,cusum_fgo,follower,1,30001,3.845942087512065,2.0031634907502704,3.05329614454727,2.138766035408106
E5,full,baseline_3f,33,5.0,0.5,cusum_fgo,follower,2,30001,3.0763367922561633,1.1334866129957726,1.6213276032577784,1.1983998557007451
E5,full,baseline_3f,33,5.0,0.5,cusum_fgo,follower,3,30001,2.1380124696271543,0.7156335577314649,1.3823212105956053,0.7969746632140665
E5,full,baseline_3f,33,5.0,0.5,cusum_fgo,pooled,0,90003,3.845942087512065,1.2840945538258361,2.7332060936244784,1.488360505406766
E5,full,baseline_3f,33,5.0,0.5,cusum_fgo,macro,0,90003,3.0200971164651276,1.2840945538258361,2.018981652800218,1.3780468514409725
E5,full,baseline_3f,34,5.0,0.5,cusum_fgo,follower,1,30001,5.002687253563408,1.4476727721547336,3.346642805191619,1.6515411581888413
E5,full,baseline_3f,34,5.0,0.5,cusum_fgo,follower,2,30001,3.597440605369182,0.9139624987676106,1.869614135575102,1.0318254003278096
E5,full,baseline_3f,34,5.0,0.5,cusum_fgo,follower,3,30001,1.8298617895563365,1.1014760606140845,1.4792204875375052,1.130407332333413
E5,full,baseline_3f,34,5.0,0.5,cusum_fgo,pooled,0,90003,5.002687253563408,1.1543704438454763,2.1850264103612997,1.300009306498294
E5,full,baseline_3f,34,5.0,0.5,cusum_fgo,macro,0,90003,3.476663216162976,1.1543704438454763,2.231825809434742,1.271257963616688
E5,full,baseline_3f,35,5.0,0.5,cusum_fgo,follower,1,30001,1.9208970012073674,0.6407176598340719,1.2675732144649596,0.7199588463357549
E5,full,baseline_3f,35,5.0,0.5,cusum_fgo,follower,2,30001,2.652094995641277,0.9994776129591949,1.7472565351626725,1.093009181955192
E5,full,baseline_3f,35,5.0,0.5,cusum_fgo,follower,3,30001,2.172355706782013,0.7618123938427509,1.5269656620648615,0.848721932923571
E5,full,baseline_3f,35,5.0,0.5,cusum_fgo,pooled,0,90003,2.652094995641277,0.8006692222120059,1.5744756750960283,0.9006180714155866
E5,full,baseline_3f,35,5.0,0.5,cusum_fgo,macro,0,90003,2.2484492345435525,0.8006692222120059,1.513931803897498,0.8872299870715059
E5,full,baseline_3f,36,5.0,0.5,cusum_fgo,follower,1,30001,4.664537440818641,1.8368150515591883,2.618369033060938,1.9379702485232373
E5,full,baseline_3f,36,5.0,0.5,cusum_fgo,follower,2,30001,3.646142064661203,1.530039446140723,2.3556420634669366,1.6294448361100768
E5,full,baseline_3f,36,5.0,0.5,cusum_fgo,follower,3,30001,2.914534287322276,0.7306121171792412,1.4597637097267104,0.8332933694516071
E5,full,baseline_3f,36,5.0,0.5,cusum_fgo,pooled,0,90003,4.664537440818641,1.3658222049597175,2.4347651794276386,1.5389603631087045
E5,full,baseline_3f,36,5.0,0.5,cusum_fgo,macro,0,90003,3.7417379309340397,1.3658222049597175,2.1445916020848617,1.4669028180283072
E5,full,baseline_3f,37,5.0,0.5,cusum_fgo,follower,1,30001,2.379021855328081,0.9920816422518772,1.7068752420393785,1.0854063814496449
E5,full,baseline_3f,37,5.0,0.5,cusum_fgo,follower,2,30001,3.329413138187878,1.1931795850543052,1.871050664578763,1.2680581149740617
E5,full,baseline_3f,37,5.0,0.5,cusum_fgo,follower,3,30001,3.0785425368691186,0.9623511166069425,1.857387476754723,1.0632644114887624
E5,full,baseline_3f,37,5.0,0.5,cusum_fgo,pooled,0,90003,3.329413138187878,1.0492041146377082,1.8112626857789536,1.14260077667599
E5,full,baseline_3f,37,5.0,0.5,cusum_fgo,macro,0,90003,2.9289925101283596,1.0492041146377085,1.811771127790955,1.1389096359708228
E5,full,baseline_3f,38,5.0,0.5,cusum_fgo,follower,1,30001,2.667481226856405,0.9974173974177861,1.502948779877648,1.049255103549584
E5,full,baseline_3f,38,5.0,0.5,cusum_fgo,follower,2,30001,2.3204531503147,0.7138791001618353,1.3861685936484107,0.7945125278705836
E5,full,baseline_3f,38,5.0,0.5,cusum_fgo,follower,3,30001,1.8273368710139737,0.8688401727141524,1.4049641691422183,0.9150508118205661
E5,full,baseline_3f,38,5.0,0.5,cusum_fgo,pooled,0,90003,2.667481226856405,0.8600455567645912,1.4377094149521816,0.9254736476496113
E5,full,baseline_3f,38,5.0,0.5,cusum_fgo,macro,0,90003,2.2717570827283597,0.8600455567645913,1.431360514222759,0.9196061477469112
E5,full,baseline_3f,39,5.0,0.5,cusum_fgo,follower,1,30001,4.0083423810713885,1.1479669441813742,1.8776632290023934,1.2508518063689786
E5,full,baseline_3f,39,5.0,0.5,cusum_fgo,follower,2,30001,2.5801231828804547,0.9105330884699655,1.4361551040551448,0.9590245294159979
E5,full,baseline_3f,39,5.0,0.5,cusum_fgo,follower,3,30001,2.052185242580702,0.7401017347506037,1.2103582787724991,0.7915927971292266
E5,full,baseline_3f,39,5.0,0.5,cusum_fgo,pooled,0,90003,4.0083423810713885,0.9328672558006478,1.6328027152914308,1.01832827810829
E5,full,baseline_3f,39,5.0,0.5,cusum_fgo,macro,0,90003,2.8802169355108482,0.9328672558006478,1.5080588706100126,1.000489710971401
E5,full,baseline_3f,40,5.0,0.5,cusum_fgo,follower,1,30001,3.5955499369094213,0.7828113261557129,1.5197289768698763,0.8818082875878881
E5,full,baseline_3f,40,5.0,0.5,cusum_fgo,follower,2,30001,5.855122994001933,1.5187877819675075,3.4531172308782057,1.7631092946257132
E5,full,baseline_3f,40,5.0,0.5,cusum_fgo,follower,3,30001,2.1898621813855272,0.5396263019352375,1.0172875243038229,0.6063341014662357
E5,full,baseline_3f,40,5.0,0.5,cusum_fgo,pooled,0,90003,5.855122994001933,0.9470751366861526,2.193580992193053,1.190767439294946
E5,full,baseline_3f,40,5.0,0.5,cusum_fgo,macro,0,90003,3.880178370765627,0.9470751366861526,1.9967112440173018,1.0837505612266123
E5,full,baseline_3f,41,5.0,0.5,cusum_fgo,follower,1,30001,3.423718049921529,1.4056967386793457,2.2331484985643004,1.4925473686608315
E5,full,baseline_3f,41,5.0,0.5,cusum_fgo,follower,2,30001,2.5786665202440706,0.7048774358796707,1.5068549140711187,0.8057598552594635
E5,full,baseline_3f,41,5.0,0.5,cusum_fgo,follower,3,30001,2.4127192721525708,0.8386069839955627,1.5357685556536336,0.9130740956214276
E5,full,baseline_3f,41,5.0,0.5,cusum_fgo,pooled,0,90003,3.423718049921529,0.9830603861848597,1.958599258209808,1.1121527017664155
E5,full,baseline_3f,41,5.0,0.5,cusum_fgo,macro,0,90003,2.805034614106057,0.9830603861848597,1.7585906560963507,1.0704604398472408
E5,full,baseline_3f,42,5.0,0.5,cusum_fgo,follower,1,30001,4.375917733555842,1.0645527639422887,1.7131436410613776,1.159675358601331
E5,full,baseline_3f,42,5.0,0.5,cusum_fgo,follower,2,30001,3.1487760729130483,0.8103083348282013,1.5827962732211325,0.8951539537058109
E5,full,baseline_3f,42,5.0,0.5,cusum_fgo,follower,3,30001,2.0343824575201834,0.7036930668688632,1.5066986847804527,0.7954163155057358
E5,full,baseline_3f,42,5.0,0.5,cusum_fgo,pooled,0,90003,4.375917733555842,0.8595180552131176,1.600275566938313,0.9624334874256665
E5,full,baseline_3f,42,5.0,0.5,cusum_fgo,macro,0,90003,3.1863587546630243,0.8595180552131177,1.6008795330209875,0.9500818759376258
E5,full,baseline_3f,43,5.0,0.5,cusum_fgo,follower,1,30001,3.948061784194019,0.8821217477335963,1.3978976162543693,0.9793144276740163
E5,full,baseline_3f,43,5.0,0.5,cusum_fgo,follower,2,30001,2.5391438340924615,1.1387932669473035,1.656022782835785,1.1915557301425188
E5,full,baseline_3f,43,5.0,0.5,cusum_fgo,follower,3,30001,1.9309148321082568,0.5183199831578669,0.9699373095641397,0.5709080729980904
E5,full,baseline_3f,43,5.0,0.5,cusum_fgo,pooled,0,90003,3.948061784194019,0.8464116659462557,1.5211776431149606,0.94952581746546
E5,full,baseline_3f,43,5.0,0.5,cusum_fgo,macro,0,90003,2.8060401501315795,0.8464116659462556,1.3412859028847646,0.9139260769382086
E5,full,baseline_3f,44,5.0,0.5,cusum_fgo,follower,1,30001,3.0514347278610656,1.1209114921788403,1.74397457023773,1.1845028959849901
E5,full,baseline_3f,44,5.0,0.5,cusum_fgo,follower,2,30001,2.5636826099888665,1.033783392833937,1.5710555506874564,1.098793940911371
E5,full,baseline_3f,44,5.0,0.5,cusum_fgo,follower,3,30001,2.7479101908104355,0.9385895737019577,1.3891608978148287,0.9832900652731146
E5,full,baseline_3f,44,5.0,0.5,cusum_fgo,pooled,0,90003,3.0514347278610656,1.0310948195715786,1.587185100847866,1.0919790272169723
E5,full,baseline_3f,44,5.0,0.5,cusum_fgo,macro,0,90003,2.7876758428867894,1.0310948195715783,1.5680636729133386,1.0888623007231586
E5,full,baseline_3f,45,5.0,0.5,cusum_fgo,follower,1,30001,4.520621698842011,1.7591220791247641,2.650049509927181,1.890953953795342
E5,full,baseline_3f,45,5.0,0.5,cusum_fgo,follower,2,30001,2.623260125762661,0.8124122006018968,1.417759590604855,0.8921179958344341
E5,full,baseline_3f,45,5.0,0.5,cusum_fgo,follower,3,30001,2.7006661970949972,1.2099773839373842,1.624228261714303,1.2482805506484689
E5,full,baseline_3f,45,5.0,0.5,cusum_fgo,pooled,0,90003,4.520621698842011,1.260503887888015,2.3475550251214075,1.4059143770743565
E5,full,baseline_3f,45,5.0,0.5,cusum_fgo,macro,0,90003,3.2815160072332232,1.2605038878880153,1.8973457874154465,1.3437841667594153
E5,full,baseline_3f,46,5.0,0.5,cusum_fgo,follower,1,30001,4.500998173720348,1.1538480595380625,1.7696981643005543,1.2645074551494868
E5,full,baseline_3f,46,5.0,0.5,cusum_fgo,follower,2,30001,2.569126219875873,1.1995982806740002,1.7283758530925868,1.247592291340734
E5,full,baseline_3f,46,5.0,0.5,cusum_fgo,follower,3,30001,2.756409585960181,0.8902626941611991,1.420756495876881,0.949436210657278
E5,full,baseline_3f,46,5.0,0.5,cusum_fgo,pooled,0,90003,4.500998173720348,1.081236344791087,1.6795487850957789,1.1628835922895444
E5,full,baseline_3f,46,5.0,0.5,cusum_fgo,macro,0,90003,3.2755113265188007,1.0812363447910873,1.6396101710900073,1.1538453190491662
E5,full,baseline_3f,47,5.0,0.5,cusum_fgo,follower,1,30001,2.746613471342317,0.8991951672786014,1.5902231474573272,0.9703785368201886
E5,full,baseline_3f,47,5.0,0.5,cusum_fgo,follower,2,30001,2.5773558058554698,0.8362212798862574,1.3926396518324913,0.8973012167992374
E5,full,baseline_3f,47,5.0,0.5,cusum_fgo,follower,3,30001,2.093804792566251,0.748043667939506,1.2568107550082304,0.8076681789911732
E5,full,baseline_3f,47,5.0,0.5,cusum_fgo,pooled,0,90003,2.746613471342317,0.8278200383681216,1.4153938897336191,0.8942616816394031
E5,full,baseline_3f,47,5.0,0.5,cusum_fgo,macro,0,90003,2.4725913565880124,0.8278200383681216,1.4132245180993497,0.8917826442035329
E5,full,baseline_3f,48,5.0,0.5,cusum_fgo,follower,1,30001,4.541665106179611,0.8977632008201653,1.8967746097001545,1.1154968442991042
E5,full,baseline_3f,48,5.0,0.5,cusum_fgo,follower,2,30001,2.7194161700172854,0.7061557563899368,1.282894343678062,0.781487464061618
E5,full,baseline_3f,48,5.0,0.5,cusum_fgo,follower,3,30001,1.7207667208778352,0.4366547836204298,0.8427063061828729,0.48907109262421816
E5,full,baseline_3f,48,5.0,0.5,cusum_fgo,pooled,0,90003,4.541665106179611,0.6801912469435105,1.3940908264208152,0.8355130958014891
E5,full,baseline_3f,48,5.0,0.5,cusum_fgo,macro,0,90003,2.9939493323582442,0.6801912469435106,1.3407917531870297,0.7953518003283134
E5,full,baseline_3f,49,5.0,0.5,cusum_fgo,follower,1,30001,3.477338223826204,1.2497975439845486,1.847783450313386,1.3384976924044047
E5,full,baseline_3f,49,5.0,0.5,cusum_fgo,follower,2,30001,3.0703876302951367,0.9314511023196801,1.4803763803532988,0.9885203407189407
E5,full,baseline_3f,49,5.0,0.5,cusum_fgo,follower,3,30001,2.9352776145542094,1.1391921553097024,1.7423208055617665,1.2068900941693284
E5,full,baseline_3f,49,5.0,0.5,cusum_fgo,pooled,0,90003,3.477338223826204,1.106813600537977,1.752231768822935,1.186778866791824
E5,full,baseline_3f,49,5.0,0.5,cusum_fgo,macro,0,90003,3.161001156225183,1.1068136005379772,1.6901602120761503,1.1779693757642247
E5,full,baseline_3f,50,5.0,0.5,cusum_fgo,follower,1,30001,2.5501745960268334,1.1045420176481535,1.7485336089803474,1.1594009114681694
E5,full,baseline_3f,50,5.0,0.5,cusum_fgo,follower,2,30001,2.5888113942686855,1.0559969219219516,1.6769010556611479,1.1238503518945941
E5,full,baseline_3f,50,5.0,0.5,cusum_fgo,follower,3,30001,2.231946911840602,0.9056735632210106,1.4169858205867347,0.9540480973918437
E5,full,baseline_3f,50,5.0,0.5,cusum_fgo,pooled,0,90003,2.5888113942686855,1.0220708342637053,1.6700855859913133,1.0828139050800036
E5,full,baseline_3f,50,5.0,0.5,cusum_fgo,macro,0,90003,2.4569776340453733,1.0220708342637053,1.6141401617427433,1.0790997869182024
E5,no_isolation,baseline_3f,1,5.0,0.5,cusum_fgo,follower,1,30001,5.390867228792221,1.348405297089478,3.367942943319573,1.6240093321739102
E5,no_isolation,baseline_3f,1,5.0,0.5,cusum_fgo,follower,2,30001,5.233209952013201,1.2433547091719448,3.2665635167165,1.5546218977152593
E5,no_isolation,baseline_3f,1,5.0,0.5,cusum_fgo,follower,3,30001,5.3953418138832205,1.216014790217244,3.087424501223472,1.4716466869887816
E5,no_isolation,baseline_3f,1,5.0,0.5,cusum_fgo,pooled,0,90003,5.3953418138832205,1.2692582654928888,3.1855650658958212,1.5513434529646448
E5,no_isolation,baseline_3f,1,5.0,0.5,cusum_fgo,macro,0,90003,5.3398063315628805,1.269258265492889,3.2406436537531818,1.5500926389593168
E5,no_isolation,baseline_3f,2,5.0,0.5,cusum_fgo,follower,1,30001,3.3266933981945983,1.105265355453249,2.365913324446512,1.2539113849239982
E5,no_isolation,baseline_3f,2,5.0,0.5,cusum_fgo,follower,2,30001,5.294081625935896,1.6603459628002635,3.194261053122955,1.835419947546938
E5,no_isolation,baseline_3f,2,5.0,0.5,cusum_fgo,follower,3,30001,9.908818108241853,1.2998102214494536,3.2212447386185294,1.8051858139266503
E5,no_isolation,baseline_3f,2,5.0,0.5,cusum_fgo,pooled,0,90003,9.908818108241853,1.355140513234322,2.826547735770415,1.653254968024921
E5,no_isolation,baseline_3f,2,5.0,0.5,cusum_fgo,macro,0,90003,6.176531044124116,1.355140513234322,2.9271397053959993,1.631505715465862
E5,no_isolation,baseline_3f,3,5.0,0.5,cusum_fgo,follower,1,30001,3.452751584810814,0.9401165118069552,2.409213009315685,1.1564858724476763
E5,no_isolation,baseline_3f,3,5.0,0.5,cusum_fgo,follower,2,30001,3.5765024909227106,1.0741993748617034,2.6261028973087113,1.2617761651152792
E5,no_isolation,baseline_3f,3,5.0,0.5,cusum_fgo,follower,3,30001,4.458714559166017,0.7306191310899396,2.165161215330127,0.9978965285004974
E5,no_isolation,baseline_3f,3,5.0,0.5,cusum_fgo,pooled,0,90003,4.458714559166017,0.914978339252866,2.395679141726983,1.1438729745354053
E5,no_isolation,baseline_3f,3,5.0,0.5,cusum_fgo,macro,0,90003,3.829322878299847,0.914978339252866,2.4001590406515074,1.138719522021151
E5,no_isolation,baseline_3f,4,5.0,0.5,cusum_fgo,follower,1,30001,4.6315131012405715,1.6063253256498569,2.7360244779640315,1.7259725868813678
E5,no_isolation,baseline_3f,4,5.0,0.5,cusum_fgo,follower,2,30001,5.794662654957831,1.3807919692121928,2.9353592754297733,1.614475253337667
E5,no_isolation,baseline_3f,4,5.0,0.5,cusum_fgo,follower,3,30001,5.27685753250663,1.0939829023579426,2.3188075531533143,1.3339536331810973
E5,no_isolation,baseline_3f,4,5.0,0.5,cusum_fgo,pooled,0,90003,5.794662654957831,1.360366732406664,2.733414096025204,1.5668380058558207
E5,no_isolation,baseline_3f,4,5.0,0.5,cusum_fgo,macro,0,90003,5.234344429568345,1.3603667324066642,2.663397102182373,1.5581338244667107
E5,no_isolation,baseline_3f,5,5.0,0.5,cusum_fgo,follower,1,30001,4.4750227851377895,1.7605237949494588,3.44621474705758,1.9465319382083919
E5,no_isolation,baseline_3f,5,5.0,0.5,cusum_fgo,follower,2,30001,5.33693266875583,1.0634357845230007,3.293649322837918,1.4592688639295155
E5,no_isolation,baseline_3f,5,5.0,0.5,cusum_fgo,follower,3,30001,5.110862614444533,1.1075222489045122,2.462285833056445,1.3018973734583998
E5,no_isolation,baseline_3f,5,5.0,0.5,cusum_fgo,pooled,0,90003,5.33693266875583,1.310493942792324,3.205428785391836,1.59304624066779
E5,no_isolation,baseline_3f,5,5.0,0.5,cusum_fgo,macro,0,90003,4.9742726894460505,1.3104939427923241,3.067383300983981,1.569232725198769
E5,no_isolation,baseline_3f,6,5.0,0.5,cusum_fgo,follower,1,30001,3.5091231055425327,1.325300171584091,2.451334911066943,1.460994347919482
E5,no_isolation,baseline_3f,6,5.0,0.5,cusum_fgo,follower,2,30001,4.659146915780712,1.7225431114408127,3.0928186440025685,1.8751717088223296
E5,no_isolation,baseline_3f,6,5.0,0.5,cusum_fgo,follower,3,30001,3.6190826963061276,0.9505614238316449,2.0187084680735814,1.0855204856926481
E5,no_isolation,baseline_3f,6,5.0,0.5,cusum_fgo,pooled,0,90003,4.659146915780712,1.3328015689521828,2.6072881848273806,1.5087663997538665
E5,no_isolation,baseline_3f,6,5.0,0.5,cusum_fgo,macro,0,90003,3.929117572543124,1.3328015689521828,2.5209540077143644,1.4738955141448198
E5,no_isolation,baseline_3f,7,5.0,0.5,cusum_fgo,follower,1,30001,4.010689828626172,1.0103316840622323,2.796683546753586,1.2447764090184192
E5,no_isolation,baseline_3f,7,5.0,0.5,cusum_fgo,follower,2,30001,4.758710476564602,1.537999190033219,2.9640719414733683,1.6932058218193093
E5,no_isolation,baseline_3f,7,5.0,0.5,cusum_fgo,follower,3,30001,5.791628302822213,0.7780162184667678,1.7358419815829833,1.0931494091593543
E5,no_isolation,baseline_3f,7,5.0,0.5,cusum_fgo,pooled,0,90003,5.791628302822213,1.1087823641874062,2.6715199214073118,1.367648821181451
E5,no_isolation,baseline_3f,7,5.0,0.5,cusum_fgo,macro,0,90003,4.853676202670996,1.1087823641874064,2.498865823269979,1.3437105466656944
E5,no_isolation,baseline_3f,8,5.0,0.5,cusum_fgo,follower,1,30001,8.563695298349238,1.4055190233319674,3.0208029767052738,1.743630862514567
E5,no_isolation,baseline_3f,8,5.0,0.5,cusum_fgo,follower,2,30001,3.0538249248120413,0.9407022560052166,2.2613658502822833,1.124649272006913
E5,no_isolation,baseline_3f,8,5.0,0.5,cusum_fgo,follower,3,30001,3.8107346980738823,1.0350388536624542,2.1915039757819605,1.186430348910932
E5,no_isolation,baseline_3f,8,5.0,0.5,cusum_fgo,pooled,0,90003,8.563695298349238,1.1270867109998792,2.404279101191634,1.3799397985124675
E5,no_isolation,baseline_3f,8,5.0,0.5,cusum_fgo,macro,0,90003,5.142751640411721,1.1270867109998794,2.491224267589839,1.351570161144137
E5,no_isolation,baseline_3f,9,5.0,0.5,cusum_fgo,follower,1,30001,5.6633376232750905,1.1381649440193247,2.336944587571427,1.3553640587926123
E5,no_isolation,baseline_3f,9,5.0,0.5,cusum_fgo,follower,2,30001,6.370027219598524,1.0453968840178043,2.5852375230773976,1.3781841129229189
E5,no_isolation,baseline_3f,9,5.0,0.5,cusum_fgo,follower,3,30001,3.43483181529466,0.8902020148998959,1.870116610155405,1.0352877828995188
E5,no_isolation,baseline_3f,9,5.0,0.5,cusum_fgo,pooled,0,90003,6.370027219598524,1.024587947645675,2.216898570046525,1.2659942040942787
E5,no_isolation,baseline_3f,9,5.0,0.5,cusum_fgo,macro,0,90003,5.156065552722758,1.024587947645675,2.26409957360141,1.2562786515383502
E5,no_isolation,baseline_3f,10,5.0,0.5,cusum_fgo,follower,1,30001,6.637985739464402,1.0614983572121852,3.1348798449496957,1.4582552716186246
E5,no_isolation,baseline_3f,10,5.0,0.5,cusum_fgo,follower,2,30001,3.947034840366174,1.301457392710909,2.8013168829553265,1.4945390659397375
E5,no_isolation,baseline_3f,10,5.0,0.5,cusum_fgo,follower,3,30001,5.482127202573065,0.7821051820845581,2.8870289546366825,1.176552347609678
E5,no_isolation,baseline_3f,10,5.0,0.5,cusum_fgo,pooled,0,90003,6.637985739464402,1.0483536440025507,2.862093367564402,1.383766705227604
E5,no_isolation,baseline_3f,10,5.0,0.5,cusum_fgo,macro,0,90003,5.35571592746788,1.0483536440025507,2.941075227513901,1.3764488950560132
E5,no_isolation,baseline_3f,11,5.0,0.5,cusum_fgo,follower,1,30001,4.673181691984762,1.3457692397426604,3.296544652393745,1.5865854434458968
E5,no_isolation,baseline_3f,11,5.0,0.5,cusum_fgo,follower,2,30001,5.719084322163639,1.6602670801753372,4.334551636668943,1.9655282525178135
E5,no_isolation,baseline_3f,11,5.0,0.5,cusum_fgo,follower,3,30001,4.124729073954889,0.9033193422704808,3.038006947395203,1.2011156293076355
E5,no_isolation,baseline_3f,11,5.0,0.5,cusum_fgo,pooled,0,90003,5.719084322163639,1.303118554062826,3.493616820429971,1.6148512249086828
E5,no_isolation,baseline_3f,11,5.0,0.5,cusum_fgo,macro,0,90003,4.838998362701097,1.3031185540628263,3.556367745485964,1.5844097750904484
E5,no_isolation,baseline_3f,12,5.0,0.5,cusum_fgo,follower,1,30001,9.258753595719128,1.3664949373720288,3.459755019682622,1.838263362914936
E5,no_isolation,baseline_3f,12,5.0,0.5,cusum_fgo,follower,2,30001,3.7052299399519324,1.0845014986749284,2.932790707081058,1.3020817783117056
E5,no_isolation,baseline_3f,12,5.0,0.5,cusum_fgo,follower,3,30001,3.908629129465165,1.1830602472843106,2.3836973228363973,1.3097140346905864
E5,no_isolation,baseline_3f,12,5.0,0.5,cusum_fgo,pooled,0,90003,9.258753595719128,1.2113522277770892,2.8355746303556995,1.5044356640184828
E5,no_isolation,baseline_3f,12,5.0,0.5,cusum_fgo,macro,0,90003,5.624204221712074,1.2113522277770892,2.9254143498666925,1.4833530586390762
E5,no_isolation,baseline_3f,13,5.0,0.5,cusum_fgo,follower,1,30001,4.025735438366473,1.4110700460675387,2.3098408558877432,1.5014207575197347
E5,no_isolation,baseline_3f,13,5.0,0.5,cusum_fgo,follower,2,30001,6.3278472456695205,1.107909356687674,3.250597910493298,1.4729319745957772
E5,no_isolation,baseline_3f,13,5.0,0.5,cusum_fgo,follower,3,30001,3.758370623817072,1.1158416954722483,2.706382725765495,1.3327199729160857
E5,no_isolation,baseline_3f,13,5.0,0.5,cusum_fgo,pooled,0,90003,6.3278472456695205,1.2116070327424868,2.690898110419861,1.437583089669046
E5,no_isolation,baseline_3f,13,5.0,0.5,cusum_fgo,macro,0,90003,4.703984435951022,1.211607032742487,2.7556071640488455,1.435690901677199
E5,no_isolation,baseline_3f,14,5.0,0.5,cusum_fgo,follower,1,30001,12.252385676557726,1.2850249963524965,3.0856622676744543,2.013954279421719
E5,no_isolation,baseline_3f,14,5.0,0.5,cusum_fgo,follower,2,30001,5.466799991042769,1.2503467487769484,3.838903243036591,1.6460426158561332
E5,no_isolation,baseline_3f,14,5.0,0.5,cusum_fgo,follower,3,30001,5.558920867206873,1.2392209077584535,2.48953235773995,1.4533121217951146
E5,no_isolation,baseline_3f,14,5.0,0.5,cusum_fgo,pooled,0,90003,12.252385676557726,1.2581975509626329,3.1945717851476925,1.7202310170606132
E5,no_isolation,baseline_3f,14,5.0,0.5,cusum_fgo,macro,0,90003,7.759368844935789,1.2581975509626329,3.1380326228169984,1.7044363390243225
E5,no_isolation,baseline_3f,15,5.0,0.5,cusum_fgo,follower,1,30001,4.290471976594457,1.3823390118362207,2.4748507520032157,1.5155326187938483
E5,no_isolation,baseline_3f,15,5.0,0.5,cusum_fgo,follower,2,30001,4.736454144721268,1.4508572153653607,3.249518577696868,1.6267036349871253
E5,no_isolation,baseline_3f,15,5.0,0.5,cusum_fgo,follower,3,30001,3.615085269508455,0.7700530311357499,2.307882722713631,0.9905810804554462
E5,no_isolation,baseline_3f,15,5.0,0.5,cusum_fgo,pooled,0,90003,4.736454144721268,1.2010830861124435,2.520923704730046,1.4052585422458441
E5,no_isolation,baseline_3f,15,5.0,0.5,cusum_fgo,macro,0,90003,4.214003796941394,1.2010830861124437,2.6774173508045713,1.3776057780788067
E5,no_isolation,baseline_3f,16,5.0,0.5,cusum_fgo,follower,1,30001,3.777691227963055,0.9089618345660277,1.9014503556751765,1.0735681942373914
E5,no_isolation,baseline_3f,16,5.0,0.5,cusum_fgo,follower,2,30001,4.922094997088785,1.0495647143631328,2.631816839649632,1.2706744381425563
E5,no_isolation,baseline_3f,16,5.0,0.5,cusum_fgo,follower,3,30001,6.283124454168476,0.8618285072701259,1.8403921647446675,1.1985175511911998
E5,no_isolation,baseline_3f,16,5.0,0.5,cusum_fgo,pooled,0,90003,6.283124454168476,0.9401183520664288,2.1103177417446917,1.1837238579922804
E5,no_isolation,baseline_3f,16,5.0,0.5,cusum_fgo,macro,0,90003,4.994303559740105,0.9401183520664288,2.1245531200231587,1.1809200611903827
E5,no_isolation,baseline_3f,17,5.0,0.5,cusum_fgo,follower,1,30001,5.717863352587041,1.6318250272331394,3.307587552427418,1.8329519783983967
E5,no_isolation,baseline_3f,17,5.0,0.5,cusum_fgo,follower,2,30001,5.995162081848672,1.3771405919343764,3.700915569079644,1.7053168051320327
E5,no_isolation,baseline_3f,17,5.0,0.5,cusum_fgo,follower,3,30001,3.9860532674179274,1.2074731427549648,2.6234996829962696,1.3570087914117808
E5,no_isolation,baseline_3f,17,5.0,0.5,cusum_fgo,pooled,0,90003,5.995162081848672,1.4054795873074937,3.228037290876383,1.644109811919425
E5,no_isolation,baseline_3f,17,5.0,0.5,cusum_fgo,macro,0,90003,5.233026233951214,1.4054795873074937,3.2106676015011106,1.6317591916474035
E5,no_isolation,baseline_3f,18,5.0,0.5,cusum_fgo,follower,1,30001,6.696831026023439,1.5186715079812825,3.5328189607970653,1.820344938776253
E5,no_isolation,baseline_3f,18,5.0,0.5,cusum_fgo,follower,2,30001,8.699260062096043,1.624828953663589,4.429775487196578,2.061085857160335
E5,no_isolation,baseline_3f,18,5.0,0.5,cusum_fgo,follower,3,30001,5.649215759212922,0.8236873415791132,2.0313729340249336,1.1529564208904663
E5,no_isolation,baseline_3f,18,5.0,0.5,cusum_fgo,pooled,0,90003,8.699260062096043,1.322395934407995,3.141676922379127,1.721534113824762
E5,no_isolation,baseline_3f,18,5.0,0.5,cusum_fgo,macro,0,90003,7.015102282444135,1.3223959344079947,3.3313224606728586,1.6781290722756845
E5,no_isolation,baseline_3f,19,5.0,0.5,cusum_fgo,follower,1,30001,4.685088943997559,1.2935705216936786,3.262775043481627,1.509985066548955
E5,no_isolation,baseline_3f,19,5.0,0.5,cusum_fgo,follower,2,30001,5.354969407753877,1.2526466338015319,3.636623507325697,1.5753385772269253
E5,no_isolation,baseline_3f,19,5.0,0.5,cusum_fgo,follower,3,30001,4.3730649755138,0.8522341406038612,3.1817238791176634,1.1954177072711438
E5,no_isolation,baseline_3f,19,5.0,0.5,cusum_fgo,pooled,0,90003,5.354969407753877,1.1328170986996906,3.3386912284680084,1.4365201041588433
E5,no_isolation,baseline_3f,19,5.0,0.5,cusum_fgo,macro,0,90003,4.804374442421746,1.1328170986996906,3.3603741433083294,1.4269137836823413
E5,no_isolation,baseline_3f,20,5.0,0.5,cusum_fgo,follower,1,30001,7.754453875005043,1.6469104128571792,2.8022195438425253,1.908567108379067
E5,no_isolation,baseline_3f,20,5.0,0.5,cusum_fgo,follower,2,30001,5.357046922534219,1.2140289039653165,3.010459523135872,1.4986662504230475
E5,no_isolation,baseline_3f,20,5.0,0.5,cusum_fgo,follower,3,30001,3.275137177279583,0.8985713673777923,2.379354412818648,1.0873673699823585
E5,no_isolation,baseline_3f,20,5.0,0.5,cusum_fgo,pooled,0,90003,7.754453875005043,1.2531702280667625,2.7808866401065586,1.5352520677558523
E5,no_isolation,baseline_3f,20,5.0,0.5,cusum_fgo,macro,0,90003,5.462212658272949,1.2531702280667625,2.730677826599015,1.4982002429281576
E5,no_isolation,baseline_3f,21,5.0,0.5,cusum_fgo,follower,1,30001,4.269571663201363,1.7855671495053003,3.119101211394828,1.94645007736361
E5,no_isolation,baseline_3f,21,5.0,0.5,cusum_fgo,follower,2,30001,5.420905065961898,1.443878350090157,3.3965738939768633,1.7061957666830752
E5,no_isolation,baseline_3f,21,5.0,0.5,cusum_fgo,follower,3,30001,9.578678015037184,1.0193272484672475,3.197179981806502,1.6912503985764373
E5,no_isolation,baseline_3f,21,5.0,0.5,cusum_fgo,pooled,0,90003,9.578678015037184,1.4162575826875683,3.262432864496255,1.7851330303930673
E5,no_isolation,baseline_3f,21,5.0,0.5,cusum_fgo,macro,0,90003,6.4230515814001485,1.4162575826875683,3.2376183623927317,1.781298747541041
E5,no_isolation,baseline_3f,22,5.0,0.5,cusum_fgo,follower,1,30001,5.054298014326646,1.1428097644746833,3.0055077416601987,1.379286172668026
E5,no_isolation,baseline_3f,22,5.0,0.5,cusum_fgo,follower,2,30001,3.9825008596258122,1.2716419137063526,2.6309395955572006,1.4355859397076836
E5,no_isolation,baseline_3f,22,5.0,0.5,cusum_fgo,follower,3,30001,5.364386172760743,1.346957989264163,2.856037976862511,1.533090882854555
E5,no_isolation,baseline_3f,22,5.0,0.5,cusum_fgo,pooled,0,90003,5.364386172760743,1.253803222481733,2.7994507842473006,1.4507130420924468
E5,no_isolation,baseline_3f,22,5.0,0.5,cusum_fgo,macro,0,90003,4.800395015571067,1.253803222481733,2.830828438026637,1.449320998410088
E5,no_isolation,baseline_3f,23,5.0,0.5,cusum_fgo,follower,1,30001,5.695624860859981,1.123156723544577,2.5916118239973103,1.3624810211671814
E5,no_isolation,baseline_3f,23,5.0,0.5,cusum_fgo,follower,2,30001,4.807848271122607,1.3251559427592834,2.503805089725681,1.4667402507384593
E5,no_isolation,baseline_3f,23,5.0,0.5,cusum_fgo,follower,3,30001,3.178308556074228,0.7628593362926173,1.7346224622868296,0.9084211029827303
E5,no_isolation,baseline_3f,23,5.0,0.5,cusum_fgo,pooled,0,90003,5.695624860859981,1.0703906675321593,2.295802595416043,1.269239982104966
E5,no_isolation,baseline_3f,23,5.0,0.5,cusum_fgo,macro,0,90003,4.560593896018939,1.0703906675321593,2.2766797920032733,1.245880791629457
E5,no_isolation,baseline_3f,24,5.0,0.5,cusum_fgo,follower,1,30001,3.9265805184206855,1.0707240490351104,2.3274070251212176,1.2556787351464633
E5,no_isolation,baseline_3f,24,5.0,0.5,cusum_fgo,follower,2,30001,5.940131596081197,0.9836731932460038,2.4303837586213874,1.2743124640566725
E5,no_isolation,baseline_3f,24,5.0,0.5,cusum_fgo,follower,3,30001,4.173325798459314,1.0776837881242654,2.3568986825881293,1.241872319454755
E5,no_isolation,baseline_3f,24,5.0,0.5,cusum_fgo,pooled,0,90003,5.940131596081197,1.0440270101351266,2.347417630351095,1.257358103296636
E5,no_isolation,baseline_3f,24,5.0,0.5,cusum_fgo,macro,0,90003,4.680012637653732,1.0440270101351266,2.371563155443578,1.2572878395526301
E5,no_isolation,baseline_3f,25,5.0,0.5,cusum_fgo,follower,1,30001,4.043652250959198,0.9707774660415965,2.482849199899638,1.1999891258819686
E5,no_isolation,baseline_3f,25,5.0,0.5,cusum_fgo,follower,2,30001,5.253156920125843,1.0802147432828546,3.069041069883774,1.380691152655689
E5,no_isolation,baseline_3f,25,5.0,0.5,cusum_fgo,follower,3,30001,4.454041251288021,0.8212543382524464,1.9762948057787495,1.0237812675312103
E5,no_isolation,baseline_3f,25,5.0,0.5,cusum_fgo,pooled,0,90003,5.253156920125843,0.9574155158589658,2.571124280191064,1.2102906049105835
E5,no_isolation,baseline_3f,25,5.0,0.5,cusum_fgo,macro,0,90003,4.5836168074576875,0.9574155158589658,2.5093950251873873,1.201487182022956
E5,no_isolation,baseline_3f,26,5.0,0.5,cusum_fgo,follower,1,30001,7.165124856057632,1.236718868590319,2.8588512986916603,1.592884050829805
E5,no_isolation,baseline_3f,26,5.0,0.5,cusum_fgo,follower,2,30001,6.0247248326076415,1.1949878957132798,2.8277396119344407,1.4944905450947588
E5,no_isolation,baseline_3f,26,5.0,0.5,cusum_fgo,follower,3,30001,3.442337762243757,0.9088357503238135,1.787325141096429,1.0208933146999564
E5,no_isolation,baseline_3f,26,5.0,0.5,cusum_fgo,pooled,0,90003,7.165124856057632,1.1135141715424708,2.4599263325601237,1.3920015264317136
E5,no_isolation,baseline_3f,26,5.0,0.5,cusum_fgo,macro,0,90003,5.544062483636343,1.1135141715424708,2.491305350574177,1.36942263687484
E5,no_isolation,baseline_3f,27,5.0,0.5,cusum_fgo,follower,1,30001,5.121933338338086,1.8363680678679557,3.6554071994561927,2.047591509371347
E5,no_isolation,baseline_3f,27,5.0,0.5,cusum_fgo,follower,2,30001,5.233466963728883,1.2441624973051346,2.850165122777307,1.4744843859683032
E5,no_isolation,baseline_3f,27,5.0,0.5,cusum_fgo,follower,3,30001,4.055210217023407,0.9676043796615441,2.1356251629892706,1.133369260077277
E5,no_isolation,baseline_3f,27,5.0,0.5,cusum_fgo,pooled,0,90003,5.233466963728883,1.349378314944878,3.1047013533740278,1.5970035559762197
E5,no_isolation,baseline_3f,27,5.0,0.5,cusum_fgo,macro,0,90003,4.803536839696792,1.3493783149448781,2.8803991617409235,1.5518150518056426
E5,no_isolation,baseline_3f,28,5.0,0.5,cusum_fgo,follower,1,30001,4.626796203349825,1.346421818523949,2.697339705011123,1.5362022687766017
E5,no_isolation,baseline_3f,28,5.0,0.5,cusum_fgo,follower,2,30001,6.209414028383023,1.5669630574676665,3.3130199317144333,1.7938110170161423
E5,no_isolation,baseline_3f,28,5.0,0.5,cusum_fgo,follower,3,30001,4.323404654964088,1.0242673744531692,2.367422250976894,1.217759735154266
E5,no_isolation,baseline_3f,28,5.0,0.5,cusum_fgo,pooled,0,90003,6.209414028383023,1.3125507501482616,2.6791177491276366,1.5341245221000208
E5,no_isolation,baseline_3f,28,5.0,0.5,cusum_fgo,macro,0,90003,5.053204962232312,1.3125507501482616,2.7925939625674836,1.5159243403156701
E5,no_isolation,baseline_3f,29,5.0,0.5,cusum_fgo,follower,1,30001,5.9611798592630665,1.667565119292017,2.759307992293753,1.8338524577244435
E5,no_isolation,baseline_3f,29,5.0,0.5,cusum_fgo,follower,2,30001,5.124275659362546,0.9498025154570361,2.9077460260163295,1.2717514044458715
E5,no_isolation,baseline_3f,29,5.0,0.5,cusum_fgo,follower,3,30001,3.3978766203284625,0.9581676225305772,2.2973044107012766,1.112934836963076
E5,no_isolation,baseline_3f,29,5.0,0.5,cusum_fgo,pooled,0,90003,5.9611798592630665,1.1918450857598766,2.663547372278095,1.4397905429538536
E5,no_isolation,baseline_3f,29,5.0,0.5,cusum_fgo,macro,0,90003,4.827777379651358,1.1918450857598768,2.6547861430037862,1.406179566377797
E5,no_isolation,baseline_3f,30,5.0,0.5,cusum_fgo,follower,1,30001,5.1472491789106956,1.4435530144187325,2.9222278700991113,1.6308377685566624
E5,no_isolation,baseline_3f,30,5.0,0.5,cusum_fgo,follower,2,30001,5.4025248663229695,1.3446554489203324,3.281097645208598,1.5983228985999058
E5,no_isolation,baseline_3f,30,5.0,0.5,cusum_fgo,follower,3,30001,4.476327876039093,0.900925659163818,3.006234888772863,1.2313513038718171
E5,no_isolation,baseline_3f,30,5.0,0.5,cusum_fgo,pooled,0,90003,5.4025248663229695,1.2297113741676275,3.0950317577171753,1.4978310929570242
E5,no_isolation,baseline_3f,30,5.0,0.5,cusum_fgo,macro,0,90003,5.0087006404242524,1.2297113741676275,3.069853468026857,1.4868373236761283
E5,no_isolation,baseline_3f,31,5.0,0.5,cusum_fgo,follower,1,30001,5.03100419509,1.9520941969430807,3.278442814901741,2.1382903179903647
E5,no_isolation,baseline_3f,31,5.0,0.5,cusum_fgo,follower,2,30001,5.612021610526232,1.7432488355100233,3.744164654396497,1.9530667533906811
E5,no_isolation,baseline_3f,31,5.0,0.5,cusum_fgo,follower,3,30001,3.641472536673044,1.1116012126515928,2.5961947616580403,1.294151870082235
E5,no_isolation,baseline_3f,31,5.0,0.5,cusum_fgo,pooled,0,90003,5.612021610526232,1.602314748368232,3.2187577540329704,1.8313550802660399
E5,no_isolation,baseline_3f,31,5.0,0.5,cusum_fgo,macro,0,90003,4.761499447429759,1.6023147483682323,3.2062674103187594,1.7951696471544267
E5,no_isolation,baseline_3f,32,5.0,0.5,cusum_fgo,follower,1,30001,7.162339853320956,1.2267494253782958,3.2752587438614715,1.6054633854605889
E5,no_isolation,baseline_3f,32,5.0,0.5,cusum_fgo,follower,2,30001,5.967155331493798,1.5019510036776649,3.8763143807745966,1.848948947968609
E5,no_isolation,baseline_3f,32,5.0,0.5,cusum_fgo,follower,3,30001,7.050652676201841,1.3639179841172138,3.5650025986595537,1.6999328213077118
E5,no_isolation,baseline_3f,32,5.0,0.5,cusum_fgo,pooled,0,90003,7.162339853320956,1.3642061377243915,3.5987292895842655,1.7210361695993877
E5,no_isolation,baseline_3f,32,5.0,0.5,cusum_fgo,macro,0,90003,6.726715953672198,1.3642061377243913,3.572191907765207,1.7181150515789698
E5,no_isolation,baseline_3f,33,5.0,0.5,cusum_fgo,follower,1,30001,6.38253120347511,2.1516104097746256,3.860517306275411,2.386656794088132
E5,no_isolation,baseline_3f,33,5.0,0.5,cusum_fgo,follower,2,30001,6.150525629499995,1.5528086955694864,3.861928172815657,1.8608219463356108
E5,no_isolation,baseline_3f,33,5.0,0.5,cusum_fgo,follower,3,30001,4.118583251775849,0.9096622367794616,2.1288040882147716,1.1078911062856387
E5,no_isolation,baseline_3f,33,5.0,0.5,cusum_fgo,pooled,0,90003,6.38253120347511,1.538027114041191,3.597647785070324,1.860664009802066
E5,no_isolation,baseline_3f,33,5.0,0.5,cusum_fgo,macro,0,90003,5.550546694916985,1.5380271140411912,3.283749855768613,1.7851232822364604
E5,no_isolation,baseline_3f,34,5.0,0.5,cusum_fgo,follower,1,30001,9.625621011315141,1.6036903165191083,3.42094970713894,2.0455683555983595
E5,no_isolation,baseline_3f,34,5.0,0.5,cusum_fgo,follower,2,30001,3.724832409317554,1.1224403318952099,2.600655017500384,1.3205410963642759
E5,no_isolation,baseline_3f,34,5.0,0.5,cusum_fgo,follower,3,30001,3.661765367404872,1.2578881708586696,2.4916276269701276,1.3688814908384677
E5,no_isolation,baseline_3f,34,5.0,0.5,cusum_fgo,pooled,0,90003,9.625621011315141,1.328006273090996,2.8568689395598814,1.612659833998115
E5,no_isolation,baseline_3f,34,5.0,0.5,cusum_fgo,macro,0,90003,5.670739596012523,1.328006273090996,2.837744117203151,1.5783303142670342
E5,no_isolation,baseline_3f,35,5.0,0.5,cusum_fgo,follower,1,30001,5.074003112292421,0.9687199158156368,2.2701549877448812,1.2209941982460628
E5,no_isolation,baseline_3f,35,5.0,0.5,cusum_fgo,follower,2,30001,4.116708929914923,1.2520207281400675,3.0111752048088607,1.4654789815506217
E5,no_isolation,baseline_3f,35,5.0,0.5,cusum_fgo,follower,3,30001,4.685593277364315,1.0051590236907106,2.9767456960860366,1.3044829714623454
E5,no_isolation,baseline_3f,35,5.0,0.5,cusum_fgo,pooled,0,90003,5.074003112292421,1.0752998892154717,2.779415546969645,1.334182808607629
E5,no_isolation,baseline_3f,35,5.0,0.5,cusum_fgo,macro,0,90003,4.625435106523887,1.0752998892154715,2.752691962879926,1.3303187170863433
E5,no_isolation,baseline_3f,36,5.0,0.5,cusum_fgo,follower,1,30001,5.067991665342367,1.904791568739918,3.0468916629838048,2.043191602301348
E5,no_isolation,baseline_3f,36,5.0,0.5,cusum_fgo,follower,2,30001,5.819986228247845,1.8130090135470467,3.6064615712865122,2.0262314253265856
E5,no_isolation,baseline_3f,36,5.0,0.5,cusum_fgo,follower,3,30001,7.064780233668748,1.0460917162728336,2.747451818001642,1.4590148125156048
E5,no_isolation,baseline_3f,36,5.0,0.5,cusum_fgo,pooled,0,90003,7.064780233668748,1.5879640995199327,3.1354363342179825,1.8627014375037585
E5,no_isolation,baseline_3f,36,5.0,0.5,cusum_fgo,macro,0,90003,5.98425270908632,1.587964099519933,3.133601684090653,1.8428126133811797
E5,no_isolation,baseline_3f,37,5.0,0.5,cusum_fgo,follower,1,30001,10.742835227278427,1.272673180835055,2.286895812088127,1.8023829400202334
E5,no_isolation,baseline_3f,37,5.0,0.5,cusum_fgo,follower,2,30001,4.053073510957574,1.3455438362307202,2.5590815593329452,1.4932113127531972
E5,no_isolation,baseline_3f,37,5.0,0.5,cusum_fgo,follower,3,30001,4.822239851870576,1.0924198151931221,2.439927634859754,1.3026083544146516
E5,no_isolation,baseline_3f,37,5.0,0.5,cusum_fgo,pooled,0,90003,10.742835227278427,1.236878944086299,2.449928412643262,1.5465071195009044
E5,no_isolation,baseline_3f,37,5.0,0.5,cusum_fgo,macro,0,90003,6.53938286336886,1.236878944086299,2.4286350020936087,1.5327342023960273
E5,no_isolation,baseline_3f,38,5.0,0.5,cusum_fgo,follower,1,30001,6.286840011231241,1.1898478571783195,1.9798897174016785,1.3962648894053997
E5,no_isolation,baseline_3f,38,5.0,0.5,cusum_fgo,follower,2,30001,3.153587527198205,0.9236965121962174,2.318903021237083,1.0907141226750288
E5,no_isolation,baseline_3f,38,5.0,0.5,cusum_fgo,follower,3,30001,5.724326994430232,1.0204698101430842,1.8601301686643876,1.2503913113171998
E5,no_isolation,baseline_3f,38,5.0,0.5,cusum_fgo,pooled,0,90003,6.286840011231241,1.0446713931725402,2.0009657556681724,1.2520238775953354
E5,no_isolation,baseline_3f,38,5.0,0.5,cusum_fgo,macro,0,90003,5.054918177619893,1.0446713931725402,2.0529743024343827,1.2457901077992093
E5,no_isolation,baseline_3f,39,5.0,0.5,cusum_fgo,follower,1,30001,4.495606955036686,1.2906780586857827,2.348441249946131,1.4397930371660645
E5,no_isolation,baseline_3f,39,5.0,0.5,cusum_fgo,follower,2,30001,5.65323965641989,1.230295020848017,3.0325281868923204,1.496361480592746
E5,no_isolation,baseline_3f,39,5.0,0.5,cusum_fgo,follower,3,30001,7.107653559230964,1.0265255885933104,2.374667849987204,1.4122458606438002
E5,no_isolation,baseline_3f,39,5.0,0.5,cusum_fgo,pooled,0,90003,7.107653559230964,1.1824995560423701,2.5920993049368515,1.4498896557300653
E5,no_isolation,baseline_3f,39,5.0,0.5,cusum_fgo,macro,0,90003,5.752166723562514,1.1824995560423701,2.5852124289418854,1.4494667928008702
E5,no_isolation,baseline_3f,40,5.0,0.5,cusum_fgo,follower,1,30001,2.8260735788833733,1.021544718015998,2.1281201180598575,1.1693118885452483
E5,no_isolation,baseline_3f,40,5.0,0.5,cusum_fgo,follower,2,30001,5.181923069277327,1.6000315456978926,3.6093197738750438,1.837576021019236
E5,no_isolation,baseline_3f,40,5.0,0.5,cusum_fgo,follower,3,30001,3.777829329142557,0.8869757333411142,3.1284950122712103,1.1952052393932646
E5,no_isolation,baseline_3f,40,5.0,0.5,cusum_fgo,pooled,0,90003,5.181923069277327,1.169517332351668,2.979240531238912,1.4343978399769075
E5,no_isolation,baseline_3f,40,5.0,0.5,cusum_fgo,macro,0,90003,3.928608659101086,1.1695173323516683,2.9553116347353705,1.4006977163192496
E5,no_isolation,baseline_3f,41,5.0,0.5,cusum_fgo,follower,1,30001,3.851985935003859,1.5043861844277837,2.618921019154907,1.6371604280593326
E5,no_isolation,baseline_3f,41,5.0,0.5,cusum_fgo,follower,2,30001,4.631311381726524,0.9812927707765724,2.908470583877222,1.2805186111447202
E5,no_isolation,baseline_3f,41,5.0,0.5,cusum_fgo,follower,3,30001,9.042776208612537,1.1576503296168332,2.7659614841228346,1.666733854233821
E5,no_isolation,baseline_3f,41,5.0,0.5,cusum_fgo,pooled,0,90003,9.042776208612537,1.2144430949403964,2.686044541263409,1.5381833355770207
E5,no_isolation,baseline_3f,41,5.0,0.5,cusum_fgo,macro,0,90003,5.84202450844764,1.2144430949403964,2.7644510290516546,1.528137631145958
E5,no_isolation,baseline_3f,42,5.0,0.5,cusum_fgo,follower,1,30001,4.571449870414996,1.3079906358755873,2.867669546052705,1.5133810717168645
E5,no_isolation,baseline_3f,42,5.0,0.5,cusum_fgo,follower,2,30001,5.888195927046863,1.2844625370710765,3.4117838299790226,1.616996008332748
E5,no_isolation,baseline_3f,42,5.0,0.5,cusum_fgo,follower,3,30001,6.5035535048888065,1.0061752397902644,3.0973732266374885,1.4252325488194602
E5,no_isolation,baseline_3f,42,5.0,0.5,cusum_fgo,pooled,0,90003,6.5035535048888065,1.1995428042456429,3.2838216429147096,1.520557592618504
E5,no_isolation,baseline_3f,42,5.0,0.5,cusum_fgo,macro,0,90003,5.654399767450222,1.1995428042456429,3.125608867556405,1.5185365429563575
E5,no_isolation,baseline_3f,43,5.0,0.5,cusum_fgo,follower,1,30001,3.912787050101151,1.1552135150305494,2.276683845513614,1.3043351234138332
E5,no_isolation,baseline_3f,43,5.0,0.5,cusum_fgo,follower,2,30001,5.790913059643218,1.4887284948742006,3.27227835660449,1.759270207939964
E5,no_isolation,baseline_3f,43,5.0,0.5,cusum_fgo,follower,3,30001,8.437664853635328,0.9432986785811265,2.5317337630575474,1.4857849951598938
E5,no_isolation,baseline_3f,43,5.0,0.5,cusum_fgo,pooled,0,90003,8.437664853635328,1.1957468961619588,2.716621928563967,1.527948388150855
E5,no_isolation,baseline_3f,43,5.0,0.5,cusum_fgo,macro,0,90003,6.047121654459899,1.1957468961619588,2.693565321725217,1.5164634421712304
E5,no_isolation,baseline_3f,44,5.0,0.5,cusum_fgo,follower,1,30001,4.07639560342937,1.2625473104506362,2.2253833354504557,1.38354030374559
E5,no_isolation,baseline_3f,44,5.0,0.5,cusum_fgo,follower,2,30001,4.477897771047268,1.3882198952291458,3.2376806858970504,1.5973324485496336
E5,no_isolation,baseline_3f,44,5.0,0.5,cusum_fgo,follower,3,30001,7.249418323757326,1.1866420614894388,2.989697584358372,1.530734373153998
E5,no_isolation,baseline_3f,44,5.0,0.5,cusum_fgo,pooled,0,90003,7.249418323757326,1.2791364223897403,2.8464625955124383,1.506519437249668
E5,no_isolation,baseline_3f,44,5.0,0.5,cusum_fgo,macro,0,90003,5.267903899411322,1.2791364223897401,2.817587201901959,1.5038690418164071
E5,no_isolation,baseline_3f,45,5.0,0.5,cusum_fgo,follower,1,30001,4.757953606250843,1.8677408393700172,3.0421098951339953,2.036921211329033
E5,no_isolation,baseline_3f,45,5.0,0.5,cusum_fgo,follower,2,30001,3.697867807283393,1.0911298289729732,2.5407784487682905,1.2815494514442982
E5,no_isolation,baseline_3f,45,5.0,0.5,cusum_fgo,follower,3,30001,5.946174438872514,1.4001608457481995,2.5150147762919475,1.5693034276463018
E5,no_isolation,baseline_3f,45,5.0,0.5,cusum_fgo,pooled,0,90003,5.946174438872514,1.4530105046970634,2.855647843774554,1.6587274505557714
E5,no_isolation,baseline_3f,45,5.0,0.5,cusum_fgo,macro,0,90003,4.800665284135584,1.4530105046970634,2.6993010400647446,1.6292580301398776
E5,no_isolation,baseline_3f,46,5.0,0.5,cusum_fgo,follower,1,30001,5.9279435183091955,1.437036517447232,3.0845423626174617,1.6870239902536375
E5,no_isolation,baseline_3f,46,5.0,0.5,cusum_fgo,follower,2,30001,5.545263761531281,1.4931860679511135,3.5399810227688517,1.730324224223496
E5,no_isolation,baseline_3f,46,5.0,0.5,cusum_fgo,follower,3,30001,4.585938753706965,1.1594521895239258,3.4274460366180652,1.4248596407921053
E5,no_isolation,baseline_3f,46,5.0,0.5,cusum_fgo,pooled,0,90003,5.9279435183091955,1.3632249249740904,3.3830206164190653,1.6197012955669898
E5,no_isolation,baseline_3f,46,5.0,0.5,cusum_fgo,macro,0,90003,5.353048677849148,1.3632249249740902,3.3506564740014593,1.6140692850897462
E5,no_isolation,baseline_3f,47,5.0,0.5,cusum_fgo,follower,1,30001,9.434977143273656,1.3168690666154679,2.8656467633823786,1.8145666718414386
E5,no_isolation,baseline_3f,47,5.0,0.5,cusum_fgo,follower,2,30001,5.4187046487104435,1.1636710662698386,2.800914666051881,1.4340391196194686
E5,no_isolation,baseline_3f,47,5.0,0.5,cusum_fgo,follower,3,30001,3.834019148498337,0.9743917891483287,2.4848601448971452,1.1541990331707386
E5,no_isolation,baseline_3f,47,5.0,0.5,cusum_fgo,pooled,0,90003,9.434977143273656,1.1516439740112117,2.6993775668774758,1.492346676806807
E5,no_isolation,baseline_3f,47,5.0,0.5,cusum_fgo,macro,0,90003,6.2292336468274785,1.1516439740112119,2.7171405247771347,1.4676016082105485
E5,no_isolation,baseline_3f,48,5.0,0.5,cusum_fgo,follower,1,30001,4.354326091967057,1.0623316472848017,2.1016063537510914,1.2531411899708182
E5,no_isolation,baseline_3f,48,5.0,0.5,cusum_fgo,follower,2,30001,4.453959236878952,1.0517784078942123,3.1575245882719956,1.350650342156664
E5,no_isolation,baseline_3f,48,5.0,0.5,cusum_fgo,follower,3,30001,3.4041829911835446,0.7036850335994532,2.2014018131351003,0.92173443028557
E5,no_isolation,baseline_3f,48,5.0,0.5,cusum_fgo,pooled,0,90003,4.453959236878952,0.9392650295928224,2.4617998898196634,1.1894275301930275
E5,no_isolation,baseline_3f,48,5.0,0.5,cusum_fgo,macro,0,90003,4.070822773343185,0.9392650295928223,2.4868442517193956,1.1751753208043507
E5,no_isolation,baseline_3f,49,5.0,0.5,cusum_fgo,follower,1,30001,4.014286422947427,1.4311726553930875,2.601576174351088,1.5644281074395365
E5,no_isolation,baseline_3f,49,5.0,0.5,cusum_fgo,follower,2,30001,5.546506530148862,1.1970016906634722,3.203404380527711,1.4800711663986634
E5,no_isolation,baseline_3f,49,5.0,0.5,cusum_fgo,follower,3,30001,5.585648604573969,1.3659741652496402,3.2300286496246406,1.6084314172775764
E5,no_isolation,baseline_3f,49,5.0,0.5,cusum_fgo,pooled,0,90003,5.585648604573969,1.3313828371020666,2.9181743791905275,1.5518910598618174
E5,no_isolation,baseline_3f,49,5.0,0.5,cusum_fgo,macro,0,90003,5.048813852556752,1.3313828371020666,3.0116697348344803,1.5509768970385922
E5,no_isolation,baseline_3f,50,5.0,0.5,cusum_fgo,follower,1,30001,7.393998499980124,1.3854582011871523,2.8661735107617337,1.6762782168481123
E5,no_isolation,baseline_3f,50,5.0,0.5,cusum_fgo,follower,2,30001,6.378592413786374,1.3046970357811767,2.7454025082459954,1.568749854236641
E5,no_isolation,baseline_3f,50,5.0,0.5,cusum_fgo,follower,3,30001,3.555235181337786,1.0865413582123893,2.0800516321637863,1.2001324378100895
E5,no_isolation,baseline_3f,50,5.0,0.5,cusum_fgo,pooled,0,90003,7.393998499980124,1.2588988650602395,2.5833526070885884,1.4956829692742328
E5,no_isolation,baseline_3f,50,5.0,0.5,cusum_fgo,macro,0,90003,5.775942031701429,1.2588988650602395,2.5638758837238385,1.481720169631614
E5,no_soft_weighting,baseline_3f,1,5.0,0.5,cusum_fgo,follower,1,30001,2.6637703499951257,0.9818354063947138,1.6330628959532287,1.0554979787858207
E5,no_soft_weighting,baseline_3f,1,5.0,0.5,cusum_fgo,follower,2,30001,2.3717541758313665,0.858069978802053,1.480652038608467,0.926469717403617
E5,no_soft_weighting,baseline_3f,1,5.0,0.5,cusum_fgo,follower,3,30001,2.363613523103886,0.8832865083889023,1.4469572678190183,0.9436253019537757
E5,no_soft_weighting,baseline_3f,1,5.0,0.5,cusum_fgo,pooled,0,90003,2.6637703499951257,0.907730631195223,1.5412434860481679,0.976874408675316
E5,no_soft_weighting,baseline_3f,1,5.0,0.5,cusum_fgo,macro,0,90003,2.4663793496434594,0.9077306311952231,1.5202240674602379,0.9751976660477378
E5,no_soft_weighting,baseline_3f,2,5.0,0.5,cusum_fgo,follower,1,30001,2.2355993776023655,0.8371195396633951,1.4654863006821366,0.9042092723833541
E5,no_soft_weighting,baseline_3f,2,5.0,0.5,cusum_fgo,follower,2,30001,3.639025533398842,1.4401195434897387,2.435363970887551,1.5371541014823475
E5,no_soft_weighting,baseline_3f,2,5.0,0.5,cusum_fgo,follower,3,30001,3.240913772835262,1.0027854336537083,1.6033920327615487,1.0834263506615414
E5,no_soft_weighting,baseline_3f,2,5.0,0.5,cusum_fgo,pooled,0,90003,3.639025533398842,1.0933415056022808,1.9862731506786864,1.2047475250408033
E5,no_soft_weighting,baseline_3f,2,5.0,0.5,cusum_fgo,macro,0,90003,3.0385128946121562,1.0933415056022808,1.8347474347770787,1.1749299081757478
E5,no_soft_weighting,baseline_3f,3,5.0,0.5,cusum_fgo,follower,1,30001,2.287635251209549,0.7325905727494173,1.5635381326047249,0.8371423120144429
E5,no_soft_weighting,baseline_3f,3,5.0,0.5,cusum_fgo,follower,2,30001,3.0399390706010974,0.8562796481986924,1.4679941057338488,0.9329810156034224
E5,no_soft_weighting,baseline_3f,3,5.0,0.5,cusum_fgo,follower,3,30001,2.203297860270688,0.5121224403025529,1.0734776138824857,0.5974431582669457
E5,no_soft_weighting,baseline_3f,3,5.0,0.5,cusum_fgo,pooled,0,90003,3.0399390706010974,0.7003308870835542,1.4470590829096293,0.8017063372169103
E5,no_soft_weighting,baseline_3f,3,5.0,0.5,cusum_fgo,macro,0,90003,2.5102907273604447,0.7003308870835542,1.3683366174070197,0.7891888286282702
E5,no_soft_weighting,baseline_3f,4,5.0,0.5,cusum_fgo,follower,1,30001,3.7719461109112267,1.422771381764741,2.0803821867319052,1.4891643001350552
E5,no_soft_weighting,baseline_3f,4,5.0,0.5,cusum_fgo,follower,2,30001,3.61526853480962,1.0443947636768254,1.8324096458544548,1.114405629625255
E5,no_soft_weighting,baseline_3f,4,5.0,0.5,cusum_fgo,follower,3,30001,2.7616664436741907,0.8977722078166878,1.6120662675896955,0.9861222919193727
E5,no_soft_weighting,baseline_3f,4,5.0,0.5,cusum_fgo,pooled,0,90003,3.7719461109112267,1.1216461177527512,1.9162523748555138,1.2154488052783228
E5,no_soft_weighting,baseline_3f,4,5.0,0.5,cusum_fgo,macro,0,90003,3.3829603631316787,1.1216461177527512,1.841619366725352,1.1965640738932275
E5,no_soft_weighting,baseline_3f,5,5.0,0.5,cusum_fgo,follower,1,30001,4.936380297646685,1.7152757296282946,3.195512658069112,1.8864612803236211
E5,no_soft_weighting,baseline_3f,5,5.0,0.5,cusum_fgo,follower,2,30001,4.0516792752848385,0.7367225937091646,1.7867554446815348,0.9261477154560467
E5,no_soft_weighting,baseline_3f,5,5.0,0.5,cusum_fgo,follower,3,30001,3.232310799177876,0.9049755481484562,1.4610078634406485,0.9676657011774171
E5,no_soft_weighting,baseline_3f,5,5.0,0.5,cusum_fgo,pooled,0,90003,4.936380297646685,1.1189912904953052,2.3894990537572687,1.335772268794332
E5,no_soft_weighting,baseline_3f,5,5.0,0.5,cusum_fgo,macro,0,90003,4.0734567907031325,1.1189912904953052,2.1477586553970984,1.2600915656523617
E5,no_soft_weighting,baseline_3f,6,5.0,0.5,cusum_fgo,follower,1,30001,2.651456797328915,1.143600286020476,1.9413043262715617,1.2332172184483934
E5,no_soft_weighting,baseline_3f,6,5.0,0.5,cusum_fgo,follower,2,30001,3.1619308660701035,1.5209775995230415,2.3008649782538413,1.615081170234299
E5,no_soft_weighting,baseline_3f,6,5.0,0.5,cusum_fgo,follower,3,30001,1.8674411864499518,0.7973055923730004,1.285139345119178,0.8410422455592881
E5,no_soft_weighting,baseline_3f,6,5.0,0.5,cusum_fgo,pooled,0,90003,3.1619308660701035,1.153961159305506,2.054589741112862,1.2697327741350928
E5,no_soft_weighting,baseline_3f,6,5.0,0.5,cusum_fgo,macro,0,90003,2.56027628328299,1.1539611593055057,1.8424362165481936,1.2297802114139935
E5,no_soft_weighting,baseline_3f,7,5.0,0.5,cusum_fgo,follower,1,30001,3.3806659168352855,0.8431474542312001,1.7730364936373049,0.9787901992154281
E5,no_soft_weighting,baseline_3f,7,5.0,0.5,cusum_fgo,follower,2,30001,3.0935361450094145,1.313202756244011,1.9960173789811797,1.380294539245478
E5,no_soft_weighting,baseline_3f,7,5.0,0.5,cusum_fgo,follower,3,30001,1.8440789128645614,0.5259186079566875,1.051339849820644,0.587962519903868
E5,no_soft_weighting,baseline_3f,7,5.0,0.5,cusum_fgo,pooled,0,90003,3.3806659168352855,0.8940896061439663,1.799825258689907,1.0342377537688923
E5,no_soft_weighting,baseline_3f,7,5.0,0.5,cusum_fgo,macro,0,90003,2.772760324903087,0.8940896061439663,1.6067979074797094,0.9823490861215913
E5,no_soft_weighting,baseline_3f,8,5.0,0.5,cusum_fgo,follower,1,30001,6.950937851830042,1.1919960903271225,1.945533102610734,1.4463143955446687
E5,no_soft_weighting,baseline_3f,8,5.0,0.5,cusum_fgo,follower,2,30001,3.592741365353347,0.6654920081690849,1.524575223229631,0.8163320662470676
E5,no_soft_weighting,baseline_3f,8,5.0,0.5,cusum_fgo,follower,3,30001,2.4705000344926304,0.8942113822730774,1.4967180832805294,0.9612452625351816
E5,no_soft_weighting,baseline_3f,8,5.0,0.5,cusum_fgo,pooled,0,90003,6.950937851830042,0.9172331602564283,1.7440253291410783,1.1078832411238524
E5,no_soft_weighting,baseline_3f,8,5.0,0.5,cusum_fgo,macro,0,90003,4.338059750558673,0.9172331602564282,1.6556088030402982,1.0746305747756393
E5,no_soft_weighting,baseline_3f,9,5.0,0.5,cusum_fgo,follower,1,30001,2.3767013204374354,0.8748273006294198,1.4561621884804898,0.9464147870532106
E5,no_soft_weighting,baseline_3f,9,5.0,0.5,cusum_fgo,follower,2,30001,2.530155930301965,0.773694844123221,1.6084022939214788,0.8751145513460987
E5,no_soft_weighting,baseline_3f,9,5.0,0.5,cusum_fgo,follower,3,30001,2.855686567768096,0.760534884928859,1.301576660626722,0.8222649513776588
E5,no_soft_weighting,baseline_3f,9,5.0,0.5,cusum_fgo,pooled,0,90003,2.855686567768096,0.8030190098938333,1.46460110681599,0.8827317594442758
E5,no_soft_weighting,baseline_3f,9,5.0,0.5,cusum_fgo,macro,0,90003,2.5875146061691656,0.8030190098938332,1.4553803810095636,0.8812647632589895
E5,no_soft_weighting,baseline_3f,10,5.0,0.5,cusum_fgo,follower,1,30001,2.4097376979268015,0.6889113151529999,1.3003218074542247,0.7605503593789159
E5,no_soft_weighting,baseline_3f,10,5.0,0.5,cusum_fgo,follower,2,30001,2.7848141736774177,1.0258092264134813,1.677979963632525,1.1014953832483785
E5,no_soft_weighting,baseline_3f,10,5.0,0.5,cusum_fgo,follower,3,30001,2.500520154599297,0.45364352276432046,0.9416976898931791,0.5325357385323589
E5,no_soft_weighting,baseline_3f,10,5.0,0.5,cusum_fgo,pooled,0,90003,2.7848141736774177,0.7227880214436007,1.5300580470726381,0.8317297720780662
E5,no_soft_weighting,baseline_3f,10,5.0,0.5,cusum_fgo,macro,0,90003,2.5650240087345053,0.7227880214436005,1.3066664869933096,0.7981938270532178
E5,no_soft_weighting,baseline_3f,11,5.0,0.5,cusum_fgo,follower,1,30001,2.8301678774021557,0.9890989134444308,1.728423618095985,1.0665798264810227
E5,no_soft_weighting,baseline_3f,11,5.0,0.5,cusum_fgo,follower,2,30001,3.264334010188307,1.2355652719176822,2.122049711040648,1.3198976377616456
E5,no_soft_weighting,baseline_3f,11,5.0,0.5,cusum_fgo,follower,3,30001,2.7887363556557205,0.6639493749524321,1.402187732024294,0.7656559823305666
E5,no_soft_weighting,baseline_3f,11,5.0,0.5,cusum_fgo,pooled,0,90003,3.264334010188307,0.962871186771515,1.8458322424669757,1.0748567941364167
E5,no_soft_weighting,baseline_3f,11,5.0,0.5,cusum_fgo,macro,0,90003,2.9610794144153942,0.9628711867715151,1.750887020386976,1.0507111488577452
E5,no_soft_weighting,baseline_3f,12,5.0,0.5,cusum_fgo,follower,1,30001,3.2749102210691747,0.9882605530024754,1.9797366305900717,1.1119140850055829
E5,no_soft_weighting,baseline_3f,12,5.0,0.5,cusum_fgo,follower,2,30001,3.0981269235445383,0.7260607847659348,1.5487351903756523,0.8228390047088928
E5,no_soft_weighting,baseline_3f,12,5.0,0.5,cusum_fgo,follower,3,30001,2.7607214611080084,1.0085682238190898,1.430093320295418,1.0486354223266114
E5,no_soft_weighting,baseline_3f,12,5.0,0.5,cusum_fgo,pooled,0,90003,3.2749102210691747,0.9076298538625001,1.6298246876914029,1.0021731735021706
E5,no_soft_weighting,baseline_3f,12,5.0,0.5,cusum_fgo,macro,0,90003,3.0445862019072405,0.9076298538625,1.6528550470870471,0.994462837347029
E5,no_soft_weighting,baseline_3f,13,5.0,0.5,cusum_fgo,follower,1,30001,3.678550396783165,1.315055559487141,1.96340676374339,1.392284919747415
E5,no_soft_weighting,baseline_3f,13,5.0,0.5,cusum_fgo,follower,2,30001,2.847013492520042,0.7827781894822571,1.4373188115883448,0.8642691346796387
E5,no_soft_weighting,baseline_3f,13,5.0,0.5,cusum_fgo,follower,3,30001,2.969579697084674,0.9976401366560795,1.8620236773534324,1.12133354170731
E5,no_soft_weighting,baseline_3f,13,5.0,0.5,cusum_fgo,pooled,0,90003,3.678550396783165,1.0318246285418258,1.8123533503563183,1.1464157690637105
E5,no_soft_weighting,baseline_3f,13,5.0,0.5,cusum_fgo,macro,0,90003,3.1650478621292937,1.0318246285418258,1.7542497508950559,1.125962532044788
E5,no_soft_weighting,baseline_3f,14,5.0,0.5,cusum_fgo,follower,1,30001,3.7402399238962714,0.8406654266308287,1.5918592363930064,0.9433036063663002
E5,no_soft_weighting,baseline_3f,14,5.0,0.5,cusum_fgo,follower,2,30001,3.511649397203128,0.914567001713382,1.9312453878174014,1.0793103810283888
E5,no_soft_weighting,baseline_3f,14,5.0,0.5,cusum_fgo,follower,3,30001,2.4780969920727816,1.073526416956849,1.7845566643929738,1.143573623954708
E5,no_soft_weighting,baseline_3f,14,5.0,0.5,cusum_fgo,pooled,0,90003,3.7402399238962714,0.9429196151003532,1.8080284429613422,1.0586930977679065
E5,no_soft_weighting,baseline_3f,14,5.0,0.5,cusum_fgo,macro,0,90003,3.243328771057394,0.9429196151003533,1.7692204295344605,1.055395870449799
E5,no_soft_weighting,baseline_3f,15,5.0,0.5,cusum_fgo,follower,1,30001,2.62534312288851,1.204141225621695,2.0591356033969883,1.2878312355739387
E5,no_soft_weighting,baseline_3f,15,5.0,0.5,cusum_fgo,follower,2,30001,3.249673288032489,1.279073680992223,2.133149879340651,1.3493618087043877
E5,no_soft_weighting,baseline_3f,15,5.0,0.5,cusum_fgo,follower,3,30001,2.1373245069485187,0.5621743696782363,1.0612874034393278,0.6331387336773705
E5,no_soft_weighting,baseline_3f,15,5.0,0.5,cusum_fgo,pooled,0,90003,3.249673288032489,1.0151297587640515,1.9270797708251564,1.1372703047491186
E5,no_soft_weighting,baseline_3f,15,5.0,0.5,cusum_fgo,macro,0,90003,2.6707803059565056,1.0151297587640513,1.751190962058989,1.090110592651899
E5,no_soft_weighting,baseline_3f,16,5.0,0.5,cusum_fgo,follower,1,30001,2.517811560728222,0.7713792348876423,1.455362007183724,0.863970062778263
E5,no_soft_weighting,baseline_3f,16,5.0,0.5,cusum_fgo,follower,2,30001,2.8989500124878442,0.791805555075732,1.35292448242504,0.8631867209282715
E5,no_soft_weighting,baseline_3f,16,5.0,0.5,cusum_fgo,follower,3,30001,2.0337713526132934,0.6386523858722084,1.1426751567658047,0.7039855141668516
E5,no_soft_weighting,baseline_3f,16,5.0,0.5,cusum_fgo,pooled,0,90003,2.8989500124878442,0.7339457252785276,1.3203460849039432,0.8138655066452408
E5,no_soft_weighting,baseline_3f,16,5.0,0.5,cusum_fgo,macro,0,90003,2.483510975276453,0.7339457252785276,1.3169872154581894,0.8103807659577954
E5,no_soft_weighting,baseline_3f,17,5.0,0.5,cusum_fgo,follower,1,30001,2.8748241918992017,1.3290211383968609,1.9734013360415754,1.3810575593524494
E5,no_soft_weighting,baseline_3f,17,5.0,0.5,cusum_fgo,follower,2,30001,2.9651799341641683,1.029569804755638,1.7913510401937063,1.1051458349127181
E5,no_soft_weighting,baseline_3f,17,5.0,0.5,cusum_fgo,follower,3,30001,2.0643285116678762,1.0084724613988387,1.4955754277912858,1.0549506873296592
E5,no_soft_weighting,baseline_3f,17,5.0,0.5,cusum_fgo,pooled,0,90003,2.9651799341641683,1.1223544681837792,1.7630358645526922,1.1890596076125022
E5,no_soft_weighting,baseline_3f,17,5.0,0.5,cusum_fgo,macro,0,90003,2.6347775459104152,1.1223544681837792,1.753442601342189,1.1803846938649423
E5,no_soft_weighting,baseline_3f,18,5.0,0.5,cusum_fgo,follower,1,30001,4.707405831892472,1.5002972226183782,3.1184830763111333,1.6775205012970928
E5,no_soft_weighting,baseline_3f,18,5.0,0.5,cusum_fgo,follower,2,30001,6.157680613130707,1.3871922408119879,2.9013733081682744,1.6021120717656765
E5,no_soft_weighting,baseline_3f,18,5.0,0.5,cusum_fgo,follower,3,30001,2.45507359905736,0.579715262368045,1.3029823330942847,0.6843777379608189
E5,no_soft_weighting,baseline_3f,18,5.0,0.5,cusum_fgo,pooled,0,90003,6.157680613130707,1.1557349085994704,2.630030856073062,1.3963298334068166
E5,no_soft_weighting,baseline_3f,18,5.0,0.5,cusum_fgo,macro,0,90003,4.440053348026846,1.1557349085994704,2.4409462391912307,1.321336770341196
E5,no_soft_weighting,baseline_3f,19,5.0,0.5,cusum_fgo,follower,1,30001,3.4784018657540767,1.023138868760662,1.6600952899937784,1.1139933275189542
E5,no_soft_weighting,baseline_3f,19,5.0,0.5,cusum_fgo,follower,2,30001,3.7463346711295205,0.9234097832858369,1.8964988049079088,1.0533826069445753
E5,no_soft_weighting,baseline_3f,19,5.0,0.5,cusum_fgo,follower,3,30001,2.1068236867648107,0.49741002025726616,0.9668797725267219,0.5750736445755801
E5,no_soft_weighting,baseline_3f,19,5.0,0.5,cusum_fgo,pooled,0,90003,3.7463346711295205,0.8146528907679217,1.5719953741901143,0.9453933479519767
E5,no_soft_weighting,baseline_3f,19,5.0,0.5,cusum_fgo,macro,0,90003,3.1105200745494694,0.8146528907679217,1.5078246224761365,0.9141498596797032
E5,no_soft_weighting,baseline_3f,20,5.0,0.5,cusum_fgo,follower,1,30001,4.542067468548556,1.3900213067445717,2.125817804309439,1.4991638906689608
E5,no_soft_weighting,baseline_3f,20,5.0,0.5,cusum_fgo,follower,2,30001,3.2013626388752305,0.9104975623850143,1.6574629075638492,0.996083570466927
E5,no_soft_weighting,baseline_3f,20,5.0,0.5,cusum_fgo,follower,3,30001,3.0244472335057453,0.7065934497946436,1.3375988835045283,0.7902187509924969
E5,no_soft_weighting,baseline_3f,20,5.0,0.5,cusum_fgo,pooled,0,90003,4.542067468548556,1.002370772974743,1.889446086883327,1.134918576353972
E5,no_soft_weighting,baseline_3f,20,5.0,0.5,cusum_fgo,macro,0,90003,3.589292446976511,1.002370772974743,1.706959865125939,1.0951554040427949
E5,no_soft_weighting,baseline_3f,21,5.0,0.5,cusum_fgo,follower,1,30001,5.0594030326805495,1.7021948883668492,2.568694402050055,1.8412869319490857
E5,no_soft_weighting,baseline_3f,21,5.0,0.5,cusum_fgo,follower,2,30001,7.4317606132417895,1.2538300774464541,2.0215384908166643,1.5454802263425136
E5,no_soft_weighting,baseline_3f,21,5.0,0.5,cusum_fgo,follower,3,30001,10.193162261633635,0.7683122213011927,1.472259952455042,1.5069705557227353
E5,no_soft_weighting,baseline_3f,21,5.0,0.5,cusum_fgo,pooled,0,90003,10.193162261633635,1.2414457290381653,2.389878113438073,1.6380686749540827
E5,no_soft_weighting,baseline_3f,21,5.0,0.5,cusum_fgo,macro,0,90003,7.561441969185324,1.2414457290381653,2.020830948440587,1.631245904671445
E5,no_soft_weighting,baseline_3f,22,5.0,0.5,cusum_fgo,follower,1,30001,3.330803273353893,0.9385038062204726,1.9219256653272414,1.0593277037155502
E5,no_soft_weighting,baseline_3f,22,5.0,0.5,cusum_fgo,follower,2,30001,5.210322411016867,1.1768582029806842,2.233598952341797,1.3128482593678135
E5,no_soft_weighting,baseline_3f,22,5.0,0.5,cusum_fgo,follower,3,30001,5.6900816091674775,1.2236382727420185,1.8488844344871211,1.3446864209874765
E5,no_soft_weighting,baseline_3f,22,5.0,0.5,cusum_fgo,pooled,0,90003,5.6900816091674775,1.1130000939810585,2.10289818550214,1.2455155969547265
E5,no_soft_weighting,baseline_3f,22,5.0,0.5,cusum_fgo,macro,0,90003,4.743735764512746,1.1130000939810585,2.001469684052053,1.2389541280236134
E5,no_soft_weighting,baseline_3f,23,5.0,0.5,cusum_fgo,follower,1,30001,3.4050973942513507,0.8953909106381013,1.7941978503915288,1.0117841879592087
E5,no_soft_weighting,baseline_3f,23,5.0,0.5,cusum_fgo,follower,2,30001,2.223017094154677,1.1248948171018525,1.6549153960328642,1.1672425085328486
E5,no_soft_weighting,baseline_3f,23,5.0,0.5,cusum_fgo,follower,3,30001,2.2069431234473296,0.5787062387385447,0.996620278447837,0.6337728436249742
E5,no_soft_weighting,baseline_3f,23,5.0,0.5,cusum_fgo,pooled,0,90003,3.4050973942513507,0.866330655492833,1.5703494700966147,0.963990030039526
E5,no_soft_weighting,baseline_3f,23,5.0,0.5,cusum_fgo,macro,0,90003,2.611685870617786,0.866330655492833,1.4819111749574099,0.9375998467056772
E5,no_soft_weighting,baseline_3f,24,5.0,0.5,cusum_fgo,follower,1,30001,2.7262399491927787,0.8583699084265294,1.6624687184217415,0.95994914850198
E5,no_soft_weighting,baseline_3f,24,5.0,0.5,cusum_fgo,follower,2,30001,3.1422974909504955,0.7093529081556689,1.3390295056246846,0.7992707070454675
E5,no_soft_weighting,baseline_3f,24,5.0,0.5,cusum_fgo,follower,3,30001,2.2235151381724454,0.8632853721838265,1.4186004951333737,0.91373253675844
E5,no_soft_weighting,baseline_3f,24,5.0,0.5,cusum_fgo,pooled,0,90003,3.1422974909504955,0.8103360629220082,1.504948930863161,0.8935403702093622
E5,no_soft_weighting,baseline_3f,24,5.0,0.5,cusum_fgo,macro,0,90003,2.6973508594385733,0.8103360629220081,1.4733662397265999,0.8909841307686291
E5,no_soft_weighting,baseline_3f,25,5.0,0.5,cusum_fgo,follower,1,30001,2.6052057163445723,0.7706534309949766,1.6808190415759483,0.8914268413928711
E5,no_soft_weighting,baseline_3f,25,5.0,0.5,cusum_fgo,follower,2,30001,2.8265437294264757,0.7539303652951588,1.4349517276723576,0.8525250238493534
E5,no_soft_weighting,baseline_3f,25,5.0,0.5,cusum_fgo,follower,3,30001,2.263561869785168,0.5694279855455311,1.0899425202224118,0.6432031453389205
E5,no_soft_weighting,baseline_3f,25,5.0,0.5,cusum_fgo,pooled,0,90003,2.8265437294264757,0.6980039272785554,1.4433542096238585,0.8031502590879019
E5,no_soft_weighting,baseline_3f,25,5.0,0.5,cusum_fgo,macro,0,90003,2.565103771852072,0.6980039272785555,1.4019044298235726,0.7957183368603817
E5,no_soft_weighting,baseline_3f,26,5.0,0.5,cusum_fgo,follower,1,30001,4.549231901465954,0.9604409894540055,1.7270694830384468,1.0901522049618695
E5,no_soft_weighting,baseline_3f,26,5.0,0.5,cusum_fgo,follower,2,30001,2.4876417018258867,0.8760530520152068,1.73276667184509,0.9637965097978972
E5,no_soft_weighting,baseline_3f,26,5.0,0.5,cusum_fgo,follower,3,30001,2.8386559920951915,0.8116006386404866,1.3746251349814,0.8675197829734399
E5,no_soft_weighting,baseline_3f,26,5.0,0.5,cusum_fgo,pooled,0,90003,4.549231901465954,0.8826982267032328,1.594406246488652,0.9780807935496465
E5,no_soft_weighting,baseline_3f,26,5.0,0.5,cusum_fgo,macro,0,90003,3.291843198462344,0.882698226703233,1.6114870966216455,0.9738228325777355
E5,no_soft_weighting,baseline_3f,27,5.0,0.5,cusum_fgo,follower,1,30001,6.212774644863481,1.8147242675829138,3.0688600220943023,2.0156195088595856
E5,no_soft_weighting,baseline_3f,27,5.0,0.5,cusum_fgo,follower,2,30001,4.200123423728715,1.0698412424134425,2.4297583160201786,1.2287997727834854
E5,no_soft_weighting,baseline_3f,27,5.0,0.5,cusum_fgo,follower,3,30001,2.5652374749807474,0.7900704638041166,1.3115553251437286,0.8555204555279834
E5,no_soft_weighting,baseline_3f,27,5.0,0.5,cusum_fgo,pooled,0,90003,6.212774644863481,1.224878657933491,2.6311737664156563,1.44966503440334
E5,no_soft_weighting,baseline_3f,27,5.0,0.5,cusum_fgo,macro,0,90003,4.326045181190981,1.224878657933491,2.2700578877527366,1.3666465790570184
E5,no_soft_weighting,baseline_3f,28,5.0,0.5,cusum_fgo,follower,1,30001,4.131233357391691,1.1557555027965285,1.9851947134333392,1.2769660319561524
E5,no_soft_weighting,baseline_3f,28,5.0,0.5,cusum_fgo,follower,2,30001,3.1997789127076848,1.3020528958584803,1.9328634123491963,1.361207566110664
E5,no_soft_weighting,baseline_3f,28,5.0,0.5,cusum_fgo,follower,3,30001,2.5317506658569076,0.8774828313192897,1.4277099132657407,0.9482212474767492
E5,no_soft_weighting,baseline_3f,28,5.0,0.5,cusum_fgo,pooled,0,90003,4.131233357391691,1.1117637433247662,1.868011176652591,1.2086703188453447
E5,no_soft_weighting,baseline_3f,28,5.0,0.5,cusum_fgo,macro,0,90003,3.287587645318761,1.111763743324766,1.7819226796827587,1.195464948514522
E5,no_soft_weighting,baseline_3f,29,5.0,0.5,cusum_fgo,follower,1,30001,4.67922655156702,1.5441415505447782,2.2562557713369666,1.6494576527084348
E5,no_soft_weighting,baseline_3f,29,5.0,0.5,cusum_fgo,follower,2,30001,2.9812611485415457,0.6671965830122218,1.4334755970610593,0.7775928073379353
E5,no_soft_weighting,baseline_3f,29,5.0,0.5,cusum_fgo,follower,3,30001,2.318775907995747,0.8095096066024596,1.4152966062908445,0.8763783292867623
E5,no_soft_weighting,baseline_3f,29,5.0,0.5,cusum_fgo,pooled,0,90003,4.67922655156702,1.00694924671982,1.951521832983685,1.1681038906629222
E5,no_soft_weighting,baseline_3f,29,5.0,0.5,cusum_fgo,macro,0,90003,3.3264212027014377,1.00694924671982,1.701675991562957,1.1011429297777109
E5,no_soft_weighting,baseline_3f,30,5.0,0.5,cusum_fgo,follower,1,30001,3.3217452412953232,1.220218507917534,2.1489944541244,1.303977985923732
E5,no_soft_weighting,baseline_3f,30,5.0,0.5,cusum_fgo,follower,2,30001,2.9864704442406484,1.0471498238826158,1.747378505286085,1.122506966208563
E5,no_soft_weighting,baseline_3f,30,5.0,0.5,cusum_fgo,follower,3,30001,3.623917936753938,0.6769436840675362,1.4883175593230122,0.8148345774287923
E5,no_soft_weighting,baseline_3f,30,5.0,0.5,cusum_fgo,pooled,0,90003,3.623917936753938,0.981437338622562,1.8629959619082568,1.099141462769014
E5,no_soft_weighting,baseline_3f,30,5.0,0.5,cusum_fgo,macro,0,90003,3.31071120742997,0.981437338622562,1.7948968395778324,1.080439843187029
E5,no_soft_weighting,baseline_3f,31,5.0,0.5,cusum_fgo,follower,1,30001,5.947699966132404,1.9103091872467788,3.1345334538519656,2.1037506917878726
E5,no_soft_weighting,baseline_3f,31,5.0,0.5,cusum_fgo,follower,2,30001,3.1117353901559284,1.465479599776332,2.2348849838603275,1.528159278558133
E5,no_soft_weighting,baseline_3f,31,5.0,0.5,cusum_fgo,follower,3,30001,2.454834195840781,0.9295541938072925,1.6342430758127202,1.0229200458604017
E5,no_soft_weighting,baseline_3f,31,5.0,0.5,cusum_fgo,pooled,0,90003,5.947699966132404,1.4351143269434676,2.7352371738466865,1.6132165771179343
E5,no_soft_weighting,baseline_3f,31,5.0,0.5,cusum_fgo,macro,0,90003,3.838089850709705,1.4351143269434676,2.334553837841671,1.5516100054021358
E5,no_soft_weighting,baseline_3f,32,5.0,0.5,cusum_fgo,follower,1,30001,3.034796559088394,0.889798777466978,1.8122506566248853,1.0084937521713682
E5,no_soft_weighting,baseline_3f,32,5.0,0.5,cusum_fgo,follower,2,30001,4.879989478232923,1.1768530986723245,2.309412651292818,1.3607658022880393
E5,no_soft_weighting,baseline_3f,32,5.0,0.5,cusum_fgo,follower,3,30001,3.0383561293843373,1.028299624436272,1.65925754875069,1.104798136513102
E5,no_soft_weighting,baseline_3f,32,5.0,0.5,cusum_fgo,pooled,0,90003,4.879989478232923,1.0316505001918583,2.073118644351731,1.1675218969093069
E5,no_soft_weighting,baseline_3f,32,5.0,0.5,cusum_fgo,macro,0,90003,3.6510473889018846,1.0316505001918583,1.9269736188894644,1.1580192303241699
E5,no_soft_weighting,baseline_3f,33,5.0,0.5,cusum_fgo,follower,1,30001,3.7731120641924063,2.0034232468186204,3.0739122733147495,2.138957653108317
E5,no_soft_weighting,baseline_3f,33,5.0,0.5,cusum_fgo,follower,2,30001,3.2673576337926304,1.1745220121267324,2.0110237666038135,1.257369057507782
E5,no_soft_weighting,baseline_3f,33,5.0,0.5,cusum_fgo,follower,3,30001,2.4765466381620143,0.7257715705396184,1.4205232479980325,0.8110584298696494
E5,no_soft_weighting,baseline_3f,33,5.0,0.5,cusum_fgo,pooled,0,90003,3.7731120641924063,1.301238943161657,2.7729785963896236,1.5070868770834316
E5,no_soft_weighting,baseline_3f,33,5.0,0.5,cusum_fgo,macro,0,90003,3.172338778715684,1.301238943161657,2.1684864293055317,1.4024617134952495
E5,no_soft_weighting,baseline_3f,34,5.0,0.5,cusum_fgo,follower,1,30001,5.161324065343116,1.469489491759229,3.5480973625306964,1.6947489491388585
E5,no_soft_weighting,baseline_3f,34,5.0,0.5,cusum_fgo,follower,2,30001,3.8202405243031707,0.9443189153057542,2.0559620475150955,1.0817159253582656
E5,no_soft_weighting,baseline_3f,34,5.0,0.5,cusum_fgo,follower,3,30001,2.1950523388337637,1.104605691896757,1.4978271453130794,1.1354545775733407
E5,no_soft_weighting,baseline_3f,34,5.0,0.5,cusum_fgo,pooled,0,90003,5.161324065343116,1.1728046996539134,2.268943624673613,1.3331092030179181
E5,no_soft_weighting,baseline_3f,34,5.0,0.5,cusum_fgo,macro,0,90003,3.7255389761600166,1.1728046996539134,2.3672955184529574,1.3039731506901548
E5,no_soft_weighting,baseline_3f,35,5.0,0.5,cusum_fgo,follower,1,30001,2.093937294004472,0.691859404919428,1.400707405902724,0.7835815513420517
E5,no_soft_weighting,baseline_3f,35,5.0,0.5,cusum_fgo,follower,2,30001,3.412121259552702,1.0578948192711675,2.079636994226839,1.179082925676991
E5,no_soft_weighting,baseline_3f,35,5.0,0.5,cusum_fgo,follower,3,30001,2.772468538847975,0.783595290664298,1.661499764072866,0.8862905645305029
E5,no_soft_weighting,baseline_3f,35,5.0,0.5,cusum_fgo,pooled,0,90003,3.412121259552702,0.8444498382849644,1.6978083389706966,0.9643214467528324
E5,no_soft_weighting,baseline_3f,35,5.0,0.5,cusum_fgo,macro,0,90003,2.7595090308017163,0.8444498382849644,1.7139480547341428,0.9496516805165153
E5,no_soft_weighting,baseline_3f,36,5.0,0.5,cusum_fgo,follower,1,30001,4.359614629889407,1.8310735053443383,2.727599191486993,1.9301729008094024
E5,no_soft_weighting,baseline_3f,36,5.0,0.5,cusum_fgo,follower,2,30001,4.24481272594921,1.5744185409860425,2.686313822939969,1.6940473207951436
E5,no_soft_weighting,baseline_3f,36,5.0,0.5,cusum_fgo,follower,3,30001,3.131708466446816,0.7563346557523073,1.5532888548614177,0.8736699244737626
E5,no_soft_weighting,baseline_3f,36,5.0,0.5,cusum_fgo,pooled,0,90003,4.359614629889407,1.3872755673608959,2.57168299442316,1.566169732079102
E5,no_soft_weighting,baseline_3f,36,5.0,0.5,cusum_fgo,macro,0,90003,3.9120452740951444,1.387275567360896,2.3224006230961263,1.499296715359436
E5,no_soft_weighting,baseline_3f,37,5.0,0.5,cusum_fgo,follower,1,30001,2.2973037867436115,1.0023903413499136,1.7519051900527263,1.0940227233454602
E5,no_soft_weighting,baseline_3f,37,5.0,0.5,cusum_fgo,follower,2,30001,3.4756537787915556,1.2112558650030185,1.9693757815783743,1.29506791794949
E5,no_soft_weighting,baseline_3f,37,5.0,0.5,cusum_fgo,follower,3,30001,3.1793786995549405,0.9721128735420075,1.9341883434564013,1.080604926553274
E5,no_soft_weighting,baseline_3f,37,5.0,0.5,cusum_fgo,pooled,0,90003,3.4756537787915556,1.0619196932983133,1.8496558376363317,1.1607172550610607
E5,no_soft_weighting,baseline_3f,37,5.0,0.5,cusum_fgo,macro,0,90003,2.984112088363369,1.0619196932983133,1.8851564383625006,1.1565651892827413
E5,no_soft_weighting,baseline_3f,38,5.0,0.5,cusum_fgo,follower,1,30001,2.8290368032007933,1.008211861174261,1.5254536272056416,1.0633495833134992
E5,no_soft_weighting,baseline_3f,38,5.0,0.5,cusum_fgo,follower,2,30001,2.7029140918170427,0.748155593607609,1.482819230568442,0.8485377247017236
E5,no_soft_weighting,baseline_3f,38,5.0,0.5,cusum_fgo,follower,3,30001,2.3992576211566536,0.8746172709700644,1.4487306600350691,0.925868839103249
E5,no_soft_weighting,baseline_3f,38,5.0,0.5,cusum_fgo,pooled,0,90003,2.8290368032007933,0.8769949085839781,1.481828900052308,0.950080998967521
E5,no_soft_weighting,baseline_3f,38,5.0,0.5,cusum_fgo,macro,0,90003,2.6437361720581634,0.8769949085839781,1.4856678392697173,0.9459187157061573
E5,no_soft_weighting,baseline_3f,39,5.0,0.5,cusum_fgo,follower,1,30001,4.349438563750246,1.1683335381447326,1.9489211567440106,1.2856703009623678
E5,no_soft_weighting,baseline_3f,39,5.0,0.5,cusum_fgo,follower,2,30001,3.1621908163975156,0.9448673213832856,1.5214802716601397,1.0123635572878558
E5,no_soft_weighting,baseline_3f,39,5.0,0.5,cusum_fgo,follower,3,30001,2.6240599995041047,0.7674662302376121,1.3025515770889449,0.8349899727066643
E5,no_soft_weighting,baseline_3f,39,5.0,0.5,cusum_fgo,pooled,0,90003,4.349438563750246,0.9602223632552102,1.7313475559608582,1.0606658835250402
E5,no_soft_weighting,baseline_3f,39,5.0,0.5,cusum_fgo,macro,0,90003,3.378563126550622,0.9602223632552102,1.590984335164365,1.0443412769856293
E5,no_soft_weighting,baseline_3f,40,5.0,0.5,cusum_fgo,follower,1,30001,3.5168094534183285,0.8093307857447057,1.583843935761597,0.9137545202433173
E5,no_soft_weighting,baseline_3f,40,5.0,0.5,cusum_fgo,follower,2,30001,6.476750254764397,1.551266571858237,3.6305070026205937,1.8203485791657879
E5,no_soft_weighting,baseline_3f,40,5.0,0.5,cusum_fgo,follower,3,30001,2.319808277426576,0.561407202984647,1.125530540738833,0.6447492408881259
E5,no_soft_weighting,baseline_3f,40,5.0,0.5,cusum_fgo,pooled,0,90003,6.476750254764397,0.9740015201958633,2.239636166698143,1.2334663698377042
E5,no_soft_weighting,baseline_3f,40,5.0,0.5,cusum_fgo,macro,0,90003,4.104455995203101,0.9740015201958632,2.1132938263736745,1.1262841134324104
E5,no_soft_weighting,baseline_3f,41,5.0,0.5,cusum_fgo,follower,1,30001,3.3929125208516817,1.4172857856359826,2.2732511543926552,1.5080370582360088
E5,no_soft_weighting,baseline_3f,41,5.0,0.5,cusum_fgo,follower,2,30001,5.138574258149236,0.7730882160989944,1.7026780230430796,0.9606350231447452
E5,no_soft_weighting,baseline_3f,41,5.0,0.5,cusum_fgo,follower,3,30001,2.8768804174259004,0.8602853795710734,1.605566698217273,0.9513828729118177
E5,no_soft_weighting,baseline_3f,41,5.0,0.5,cusum_fgo,pooled,0,90003,5.138574258149236,1.01688646043535,2.0728013496433784,1.1693480787138568
E5,no_soft_weighting,baseline_3f,41,5.0,0.5,cusum_fgo,macro,0,90003,3.802789065475606,1.01688646043535,1.8604986252176694,1.1400183180975239
E5,no_soft_weighting,baseline_3f,42,5.0,0.5,cusum_fgo,follower,1,30001,4.276915225330932,1.054477789304217,1.7239646095654757,1.1450726317448237
E5,no_soft_weighting,baseline_3f,42,5.0,0.5,cusum_fgo,follower,2,30001,3.854097107327177,0.8646713686342617,1.7315554439620888,0.9856751089012666
E5,no_soft_weighting,baseline_3f,42,5.0,0.5,cusum_fgo,follower,3,30001,2.6591954032666703,0.7291110583010654,1.68080032190899,0.8405407664669304
E5,no_soft_weighting,baseline_3f,42,5.0,0.5,cusum_fgo,pooled,0,90003,4.276915225330932,0.8827534054131815,1.7115340012437443,0.9982076491344134
E5,no_soft_weighting,baseline_3f,42,5.0,0.5,cusum_fgo,macro,0,90003,3.5967359119749265,0.8827534054131814,1.7121067918121848,0.9904295023710068
E5,no_soft_weighting,baseline_3f,43,5.0,0.5,cusum_fgo,follower,1,30001,3.969570904236485,0.904059928192393,1.437544368065573,1.0030592143207502
E5,no_soft_weighting,baseline_3f,43,5.0,0.5,cusum_fgo,follower,2,30001,3.534916159229704,1.1589342140202799,1.7889808893993426,1.2254873379806057
E5,no_soft_weighting,baseline_3f,43,5.0,0.5,cusum_fgo,follower,3,30001,2.591291960094733,0.5480627922860584,1.0956459337036544,0.6333361962192219
E5,no_soft_weighting,baseline_3f,43,5.0,0.5,cusum_fgo,pooled,0,90003,3.969570904236485,0.8703523114995771,1.5933844117663094,0.9847269910024106
E5,no_soft_weighting,baseline_3f,43,5.0,0.5,cusum_fgo,macro,0,90003,3.3652596745203076,0.8703523114995771,1.4407237303895233,0.9539609161735259
E5,no_soft_weighting,baseline_3f,44,5.0,0.5,cusum_fgo,follower,1,30001,2.421640346267904,1.1226305863813988,1.7212799140721033,1.1800207523931256
E5,no_soft_weighting,baseline_3f,44,5.0,0.5,cusum_fgo,follower,2,30001,2.9007827524716645,1.076994380578361,1.6651537316391773,1.1492141004964422
E5,no_soft_weighting,baseline_3f,44,5.0,0.5,cusum_fgo,follower,3,30001,2.7479101908104355,0.9573700550142779,1.476610532310786,1.008959862693041
E5,no_soft_weighting,baseline_3f,44,5.0,0.5,cusum_fgo,pooled,0,90003,2.9007827524716645,1.052331673991346,1.6478301515723037,1.1152192653440915
E5,no_soft_weighting,baseline_3f,44,5.0,0.5,cusum_fgo,macro,0,90003,2.690111096516668,1.052331673991346,1.6210147260073555,1.1127315718608697
E5,no_soft_weighting,baseline_3f,45,5.0,0.5,cusum_fgo,follower,1,30001,4.472709891137644,1.7692458436290746,2.684065847290757,1.9006139175939836
E5,no_soft_weighting,baseline_3f,45,5.0,0.5,cusum_fgo,follower,2,30001,2.863696997658489,0.8459712038099525,1.499277752963414,0.937507122215124
E5,no_soft_weighting,baseline_3f,45,5.0,0.5,cusum_fgo,follower,3,30001,2.6815848621027576,1.2150355591503519,1.632359097456243,1.2538530923666078
E5,no_soft_weighting,baseline_3f,45,5.0,0.5,cusum_fgo,pooled,0,90003,4.472709891137644,1.2767508688631264,2.384384350187147,1.4216657419137286
E5,no_soft_weighting,baseline_3f,45,5.0,0.5,cusum_fgo,macro,0,90003,3.339330583632963,1.2767508688631264,1.9385675659034713,1.363991377391905
E5,no_soft_weighting,baseline_3f,46,5.0,0.5,cusum_fgo,follower,1,30001,4.666251942898257,1.1781280491404498,1.943833440873591,1.3022687132187643
E5,no_soft_weighting,baseline_3f,46,5.0,0.5,cusum_fgo,follower,2,30001,2.9808727219398254,1.2226128551068731,1.820128870477227,1.2838473169943148
E5,no_soft_weighting,baseline_3f,46,5.0,0.5,cusum_fgo,follower,3,30001,2.8655370632182815,0.9178539629922822,1.5522259482682175,0.991183967773334
E5,no_soft_weighting,baseline_3f,46,5.0,0.5,cusum_fgo,pooled,0,90003,4.666251942898257,1.1061982890798683,1.79655644794459,1.200918175501957
E5,no_soft_weighting,baseline_3f,46,5.0,0.5,cusum_fgo,macro,0,90003,3.5042205760187883,1.1061982890798685,1.772062753206345,1.1924333326621375
E5,no_soft_weighting,baseline_3f,47,5.0,0.5,cusum_fgo,follower,1,30001,2.9021948477084147,0.9281928750533707,1.698859147270401,1.0107939343066374
E5,no_soft_weighting,baseline_3f,47,5.0,0.5,cusum_fgo,follower,2,30001,2.9639853291280147,0.8658146231563467,1.5252572717232247,0.9549728689907717
E5,no_soft_weighting,baseline_3f,47,5.0,0.5,cusum_fgo,follower,3,30001,2.3948365950894472,0.7684723626281342,1.3153508489590513,0.8370414903125069
E5,no_soft_weighting,baseline_3f,47,5.0,0.5,cusum_fgo,pooled,0,90003,2.9639853291280147,0.8541599536126173,1.529079980865104,0.9370727496916731
E5,no_soft_weighting,baseline_3f,47,5.0,0.5,cusum_fgo,macro,0,90003,2.753672257308626,0.8541599536126171,1.5131557559842257,0.9342694312033054
E5,no_soft_weighting,baseline_3f,48,5.0,0.5,cusum_fgo,follower,1,30001,4.332224366898655,0.909956132292117,1.928202623060988,1.1086420693053398
E5,no_soft_weighting,baseline_3f,48,5.0,0.5,cusum_fgo,follower,2,30001,2.802964184844342,0.7373844935214536,1.461523014391678,0.833268491931237
E5,no_soft_weighting,baseline_3f,48,5.0,0.5,cusum_fgo,follower,3,30001,1.8843383439586563,0.46297795030466743,0.9589953411939758,0.5296624228277723
E5,no_soft_weighting,baseline_3f,48,5.0,0.5,cusum_fgo,pooled,0,90003,4.332224366898655,0.703439525372746,1.5714733587575334,0.8571203532049957
E5,no_soft_weighting,baseline_3f,48,5.0,0.5,cusum_fgo,macro,0,90003,3.006508965233884,0.703439525372746,1.4495736595488806,0.8238576613547831
E5,no_soft_weighting,baseline_3f,49,5.0,0.5,cusum_fgo,follower,1,30001,3.727598892147594,1.2787490125461556,1.9616197774406068,1.378236936726828
E5,no_soft_weighting,baseline_3f,49,5.0,0.5,cusum_fgo,follower,2,30001,3.5982936352187154,0.9650754530014691,1.6445139563821087,1.0486811530782743
E5,no_soft_weighting,baseline_3f,49,5.0,0.5,cusum_fgo,follower,3,30001,3.113506034351898,1.1432905463345584,1.7948978021539261,1.2135425443332037
E5,no_soft_weighting,baseline_3f,49,5.0,0.5,cusum_fgo,pooled,0,90003,3.727598892147594,1.129038337294061,1.8528763755832727,1.2209224274411588
E5,no_soft_weighting,baseline_3f,49,5.0,0.5,cusum_fgo,macro,0,90003,3.4797995205727354,1.129038337294061,1.8003438453255471,1.213486878046102
E5,no_soft_weighting,baseline_3f,50,5.0,0.5,cusum_fgo,follower,1,30001,2.5954968934807985,1.114428400816009,1.8145568893843513,1.1718787995655546
E5,no_soft_weighting,baseline_3f,50,5.0,0.5,cusum_fgo,follower,2,30001,3.1287987652972435,1.0826980006283908,1.8891397388267575,1.161503322396696
E5,no_soft_weighting,baseline_3f,50,5.0,0.5,cusum_fgo,follower,3,30001,2.264004360052995,0.9170761150004867,1.4992030267019214,0.9680710673828462
E5,no_soft_weighting,baseline_3f,50,5.0,0.5,cusum_fgo,pooled,0,90003,3.1287987652972435,1.038067505481629,1.7602764501118902,1.104468421204447
E5,no_soft_weighting,baseline_3f,50,5.0,0.5,cusum_fgo,macro,0,90003,2.662766672943679,1.0380675054816288,1.73429988497101,1.1004843964483655
