Scenario,Seed,Aggregation,Follower,Comparison,MaximumDifference,MeanDifference,CDF95Difference,RMSE3DDifference
baseline_3f,1,follower,1,cusum_fgo_minus_ekf,-10.117223952102895,-0.8377254847471586,-6.460703838411945,-1.8277337216619634
baseline_3f,1,follower,1,cusum_fgo_minus_fgo,-8.196937464708526,-1.4734304906183437,-6.045427977482124,-2.2652532628007496
baseline_3f,1,follower,1,cusum_fgo_minus_cusum_ekf,-4.670450709921873,-0.30409359738473263,-0.8871113592181112,-0.5788912318348178
baseline_3f,1,follower,2,cusum_fgo_minus_ekf,-10.911555290140555,-1.2352880455413509,-7.892216163369044,-2.550907768150964
baseline_3f,1,follower,2,cusum_fgo_minus_fgo,-10.65459962679924,-1.7217917092976984,-7.2519338558171444,-2.73865741617562
baseline_3f,1,follower,2,cusum_fgo_minus_cusum_ekf,-5.746590150810189,-0.40559337179688537,-1.989135852753634,-0.6820920618895598
baseline_3f,1,follower,3,cusum_fgo_minus_ekf,-10.475931223113452,-0.931110679477128,-5.704533110027989,-1.8947422508614107
baseline_3f,1,follower,3,cusum_fgo_minus_fgo,-8.250439199526843,-1.1849816204902293,-5.368976996178917,-1.940204413326958
baseline_3f,1,follower,3,cusum_fgo_minus_cusum_ekf,-7.162771301848538,-0.354874301698332,-1.285871865214358,-0.5776736861152495
baseline_3f,1,pooled,0,cusum_fgo_minus_ekf,-10.117223952102895,-1.001374736588546,-6.684922396099572,-2.100511338660665
baseline_3f,1,pooled,0,cusum_fgo_minus_fgo,-9.371525721637715,-1.4600679401354237,-6.300138025659958,-2.3265968572504714
baseline_3f,1,pooled,0,cusum_fgo_minus_cusum_ekf,-5.47298073895063,-0.35485375695998334,-1.3241313575139626,-0.6108249999480463
baseline_3f,1,macro,0,cusum_fgo_minus_ekf,-10.50157015511897,-1.0013747365885455,-6.685817703936326,-2.091127913558113
baseline_3f,1,macro,0,cusum_fgo_minus_fgo,-9.033992097011536,-1.4600679401354242,-6.222112943159395,-2.314705030767776
baseline_3f,1,macro,0,cusum_fgo_minus_cusum_ekf,-5.859937387526866,-0.3548537569599831,-1.3873730257287014,-0.6128856599465424
baseline_3f,2,follower,1,cusum_fgo_minus_ekf,-9.724413249657292,-0.9992009107874933,-6.885788201617768,-2.029641897579535
baseline_3f,2,follower,1,cusum_fgo_minus_fgo,-7.159221342294375,-1.2007941685037888,-5.282390794419643,-1.854376040546016
baseline_3f,2,follower,1,cusum_fgo_minus_cusum_ekf,-8.752279062301335,-0.5266595152763109,-1.874890401713838,-0.9337344359531152
baseline_3f,2,follower,2,cusum_fgo_minus_ekf,-6.984077767588604,-0.36832531198858587,-2.665998553783222,-0.998360310337338
baseline_3f,2,follower,2,cusum_fgo_minus_fgo,-6.128487240794933,-1.0999616976293194,-4.3996978291656825,-1.6278328841192997
baseline_3f,2,follower,2,cusum_fgo_minus_cusum_ekf,-3.9011501738919376,0.018089302139270513,-1.1898423569144905,-0.19989284196703894
baseline_3f,2,follower,3,cusum_fgo_minus_ekf,-11.68492573768986,-1.0188903898449264,-7.259928252321918,-2.1511973540446285
baseline_3f,2,follower,3,cusum_fgo_minus_fgo,-9.300665454975206,-0.8924550604608589,-5.973845308242773,-1.7790615282179667
baseline_3f,2,follower,3,cusum_fgo_minus_cusum_ekf,-6.62409372650787,-0.4005226815041757,-1.3330744321292824,-0.65601249995128
baseline_3f,2,pooled,0,cusum_fgo_minus_ekf,-10.880438179456917,-0.7954722042070017,-5.915667234734128,-1.7111660706869067
baseline_3f,2,pooled,0,cusum_fgo_minus_fgo,-8.496177896742264,-1.0644036421979888,-4.862257739761685,-1.7290224933995113
baseline_3f,2,pooled,0,cusum_fgo_minus_cusum_ekf,-7.495545833389817,-0.3030309648804055,-1.3794677086783917,-0.5677384611033329
baseline_3f,2,macro,0,cusum_fgo_minus_ekf,-9.464472251645251,-0.7954722042070017,-5.603905002574304,-1.7263998539871672
baseline_3f,2,macro,0,cusum_fgo_minus_fgo,-7.529458012688172,-1.0644036421979888,-5.2186446439426994,-1.753756817627761
baseline_3f,2,macro,0,cusum_fgo_minus_cusum_ekf,-6.425840987567048,-0.30303096488040526,-1.4659357302525369,-0.5965465926238114
baseline_3f,3,follower,1,cusum_fgo_minus_ekf,-5.694844361610098,-0.7190762742112085,-2.8280659092255744,-1.0702204839337848
baseline_3f,3,follower,1,cusum_fgo_minus_fgo,-7.168883794574482,-0.9856352861250144,-3.8181765541066817,-1.575933673727704
baseline_3f,3,follower,1,cusum_fgo_minus_cusum_ekf,-4.727195397660503,-0.5366414732647202,-1.3816990880641877,-0.7307527614472904
baseline_3f,3,follower,2,cusum_fgo_minus_ekf,-5.625133881608009,-0.9325782562158798,-4.894159311951645,-1.5999644467854806
baseline_3f,3,follower,2,cusum_fgo_minus_fgo,-5.317332649030088,-1.074833312758439,-4.53607189734662,-1.6580217924414513
baseline_3f,3,follower,2,cusum_fgo_minus_cusum_ekf,-4.962703048122622,-0.4365773728241731,-1.6199304138344899,-0.68720500305031
baseline_3f,3,follower,3,cusum_fgo_minus_ekf,-7.729569437881272,-0.9317903157910186,-4.343759916929434,-1.6480970199423575
baseline_3f,3,follower,3,cusum_fgo_minus_fgo,-5.789307524440581,-0.8160928838169728,-4.051084990985495,-1.3986976567046203
baseline_3f,3,follower,3,cusum_fgo_minus_cusum_ekf,-4.809637983896524,-0.4661432123707307,-0.9990370119316828,-0.649160245715673
baseline_3f,3,pooled,0,cusum_fgo_minus_ekf,-7.193960334045529,-0.8611482820727022,-4.329126602346629,-1.4403726617940649
baseline_3f,3,pooled,0,cusum_fgo_minus_fgo,-6.996817150542266,-0.9588538275668089,-4.23511861450653,-1.544074780087835
baseline_3f,3,pooled,0,cusum_fgo_minus_cusum_ekf,-4.962703048122622,-0.4797873528198747,-1.2539592367429642,-0.6848546704659441
baseline_3f,3,macro,0,cusum_fgo_minus_ekf,-6.3498492270331255,-0.8611482820727023,-4.02199504603555,-1.4394273168872078
baseline_3f,3,macro,0,cusum_fgo_minus_fgo,-6.0918413226817165,-0.958853827566809,-4.1351111474795985,-1.544217707624592
baseline_3f,3,macro,0,cusum_fgo_minus_cusum_ekf,-4.833178809893216,-0.4797873528198746,-1.3335555046101202,-0.6890393367377577
baseline_3f,4,follower,1,cusum_fgo_minus_ekf,-9.214362095639625,-0.6413324988393958,-7.417337906345249,-1.6938949708887958
baseline_3f,4,follower,1,cusum_fgo_minus_fgo,-7.326092480763314,-1.215875853289186,-4.9896576440131035,-1.8245240886115437
baseline_3f,4,follower,1,cusum_fgo_minus_cusum_ekf,-5.136111750482034,-0.012790759487031567,-0.8923411293953221,-0.2238883734444772
baseline_3f,4,follower,2,cusum_fgo_minus_ekf,-9.859190782019375,-0.7044383447590634,-3.869314933886166,-1.5918692624018567
baseline_3f,4,follower,2,cusum_fgo_minus_fgo,-9.453177030198209,-1.4603696215157047,-5.720498957933317,-2.276152766817365
baseline_3f,4,follower,2,cusum_fgo_minus_cusum_ekf,-5.264235739823014,-0.15709280437798379,-0.7337701735035056,-0.38931249329889095
baseline_3f,4,follower,3,cusum_fgo_minus_ekf,-7.147777655924348,-0.9927078631684015,-5.292766866459583,-1.732620533710406
baseline_3f,4,follower,3,cusum_fgo_minus_fgo,-7.1467452974767385,-0.8791844425003846,-4.541939295239609,-1.561438145894634
baseline_3f,4,follower,3,cusum_fgo_minus_cusum_ekf,-7.380395467894984,-0.5866175113807673,-1.7302215601232087,-0.9633350662613174
baseline_3f,4,pooled,0,cusum_fgo_minus_ekf,-9.214362095639625,-0.7794929022556201,-5.060239801657373,-1.66199931638987
baseline_3f,4,pooled,0,cusum_fgo_minus_fgo,-8.603603598454427,-1.1851433057684249,-5.226562529884605,-1.8888970948193848
baseline_3f,4,pooled,0,cusum_fgo_minus_cusum_ekf,-6.264619338905551,-0.25216702508192745,-1.1816074718551408,-0.5172864529362127
baseline_3f,4,macro,0,cusum_fgo_minus_ekf,-8.74044351119445,-0.7794929022556201,-5.5264732355636665,-1.6727949223336862
baseline_3f,4,macro,0,cusum_fgo_minus_fgo,-7.975338269479421,-1.1851433057684253,-5.084031965728677,-1.8873716671078478
baseline_3f,4,macro,0,cusum_fgo_minus_cusum_ekf,-5.9269143194000105,-0.25216702508192745,-1.1187776210073455,-0.5255119776682287
baseline_3f,5,follower,1,cusum_fgo_minus_ekf,-4.602209123708075,-0.24074600019894832,-3.460424562344094,-0.7107582093839162
baseline_3f,5,follower,1,cusum_fgo_minus_fgo,-2.8115843745778353,-0.711617907965872,-3.1318952529636,-1.035347672307835
baseline_3f,5,follower,1,cusum_fgo_minus_cusum_ekf,-2.0652000275325584,-0.012737037097261483,-1.110474255461304,-0.18066356722712174
baseline_3f,5,follower,2,cusum_fgo_minus_ekf,-9.010532028647013,-1.1960976120345708,-8.268640512280529,-2.4573974557933758
baseline_3f,5,follower,2,cusum_fgo_minus_fgo,-7.922319192901516,-1.3389749633214787,-6.842840529764363,-2.2888585991153323
baseline_3f,5,follower,2,cusum_fgo_minus_cusum_ekf,-2.7954196043870487,-1.1178341218905847,-2.2241634953341993,-1.2623835898310376
baseline_3f,5,follower,3,cusum_fgo_minus_ekf,-4.026487918399701,-0.44956231588004225,-2.787859139424701,-0.8341111471615795
baseline_3f,5,follower,3,cusum_fgo_minus_fgo,-3.9138983342949283,-0.7180814427110013,-3.528491224879427,-1.151288986291589
baseline_3f,5,follower,3,cusum_fgo_minus_cusum_ekf,-2.211834845557604,-0.1955950453682337,-0.8464671391443337,-0.32610567160466053
baseline_3f,5,pooled,0,cusum_fgo_minus_ekf,-8.28276926239777,-0.6288019760378536,-3.9628642923747455,-1.3224677105767104
baseline_3f,5,pooled,0,cusum_fgo_minus_fgo,-7.194556426652273,-0.9228914379994506,-3.693252185348946,-1.441992377825354
baseline_3f,5,pooled,0,cusum_fgo_minus_cusum_ekf,-2.0676568381378058,-0.4420554014520264,-1.0329515356547994,-0.5434368279866448
baseline_3f,5,macro,0,cusum_fgo_minus_ekf,-5.879743023584931,-0.6288019760378536,-4.838974738016441,-1.3340889374462905
baseline_3f,5,macro,0,cusum_fgo_minus_fgo,-4.88260063392476,-0.9228914379994508,-4.501075669202463,-1.4918317525715856
baseline_3f,5,macro,0,cusum_fgo_minus_cusum_ekf,-2.3574848258257366,-0.4420554014520268,-1.3937016299799454,-0.5897176095542733
baseline_3f,6,follower,1,cusum_fgo_minus_ekf,-7.770932094509607,-0.732352667909236,-3.5322588569328652,-1.3334985921718612
baseline_3f,6,follower,1,cusum_fgo_minus_fgo,-4.43504046334505,-0.7773786962502147,-2.7031009300423183,-1.108108145287139
baseline_3f,6,follower,1,cusum_fgo_minus_cusum_ekf,-12.35121372346831,-0.5191115723658011,-1.6180331086498483,-1.0052526571157137
baseline_3f,6,follower,2,cusum_fgo_minus_ekf,-7.3357351698869975,-0.4572537522506839,-4.280878852162033,-1.0131886314215524
baseline_3f,6,follower,2,cusum_fgo_minus_fgo,-5.597977901202609,-0.9654901339411068,-4.126148527368135,-1.3658247415763292
baseline_3f,6,follower,2,cusum_fgo_minus_cusum_ekf,-6.781319166275256,-0.14827142877982413,-1.2992089914210747,-0.4623880598896899
baseline_3f,6,follower,3,cusum_fgo_minus_ekf,-3.0744343327202373,-0.6260177739156627,-2.6671818877025504,-0.9113325096754776
baseline_3f,6,follower,3,cusum_fgo_minus_fgo,-5.172704343249883,-0.6341778121706896,-3.172826659155498,-1.053636302121342
baseline_3f,6,follower,3,cusum_fgo_minus_cusum_ekf,-3.7882981429753286,-0.46427453106353633,-1.275510402888476,-0.6286429362418344
baseline_3f,6,pooled,0,cusum_fgo_minus_ekf,-7.547647469888779,-0.6052080646918607,-2.654857550406652,-1.0799731879762842
baseline_3f,6,pooled,0,cusum_fgo_minus_fgo,-5.597977901202609,-0.7923488807873367,-3.3119127703531537,-1.1767912861481844
baseline_3f,6,pooled,0,cusum_fgo_minus_cusum_ekf,-12.127929098847481,-0.3772191774030538,-1.2330485975088172,-0.6867823456903377
baseline_3f,6,macro,0,cusum_fgo_minus_ekf,-6.0603671990389465,-0.605208064691861,-3.493439865599149,-1.086006577756297
baseline_3f,6,macro,0,cusum_fgo_minus_fgo,-5.068574235932514,-0.7923488807873373,-3.33402537218865,-1.17585639632827
baseline_3f,6,macro,0,cusum_fgo_minus_cusum_ekf,-7.640277010906297,-0.377219177403054,-1.397584167653133,-0.698761217749079
baseline_3f,7,follower,1,cusum_fgo_minus_ekf,-7.190580074427888,-0.701319713825325,-2.900314453962304,-1.2639267409485035
baseline_3f,7,follower,1,cusum_fgo_minus_fgo,-6.891833252798967,-0.994783289909856,-4.710119623898238,-1.719451504990316
baseline_3f,7,follower,1,cusum_fgo_minus_cusum_ekf,-3.931782023432076,-0.4278702671478142,-1.286599369349472,-0.5694472783538981
baseline_3f,7,follower,2,cusum_fgo_minus_ekf,-10.142614523215595,-0.7536179484697829,-5.680091287482036,-1.5449145285818997
baseline_3f,7,follower,2,cusum_fgo_minus_fgo,-8.277730840867061,-1.003361367923966,-4.395498003024642,-1.551942393422508
baseline_3f,7,follower,2,cusum_fgo_minus_cusum_ekf,-7.110427933181302,-0.475388627966953,-2.420609478951956,-0.8877913368538153
baseline_3f,7,follower,3,cusum_fgo_minus_ekf,-8.533950352921186,-0.8662303985104678,-5.103827660868028,-1.5731958871891016
baseline_3f,7,follower,3,cusum_fgo_minus_fgo,-6.599648285590887,-0.8516767011290176,-4.648401508623605,-1.5251808026557245
baseline_3f,7,follower,3,cusum_fgo_minus_cusum_ekf,-4.947174979466936,-0.4863703598304292,-1.2110364916235041,-0.6384633258438597
baseline_3f,7,pooled,0,cusum_fgo_minus_ekf,-8.936256740933679,-0.7737226869351919,-3.8882616690227243,-1.4330638037439078
baseline_3f,7,pooled,0,cusum_fgo_minus_fgo,-7.071373058585146,-0.9499404529876132,-4.168628876285379,-1.5705319506366295
baseline_3f,7,pooled,0,cusum_fgo_minus_cusum_ekf,-5.904070150899385,-0.46320975164839884,-1.578623377722349,-0.7021111521358452
baseline_3f,7,macro,0,cusum_fgo_minus_ekf,-8.622381650188224,-0.773722686935192,-4.561411134104122,-1.4606790522398354
baseline_3f,7,macro,0,cusum_fgo_minus_fgo,-7.256404126418971,-0.9499404529876131,-4.584673045182161,-1.5988582336895165
baseline_3f,7,macro,0,cusum_fgo_minus_cusum_ekf,-5.329794978693437,-0.46320975164839895,-1.6394151133083106,-0.6985673136838578
baseline_3f,8,follower,1,cusum_fgo_minus_ekf,-6.146721474499832,-0.7051494443464092,-6.979187649007423,-1.4939488199008883
baseline_3f,8,follower,1,cusum_fgo_minus_fgo,-3.030461574578754,-0.8466037366060601,-4.429975542315212,-1.2607944390538897
baseline_3f,8,follower,1,cusum_fgo_minus_cusum_ekf,-4.474903316125663,-0.32301981095249976,-1.4540892188186352,-0.6091368150249614
baseline_3f,8,follower,2,cusum_fgo_minus_ekf,-3.895825871655246,-0.8037829076205307,-3.5165751282117617,-1.1962928559266284
baseline_3f,8,follower,2,cusum_fgo_minus_fgo,-3.9876597600193895,-1.0743459103588835,-3.7864635317516324,-1.5689051626966917
baseline_3f,8,follower,2,cusum_fgo_minus_cusum_ekf,-2.6799788774657243,-0.5332103634452303,-1.8409673348871067,-0.6979394853971824
baseline_3f,8,follower,3,cusum_fgo_minus_ekf,-8.539586790615978,-0.5595330886993045,-2.6438842818395534,-1.2245811200797712
baseline_3f,8,follower,3,cusum_fgo_minus_fgo,-3.0584875026004923,-0.5050506320103679,-2.5627545501872913,-0.8255896833005056
baseline_3f,8,follower,3,cusum_fgo_minus_cusum_ekf,-4.489570894997219,-0.17988474738901894,-0.7487306909348328,-0.31900799506663935
baseline_3f,8,pooled,0,cusum_fgo_minus_ekf,-6.146721474499832,-0.6894884802220812,-3.10964604326337,-1.3022593114005725
baseline_3f,8,pooled,0,cusum_fgo_minus_fgo,-3.030461574578754,-0.808666759658437,-3.3450691042180316,-1.2113194392650597
baseline_3f,8,pooled,0,cusum_fgo_minus_cusum_ekf,-4.474903316125663,-0.345371640595583,-1.2779673370627096,-0.5384405394271816
baseline_3f,8,macro,0,cusum_fgo_minus_ekf,-6.1940447122570195,-0.6894884802220818,-4.379882353019579,-1.3049409319690959
baseline_3f,8,macro,0,cusum_fgo_minus_fgo,-3.3588696123995447,-0.8086667596584369,-3.5930645414180455,-1.2184297616836957
baseline_3f,8,macro,0,cusum_fgo_minus_cusum_ekf,-3.881484362862869,-0.3453716405955831,-1.3479290815468583,-0.5420280984962611
baseline_3f,9,follower,1,cusum_fgo_minus_ekf,-10.56636722072857,-0.940185769768628,-7.7515306084254085,-2.014312642740301
baseline_3f,9,follower,1,cusum_fgo_minus_fgo,-6.753257331506234,-1.1291607477876309,-5.1592116650130855,-1.7225710464561335
baseline_3f,9,follower,1,cusum_fgo_minus_cusum_ekf,-5.086978519181354,-0.3129141593247873,-0.9120478655677104,-0.4523449412570054
baseline_3f,9,follower,2,cusum_fgo_minus_ekf,-13.239119309317916,-0.986397225346337,-4.314029556296258,-2.1081041981516613
baseline_3f,9,follower,2,cusum_fgo_minus_fgo,-12.339387027814874,-1.1621523599347463,-3.6998746677311223,-2.0584478530214545
baseline_3f,9,follower,2,cusum_fgo_minus_cusum_ekf,-7.094759392060386,-0.39234098976961074,-0.7474472911418102,-0.5838732979942547
baseline_3f,9,follower,3,cusum_fgo_minus_ekf,-3.7955750692042627,-0.5687877522129415,-2.7044577181417067,-0.8748780195401099
baseline_3f,9,follower,3,cusum_fgo_minus_fgo,-3.5637818750866743,-0.5914033007586562,-2.4178574532277493,-0.9057410830488847
baseline_3f,9,follower,3,cusum_fgo_minus_cusum_ekf,-2.1643390001680722,-0.3774631950395432,-1.0056990155869767,-0.4990954173393841
baseline_3f,9,pooled,0,cusum_fgo_minus_ekf,-12.976042230141157,-0.8317902491093021,-3.9073725518342663,-1.7318578198417267
baseline_3f,9,pooled,0,cusum_fgo_minus_fgo,-12.076309948638116,-0.9609054694936778,-3.733581500203497,-1.6125254136975018
baseline_3f,9,pooled,0,cusum_fgo_minus_cusum_ekf,-6.831682312883627,-0.36090611471131395,-0.8930665371154016,-0.5111470195954585
baseline_3f,9,macro,0,cusum_fgo_minus_ekf,-9.200353866416917,-0.8317902491093021,-4.923339294287791,-1.6657649534773569
baseline_3f,9,macro,0,cusum_fgo_minus_fgo,-7.552142078135928,-0.9609054694936776,-3.7589812619906526,-1.5622533275088242
baseline_3f,9,macro,0,cusum_fgo_minus_cusum_ekf,-4.782025637136604,-0.36090611471131373,-0.8883980574321657,-0.511771218863548
baseline_3f,10,follower,1,cusum_fgo_minus_ekf,-8.788345489473182,-1.0182102195078162,-7.046356068780258,-1.9516881834293303
baseline_3f,10,follower,1,cusum_fgo_minus_fgo,-10.862678673697985,-1.27517330479274,-5.252586201570384,-2.19744206547944
baseline_3f,10,follower,1,cusum_fgo_minus_cusum_ekf,-4.227856786473909,-0.4974995326781163,-1.3482493911128308,-0.6809561993755991
baseline_3f,10,follower,2,cusum_fgo_minus_ekf,-7.1004461040551075,-0.7424555742773213,-4.635054679703686,-1.4254832726491249
baseline_3f,10,follower,2,cusum_fgo_minus_fgo,-8.668888913065452,-1.1570263985343403,-4.464969593952365,-1.8195828644080962
baseline_3f,10,follower,2,cusum_fgo_minus_cusum_ekf,-4.779241840618422,-0.3162400262746674,-1.4467325727785332,-0.5278607062371163
baseline_3f,10,follower,3,cusum_fgo_minus_ekf,-6.975948331138074,-1.029527202042539,-6.03895480017572,-1.837389635875053
baseline_3f,10,follower,3,cusum_fgo_minus_fgo,-10.027360995230266,-0.9940890026526725,-4.881474765319605,-1.9347977873734727
baseline_3f,10,follower,3,cusum_fgo_minus_cusum_ekf,-4.881843450530836,-0.5932004866185017,-1.3966775010656511,-0.7823279860003316
baseline_3f,10,pooled,0,cusum_fgo_minus_ekf,-8.788345489473182,-0.930064331942559,-5.277294171816922,-1.7047109282876587
baseline_3f,10,pooled,0,cusum_fgo_minus_fgo,-10.862678673697985,-1.1420962353265849,-4.636926758437891,-1.9558965988554742
baseline_3f,10,pooled,0,cusum_fgo_minus_cusum_ekf,-4.475289485881806,-0.46898001519042865,-1.154217347008636,-0.6327147518961499
baseline_3f,10,macro,0,cusum_fgo_minus_ekf,-7.621579974888787,-0.9300643319425589,-5.906788516219889,-1.7381870306511695
baseline_3f,10,macro,0,cusum_fgo_minus_fgo,-9.852976193997902,-1.1420962353265844,-4.866343520280784,-1.9839409057536703
baseline_3f,10,macro,0,cusum_fgo_minus_cusum_ekf,-4.6296473592077225,-0.46898001519042876,-1.3972198216523382,-0.6637149638710157
baseline_3f,11,follower,1,cusum_fgo_minus_ekf,-8.878600095142737,-0.9543450283881734,-7.744586248828236,-2.028587046224691
baseline_3f,11,follower,1,cusum_fgo_minus_fgo,-10.022543434465865,-1.5922814695157914,-6.580500046901209,-2.4899365311633965
baseline_3f,11,follower,1,cusum_fgo_minus_cusum_ekf,-10.912729567314898,-0.4382354595459803,-1.1762103720421282,-0.977177735308719
baseline_3f,11,follower,2,cusum_fgo_minus_ekf,-11.760036269529591,-1.4479015658547016,-9.220755782515397,-2.9901948125752353
baseline_3f,11,follower,2,cusum_fgo_minus_fgo,-11.207591086833151,-1.9267664430918368,-8.504224630547764,-3.092098811787669
baseline_3f,11,follower,2,cusum_fgo_minus_cusum_ekf,-6.867513351155861,-0.5429227008893756,-3.2768388096665104,-1.0225870695784154
baseline_3f,11,follower,3,cusum_fgo_minus_ekf,-9.727936187357942,-0.9540956200593557,-5.927535302865716,-1.8947356016661636
baseline_3f,11,follower,3,cusum_fgo_minus_fgo,-9.143124302429191,-1.0639434716789755,-5.052949623139544,-1.9230385433900186
baseline_3f,11,follower,3,cusum_fgo_minus_cusum_ekf,-5.617018429288535,-0.4425446202857436,-1.1223212320052018,-0.5896705857407676
baseline_3f,11,pooled,0,cusum_fgo_minus_ekf,-11.760036269529591,-1.1187807381007437,-8.072755819572915,-2.351171983744155
baseline_3f,11,pooled,0,cusum_fgo_minus_fgo,-11.207591086833151,-1.5276637947622014,-6.752615863466188,-2.5463450324241057
baseline_3f,11,pooled,0,cusum_fgo_minus_cusum_ekf,-10.67488085082377,-0.4745675935736996,-1.6416706505158565,-0.8837759772638627
baseline_3f,11,macro,0,cusum_fgo_minus_ekf,-10.122190850676757,-1.1187807381007437,-7.630959111403117,-2.3045058201553634
baseline_3f,11,macro,0,cusum_fgo_minus_fgo,-10.124419607909402,-1.527663794762201,-6.712558100196173,-2.5016912954470283
baseline_3f,11,macro,0,cusum_fgo_minus_cusum_ekf,-7.799087115919765,-0.4745675935736997,-1.85845680457128,-0.8631451302093008
baseline_3f,12,follower,1,cusum_fgo_minus_ekf,-11.10447046390361,-1.0584528245369493,-8.740772165285666,-2.347134124739369
baseline_3f,12,follower,1,cusum_fgo_minus_fgo,-7.86980077919289,-1.2750533497418082,-6.053845422434819,-2.076261963240522
baseline_3f,12,follower,1,cusum_fgo_minus_cusum_ekf,-4.971641281602131,-0.3758648904341194,-0.9593823777155088,-0.5871833524272212
baseline_3f,12,follower,2,cusum_fgo_minus_ekf,-6.948231975263413,-0.9166321900481946,-4.655682412883462,-1.630014312350491
baseline_3f,12,follower,2,cusum_fgo_minus_fgo,-5.85416696089238,-1.3250036222369002,-5.2860279477867795,-1.981312619113788
baseline_3f,12,follower,2,cusum_fgo_minus_cusum_ekf,-4.519870852039871,-0.4065160218699766,-0.9610520821702624,-0.6500711721921546
baseline_3f,12,follower,3,cusum_fgo_minus_ekf,-4.352976990394126,-0.5192595497455224,-4.068156743661323,-1.0203842393782274
baseline_3f,12,follower,3,cusum_fgo_minus_fgo,-7.0611174277014435,-0.7312431331163667,-3.9580029887316726,-1.3126604224406915
baseline_3f,12,follower,3,cusum_fgo_minus_cusum_ekf,-2.8712434207401083,-0.17213591097136516,-0.8248672812675624,-0.3265507045074172
baseline_3f,12,pooled,0,cusum_fgo_minus_ekf,-11.10447046390361,-0.8314481881102219,-4.549233193661102,-1.720320510297113
baseline_3f,12,pooled,0,cusum_fgo_minus_fgo,-7.86980077919289,-1.1104333683650252,-5.336306122859263,-1.7992950803856282
baseline_3f,12,pooled,0,cusum_fgo_minus_cusum_ekf,-4.971641281602131,-0.3181722744251537,-0.984017492325757,-0.5167835361335572
baseline_3f,12,macro,0,cusum_fgo_minus_ekf,-7.468559809853717,-0.8314481881102221,-5.821537107276818,-1.6658442254893626
baseline_3f,12,macro,0,cusum_fgo_minus_fgo,-6.928361722595572,-1.1104333683650247,-5.099292119651091,-1.7900783349316676
baseline_3f,12,macro,0,cusum_fgo_minus_cusum_ekf,-4.12091851812737,-0.3181722744251537,-0.9151005803844445,-0.521268409708931
baseline_3f,13,follower,1,cusum_fgo_minus_ekf,-5.208297145268291,-0.44488849020112187,-3.4605496533694904,-0.9233257337663598
baseline_3f,13,follower,1,cusum_fgo_minus_fgo,-4.929159671478701,-0.7961530708801932,-2.865680283273565,-1.0950449194907454
baseline_3f,13,follower,1,cusum_fgo_minus_cusum_ekf,-7.23888920222361,-0.2987346394396393,-1.4865595008928563,-0.8094269203095954
baseline_3f,13,follower,2,cusum_fgo_minus_ekf,-12.977225855650738,-1.2430359721348703,-7.506110596677681,-2.5848307516352573
baseline_3f,13,follower,2,cusum_fgo_minus_fgo,-12.647524292625022,-1.3595515509091913,-6.4775287503556624,-2.4372242830542534
baseline_3f,13,follower,2,cusum_fgo_minus_cusum_ekf,-6.954584759295008,-0.49686534108317615,-1.553980455618537,-0.7795742254173985
baseline_3f,13,follower,3,cusum_fgo_minus_ekf,-5.022772202758529,-0.7193534039843666,-3.165383718061242,-1.1363997357928144
baseline_3f,13,follower,3,cusum_fgo_minus_fgo,-6.482244020165901,-0.732085593015967,-3.6751979098566174,-1.2640622481311439
baseline_3f,13,follower,3,cusum_fgo_minus_cusum_ekf,-4.077624290687137,-0.41923239241714894,-1.2965286886187783,-0.556680370333049
baseline_3f,13,pooled,0,cusum_fgo_minus_ekf,-11.080608073143534,-0.8024259554401194,-4.424530403308468,-1.5758192289422035
baseline_3f,13,pooled,0,cusum_fgo_minus_fgo,-10.750906510117819,-0.9625967382684504,-4.09015924963847,-1.6021217558530365
baseline_3f,13,pooled,0,cusum_fgo_minus_cusum_ekf,-7.23888920222361,-0.4049441243133216,-1.3016502469444644,-0.7107234898863075
baseline_3f,13,macro,0,cusum_fgo_minus_ekf,-7.736098401225853,-0.8024259554401196,-4.710681322702805,-1.5481854070648102
baseline_3f,13,macro,0,cusum_fgo_minus_fgo,-8.019642661423207,-0.9625967382684506,-4.339468981161948,-1.5987771502253814
baseline_3f,13,macro,0,cusum_fgo_minus_cusum_ekf,-6.090366084068586,-0.4049441243133214,-1.4456895483767236,-0.7152271720200141
baseline_3f,14,follower,1,cusum_fgo_minus_ekf,-13.735976394780485,-0.8009919398378287,-1.9028224995176162,-1.9671646523198438
baseline_3f,14,follower,1,cusum_fgo_minus_fgo,-9.295150817264004,-1.1477940949392111,-5.478436367824415,-2.0457676820141333
baseline_3f,14,follower,1,cusum_fgo_minus_cusum_ekf,-4.558218642797433,-0.39974617795149747,-1.0675726281544318,-0.573413437205749
baseline_3f,14,follower,2,cusum_fgo_minus_ekf,-8.108675973939713,-0.8446500426129836,-3.979598872125832,-1.4269422392078486
baseline_3f,14,follower,2,cusum_fgo_minus_fgo,-7.195334809096634,-1.14175389041508,-4.756770859818793,-1.8956038259004302
baseline_3f,14,follower,2,cusum_fgo_minus_cusum_ekf,-6.2247944543561236,-0.6622958420310697,-2.38465435350668,-1.0258923695933686
baseline_3f,14,follower,3,cusum_fgo_minus_ekf,-12.360712349064643,-0.7617498280681112,-4.352574410446813,-1.7135631345308717
baseline_3f,14,follower,3,cusum_fgo_minus_fgo,-5.579793197658317,-0.6248251568568104,-3.2959489383791305,-1.0598434909505021
baseline_3f,14,follower,3,cusum_fgo_minus_cusum_ekf,-7.6733174930060315,-0.37763691694867374,-1.292775689978252,-0.7644332957040711
baseline_3f,14,pooled,0,cusum_fgo_minus_ekf,-13.735976394780485,-0.8024639368396411,-3.7243842891619288,-1.7075487240543514
baseline_3f,14,pooled,0,cusum_fgo_minus_fgo,-9.295150817264004,-0.9714577140703671,-4.584450759421722,-1.6901164082334093
baseline_3f,14,pooled,0,cusum_fgo_minus_cusum_ekf,-6.043428806010036,-0.4798929789770803,-1.5576122985780465,-0.7991348773425293
baseline_3f,14,macro,0,cusum_fgo_minus_ekf,-11.401788239261613,-0.8024639368396411,-3.411665260696754,-1.7025566753528547
baseline_3f,14,macro,0,cusum_fgo_minus_fgo,-7.356759608006318,-0.9714577140703673,-4.510385388674114,-1.6670716662883553
baseline_3f,14,macro,0,cusum_fgo_minus_cusum_ekf,-6.152110196719862,-0.4798929789770803,-1.5816675572131207,-0.7879130341677296
baseline_3f,15,follower,1,cusum_fgo_minus_ekf,-6.692263070411945,-0.5785797318818078,-3.2753908454063563,-1.013473201187334
baseline_3f,15,follower,1,cusum_fgo_minus_fgo,-6.302187091671936,-0.8897269995784836,-3.177747466420427,-1.3032464694709154
baseline_3f,15,follower,1,cusum_fgo_minus_cusum_ekf,-5.09504123071472,-0.32723828587381765,-1.238109443147057,-0.5578497371365845
baseline_3f,15,follower,2,cusum_fgo_minus_ekf,-7.875284741134529,-0.7338863318174984,-5.865229279243433,-1.572653767119935
baseline_3f,15,follower,2,cusum_fgo_minus_fgo,-6.761706262985788,-0.929174892678535,-4.300936166027831,-1.5396046712178677
baseline_3f,15,follower,2,cusum_fgo_minus_cusum_ekf,-5.2717027154015526,-0.2722437387206602,-1.7192090221792187,-0.6038037806623919
baseline_3f,15,follower,3,cusum_fgo_minus_ekf,-4.948738291238175,-0.8276816622487033,-3.5361015566523113,-1.247545412375925
baseline_3f,15,follower,3,cusum_fgo_minus_fgo,-6.22696475415768,-0.7231051178965562,-3.293705857962384,-1.2821694626847981
baseline_3f,15,follower,3,cusum_fgo_minus_cusum_ekf,-3.3625635921224033,-0.6211015950304664,-1.8432132345933774,-0.8131587840046703
baseline_3f,15,pooled,0,cusum_fgo_minus_ekf,-7.875284741134529,-0.7133825753160029,-3.491533786168281,-1.2685639035556195
baseline_3f,15,pooled,0,cusum_fgo_minus_fgo,-6.761706262985788,-0.8473356700511915,-3.3474474785368598,-1.360625569806015
baseline_3f,15,pooled,0,cusum_fgo_minus_cusum_ekf,-5.2717027154015526,-0.40686120654164804,-1.3370744109483896,-0.6238348694241642
baseline_3f,15,macro,0,cusum_fgo_minus_ekf,-6.505428700928215,-0.713382575316003,-4.2255738937673675,-1.2778907935610648
baseline_3f,15,macro,0,cusum_fgo_minus_fgo,-6.430286036271802,-0.8473356700511916,-3.5907964968035477,-1.3750068677911937
baseline_3f,15,macro,0,cusum_fgo_minus_cusum_ekf,-4.576435846079559,-0.4068612065416479,-1.6001772333065511,-0.6582707672678823
baseline_3f,16,follower,1,cusum_fgo_minus_ekf,-10.819738433487096,-0.8525588479328743,-2.675190573221979,-1.5890942606610665
baseline_3f,16,follower,1,cusum_fgo_minus_fgo,-8.894599605878868,-0.8979442034390077,-3.458026114857927,-1.552418217811509
baseline_3f,16,follower,1,cusum_fgo_minus_cusum_ekf,-6.171778960352874,-0.4978315167093317,-1.2988707676370326,-0.6440759231214568
baseline_3f,16,follower,2,cusum_fgo_minus_ekf,-10.293111071039434,-0.8328770842031841,-3.8482086889284357,-1.7518627190148361
baseline_3f,16,follower,2,cusum_fgo_minus_fgo,-9.038463489592129,-1.0645771392759205,-3.3761820640022533,-1.7522745131307014
baseline_3f,16,follower,2,cusum_fgo_minus_cusum_ekf,-6.693538238655352,-0.34319609028484876,-1.0603238477155121,-0.5720081127978739
baseline_3f,16,follower,3,cusum_fgo_minus_ekf,-9.310745580518995,-0.8474831774016539,-2.9117071342759644,-1.5171422753887107
baseline_3f,16,follower,3,cusum_fgo_minus_fgo,-6.378257778579944,-0.68575897697771,-2.7885372212124437,-1.1522065030570516
baseline_3f,16,follower,3,cusum_fgo_minus_cusum_ekf,-5.664357631106206,-0.5047701517898938,-1.3667967822138334,-0.7159207372510363
baseline_3f,16,pooled,0,cusum_fgo_minus_ekf,-10.74629068871892,-0.8443063698459042,-3.3705611576465246,-1.6212998295123184
baseline_3f,16,pooled,0,cusum_fgo_minus_fgo,-9.038463489592129,-0.8827601065642129,-3.2526217513828337,-1.5034915527636166
baseline_3f,16,pooled,0,cusum_fgo_minus_cusum_ekf,-6.693538238655352,-0.4485992529280248,-1.2449999011083475,-0.6423421600230338
baseline_3f,16,macro,0,cusum_fgo_minus_ekf,-10.141198361681843,-0.8443063698459042,-3.14503546547546,-1.619366418354871
baseline_3f,16,macro,0,cusum_fgo_minus_fgo,-8.103773624683647,-0.8827601065642129,-3.207581800024209,-1.4856330779997542
baseline_3f,16,macro,0,cusum_fgo_minus_cusum_ekf,-6.176558276704812,-0.4485992529280248,-1.241997132522126,-0.6440015910567889
baseline_3f,17,follower,1,cusum_fgo_minus_ekf,-8.377815442045542,-0.39763030404797095,-3.110716814836504,-0.9479773515207068
baseline_3f,17,follower,1,cusum_fgo_minus_fgo,-8.132106977555534,-1.2313277391185158,-5.290300790293673,-1.8964532111543753
baseline_3f,17,follower,1,cusum_fgo_minus_cusum_ekf,-6.089354650473898,-0.0942824220796894,-0.9679348663358542,-0.3547227321261277
baseline_3f,17,follower,2,cusum_fgo_minus_ekf,-10.563028073847212,-0.9897943969197207,-7.868570738435966,-2.3229022426053447
baseline_3f,17,follower,2,cusum_fgo_minus_fgo,-10.472340109800808,-1.4816104539572896,-7.540308383744715,-2.5590719242779434
baseline_3f,17,follower,2,cusum_fgo_minus_cusum_ekf,-5.091603663331229,-0.21149217013344423,-1.1418239656627556,-0.4516503015895148
baseline_3f,17,follower,3,cusum_fgo_minus_ekf,-8.37518920655038,-0.698410959660977,-5.549133956476861,-1.4923051742892162
baseline_3f,17,follower,3,cusum_fgo_minus_fgo,-9.25152097010128,-0.9585051138195483,-5.230138661062633,-1.7054522117723498
baseline_3f,17,follower,3,cusum_fgo_minus_cusum_ekf,-5.427390948494617,-0.1917571069348022,-0.9902633250260775,-0.35023478316486467
baseline_3f,17,pooled,0,cusum_fgo_minus_ekf,-10.273429184620998,-0.6952785535428896,-5.589614606208203,-1.6155350226410008
baseline_3f,17,pooled,0,cusum_fgo_minus_fgo,-10.182741220574592,-1.2238144356317846,-5.867574970529158,-2.06326827809351
baseline_3f,17,pooled,0,cusum_fgo_minus_cusum_ekf,-6.089354650473898,-0.16584389971597835,-0.9623012659468257,-0.3816754002928344
baseline_3f,17,macro,0,cusum_fgo_minus_ekf,-9.105344240814377,-0.6952785535428894,-5.509473836583111,-1.5877282561384225
baseline_3f,17,macro,0,cusum_fgo_minus_fgo,-9.285322685819208,-1.2238144356317846,-6.020249278367007,-2.05365911573489
baseline_3f,17,macro,0,cusum_fgo_minus_cusum_ekf,-5.536116420766582,-0.16584389971597857,-1.033340719008229,-0.3855359389601687
baseline_3f,18,follower,1,cusum_fgo_minus_ekf,-3.336547234023313,-0.28152376701869164,-1.4321183052631703,-0.5415838416488079
baseline_3f,18,follower,1,cusum_fgo_minus_fgo,-4.211076186310335,-0.424485005697508,-1.945654434858934,-0.7307988635251748
baseline_3f,18,follower,1,cusum_fgo_minus_cusum_ekf,-13.114134974461322,-1.3726776441716095,-5.174612260596197,-2.18931707784097
baseline_3f,18,follower,2,cusum_fgo_minus_ekf,-8.630034272276507,-0.4714285850929145,-4.3528871449180855,-1.386157565587075
baseline_3f,18,follower,2,cusum_fgo_minus_fgo,-7.953262654121052,-0.8561817242407652,-3.9268318287948536,-1.5013910773391042
baseline_3f,18,follower,2,cusum_fgo_minus_cusum_ekf,-6.653041942369582,-0.5429335099449157,-4.7431574018862594,-1.4094977388355725
baseline_3f,18,follower,3,cusum_fgo_minus_ekf,-6.087309371847729,-0.7364666942928703,-3.095065574683633,-1.1860579236249393
baseline_3f,18,follower,3,cusum_fgo_minus_fgo,-4.91751981380021,-0.651195917830076,-2.601954696015796,-1.1035977246637205
baseline_3f,18,follower,3,cusum_fgo_minus_cusum_ekf,-5.074430859549382,-0.49660620448304804,-1.1434925672691676,-0.6798335911571063
baseline_3f,18,pooled,0,cusum_fgo_minus_ekf,-8.630034272276507,-0.4964730154681589,-2.392605440860757,-1.0028034005248327
baseline_3f,18,pooled,0,cusum_fgo_minus_fgo,-7.953262654121052,-0.6439542159227831,-2.509279540281739,-1.0901985625094237
baseline_3f,18,pooled,0,cusum_fgo_minus_cusum_ekf,-12.970680079461133,-0.8040724528665242,-3.809933391161913,-1.5443328315669504
baseline_3f,18,macro,0,cusum_fgo_minus_ekf,-6.017963626049182,-0.4964730154681589,-2.960023674954963,-1.0379331102869407
baseline_3f,18,macro,0,cusum_fgo_minus_fgo,-5.693952884743865,-0.6439542159227829,-2.824813653223194,-1.1119292218426664
baseline_3f,18,macro,0,cusum_fgo_minus_cusum_ekf,-8.280535925460095,-0.8040724528665244,-3.6870874099172073,-1.4262161359445495
baseline_3f,19,follower,1,cusum_fgo_minus_ekf,-7.202560891191419,-0.616207706632692,-4.123398537971044,-1.2030049155872686
baseline_3f,19,follower,1,cusum_fgo_minus_fgo,-8.278127536738737,-1.139558093949237,-4.594673931736413,-1.8252155441867046
baseline_3f,19,follower,1,cusum_fgo_minus_cusum_ekf,-9.057460049952555,-0.3684635810507316,-1.2513544598270085,-0.8232502134312765
baseline_3f,19,follower,2,cusum_fgo_minus_ekf,-10.051947580956048,-1.2264994442545345,-9.390970251438208,-2.4909889137241947
baseline_3f,19,follower,2,cusum_fgo_minus_fgo,-9.367686027122472,-1.422360997951905,-7.200593404713685,-2.4181387614736733
baseline_3f,19,follower,2,cusum_fgo_minus_cusum_ekf,-6.280823911845577,-0.5549387470577917,-2.2849111611404735,-0.8874925236470683
baseline_3f,19,follower,3,cusum_fgo_minus_ekf,-6.135138365765056,-0.9122698706107435,-4.9600753477920705,-1.597847845615786
baseline_3f,19,follower,3,cusum_fgo_minus_fgo,-9.517757011647575,-1.1679512625306745,-6.249830359616522,-2.155033976938138
baseline_3f,19,follower,3,cusum_fgo_minus_cusum_ekf,-4.526121320566529,-0.510289226362781,-1.2678259623266883,-0.7639446460010558
baseline_3f,19,pooled,0,cusum_fgo_minus_ekf,-9.92725334049692,-0.9183256738326566,-5.084908260978716,-1.7983216068498729
baseline_3f,19,pooled,0,cusum_fgo_minus_fgo,-9.242991786663344,-1.2432901181439389,-5.900253125179797,-2.11567088975377
baseline_3f,19,pooled,0,cusum_fgo_minus_cusum_ekf,-9.057460049952555,-0.4778971848237681,-1.6755992800599402,-0.8157054642335126
baseline_3f,19,macro,0,cusum_fgo_minus_ekf,-7.796548945970841,-0.9183256738326565,-6.158148045733775,-1.76394722497575
baseline_3f,19,macro,0,cusum_fgo_minus_fgo,-9.054523525169595,-1.2432901181439382,-6.01503256535554,-2.132796094199505
baseline_3f,19,macro,0,cusum_fgo_minus_cusum_ekf,-6.621468427454886,-0.477897184823768,-1.601363861098057,-0.8248957943598003
baseline_3f,20,follower,1,cusum_fgo_minus_ekf,-9.3699148613864,-0.35251445832608774,-1.607846487683767,-1.1172610604865658
baseline_3f,20,follower,1,cusum_fgo_minus_fgo,-4.751024153517086,-0.8913715575104681,-3.965649387553948,-1.3298448684948114
baseline_3f,20,follower,1,cusum_fgo_minus_cusum_ekf,-3.4178842834769014,0.03954059132236165,-0.5184283991634757,-0.021531673472667157
baseline_3f,20,follower,2,cusum_fgo_minus_ekf,-9.875655458220438,-0.9539186117691223,-4.958276256685759,-1.794730770676387
baseline_3f,20,follower,2,cusum_fgo_minus_fgo,-8.13638953794064,-1.2297884516840825,-5.275805895908963,-2.041679241009387
baseline_3f,20,follower,2,cusum_fgo_minus_cusum_ekf,-5.627306047298301,-0.599767777743313,-2.8637319058453476,-1.0161616391283301
baseline_3f,20,follower,3,cusum_fgo_minus_ekf,-10.210031334436845,-0.8435455970239414,-4.568500849406816,-1.748127291915675
baseline_3f,20,follower,3,cusum_fgo_minus_fgo,-5.817044410710234,-0.7809968612926272,-3.3093434120906338,-1.2826051668490535
baseline_3f,20,follower,3,cusum_fgo_minus_cusum_ekf,-5.518677190426195,-0.37414298731540896,-0.8613321889902801,-0.511433445420265
baseline_3f,20,pooled,0,cusum_fgo_minus_ekf,-9.3699148613864,-0.716659555706384,-4.07252642048684,-1.5061808808181392
baseline_3f,20,pooled,0,cusum_fgo_minus_fgo,-6.132023505571635,-0.9673856234957257,-4.120507823556178,-1.5348429153542147
baseline_3f,20,pooled,0,cusum_fgo_minus_cusum_ekf,-3.622940014929295,-0.3114567245787867,-1.0115398132779445,-0.4917290917278221
baseline_3f,20,macro,0,cusum_fgo_minus_ekf,-9.818533884681226,-0.7166595557063837,-3.711541197925447,-1.5533730410262094
baseline_3f,20,macro,0,cusum_fgo_minus_fgo,-6.234819367389319,-0.9673856234957259,-4.183599565184515,-1.5513764254510842
baseline_3f,20,macro,0,cusum_fgo_minus_cusum_ekf,-4.854622507067132,-0.3114567245787867,-1.4144974979997014,-0.5163755860070876
baseline_3f,21,follower,1,cusum_fgo_minus_ekf,-4.206085177680951,-0.23118531044489066,-3.7598733504988844,-0.780502910722612
baseline_3f,21,follower,1,cusum_fgo_minus_fgo,-6.548208260747225,-1.041091867697982,-4.368922966590446,-1.4769369671254193
baseline_3f,21,follower,1,cusum_fgo_minus_cusum_ekf,-0.7496100223590085,0.19592465619674293,-0.687701799453714,0.10554034445311045
baseline_3f,21,follower,2,cusum_fgo_minus_ekf,-7.378443541068036,-0.753147745594952,-6.805049683919552,-1.794147010931577
baseline_3f,21,follower,2,cusum_fgo_minus_fgo,-6.448717866342678,-1.2342784745812216,-6.460487449306831,-1.9627411318613273
baseline_3f,21,follower,2,cusum_fgo_minus_cusum_ekf,-1.2135126772054363,-0.4268236599677748,-2.3983316428384542,-0.644998577156249
baseline_3f,21,follower,3,cusum_fgo_minus_ekf,-3.922488355854875,-0.9579048919513438,-6.176429639088555,-1.5944220425423894
baseline_3f,21,follower,3,cusum_fgo_minus_fgo,-4.791950831576059,-1.1164764425120621,-6.9812679970103275,-1.831602855605004
baseline_3f,21,follower,3,cusum_fgo_minus_cusum_ekf,0.13175809683350614,-0.4447483229715823,-1.3312087104364925,-0.3225910947869135
baseline_3f,21,pooled,0,cusum_fgo_minus_ekf,-5.5549229299860725,-0.6474126493303958,-5.337196756552639,-1.3650829441111354
baseline_3f,21,pooled,0,cusum_fgo_minus_fgo,-4.791950831576059,-1.1306155949304222,-5.419385068741094,-1.7289099856710652
baseline_3f,21,pooled,0,cusum_fgo_minus_cusum_ekf,0.13175809683350614,-0.22521577558087147,-1.2470337979581054,-0.2689674849626902
baseline_3f,21,macro,0,cusum_fgo_minus_ekf,-5.16900569153462,-0.6474126493303956,-5.580450891168996,-1.389690654732193
baseline_3f,21,macro,0,cusum_fgo_minus_fgo,-5.929625652888655,-1.1306155949304222,-5.936892804302536,-1.7570936515305837
baseline_3f,21,macro,0,cusum_fgo_minus_cusum_ekf,-0.610454867576979,-0.22521577558087147,-1.4724140509095534,-0.28734977583001764
baseline_3f,22,follower,1,cusum_fgo_minus_ekf,-7.276826949591937,-0.8944310769781754,-5.995874449632721,-1.6775302804954715
baseline_3f,22,follower,1,cusum_fgo_minus_fgo,-5.181109710959353,-0.847271839469594,-3.707374739990259,-1.3424883865092612
baseline_3f,22,follower,1,cusum_fgo_minus_cusum_ekf,-3.6667417807129508,-0.397702477077726,-1.0213954925221143,-0.5787413555942267
baseline_3f,22,follower,2,cusum_fgo_minus_ekf,-2.0724730846929127,-0.4081188412143075,-2.309248833929392,-0.7060647669758935
baseline_3f,22,follower,2,cusum_fgo_minus_fgo,-0.7211801196725798,-0.6311314060291342,-2.4574561027026935,-0.8615774299165793
baseline_3f,22,follower,2,cusum_fgo_minus_cusum_ekf,-7.753810802209368,-1.8410872755297407,-4.888034295771499,-2.5643321990340224
baseline_3f,22,follower,3,cusum_fgo_minus_ekf,-1.0153379456756202,-0.3354596102750702,-3.1912412522301254,-0.680133186367242
baseline_3f,22,follower,3,cusum_fgo_minus_fgo,-3.1247032654686473,-0.5070118773217602,-2.61407623894807,-0.8652977387433216
baseline_3f,22,follower,3,cusum_fgo_minus_cusum_ekf,-8.470458297712575,-0.16037671880347792,-0.8228598913929899,-0.5201441117282617
baseline_3f,22,pooled,0,cusum_fgo_minus_ekf,-4.712586292108948,-0.546003176155851,-3.1630782097713466,-1.0380754359364004
baseline_3f,22,pooled,0,cusum_fgo_minus_fgo,-3.1247032654686473,-0.6618050409401628,-2.8571660861102277,-1.017631078789817
baseline_3f,22,pooled,0,cusum_fgo_minus_cusum_ekf,-8.470458297712575,-0.7997221571369815,-4.022091148169001,-1.4180679161392344
baseline_3f,22,macro,0,cusum_fgo_minus_ekf,-3.454879326653489,-0.546003176155851,-3.8321215119307466,-1.021242744612869
baseline_3f,22,macro,0,cusum_fgo_minus_fgo,-3.0089976987001936,-0.661805040940163,-2.926302360547008,-1.023121185056387
baseline_3f,22,macro,0,cusum_fgo_minus_cusum_ekf,-6.630336960211632,-0.7997221571369817,-2.244096559895535,-1.2210725554521702
baseline_3f,23,follower,1,cusum_fgo_minus_ekf,-7.25482700827158,-0.7680751659079421,-5.461178284496262,-1.4734980597274703
baseline_3f,23,follower,1,cusum_fgo_minus_fgo,-5.261762568604787,-0.9683523703225463,-4.180669946185783,-1.49108084464399
baseline_3f,23,follower,1,cusum_fgo_minus_cusum_ekf,-4.00644449447536,-0.3195300768297882,-1.0128972556404139,-0.4576410581174932
baseline_3f,23,follower,2,cusum_fgo_minus_ekf,-8.376434914693085,-0.46179932053392037,-3.0140843580748076,-1.1674600294399828
baseline_3f,23,follower,2,cusum_fgo_minus_fgo,-8.592140677953635,-0.9568399178538822,-4.328591453144135,-1.5905124820126673
baseline_3f,23,follower,2,cusum_fgo_minus_cusum_ekf,-3.3986206681516604,-3.850887658707336e-05,-0.6187889218892126,-0.1479540356954403
baseline_3f,23,follower,3,cusum_fgo_minus_ekf,-9.509262105286277,-0.8412216090725493,-3.07741407328308,-1.5934309261858521
baseline_3f,23,follower,3,cusum_fgo_minus_fgo,-4.71903997388595,-0.6470556138351415,-2.596489067961393,-1.0202873292287935
baseline_3f,23,follower,3,cusum_fgo_minus_cusum_ekf,-5.147728149518336,-0.4430446469688054,-1.070228745575403,-0.5821238333856289
baseline_3f,23,pooled,0,cusum_fgo_minus_ekf,-8.452470464644177,-0.6903653651714703,-3.1423733421798055,-1.3852801351300914
baseline_3f,23,pooled,0,cusum_fgo_minus_fgo,-7.9954768733517945,-0.8574159673371899,-3.718210330966417,-1.388016245826047
baseline_3f,23,pooled,0,cusum_fgo_minus_cusum_ekf,-4.090936508876236,-0.25420441089172674,-0.7602897042133736,-0.37109356040446495
baseline_3f,23,macro,0,cusum_fgo_minus_ekf,-8.380174676083648,-0.6903653651714706,-3.8508922386180506,-1.4114630051177683
baseline_3f,23,macro,0,cusum_fgo_minus_fgo,-6.190981073481458,-0.85741596733719,-3.7019168224304373,-1.3672935519618168
baseline_3f,23,macro,0,cusum_fgo_minus_cusum_ekf,-4.184264437381786,-0.25420441089172685,-0.9006383077016766,-0.3959063090661874
baseline_3f,24,follower,1,cusum_fgo_minus_ekf,-6.698185637536793,-0.8099597692370367,-4.686964915043863,-1.4248003399166684
baseline_3f,24,follower,1,cusum_fgo_minus_fgo,-5.8770575233099285,-1.0964712037912485,-4.023996931645167,-1.609300510002552
baseline_3f,24,follower,1,cusum_fgo_minus_cusum_ekf,-3.212056890361831,-0.39912213673108965,-0.9884846211156455,-0.5136617155464299
baseline_3f,24,follower,2,cusum_fgo_minus_ekf,-9.411272788711326,-0.9346702659738251,-4.465047002405085,-1.8826244845891682
baseline_3f,24,follower,2,cusum_fgo_minus_fgo,-9.174616095185508,-1.2430580675930614,-4.4489138278940565,-2.007131356890463
baseline_3f,24,follower,2,cusum_fgo_minus_cusum_ekf,-5.759806685040729,-0.38311705942803487,-1.219568252598736,-0.6197821222613299
baseline_3f,24,follower,3,cusum_fgo_minus_ekf,-6.113037553420119,-0.7418527015508134,-4.654275774183548,-1.4030760880805584
baseline_3f,24,follower,3,cusum_fgo_minus_fgo,-7.5047705514920935,-0.8674885685216598,-4.0500238256373775,-1.4774489262758346
baseline_3f,24,follower,3,cusum_fgo_minus_cusum_ekf,-4.514738351454921,-0.327265275040759,-0.935564144252832,-0.5335319856699864
baseline_3f,24,pooled,0,cusum_fgo_minus_ekf,-9.411272788711326,-0.8288275789205585,-4.530739046475955,-1.570548660847604
baseline_3f,24,pooled,0,cusum_fgo_minus_fgo,-9.174616095185508,-1.0690059466353232,-4.176055502800178,-1.6988127543611131
baseline_3f,24,pooled,0,cusum_fgo_minus_cusum_ekf,-5.759806685040729,-0.36983482373329457,-1.076588980599377,-0.552255713801137
baseline_3f,24,macro,0,cusum_fgo_minus_ekf,-7.407498659889415,-0.8288275789205581,-4.602095897210831,-1.570166970862132
baseline_3f,24,macro,0,cusum_fgo_minus_fgo,-7.518814723329179,-1.069005946635323,-4.1743115283922,-1.6979602643896166
baseline_3f,24,macro,0,cusum_fgo_minus_cusum_ekf,-4.495533975619161,-0.36983482373329446,-1.0478723393224045,-0.5556586078259157
baseline_3f,25,follower,1,cusum_fgo_minus_ekf,-8.837247288689507,-0.938068839357409,-5.619247298808355,-1.8377038667055956
baseline_3f,25,follower,1,cusum_fgo_minus_fgo,-8.062500283745397,-1.1657429292771666,-5.191317117031588,-1.9620769735087782
baseline_3f,25,follower,1,cusum_fgo_minus_cusum_ekf,-4.8996920377378785,-0.44753649038316823,-1.0990385552699458,-0.644110231580077
baseline_3f,25,follower,2,cusum_fgo_minus_ekf,-9.703500713912943,-1.1660919584652634,-7.6709834593328505,-2.3837693703811866
baseline_3f,25,follower,2,cusum_fgo_minus_fgo,-9.0279182112387,-1.41443118362583,-6.8530203664255485,-2.3622532566810164
baseline_3f,25,follower,2,cusum_fgo_minus_cusum_ekf,-6.0365629344262235,-0.36045924873592305,-1.0606657360061114,-0.6184356980199366
baseline_3f,25,follower,3,cusum_fgo_minus_ekf,-4.562330571460366,-0.6307685289404632,-2.399526600917201,-0.974010155510139
baseline_3f,25,follower,3,cusum_fgo_minus_fgo,-5.183885809083963,-0.803178769918369,-3.4874557548668896,-1.2664608373399897
baseline_3f,25,follower,3,cusum_fgo_minus_cusum_ekf,-2.6414025816264326,-0.3761737616528148,-0.6797164061366008,-0.4632029151438428
baseline_3f,25,pooled,0,cusum_fgo_minus_ekf,-8.837247288689507,-0.911643108921045,-5.42299816239298,-1.810174581741187
baseline_3f,25,pooled,0,cusum_fgo_minus_fgo,-8.062500283745397,-1.1277842942737888,-5.243972003454772,-1.9100226307411645
baseline_3f,25,pooled,0,cusum_fgo_minus_cusum_ekf,-5.029462343443143,-0.3947231669239688,-0.924389750289341,-0.58053972249887
baseline_3f,25,macro,0,cusum_fgo_minus_ekf,-7.701026191354272,-0.9116431089210449,-5.229919119686135,-1.7318277975323069
baseline_3f,25,macro,0,cusum_fgo_minus_fgo,-7.424768101356021,-1.1277842942737886,-5.177264412774676,-1.863597022509928
baseline_3f,25,macro,0,cusum_fgo_minus_cusum_ekf,-4.525885851263511,-0.3947231669239687,-0.9464735658042192,-0.5752496149146188
baseline_3f,26,follower,1,cusum_fgo_minus_ekf,-11.658076453179952,-0.7094382890393753,-3.507506829374103,-1.7573023199004725
baseline_3f,26,follower,1,cusum_fgo_minus_fgo,-4.1842678116259675,-0.9416567699553959,-4.941642285300296,-1.4954469921461264
baseline_3f,26,follower,1,cusum_fgo_minus_cusum_ekf,-4.433188720443982,-0.3604661328096441,-1.588502320924169,-0.6335311467240139
baseline_3f,26,follower,2,cusum_fgo_minus_ekf,-11.656356732373908,-0.9403148038666763,-5.5386554790976525,-2.078021137550436
baseline_3f,26,follower,2,cusum_fgo_minus_fgo,-11.531036004300985,-1.310473807068175,-4.950894589386937,-2.2413370253944063
baseline_3f,26,follower,2,cusum_fgo_minus_cusum_ekf,-5.5546290453389435,-0.3166653535247158,-1.3312198799672015,-0.5459610908918271
baseline_3f,26,follower,3,cusum_fgo_minus_ekf,-6.711248325955199,-0.6988797084618601,-2.399611194206445,-1.1874593846515338
baseline_3f,26,follower,3,cusum_fgo_minus_fgo,-3.0841395383550676,-0.5763107495388158,-2.158361324357636,-0.8641083494860444
baseline_3f,26,follower,3,cusum_fgo_minus_cusum_ekf,-2.9376428097629343,-0.38883116137102225,-0.9762592119528868,-0.4982027941910081
baseline_3f,26,pooled,0,cusum_fgo_minus_ekf,-11.658076453179952,-0.7828776004559705,-4.208637423705555,-1.7003800672051028
baseline_3f,26,pooled,0,cusum_fgo_minus_fgo,-9.008761271120328,-0.9428137755207955,-3.9351399028770233,-1.5948591198969138
baseline_3f,26,pooled,0,cusum_fgo_minus_cusum_ekf,-4.433188720443982,-0.3553208825684606,-1.1787839090505505,-0.5619201555441034
baseline_3f,26,macro,0,cusum_fgo_minus_ekf,-10.008560503836351,-0.7828776004559705,-3.815257834226067,-1.6742609473674808
baseline_3f,26,macro,0,cusum_fgo_minus_fgo,-6.266481118094006,-0.9428137755207955,-4.0169660663482905,-1.5336307890088592
baseline_3f,26,macro,0,cusum_fgo_minus_cusum_ekf,-4.308486858515287,-0.35532088256846084,-1.298660470948086,-0.5592316772689497
baseline_3f,27,follower,1,cusum_fgo_minus_ekf,-2.362274715310913,-0.1282270798425844,-2.6090248055227128,-0.42505009956213113
baseline_3f,27,follower,1,cusum_fgo_minus_fgo,-3.1199771735151716,-0.5183847226622122,-3.0434377940294914,-0.8397396061970275
baseline_3f,27,follower,1,cusum_fgo_minus_cusum_ekf,-6.182404003671544,-0.3589824705004687,-1.2217327199685468,-0.6033649012419584
baseline_3f,27,follower,2,cusum_fgo_minus_ekf,-3.8618227559093716,-0.5050833063537785,-2.925599871927623,-0.9281681077692101
baseline_3f,27,follower,2,cusum_fgo_minus_fgo,-2.397216762358367,-0.7177693948723645,-2.4824598391942936,-1.017153811645694
baseline_3f,27,follower,2,cusum_fgo_minus_cusum_ekf,-2.4476236105463496,-0.3202454727040298,-1.1012905001957156,-0.49538118859781677
baseline_3f,27,follower,3,cusum_fgo_minus_ekf,-4.452979299377802,-0.6663693720578595,-3.66263668255547,-1.061866345196385
baseline_3f,27,follower,3,cusum_fgo_minus_fgo,-5.791359299183293,-0.6169704791745724,-2.6488330348330713,-1.0759853884108952
baseline_3f,27,follower,3,cusum_fgo_minus_cusum_ekf,-3.6894853554425473,-0.4314785849664845,-1.193112991424533,-0.5793130372468379
baseline_3f,27,pooled,0,cusum_fgo_minus_ekf,-2.362274715310913,-0.43322658608474107,-2.602502662228606,-0.7309747710046877
baseline_3f,27,pooled,0,cusum_fgo_minus_fgo,-3.1199771735151716,-0.61770819890305,-2.528904540349353,-0.9245845265947084
baseline_3f,27,pooled,0,cusum_fgo_minus_cusum_ekf,-6.182404003671544,-0.3702355093903278,-1.0134097830923112,-0.5407370563377034
baseline_3f,27,macro,0,cusum_fgo_minus_ekf,-3.5590255901993633,-0.43322658608474063,-3.065753786668601,-0.8050281841759086
baseline_3f,27,macro,0,cusum_fgo_minus_fgo,-3.769517745018944,-0.6177081989030495,-2.7249102226856183,-0.9776262687512054
baseline_3f,27,macro,0,cusum_fgo_minus_cusum_ekf,-4.106504323220147,-0.37023550939032757,-1.1720454038629318,-0.5593530423622042
baseline_3f,28,follower,1,cusum_fgo_minus_ekf,-5.339705469703521,-0.6288070954046003,-2.995423488542196,-1.0578120254585894
baseline_3f,28,follower,1,cusum_fgo_minus_fgo,-5.988567423649565,-1.0545967419440254,-4.349326005318739,-1.588154925899769
baseline_3f,28,follower,1,cusum_fgo_minus_cusum_ekf,-16.023093825651713,-0.6533556081999525,-1.355005407314438,-1.7104126365452077
baseline_3f,28,follower,2,cusum_fgo_minus_ekf,-9.983372565569425,-0.8256237773904631,-7.634445431075841,-2.1170991916016018
baseline_3f,28,follower,2,cusum_fgo_minus_fgo,-9.889927479377075,-1.362842203293699,-6.613575203688622,-2.2122764631073393
baseline_3f,28,follower,2,cusum_fgo_minus_cusum_ekf,-5.049892596314048,-0.10424609899063064,-1.815164287217864,-0.4788464146931828
baseline_3f,28,follower,3,cusum_fgo_minus_ekf,-4.630760476341976,-0.5977650116798738,-2.8250535607632443,-0.9155565244717512
baseline_3f,28,follower,3,cusum_fgo_minus_fgo,-4.257423153160189,-0.6562400550321983,-3.2832055697254496,-1.073404945425441
baseline_3f,28,follower,3,cusum_fgo_minus_cusum_ekf,-6.021877656422979,-0.5258997656879596,-1.612433739446579,-0.8686208501139792
baseline_3f,28,pooled,0,cusum_fgo_minus_ekf,-9.045268856354395,-0.6840652948249792,-4.393730064686104,-1.4371692107640368
baseline_3f,28,pooled,0,cusum_fgo_minus_fgo,-8.951823770162045,-1.0245596667566408,-4.418280110678342,-1.6812770855247412
baseline_3f,28,pooled,0,cusum_fgo_minus_cusum_ekf,-16.023093825651713,-0.42783382429284744,-1.537137814027734,-1.074798515341854
baseline_3f,28,macro,0,cusum_fgo_minus_ekf,-6.65127950387164,-0.6840652948249792,-4.484974160127093,-1.3634892471773143
baseline_3f,28,macro,0,cusum_fgo_minus_fgo,-6.71197268539561,-1.024559666756641,-4.748702259577603,-1.6246121114775167
baseline_3f,28,macro,0,cusum_fgo_minus_cusum_ekf,-9.031621359462912,-0.42783382429284766,-1.5942011446596271,-1.01929330045079
baseline_3f,29,follower,1,cusum_fgo_minus_ekf,-6.7559981725855405,-0.3182127855532504,-4.897585488247602,-0.9838911177322596
baseline_3f,29,follower,1,cusum_fgo_minus_fgo,-4.661979875296431,-0.7707326110124517,-4.253566947368203,-1.1587388060068975
baseline_3f,29,follower,1,cusum_fgo_minus_cusum_ekf,-7.4628873118813335,-0.10143526513466772,-0.9554997067602766,-0.7120125974702114
baseline_3f,29,follower,2,cusum_fgo_minus_ekf,-9.453276162754966,-1.071263510985935,-5.175624288584268,-1.9698723202182125
baseline_3f,29,follower,2,cusum_fgo_minus_fgo,-7.922407629885685,-1.1380724557322903,-5.194571415730712,-1.8960799325075244
baseline_3f,29,follower,2,cusum_fgo_minus_cusum_ekf,-4.221766618319483,-0.4838552476526349,-1.3210834623949048,-0.6548679255874134
baseline_3f,29,follower,3,cusum_fgo_minus_ekf,-5.378685422417229,-0.5551482469902621,-2.2739926332360545,-0.9125258386999806
baseline_3f,29,follower,3,cusum_fgo_minus_fgo,-6.112917590442009,-0.7370555742481512,-4.261296165585749,-1.2899609972676265
baseline_3f,29,follower,3,cusum_fgo_minus_cusum_ekf,-3.8145997439635555,-0.284677762500246,-0.8265878652358785,-0.3939174426185956
baseline_3f,29,pooled,0,cusum_fgo_minus_ekf,-7.750642096546047,-0.6482081811764828,-4.016847929506313,-1.254681058890536
baseline_3f,29,pooled,0,cusum_fgo_minus_fgo,-6.219773563676766,-0.881953546997631,-4.260548386667127,-1.3920635964737549
baseline_3f,29,pooled,0,cusum_fgo_minus_cusum_ekf,-7.4628873118813335,-0.28998942509584946,-0.7525957450699499,-0.5850849703572532
baseline_3f,29,macro,0,cusum_fgo_minus_ekf,-7.195986585919245,-0.6482081811764826,-4.115734136689307,-1.2887630922168178
baseline_3f,29,macro,0,cusum_fgo_minus_fgo,-6.232435031874708,-0.881953546997631,-4.569811509561554,-1.4482599119273496
baseline_3f,29,macro,0,cusum_fgo_minus_cusum_ekf,-5.166417891388125,-0.2899894250958497,-1.0343903447970193,-0.5869326552254068
baseline_3f,30,follower,1,cusum_fgo_minus_ekf,-7.030730306063242,-0.6016825506958134,-4.911384393285391,-1.3309027218480285
baseline_3f,30,follower,1,cusum_fgo_minus_fgo,-5.859072043048646,-1.0075480589490222,-3.9109433366523767,-1.45680130037245
baseline_3f,30,follower,1,cusum_fgo_minus_cusum_ekf,-4.010713362754761,-0.22774728504439068,-1.3208493132010286,-0.43963189906608036
baseline_3f,30,follower,2,cusum_fgo_minus_ekf,-10.300633711663142,-0.9801023582642463,-6.701461741024831,-1.976858782698303
baseline_3f,30,follower,2,cusum_fgo_minus_fgo,-7.883368685383472,-1.1995999920088645,-4.997989288807711,-1.9410944440967546
baseline_3f,30,follower,2,cusum_fgo_minus_cusum_ekf,-6.646971688304458,-0.36605841491134905,-1.5560489382432365,-0.613472476141677
baseline_3f,30,follower,3,cusum_fgo_minus_ekf,-5.360314575615449,-0.8496158389544223,-4.146930350721486,-1.3662173450760693
baseline_3f,30,follower,3,cusum_fgo_minus_fgo,-7.112189703051611,-0.8958478428309781,-4.909990753834371,-1.6706056762849593
baseline_3f,30,follower,3,cusum_fgo_minus_cusum_ekf,-3.1276657992973256,-0.4418555814575601,-0.9622599228363364,-0.5381111756540445
baseline_3f,30,pooled,0,cusum_fgo_minus_ekf,-9.235700754274742,-0.8104669159714941,-4.553205613158501,-1.5643103673694176
baseline_3f,30,pooled,0,cusum_fgo_minus_fgo,-7.112189703051611,-1.034331964596288,-4.463588585031687,-1.6788484714026894
baseline_3f,30,pooled,0,cusum_fgo_minus_cusum_ekf,-5.582038730916057,-0.34522042713776635,-1.1686364889318657,-0.5206698138340813
baseline_3f,30,macro,0,cusum_fgo_minus_ekf,-7.563892864447279,-0.810466915971494,-5.253258828343903,-1.5579929498741338
baseline_3f,30,macro,0,cusum_fgo_minus_fgo,-6.951543477161243,-1.034331964596288,-4.606307793098153,-1.6895004735847208
baseline_3f,30,macro,0,cusum_fgo_minus_cusum_ekf,-4.5951169501188485,-0.3452204271377667,-1.2797193914268672,-0.5304051836206005
baseline_3f,31,follower,1,cusum_fgo_minus_ekf,-3.0360820997188425,-0.1109474499461287,-1.6956090784803766,-0.3449963213197984
baseline_3f,31,follower,1,cusum_fgo_minus_fgo,-2.8621800081200677,-0.5861750733754496,-1.9089680277466825,-0.7866946713131671
baseline_3f,31,follower,1,cusum_fgo_minus_cusum_ekf,-12.628659223095724,-0.23382586317824927,-1.3647489883100943,-0.8814426755545557
baseline_3f,31,follower,2,cusum_fgo_minus_ekf,-10.708076797213522,-0.6679517438047795,-8.566594142783245,-1.8415929623345084
baseline_3f,31,follower,2,cusum_fgo_minus_fgo,-9.925924998207963,-1.158910372342652,-4.8291358662890325,-1.899683303652091
baseline_3f,31,follower,2,cusum_fgo_minus_cusum_ekf,-6.141064062980103,-0.15548330576155078,-2.125540923796687,-0.5523297600282064
baseline_3f,31,follower,3,cusum_fgo_minus_ekf,-4.56252567189231,-0.5511557061912885,-2.821792750723847,-0.8817358022771863
baseline_3f,31,follower,3,cusum_fgo_minus_fgo,-5.640241268748641,-0.7306693252256607,-3.786205593753899,-1.210847070091118
baseline_3f,31,follower,3,cusum_fgo_minus_cusum_ekf,-3.5983984785778147,-0.3011128210858335,-0.9649840399038523,-0.4183190343040618
baseline_3f,31,pooled,0,cusum_fgo_minus_ekf,-7.340573833877552,-0.4433516333140657,-2.2963487354778294,-1.0251218694700492
baseline_3f,31,pooled,0,cusum_fgo_minus_fgo,-6.558422034871993,-0.8252515903145874,-2.826636680751274,-1.2737853140896465
baseline_3f,31,pooled,0,cusum_fgo_minus_cusum_ekf,-12.628659223095724,-0.2301406633418781,-1.1262740585361222,-0.646719352486389
baseline_3f,31,macro,0,cusum_fgo_minus_ekf,-6.102228189608224,-0.44335163331406546,-4.361331990662489,-1.0227750286438309
baseline_3f,31,macro,0,cusum_fgo_minus_fgo,-6.142782091692224,-0.8252515903145878,-3.5081031625965386,-1.2990750150187915
baseline_3f,31,macro,0,cusum_fgo_minus_cusum_ekf,-7.456040588217881,-0.23014066334187788,-1.4850913173368774,-0.617363823295608
baseline_3f,32,follower,1,cusum_fgo_minus_ekf,-10.252217540681855,-0.9063590668126775,-5.087530077767067,-1.8259398286893802
baseline_3f,32,follower,1,cusum_fgo_minus_fgo,-6.197816435273774,-1.1550612747857931,-5.236431478532539,-1.8516330053846115
baseline_3f,32,follower,1,cusum_fgo_minus_cusum_ekf,-5.088840247420842,-0.4785476820761805,-1.6450697582571867,-0.765792130441315
baseline_3f,32,follower,2,cusum_fgo_minus_ekf,-9.568245778776369,-0.9461649014115783,-6.727833682957805,-1.9734225628101314
baseline_3f,32,follower,2,cusum_fgo_minus_fgo,-9.006787684053826,-1.2750929286286041,-5.697419971975316,-2.1003206846526723
baseline_3f,32,follower,2,cusum_fgo_minus_cusum_ekf,-4.741909599605209,-0.5069390136562042,-2.2567773747992783,-0.8163585964655808
baseline_3f,32,follower,3,cusum_fgo_minus_ekf,-7.635906333133775,-0.7635915898714467,-4.886255532594527,-1.4396818341184012
baseline_3f,32,follower,3,cusum_fgo_minus_fgo,-7.406906092082721,-1.0293452739785207,-5.798854861135478,-1.8135143486670544
baseline_3f,32,follower,3,cusum_fgo_minus_cusum_ekf,-3.5061176855904086,-0.3024329276838793,-1.1380841277338831,-0.4606855988818972
baseline_3f,32,pooled,0,cusum_fgo_minus_ekf,-9.568245778776369,-0.8720385193652342,-4.904103740387948,-1.755216727730141
baseline_3f,32,pooled,0,cusum_fgo_minus_fgo,-9.006787684053826,-1.1531664924643057,-5.418863477860011,-1.9248627209219236
baseline_3f,32,pooled,0,cusum_fgo_minus_cusum_ekf,-4.741909599605209,-0.42930654113875466,-1.6426588698300502,-0.6883897571591024
baseline_3f,32,macro,0,cusum_fgo_minus_ekf,-9.152123217530667,-0.8720385193652339,-5.567206431106466,-1.7463480752059708
baseline_3f,32,macro,0,cusum_fgo_minus_fgo,-7.5371700704701095,-1.1531664924643055,-5.577568770547777,-1.9218226795681128
baseline_3f,32,macro,0,cusum_fgo_minus_cusum_ekf,-4.445622510872154,-0.42930654113875455,-1.679977086930116,-0.6809454419295977
baseline_3f,33,follower,1,cusum_fgo_minus_ekf,-8.70062630286262,-0.29622937826968476,-4.8849546831813395,-0.9161925589693891
baseline_3f,33,follower,1,cusum_fgo_minus_fgo,-5.001930778412443,-0.8842281094937774,-3.774591657381532,-1.2836684639504221
baseline_3f,33,follower,1,cusum_fgo_minus_cusum_ekf,-13.439233454139625,-0.47498876640518706,-5.36434066040197,-1.5100467617939364
baseline_3f,33,follower,2,cusum_fgo_minus_ekf,-10.11191431379553,-0.8272244613288189,-6.617052102064532,-1.9225907427186746
baseline_3f,33,follower,2,cusum_fgo_minus_fgo,-9.204977314081393,-1.447354814074352,-6.335819910798227,-2.3253045384370186
baseline_3f,33,follower,2,cusum_fgo_minus_cusum_ekf,-4.04258941389193,-0.306648633648549,-2.4962511797875258,-0.6283261253824057
baseline_3f,33,follower,3,cusum_fgo_minus_ekf,-5.850496559254683,-0.6708996553565153,-3.481740670239584,-1.1183079355468224
baseline_3f,33,follower,3,cusum_fgo_minus_fgo,-4.823174838505036,-0.719047293306177,-3.8556987685057846,-1.1900455882426653
baseline_3f,33,follower,3,cusum_fgo_minus_cusum_ekf,-3.27820723383848,-0.5518458464317265,-1.3235802920736457,-0.6946512266569281
baseline_3f,33,pooled,0,cusum_fgo_minus_ekf,-9.34230901853963,-0.5981178316516726,-4.259529034313312,-1.2649200688597215
baseline_3f,33,pooled,0,cusum_fgo_minus_fgo,-8.435372018825493,-1.016876738958102,-4.135337916003515,-1.5709313537966247
baseline_3f,33,pooled,0,cusum_fgo_minus_cusum_ekf,-13.439233454139625,-0.444494415495154,-1.4380627525486784,-1.0200061898967094
baseline_3f,33,macro,0,cusum_fgo_minus_ekf,-8.221012391970946,-0.5981178316516726,-4.994582485161818,-1.3190304124116292
baseline_3f,33,macro,0,cusum_fgo_minus_fgo,-6.343360976999625,-1.016876738958102,-4.655370112228514,-1.5996728635433686
baseline_3f,33,macro,0,cusum_fgo_minus_cusum_ekf,-6.920010033956677,-0.444494415495154,-3.0613907107543796,-0.9443413712777569
baseline_3f,34,follower,1,cusum_fgo_minus_ekf,-8.324753018774766,-0.6522852474266398,-6.091613550835939,-1.6888524773895297
baseline_3f,34,follower,1,cusum_fgo_minus_fgo,-5.742227223261278,-0.8730008683608894,-4.467700725484081,-1.4971311064280723
baseline_3f,34,follower,1,cusum_fgo_minus_cusum_ekf,-4.340204140989256,-1.1402362611514285,-2.981572012750227,-1.5933733933113043
baseline_3f,34,follower,2,cusum_fgo_minus_ekf,-4.264619933332814,-0.6161509582210777,-2.871498171942574,-1.0236127516819598
baseline_3f,34,follower,2,cusum_fgo_minus_fgo,-3.9154781815114035,-0.8645148479904227,-3.0835919865397017,-1.2797520781669007
baseline_3f,34,follower,2,cusum_fgo_minus_cusum_ekf,-2.8465161256109353,-0.4662279786575959,-1.6540722131817696,-0.6897428602168949
baseline_3f,34,follower,3,cusum_fgo_minus_ekf,-6.681208121080827,-0.49036110218675555,-4.532737820570231,-1.1474845060665977
baseline_3f,34,follower,3,cusum_fgo_minus_fgo,-9.49380490846412,-0.7359584556455838,-4.613972926487828,-1.4608697669043458
baseline_3f,34,follower,3,cusum_fgo_minus_cusum_ekf,-4.602290467553452,-0.03671363498349356,-0.6603606675097025,-0.16985374728384084
baseline_3f,34,pooled,0,cusum_fgo_minus_ekf,-8.324753018774766,-0.5862657692781577,-3.9406402984669904,-1.3186319992681907
baseline_3f,34,pooled,0,cusum_fgo_minus_fgo,-6.320979444457048,-0.8244913906656319,-3.9230267206952516,-1.406294721389545
baseline_3f,34,pooled,0,cusum_fgo_minus_cusum_ekf,-4.340204140989256,-0.5477259582641725,-3.0660795143947257,-0.9497274630979282
baseline_3f,34,macro,0,cusum_fgo_minus_ekf,-6.423527024396135,-0.5862657692781577,-4.498616514449581,-1.2866499117126957
baseline_3f,34,macro,0,cusum_fgo_minus_fgo,-6.3838367710789345,-0.8244913906656319,-4.055088546170537,-1.4125843171664392
baseline_3f,34,macro,0,cusum_fgo_minus_cusum_ekf,-3.9296702447178804,-0.5477259582641727,-1.7653349644805658,-0.8176566669373466
baseline_3f,35,follower,1,cusum_fgo_minus_ekf,-9.694669340368769,-1.093127711889776,-6.72944905335874,-2.0558465382531255
baseline_3f,35,follower,1,cusum_fgo_minus_fgo,-5.84550430632257,-1.1694315892935507,-4.911321055266757,-1.7934944308186114
baseline_3f,35,follower,1,cusum_fgo_minus_cusum_ekf,-6.275409950933471,-0.5033849071123325,-1.0943752763663048,-0.6577185159653096
baseline_3f,35,follower,2,cusum_fgo_minus_ekf,-6.175643055167428,-0.703559976432957,-4.039416172120502,-1.2436359227713558
baseline_3f,35,follower,2,cusum_fgo_minus_fgo,-4.609045181899531,-1.0682267174116686,-4.148197516031669,-1.5764524768335348
baseline_3f,35,follower,2,cusum_fgo_minus_cusum_ekf,-5.481359797995178,-0.35806903441343696,-1.4358070384551214,-0.6507619430816558
baseline_3f,35,follower,3,cusum_fgo_minus_ekf,-8.681648403240239,-0.9271122597031628,-6.739129039505467,-1.823778711742155
baseline_3f,35,follower,3,cusum_fgo_minus_fgo,-9.60343045984153,-0.7890711031324037,-3.3003756553206003,-1.609190305006571
baseline_3f,35,follower,3,cusum_fgo_minus_cusum_ekf,-6.343975965533336,-0.4424162838632354,-1.113216083840597,-0.6214181420191401
baseline_3f,35,pooled,0,cusum_fgo_minus_ekf,-8.96347134593486,-0.9079333160086321,-5.3555181904432345,-1.7011291347450403
baseline_3f,35,pooled,0,cusum_fgo_minus_fgo,-9.123691170982266,-1.008909803279208,-4.261350997415585,-1.6478981958497312
baseline_3f,35,pooled,0,cusum_fgo_minus_cusum_ekf,-5.864236676674072,-0.4346234084630015,-1.1335907411461414,-0.637784183204625
baseline_3f,35,macro,0,cusum_fgo_minus_ekf,-8.183986932925478,-0.9079333160086319,-5.835998088328235,-1.7077537242555456
baseline_3f,35,macro,0,cusum_fgo_minus_fgo,-6.68599331602121,-1.008909803279208,-4.119964742206342,-1.6597124042195728
baseline_3f,35,macro,0,cusum_fgo_minus_cusum_ekf,-6.033581904820662,-0.43462340846300174,-1.2144661328873407,-0.643299533688702
baseline_3f,36,follower,1,cusum_fgo_minus_ekf,-4.712518820709446,-0.21204090518045127,-3.768519493578833,-0.6928147008068908
baseline_3f,36,follower,1,cusum_fgo_minus_fgo,-4.298778647457796,-0.7773950092560555,-3.302413327900464,-1.094191588593805
baseline_3f,36,follower,1,cusum_fgo_minus_cusum_ekf,-3.7830963128992288,0.05279016200174924,-1.0236889745820443,-0.17532911917448346
baseline_3f,36,follower,2,cusum_fgo_minus_ekf,-8.799495577791397,-0.705325653136831,-6.159608540170625,-1.6263579145923373
baseline_3f,36,follower,2,cusum_fgo_minus_fgo,-8.515033954642153,-1.1854114229483548,-4.254320315174375,-1.760726380136673
baseline_3f,36,follower,2,cusum_fgo_minus_cusum_ekf,-8.490515114696805,-0.41917688080503357,-3.3563900777810587,-1.0637783074342757
baseline_3f,36,follower,3,cusum_fgo_minus_ekf,-6.937092334405804,-0.9349478685054335,-5.051753320570985,-1.5894099005092508
baseline_3f,36,follower,3,cusum_fgo_minus_fgo,-6.226171219323861,-0.9412148920323606,-4.664068207117332,-1.626126620220772
baseline_3f,36,follower,3,cusum_fgo_minus_cusum_ekf,-4.1743409382629375,-0.6811400020174987,-2.595027223513107,-0.9606968746369209
baseline_3f,36,pooled,0,cusum_fgo_minus_ekf,-7.78110020163396,-0.6174381422742383,-4.346875700396442,-1.253336907084327
baseline_3f,36,pooled,0,cusum_fgo_minus_fgo,-7.496638578484713,-0.9680071080789234,-3.817248550059623,-1.4463376659852665
baseline_3f,36,pooled,0,cusum_fgo_minus_cusum_ekf,-7.472119738539368,-0.3491755736069273,-1.8982439753326288,-0.6924731159445645
baseline_3f,36,macro,0,cusum_fgo_minus_ekf,-6.816368910968883,-0.6174381422742385,-4.993293784773481,-1.3028608386361593
baseline_3f,36,macro,0,cusum_fgo_minus_fgo,-6.3466612738079355,-0.9680071080789234,-4.073600616730724,-1.4936815296504162
baseline_3f,36,macro,0,cusum_fgo_minus_cusum_ekf,-5.482650788619656,-0.3491755736069275,-2.3250354252920693,-0.7332681004152268
baseline_3f,37,follower,1,cusum_fgo_minus_ekf,-13.693679888075668,-0.9130663566058466,-6.604760939467635,-2.104342905417754
baseline_3f,37,follower,1,cusum_fgo_minus_fgo,-10.208442501587704,-0.8926210523890059,-3.4512348257633234,-1.5964241178613772
baseline_3f,37,follower,1,cusum_fgo_minus_cusum_ekf,-9.60110661604483,-0.5586070837557406,-1.3602829152057243,-1.2328815256017334
baseline_3f,37,follower,2,cusum_fgo_minus_ekf,-4.255684349208204,-0.28384955723497995,-2.2434549295621347,-0.6056009781145735
baseline_3f,37,follower,2,cusum_fgo_minus_fgo,-4.2057159279710365,-0.6805235689132876,-3.2558501431904654,-1.016056292006338
baseline_3f,37,follower,2,cusum_fgo_minus_cusum_ekf,-6.776383697647338,-0.27862908358226024,-2.2680610228576983,-0.6730572644007722
baseline_3f,37,follower,3,cusum_fgo_minus_ekf,-5.795685545279213,-0.534965401537953,-2.802121326942621,-0.9451058216601109
baseline_3f,37,follower,3,cusum_fgo_minus_fgo,-2.9781060272825712,-0.4183680715320881,-2.2489856218496476,-0.68016216338245
baseline_3f,37,follower,3,cusum_fgo_minus_cusum_ekf,-3.4457374058213377,-0.30301421066840883,-0.9562635867411498,-0.4535475330674188
baseline_3f,37,pooled,0,cusum_fgo_minus_ekf,-12.74328860521587,-0.5772937717929263,-2.8129225179815522,-1.287670120678409
baseline_3f,37,pooled,0,cusum_fgo_minus_fgo,-9.258051218727907,-0.6638375642781271,-2.8567996691329514,-1.1266817584862725
baseline_3f,37,pooled,0,cusum_fgo_minus_cusum_ekf,-8.650715333185035,-0.38008345933546983,-1.4990623807975003,-0.810440118200038
baseline_3f,37,macro,0,cusum_fgo_minus_ekf,-7.915016594187692,-0.5772937717929265,-3.883445731990797,-1.2183499017308128
baseline_3f,37,macro,0,cusum_fgo_minus_fgo,-5.79742148561377,-0.6638375642781269,-2.9853568636011456,-1.0975475244167219
baseline_3f,37,macro,0,cusum_fgo_minus_cusum_ekf,-6.607742573171167,-0.3800834593354696,-1.5282025082681905,-0.7864954410233085
baseline_3f,38,follower,1,cusum_fgo_minus_ekf,-8.153540025501826,-0.6159676442690963,-3.8759179093623404,-1.3244508005865736
baseline_3f,38,follower,1,cusum_fgo_minus_fgo,-5.584523814926938,-0.6892695877402771,-2.465653217760152,-1.063476032816149
baseline_3f,38,follower,1,cusum_fgo_minus_cusum_ekf,-4.469194629812643,-0.3221299634275906,-1.4165132778246396,-0.5960547555965043
baseline_3f,38,follower,2,cusum_fgo_minus_ekf,-5.251437652289968,-0.6885873244376081,-3.7967861834366596,-1.1350142537691477
baseline_3f,38,follower,2,cusum_fgo_minus_fgo,-4.341688756844664,-0.7646580701797215,-2.7265252961555433,-1.1766916939177328
baseline_3f,38,follower,2,cusum_fgo_minus_cusum_ekf,-4.986395995650409,-0.5247878604980974,-1.8279232423766085,-0.7388751889156209
baseline_3f,38,follower,3,cusum_fgo_minus_ekf,-7.8034437737930835,-0.48405635444833695,-1.4867676524161852,-0.9200657743799548
baseline_3f,38,follower,3,cusum_fgo_minus_fgo,-5.585686212729761,-0.4554308020158464,-2.54461746844827,-0.8351459857210269
baseline_3f,38,follower,3,cusum_fgo_minus_cusum_ekf,-4.667779504763691,-0.32628443804302876,-1.1348308958462228,-0.49811118699153656
baseline_3f,38,pooled,0,cusum_fgo_minus_ekf,-8.153540025501826,-0.5962037743850136,-3.264062884098551,-1.1340737302422796
baseline_3f,38,pooled,0,cusum_fgo_minus_fgo,-5.584523814926938,-0.6364528199786151,-2.561937094068883,-1.0249509017489866
baseline_3f,38,pooled,0,cusum_fgo_minus_cusum_ekf,-4.639367919108704,-0.3910674206562389,-1.4371655787548339,-0.6080787922189821
baseline_3f,38,macro,0,cusum_fgo_minus_ekf,-7.069473817194959,-0.5962037743850137,-3.0531572484050615,-1.1265102762452255
baseline_3f,38,macro,0,cusum_fgo_minus_fgo,-5.170632928167121,-0.636452819978615,-2.578931994121321,-1.0251045708183026
baseline_3f,38,macro,0,cusum_fgo_minus_cusum_ekf,-4.707790043408915,-0.391067420656239,-1.4597558053491568,-0.6110137105012207
baseline_3f,39,follower,1,cusum_fgo_minus_ekf,-6.84912947370419,-0.5188340355134369,-2.9016297767969217,-1.0840606769329768
baseline_3f,39,follower,1,cusum_fgo_minus_fgo,-4.186841404360727,-0.8917668143016444,-3.810217183766632,-1.3017200261878017
baseline_3f,39,follower,1,cusum_fgo_minus_cusum_ekf,-1.3297672294646006,-0.1540876748426987,-0.7958080151795477,-0.24192078958964158
baseline_3f,39,follower,2,cusum_fgo_minus_ekf,-9.78914822967533,-0.8869130442986258,-5.631372059990452,-1.872812240143018
baseline_3f,39,follower,2,cusum_fgo_minus_fgo,-9.34420414416416,-1.2095240410315187,-5.011921119427932,-1.9837781034286448
baseline_3f,39,follower,2,cusum_fgo_minus_cusum_ekf,-4.405883626276497,-0.3748125379661654,-1.5638478855346798,-0.612157976368264
baseline_3f,39,follower,3,cusum_fgo_minus_ekf,-8.918389802907548,-0.7378853895959182,-3.4993109972921617,-1.4256284119651736
baseline_3f,39,follower,3,cusum_fgo_minus_fgo,-6.996153535217848,-0.807245803384328,-4.161195004658637,-1.4265706372399518
baseline_3f,39,follower,3,cusum_fgo_minus_cusum_ekf,-5.917203616429602,-0.36393304455532516,-1.2286211585638735,-0.5707734019628804
baseline_3f,39,pooled,0,cusum_fgo_minus_ekf,-8.360929031484396,-0.7145441564693268,-4.599817869899962,-1.4573659466943734
baseline_3f,39,pooled,0,cusum_fgo_minus_fgo,-7.915984945973225,-0.9695122195724973,-4.1919059315924585,-1.5698473546371714
baseline_3f,39,pooled,0,cusum_fgo_minus_cusum_ekf,-3.9610464779389156,-0.29761108578806306,-1.1157572519783638,-0.45962370015489906
baseline_3f,39,macro,0,cusum_fgo_minus_ekf,-8.518889168762358,-0.714544156469327,-4.010770944693177,-1.4608337763470562
baseline_3f,39,macro,0,cusum_fgo_minus_fgo,-6.8423996945809105,-0.9695122195724971,-4.3277777692844,-1.5706895889521328
baseline_3f,39,macro,0,cusum_fgo_minus_cusum_ekf,-3.884284824056901,-0.29761108578806306,-1.1960923530927001,-0.47495072264026184
baseline_3f,40,follower,1,cusum_fgo_minus_ekf,-6.777280926301376,-0.7769348868604483,-3.8728832733207783,-1.4391021862560733
baseline_3f,40,follower,1,cusum_fgo_minus_fgo,-3.291997059528999,-0.8741378696220244,-2.9168887255878095,-1.23675905132977
baseline_3f,40,follower,1,cusum_fgo_minus_cusum_ekf,-3.5212034662577008,-0.40439800313995555,-1.2340336413484598,-0.5475025535060278
baseline_3f,40,follower,2,cusum_fgo_minus_ekf,-6.895937625330966,-0.3464716015819729,-4.20367817702623,-1.1636546692903398
baseline_3f,40,follower,2,cusum_fgo_minus_fgo,-4.953890581170894,-0.6642101564885035,-2.143090610666341,-1.0531631423935859
baseline_3f,40,follower,2,cusum_fgo_minus_cusum_ekf,-2.409659791703662,-0.7538501065045493,-1.3006600146749974,-0.8963100347864001
baseline_3f,40,follower,3,cusum_fgo_minus_ekf,-5.430530859212228,-0.892096544265678,-4.7569762813050955,-1.510127239316441
baseline_3f,40,follower,3,cusum_fgo_minus_fgo,-7.18197289094411,-1.0415670660947027,-6.11850705905037,-1.9325781013563619
baseline_3f,40,follower,3,cusum_fgo_minus_cusum_ekf,-3.6900954761478943,-0.5013095244990778,-1.2609891977600907,-0.6544804453994683
baseline_3f,40,pooled,0,cusum_fgo_minus_ekf,-6.895937625330966,-0.6718343442360332,-3.6086891522729267,-1.287940647263037
baseline_3f,40,pooled,0,cusum_fgo_minus_fgo,-4.953890581170894,-0.8599716974017434,-3.2438213234226954,-1.3169402246008255
baseline_3f,40,pooled,0,cusum_fgo_minus_cusum_ekf,-2.409659791703662,-0.5531858780478612,-1.6020301750552806,-0.6982441163171014
baseline_3f,40,macro,0,cusum_fgo_minus_ekf,-6.367916470281523,-0.6718343442360332,-4.277845910550702,-1.3709613649542851
baseline_3f,40,macro,0,cusum_fgo_minus_fgo,-5.142620177214667,-0.8599716974017436,-3.7261621317681737,-1.407500098359906
baseline_3f,40,macro,0,cusum_fgo_minus_cusum_ekf,-3.206986244703086,-0.5531858780478612,-1.2652276179278488,-0.6994310112306319
baseline_3f,41,follower,1,cusum_fgo_minus_ekf,-6.029510592358298,-0.490415083610767,-4.558281431273645,-1.043701289864923
baseline_3f,41,follower,1,cusum_fgo_minus_fgo,-3.584457171979947,-0.667889741884854,-2.4615237959462584,-0.9401633642327287
baseline_3f,41,follower,1,cusum_fgo_minus_cusum_ekf,-3.560999576759171,-0.1302374456046662,-0.7548812547781028,-0.2527001347585742
baseline_3f,41,follower,2,cusum_fgo_minus_ekf,-8.829425265226854,-0.8151700396754819,-3.9393964340982217,-1.6091573862448016
baseline_3f,41,follower,2,cusum_fgo_minus_fgo,-7.328331715183893,-1.0990737192885032,-4.213584884987188,-1.7833881966593466
baseline_3f,41,follower,2,cusum_fgo_minus_cusum_ekf,-5.601121136880339,-0.7130783204401637,-2.303400921505067,-0.9921602840724685
baseline_3f,41,follower,3,cusum_fgo_minus_ekf,-11.013438807181473,-0.9541976268906812,-5.682004763768066,-1.8763282464768167
baseline_3f,41,follower,3,cusum_fgo_minus_fgo,-9.379132004729893,-0.7770854921563531,-3.978728011469946,-1.5311321039284982
baseline_3f,41,follower,3,cusum_fgo_minus_cusum_ekf,-5.846003438606069,-0.5569925759788735,-1.821711465477099,-0.7865944411819197
baseline_3f,41,pooled,0,cusum_fgo_minus_ekf,-10.002440029412515,-0.7532609167256434,-4.394504414129614,-1.4727488416385055
baseline_3f,41,pooled,0,cusum_fgo_minus_fgo,-8.368133226960936,-0.84801631777657,-3.27477346154984,-1.3775536457512183
baseline_3f,41,pooled,0,cusum_fgo_minus_cusum_ekf,-4.835004660837111,-0.4667694473412347,-1.440524018257493,-0.6359204098440279
baseline_3f,41,macro,0,cusum_fgo_minus_ekf,-8.624124888255542,-0.7532609167256434,-4.7265608763799785,-1.5097289741955138
baseline_3f,41,macro,0,cusum_fgo_minus_fgo,-6.763973630631243,-0.84801631777657,-3.551278897467798,-1.4182278882735246
baseline_3f,41,macro,0,cusum_fgo_minus_cusum_ekf,-5.0027080507485255,-0.4667694473412347,-1.6266645472534231,-0.677151620004321
baseline_3f,42,follower,1,cusum_fgo_minus_ekf,-6.9921372093002825,-0.6025735735064397,-3.3437922299822818,-1.2098984446780132
baseline_3f,42,follower,1,cusum_fgo_minus_fgo,-9.212043879504595,-1.261291419168234,-5.1401459532762726,-2.0356142076769714
baseline_3f,42,follower,1,cusum_fgo_minus_cusum_ekf,-2.829228750606007,-0.28437678118967225,-1.1283494039473003,-0.4507450133717932
baseline_3f,42,follower,2,cusum_fgo_minus_ekf,-12.064488359329458,-1.0791620185998307,-6.140044132246489,-2.320346538251278
baseline_3f,42,follower,2,cusum_fgo_minus_fgo,-10.463937895405877,-1.5953565703286823,-6.341221966444458,-2.6129582121235266
baseline_3f,42,follower,2,cusum_fgo_minus_cusum_ekf,-8.246236078380537,-0.6144439384908841,-2.857891730169721,-1.1535739264337743
baseline_3f,42,follower,3,cusum_fgo_minus_ekf,-8.317328925646933,-1.0460877610793282,-6.2628875656569765,-1.9059311315058616
baseline_3f,42,follower,3,cusum_fgo_minus_fgo,-11.966722760835179,-1.0081397984614813,-5.220879461113479,-1.9907253104849296
baseline_3f,42,follower,3,cusum_fgo_minus_cusum_ekf,-5.786176050055373,-0.5004114452275745,-1.0269050014718621,-0.6238068586129021
baseline_3f,42,pooled,0,cusum_fgo_minus_ekf,-10.837346698686662,-0.9092744510618664,-5.781500567475029,-1.8215445687881449
baseline_3f,42,pooled,0,cusum_fgo_minus_fgo,-9.625187484799518,-1.288262595986133,-5.642594158216597,-2.214531077505493
baseline_3f,42,pooled,0,cusum_fgo_minus_cusum_ekf,-7.019094417737743,-0.4664107216360438,-1.5222312554601234,-0.75074427327545
baseline_3f,42,macro,0,cusum_fgo_minus_ekf,-9.124651498092224,-0.9092744510618661,-5.248907975961917,-1.8120587048117178
baseline_3f,42,macro,0,cusum_fgo_minus_fgo,-10.547568178581885,-1.288262595986133,-5.567415793611403,-2.213099243428476
baseline_3f,42,macro,0,cusum_fgo_minus_cusum_ekf,-5.62054695968064,-0.4664107216360437,-1.6710487118629611,-0.7427085994728234
baseline_3f,43,follower,1,cusum_fgo_minus_ekf,-5.485267525145259,-0.6678062187182798,-3.4070264633020426,-1.1445090407376535
baseline_3f,43,follower,1,cusum_fgo_minus_fgo,-6.728632849616847,-1.1071868141232937,-4.509285026638082,-1.6901817921538438
baseline_3f,43,follower,1,cusum_fgo_minus_cusum_ekf,-6.654783246424213,-0.482366374037851,-1.5351932989712007,-0.8460883579811876
baseline_3f,43,follower,2,cusum_fgo_minus_ekf,-11.186520671354172,-0.8390580099087426,-7.864281444665099,-2.042111386244727
baseline_3f,43,follower,2,cusum_fgo_minus_fgo,-9.641733471105077,-1.3905685134066914,-6.335587197610005,-2.2392670338172556
baseline_3f,43,follower,2,cusum_fgo_minus_cusum_ekf,-5.625232380367867,-0.2878146180186236,-2.529023438291042,-0.6654104495779083
baseline_3f,43,follower,3,cusum_fgo_minus_ekf,-10.894532408981858,-0.9537796663219926,-5.626422393168793,-1.957641642905084
baseline_3f,43,follower,3,cusum_fgo_minus_fgo,-9.053858548417633,-1.0113594578004834,-4.901964466578613,-1.820790227019271
baseline_3f,43,follower,3,cusum_fgo_minus_cusum_ekf,-7.083253485253809,-0.5972237407134398,-1.5316362193921054,-0.9110540648273242
baseline_3f,43,pooled,0,cusum_fgo_minus_ekf,-9.777602721252615,-0.8202146316496715,-5.402873197166469,-1.7188565146085626
baseline_3f,43,pooled,0,cusum_fgo_minus_fgo,-8.23281552100352,-1.169704928443489,-4.852754953227331,-1.9150262512814007
baseline_3f,43,pooled,0,cusum_fgo_minus_cusum_ekf,-6.654783246424213,-0.4558015775899713,-1.624683582960468,-0.7802747972925269
baseline_3f,43,macro,0,cusum_fgo_minus_ekf,-9.18877353516043,-0.8202146316496716,-5.632576767045311,-1.7147540232958214
baseline_3f,43,macro,0,cusum_fgo_minus_fgo,-8.47474162304652,-1.1697049284434895,-5.248945563608901,-1.9167463509967901
baseline_3f,43,macro,0,cusum_fgo_minus_cusum_ekf,-6.4544230373486275,-0.4558015775899714,-1.8652843188847827,-0.8075176241288066
baseline_3f,44,follower,1,cusum_fgo_minus_ekf,-5.626486041671313,-0.5513182436679323,-3.8679610776890185,-1.067053679842443
baseline_3f,44,follower,1,cusum_fgo_minus_fgo,-7.777804040132018,-0.9065535805809919,-2.915448086180294,-1.421627792551383
baseline_3f,44,follower,1,cusum_fgo_minus_cusum_ekf,-2.7118625990601406,-0.21973853155622347,-1.068691810628898,-0.38395607280124877
baseline_3f,44,follower,2,cusum_fgo_minus_ekf,-8.010573866662037,-0.9528624714752076,-6.925874853119696,-1.9935422079526626
baseline_3f,44,follower,2,cusum_fgo_minus_fgo,-7.358921649130057,-1.3833805053328163,-5.9609526298943365,-2.1156269322769328
baseline_3f,44,follower,2,cusum_fgo_minus_cusum_ekf,-5.197862371202105,-0.2128486680365782,-0.9531177439262919,-0.4375314417741243
baseline_3f,44,follower,3,cusum_fgo_minus_ekf,-7.993701604506075,-0.6611344180243334,-5.191756348363022,-1.3811611966409947
baseline_3f,44,follower,3,cusum_fgo_minus_fgo,-6.464364743268861,-0.8918617033071098,-4.953704040788502,-1.610463150763588
baseline_3f,44,follower,3,cusum_fgo_minus_cusum_ekf,-4.097279262812542,-0.2795775058290476,-0.9970073314451935,-0.4810962624460001
baseline_3f,44,pooled,0,cusum_fgo_minus_ekf,-7.690177067455444,-0.7217717110558239,-5.419805516355493,-1.5043439908023075
baseline_3f,44,pooled,0,cusum_fgo_minus_fgo,-7.777804040132018,-1.0605985964069724,-4.734003884684794,-1.7277121178921548
baseline_3f,44,pooled,0,cusum_fgo_minus_cusum_ekf,-4.710110253329907,-0.23738823514061624,-1.0024773175451496,-0.4316992563083919
baseline_3f,44,macro,0,cusum_fgo_minus_ekf,-7.210253837613141,-0.7217717110558244,-5.328530759723912,-1.4805856948120333
baseline_3f,44,macro,0,cusum_fgo_minus_fgo,-7.200363477510312,-1.0605985964069726,-4.610034918954377,-1.7159059585306347
baseline_3f,44,macro,0,cusum_fgo_minus_cusum_ekf,-4.002334744358263,-0.23738823514061647,-1.006272295333461,-0.43419459234045776
baseline_3f,45,follower,1,cusum_fgo_minus_ekf,-5.250225038220715,-0.13538906522931815,-2.6226392645805157,-0.5414601345572998
baseline_3f,45,follower,1,cusum_fgo_minus_fgo,-6.406579970096705,-0.7610470467508925,-2.2392014247795227,-1.0690747232717066
baseline_3f,45,follower,1,cusum_fgo_minus_cusum_ekf,-3.475479642314749,0.06897931956486425,-1.0420105876061205,-0.10969385433326773
baseline_3f,45,follower,2,cusum_fgo_minus_ekf,-4.770332297601985,-0.6894163273215539,-3.6044321837506246,-1.1596708506732971
baseline_3f,45,follower,2,cusum_fgo_minus_fgo,-5.120788343893434,-0.9633664084544191,-3.9748879219638624,-1.4437043105700622
baseline_3f,45,follower,2,cusum_fgo_minus_cusum_ekf,-4.140078826083994,-0.5576218439623617,-2.861777650217605,-0.9127308459321821
baseline_3f,45,follower,3,cusum_fgo_minus_ekf,-6.742017371707292,-0.3711917378460803,-4.447974617941509,-0.9880404146963615
baseline_3f,45,follower,3,cusum_fgo_minus_fgo,-7.59943262273343,-0.6534089967602055,-3.868666787508154,-1.215735766467287
baseline_3f,45,follower,3,cusum_fgo_minus_cusum_ekf,-3.8777504667408653,-0.06339066761642331,-0.9085256399182937,-0.2581503192843404
baseline_3f,45,pooled,0,cusum_fgo_minus_ekf,-5.250225038220715,-0.39866571013231744,-2.967927588442906,-0.8396447387444466
baseline_3f,45,pooled,0,cusum_fgo_minus_fgo,-6.406579970096705,-0.7926074839885056,-2.91152507520717,-1.1946760704438486
baseline_3f,45,pooled,0,cusum_fgo_minus_cusum_ekf,-3.475479642314749,-0.18401106400464018,-1.2388246168734511,-0.37635056391904387
baseline_3f,45,macro,0,cusum_fgo_minus_ekf,-5.587524902509996,-0.3986657101323172,-3.55834868875755,-0.896390466642319
baseline_3f,45,macro,0,cusum_fgo_minus_fgo,-6.37560031224119,-0.7926074839885053,-3.36091871141718,-1.2428382667696851
baseline_3f,45,macro,0,cusum_fgo_minus_cusum_ekf,-3.8311029783798696,-0.18401106400463996,-1.6041046259140066,-0.42685833984992994
baseline_3f,46,follower,1,cusum_fgo_minus_ekf,-5.58238093519198,-0.6647415737924118,-5.423128299202577,-1.369719689850972
baseline_3f,46,follower,1,cusum_fgo_minus_fgo,-4.904319928774082,-1.021115866991646,-4.744454423226094,-1.5655831550450616
baseline_3f,46,follower,1,cusum_fgo_minus_cusum_ekf,-2.9251241927775,-0.21934348354445166,-1.269700681492748,-0.344992820105662
baseline_3f,46,follower,2,cusum_fgo_minus_ekf,-10.61013440955253,-0.743023804833171,-8.587397674437096,-1.9683816128553813
baseline_3f,46,follower,2,cusum_fgo_minus_fgo,-9.148556724188893,-1.0777121084638874,-5.712763356960796,-1.898738362006706
baseline_3f,46,follower,2,cusum_fgo_minus_cusum_ekf,-6.264762986125245,-0.15410959276502822,-2.0173913743820124,-0.5200979001344788
baseline_3f,46,follower,3,cusum_fgo_minus_ekf,-6.0982732047234585,-0.7255606538938824,-4.0592632721144435,-1.2712277177149247
baseline_3f,46,follower,3,cusum_fgo_minus_fgo,-7.7456555302969505,-0.8805587990384216,-5.09969067914199,-1.6270501173717775
baseline_3f,46,follower,3,cusum_fgo_minus_cusum_ekf,-5.91543300161943,-0.5679407870309658,-2.3719864726457036,-0.9855193677796266
baseline_3f,46,pooled,0,cusum_fgo_minus_ekf,-8.678262455708055,-0.7111086775064885,-4.861346609287905,-1.5582062069576335
baseline_3f,46,pooled,0,cusum_fgo_minus_fgo,-7.2166847703444175,-0.9931289248313184,-4.902933516994187,-1.6975995394340537
baseline_3f,46,pooled,0,cusum_fgo_minus_cusum_ekf,-4.332891032280769,-0.3137979544468157,-1.7241235923103637,-0.6128109046710268
baseline_3f,46,macro,0,cusum_fgo_minus_ekf,-7.430262849822656,-0.7111086775064883,-6.0232630819180395,-1.5364430068070924
baseline_3f,46,macro,0,cusum_fgo_minus_fgo,-7.266177394419975,-0.9931289248313182,-5.185636153109626,-1.697123878141182
baseline_3f,46,macro,0,cusum_fgo_minus_cusum_ekf,-5.035106726840725,-0.31379795444681524,-1.8863595095068217,-0.6168700293399223
baseline_3f,47,follower,1,cusum_fgo_minus_ekf,-12.897262766672995,-0.901833330782362,-6.027130522506527,-2.0078941987501495
baseline_3f,47,follower,1,cusum_fgo_minus_fgo,-7.973471628493045,-1.146934209973665,-4.6167538273014435,-1.828691782053856
baseline_3f,47,follower,1,cusum_fgo_minus_cusum_ekf,-6.312937349594834,-0.4239047557240292,-1.2476328059717314,-0.7807329296554238
baseline_3f,47,follower,2,cusum_fgo_minus_ekf,-9.622125173617972,-0.9090003616545868,-5.665994631145586,-1.770975073934523
baseline_3f,47,follower,2,cusum_fgo_minus_fgo,-7.8378862357538,-1.0583112396505363,-4.300864385328121,-1.7305670434441573
baseline_3f,47,follower,2,cusum_fgo_minus_cusum_ekf,-6.181855369680619,-0.4335025242019821,-1.4792702376690594,-0.6882665250249362
baseline_3f,47,follower,3,cusum_fgo_minus_ekf,-6.074405823506234,-0.6532047538074309,-3.7952676691278078,-1.2007461238321286
baseline_3f,47,follower,3,cusum_fgo_minus_fgo,-5.662822679209533,-0.7547373675034966,-3.832712545880725,-1.261904376806135
baseline_3f,47,follower,3,cusum_fgo_minus_cusum_ekf,-4.1505091012276,-0.24213349149373664,-0.735350628542504,-0.36014419296262445
baseline_3f,47,pooled,0,cusum_fgo_minus_ekf,-12.897262766672995,-0.8213461487481266,-4.135340084638385,-1.6892459380460731
baseline_3f,47,pooled,0,cusum_fgo_minus_fgo,-7.973471628493045,-0.9866609390425662,-4.290425264000207,-1.6239133723038084
baseline_3f,47,pooled,0,cusum_fgo_minus_cusum_ekf,-6.312937349594834,-0.3665135904732493,-1.1747095415379678,-0.6271633267024621
baseline_3f,47,macro,0,cusum_fgo_minus_ekf,-9.531264587932403,-0.8213461487481266,-5.162797607593307,-1.659871798838934
baseline_3f,47,macro,0,cusum_fgo_minus_fgo,-7.158060181152129,-0.9866609390425662,-4.250110252836763,-1.6070544007680496
baseline_3f,47,macro,0,cusum_fgo_minus_cusum_ekf,-5.548433940167685,-0.3665135904732495,-1.1540845573944316,-0.6097145492143282
baseline_3f,48,follower,1,cusum_fgo_minus_ekf,-3.7246262955287257,-0.6851964552385648,-3.488285203887908,-1.028409114312141
baseline_3f,48,follower,1,cusum_fgo_minus_fgo,-6.2971358332838765,-0.9451043005469226,-3.758601600777689,-1.4360487074108312
baseline_3f,48,follower,1,cusum_fgo_minus_cusum_ekf,-2.1866500706949585,-0.4183950797802809,-1.1339510555534074,-0.5113835311965069
baseline_3f,48,follower,2,cusum_fgo_minus_ekf,-8.094343426897744,-1.16092107156168,-6.984795448737349,-2.1836223570804174
baseline_3f,48,follower,2,cusum_fgo_minus_fgo,-7.501054338076037,-1.2870343879940713,-5.057928101912154,-2.0985977165467866
baseline_3f,48,follower,2,cusum_fgo_minus_cusum_ekf,-5.93281342228362,-0.4737598601646942,-1.3922438876327317,-0.7144832425396787
baseline_3f,48,follower,3,cusum_fgo_minus_ekf,-8.264193229338032,-0.846646124578208,-3.1171537229315174,-1.4804331143440461
baseline_3f,48,follower,3,cusum_fgo_minus_fgo,-5.590191802366853,-0.8302803890037607,-3.5814636356842997,-1.373596765583327
baseline_3f,48,follower,3,cusum_fgo_minus_cusum_ekf,-4.097395828291375,-0.48509969624350163,-1.0631936754687121,-0.6090984683700329
baseline_3f,48,pooled,0,cusum_fgo_minus_ekf,-6.2720944907354195,-0.8975878837928177,-4.7453738527242795,-1.563594782283435
baseline_3f,48,pooled,0,cusum_fgo_minus_fgo,-6.2971358332838765,-1.0208063591815848,-4.230103544440171,-1.632604061061909
baseline_3f,48,pooled,0,cusum_fgo_minus_cusum_ekf,-4.110564486121294,-0.45908487872949233,-1.099920873360713,-0.5893429783192423
baseline_3f,48,macro,0,cusum_fgo_minus_ekf,-6.694387650588167,-0.8975878837928174,-4.530078125185591,-1.5641548619122014
baseline_3f,48,macro,0,cusum_fgo_minus_fgo,-6.462793991242254,-1.0208063591815848,-4.132664446124715,-1.6360810631803147
baseline_3f,48,macro,0,cusum_fgo_minus_cusum_ekf,-4.072286440423317,-0.45908487872949244,-1.1964628728849507,-0.6116550807020728
baseline_3f,49,follower,1,cusum_fgo_minus_ekf,-7.80400210004732,-0.449470579557429,-4.0069482003154775,-1.1062093310897296
baseline_3f,49,follower,1,cusum_fgo_minus_fgo,-6.176431455674395,-0.9507734202451887,-3.760770666562064,-1.3968487950303174
baseline_3f,49,follower,1,cusum_fgo_minus_cusum_ekf,-3.5628400051762195,-0.08391885514794106,-0.9684285681770481,-0.27080841812612255
baseline_3f,49,follower,2,cusum_fgo_minus_ekf,-10.755281797811325,-0.8082780156522815,-5.054780680355021,-1.9061483382603155
baseline_3f,49,follower,2,cusum_fgo_minus_fgo,-9.228025452573558,-1.154776563900376,-4.6054245349035625,-1.898671630995352
baseline_3f,49,follower,2,cusum_fgo_minus_cusum_ekf,-7.164350174641136,-0.2641205461099434,-1.0410735911358002,-0.5158632565496633
baseline_3f,49,follower,3,cusum_fgo_minus_ekf,-7.690574521200615,-0.6557925768939441,-4.2855820512841,-1.2307414223315982
baseline_3f,49,follower,3,cusum_fgo_minus_fgo,-6.825009630505026,-0.7957182376454317,-5.175810613231361,-1.4779817973616582
baseline_3f,49,follower,3,cusum_fgo_minus_cusum_ekf,-5.827324865600092,-0.42281560193356893,-1.8545120714336232,-0.7203924807665354
baseline_3f,49,pooled,0,cusum_fgo_minus_ekf,-10.348331204280258,-0.6378470573678852,-4.353202804101138,-1.4143584871377772
baseline_3f,49,pooled,0,cusum_fgo_minus_fgo,-8.821074859042492,-0.967089407263666,-4.632187935691409,-1.5836925107771096
baseline_3f,49,pooled,0,cusum_fgo_minus_cusum_ekf,-6.75739958111007,-0.2569516677304846,-1.2777958438011587,-0.503137727675995
baseline_3f,49,macro,0,cusum_fgo_minus_ekf,-8.749952806353088,-0.6378470573678847,-4.449103643984867,-1.414366363893881
baseline_3f,49,macro,0,cusum_fgo_minus_fgo,-7.409822179584326,-0.9670894072636649,-4.5140019382323295,-1.5911674077957758
baseline_3f,49,macro,0,cusum_fgo_minus_cusum_ekf,-5.518171681805816,-0.2569516677304844,-1.2880047435821573,-0.5023547184807735
baseline_3f,50,follower,1,cusum_fgo_minus_ekf,-10.00729960366954,-0.5513611989336875,-3.290835500077586,-1.340076966020386
baseline_3f,50,follower,1,cusum_fgo_minus_fgo,-6.588392629842803,-0.8419946726944503,-3.9110131774764127,-1.4042448713351472
baseline_3f,50,follower,1,cusum_fgo_minus_cusum_ekf,-4.350224717410229,-0.17241181850688925,-0.9403150769934172,-0.37148202880472647
baseline_3f,50,follower,2,cusum_fgo_minus_ekf,-11.881900834950713,-0.6365929919285755,-3.252733908149046,-1.6135153236069055
baseline_3f,50,follower,2,cusum_fgo_minus_fgo,-10.980577816946987,-0.9548817360964819,-3.524503813191158,-1.7432792299809512
baseline_3f,50,follower,2,cusum_fgo_minus_cusum_ekf,-6.1929971027887945,-0.11788504874793859,-0.7432990964635515,-0.27938009872553593
baseline_3f,50,follower,3,cusum_fgo_minus_ekf,-6.1918712103242886,-0.5414643713038908,-2.819800921773644,-1.0059199311709042
baseline_3f,50,follower,3,cusum_fgo_minus_fgo,-4.008610957594299,-0.5865610014607895,-2.430074694345447,-0.8805951308919311
baseline_3f,50,follower,3,cusum_fgo_minus_cusum_ekf,-2.996621137483946,-0.2593673893343543,-1.2097255636203428,-0.423253545993614
baseline_3f,50,pooled,0,cusum_fgo_minus_ekf,-11.881900834950713,-0.5764728540553847,-3.0804735326744703,-1.3380698987167707
baseline_3f,50,pooled,0,cusum_fgo_minus_fgo,-10.980577816946987,-0.7944791367505737,-3.318581774369795,-1.3774453979230072
baseline_3f,50,pooled,0,cusum_fgo_minus_cusum_ekf,-6.1929971027887945,-0.18322141886306076,-0.8974449848710935,-0.3558913104104666
baseline_3f,50,macro,0,cusum_fgo_minus_ekf,-9.360357216314847,-0.5764728540553847,-3.121123443333426,-1.3198374069327317
baseline_3f,50,macro,0,cusum_fgo_minus_fgo,-7.192527134794696,-0.7944791367505737,-3.2885305616710054,-1.3427064107360098
baseline_3f,50,macro,0,cusum_fgo_minus_cusum_ekf,-4.513280985894323,-0.18322141886306054,-0.9644465790257708,-0.3580385578412921
size_2f,1,follower,1,cusum_fgo_minus_ekf,-9.546072340131975,-0.7040100892832823,-5.435709004780865,-1.6176574034970863
size_2f,1,follower,1,cusum_fgo_minus_fgo,-6.178600270232216,-1.0112358449395398,-4.9180859794783816,-1.6049765807404412
size_2f,1,follower,1,cusum_fgo_minus_cusum_ekf,-4.66853556682431,-0.1586445521274673,-0.6751680515233778,-0.3262519037590941
size_2f,1,follower,2,cusum_fgo_minus_ekf,-8.21423435558016,-1.1961580463935402,-8.306817305671565,-2.5046097861737078
size_2f,1,follower,2,cusum_fgo_minus_fgo,-8.584571595300549,-1.325018834316066,-6.835564996085491,-2.373373868542078
size_2f,1,follower,2,cusum_fgo_minus_cusum_ekf,-3.556969020154148,-0.3647683590365053,-1.3873623396581294,-0.6848657959617701
size_2f,1,pooled,0,cusum_fgo_minus_ekf,-8.414186406073888,-0.950084067838411,-6.646982367963233,-2.060740988950553
size_2f,1,pooled,0,cusum_fgo_minus_fgo,-8.584571595300549,-1.1681273396278027,-5.474624990062836,-1.984387339645913
size_2f,1,pooled,0,cusum_fgo_minus_cusum_ekf,-3.556969020154148,-0.26170645558198613,-0.8299442778819,-0.49328573356944605
size_2f,1,macro,0,cusum_fgo_minus_ekf,-8.88015334785607,-0.9500840678384113,-6.871263155226215,-2.061133594835397
size_2f,1,macro,0,cusum_fgo_minus_fgo,-7.381585932766381,-1.1681273396278027,-5.876825487781936,-1.9891752246412597
size_2f,1,macro,0,cusum_fgo_minus_cusum_ekf,-4.11275229348923,-0.26170645558198635,-1.0312651955907537,-0.505558849860432
size_2f,2,follower,1,cusum_fgo_minus_ekf,-5.522932407025814,-0.7848895627426213,-6.2376510012202,-1.6843789768907267
size_2f,2,follower,1,cusum_fgo_minus_fgo,-6.867439587843912,-0.6862923389166231,-2.0907512770141548,-1.204807775692431
size_2f,2,follower,1,cusum_fgo_minus_cusum_ekf,-4.7357715488424,-0.3573859717032284,-1.2785990942815704,-0.7332613607357834
size_2f,2,follower,2,cusum_fgo_minus_ekf,-3.8327528035721654,-0.5493685862050062,-2.452938536727924,-1.0086187115367151
size_2f,2,follower,2,cusum_fgo_minus_fgo,-4.940711062470062,-0.6959347457154326,-2.1616797363457954,-1.1539668602343682
size_2f,2,follower,2,cusum_fgo_minus_cusum_ekf,-5.92261756521708,-0.3633947701728264,-0.9798243833947677,-0.8341291716666439
size_2f,2,pooled,0,cusum_fgo_minus_ekf,-4.2827116184521,-0.6671290744738139,-5.15626564374371,-1.3576934895907338
size_2f,2,pooled,0,cusum_fgo_minus_fgo,-5.6272187992701985,-0.6911135423160277,-2.302800185914775,-1.177830409160176
size_2f,2,pooled,0,cusum_fgo_minus_cusum_ekf,-5.92261756521708,-0.3603903709380274,-1.258211630299742,-0.7852961051433633
size_2f,2,macro,0,cusum_fgo_minus_ekf,-4.67784260529899,-0.6671290744738136,-4.345294768974061,-1.3464988442137207
size_2f,2,macro,0,cusum_fgo_minus_fgo,-5.904075325156988,-0.691113542316028,-2.1262155066799746,-1.1793873179633998
size_2f,2,macro,0,cusum_fgo_minus_cusum_ekf,-5.329194557029741,-0.3603903709380274,-1.129211738838169,-0.7836952662012138
size_2f,3,follower,1,cusum_fgo_minus_ekf,-3.7830454606757336,-0.6855915689414446,-2.597550067652721,-0.9936881341096198
size_2f,3,follower,1,cusum_fgo_minus_fgo,-3.1937678086702386,-0.5420059246597618,-2.3285542196126823,-0.8747932794017306
size_2f,3,follower,1,cusum_fgo_minus_cusum_ekf,-1.8244784278202753,-0.4318562557270619,-1.0344002569043484,-0.5066129044230754
size_2f,3,follower,2,cusum_fgo_minus_ekf,-0.9735299025969368,-0.8151193116563645,-4.900480265497202,-1.1669263646639865
size_2f,3,follower,2,cusum_fgo_minus_fgo,0.18830928866476704,-0.702492519048246,-4.045887973696603,-0.9233259258834041
size_2f,3,follower,2,cusum_fgo_minus_cusum_ekf,-4.843670503132103,-0.5743859873539524,-2.5878464898767177,-0.8917007710370737
size_2f,3,pooled,0,cusum_fgo_minus_ekf,-0.9735299025969368,-0.7503554402989047,-4.03691680121038,-1.0805904091179601
size_2f,3,pooled,0,cusum_fgo_minus_fgo,0.18830928866476704,-0.6222492218540038,-3.0908985163864564,-0.8929748781945355
size_2f,3,pooled,0,cusum_fgo_minus_cusum_ekf,-4.843670503132103,-0.5031211215405075,-1.5906844345431743,-0.723762717645958
size_2f,3,macro,0,cusum_fgo_minus_ekf,-2.3782876816363343,-0.7503554402989047,-3.7490151665749614,-1.0803072493868033
size_2f,3,macro,0,cusum_fgo_minus_fgo,-1.5027292600027353,-0.622249221854004,-3.187221096654643,-0.8990596026425675
size_2f,3,macro,0,cusum_fgo_minus_cusum_ekf,-3.3340744654761894,-0.503121121540507,-1.8111233733905334,-0.6991568377300745
size_2f,4,follower,1,cusum_fgo_minus_ekf,-5.612571515556772,-0.4396728226727282,-6.795127145493822,-1.3051218847563502
size_2f,4,follower,1,cusum_fgo_minus_fgo,-5.829663219433342,-0.6137883947125571,-2.761368018977733,-0.9675342200956112
size_2f,4,follower,1,cusum_fgo_minus_cusum_ekf,-6.84490413350941,0.08139627087314905,-0.18086949286958198,-0.25719786058608207
size_2f,4,follower,2,cusum_fgo_minus_ekf,-4.1845838448979915,-0.7940552246993141,-3.751426900815068,-1.316881283201884
size_2f,4,follower,2,cusum_fgo_minus_fgo,-2.903631930573704,-0.8874095124785918,-3.513062611801199,-1.2809457139042573
size_2f,4,follower,2,cusum_fgo_minus_cusum_ekf,1.0052853357974518,-0.30481615351862235,-1.2897346815918147,-0.17875595250207477
size_2f,4,pooled,0,cusum_fgo_minus_ekf,-4.1845838448979915,-0.6168640236860212,-6.079336417061688,-1.2980041070590036
size_2f,4,pooled,0,cusum_fgo_minus_fgo,-4.2927055880743605,-0.7505989535955744,-3.1004506880146505,-1.1003293247683086
size_2f,4,pooled,0,cusum_fgo_minus_cusum_ekf,-5.307946502150429,-0.11170994132273693,-0.6536940557889053,-0.22147155245024153
size_2f,4,macro,0,cusum_fgo_minus_ekf,-4.8985776802273815,-0.6168640236860212,-5.273277023154445,-1.3110015839791171
size_2f,4,macro,0,cusum_fgo_minus_fgo,-4.3666475750035225,-0.7505989535955744,-3.137215315389466,-1.1242399669999341
size_2f,4,macro,0,cusum_fgo_minus_cusum_ekf,-2.9198093988559783,-0.11170994132273648,-0.7353020872306986,-0.21797690654407864
size_2f,5,follower,1,cusum_fgo_minus_ekf,0.37894849631851457,-0.08861799526214242,-2.3010119769089554,-0.3083868260003726
size_2f,5,follower,1,cusum_fgo_minus_fgo,0.3190456456646924,-0.49164300069783007,-1.8371867978092489,-0.5730010542795956
size_2f,5,follower,1,cusum_fgo_minus_cusum_ekf,0.2627559389927523,0.08616748282764042,-0.6475424482193901,0.03126134446857698
size_2f,5,follower,2,cusum_fgo_minus_ekf,-8.696731877808599,-1.2671520453202572,-8.517421968398562,-2.575778197828791
size_2f,5,follower,2,cusum_fgo_minus_fgo,-9.271436777599824,-1.2818698263200696,-6.675245507338675,-2.423343718598703
size_2f,5,follower,2,cusum_fgo_minus_cusum_ekf,-4.397919604116894,-0.571412858237743,-2.12673373943092,-0.8787317810766094
size_2f,5,pooled,0,cusum_fgo_minus_ekf,-2.55200972607658,-0.6778850202911997,-4.980522612933976,-1.3070902183372493
size_2f,5,pooled,0,cusum_fgo_minus_fgo,-3.1267146258678036,-0.8867564135089498,-3.996877856720587,-1.3419226807125648
size_2f,5,pooled,0,cusum_fgo_minus_cusum_ekf,0.2627559389927523,-0.24262268770505124,-1.4369947386407875,-0.2795591042888823
size_2f,5,macro,0,cusum_fgo_minus_ekf,-4.158891690745042,-0.6778850202911997,-5.409216972653757,-1.442082511914582
size_2f,5,macro,0,cusum_fgo_minus_fgo,-4.476195565967565,-0.8867564135089498,-4.256216152573963,-1.4981723864391494
size_2f,5,macro,0,cusum_fgo_minus_cusum_ekf,-2.0675818325620714,-0.24262268770505124,-1.387138093825155,-0.42373521830401617
size_2f,6,follower,1,cusum_fgo_minus_ekf,-3.9516011035369205,-0.299893355844272,-0.47016922442424125,-0.5367263715453503
size_2f,6,follower,1,cusum_fgo_minus_fgo,0.2760829691933182,-0.2793168918807485,0.5216939929274558,-0.2148615736964694
size_2f,6,follower,1,cusum_fgo_minus_cusum_ekf,-11.634017065793266,-0.6264716289008538,-2.694035184622642,-1.4218452643715422
size_2f,6,follower,2,cusum_fgo_minus_ekf,-3.4096591293947798,-0.24386204322017258,-3.656594211889396,-0.6831673653960972
size_2f,6,follower,2,cusum_fgo_minus_fgo,-4.5790282286925725,-0.7224835146843207,-3.245384349614488,-1.0589224570306592
size_2f,6,follower,2,cusum_fgo_minus_cusum_ekf,-5.924279387434496,-0.11699225367319577,-2.868181277849888,-0.5545124124519354
size_2f,6,pooled,0,cusum_fgo_minus_ekf,-3.9516011035369205,-0.2718776995322225,-2.251015783679944,-0.6110302809621235
size_2f,6,pooled,0,cusum_fgo_minus_fgo,-4.228989563472983,-0.5009002032825347,-1.202046693768338,-0.6714644379707864
size_2f,6,pooled,0,cusum_fgo_minus_cusum_ekf,-11.634017065793266,-0.37173194128702547,-3.0598721182824287,-1.0200229650257493
size_2f,6,macro,0,cusum_fgo_minus_ekf,-3.68063011646585,-0.2718776995322223,-2.0633817181568186,-0.6099468684707237
size_2f,6,macro,0,cusum_fgo_minus_fgo,-2.1514726297496276,-0.5009002032825345,-1.3618451783435161,-0.6368920153635642
size_2f,6,macro,0,cusum_fgo_minus_cusum_ekf,-8.77914822661388,-0.3717319412870248,-2.781108231236265,-0.9881788384117387
size_2f,7,follower,1,cusum_fgo_minus_ekf,-3.2985634959513117,-0.5646003375827651,-2.687647717098071,-0.9299240650799216
size_2f,7,follower,1,cusum_fgo_minus_fgo,-5.566121769434847,-0.7750239215158339,-4.2927429038116545,-1.3970733073884811
size_2f,7,follower,1,cusum_fgo_minus_cusum_ekf,-13.854743033965322,-0.6030450836816512,-2.273963242566394,-1.3294051695642035
size_2f,7,follower,2,cusum_fgo_minus_ekf,-4.949257411732961,-0.5916986366427948,-5.408321374067544,-1.2651880618657578
size_2f,7,follower,2,cusum_fgo_minus_fgo,-2.696914133571057,-0.645992941838448,-3.719474915979268,-1.0339757612797242
size_2f,7,follower,2,cusum_fgo_minus_cusum_ekf,-7.771549781665612,-0.5628787915995666,-4.05780514583911,-1.271060296836484
size_2f,7,pooled,0,cusum_fgo_minus_ekf,-4.949257411732961,-0.5781494871127799,-3.3851170395977968,-1.1101734921632873
size_2f,7,pooled,0,cusum_fgo_minus_fgo,-4.758597122543931,-0.7105084316771408,-3.882712494454602,-1.1943324889372582
size_2f,7,pooled,0,cusum_fgo_minus_cusum_ekf,-13.047218387074405,-0.5829619376406088,-3.642787734664098,-1.287462739100962
size_2f,7,macro,0,cusum_fgo_minus_ekf,-4.123910453842136,-0.5781494871127801,-4.047984545582808,-1.0975560634728398
size_2f,7,macro,0,cusum_fgo_minus_fgo,-4.131517951502953,-0.7105084316771411,-4.006108909895461,-1.2155245343341026
size_2f,7,macro,0,cusum_fgo_minus_cusum_ekf,-10.813146407815466,-0.582961937640609,-3.1658841942027527,-1.3002327332003438
size_2f,8,follower,1,cusum_fgo_minus_ekf,-9.187258784065648,-0.7889875100743966,-6.17902689094749,-1.6675340283353095
size_2f,8,follower,1,cusum_fgo_minus_fgo,-4.2316252160712615,-0.5603363677339348,-1.7584333225021322,-0.9213834242363381
size_2f,8,follower,1,cusum_fgo_minus_cusum_ekf,-1.9612756170461134,-0.2339545276904318,0.1229557053364454,-0.20091714673312988
size_2f,8,follower,2,cusum_fgo_minus_ekf,-1.2036342081970117,-0.7113468565841146,-3.4042710854868434,-1.0013238086444587
size_2f,8,follower,2,cusum_fgo_minus_fgo,-1.076373150447675,-0.5638441957715172,-3.0290033716618407,-0.8626313308229642
size_2f,8,follower,2,cusum_fgo_minus_cusum_ekf,-4.644629693671295,-0.4728532131575409,-1.0057653844218346,-0.7080716307978413
size_2f,8,pooled,0,cusum_fgo_minus_ekf,-9.187258784065648,-0.7501671833292555,-3.423008803194829,-1.369367632379318
size_2f,8,pooled,0,cusum_fgo_minus_fgo,-4.2316252160712615,-0.5620902817527259,-2.7277249706439095,-0.8911990073847285
size_2f,8,pooled,0,cusum_fgo_minus_cusum_ekf,-4.450442135408283,-0.35340387042398624,-0.7175491131217484,-0.45422409230412475
size_2f,8,macro,0,cusum_fgo_minus_ekf,-5.195446496131329,-0.7501671833292557,-4.791648988217167,-1.334428918489884
size_2f,8,macro,0,cusum_fgo_minus_fgo,-2.653999183259468,-0.5620902817527261,-2.3937183470819865,-0.8920073775296511
size_2f,8,macro,0,cusum_fgo_minus_cusum_ekf,-3.3029526553587045,-0.35340387042398647,-0.4414048395426948,-0.45449438876548554
size_2f,9,follower,1,cusum_fgo_minus_ekf,-6.1318297649112266,-0.7779381491400734,-6.750579479412827,-1.5752625150375414
size_2f,9,follower,1,cusum_fgo_minus_fgo,-7.997737037221401,-0.8393448061018938,-3.271657344175095,-1.424415623599001
size_2f,9,follower,1,cusum_fgo_minus_cusum_ekf,-2.2759645334196614,-0.22268065105269064,0.00972071637815608,-0.22625807982091417
size_2f,9,follower,2,cusum_fgo_minus_ekf,-9.587587682629028,-0.9129818840037746,-4.322125533842653,-1.7997594500383556
size_2f,9,follower,2,cusum_fgo_minus_fgo,-8.187530760645018,-0.8161171828873234,-3.252747278748157,-1.4954152722512772
size_2f,9,follower,2,cusum_fgo_minus_cusum_ekf,-4.345203118212448,-0.4148778116381139,-1.2116193549126675,-0.4625607015741542
size_2f,9,pooled,0,cusum_fgo_minus_ekf,-9.587587682629028,-0.845460016571924,-4.648055445673459,-1.6820825866861346
size_2f,9,pooled,0,cusum_fgo_minus_fgo,-8.187530760645018,-0.8277309944946086,-3.2561642312832593,-1.4557423422857108
size_2f,9,pooled,0,cusum_fgo_minus_cusum_ekf,-4.345203118212448,-0.31877923134540265,-0.7689342714406402,-0.3389735860243839
size_2f,9,macro,0,cusum_fgo_minus_ekf,-7.859708723770127,-0.8454600165719239,-5.53635250662774,-1.6875109825379484
size_2f,9,macro,0,cusum_fgo_minus_fgo,-8.092633898933212,-0.8277309944946087,-3.2622023114616256,-1.4599154479251393
size_2f,9,macro,0,cusum_fgo_minus_cusum_ekf,-3.310583825816056,-0.3187792313454023,-0.6009493192672553,-0.34440939069753407
size_2f,10,follower,1,cusum_fgo_minus_ekf,-4.210348108656248,-0.6971032712061973,-5.465504050353186,-1.3049869429241447
size_2f,10,follower,1,cusum_fgo_minus_fgo,-1.9742715015123231,-0.6317264309974018,-3.6545533885216623,-0.9433408950928632
size_2f,10,follower,1,cusum_fgo_minus_cusum_ekf,-1.1711128111213327,-0.34515417007923155,-2.4804088287480117,-0.5119303382221305
size_2f,10,follower,2,cusum_fgo_minus_ekf,-0.7512429981515627,-0.61898733915539,-3.9027027290390333,-0.9522451121516196
size_2f,10,follower,2,cusum_fgo_minus_fgo,-0.21892088704912815,-0.6813992801143489,-3.6478600190180996,-0.9222933656910222
size_2f,10,follower,2,cusum_fgo_minus_cusum_ekf,-0.12390639161056072,-0.26287725940235585,-1.7845182194660048,-0.2616309544449653
size_2f,10,pooled,0,cusum_fgo_minus_ekf,-2.719228771197262,-0.6580453051807935,-4.445332607286248,-1.127727401551706
size_2f,10,pooled,0,cusum_fgo_minus_fgo,-0.4831521640533367,-0.6565628555558751,-3.6638845733438883,-0.9314243517514116
size_2f,10,pooled,0,cusum_fgo_minus_cusum_ekf,-0.12390639161056072,-0.3040157147407936,-1.9194881342570966,-0.3846786592341642
size_2f,10,macro,0,cusum_fgo_minus_ekf,-2.4807955534039046,-0.6580453051807937,-4.6841033896961095,-1.1286160275378823
size_2f,10,macro,0,cusum_fgo_minus_fgo,-1.0965961942807247,-0.6565628555558753,-3.6512067037698808,-0.9328171303919426
size_2f,10,macro,0,cusum_fgo_minus_cusum_ekf,-0.6475096013659467,-0.3040157147407936,-2.132463524107009,-0.3867806463335479
size_2f,11,follower,1,cusum_fgo_minus_ekf,-5.869340597255909,-0.774717984052695,-6.7632233433033715,-1.7044212550355278
size_2f,11,follower,1,cusum_fgo_minus_fgo,-7.211700091610408,-1.060926411842276,-4.556508398883729,-1.7433792167470838
size_2f,11,follower,1,cusum_fgo_minus_cusum_ekf,-3.9720810398316173,-0.2841557794983627,-0.7463541083873184,-0.6527256948168143
size_2f,11,follower,2,cusum_fgo_minus_ekf,-4.7315728668794055,-1.3228419326247762,-9.58096500515513,-2.6315163958916163
size_2f,11,follower,2,cusum_fgo_minus_fgo,-3.0888083625233307,-1.4079900594041768,-8.75494039482803,-2.329359799449318
size_2f,11,follower,2,cusum_fgo_minus_cusum_ekf,-15.724992961026137,-0.7281209713576191,-2.446473032103296,-2.3457412236083885
size_2f,11,pooled,0,cusum_fgo_minus_ekf,-4.7315728668794055,-1.048779958338735,-7.893582905357649,-2.2146103081952786
size_2f,11,pooled,0,cusum_fgo_minus_fgo,-3.0888083625233307,-1.234458235623226,-5.994610264208266,-2.0573319756760426
size_2f,11,pooled,0,cusum_fgo_minus_cusum_ekf,-15.724992961026137,-0.5061383754279909,-2.043932708097422,-1.6641798501620448
size_2f,11,macro,0,cusum_fgo_minus_ekf,-5.3004567320676585,-1.0487799583387356,-8.172094174229251,-2.167968825463572
size_2f,11,macro,0,cusum_fgo_minus_fgo,-5.1502542270668705,-1.2344582356232268,-6.655724396855879,-2.036369508098201
size_2f,11,macro,0,cusum_fgo_minus_cusum_ekf,-9.848537000428877,-0.5061383754279909,-1.596413570245307,-1.4992334592126015
size_2f,12,follower,1,cusum_fgo_minus_ekf,-6.3414788628740695,-0.8373283366079622,-7.219884656494285,-1.8265321157477585
size_2f,12,follower,1,cusum_fgo_minus_fgo,-1.904115281416873,-0.6237018843348092,-2.7647762666073006,-0.9744351385069454
size_2f,12,follower,1,cusum_fgo_minus_cusum_ekf,-1.7536844988874822,-0.2575866859210387,-0.14424074068658266,-0.27034541903816467
size_2f,12,follower,2,cusum_fgo_minus_ekf,-5.193771645425991,-0.5956131152319173,-4.0677706352530105,-1.2336483152319095
size_2f,12,follower,2,cusum_fgo_minus_fgo,-3.5739076947888604,-0.8144848952952599,-3.7454420238701345,-1.3099461812555333
size_2f,12,follower,2,cusum_fgo_minus_cusum_ekf,-3.8766781324274016,-0.11107456266611426,-0.7428394812310333,-0.301322508698999
size_2f,12,pooled,0,cusum_fgo_minus_ekf,-6.3414788628740695,-0.7164707259199399,-4.494938628552893,-1.5574716393556727
size_2f,12,pooled,0,cusum_fgo_minus_fgo,-1.904115281416873,-0.7190933898150345,-3.597175352516589,-1.1280960686174584
size_2f,12,pooled,0,cusum_fgo_minus_cusum_ekf,-1.7536844988874822,-0.1843306242935765,-0.7657733343219846,-0.2818007586265696
size_2f,12,macro,0,cusum_fgo_minus_ekf,-5.76762525415003,-0.7164707259199397,-5.643827645873648,-1.5300902154898344
size_2f,12,macro,0,cusum_fgo_minus_fgo,-2.739011488102868,-0.7190933898150347,-3.255109145238718,-1.1421906598812397
size_2f,12,macro,0,cusum_fgo_minus_cusum_ekf,-2.8151813156574423,-0.1843306242935765,-0.44354011095880796,-0.28583396386858206
size_2f,13,follower,1,cusum_fgo_minus_ekf,-2.6648485332187493,-0.16135719473578547,-1.7152776809080112,-0.4115108215217864
size_2f,13,follower,1,cusum_fgo_minus_fgo,-0.9184179476244596,-0.40379120035138105,-1.241652445624318,-0.44538344030953825
size_2f,13,follower,1,cusum_fgo_minus_cusum_ekf,-9.359243969505343,-0.1707272921420302,-0.5449880631351505,-0.8304062579087601
size_2f,13,follower,2,cusum_fgo_minus_ekf,-9.60234894503764,-1.1289295861866129,-7.0371070216249905,-2.2932449556866557
size_2f,13,follower,2,cusum_fgo_minus_fgo,-8.006656713312386,-1.1574424131166903,-6.477849018833735,-2.1473501253217817
size_2f,13,follower,2,cusum_fgo_minus_cusum_ekf,-7.932873852214355,-0.6489902360925933,-3.4495792514092822,-1.2771251492587565
size_2f,13,pooled,0,cusum_fgo_minus_ekf,-8.177650113904413,-0.6451433904611994,-4.803812927027719,-1.3084513836375633
size_2f,13,pooled,0,cusum_fgo_minus_fgo,-6.581957882179158,-0.7806168067340358,-3.366318401187068,-1.240895567029641
size_2f,13,pooled,0,cusum_fgo_minus_cusum_ekf,-9.359243969505343,-0.4098587641173119,-1.9852417657478023,-0.9915978991891206
size_2f,13,macro,0,cusum_fgo_minus_ekf,-6.133598739128196,-0.6451433904611992,-4.376192351266501,-1.3523778886042206
size_2f,13,macro,0,cusum_fgo_minus_fgo,-4.4625373304684235,-0.7806168067340356,-3.8597507322290268,-1.2963667828156598
size_2f,13,macro,0,cusum_fgo_minus_cusum_ekf,-8.64605891085985,-0.4098587641173117,-1.9972836572722166,-1.0537657035837582
size_2f,14,follower,1,cusum_fgo_minus_ekf,-6.604255001402214,-0.5395161583907777,-1.178336903484583,-1.1282128940749034
size_2f,14,follower,1,cusum_fgo_minus_fgo,-1.412833905529899,-0.4931690711441301,-2.1973759813522546,-0.6991966299146446
size_2f,14,follower,1,cusum_fgo_minus_cusum_ekf,-0.11893595387468281,-0.2815484399291406,-0.21058071785681198,-0.174575792191902
size_2f,14,follower,2,cusum_fgo_minus_ekf,-7.320742188210357,-0.7822394391864318,-3.7502014292894073,-1.336154974800558
size_2f,14,follower,2,cusum_fgo_minus_fgo,-5.640446431161614,-0.5887889508075987,-2.996961698576966,-1.0621874061752725
size_2f,14,follower,2,cusum_fgo_minus_cusum_ekf,-6.879995065246728,-0.7184574375920496,-3.676356536215712,-1.2160950295263786
size_2f,14,pooled,0,cusum_fgo_minus_ekf,-6.604255001402214,-0.660877798788605,-2.7957053513964105,-1.215936525494464
size_2f,14,pooled,0,cusum_fgo_minus_fgo,-1.412833905529899,-0.5409790109758645,-2.6189584312213583,-0.8619138163685225
size_2f,14,pooled,0,cusum_fgo_minus_cusum_ekf,-1.3656064103698267,-0.5000029387605955,-1.5641380754591752,-0.6965776031864817
size_2f,14,macro,0,cusum_fgo_minus_ekf,-6.962498594806285,-0.6608777987886048,-2.464269166386995,-1.2321839344377303
size_2f,14,macro,0,cusum_fgo_minus_fgo,-3.5266401683457564,-0.5409790109758643,-2.5971688399646102,-0.8806920180449587
size_2f,14,macro,0,cusum_fgo_minus_cusum_ekf,-3.4994655095607046,-0.5000029387605951,-1.9434686270362618,-0.6953354108591401
size_2f,15,follower,1,cusum_fgo_minus_ekf,-3.142535373283833,-0.34756963689186904,-2.750763975137693,-0.6596496841168558
size_2f,15,follower,1,cusum_fgo_minus_fgo,-0.4105071665875055,-0.5136635172640889,-2.041055506748305,-0.6539811965795626
size_2f,15,follower,1,cusum_fgo_minus_cusum_ekf,-5.588493862644388,-0.31361021789083887,-2.8141238459342843,-0.7851638559305216
size_2f,15,follower,2,cusum_fgo_minus_ekf,-0.09609157673383706,-0.6236159005268449,-5.735818361000667,-1.0846483633309427
size_2f,15,follower,2,cusum_fgo_minus_fgo,1.3466767447583408,-0.6845073110108473,-4.591761733022114,-0.916246946531861
size_2f,15,follower,2,cusum_fgo_minus_cusum_ekf,-10.611788162380662,-0.534252377698661,-2.831989949608249,-1.4201030520929598
size_2f,15,pooled,0,cusum_fgo_minus_ekf,-0.09609157673383706,-0.4855927687093571,-4.074489880436852,-0.8874349948749443
size_2f,15,pooled,0,cusum_fgo_minus_fgo,1.3466767447583408,-0.599085414137468,-2.9183338707757795,-0.7925172731457792
size_2f,15,pooled,0,cusum_fgo_minus_cusum_ekf,-10.611788162380662,-0.4239312977947496,-2.915623542703511,-1.1296369303984177
size_2f,15,macro,0,cusum_fgo_minus_ekf,-1.619313475008834,-0.48559276870935686,-4.243291168069179,-0.8721490237238991
size_2f,15,macro,0,cusum_fgo_minus_fgo,0.46808478908541673,-0.5990854141374682,-3.316408619885209,-0.7851140715557117
size_2f,15,macro,0,cusum_fgo_minus_cusum_ekf,-8.100141012512523,-0.42393129779475003,-2.8230568977712664,-1.1026334540117406
size_2f,16,follower,1,cusum_fgo_minus_ekf,-2.893290958831665,-0.5288087172422684,-2.499172803685088,-0.8195275523500998
size_2f,16,follower,1,cusum_fgo_minus_fgo,-4.928420888395012,-0.5922086012720744,-2.091106796029477,-0.9944910923719879
size_2f,16,follower,1,cusum_fgo_minus_cusum_ekf,-0.43720425534822915,-0.33931879413303156,-1.2111544282038795,-0.3805835435727345
size_2f,16,follower,2,cusum_fgo_minus_ekf,-6.927923593647787,-0.7305220487011942,-3.8504492541318918,-1.4791985431985286
size_2f,16,follower,2,cusum_fgo_minus_fgo,-4.513708947061737,-0.6594434283560987,-3.366037651397818,-1.2196485722493327
size_2f,16,follower,2,cusum_fgo_minus_cusum_ekf,-2.6315169620705614,-0.32345143772630547,-1.7156529531755245,-0.5129681574228213
size_2f,16,pooled,0,cusum_fgo_minus_ekf,-3.268333312887421,-0.6296653829717316,-3.0924612415633206,-1.115850595264911
size_2f,16,pooled,0,cusum_fgo_minus_fgo,-4.928420888395012,-0.6258260148140864,-2.823906914300683,-1.0809918050281178
size_2f,16,pooled,0,cusum_fgo_minus_cusum_ekf,-0.43720425534822915,-0.33138511592966857,-1.4939746347109637,-0.42888552331589436
size_2f,16,macro,0,cusum_fgo_minus_ekf,-4.910607276239727,-0.6296653829717311,-3.17481102890849,-1.1493630477743142
size_2f,16,macro,0,cusum_fgo_minus_fgo,-4.7210649177283734,-0.6258260148140866,-2.7285722237136474,-1.1070698323106603
size_2f,16,macro,0,cusum_fgo_minus_cusum_ekf,-1.5343606087093953,-0.33138511592966835,-1.4634036906897023,-0.4467758504977779
size_2f,17,follower,1,cusum_fgo_minus_ekf,-5.4063390474577195,-0.2648696529731467,-2.476799101618244,-0.7349497236716973
size_2f,17,follower,1,cusum_fgo_minus_fgo,-2.2413189197128176,-0.7407501488059902,-4.221663818832042,-1.1375350093901264
size_2f,17,follower,1,cusum_fgo_minus_cusum_ekf,-2.7908475389437664,-0.028133610370305817,-1.0684422654716248,-0.2270310433701508
size_2f,17,follower,2,cusum_fgo_minus_ekf,-8.023627516768833,-1.047541305562675,-8.219712462319446,-2.354642126126032
size_2f,17,follower,2,cusum_fgo_minus_fgo,-7.505412548318386,-1.197462069276325,-7.478569626368691,-2.231460621513253
size_2f,17,follower,2,cusum_fgo_minus_cusum_ekf,-3.1486654886391596,-0.26506875876716773,-1.1320353435295893,-0.4941050335457329
size_2f,17,pooled,0,cusum_fgo_minus_ekf,-7.185250491480397,-0.6562054792679108,-6.112154228509957,-1.562465639585451
size_2f,17,pooled,0,cusum_fgo_minus_fgo,-6.667035523029949,-0.9691061090411577,-4.987524596554596,-1.6666259102168126
size_2f,17,pooled,0,cusum_fgo_minus_cusum_ekf,-2.7908475389437664,-0.14660118456873672,-0.9785130349498692,-0.33806683169897855
size_2f,17,macro,0,cusum_fgo_minus_ekf,-6.714983282113277,-0.6562054792679108,-5.348255781968844,-1.5447959248988647
size_2f,17,macro,0,cusum_fgo_minus_fgo,-4.873365734015602,-0.9691061090411577,-5.850116722600366,-1.68449781545169
size_2f,17,macro,0,cusum_fgo_minus_cusum_ekf,-2.969756513791463,-0.14660118456873672,-1.1002388045006066,-0.36056803845794194
size_2f,18,follower,1,cusum_fgo_minus_ekf,0.49198351794362516,-0.417756264063484,-2.601827524349148,-0.4967711996774926
size_2f,18,follower,1,cusum_fgo_minus_fgo,0.390973714725976,-0.3613994389445514,-2.6635836949682536,-0.44165023599374464
size_2f,18,follower,1,cusum_fgo_minus_cusum_ekf,-10.486724960364365,-0.5610468123916159,-2.7102001591212597,-1.379194570188171
size_2f,18,follower,2,cusum_fgo_minus_ekf,-7.800178639035567,-0.6587929425709018,-4.529940796918685,-1.5772974137912599
size_2f,18,follower,2,cusum_fgo_minus_fgo,-6.8193734324629185,-0.7593481640353672,-3.3460715340690337,-1.432078578769265
size_2f,18,follower,2,cusum_fgo_minus_cusum_ekf,-4.667922553207968,-0.3331571043888586,-2.208284670918305,-0.7246312847328504
size_2f,18,pooled,0,cusum_fgo_minus_ekf,-5.287499995510476,-0.538274603317193,-3.274225106630398,-1.0591078661571027
size_2f,18,pooled,0,cusum_fgo_minus_fgo,-4.306694788937827,-0.5603738014899595,-3.0331921054135402,-0.9533508303832832
size_2f,18,pooled,0,cusum_fgo_minus_cusum_ekf,-10.486724960364365,-0.4471019583902376,-2.4758417215204562,-1.0896632419226984
size_2f,18,macro,0,cusum_fgo_minus_ekf,-3.6540975605459725,-0.538274603317193,-3.5658841606339164,-1.037034306734376
size_2f,18,macro,0,cusum_fgo_minus_fgo,-3.214199858868472,-0.5603738014899593,-3.0048276145186437,-0.9368644073815044
size_2f,18,macro,0,cusum_fgo_minus_cusum_ekf,-7.577323756786166,-0.44710195839023736,-2.4592424150197827,-1.0519129274605108
size_2f,19,follower,1,cusum_fgo_minus_ekf,-3.3514692101710626,-0.5844846370846644,-3.1421925411413487,-0.9697584861460105
size_2f,19,follower,1,cusum_fgo_minus_fgo,-3.7618281342987494,-0.6791343807129926,-3.4375281034390244,-1.0748572769443505
size_2f,19,follower,1,cusum_fgo_minus_cusum_ekf,-4.973211007233649,-0.43555137659926935,-2.3156906856498636,-0.7488677470734413
size_2f,19,follower,2,cusum_fgo_minus_ekf,-10.149318347073805,-1.1556418646988411,-9.336437337632006,-2.5189581492343023
size_2f,19,follower,2,cusum_fgo_minus_fgo,-10.350951442295584,-1.2417944439256834,-6.885465521773571,-2.445949094331824
size_2f,19,follower,2,cusum_fgo_minus_cusum_ekf,-5.5108709964942015,-0.43472157790266663,-1.9444276911395355,-0.8639489130754824
size_2f,19,pooled,0,cusum_fgo_minus_ekf,-8.792918944721906,-0.8700632508917525,-4.65671548928458,-1.8079188904861734
size_2f,19,pooled,0,cusum_fgo_minus_fgo,-8.994552039943684,-0.960464412319338,-4.239856269038626,-1.8054489186895177
size_2f,19,pooled,0,cusum_fgo_minus_cusum_ekf,-4.973211007233649,-0.43513647725096827,-2.203923738530097,-0.8000900873420287
size_2f,19,macro,0,cusum_fgo_minus_ekf,-6.750393778622434,-0.8700632508917525,-6.239314939386676,-1.7443583176901563
size_2f,19,macro,0,cusum_fgo_minus_fgo,-7.0563897882971665,-0.960464412319338,-5.1614968126062974,-1.760403185638087
size_2f,19,macro,0,cusum_fgo_minus_cusum_ekf,-5.242041001863925,-0.4351364772509678,-2.130059188394699,-0.8064083300744618
size_2f,20,follower,1,cusum_fgo_minus_ekf,-5.583847940959684,-0.08814093523291566,-0.6998791156030886,-0.6191825454183313
size_2f,20,follower,1,cusum_fgo_minus_fgo,0.1834733927687413,-0.37060183376012623,-1.5978917273650075,-0.42240277373747226
size_2f,20,follower,1,cusum_fgo_minus_cusum_ekf,0.2727593469252696,0.2071542123649659,0.35430220320514394,0.2370365179006193
size_2f,20,follower,2,cusum_fgo_minus_ekf,-8.39931292212032,-0.7669664672920078,-4.618097530542883,-1.5750096020559594
size_2f,20,follower,2,cusum_fgo_minus_fgo,-6.487210373954281,-0.817848090041857,-4.521173169963855,-1.4414675146893727
size_2f,20,follower,2,cusum_fgo_minus_cusum_ekf,-5.281881047315957,-0.5060158331619191,-2.704968174483491,-0.9282904718607705
size_2f,20,pooled,0,cusum_fgo_minus_ekf,-5.583847940959684,-0.4275537012624615,-3.9003552316082355,-1.0607376143483807
size_2f,20,pooled,0,cusum_fgo_minus_fgo,-2.44526128797839,-0.5942249619009914,-3.329870639561547,-0.8974859586497659
size_2f,20,pooled,0,cusum_fgo_minus_cusum_ekf,-1.2399319613400657,-0.1494308103984765,-1.7335691130055975,-0.3197412700659856
size_2f,20,macro,0,cusum_fgo_minus_ekf,-6.991580431540001,-0.42755370126246195,-2.658988323072985,-1.0970960737371453
size_2f,20,macro,0,cusum_fgo_minus_fgo,-3.1518684905927703,-0.5942249619009918,-3.059532448664431,-0.9319351442134223
size_2f,20,macro,0,cusum_fgo_minus_cusum_ekf,-2.504560850195343,-0.14943081039847672,-1.175332985639173,-0.3456269769800757
size_2f,21,follower,1,cusum_fgo_minus_ekf,-1.9293469765174436,-0.0036596239448740686,-1.8304763201331924,-0.4380053947782323
size_2f,21,follower,1,cusum_fgo_minus_fgo,-2.338163127464931,-0.6748266591302352,-2.7261133072994634,-0.9245301472337513
size_2f,21,follower,1,cusum_fgo_minus_cusum_ekf,0.39296286836553307,0.4087077334381093,0.49304869444374955,0.38380016246584736
size_2f,21,follower,2,cusum_fgo_minus_ekf,-10.739980686096324,-0.8069329087939177,-7.3754000681249945,-1.9613329914055708
size_2f,21,follower,2,cusum_fgo_minus_fgo,-9.00606778895838,-1.1088613738401039,-5.777971135968727,-1.8748090338643706
size_2f,21,follower,2,cusum_fgo_minus_cusum_ekf,-6.898177181146927,-0.15580009992262167,-1.4281098110738029,-0.48303012551791746
size_2f,21,pooled,0,cusum_fgo_minus_ekf,-5.687854023767887,-0.405296266369396,-5.779477139671568,-1.168089256075882
size_2f,21,pooled,0,cusum_fgo_minus_fgo,-3.9539411266299425,-0.8918440164851698,-4.422107597255824,-1.3500456409959365
size_2f,21,pooled,0,cusum_fgo_minus_cusum_ekf,-1.8460505188184904,0.1264538167577438,-0.6065099092034862,0.00034222939490780035
size_2f,21,macro,0,cusum_fgo_minus_ekf,-6.334663831306884,-0.405296266369396,-4.602938194129094,-1.1996691930919012
size_2f,21,macro,0,cusum_fgo_minus_fgo,-5.672115458211655,-0.8918440164851693,-4.252042221634095,-1.399669590549061
size_2f,21,macro,0,cusum_fgo_minus_cusum_ekf,-3.252607156390697,0.1264538167577438,-0.46753055831502666,-0.04961498152603494
size_2f,22,follower,1,cusum_fgo_minus_ekf,-4.537310304714588,-0.8057155550724089,-5.733986741486087,-1.4407212724711405
size_2f,22,follower,1,cusum_fgo_minus_fgo,-4.429512541706585,-0.5913753553049363,-2.9700398046020466,-1.0044220210023986
size_2f,22,follower,1,cusum_fgo_minus_cusum_ekf,-1.6445708544071733,-0.3941251816586544,-1.3157995958172122,-0.49900901124416475
size_2f,22,follower,2,cusum_fgo_minus_ekf,-3.0491631976809144,-0.4477374826946159,-2.668084707117936,-0.7903156145655577
size_2f,22,follower,2,cusum_fgo_minus_fgo,-2.257949125692602,-0.5334338533599761,-2.6295174771565275,-0.841045309035032
size_2f,22,follower,2,cusum_fgo_minus_cusum_ekf,-7.07841013767503,-0.306855331401231,-1.187547396401597,-0.6642761690631054
size_2f,22,pooled,0,cusum_fgo_minus_ekf,-4.537310304714588,-0.626726518883512,-3.4740365679907477,-1.143064690852245
size_2f,22,pooled,0,cusum_fgo_minus_fgo,-4.429512541706585,-0.5624046043324564,-2.7982976421519945,-0.9254858163669213
size_2f,22,pooled,0,cusum_fgo_minus_cusum_ekf,-4.208907079764406,-0.35049025652994237,-1.2706428052881742,-0.5816129646849726
size_2f,22,macro,0,cusum_fgo_minus_ekf,-3.7932367511977514,-0.6267265188835123,-4.201035724302011,-1.115518443518349
size_2f,22,macro,0,cusum_fgo_minus_fgo,-3.3437308336995937,-0.5624046043324562,-2.7997786408792877,-0.9227336650187152
size_2f,22,macro,0,cusum_fgo_minus_cusum_ekf,-4.361490496041103,-0.3504902565299428,-1.251673496109405,-0.5816425901536348
size_2f,23,follower,1,cusum_fgo_minus_ekf,-4.556967225532128,-0.5107614601094632,-4.322668810271445,-1.0720487456492749
size_2f,23,follower,1,cusum_fgo_minus_fgo,-2.2587519456988137,-0.5023320092839278,-2.5933943925199787,-0.7471365110283736
size_2f,23,follower,1,cusum_fgo_minus_cusum_ekf,-0.8961669901377567,-0.1688141264520342,-1.0218962630812531,-0.25126343845353216
size_2f,23,follower,2,cusum_fgo_minus_ekf,8.29727371521323,0.3649949324528674,-0.7093013721384134,0.08360682331523872
size_2f,23,follower,2,cusum_fgo_minus_fgo,8.660537708857662,0.0907340854297698,-0.6759431240624814,0.06448642743627753
size_2f,23,follower,2,cusum_fgo_minus_cusum_ekf,8.273338732609382,-0.14249946907191235,-1.9090213203644453,-0.3208946174370344
size_2f,23,pooled,0,cusum_fgo_minus_ekf,8.29727371521323,-0.0728832638282979,-1.3540145097679201,-0.4114049391814538
size_2f,23,pooled,0,cusum_fgo_minus_fgo,8.660537708857662,-0.20579896192707903,-1.0637464286959788,-0.26441419651192555
size_2f,23,pooled,0,cusum_fgo_minus_cusum_ekf,8.273338732609382,-0.1556567977619734,-1.2891977842264981,-0.2846486966189461
size_2f,23,macro,0,cusum_fgo_minus_ekf,1.8701532448405516,-0.0728832638282979,-2.5159850912049295,-0.4942209611670181
size_2f,23,macro,0,cusum_fgo_minus_fgo,3.200892881579424,-0.20579896192707903,-1.6346687582912303,-0.34132504179604806
size_2f,23,macro,0,cusum_fgo_minus_cusum_ekf,3.688585871235814,-0.1556567977619734,-1.465458791722849,-0.28607902794528317
size_2f,24,follower,1,cusum_fgo_minus_ekf,-3.473051894903917,-0.7713850687055323,-4.4463556686421235,-1.2601927934321853
size_2f,24,follower,1,cusum_fgo_minus_fgo,-0.54790090458153,-0.5817338454565987,-2.3987416143369766,-0.8230393684759991
size_2f,24,follower,1,cusum_fgo_minus_cusum_ekf,-5.744813111444629,-0.5285419178563461,-0.8288116678884485,-0.972581590313558
size_2f,24,follower,2,cusum_fgo_minus_ekf,-5.991287105465048,-0.5409435031547161,-3.5278772959242173,-1.224082706265534
size_2f,24,follower,2,cusum_fgo_minus_fgo,-3.6739892337862816,-0.6204154708324676,-2.633702716705853,-1.0243541282443218
size_2f,24,follower,2,cusum_fgo_minus_cusum_ekf,-0.5940191289581138,-0.22939158959465278,-2.4502727042865273,-0.47877758046754537
size_2f,24,pooled,0,cusum_fgo_minus_ekf,-5.991287105465048,-0.6561642859301242,-3.7337220971541982,-1.2412733794564925
size_2f,24,pooled,0,cusum_fgo_minus_fgo,-3.6739892337862816,-0.6010746581445332,-2.4541353569788646,-0.9279552205711821
size_2f,24,pooled,0,cusum_fgo_minus_cusum_ekf,-5.414963324972092,-0.37896675372549926,-1.893951354051127,-0.73383624233887
size_2f,24,macro,0,cusum_fgo_minus_ekf,-4.732169500184481,-0.6561642859301242,-3.9871164822831706,-1.24213774984886
size_2f,24,macro,0,cusum_fgo_minus_fgo,-2.110945069183906,-0.6010746581445332,-2.5162221655214148,-0.9236967483601606
size_2f,24,macro,0,cusum_fgo_minus_cusum_ekf,-3.1694161202013706,-0.3789667537254995,-1.6395421860874877,-0.7256795853905516
size_2f,25,follower,1,cusum_fgo_minus_ekf,-5.72543963957905,-0.9333743398149403,-5.795591150731024,-1.6752278855222165
size_2f,25,follower,1,cusum_fgo_minus_fgo,-5.277534977663792,-0.9893218576397675,-4.216205702658284,-1.6418971298697516
size_2f,25,follower,1,cusum_fgo_minus_cusum_ekf,-1.9071774829481418,-0.5229324554854728,-1.6461587155350008,-0.6400228148494078
size_2f,25,follower,2,cusum_fgo_minus_ekf,-4.628040311169922,-1.0662002507828574,-7.316621448650311,-2.0669887869710606
size_2f,25,follower,2,cusum_fgo_minus_fgo,-3.3808778758130202,-1.0932516117545936,-5.859463258046224,-1.78954968049147
size_2f,25,follower,2,cusum_fgo_minus_cusum_ekf,-1.7945814741584183,-0.3105571495643433,-1.3502991355824956,-0.3720875420098839
size_2f,25,pooled,0,cusum_fgo_minus_ekf,-5.533649565725538,-0.9997872952988989,-6.880935947825454,-1.880521139091213
size_2f,25,pooled,0,cusum_fgo_minus_fgo,-5.08574490381028,-1.0412867346971808,-5.2714040315338035,-1.7172644700427333
size_2f,25,pooled,0,cusum_fgo_minus_cusum_ekf,-1.7945814741584183,-0.4167448025249081,-1.4861928926693468,-0.506408701233853
size_2f,25,macro,0,cusum_fgo_minus_ekf,-5.176739975374485,-0.9997872952988989,-6.556106299690667,-1.8711083362466385
size_2f,25,macro,0,cusum_fgo_minus_fgo,-4.329206426738406,-1.0412867346971806,-5.037834480352254,-1.7157234051806105
size_2f,25,macro,0,cusum_fgo_minus_cusum_ekf,-1.8508794785532796,-0.4167448025249081,-1.4982289255587484,-0.5060551784296459
size_2f,26,follower,1,cusum_fgo_minus_ekf,-8.657461412763817,-0.6917544123794996,-3.288553112471468,-1.620023831186569
size_2f,26,follower,1,cusum_fgo_minus_fgo,-2.344289097503191,-0.5600217356840655,-2.732386645079943,-0.9363017535441951
size_2f,26,follower,1,cusum_fgo_minus_cusum_ekf,-5.298378312525921,-0.4683196575006505,-1.9901667846731925,-1.0044097272304857
size_2f,26,follower,2,cusum_fgo_minus_ekf,-9.87130091615066,-1.1146145315644662,-5.69860298841397,-2.230230556182793
size_2f,26,follower,2,cusum_fgo_minus_fgo,-8.344292225565026,-1.052866682694954,-5.354225387160836,-1.9961283209560257
size_2f,26,follower,2,cusum_fgo_minus_cusum_ekf,-4.13848273584242,-0.5970422452720632,-2.9917751303747666,-0.9277367593144608
size_2f,26,pooled,0,cusum_fgo_minus_ekf,-8.657461412763817,-0.903184471971983,-4.770561448790424,-1.909459447879448
size_2f,26,pooled,0,cusum_fgo_minus_fgo,-7.088476111235273,-0.8064442091895094,-4.522948185709108,-1.4714340744310672
size_2f,26,pooled,0,cusum_fgo_minus_cusum_ekf,-5.298378312525921,-0.5326809513863568,-2.632475790921134,-0.961436687620759
size_2f,26,macro,0,cusum_fgo_minus_ekf,-9.264381164457237,-0.903184471971983,-4.49357805044272,-1.9251271936846808
size_2f,26,macro,0,cusum_fgo_minus_fgo,-5.3442906615341075,-0.8064442091895099,-4.04330601612039,-1.4662150372501104
size_2f,26,macro,0,cusum_fgo_minus_cusum_ekf,-4.71843052418417,-0.5326809513863568,-2.4909709575239796,-0.9660732432724732
size_2f,27,follower,1,cusum_fgo_minus_ekf,3.4295162026668073,-0.08991179963225271,-1.9538410855302817,-0.044432572598089415
size_2f,27,follower,1,cusum_fgo_minus_fgo,1.9272636813146722,-0.25561294517896127,-1.241430286223006,-0.17622490557217452
size_2f,27,follower,1,cusum_fgo_minus_cusum_ekf,2.155274575369001,0.1251326706665259,0.4670471098981346,0.2788990949518444
size_2f,27,follower,2,cusum_fgo_minus_ekf,-3.9911728708742653,-0.5991896992001999,-3.606865670999327,-1.0710369064881713
size_2f,27,follower,2,cusum_fgo_minus_fgo,-2.548460991341432,-0.5864587020682608,-2.6763459092829036,-0.9132723208279603
size_2f,27,follower,2,cusum_fgo_minus_cusum_ekf,-2.851649275213681,-0.29821446835824483,-1.5562119038820992,-0.5122189694551669
size_2f,27,pooled,0,cusum_fgo_minus_ekf,3.4295162026668073,-0.34455074941622654,-3.013661490936803,-0.45507288077352914
size_2f,27,pooled,0,cusum_fgo_minus_fgo,1.9272636813146722,-0.42103582362361136,-2.2115597306748738,-0.4516760124998722
size_2f,27,pooled,0,cusum_fgo_minus_cusum_ekf,2.155274575369001,-0.08654089884585958,-0.7547915824307254,-0.02310255666591776
size_2f,27,macro,0,cusum_fgo_minus_ekf,-0.2808283341037292,-0.3445507494162263,-2.780353378264804,-0.5577347395431302
size_2f,27,macro,0,cusum_fgo_minus_fgo,-0.31059865501338013,-0.4210358236236109,-1.958888097752955,-0.5447486132000674
size_2f,27,macro,0,cusum_fgo_minus_cusum_ekf,-0.34818734992234024,-0.08654089884585936,-0.5445823969919825,-0.11665993725166102
size_2f,28,follower,1,cusum_fgo_minus_ekf,2.9217622397317147,0.5509673385534739,1.4550665389979462,0.8059950380530707
size_2f,28,follower,1,cusum_fgo_minus_fgo,2.934720051220781,0.4421281959283112,1.7310557688526913,0.6915310720539933
size_2f,28,follower,1,cusum_fgo_minus_cusum_ekf,-8.709090238958563,-0.5469364077305858,-3.0494281235917358,-1.1502742542207884
size_2f,28,follower,2,cusum_fgo_minus_ekf,-6.835144139604437,-0.800732997437029,-6.898185214623091,-1.9841764622481326
size_2f,28,follower,2,cusum_fgo_minus_fgo,-6.36153340682439,-1.0699578964710348,-5.303305830057802,-1.8557813790861861
size_2f,28,follower,2,cusum_fgo_minus_cusum_ekf,-3.881573160803131,-0.04044235770505389,-0.7305455694954905,-0.325516887041734
size_2f,28,pooled,0,cusum_fgo_minus_ekf,-1.6818713481349974,-0.12488282944177742,-2.36003755836063,-0.5573116119006012
size_2f,28,pooled,0,cusum_fgo_minus_fgo,-1.2082606153549502,-0.3139148502713618,-1.228585320278314,-0.524359808595396
size_2f,28,pooled,0,cusum_fgo_minus_cusum_ekf,-8.709090238958563,-0.29368938271781975,-1.9800257179446277,-0.8332562113221549
size_2f,28,macro,0,cusum_fgo_minus_ekf,-1.9566909499363625,-0.12488282944177742,-2.7215593378125726,-0.5890907120975308
size_2f,28,macro,0,cusum_fgo_minus_fgo,-1.713406677801805,-0.3139148502713618,-1.7861250306025553,-0.5821251535160963
size_2f,28,macro,0,cusum_fgo_minus_cusum_ekf,-6.2953316998808475,-0.29368938271781975,-1.8899868465436134,-0.7378955706312613
size_2f,29,follower,1,cusum_fgo_minus_ekf,-2.982708764231967,-0.04785162498474538,-3.7770396365375256,-0.5143797091727853
size_2f,29,follower,1,cusum_fgo_minus_fgo,-2.3898412556997304,-0.4353722090460297,-2.8398100062154614,-0.6767846379512861
size_2f,29,follower,1,cusum_fgo_minus_cusum_ekf,2.0458657761625734,0.370242192379006,0.49688596071250357,0.4138827365336468
size_2f,29,follower,2,cusum_fgo_minus_ekf,-5.621591354447915,-0.9549080610915311,-4.920503452051331,-1.7051846516452822
size_2f,29,follower,2,cusum_fgo_minus_fgo,-8.06372760692499,-0.8554440233577486,-3.9014924408976173,-1.6575537430365443
size_2f,29,follower,2,cusum_fgo_minus_cusum_ekf,-2.3027487434256235,-0.41356999682002293,-1.6415436354834776,-0.524385431487572
size_2f,29,pooled,0,cusum_fgo_minus_ekf,-2.982708764231967,-0.5013798430381382,-4.513098264365473,-1.0179245518304805
size_2f,29,pooled,0,cusum_fgo_minus_fgo,-4.297516300188821,-0.6454081162018892,-3.6415795054132665,-1.0755802215100345
size_2f,29,pooled,0,cusum_fgo_minus_cusum_ekf,1.4634625633105456,-0.02166390222050829,-0.7131000365233393,0.03499589724848473
size_2f,29,macro,0,cusum_fgo_minus_ekf,-4.302150059339941,-0.5013798430381384,-4.348771544294428,-1.1097821804090338
size_2f,29,macro,0,cusum_fgo_minus_fgo,-5.226784431312361,-0.6454081162018892,-3.37065122355654,-1.167169190493915
size_2f,29,macro,0,cusum_fgo_minus_cusum_ekf,-0.12844148363152552,-0.021663902220508513,-0.5723288373854869,-0.0552513474769627
size_2f,30,follower,1,cusum_fgo_minus_ekf,-5.772780604814657,-0.7130221267496857,-4.548555936675811,-1.3478131265769024
size_2f,30,follower,1,cusum_fgo_minus_fgo,-3.734072859960385,-0.6877311147652501,-2.5475470249541403,-1.027363033571542
size_2f,30,follower,1,cusum_fgo_minus_cusum_ekf,-3.2824009106971532,-0.2816689273962687,-0.4078640219196692,-0.3529772035232177
size_2f,30,follower,2,cusum_fgo_minus_ekf,-5.550421826762477,-0.753153433815281,-6.673376529104927,-1.5330566793104843
size_2f,30,follower,2,cusum_fgo_minus_fgo,-6.010594974376694,-0.8035198098668155,-4.457954111443344,-1.4395998935108316
size_2f,30,follower,2,cusum_fgo_minus_cusum_ekf,-7.538263847702762,-0.36524211215625235,-1.290677357598221,-0.9476942452955603
size_2f,30,pooled,0,cusum_fgo_minus_ekf,-5.550421826762477,-0.7330877802824831,-5.3596118941479025,-1.4433094526878765
size_2f,30,pooled,0,cusum_fgo_minus_fgo,-6.010594974376694,-0.7456254623160323,-3.5968815211571767,-1.2483264257667972
size_2f,30,pooled,0,cusum_fgo_minus_cusum_ekf,-7.538263847702762,-0.3234555197762605,-1.042050725958685,-0.6873495510214136
size_2f,30,macro,0,cusum_fgo_minus_ekf,-5.661601215788567,-0.7330877802824833,-5.6109662328903696,-1.4404349029436934
size_2f,30,macro,0,cusum_fgo_minus_fgo,-4.87233391716854,-0.7456254623160328,-3.5027505681987425,-1.233481463541187
size_2f,30,macro,0,cusum_fgo_minus_cusum_ekf,-5.410332379199957,-0.3234555197762605,-0.8492706897589453,-0.650335724409389
size_2f,31,follower,1,cusum_fgo_minus_ekf,1.9668374197434702,0.05032185413291623,-1.1399759273993069,0.029335412952230744
size_2f,31,follower,1,cusum_fgo_minus_fgo,3.161050683825981,-0.27593965294290657,-1.5322018614681059,-0.21879295607153004
size_2f,31,follower,1,cusum_fgo_minus_cusum_ekf,-6.379662113612024,-0.0465241726095309,-1.0831914232673845,-0.355181038534512
size_2f,31,follower,2,cusum_fgo_minus_ekf,-8.495386725036077,-0.49869827748396345,-8.355306489171635,-1.6145964107775934
size_2f,31,follower,2,cusum_fgo_minus_fgo,-10.231247846427356,-0.9870023362504532,-5.354060136782264,-1.8647654648377276
size_2f,31,follower,2,cusum_fgo_minus_cusum_ekf,-4.042745580550628,-0.016447805840873464,-2.026735547970856,-0.39965005316318214
size_2f,31,pooled,0,cusum_fgo_minus_ekf,-4.4888432163117695,-0.22418821167552339,-2.350955187634969,-0.821778108100014
size_2f,31,pooled,0,cusum_fgo_minus_fgo,-6.224704337703049,-0.6314709945966792,-2.302321665985061,-1.0672336518463252
size_2f,31,pooled,0,cusum_fgo_minus_cusum_ekf,-6.379662113612024,-0.03148598922520218,-1.7230010025439197,-0.3718688389212925
size_2f,31,macro,0,cusum_fgo_minus_ekf,-3.2642746526463036,-0.2241882116755236,-4.74764120828547,-0.7926304989126813
size_2f,31,macro,0,cusum_fgo_minus_fgo,-3.535098581300687,-0.6314709945966799,-3.443130999125185,-1.0417792104546288
size_2f,31,macro,0,cusum_fgo_minus_cusum_ekf,-5.211203847081325,-0.03148598922520218,-1.5549634856191203,-0.37741554584884707
size_2f,32,follower,1,cusum_fgo_minus_ekf,-9.047029584974817,-0.7004915286646589,-4.203100433794493,-1.4074415878964226
size_2f,32,follower,1,cusum_fgo_minus_fgo,-3.5508676835430144,-0.6533318986749801,-3.115005322787908,-0.98842792957314
size_2f,32,follower,1,cusum_fgo_minus_cusum_ekf,-10.702722028042894,-0.48129920628993617,-0.912038176080562,-1.1988299048450508
size_2f,32,follower,2,cusum_fgo_minus_ekf,-8.379572552480814,-0.8766293922924795,-6.768420240635967,-1.8907291931193777
size_2f,32,follower,2,cusum_fgo_minus_fgo,-8.48940502996856,-1.0314996940258985,-5.126951525746788,-1.9622086087406618
size_2f,32,follower,2,cusum_fgo_minus_cusum_ekf,-5.469334213701263,-0.4257943969189275,-2.994542695971596,-0.8649724117993061
size_2f,32,pooled,0,cusum_fgo_minus_ekf,-9.047029584974817,-0.788560460478569,-5.156052804981833,-1.6483353325882275
size_2f,32,pooled,0,cusum_fgo_minus_fgo,-8.046278218677033,-0.8424157963504393,-3.800942351673364,-1.497575050401601
size_2f,32,pooled,0,cusum_fgo_minus_cusum_ekf,-10.702722028042894,-0.45354680160443195,-2.348420342312957,-1.0433155398580314
size_2f,32,macro,0,cusum_fgo_minus_ekf,-8.713301068727816,-0.788560460478569,-5.48576033721523,-1.6490853905079002
size_2f,32,macro,0,cusum_fgo_minus_fgo,-6.020136356755787,-0.8424157963504393,-4.120978424267348,-1.475318269156901
size_2f,32,macro,0,cusum_fgo_minus_cusum_ekf,-8.086028120872077,-0.4535468016044317,-1.9532904360260792,-1.0319011583221784
size_2f,33,follower,1,cusum_fgo_minus_ekf,-3.28560183813174,-0.3168516707041227,-4.399611362044,-0.8440700453199725
size_2f,33,follower,1,cusum_fgo_minus_fgo,0.47142458580021085,-0.5587575706974466,-3.1558678020958193,-0.7699191026347418
size_2f,33,follower,1,cusum_fgo_minus_cusum_ekf,-14.223526658861767,-0.3872089540979635,-3.377148690911359,-1.6213046645555824
size_2f,33,follower,2,cusum_fgo_minus_ekf,-5.481976758782841,-0.7827016371883326,-6.356588904910659,-1.7194359341104957
size_2f,33,follower,2,cusum_fgo_minus_fgo,-3.948559522276736,-1.1013431833969052,-6.314155394501578,-1.821619285363316
size_2f,33,follower,2,cusum_fgo_minus_cusum_ekf,-1.8179400076887697,-0.2837401463607885,-2.2164409096167317,-0.6174632577576749
size_2f,33,pooled,0,cusum_fgo_minus_ekf,-4.187915719194445,-0.5497766539462274,-5.616122530723178,-1.2561095098192978
size_2f,33,pooled,0,cusum_fgo_minus_fgo,-2.6544984826883393,-0.8300503770471752,-4.189643585605866,-1.2747572413979853
size_2f,33,pooled,0,cusum_fgo_minus_cusum_ekf,-14.223526658861767,-0.3354745502293761,-2.1297328850863733,-1.2044928965248132
size_2f,33,macro,0,cusum_fgo_minus_ekf,-4.383789298457291,-0.5497766539462279,-5.3781001334773295,-1.2817529897152338
size_2f,33,macro,0,cusum_fgo_minus_fgo,-1.7385674682382621,-0.8300503770471761,-4.735011598298699,-1.2957691939990288
size_2f,33,macro,0,cusum_fgo_minus_cusum_ekf,-8.020733333275267,-0.3354745502293759,-2.7967948002640446,-1.1193839611566285
size_2f,34,follower,1,cusum_fgo_minus_ekf,-4.315840713766191,-0.8205916460409941,-6.162618651974748,-1.6041800390140637
size_2f,34,follower,1,cusum_fgo_minus_fgo,-5.287862668547108,-0.7233023422024596,-3.1728843278270893,-1.2062485105075924
size_2f,34,follower,1,cusum_fgo_minus_cusum_ekf,-9.108321224467485,-0.5392590192378595,-2.7105386697460996,-1.2358073216590106
size_2f,34,follower,2,cusum_fgo_minus_ekf,-2.63057338070732,-0.5331395651450603,-2.9791927203328563,-0.8824265583797486
size_2f,34,follower,2,cusum_fgo_minus_fgo,-2.323460588164056,-0.542026426773883,-2.283184889581961,-0.7762471716016004
size_2f,34,follower,2,cusum_fgo_minus_cusum_ekf,-8.928876075020515,-0.5182091364165506,-2.706241841058071,-1.044150141245453
size_2f,34,pooled,0,cusum_fgo_minus_ekf,-4.315840713766191,-0.6768656055930269,-4.309271111032164,-1.2889426215047128
size_2f,34,pooled,0,cusum_fgo_minus_fgo,-5.287862668547108,-0.6326643844881712,-2.669801435996013,-1.0132546786399488
size_2f,34,pooled,0,cusum_fgo_minus_cusum_ekf,-9.108321224467485,-0.5287340778272049,-3.152030041478395,-1.142344929218033
size_2f,34,macro,0,cusum_fgo_minus_ekf,-3.4732070472367553,-0.6768656055930271,-4.570905686153802,-1.243303298696906
size_2f,34,macro,0,cusum_fgo_minus_fgo,-3.8056616283555815,-0.6326643844881712,-2.7280346087045255,-0.9912478410545966
size_2f,34,macro,0,cusum_fgo_minus_cusum_ekf,-9.018598649744,-0.5287340778272052,-2.7083902554020853,-1.1399787314522318
size_2f,35,follower,1,cusum_fgo_minus_ekf,-2.9852762796154853,-0.6240686042195414,-4.065058800909987,-1.081583930632531
size_2f,35,follower,1,cusum_fgo_minus_fgo,-4.041842306632072,-0.35720991644847144,-0.4180234185616447,-0.5737443139914113
size_2f,35,follower,1,cusum_fgo_minus_cusum_ekf,-2.4113370260050377,-0.9192636061140067,-2.8500720154085215,-1.1078912236753935
size_2f,35,follower,2,cusum_fgo_minus_ekf,2.8763927393869224,-0.28524325625281977,-0.6114761019212729,-0.09821862821483673
size_2f,35,follower,2,cusum_fgo_minus_fgo,4.379560788979953,-0.1340295070143782,0.5733014594166246,0.16831703954141242
size_2f,35,follower,2,cusum_fgo_minus_cusum_ekf,-7.966642197428772,-0.5629593455111128,-2.39605845615624,-1.1551647448114397
size_2f,35,pooled,0,cusum_fgo_minus_ekf,1.1614419256584707,-0.45465593023618056,-1.855149323515544,-0.574764235698837
size_2f,35,pooled,0,cusum_fgo_minus_fgo,0.10487589864188429,-0.24561971173142472,0.17681988347037603,-0.18170923805980754
size_2f,35,pooled,0,cusum_fgo_minus_cusum_ekf,-7.966642197428772,-0.7411114758125594,-2.537375186663457,-1.1259711045206666
size_2f,35,macro,0,cusum_fgo_minus_ekf,-0.05444177011428053,-0.4546559302361808,-2.3382674514156303,-0.589901279423684
size_2f,35,macro,0,cusum_fgo_minus_fgo,0.1688592411739407,-0.24561971173142494,0.07763902042749038,-0.20271363722499958
size_2f,35,macro,0,cusum_fgo_minus_cusum_ekf,-5.188989611716906,-0.7411114758125597,-2.6230652357823807,-1.1315279842434167
size_2f,36,follower,1,cusum_fgo_minus_ekf,0.3643420826570356,0.12797105390575414,-3.3597748265753142,-0.21396777826899704
size_2f,36,follower,1,cusum_fgo_minus_fgo,-0.2830009382168477,-0.3153935629741813,-1.793735617927363,-0.43732505959973045
size_2f,36,follower,1,cusum_fgo_minus_cusum_ekf,-0.7166539572627197,0.3329737584694743,-0.6181747616248967,0.15804438114215769
size_2f,36,follower,2,cusum_fgo_minus_ekf,-4.465977814726867,-0.5490866771300238,-6.248307003582481,-1.361439096931059
size_2f,36,follower,2,cusum_fgo_minus_fgo,-4.065277159306079,-0.898247616617126,-4.0582268986600205,-1.4035893393886787
size_2f,36,follower,2,cusum_fgo_minus_cusum_ekf,-9.695242992643056,-0.35396867023968537,-5.035343532396738,-1.1168494976186927
size_2f,36,pooled,0,cusum_fgo_minus_ekf,-2.851520451124637,-0.21055781161213516,-4.212156739756761,-0.7801561173810874
size_2f,36,pooled,0,cusum_fgo_minus_fgo,-2.4508197957038487,-0.6068205897956533,-2.833416942250713,-0.9053852250663437
size_2f,36,pooled,0,cusum_fgo_minus_cusum_ekf,-8.080785629040827,-0.010497455885105422,-2.4644825940371162,-0.48102385227105593
size_2f,36,macro,0,cusum_fgo_minus_ekf,-2.0508178660349152,-0.21055781161213494,-4.804040915078898,-0.7877034376000283
size_2f,36,macro,0,cusum_fgo_minus_fgo,-2.1741390487614645,-0.606820589795654,-2.9259812582936924,-0.9204571994942046
size_2f,36,macro,0,cusum_fgo_minus_cusum_ekf,-5.205948474952889,-0.010497455885105644,-2.8267591470108178,-0.4794025582382675
size_2f,37,follower,1,cusum_fgo_minus_ekf,-12.364931836536467,-0.8374181947391703,-6.812093120474554,-2.04509784443425
size_2f,37,follower,1,cusum_fgo_minus_fgo,-8.839638463958075,-0.7314317110786406,-3.275127117484324,-1.38479471069387
size_2f,37,follower,1,cusum_fgo_minus_cusum_ekf,-14.17593491755195,-0.6088893366411683,-2.1192262906633337,-1.6920668361066482
size_2f,37,follower,2,cusum_fgo_minus_ekf,-4.229137167422886,-0.32025757049278436,-2.7892768688676166,-0.6942636069016959
size_2f,37,follower,2,cusum_fgo_minus_fgo,-2.714697263545348,-0.49167318607354016,-2.762253136868829,-0.7346537444426768
size_2f,37,follower,2,cusum_fgo_minus_cusum_ekf,-9.217481883640048,-0.37017688665647563,-2.443355899280817,-0.9555115919501342
size_2f,37,pooled,0,cusum_fgo_minus_ekf,-12.050914714571611,-0.5788378826159772,-3.033527785635043,-1.4511361971660188
size_2f,37,pooled,0,cusum_fgo_minus_fgo,-8.525621341993219,-0.6115524485760906,-2.888658372868185,-1.0797235631783237
size_2f,37,pooled,0,cusum_fgo_minus_cusum_ekf,-13.861917795587095,-0.48953311164882174,-2.2888750103638382,-1.347198732302265
size_2f,37,macro,0,cusum_fgo_minus_ekf,-8.297034501979677,-0.5788378826159772,-4.8006849946710854,-1.3696807256679726
size_2f,37,macro,0,cusum_fgo_minus_fgo,-5.7771678637517105,-0.6115524485760904,-3.0186901271765763,-1.0597242275682737
size_2f,37,macro,0,cusum_fgo_minus_cusum_ekf,-11.696708400595998,-0.48953311164882196,-2.281291094972075,-1.3237892140283911
size_2f,38,follower,1,cusum_fgo_minus_ekf,2.46349570556899,0.6204364570960195,1.8225384957343786,0.5952194240449264
size_2f,38,follower,1,cusum_fgo_minus_fgo,6.240746471497708,0.5338180286401388,2.6400534929618313,0.9059112385914339
size_2f,38,follower,1,cusum_fgo_minus_cusum_ekf,5.086336862710503,0.6010661416435041,2.471236120184188,0.8317622348288469
size_2f,38,follower,2,cusum_fgo_minus_ekf,5.312164973775442,-0.29538736669319743,-1.3986430719465952,0.044056521108153834
size_2f,38,follower,2,cusum_fgo_minus_fgo,4.99952677691369,-0.19379083186614676,-0.8160337071407158,0.06773824596099898
size_2f,38,follower,2,cusum_fgo_minus_cusum_ekf,5.659174493763276,-0.17568920343226235,0.5685641112603017,0.3652134729499874
size_2f,38,pooled,0,cusum_fgo_minus_ekf,2.46349570556899,0.16252454520141146,0.8814876630699935,0.35471199976827794
size_2f,38,pooled,0,cusum_fgo_minus_fgo,6.101494663316915,0.17001359838699615,1.8982190879463081,0.5301527517974818
size_2f,38,pooled,0,cusum_fgo_minus_cusum_ekf,5.086336862710503,0.21268846910562123,2.15188007950846,0.6274972303398108
size_2f,38,macro,0,cusum_fgo_minus_ekf,3.887830339672215,0.16252454520141102,0.21194771189389172,0.31963797257654036
size_2f,38,macro,0,cusum_fgo_minus_fgo,5.620136624205699,0.17001359838699615,0.9120098929105582,0.4868247422762164
size_2f,38,macro,0,cusum_fgo_minus_cusum_ekf,5.372755678236889,0.21268846910562078,1.5199001157222454,0.5984878538894172
size_2f,39,follower,1,cusum_fgo_minus_ekf,-7.528975706535601,-0.5836298377111608,-4.048556682871937,-1.2231836643496827
size_2f,39,follower,1,cusum_fgo_minus_fgo,-5.652548946001694,-0.6673860616325584,-3.1392239601590575,-1.169592875532672
size_2f,39,follower,1,cusum_fgo_minus_cusum_ekf,-3.1731393870806657,-0.21185593394545288,-0.671441152198921,-0.3952325961933896
size_2f,39,follower,2,cusum_fgo_minus_ekf,-7.533167490103001,-0.8531729361854423,-5.836649144641559,-1.8069575199535262
size_2f,39,follower,2,cusum_fgo_minus_fgo,-6.818733425090745,-0.9819076289665842,-5.218479377059581,-1.7959806416257926
size_2f,39,follower,2,cusum_fgo_minus_cusum_ekf,-3.5842525025688916,-0.2869650688831167,-1.1752383877864716,-0.5013979025845698
size_2f,39,pooled,0,cusum_fgo_minus_ekf,-7.528975706535601,-0.7184013869483012,-5.2756249800401065,-1.5248335650521514
size_2f,39,pooled,0,cusum_fgo_minus_fgo,-6.407565217863123,-0.8246468452995712,-4.329970088372132,-1.4947403561962092
size_2f,39,pooled,0,cusum_fgo_minus_cusum_ekf,-3.1731393870806657,-0.24941050141428467,-0.9322666622931775,-0.44710389117426463
size_2f,39,macro,0,cusum_fgo_minus_ekf,-7.531071598319301,-0.7184013869483017,-4.942602913756748,-1.5150705921516043
size_2f,39,macro,0,cusum_fgo_minus_fgo,-6.2356411855462195,-0.8246468452995714,-4.17885166860932,-1.4827867585792323
size_2f,39,macro,0,cusum_fgo_minus_cusum_ekf,-3.378695944824779,-0.2494105014142849,-0.9233397699926962,-0.4483152493889797
size_2f,40,follower,1,cusum_fgo_minus_ekf,-6.529282425815826,-0.5514127629181562,-3.6082517623532673,-1.1573999618710222
size_2f,40,follower,1,cusum_fgo_minus_fgo,-0.2937846531552717,-0.293699068766732,-0.9850263134717023,-0.3775067830679866
size_2f,40,follower,1,cusum_fgo_minus_cusum_ekf,-1.4885907287254332,-0.28810845268096075,-1.7181638104567738,-0.47686928429272313
size_2f,40,follower,2,cusum_fgo_minus_ekf,-4.54240324400258,-0.4419330390312639,-5.0985927509501066,-1.1431298347656849
size_2f,40,follower,2,cusum_fgo_minus_fgo,-6.908526951514149,-0.7521081875962383,-3.592068342481906,-1.3183828372152766
size_2f,40,follower,2,cusum_fgo_minus_cusum_ekf,0.22709659644164493,-0.001957639273508782,-1.3408152494161931,-0.13530258445723886
size_2f,40,pooled,0,cusum_fgo_minus_ekf,-4.54240324400258,-0.49667290097470995,-3.784647587249122,-1.144114473063337
size_2f,40,pooled,0,cusum_fgo_minus_fgo,-6.908526951514149,-0.522903628181485,-2.003126242409829,-0.9280006114883004
size_2f,40,pooled,0,cusum_fgo_minus_cusum_ekf,0.22709659644164493,-0.14503304597723443,-1.5391990225792735,-0.2932224674241506
size_2f,40,macro,0,cusum_fgo_minus_ekf,-5.535842834909204,-0.4966729009747102,-4.353422256651687,-1.1502648983183534
size_2f,40,macro,0,cusum_fgo_minus_fgo,-3.601155802334709,-0.5229036281814852,-2.2885473279768043,-0.8479448101416316
size_2f,40,macro,0,cusum_fgo_minus_cusum_ekf,-0.6307470661418932,-0.14503304597723465,-1.529489529936483,-0.3060859343749811
size_2f,41,follower,1,cusum_fgo_minus_ekf,-0.10687710820205965,-0.17613962837379704,-3.602863795091422,-0.4484652172772656
size_2f,41,follower,1,cusum_fgo_minus_fgo,4.692658494107918,-0.2766890359412928,-0.3743748765927415,-0.07350769659581591
size_2f,41,follower,1,cusum_fgo_minus_cusum_ekf,2.609474393488603,0.21363516868695287,0.07084621380285006,0.34894871648986836
size_2f,41,follower,2,cusum_fgo_minus_ekf,-6.587634762118074,-0.7478509103969928,-3.5258859407170977,-1.3656599263317872
size_2f,41,follower,2,cusum_fgo_minus_fgo,-8.095157183740628,-0.767236677549485,-2.6494130019420323,-1.4826500290827505
size_2f,41,follower,2,cusum_fgo_minus_cusum_ekf,-3.446477051629153,-0.39544010648225636,-1.2890224545085158,-0.5251013454026829
size_2f,41,pooled,0,cusum_fgo_minus_ekf,-2.110231801781623,-0.4619952693853946,-3.63851411533547,-0.8043988598735687
size_2f,41,pooled,0,cusum_fgo_minus_fgo,-3.6177542234041766,-0.5219628567453889,-1.642311572127194,-0.6736384346980895
size_2f,41,pooled,0,cusum_fgo_minus_cusum_ekf,1.0309259087072977,-0.09090246889765163,-0.7251423361167042,0.010799253113007223
size_2f,41,macro,0,cusum_fgo_minus_ekf,-3.3472559351600673,-0.4619952693853948,-3.5643748679042604,-0.9070625718045262
size_2f,41,macro,0,cusum_fgo_minus_fgo,-1.7012493448163557,-0.5219628567453887,-1.5118939392673871,-0.7780788628392834
size_2f,41,macro,0,cusum_fgo_minus_cusum_ekf,-0.41850132907027593,-0.09090246889765163,-0.6090881203528329,-0.08807631445640718
size_2f,42,follower,1,cusum_fgo_minus_ekf,-7.630731938834279,-0.3294668528953213,-1.8856084093202004,-0.8703489875544757
size_2f,42,follower,1,cusum_fgo_minus_fgo,-3.7488120018112596,-0.590450241177499,-3.323048535684796,-0.9517655922549018
size_2f,42,follower,1,cusum_fgo_minus_cusum_ekf,-1.711644634338433,0.046825512528451796,0.14645184902834174,0.009864561623840418
size_2f,42,follower,2,cusum_fgo_minus_ekf,-8.952454772301559,-1.0048620329241782,-6.851037133170893,-2.14227515884823
size_2f,42,follower,2,cusum_fgo_minus_fgo,-7.510260461197806,-1.0514390724345901,-5.028251035773568,-1.8770774655221798
size_2f,42,follower,2,cusum_fgo_minus_cusum_ekf,-3.543609340790777,-0.33749628685905475,-1.3689410638081467,-0.5736502823197662
size_2f,42,pooled,0,cusum_fgo_minus_ekf,-8.880696147735982,-0.6671644429097496,-4.6145984168871115,-1.5109975795013983
size_2f,42,pooled,0,cusum_fgo_minus_fgo,-7.438501836632229,-0.8209446568060443,-4.384064742759425,-1.4006646186878726
size_2f,42,pooled,0,cusum_fgo_minus_cusum_ekf,-3.4718507162252,-0.14533538716530137,-0.7384739016203787,-0.2600580103361618
size_2f,42,macro,0,cusum_fgo_minus_ekf,-8.291593355567919,-0.6671644429097499,-4.368322771245547,-1.5063120732013529
size_2f,42,macro,0,cusum_fgo_minus_fgo,-5.629536231504534,-0.8209446568060446,-4.175649785729183,-1.414421528888541
size_2f,42,macro,0,cusum_fgo_minus_cusum_ekf,-2.6276269875646046,-0.1453353871653016,-0.6112446073899025,-0.2818928603479627
size_2f,43,follower,1,cusum_fgo_minus_ekf,-6.4423025276153805,-0.7686980376607523,-3.158249772355486,-1.2220893146736855
size_2f,43,follower,1,cusum_fgo_minus_fgo,-7.042626751057922,-0.7840161134174696,-3.4109397969616966,-1.3322338206686737
size_2f,43,follower,1,cusum_fgo_minus_cusum_ekf,-5.045188594857187,-0.4665018723259645,-0.9438734980224075,-0.6150874064112501
size_2f,43,follower,2,cusum_fgo_minus_ekf,-5.732866399817133,0.10442213133899347,-4.662598020672646,-0.7642550050515151
size_2f,43,follower,2,cusum_fgo_minus_fgo,-6.3781202454602886,-0.18643442273642075,-3.0015498164853716,-0.7604469329820973
size_2f,43,follower,2,cusum_fgo_minus_cusum_ekf,-4.769762609204725,-0.48641305309586924,-3.287752474717533,-1.0425021453940713
size_2f,43,pooled,0,cusum_fgo_minus_ekf,-5.732866399817133,-0.3321379531608797,-3.3907415888206973,-0.8665811188817094
size_2f,43,pooled,0,cusum_fgo_minus_fgo,-6.3781202454602886,-0.4852252680769451,-1.8375576568592384,-0.9068156841120891
size_2f,43,pooled,0,cusum_fgo_minus_cusum_ekf,-4.769762609204725,-0.47645746271091727,-2.543329494176695,-0.8435358995012856
size_2f,43,macro,0,cusum_fgo_minus_ekf,-6.087584463716258,-0.33213795316087946,-3.9104238965140663,-0.9931721598626004
size_2f,43,macro,0,cusum_fgo_minus_fgo,-6.710373498259106,-0.4852252680769453,-3.206244806723534,-1.0463403768253854
size_2f,43,macro,0,cusum_fgo_minus_cusum_ekf,-4.9074756020309565,-0.47645746271091705,-2.1158129863699706,-0.828794775902661
size_2f,44,follower,1,cusum_fgo_minus_ekf,-3.3684894558693204,-0.4241551561093877,-2.842340875940338,-0.7986925076275071
size_2f,44,follower,1,cusum_fgo_minus_fgo,-3.631544594428881,-0.5543156563655323,-1.911984814881814,-0.8332828371163257
size_2f,44,follower,1,cusum_fgo_minus_cusum_ekf,-2.1903969721995855,-0.11213654155141972,-0.3131520742125584,-0.1756773843880577
size_2f,44,follower,2,cusum_fgo_minus_ekf,-5.741143914557344,-1.1542669332447657,-6.843031486949093,-2.1510456894976624
size_2f,44,follower,2,cusum_fgo_minus_fgo,-7.55322504925947,-1.1882260665927642,-5.882035980370222,-2.0727403191396805
size_2f,44,follower,2,cusum_fgo_minus_cusum_ekf,-4.075713477561329,-0.5061808535540746,-1.88831607190454,-0.7541062497523079
size_2f,44,pooled,0,cusum_fgo_minus_ekf,-5.094683218850394,-0.7892110446770768,-5.171727551372193,-1.4811523537846887
size_2f,44,pooled,0,cusum_fgo_minus_fgo,-6.90676435355252,-0.8712708614791482,-4.310565376659857,-1.4508616655380562
size_2f,44,pooled,0,cusum_fgo_minus_cusum_ekf,-3.4292527818543785,-0.30915869755274716,-1.0789431567592356,-0.4365500330888996
size_2f,44,macro,0,cusum_fgo_minus_ekf,-4.554816685213332,-0.7892110446770767,-4.842686181444716,-1.4748690985625847
size_2f,44,macro,0,cusum_fgo_minus_fgo,-5.592384821844174,-0.8712708614791483,-3.8970103976260173,-1.4530115781280033
size_2f,44,macro,0,cusum_fgo_minus_cusum_ekf,-3.133055224880456,-0.30915869755274705,-1.1007340730585495,-0.4648918170701828
size_2f,45,follower,1,cusum_fgo_minus_ekf,2.1534860408487955,0.08321650760995825,-1.8325423884243475,-0.07273717393990431
size_2f,45,follower,1,cusum_fgo_minus_fgo,6.372422997230774,-0.22867755516998445,-0.6392047797233333,-0.0683395319448743
size_2f,45,follower,1,cusum_fgo_minus_cusum_ekf,0.5057794427115159,0.13495817536411048,-1.3132674267375903,-0.012543343174223676
size_2f,45,follower,2,cusum_fgo_minus_ekf,1.723132554045149,-0.6010369181600193,-3.1012863168733373,-0.6847944809255175
size_2f,45,follower,2,cusum_fgo_minus_fgo,1.3201922245152957,-0.5012512937185298,-2.6236461121681103,-0.579626857470394
size_2f,45,follower,2,cusum_fgo_minus_cusum_ekf,-0.781968919966948,-0.6210899241729257,-3.279336957777663,-0.8374014066056195
size_2f,45,pooled,0,cusum_fgo_minus_ekf,2.1534860408487955,-0.25891020527503006,-2.1937295658280047,-0.31780332698433056
size_2f,45,pooled,0,cusum_fgo_minus_fgo,4.211592094808481,-0.3649644244442569,-1.2458509093534995,-0.26882724821024184
size_2f,45,pooled,0,cusum_fgo_minus_cusum_ekf,0.5057794427115159,-0.24306587440440763,-1.9999396401097864,-0.3561264698363653
size_2f,45,macro,0,cusum_fgo_minus_ekf,1.9383092974469722,-0.2589102052750305,-2.4669143526488426,-0.3787658274327108
size_2f,45,macro,0,cusum_fgo_minus_fgo,3.846307610873035,-0.36496442444425714,-1.6314254459457223,-0.32398319470763415
size_2f,45,macro,0,cusum_fgo_minus_cusum_ekf,-0.13809473862771604,-0.24306587440440763,-2.2963021922576274,-0.42497237488992123
size_2f,46,follower,1,cusum_fgo_minus_ekf,-5.887668888701824,-0.6440520702781867,-5.2357769700383665,-1.326267348972235
size_2f,46,follower,1,cusum_fgo_minus_fgo,-6.193795375060449,-0.691021287391725,-3.1339966820488803,-1.175248706989356
size_2f,46,follower,1,cusum_fgo_minus_cusum_ekf,-3.059810348299072,-0.19434181895204228,-0.24101153715624735,-0.3271997375939488
size_2f,46,follower,2,cusum_fgo_minus_ekf,-7.293500183315127,-0.8371234270293129,-8.814318274678785,-2.0183035009821393
size_2f,46,follower,2,cusum_fgo_minus_fgo,-9.345164237474666,-1.0246403577814711,-5.773610584859767,-2.040835696974892
size_2f,46,follower,2,cusum_fgo_minus_cusum_ekf,-5.110653416922891,-0.21903770234136788,-0.8882799246909199,-0.6549994720466765
size_2f,46,pooled,0,cusum_fgo_minus_ekf,-7.293500183315127,-0.7405877486537495,-5.969499398638078,-1.6888024499122485
size_2f,46,pooled,0,cusum_fgo_minus_fgo,-9.345164237474666,-0.857830822586598,-3.9276701976923816,-1.6359574206329353
size_2f,46,pooled,0,cusum_fgo_minus_cusum_ekf,-5.110653416922891,-0.20668976064670508,-0.6364883768643439,-0.49562132058546426
size_2f,46,macro,0,cusum_fgo_minus_ekf,-6.590584536008476,-0.7405877486537498,-7.025047622358576,-1.6722854249771872
size_2f,46,macro,0,cusum_fgo_minus_fgo,-7.769479806267557,-0.857830822586598,-4.453803633454324,-1.6080422019821237
size_2f,46,macro,0,cusum_fgo_minus_cusum_ekf,-4.085231882610981,-0.20668976064670508,-0.5646457309235835,-0.4910996048203127
size_2f,47,follower,1,cusum_fgo_minus_ekf,-10.85166385091757,-0.8040290532123837,-5.636626258622082,-1.8160410440662906
size_2f,47,follower,1,cusum_fgo_minus_fgo,-7.98755071911944,-0.7855348886081925,-4.1130148948292025,-1.5121582588901672
size_2f,47,follower,1,cusum_fgo_minus_cusum_ekf,-7.2562950652187155,-0.521964288208487,-3.687946469070047,-1.053035426958725
size_2f,47,follower,2,cusum_fgo_minus_ekf,-6.748574526782747,-0.6945919757990258,-5.399816519951276,-1.4266283414681271
size_2f,47,follower,2,cusum_fgo_minus_fgo,-7.28983171498612,-0.6787563444633189,-3.4078909778774396,-1.3527955133092964
size_2f,47,follower,2,cusum_fgo_minus_cusum_ekf,-9.342776632119204,-0.4049585574018666,-1.6446271254166112,-0.9730375504379625
size_2f,47,pooled,0,cusum_fgo_minus_ekf,-8.97631024602697,-0.7493105145057048,-5.60540610296445,-1.6228187141861452
size_2f,47,pooled,0,cusum_fgo_minus_fgo,-7.28983171498612,-0.7321456165357558,-4.055726926976886,-1.4309368798372237
size_2f,47,pooled,0,cusum_fgo_minus_cusum_ekf,-9.342776632119204,-0.463461422805177,-2.5686692413807743,-1.0115525261846485
size_2f,47,macro,0,cusum_fgo_minus_ekf,-8.800119188850157,-0.7493105145057046,-5.518221389286679,-1.621334692767209
size_2f,47,macro,0,cusum_fgo_minus_fgo,-7.63869121705278,-0.7321456165357558,-3.760452936353321,-1.4324768860997317
size_2f,47,macro,0,cusum_fgo_minus_cusum_ekf,-8.29953584866896,-0.46346142280517677,-2.6662867972433286,-1.0130364886983436
size_2f,48,follower,1,cusum_fgo_minus_ekf,-1.2977305728956532,-0.5397347983321303,-3.0010899047364834,-0.7971087828629639
size_2f,48,follower,1,cusum_fgo_minus_fgo,-2.3546707233079704,-0.5860468687134361,-2.512672781856395,-0.9351589761054853
size_2f,48,follower,1,cusum_fgo_minus_cusum_ekf,-2.0730781362682897,-0.3309096479346343,-1.0682857312881255,-0.45196358680579385
size_2f,48,follower,2,cusum_fgo_minus_ekf,-5.193298023689822,-1.1148104819260567,-6.886434127748039,-2.026528927042654
size_2f,48,follower,2,cusum_fgo_minus_fgo,-5.480560407723331,-0.9881546439326327,-4.739470276788211,-1.747665204815467
size_2f,48,follower,2,cusum_fgo_minus_cusum_ekf,-7.498382835590633,-0.6073285328578224,-1.6628152063097454,-1.1410713661709846
size_2f,48,pooled,0,cusum_fgo_minus_ekf,-4.266018437899893,-0.8272726401290936,-4.860038280642346,-1.419336717972093
size_2f,48,pooled,0,cusum_fgo_minus_fgo,-4.553280821933402,-0.7871007563230347,-3.984043819968371,-1.325805525682995
size_2f,48,pooled,0,cusum_fgo_minus_cusum_ekf,-6.571103249800704,-0.4691190903962287,-1.41023987226327,-0.7779735691694611
size_2f,48,macro,0,cusum_fgo_minus_ekf,-3.245514298292738,-0.8272726401290935,-4.94376201624226,-1.4118188549528092
size_2f,48,macro,0,cusum_fgo_minus_fgo,-3.91761556551565,-0.7871007563230346,-3.626071529322303,-1.3414120904604765
size_2f,48,macro,0,cusum_fgo_minus_cusum_ekf,-4.785730485929461,-0.46911909039622834,-1.3655504687989357,-0.7965174764883893
size_2f,49,follower,1,cusum_fgo_minus_ekf,-1.2284653527879126,-0.19704018979161164,-2.9269094929479476,-0.46190967888037315
size_2f,49,follower,1,cusum_fgo_minus_fgo,-2.949452337406358,-0.3278555764110216,-0.4995849221352926,-0.48584701507384764
size_2f,49,follower,1,cusum_fgo_minus_cusum_ekf,-0.2623724283676836,-0.04330644305819309,-1.2450615223220138,-0.12892752549676834
size_2f,49,follower,2,cusum_fgo_minus_ekf,-6.423557251111291,-0.6527829251922315,-3.623991478502352,-1.401318733137984
size_2f,49,follower,2,cusum_fgo_minus_fgo,-8.423740964225885,-0.7789993404905688,-2.7488204391477127,-1.5434765166135458
size_2f,49,follower,2,cusum_fgo_minus_cusum_ekf,-3.5593546258358124,-0.2846739952762356,-0.8736101125145175,-0.5412010735552173
size_2f,49,pooled,0,cusum_fgo_minus_ekf,-4.125404955381207,-0.42491155749192155,-3.3046816434554693,-0.9110766740484619
size_2f,49,pooled,0,cusum_fgo_minus_fgo,-6.125588668495801,-0.553427458450795,-1.6318429599101054,-0.9981778229176972
size_2f,49,pooled,0,cusum_fgo_minus_cusum_ekf,-1.2612023301057285,-0.16399021916721446,-1.0501856935312657,-0.3114578020723666
size_2f,49,macro,0,cusum_fgo_minus_ekf,-3.8260113019496025,-0.42491155749192155,-3.27545048572515,-0.9316142060091788
size_2f,49,macro,0,cusum_fgo_minus_fgo,-5.686596650816121,-0.5534274584507952,-1.6242026806415026,-1.0146617658436967
size_2f,49,macro,0,cusum_fgo_minus_cusum_ekf,-1.910863527101748,-0.16399021916721446,-1.0593358174182659,-0.3350642995259929
size_2f,50,follower,1,cusum_fgo_minus_ekf,-6.944751502862455,-0.5604585333498768,-2.4884920753126365,-1.229193685074947
size_2f,50,follower,1,cusum_fgo_minus_fgo,-2.9643980544605304,-0.5510592359495925,-3.2255068609264677,-0.9440573104652099
size_2f,50,follower,1,cusum_fgo_minus_cusum_ekf,-2.246168407702412,-0.22193765998032178,-0.9786468165792392,-0.3482628087827091
size_2f,50,follower,2,cusum_fgo_minus_ekf,-10.870458775705565,-0.7387134730366034,-3.589304791553393,-1.744890437701212
size_2f,50,follower,2,cusum_fgo_minus_fgo,-9.27405870720624,-0.7378702495196241,-3.4834308720008798,-1.5660370260763221
size_2f,50,follower,2,cusum_fgo_minus_cusum_ekf,-4.73008183363003,-0.32945497530122947,-1.6366221774683187,-0.6033259904922759
size_2f,50,pooled,0,cusum_fgo_minus_ekf,-9.708184468501617,-0.64958600319324,-3.358486959381095,-1.4785868806967781
size_2f,50,pooled,0,cusum_fgo_minus_fgo,-8.111784400002293,-0.6444647427346083,-3.812941326262656,-1.249612428268993
size_2f,50,pooled,0,cusum_fgo_minus_cusum_ekf,-3.5678075264260825,-0.2756963176407755,-1.6846459061590564,-0.4656105345347903
size_2f,50,macro,0,cusum_fgo_minus_ekf,-8.907605139284009,-0.6495860031932401,-3.0388984334330145,-1.4870420613880793
size_2f,50,macro,0,cusum_fgo_minus_fgo,-6.119228380833385,-0.6444647427346084,-3.354468866463674,-1.255047168270766
size_2f,50,macro,0,cusum_fgo_minus_cusum_ekf,-3.488125120666221,-0.2756963176407756,-1.3076344970237788,-0.4757943996374925
size_5f,1,follower,1,cusum_fgo_minus_ekf,-9.336103411600615,-0.9224780238163506,-6.365241739405809,-1.879641151435644
size_5f,1,follower,1,cusum_fgo_minus_fgo,-9.776885349255117,-1.5874981375622175,-7.271529462917716,-2.534334796850953
size_5f,1,follower,1,cusum_fgo_minus_cusum_ekf,-5.16119638792204,-0.3290733581825691,-1.0708555997344869,-0.4905425019895614
size_5f,1,follower,2,cusum_fgo_minus_ekf,-9.973523927945232,-1.2194040561101915,-8.309547901151966,-2.5295369296019405
size_5f,1,follower,2,cusum_fgo_minus_fgo,-9.71832502731081,-1.5704276857954484,-5.856698035570119,-2.5007528618793375
size_5f,1,follower,2,cusum_fgo_minus_cusum_ekf,-6.277045683491977,-0.3668613695054981,-1.4382892523835662,-0.6118711824820797
size_5f,1,follower,3,cusum_fgo_minus_ekf,-10.825990782921203,-0.9970870821444011,-5.923545480364978,-1.9467881005176007
size_5f,1,follower,3,cusum_fgo_minus_fgo,-5.548709712138998,-0.9077714374485089,-4.023920391593389,-1.3949258857632465
size_5f,1,follower,3,cusum_fgo_minus_cusum_ekf,-6.320643596494067,-0.41735119598173065,-1.307746144987743,-0.606088778350279
size_5f,1,follower,4,cusum_fgo_minus_ekf,-3.6702508404161684,-0.6019149772627125,-2.794258427777755,-0.9070127115882991
size_5f,1,follower,4,cusum_fgo_minus_fgo,-4.602738997783501,-0.700800824403144,-3.3073741637201826,-1.1842614805584633
size_5f,1,follower,4,cusum_fgo_minus_cusum_ekf,-3.2041785046216273,-0.36696345049259016,-0.7187714290041576,-0.46959102010084486
size_5f,1,follower,5,cusum_fgo_minus_ekf,-7.410835388689927,-0.823864634482875,-5.783236434218297,-1.6298422426355408
size_5f,1,follower,5,cusum_fgo_minus_fgo,-7.352066549851804,-0.8590009869350458,-3.8187878889677016,-1.4405583411814125
size_5f,1,follower,5,cusum_fgo_minus_cusum_ekf,-5.448670695836901,-0.39760874498209986,-1.6040282962560026,-0.6425378801652766
size_5f,1,pooled,0,cusum_fgo_minus_ekf,-9.89635152055426,-0.9129497547633064,-5.940330086764834,-1.8470827746101879
size_5f,1,pooled,0,cusum_fgo_minus_fgo,-9.776885349255117,-1.1250998144288733,-4.555691338101059,-1.888737103681751
size_5f,1,pooled,0,cusum_fgo_minus_cusum_ekf,-5.951223039758602,-0.37557162382889786,-1.1591127130959276,-0.5620465825810975
size_5f,1,macro,0,cusum_fgo_minus_ekf,-8.24334087031463,-0.9129497547633063,-5.835165996583761,-1.778564227155805
size_5f,1,macro,0,cusum_fgo_minus_fgo,-7.399745127268047,-1.125099814428873,-4.8556619885538215,-1.8109666732466825
size_5f,1,macro,0,cusum_fgo_minus_cusum_ekf,-5.282346973673322,-0.37557162382889775,-1.2279381444731916,-0.5641262726176084
size_5f,2,follower,1,cusum_fgo_minus_ekf,-9.533854564238911,-0.9891370768844484,-7.019099106891563,-2.0158992671010005
size_5f,2,follower,1,cusum_fgo_minus_fgo,-14.730986688621314,-1.3580342867434343,-4.024508910096972,-2.3415006711270894
size_5f,2,follower,1,cusum_fgo_minus_cusum_ekf,-4.164158623952463,-0.3804691684872431,-1.1147120823149463,-0.5572748648099115
size_5f,2,follower,2,cusum_fgo_minus_ekf,-9.27500496078472,-0.6766981114470709,-3.0731000615370068,-1.3502106492813175
size_5f,2,follower,2,cusum_fgo_minus_fgo,-7.336904916637236,-1.1156625711359092,-4.7063122860939455,-1.7064762406582112
size_5f,2,follower,2,cusum_fgo_minus_cusum_ekf,-6.138177190709262,-0.30022429947527796,-1.9054712419178637,-0.5739642364334288
size_5f,2,follower,3,cusum_fgo_minus_ekf,-10.811246297667006,-1.1166845300911648,-7.274562656621738,-2.257294055101777
size_5f,2,follower,3,cusum_fgo_minus_fgo,-5.456169288136954,-0.838570986363584,-3.677483370528511,-1.2666608421288506
size_5f,2,follower,3,cusum_fgo_minus_cusum_ekf,-6.954822447298963,-0.4389355252662026,-1.2515374807499215,-0.6316552180855988
size_5f,2,follower,4,cusum_fgo_minus_ekf,-9.373463600374912,-0.9106248003528634,-5.820005798022083,-1.8055437212687924
size_5f,2,follower,4,cusum_fgo_minus_fgo,-4.350341764176284,-0.6116860447355237,-3.0307002869062902,-0.9925706845246979
size_5f,2,follower,4,cusum_fgo_minus_cusum_ekf,-6.645826022847884,-0.40693202803131556,-0.9790033085683494,-0.5587529820903531
size_5f,2,follower,5,cusum_fgo_minus_ekf,-10.689455621128314,-0.8043763445282658,-2.535019845724764,-1.5158931138197433
size_5f,2,follower,5,cusum_fgo_minus_fgo,-6.106170575916374,-0.8453212299202072,-4.962610883257945,-1.4477998694537113
size_5f,2,follower,5,cusum_fgo_minus_cusum_ekf,-8.155207608181476,-0.5134288973580471,-1.8328103607943844,-0.8008624189298506
size_5f,2,pooled,0,cusum_fgo_minus_ekf,-10.102055273375989,-0.8995041726607623,-5.416245890238265,-1.777499704650877
size_5f,2,pooled,0,cusum_fgo_minus_fgo,-14.655421534634206,-0.9538550237797315,-3.963018745975149,-1.5976996739819023
size_5f,2,pooled,0,cusum_fgo_minus_cusum_ekf,-7.56780726042915,-0.40799798372361706,-1.2740947472258342,-0.617965336208728
size_5f,2,macro,0,cusum_fgo_minus_ekf,-9.936605008838772,-0.8995041726607627,-5.144357493759431,-1.7889681613145265
size_5f,2,macro,0,cusum_fgo_minus_fgo,-7.596114646697633,-0.9538550237797314,-4.080323147376733,-1.551001661578512
size_5f,2,macro,0,cusum_fgo_minus_cusum_ekf,-6.411638378598009,-0.4079979837236172,-1.4167068948690933,-0.6245019440698287
size_5f,3,follower,1,cusum_fgo_minus_ekf,-5.904396071946019,-0.7417404065404989,-3.6189542166901347,-1.2415670050586451
size_5f,3,follower,1,cusum_fgo_minus_fgo,-7.426024629354485,-1.10609381214222,-4.47442865576119,-1.804578297459362
size_5f,3,follower,1,cusum_fgo_minus_cusum_ekf,-5.017206893479516,-0.4635261799718444,-1.4675059232892371,-0.6588049325963203
size_5f,3,follower,2,cusum_fgo_minus_ekf,-5.356396196640986,-0.7772381744339908,-4.448700601587191,-1.3816794480051227
size_5f,3,follower,2,cusum_fgo_minus_fgo,-4.374510493534835,-1.0197751019195604,-4.264898401625779,-1.500756443353571
size_5f,3,follower,2,cusum_fgo_minus_cusum_ekf,-5.05301224468978,-0.3431387854794664,-1.2702458478281808,-0.6075688363111205
size_5f,3,follower,3,cusum_fgo_minus_ekf,-7.126414653802186,-0.9575022784709528,-4.100672041394131,-1.6274823165952121
size_5f,3,follower,3,cusum_fgo_minus_fgo,-2.180770568902062,-0.707142269254982,-2.655435593061589,-1.0506702682047349
size_5f,3,follower,3,cusum_fgo_minus_cusum_ekf,-4.1552697175565125,-0.5427144099099181,-1.4302562547957125,-0.7062356573901996
size_5f,3,follower,4,cusum_fgo_minus_ekf,-8.73153362039261,-0.7363356798875966,-3.4287374252410237,-1.419959470266313
size_5f,3,follower,4,cusum_fgo_minus_fgo,-5.007314938928613,-0.5928470835320456,-2.914555890999295,-1.0050715635514476
size_5f,3,follower,4,cusum_fgo_minus_cusum_ekf,-5.438174479586716,-0.3858880147752304,-0.9971669484641328,-0.5143218940583225
size_5f,3,follower,5,cusum_fgo_minus_ekf,-7.937055375623951,-0.835024180996274,-5.34603622976268,-1.6922317094300672
size_5f,3,follower,5,cusum_fgo_minus_fgo,-6.721460366602692,-0.8931827694053505,-3.2573082600988004,-1.497398891356522
size_5f,3,follower,5,cusum_fgo_minus_cusum_ekf,-4.9130744527341115,-0.26203764334133306,-0.7722147002566757,-0.43429642538951674
size_5f,3,pooled,0,cusum_fgo_minus_ekf,-7.5297798847483755,-0.8095681440658626,-4.354458242752091,-1.4575167589145885
size_5f,3,pooled,0,cusum_fgo_minus_fgo,-7.055990782681993,-0.8638082072508317,-3.349336324409725,-1.3952229626377801
size_5f,3,pooled,0,cusum_fgo_minus_cusum_ekf,-5.05301224468978,-0.3994610066955584,-1.005967806172832,-0.5757922783106579
size_5f,3,macro,0,cusum_fgo_minus_ekf,-7.011159183681151,-0.8095681440658626,-4.188620102935031,-1.4725839898710722
size_5f,3,macro,0,cusum_fgo_minus_fgo,-5.1420161994645355,-0.8638082072508317,-3.5133253603093304,-1.3716950927851277
size_5f,3,macro,0,cusum_fgo_minus_cusum_ekf,-4.915347557609328,-0.3994610066955582,-1.1874779349267879,-0.5842455491490959
size_5f,4,follower,1,cusum_fgo_minus_ekf,-9.857706929745351,-0.8065872915783459,-7.710918589967418,-1.9397219012304625
size_5f,4,follower,1,cusum_fgo_minus_fgo,-11.563906766471735,-1.3306308010664476,-5.39491423721502,-2.142353250116134
size_5f,4,follower,1,cusum_fgo_minus_cusum_ekf,-5.486522407083545,-0.09083512031235097,-0.7994942860869838,-0.29475632800628904
size_5f,4,follower,2,cusum_fgo_minus_ekf,-11.344236449978716,-0.9061609281079358,-4.536126129935775,-1.8285001808944679
size_5f,4,follower,2,cusum_fgo_minus_fgo,-10.442646042671825,-1.4483402533233662,-5.759359290125653,-2.315650757945758
size_5f,4,follower,2,cusum_fgo_minus_cusum_ekf,-4.655395335144737,-0.3594458035950808,-1.6534656523552282,-0.5816868161818459
size_5f,4,follower,3,cusum_fgo_minus_ekf,-6.59017930870439,-1.0806448637238555,-5.254188361247561,-1.7647672667340968
size_5f,4,follower,3,cusum_fgo_minus_fgo,-3.859473169196068,-0.6728333915649842,-3.2604082430021646,-1.0614165818449397
size_5f,4,follower,3,cusum_fgo_minus_cusum_ekf,-4.126506827009038,-0.6036116452530247,-1.7625944007097383,-0.8159014908319298
size_5f,4,follower,4,cusum_fgo_minus_ekf,-7.025813029393056,-0.6892891267143022,-2.5449148087609315,-1.1717192139977812
size_5f,4,follower,4,cusum_fgo_minus_fgo,-4.255897064448339,-0.6643429307322715,-2.655765639707973,-1.0627488437405244
size_5f,4,follower,4,cusum_fgo_minus_cusum_ekf,-4.106774973264999,-0.3824958660881016,-0.9091119591985269,-0.48171446273603413
size_5f,4,follower,5,cusum_fgo_minus_ekf,-7.260825466540409,-0.6813412043474035,-5.384093814059883,-1.526930024614879
size_5f,4,follower,5,cusum_fgo_minus_fgo,-5.974950993948301,-0.9104644366216593,-3.9414124340574377,-1.4076905821019807
size_5f,4,follower,5,cusum_fgo_minus_cusum_ekf,-5.411555933938724,-0.0720193795093006,-0.5112211221645402,-0.2611903187321867
size_5f,4,pooled,0,cusum_fgo_minus_ekf,-10.825920533872498,-0.8328046828943686,-5.026697740845295,-1.6624833132145183
size_5f,4,pooled,0,cusum_fgo_minus_fgo,-11.563906766471735,-1.005322362661746,-3.9912404199728626,-1.661231489868554
size_5f,4,pooled,0,cusum_fgo_minus_cusum_ekf,-5.486522407083545,-0.3016815629515718,-1.117238960657914,-0.47956118546974025
size_5f,4,macro,0,cusum_fgo_minus_ekf,-8.415752236872382,-0.8328046828943686,-5.086048340794314,-1.6463277174943376
size_5f,4,macro,0,cusum_fgo_minus_fgo,-7.219374807347253,-1.0053223626617456,-4.20237196882165,-1.5979720031498679
size_5f,4,macro,0,cusum_fgo_minus_cusum_ekf,-4.757351095288208,-0.3016815629515718,-1.1271774841030038,-0.48704988329765697
size_5f,5,follower,1,cusum_fgo_minus_ekf,-5.992239989279627,-0.3817210931231494,-4.395876744493896,-0.9691902087927511
size_5f,5,follower,1,cusum_fgo_minus_fgo,-8.64194715540469,-0.8221507825020093,-3.424077779608406,-1.3467348239646701
size_5f,5,follower,1,cusum_fgo_minus_cusum_ekf,-4.230043118871404,-0.04821183385794181,-0.9788910456925266,-0.2490409520683825
size_5f,5,follower,2,cusum_fgo_minus_ekf,-9.370246197909132,-0.9952111948061457,-7.838432989537001,-2.203488073189296
size_5f,5,follower,2,cusum_fgo_minus_fgo,-9.247197591259381,-1.1442396859035964,-5.885273901704638,-2.056847164414385
size_5f,5,follower,2,cusum_fgo_minus_cusum_ekf,-4.941712147600672,-0.22862907309333313,-1.1343994045237293,-0.4645487079842756
size_5f,5,follower,3,cusum_fgo_minus_ekf,-5.125782025581999,-0.19281662494523233,-2.521174430767901,-0.530285944526212
size_5f,5,follower,3,cusum_fgo_minus_fgo,-5.293058155361088,-0.54300192877421,-2.1308684905564266,-0.7918573988412576
size_5f,5,follower,3,cusum_fgo_minus_cusum_ekf,-3.7548098118989186,0.06992426240402927,-0.6828796333088278,-0.06970099724198353
size_5f,5,follower,4,cusum_fgo_minus_ekf,-5.912896822054508,-0.3666574402556746,-3.122800903925799,-0.7843786923356737
size_5f,5,follower,4,cusum_fgo_minus_fgo,-3.9195878895434806,-0.42401553490037047,-1.7312586710758975,-0.6310383070931187
size_5f,5,follower,4,cusum_fgo_minus_cusum_ekf,-4.0535503577791445,-0.10983334416875956,-0.8698403127039658,-0.26658453537072213
size_5f,5,follower,5,cusum_fgo_minus_ekf,-7.24885263360153,-0.9339974160421701,-5.49432520989334,-1.7647260068523303
size_5f,5,follower,5,cusum_fgo_minus_fgo,-4.549974441034984,-0.7771418065526555,-3.234481129509678,-1.2312034929198887
size_5f,5,follower,5,cusum_fgo_minus_cusum_ekf,-5.510176279056876,-0.3809316801171664,-0.9386342711083451,-0.5421183738268932
size_5f,5,pooled,0,cusum_fgo_minus_ekf,-8.345876866066813,-0.5740807538344743,-4.242022329043499,-1.2517524279186376
size_5f,5,pooled,0,cusum_fgo_minus_fgo,-8.64194715540469,-0.7421099477265685,-2.831728291087543,-1.2236537679487918
size_5f,5,pooled,0,cusum_fgo_minus_cusum_ekf,-4.230043118871404,-0.139536333766634,-0.7276614692895369,-0.2899647392460165
size_5f,5,macro,0,cusum_fgo_minus_ekf,-6.73000353368536,-0.5740807538344745,-4.674522055723587,-1.2504137851392532
size_5f,5,macro,0,cusum_fgo_minus_fgo,-6.330353046520725,-0.7421099477265682,-3.2811919944910097,-1.2115362374466643
size_5f,5,macro,0,cusum_fgo_minus_cusum_ekf,-4.498058343041404,-0.13953633376663443,-0.9209289334674793,-0.3183987132984514
size_5f,6,follower,1,cusum_fgo_minus_ekf,-8.268712006233942,-0.6055457295751996,-3.028309803821182,-1.15948087056843
size_5f,6,follower,1,cusum_fgo_minus_fgo,-7.472918010633418,-0.9154561788810522,-3.2036609004713634,-1.3581342543961412
size_5f,6,follower,1,cusum_fgo_minus_cusum_ekf,-6.647518000136353,-0.35553673783827033,-1.3432103094684642,-0.6769801741654025
size_5f,6,follower,2,cusum_fgo_minus_ekf,-7.146340524149975,-0.4665675843154453,-4.288266537635238,-0.9926211102101059
size_5f,6,follower,2,cusum_fgo_minus_fgo,-5.601337481710383,-0.9322059026000877,-3.8429017911016072,-1.303164018913846
size_5f,6,follower,2,cusum_fgo_minus_cusum_ekf,-4.825868663352889,-0.13053729258763203,-1.2238167636008201,-0.3578967273874969
size_5f,6,follower,3,cusum_fgo_minus_ekf,-3.904064693324912,-0.7182177173875675,-2.967284897079692,-1.037774390746498
size_5f,6,follower,3,cusum_fgo_minus_fgo,-4.975609117867481,-0.6622990791875214,-2.581258956165181,-1.0340829619283674
size_5f,6,follower,3,cusum_fgo_minus_cusum_ekf,-3.2505233202336,-0.5384819101810698,-1.5973974930069468,-0.6880980021511923
size_5f,6,follower,4,cusum_fgo_minus_ekf,-4.475674303782242,-0.622918285249138,-3.312647104457304,-1.0283293897369714
size_5f,6,follower,4,cusum_fgo_minus_fgo,-4.158923771827599,-0.5664234950940301,-2.3285342625329544,-0.91483161521149
size_5f,6,follower,4,cusum_fgo_minus_cusum_ekf,-3.941684937091778,-0.4056103656296314,-1.1505769528158418,-0.5872139319606285
size_5f,6,follower,5,cusum_fgo_minus_ekf,-3.534869851921033,-0.7347508886140658,-3.2082501190450645,-1.1157177564782859
size_5f,6,follower,5,cusum_fgo_minus_fgo,-3.524011905918351,-0.6071181553208677,-2.600934626086564,-0.9564857598554256
size_5f,6,follower,5,cusum_fgo_minus_cusum_ekf,-3.477366834896852,-0.4522513030970091,-1.2194339152637395,-0.6170518184785428
size_5f,6,pooled,0,cusum_fgo_minus_ekf,-7.9532052673409055,-0.6296000410282834,-2.3456907873624537,-1.0185897606728187
size_5f,6,pooled,0,cusum_fgo_minus_fgo,-7.157411271740381,-0.7367005622167118,-2.625379588828072,-1.1069055538168737
size_5f,6,pooled,0,cusum_fgo_minus_cusum_ekf,-6.332011261243316,-0.37648352186672285,-0.9820254998977935,-0.5357379799252231
size_5f,6,macro,0,cusum_fgo_minus_ekf,-5.465932275882421,-0.6296000410282833,-3.3609516924076965,-1.066784703548058
size_5f,6,macro,0,cusum_fgo_minus_fgo,-5.146560057591447,-0.7367005622167119,-2.9114581072715335,-1.1133397220610541
size_5f,6,macro,0,cusum_fgo_minus_cusum_ekf,-4.428592351142294,-0.3764835218667225,-1.3068870868311626,-0.5854481308286525
size_5f,7,follower,1,cusum_fgo_minus_ekf,-8.580880730641626,-0.6839421919971065,-3.3032008071978796,-1.2805081256368527
size_5f,7,follower,1,cusum_fgo_minus_fgo,-14.553232275190977,-0.9896670705738471,-2.8479330433513432,-2.064002170299587
size_5f,7,follower,1,cusum_fgo_minus_cusum_ekf,-6.903621166390616,-0.5310335418682164,-1.9512377870489634,-0.9489736329338896
size_5f,7,follower,2,cusum_fgo_minus_ekf,-7.403051892858086,-0.79377203053784,-5.118710978155855,-1.4635940099784486
size_5f,7,follower,2,cusum_fgo_minus_fgo,-4.2226355700728115,-0.7908557985920381,-2.828720274050012,-1.0943146237378405
size_5f,7,follower,2,cusum_fgo_minus_cusum_ekf,-11.203187692122512,-1.0052675247651393,-3.1646454241703803,-1.7522577817293545
size_5f,7,follower,3,cusum_fgo_minus_ekf,-8.032479482132757,-0.9522383376402315,-5.561840804111681,-1.667073650576938
size_5f,7,follower,3,cusum_fgo_minus_fgo,-5.574269815080775,-0.6348381553767657,-2.5843349229935355,-1.1468277660092405
size_5f,7,follower,3,cusum_fgo_minus_cusum_ekf,-4.680608402342587,-0.5456729369307078,-1.2323024095566022,-0.686314113745295
size_5f,7,follower,4,cusum_fgo_minus_ekf,-8.477807785000529,-0.7846346756543213,-3.934896289143855,-1.5527819160528786
size_5f,7,follower,4,cusum_fgo_minus_fgo,-6.032663624675557,-0.5569949801569573,-2.3482771864578,-1.033729446967889
size_5f,7,follower,4,cusum_fgo_minus_cusum_ekf,-5.486196802891461,-0.5978975412889155,-1.8663255879811442,-0.9702563991805593
size_5f,7,follower,5,cusum_fgo_minus_ekf,-8.64206285041119,-0.7566388046622755,-5.16668120532864,-1.5137202878139626
size_5f,7,follower,5,cusum_fgo_minus_fgo,-5.701996365106569,-0.7731125526848234,-4.646120988832339,-1.3102686092056541
size_5f,7,follower,5,cusum_fgo_minus_cusum_ekf,-6.403655290252381,-0.30133202099532286,-1.0352035820010013,-0.482047115069139
size_5f,7,pooled,0,cusum_fgo_minus_ekf,-7.803119525975793,-0.794245208098355,-4.3266112289768,-1.4560617860471279
size_5f,7,pooled,0,cusum_fgo_minus_fgo,-13.775471070525144,-0.7490937114768862,-2.816062695006423,-1.339020320614361
size_5f,7,pooled,0,cusum_fgo_minus_cusum_ekf,-11.203187692122512,-0.5962407131696607,-2.1632743338609592,-1.035788201055985
size_5f,7,macro,0,cusum_fgo_minus_ekf,-8.227256548208837,-0.794245208098355,-4.617066016787582,-1.495535598011816
size_5f,7,macro,0,cusum_fgo_minus_fgo,-7.2169595300253375,-0.7490937114768864,-3.051077283137006,-1.3298285232440423
size_5f,7,macro,0,cusum_fgo_minus_cusum_ekf,-6.935453870799912,-0.5962407131696604,-1.8499429581516185,-0.9679698085316474
size_5f,8,follower,1,cusum_fgo_minus_ekf,-10.69441636877723,-0.929273984656745,-6.827524671987122,-1.9262486466131055
size_5f,8,follower,1,cusum_fgo_minus_fgo,-12.26485683738579,-1.0877662075400027,-4.138228060353667,-2.087990430826434
size_5f,8,follower,1,cusum_fgo_minus_cusum_ekf,-4.19910847037108,-0.4121171701345432,-1.4391615640478397,-0.6054342039528924
size_5f,8,follower,2,cusum_fgo_minus_ekf,-3.862783492846003,-0.8125711232598186,-3.6731042288211255,-1.2489310831043874
size_5f,8,follower,2,cusum_fgo_minus_fgo,-4.038861436371775,-1.0939800701265643,-4.682090307556244,-1.7136390475840002
size_5f,8,follower,2,cusum_fgo_minus_cusum_ekf,-3.416437677985099,-0.4824333522663832,-1.3768492847974159,-0.6485667829084951
size_5f,8,follower,3,cusum_fgo_minus_ekf,-9.324456779246866,-0.891359703087202,-3.136565414210993,-1.5771888430587682
size_5f,8,follower,3,cusum_fgo_minus_fgo,-2.7077017888080164,-0.6149701516293804,-2.3058912900067123,-0.9123855776575388
size_5f,8,follower,3,cusum_fgo_minus_cusum_ekf,-5.275349197851864,-0.5365701487255072,-1.3043786289274424,-0.711481983796381
size_5f,8,follower,4,cusum_fgo_minus_ekf,-3.988012594971212,-0.644659071347363,-2.2339304683476877,-0.8766270476256739
size_5f,8,follower,4,cusum_fgo_minus_fgo,-3.7084491820029637,-0.47671102976261337,-1.7964599510761008,-0.7310483654060609
size_5f,8,follower,4,cusum_fgo_minus_cusum_ekf,-4.855028097570562,-0.5352669149177505,-1.3364386070307999,-0.7221113732667372
size_5f,8,follower,5,cusum_fgo_minus_ekf,-7.618039394735588,-0.9364882776112597,-5.097139302529373,-1.6738863818929253
size_5f,8,follower,5,cusum_fgo_minus_fgo,-7.548591164401548,-0.8235728915823581,-3.3841049864510673,-1.473515377377368
size_5f,8,follower,5,cusum_fgo_minus_cusum_ekf,-4.884535550658562,-0.47295087779549694,-1.309462240633536,-0.6540346175062903
size_5f,8,pooled,0,cusum_fgo_minus_ekf,-9.89943554490599,-0.8428704319924777,-3.1997189326274964,-1.4871783337081337
size_5f,8,pooled,0,cusum_fgo_minus_fgo,-11.469876013514549,-0.8194000701281839,-3.6341855664989926,-1.4554086226302494
size_5f,8,pooled,0,cusum_fgo_minus_cusum_ekf,-4.383714873489804,-0.48786769276793607,-1.312740526786103,-0.6621170234251423
size_5f,8,macro,0,cusum_fgo_minus_ekf,-7.097541726115378,-0.8428704319924779,-4.193652817179261,-1.4605764004589723
size_5f,8,macro,0,cusum_fgo_minus_fgo,-6.053692081794018,-0.8194000701281839,-3.2613549190887583,-1.3837157597702805
size_5f,8,macro,0,cusum_fgo_minus_cusum_ekf,-4.526091798887434,-0.48786769276793607,-1.3532580650874069,-0.6683257922861591
size_5f,9,follower,1,cusum_fgo_minus_ekf,-10.160295508385198,-1.13030793094715,-8.476849643043996,-2.27526947575633
size_5f,9,follower,1,cusum_fgo_minus_fgo,-11.05615819593721,-1.3747965256498598,-7.399411367802566,-2.4385133530719276
size_5f,9,follower,1,cusum_fgo_minus_cusum_ekf,-6.329654162193284,-0.48456834141843474,-1.0831683104372232,-0.6691538437880751
size_5f,9,follower,2,cusum_fgo_minus_ekf,-12.754900199409322,-0.8418075311003624,-4.031997201322619,-1.9192809258152024
size_5f,9,follower,2,cusum_fgo_minus_fgo,-12.818815779243621,-0.9975109140419905,-3.449325505631413,-1.9515961981451193
size_5f,9,follower,2,cusum_fgo_minus_cusum_ekf,-6.191601861581496,-0.2553917378429226,-0.7379562311890004,-0.411508319472782
size_5f,9,follower,3,cusum_fgo_minus_ekf,-3.4027416277361877,-0.6107633786962963,-2.720934031865113,-0.8989656359428112
size_5f,9,follower,3,cusum_fgo_minus_fgo,-4.331406632589742,-0.5208012078776636,-2.0132534329132827,-0.8525981628062275
size_5f,9,follower,3,cusum_fgo_minus_cusum_ekf,-2.582489088511197,-0.37004582328378943,-0.8801737444928157,-0.4568586360243482
size_5f,9,follower,4,cusum_fgo_minus_ekf,-6.726002674576517,-0.7280218431885535,-4.403819329880924,-1.3444490555564694
size_5f,9,follower,4,cusum_fgo_minus_fgo,-5.674151025337373,-0.6868035996446626,-3.000429331589756,-1.173808937211132
size_5f,9,follower,4,cusum_fgo_minus_cusum_ekf,-4.364955607837507,-0.3473213261022904,-0.5957088860922576,-0.42757377525513524
size_5f,9,follower,5,cusum_fgo_minus_ekf,-6.868771769112809,-0.8573260113035052,-5.744120086524084,-1.6556018855434196
size_5f,9,follower,5,cusum_fgo_minus_fgo,-4.840957347747695,-0.8145672068093269,-3.2837493151905957,-1.3184316397513143
size_5f,9,follower,5,cusum_fgo_minus_cusum_ekf,-4.754578190152908,-0.3869282580242345,-1.321474552279597,-0.6063926766952856
size_5f,9,pooled,0,cusum_fgo_minus_ekf,-12.754900199409322,-0.8336453390471735,-4.048396750338934,-1.6668185991065672
size_5f,9,pooled,0,cusum_fgo_minus_fgo,-12.818815779243621,-0.8788958908047008,-3.254917107768622,-1.6233655247573253
size_5f,9,pooled,0,cusum_fgo_minus_cusum_ekf,-6.191601861581496,-0.3688510973343345,-0.9018641288105758,-0.5096652560436176
size_5f,9,macro,0,cusum_fgo_minus_ekf,-7.982542355844005,-0.8336453390471734,-5.075544058527346,-1.6187133957228461
size_5f,9,macro,0,cusum_fgo_minus_fgo,-7.744297796171127,-0.8788958908047004,-3.829233790625522,-1.5469896581971438
size_5f,9,macro,0,cusum_fgo_minus_cusum_ekf,-4.844655782055278,-0.36885109733433397,-0.9236963448981792,-0.514297450247125
size_5f,10,follower,1,cusum_fgo_minus_ekf,-9.554312262138739,-1.0848982691401785,-6.405568611187717,-1.9529859528534819
size_5f,10,follower,1,cusum_fgo_minus_fgo,-8.889017107555048,-1.3446619758115077,-5.272752832415191,-2.20560657581521
size_5f,10,follower,1,cusum_fgo_minus_cusum_ekf,-5.275517860561888,-0.6462607666535702,-1.7054247312136728,-0.9287551988095194
size_5f,10,follower,2,cusum_fgo_minus_ekf,-6.036862758904464,-0.7615152835334771,-4.225785739955614,-1.368236516947351
size_5f,10,follower,2,cusum_fgo_minus_fgo,-4.774459038256292,-1.0815581848943965,-4.091310682707613,-1.6215305609855177
size_5f,10,follower,2,cusum_fgo_minus_cusum_ekf,-3.2447223231812723,-0.3812146320945369,-1.6732358770856928,-0.5922206599575288
size_5f,10,follower,3,cusum_fgo_minus_ekf,-5.878653235744588,-0.849786922775923,-5.165817039473083,-1.5299088072032418
size_5f,10,follower,3,cusum_fgo_minus_fgo,-4.860934564791452,-0.6421905579631556,-2.8579384892908632,-1.0497027549747906
size_5f,10,follower,3,cusum_fgo_minus_cusum_ekf,-3.919632934575893,-0.43289945453490974,-1.2112666744532068,-0.5802650833307222
size_5f,10,follower,4,cusum_fgo_minus_ekf,-8.138032768768024,-0.6913596902141459,-2.709877841272963,-1.2833033332522046
size_5f,10,follower,4,cusum_fgo_minus_fgo,-4.69439018951506,-0.5955771780167551,-2.7142219556367957,-0.9969221422476344
size_5f,10,follower,4,cusum_fgo_minus_cusum_ekf,-4.920994100846223,-0.42589147015958473,-1.326256523917803,-0.6089438553677118
size_5f,10,follower,5,cusum_fgo_minus_ekf,-7.432058224549855,-0.9443960329943326,-6.0243517046430375,-1.7253534540560604
size_5f,10,follower,5,cusum_fgo_minus_fgo,-6.301445609295542,-0.9114323681750343,-4.253257393524187,-1.5506555376080482
size_5f,10,follower,5,cusum_fgo_minus_cusum_ekf,-5.686732115379856,-0.4659337806810502,-1.2986413346752732,-0.6677682932315864
size_5f,10,pooled,0,cusum_fgo_minus_ekf,-9.130258887246793,-0.8663912397316114,-4.704941913456789,-1.5767505276664617
size_5f,10,pooled,0,cusum_fgo_minus_fgo,-8.464963732663103,-0.9150840529721698,-3.9710289958644265,-1.5324833824028925
size_5f,10,pooled,0,cusum_fgo_minus_cusum_ekf,-5.506118547847021,-0.4704400208247308,-1.3530173632736417,-0.6763217455137083
size_5f,10,macro,0,cusum_fgo_minus_ekf,-7.407983850021133,-0.8663912397316115,-4.906280187306483,-1.5719576128624675
size_5f,10,macro,0,cusum_fgo_minus_fgo,-5.9040493018826785,-0.9150840529721697,-3.8378962707149302,-1.4848835143262404
size_5f,10,macro,0,cusum_fgo_minus_cusum_ekf,-4.609519866909026,-0.47044002082473024,-1.4429650282691295,-0.675590618139414
size_5f,11,follower,1,cusum_fgo_minus_ekf,-8.584534555683634,-1.083854108317647,-7.62988536272633,-2.161788898747135
size_5f,11,follower,1,cusum_fgo_minus_fgo,-8.577652606029035,-1.7095434259717215,-7.7503320804913,-2.72440786330612
size_5f,11,follower,1,cusum_fgo_minus_cusum_ekf,-5.67892125304644,-0.4724361789781263,-1.047574041417428,-0.7174523965462083
size_5f,11,follower,2,cusum_fgo_minus_ekf,-11.243078058256703,-1.3655393129665672,-9.700044333395098,-2.8818877769731674
size_5f,11,follower,2,cusum_fgo_minus_fgo,-10.552152611694373,-1.5931934033619901,-7.57735903811867,-2.6485426616373875
size_5f,11,follower,2,cusum_fgo_minus_cusum_ekf,-6.643756087494658,-0.9710342795105003,-3.0811331138848397,-1.3495361071454306
size_5f,11,follower,3,cusum_fgo_minus_ekf,-8.942504655135188,-0.8428487489211022,-5.24414643680841,-1.7284701024584619
size_5f,11,follower,3,cusum_fgo_minus_fgo,-5.3890781080518995,-0.9242045537578493,-4.080185253838122,-1.459115808491278
size_5f,11,follower,3,cusum_fgo_minus_cusum_ekf,-7.216770479860139,-0.5070987275074846,-1.214007508439436,-0.6673847809839397
size_5f,11,follower,4,cusum_fgo_minus_ekf,-6.682817331387638,-0.7509504794155359,-3.2268477939069626,-1.346302332944046
size_5f,11,follower,4,cusum_fgo_minus_fgo,-4.843715548569115,-0.8674027230852703,-3.7218680056291085,-1.3901839423613949
size_5f,11,follower,4,cusum_fgo_minus_cusum_ekf,-3.7054619845969423,-0.43763224581983917,-1.0827385333076873,-0.5537772137424348
size_5f,11,follower,5,cusum_fgo_minus_ekf,-9.51005563546975,-0.7895304739652003,-5.290818963550342,-1.4763583287027933
size_5f,11,follower,5,cusum_fgo_minus_fgo,-5.400651037327794,-0.6097795664191359,-3.017383513244533,-0.9959695436194687
size_5f,11,follower,5,cusum_fgo_minus_cusum_ekf,-7.231710957825685,-0.4817133290807558,-1.909877606367211,-0.7555146845955567
size_5f,11,pooled,0,cusum_fgo_minus_ekf,-11.243078058256703,-0.9665446247172104,-6.0531963853968245,-1.9768085901890549
size_5f,11,pooled,0,cusum_fgo_minus_fgo,-10.552152611694373,-1.1408247345191933,-4.416168794065516,-1.923169621512731
size_5f,11,pooled,0,cusum_fgo_minus_cusum_ekf,-6.643756087494658,-0.5739829521793408,-1.6975884054853712,-0.845981521384807
size_5f,11,macro,0,cusum_fgo_minus_ekf,-8.992598047186583,-0.9665446247172107,-6.218348578077428,-1.918961487965121
size_5f,11,macro,0,cusum_fgo_minus_fgo,-6.952649982334444,-1.140824734519193,-5.229425578264346,-1.8436439638831301
size_5f,11,macro,0,cusum_fgo_minus_cusum_ekf,-6.095324152564773,-0.5739829521793411,-1.6670661606833201,-0.8087330366027139
size_5f,12,follower,1,cusum_fgo_minus_ekf,-11.526969763344328,-1.2139324004241248,-9.113555370785251,-2.513367532150393
size_5f,12,follower,1,cusum_fgo_minus_fgo,-11.416995367112326,-1.484754192367638,-5.740335798968109,-2.4266912554719307
size_5f,12,follower,1,cusum_fgo_minus_cusum_ekf,-4.952632524913318,-0.48574355343436404,-1.4707299486251197,-0.7011859871266138
size_5f,12,follower,2,cusum_fgo_minus_ekf,-6.102430153119146,-0.8714075236127531,-4.862289905763141,-1.5797105038041197
size_5f,12,follower,2,cusum_fgo_minus_fgo,-6.740636105536607,-1.298829751698002,-5.239101437964124,-1.9682294913089855
size_5f,12,follower,2,cusum_fgo_minus_cusum_ekf,-4.9526151977454305,-0.32299281218016407,-0.8803478877764956,-0.556770708944458
size_5f,12,follower,3,cusum_fgo_minus_ekf,-5.014749589009413,-0.6402763418927296,-4.49317181736302,-1.1585873997470353
size_5f,12,follower,3,cusum_fgo_minus_fgo,-4.011997224999282,-0.6726761535152818,-2.7512363193352956,-1.0222462995194195
size_5f,12,follower,3,cusum_fgo_minus_cusum_ekf,-4.065248274916629,-0.23689502788093442,-0.6918622911680765,-0.3351072456991312
size_5f,12,follower,4,cusum_fgo_minus_ekf,-8.223169211649825,-0.7526607287520394,-3.2008389843074894,-1.3091857720479694
size_5f,12,follower,4,cusum_fgo_minus_fgo,-5.177317920133497,-0.7167107940489682,-3.638287206918926,-1.1999670608091146
size_5f,12,follower,4,cusum_fgo_minus_cusum_ekf,-4.821575299100867,-0.4051166454426125,-0.8540671285366942,-0.5073142309493134
size_5f,12,follower,5,cusum_fgo_minus_ekf,-10.016232685798624,-0.7894800642865883,-4.450611638178032,-1.7016497335006933
size_5f,12,follower,5,cusum_fgo_minus_fgo,-8.144629245157663,-0.8095154572104059,-3.277593322306579,-1.4577193694794865
size_5f,12,follower,5,cusum_fgo_minus_cusum_ekf,-7.370319360061157,-0.2645890327917052,-0.8833148881412336,-0.5202000806317543
size_5f,12,pooled,0,cusum_fgo_minus_ekf,-11.526969763344328,-0.8535514117936474,-4.569733342605448,-1.7027806888723944
size_5f,12,pooled,0,cusum_fgo_minus_fgo,-11.416995367112326,-0.9964972697680592,-4.286968181360615,-1.6750639071873201
size_5f,12,pooled,0,cusum_fgo_minus_cusum_ekf,-6.962908328830084,-0.3430674143459562,-0.9431130483759433,-0.5277497921954121
size_5f,12,macro,0,cusum_fgo_minus_ekf,-8.176710280584267,-0.8535514117936469,-5.224093543279386,-1.6525001882500425
size_5f,12,macro,0,cusum_fgo_minus_fgo,-7.098315172587873,-0.9964972697680592,-4.129310817098608,-1.6149706953177874
size_5f,12,macro,0,cusum_fgo_minus_cusum_ekf,-5.23247813134748,-0.343067414345956,-0.9560644288495239,-0.5241156506702541
size_5f,13,follower,1,cusum_fgo_minus_ekf,-6.827048917086319,-0.5519303656466394,-3.2410851138154415,-1.0268331996499194
size_5f,13,follower,1,cusum_fgo_minus_fgo,-9.034463294204745,-0.970774493801414,-4.7776416240640245,-1.6210315755764502
size_5f,13,follower,1,cusum_fgo_minus_cusum_ekf,-5.143329732476182,-0.3171516785331481,-1.0332996450679444,-0.5798774671861904
size_5f,13,follower,2,cusum_fgo_minus_ekf,-12.03896873403476,-1.260762892866057,-7.408992485654542,-2.549181582417995
size_5f,13,follower,2,cusum_fgo_minus_fgo,-12.996375976469862,-1.2788154238610505,-7.046544618678887,-2.4951523891991303
size_5f,13,follower,2,cusum_fgo_minus_cusum_ekf,-7.571041413172513,-0.492216537066976,-1.281823460521453,-0.7478235122844353
size_5f,13,follower,3,cusum_fgo_minus_ekf,-6.9158609059915594,-0.7698870805455553,-3.265428832459742,-1.2304905510408422
size_5f,13,follower,3,cusum_fgo_minus_fgo,-5.19084393895637,-0.6769393666257248,-2.881750205001252,-1.015136064293958
size_5f,13,follower,3,cusum_fgo_minus_cusum_ekf,-4.422452939189631,-0.5119515596362267,-1.7115893618013824,-0.7046682906072588
size_5f,13,follower,4,cusum_fgo_minus_ekf,-8.616296134350364,-0.7910323880172418,-4.054368456744944,-1.4997979962414811
size_5f,13,follower,4,cusum_fgo_minus_fgo,-5.869128189502945,-0.7565215385759709,-3.127229014510683,-1.2683217795208843
size_5f,13,follower,4,cusum_fgo_minus_cusum_ekf,-5.217278515146081,-0.4341564623045585,-1.040063111163768,-0.5819471591441632
size_5f,13,follower,5,cusum_fgo_minus_ekf,-7.664564737398699,-0.8490508207406762,-5.069929227443515,-1.6100507452153996
size_5f,13,follower,5,cusum_fgo_minus_fgo,-5.778012766799282,-0.7887384750751942,-3.4538528187885547,-1.3093573271887997
size_5f,13,follower,5,cusum_fgo_minus_cusum_ekf,-5.1755678041913935,-0.37505765715436246,-1.2029825511919279,-0.5714726303985633
size_5f,13,pooled,0,cusum_fgo_minus_ekf,-10.673257963831722,-0.8445327095632339,-4.210037081329987,-1.568034697906826
size_5f,13,pooled,0,cusum_fgo_minus_fgo,-11.630665206266823,-0.8943578595878708,-3.6735522923540813,-1.5549279232802729
size_5f,13,pooled,0,cusum_fgo_minus_cusum_ekf,-6.205330642969473,-0.42610677893905435,-1.175147583656859,-0.6175416792789655
size_5f,13,macro,0,cusum_fgo_minus_ekf,-8.41254788577234,-0.8445327095632342,-4.607960823223636,-1.5832708149131276
size_5f,13,macro,0,cusum_fgo_minus_fgo,-7.773764833186641,-0.8943578595878707,-4.257403656208679,-1.5417998271558446
size_5f,13,macro,0,cusum_fgo_minus_cusum_ekf,-5.50593408083516,-0.42610677893905424,-1.2539516259492955,-0.6371578119241224
size_5f,14,follower,1,cusum_fgo_minus_ekf,-12.301234438909283,-0.6489213252650265,-2.1706936229319997,-1.6407510316615748
size_5f,14,follower,1,cusum_fgo_minus_fgo,-12.53422078341298,-1.260324143674268,-5.549495263065879,-2.270565186831207
size_5f,14,follower,1,cusum_fgo_minus_cusum_ekf,-6.780603593905868,-0.25118805615508144,-1.0933462348864609,-0.4491666157933214
size_5f,14,follower,2,cusum_fgo_minus_ekf,-7.049659169947788,-0.9326698048169852,-4.434768744247201,-1.5388038869343452
size_5f,14,follower,2,cusum_fgo_minus_fgo,-6.53089420020734,-1.132187808448077,-5.361294771692656,-1.9857392228596096
size_5f,14,follower,2,cusum_fgo_minus_cusum_ekf,-5.664203529009403,-0.6983668671797321,-1.990643714456044,-1.0100681082385004
size_5f,14,follower,3,cusum_fgo_minus_ekf,-12.421030014528116,-0.9725765308832864,-4.577560333690248,-1.941894280696491
size_5f,14,follower,3,cusum_fgo_minus_fgo,-3.5404958434310254,-0.6355140797987598,-2.3655628231641996,-0.8954261515736069
size_5f,14,follower,3,cusum_fgo_minus_cusum_ekf,-7.616618081817752,-0.46549019571637607,-1.2152974442033193,-0.6238573826828785
size_5f,14,follower,4,cusum_fgo_minus_ekf,-3.7604194555976553,-0.5538628440001292,-2.8165882306571937,-0.8648724821322341
size_5f,14,follower,4,cusum_fgo_minus_fgo,-5.2215384434335235,-0.6361321520155216,-3.0154547402650373,-1.1170595222618558
size_5f,14,follower,4,cusum_fgo_minus_cusum_ekf,-3.5394270271150106,-0.3584769904290097,-0.9768849673735513,-0.480031872132067
size_5f,14,follower,5,cusum_fgo_minus_ekf,-6.1604641807662315,-0.9162978398119614,-4.611817577185365,-1.5450779108360855
size_5f,14,follower,5,cusum_fgo_minus_fgo,-3.5780420852089767,-0.83741735645397,-3.121082605775142,-1.2471883783495896
size_5f,14,follower,5,cusum_fgo_minus_cusum_ekf,-5.5864074463363025,-0.4739100880987108,-1.4605643324691622,-0.7266532490422202
size_5f,14,pooled,0,cusum_fgo_minus_ekf,-11.743235361819284,-0.8048656689554776,-3.75356707621812,-1.535180574707013
size_5f,14,pooled,0,cusum_fgo_minus_fgo,-11.976221706322981,-0.9003151080781193,-3.709906586736386,-1.5788835238426788
size_5f,14,pooled,0,cusum_fgo_minus_cusum_ekf,-6.4032267610157865,-0.44948643951578227,-1.2609613478325714,-0.6614490652186564
size_5f,14,macro,0,cusum_fgo_minus_ekf,-8.338561451949815,-0.8048656689554778,-3.7222857017424014,-1.5062799184521465
size_5f,14,macro,0,cusum_fgo_minus_fgo,-6.281038271138768,-0.9003151080781193,-3.8825780407925823,-1.503195692375173
size_5f,14,macro,0,cusum_fgo_minus_cusum_ekf,-5.837451935636867,-0.44948643951578204,-1.347347338677708,-0.6579554455777974
size_5f,15,follower,1,cusum_fgo_minus_ekf,-7.1127043227140305,-0.5981443833784028,-3.6876856006437304,-1.0852485085073535
size_5f,15,follower,1,cusum_fgo_minus_fgo,-6.716755660254119,-1.1010234833472736,-5.620504213319429,-1.7185998683681345
size_5f,15,follower,1,cusum_fgo_minus_cusum_ekf,-4.165037027355087,-0.24053753685497847,-1.1664405636026356,-0.3863572579630654
size_5f,15,follower,2,cusum_fgo_minus_ekf,-7.441281188002515,-0.8369773497512925,-6.2437887355907264,-1.7021700126922972
size_5f,15,follower,2,cusum_fgo_minus_fgo,-7.075140895181404,-1.0263557250222712,-4.269830436843125,-1.6874682141100528
size_5f,15,follower,2,cusum_fgo_minus_cusum_ekf,-5.551335443470428,-0.3787902434109667,-2.384933080826343,-0.7647062813843784
size_5f,15,follower,3,cusum_fgo_minus_ekf,-4.391379405030258,-0.8464271088067217,-3.8199694914616877,-1.290852896214397
size_5f,15,follower,3,cusum_fgo_minus_fgo,-2.9350530411912183,-0.7076548461507883,-2.814753634146281,-1.0827922684453628
size_5f,15,follower,3,cusum_fgo_minus_cusum_ekf,-3.9767157591982416,-0.5857688265983854,-1.5653953299478314,-0.7585832160056142
size_5f,15,follower,4,cusum_fgo_minus_ekf,-3.506939114517014,-0.577190550833849,-2.2916313028405173,-0.8178825944870876
size_5f,15,follower,4,cusum_fgo_minus_fgo,-3.4941956827675935,-0.5296845017980655,-2.3095260936242745,-0.761415150407021
size_5f,15,follower,4,cusum_fgo_minus_cusum_ekf,-3.1319730237570877,-0.40057044479178405,-1.284005249405089,-0.5388466250096224
size_5f,15,follower,5,cusum_fgo_minus_ekf,-5.656513702170136,-0.9193479632403874,-4.614396094644517,-1.5823475136254679
size_5f,15,follower,5,cusum_fgo_minus_fgo,-3.0933861954254604,-0.7555406892980328,-2.7233345316292317,-1.1256795047772263
size_5f,15,follower,5,cusum_fgo_minus_cusum_ekf,-4.019519549389555,-0.4290589625766425,-0.9870406806259192,-0.5609110997628368
size_5f,15,pooled,0,cusum_fgo_minus_ekf,-7.441281188002515,-0.7556174712021307,-3.5033812942860174,-1.279804066718215
size_5f,15,pooled,0,cusum_fgo_minus_fgo,-7.075140895181404,-0.8240518491232863,-2.9356237952504514,-1.3093094170155228
size_5f,15,pooled,0,cusum_fgo_minus_cusum_ekf,-5.551335443470428,-0.40694520284655133,-1.1197527053580112,-0.5778665058337525
size_5f,15,macro,0,cusum_fgo_minus_ekf,-5.621763546486791,-0.7556174712021306,-4.131494245036236,-1.2957003051053206
size_5f,15,macro,0,cusum_fgo_minus_fgo,-4.662906294963959,-0.8240518491232864,-3.5475897819124684,-1.2751910012215593
size_5f,15,macro,0,cusum_fgo_minus_cusum_ekf,-4.16891616063408,-0.40694520284655145,-1.477562980881564,-0.6018808960251034
size_5f,16,follower,1,cusum_fgo_minus_ekf,-7.218840580922509,-0.7469636731951139,-3.074921001890436,-1.4274921444527988
size_5f,16,follower,1,cusum_fgo_minus_fgo,-10.938490263631621,-1.1403827175436845,-4.974239179151392,-2.124094183968693
size_5f,16,follower,1,cusum_fgo_minus_cusum_ekf,-6.607491159203442,-0.5309804582489097,-1.6114117051214671,-0.7828893284336098
size_5f,16,follower,2,cusum_fgo_minus_ekf,-9.650376705552759,-0.5283572519304467,-2.879087768375148,-1.347902964093423
size_5f,16,follower,2,cusum_fgo_minus_fgo,-7.996386588441145,-0.876473775392153,-3.1183922130297757,-1.4945053654350573
size_5f,16,follower,2,cusum_fgo_minus_cusum_ekf,-3.9013275856574596,-0.4152128325889488,-2.8319066104345354,-0.806143894757468
size_5f,16,follower,3,cusum_fgo_minus_ekf,-8.404278906288877,-0.8311048117716712,-2.9165625723563404,-1.4332664105166266
size_5f,16,follower,3,cusum_fgo_minus_fgo,-2.6994696217441367,-0.4779717535951614,-1.962189041693402,-0.7273066003356177
size_5f,16,follower,3,cusum_fgo_minus_cusum_ekf,-5.670781166740702,-0.5071053980587786,-1.4969526680983072,-0.6666832490923014
size_5f,16,follower,4,cusum_fgo_minus_ekf,-7.1119996504009055,-0.7412082086615769,-1.8140005100039232,-1.1811253969779887
size_5f,16,follower,4,cusum_fgo_minus_fgo,-4.001248751247594,-0.4689735619459582,-2.7356755049717543,-0.8314034371396917
size_5f,16,follower,4,cusum_fgo_minus_cusum_ekf,-4.009944425974769,-0.5746392511958448,-1.6254042494427128,-0.7284242472149913
size_5f,16,follower,5,cusum_fgo_minus_ekf,-5.228559682558321,-0.8213705090869536,-4.1204036544042815,-1.3587089647412838
size_5f,16,follower,5,cusum_fgo_minus_fgo,-3.702660299273882,-0.7229140823393454,-3.2630633958345543,-1.1583194772484897
size_5f,16,follower,5,cusum_fgo_minus_cusum_ekf,-3.944046928091293,-0.43789462495518694,-0.9821674558852365,-0.6126012827391741
size_5f,16,pooled,0,cusum_fgo_minus_ekf,-8.12066065366011,-0.7338008909291523,-3.126249050031026,-1.3372735971122405
size_5f,16,pooled,0,cusum_fgo_minus_fgo,-10.938490263631621,-0.7373431781632603,-2.8362778507699566,-1.342960111505162
size_5f,16,pooled,0,cusum_fgo_minus_cusum_ekf,-6.607491159203442,-0.49316651300953385,-1.5354543415001323,-0.7177059118098184
size_5f,16,macro,0,cusum_fgo_minus_ekf,-7.522811105144675,-0.7338008909291525,-2.960995101406026,-1.349699176156424
size_5f,16,macro,0,cusum_fgo_minus_fgo,-5.867651104867677,-0.7373431781632604,-3.2107118669361765,-1.2671258128255094
size_5f,16,macro,0,cusum_fgo_minus_cusum_ekf,-4.826718253133532,-0.4931665130095335,-1.7095685377964518,-0.719348400447509
size_5f,17,follower,1,cusum_fgo_minus_ekf,-7.359746191476087,-0.5033675915734017,-2.791391499113545,-1.0428872226203203
size_5f,17,follower,1,cusum_fgo_minus_fgo,-7.136454909964871,-1.27959535458861,-5.951848121526612,-2.055189010461827
size_5f,17,follower,1,cusum_fgo_minus_cusum_ekf,-3.3787520584282236,-0.21146712026591463,-1.0174084349459955,-0.3773387064911027
size_5f,17,follower,2,cusum_fgo_minus_ekf,-11.204121073377674,-0.9053369823767046,-7.131459046732139,-2.1935969034067444
size_5f,17,follower,2,cusum_fgo_minus_fgo,-9.458492273737797,-1.3606519723303303,-5.998325207744418,-2.22658887492784
size_5f,17,follower,2,cusum_fgo_minus_cusum_ekf,-6.0933129250144615,-0.22130513883579628,-1.7401133468613679,-0.5945800653039823
size_5f,17,follower,3,cusum_fgo_minus_ekf,-7.818437931944062,-0.7584997605078351,-5.4527133364521685,-1.5374864896176645
size_5f,17,follower,3,cusum_fgo_minus_fgo,-4.6671221892549495,-0.8221810869227283,-3.9132896006884246,-1.261105000145616
size_5f,17,follower,3,cusum_fgo_minus_cusum_ekf,-5.819488204683672,-0.6269010772819911,-1.7519169491201745,-0.8341479678724398
size_5f,17,follower,4,cusum_fgo_minus_ekf,-7.718983132994246,-0.4963574374156191,-4.53509143966463,-1.2563109022525214
size_5f,17,follower,4,cusum_fgo_minus_fgo,-3.416550869152401,-0.6935723374270449,-2.7008966300551167,-0.9791849290987686
size_5f,17,follower,4,cusum_fgo_minus_cusum_ekf,-4.235106440405364,-0.044376338132775084,-0.46852264858077963,-0.15105922611567357
size_5f,17,follower,5,cusum_fgo_minus_ekf,-7.960674513626428,-0.4195230914697934,-1.5510473002798,-0.9491128020957844
size_5f,17,follower,5,cusum_fgo_minus_fgo,-4.955646300451857,-0.4985783248590807,-2.295207093846656,-0.8409040295677392
size_5f,17,follower,5,cusum_fgo_minus_cusum_ekf,-5.251256501556703,-0.23119243001870382,-1.1423925077698012,-0.423939398562285
size_5f,17,pooled,0,cusum_fgo_minus_ekf,-10.74715370093302,-0.6166169726686709,-5.093771398263428,-1.4362963504876878
size_5f,17,pooled,0,cusum_fgo_minus_fgo,-9.001524901293141,-0.9309158152255589,-4.093033254430031,-1.5505677958364603
size_5f,17,pooled,0,cusum_fgo_minus_cusum_ekf,-5.6363455525698045,-0.2670484209070362,-1.218305296747073,-0.4951837914258703
size_5f,17,macro,0,cusum_fgo_minus_ekf,-8.4123925686837,-0.6166169726686705,-4.2923405244484565,-1.3958788639986075
size_5f,17,macro,0,cusum_fgo_minus_fgo,-5.926853308512374,-0.930915815225559,-4.171913330772245,-1.4725943688403587
size_5f,17,macro,0,cusum_fgo_minus_cusum_ekf,-4.955583226017685,-0.26704842090703607,-1.2240707774556239,-0.47621307286909675
size_5f,18,follower,1,cusum_fgo_minus_ekf,-5.727661827602354,-0.5203033617945089,-2.5901891868214157,-0.9039710520250537
size_5f,18,follower,1,cusum_fgo_minus_fgo,-7.158584278672839,-0.8564529194099751,-4.828534696612282,-1.5149411199213862
size_5f,18,follower,1,cusum_fgo_minus_cusum_ekf,-3.072772765779197,-0.2998816032727091,-1.0836061475094758,-0.43746912400889526
size_5f,18,follower,2,cusum_fgo_minus_ekf,-11.246162997570906,-0.665666223981441,-5.089574208589023,-1.624853830735812
size_5f,18,follower,2,cusum_fgo_minus_fgo,-9.208950434819656,-0.896504606714277,-4.394417646495721,-1.6017346171951758
size_5f,18,follower,2,cusum_fgo_minus_cusum_ekf,-6.150054359569676,-0.15943412503791965,-1.2415968912073845,-0.41188263512532153
size_5f,18,follower,3,cusum_fgo_minus_ekf,-5.815081936302898,-0.8374846387672922,-3.7276150879607246,-1.3143981624829393
size_5f,18,follower,3,cusum_fgo_minus_fgo,-2.6125358359992874,-0.5479502872170013,-1.9684802950854183,-0.805745763259733
size_5f,18,follower,3,cusum_fgo_minus_cusum_ekf,-4.465379476047202,-0.6041490261610821,-1.7274016132526984,-0.7945961051668454
size_5f,18,follower,4,cusum_fgo_minus_ekf,-7.244395106326614,-0.7548824327328043,-4.066360592950993,-1.2909312700573548
size_5f,18,follower,4,cusum_fgo_minus_fgo,-3.7799592474745474,-0.5084720110494969,-1.707774908470527,-0.7459764578804743
size_5f,18,follower,4,cusum_fgo_minus_cusum_ekf,-4.579618995907316,-0.44735522861793386,-1.6246121445116701,-0.6632866324335455
size_5f,18,follower,5,cusum_fgo_minus_ekf,-7.74952754201893,-0.9495655074498455,-6.292284861265817,-1.8401937795227434
size_5f,18,follower,5,cusum_fgo_minus_fgo,-6.356076965958043,-0.8574518666443431,-4.017014035596742,-1.4744179754378943
size_5f,18,follower,5,cusum_fgo_minus_cusum_ekf,-4.690276084434121,-0.38521174051897555,-1.1360316467429694,-0.5579671833761186
size_5f,18,pooled,0,cusum_fgo_minus_ekf,-11.246162997570906,-0.7455804329451783,-4.226354756074182,-1.388873169616358
size_5f,18,pooled,0,cusum_fgo_minus_fgo,-9.208950434819656,-0.7333663382070186,-2.910274052353752,-1.2615816375140927
size_5f,18,pooled,0,cusum_fgo_minus_cusum_ekf,-6.150054359569676,-0.379206344721724,-1.2745571711596415,-0.5517840570674997
size_5f,18,macro,0,cusum_fgo_minus_ekf,-7.556565881964339,-0.7455804329451784,-4.353204787517594,-1.3948696189647805
size_5f,18,macro,0,cusum_fgo_minus_fgo,-5.8232213525848735,-0.7333663382070189,-3.3832443164521377,-1.2285631867389324
size_5f,18,macro,0,cusum_fgo_minus_cusum_ekf,-4.591620336347503,-0.3792063447217239,-1.3626496886448392,-0.5730403360221448
size_5f,19,follower,1,cusum_fgo_minus_ekf,-8.067929561064613,-0.7035510067630957,-4.411979254948563,-1.3446586945068337
size_5f,19,follower,1,cusum_fgo_minus_fgo,-8.643207421651567,-1.224612369247339,-4.798297328936864,-1.9645599258562458
size_5f,19,follower,1,cusum_fgo_minus_cusum_ekf,-3.5944842335485707,-0.316085922544906,-1.1074192999893642,-0.4516149906800221
size_5f,19,follower,2,cusum_fgo_minus_ekf,-10.820460343222578,-1.213139554616773,-9.231653557712747,-2.5195742552885707
size_5f,19,follower,2,cusum_fgo_minus_fgo,-10.120256730745577,-1.3185962423181858,-5.725241169781915,-2.3119805667377444
size_5f,19,follower,2,cusum_fgo_minus_cusum_ekf,-6.282966371875228,-0.4383758286787812,-1.2138654680268741,-0.7490123516104142
size_5f,19,follower,3,cusum_fgo_minus_ekf,-7.574629617963325,-0.8568194388864524,-4.556840591427791,-1.527920655411032
size_5f,19,follower,3,cusum_fgo_minus_fgo,-5.828634195159433,-0.9649483648138065,-4.405240014784491,-1.613538143743884
size_5f,19,follower,3,cusum_fgo_minus_cusum_ekf,-4.87039749999772,-0.4404467200943737,-1.0040713034177116,-0.5740702499643553
size_5f,19,follower,4,cusum_fgo_minus_ekf,-7.586166569791371,-0.8120104648888187,-4.713497213567674,-1.4938166040716734
size_5f,19,follower,4,cusum_fgo_minus_fgo,-5.00881701776585,-0.7909787818893061,-3.3412073929940633,-1.266681937424253
size_5f,19,follower,4,cusum_fgo_minus_cusum_ekf,-4.040230254562581,-0.35228137515444286,-0.6139676124027418,-0.44725911867841667
size_5f,19,follower,5,cusum_fgo_minus_ekf,-5.371963530911968,-0.6501785071135469,-2.881626106742053,-1.0328270206674537
size_5f,19,follower,5,cusum_fgo_minus_fgo,-3.5844712079764642,-0.5118054765133637,-2.860188575629315,-0.8505009083589774
size_5f,19,follower,5,cusum_fgo_minus_cusum_ekf,-5.094739434965511,-0.45195318084338987,-1.3512086499015266,-0.6284394595919904
size_5f,19,pooled,0,cusum_fgo_minus_ekf,-10.272553284038668,-0.8471397944537375,-4.547373170026396,-1.6249917895608479
size_5f,19,pooled,0,cusum_fgo_minus_fgo,-9.57234967156167,-0.9621882469564003,-4.07094263310723,-1.6557847836865682
size_5f,19,pooled,0,cusum_fgo_minus_cusum_ekf,-5.73505931269132,-0.399828605463179,-1.0311033683216044,-0.5717757343444542
size_5f,19,macro,0,cusum_fgo_minus_ekf,-7.8842299245907705,-0.8471397944537375,-5.159119344879766,-1.5837594459891127
size_5f,19,macro,0,cusum_fgo_minus_fgo,-6.637077314659778,-0.9621882469564003,-4.22603489642533,-1.6014522964242206
size_5f,19,macro,0,cusum_fgo_minus_cusum_ekf,-4.776563558989921,-0.3998286054631788,-1.0581064667476434,-0.5700792341050396
size_5f,20,follower,1,cusum_fgo_minus_ekf,-10.182706926321838,-0.4783929008852432,-2.091756294775427,-1.237949714530128
size_5f,20,follower,1,cusum_fgo_minus_fgo,-9.454161771769574,-1.211840194395511,-5.945720603088638,-1.9625378155013458
size_5f,20,follower,1,cusum_fgo_minus_cusum_ekf,-4.873200908892414,-0.06212361650574216,-0.8196031827002672,-0.21166928495738158
size_5f,20,follower,2,cusum_fgo_minus_ekf,-9.884888729284878,-0.9165934617365514,-5.085676884101435,-1.744987515719373
size_5f,20,follower,2,cusum_fgo_minus_fgo,-9.243365797030172,-1.2477670490392079,-5.460034264391728,-2.07349944358779
size_5f,20,follower,2,cusum_fgo_minus_cusum_ekf,-6.451184472655657,-0.46351448115069904,-1.7370792255014285,-0.6965849672881992
size_5f,20,follower,3,cusum_fgo_minus_ekf,-9.923066682995486,-0.9206962377963152,-4.8633628262067745,-1.8361552446436362
size_5f,20,follower,3,cusum_fgo_minus_fgo,-3.7369277013607363,-0.8858727860673609,-3.636295655723568,-1.349463675383988
size_5f,20,follower,3,cusum_fgo_minus_cusum_ekf,-6.150086181130394,-0.43745032240263504,-1.0430267452498718,-0.5596411920739274
size_5f,20,follower,4,cusum_fgo_minus_ekf,-6.973070592241226,-0.6450210675721946,-2.877867468204658,-1.1857559733126606
size_5f,20,follower,4,cusum_fgo_minus_fgo,-6.760394724812603,-0.7626576644671057,-3.991146899578754,-1.3460133968033636
size_5f,20,follower,4,cusum_fgo_minus_cusum_ekf,-5.3087837940535465,-0.3392637382962227,-0.7606310889755931,-0.4522879635454571
size_5f,20,follower,5,cusum_fgo_minus_ekf,-5.702230081965052,-0.6829833192508584,-3.7835969900769917,-1.2082894856019393
size_5f,20,follower,5,cusum_fgo_minus_fgo,-4.043503426639354,-0.7183591803904369,-3.055068642223801,-1.0860731601617326
size_5f,20,follower,5,cusum_fgo_minus_cusum_ekf,-4.091872367991561,-0.31373991505435306,-1.2621517349110825,-0.48707326491657243
size_5f,20,pooled,0,cusum_fgo_minus_ekf,-10.182706926321838,-0.7287373974482327,-3.437626626869571,-1.4225562573049344
size_5f,20,pooled,0,cusum_fgo_minus_fgo,-9.454161771769574,-0.9652993748719245,-3.940880375688601,-1.5916791348385568
size_5f,20,pooled,0,cusum_fgo_minus_cusum_ekf,-5.912344965281696,-0.3232184146819306,-0.9963626539141595,-0.45664203648441504
size_5f,20,macro,0,cusum_fgo_minus_ekf,-8.533192602561694,-0.7287373974482327,-3.7404520926730567,-1.4426275867615475
size_5f,20,macro,0,cusum_fgo_minus_fgo,-6.647670684322488,-0.9652993748719247,-4.417653213001298,-1.5635174982876439
size_5f,20,macro,0,cusum_fgo_minus_cusum_ekf,-5.375025544944715,-0.32321841468193035,-1.124498395467648,-0.4814513345563076
size_5f,21,follower,1,cusum_fgo_minus_ekf,-7.025970512659962,-0.2936613302263378,-3.751021276523811,-0.8768290535220489
size_5f,21,follower,1,cusum_fgo_minus_fgo,-10.864538073970243,-1.1063427185637627,-4.346324188906053,-1.7238044960286971
size_5f,21,follower,1,cusum_fgo_minus_cusum_ekf,-3.378107125919725,0.16720355107448537,-0.646381620544696,0.03881088471650407
size_5f,21,follower,2,cusum_fgo_minus_ekf,-10.089677363827894,-0.9018364735736292,-6.606460651024208,-1.9536476908423537
size_5f,21,follower,2,cusum_fgo_minus_fgo,-9.60568321864359,-1.0979059271490006,-3.8733186079602495,-1.723141500311272
size_5f,21,follower,2,cusum_fgo_minus_cusum_ekf,-5.432789647469082,-0.12964618024614272,-0.581522335296129,-0.27261115452306384
size_5f,21,follower,3,cusum_fgo_minus_ekf,-8.923175710517409,-0.9817368250666165,-6.295186965006524,-1.9392727725274543
size_5f,21,follower,3,cusum_fgo_minus_fgo,-4.918711475319485,-0.7220237543759354,-3.510887818052343,-1.2192863524192825
size_5f,21,follower,3,cusum_fgo_minus_cusum_ekf,-5.310421928055463,-0.42726315968046813,-1.2319639466031997,-0.5977499445373423
size_5f,21,follower,4,cusum_fgo_minus_ekf,-5.194194124741215,-0.6910526616628428,-2.892124629188272,-1.033140848311051
size_5f,21,follower,4,cusum_fgo_minus_fgo,-4.2204489432633325,-0.5586170467629106,-1.891035444371644,-0.8624906424303647
size_5f,21,follower,4,cusum_fgo_minus_cusum_ekf,-3.8555681388674934,-0.5004382315895983,-1.196172020035207,-0.6349076590664076
size_5f,21,follower,5,cusum_fgo_minus_ekf,-4.86729584239543,-0.732326371515205,-4.204546148995755,-1.2791174011836612
size_5f,21,follower,5,cusum_fgo_minus_fgo,-4.708959746192134,-0.6034693598172823,-2.6554561730737616,-0.9873177190202614
size_5f,21,follower,5,cusum_fgo_minus_cusum_ekf,-4.686640266088055,-0.43139788508796173,-1.9021527349169163,-0.6985209526658586
size_5f,21,pooled,0,cusum_fgo_minus_ekf,-8.804331215338062,-0.7201227324089262,-3.878201018043086,-1.3613246832773624
size_5f,21,pooled,0,cusum_fgo_minus_fgo,-10.864538073970243,-0.8176717613337784,-2.729148611977263,-1.327307617280232
size_5f,21,pooled,0,cusum_fgo_minus_cusum_ekf,-4.14744349897925,-0.26430838110593713,-0.48343526664365744,-0.3343643607962239
size_5f,21,macro,0,cusum_fgo_minus_ekf,-7.220062710828383,-0.7201227324089263,-4.749867934147714,-1.4164015532773138
size_5f,21,macro,0,cusum_fgo_minus_fgo,-6.863668291477756,-0.8176717613337783,-3.2554044464728102,-1.3032081420419752
size_5f,21,macro,0,cusum_fgo_minus_cusum_ekf,-4.532705421279964,-0.264308381105937,-1.1116385314792299,-0.4329957652152333
size_5f,22,follower,1,cusum_fgo_minus_ekf,-8.808070129845873,-0.9131640924661031,-6.4423670363341685,-1.8120373969093349
size_5f,22,follower,1,cusum_fgo_minus_fgo,-11.486975159674587,-1.0942748037399312,-4.467790197504796,-1.9254545652933275
size_5f,22,follower,1,cusum_fgo_minus_cusum_ekf,-5.03350051293039,-0.38893514668720885,-1.1995497761805716,-0.5880290768966087
size_5f,22,follower,2,cusum_fgo_minus_ekf,-4.743494173331061,-0.619177233331601,-3.2944417157529617,-0.9963806293855869
size_5f,22,follower,2,cusum_fgo_minus_fgo,-4.220598179207405,-0.829825043539494,-3.6269449250524985,-1.3002282529690712
size_5f,22,follower,2,cusum_fgo_minus_cusum_ekf,-4.277401603618693,-0.43279923206233617,-1.7374752523621113,-0.681548626851436
size_5f,22,follower,3,cusum_fgo_minus_ekf,-5.0826783002642175,-0.5691316904271827,-3.086348371414169,-0.9424911258852062
size_5f,22,follower,3,cusum_fgo_minus_fgo,-4.359282061222711,-0.5804517728597226,-2.4803975019998115,-0.8504115936499537
size_5f,22,follower,3,cusum_fgo_minus_cusum_ekf,-3.2382109033748625,-0.3108642663994613,-0.944214161672851,-0.4302485878212676
size_5f,22,follower,4,cusum_fgo_minus_ekf,-7.917824228581753,-0.8155394817544153,-3.7520009053655503,-1.3725303525623715
size_5f,22,follower,4,cusum_fgo_minus_fgo,-4.283277750698041,-0.5543838589703762,-1.97240179660379,-0.825311944031644
size_5f,22,follower,4,cusum_fgo_minus_cusum_ekf,-4.708218252803059,-0.449689700407931,-1.1836387973827007,-0.5861784296254026
size_5f,22,follower,5,cusum_fgo_minus_ekf,-10.179422191759759,-0.9145989726725935,-6.3091146741036095,-1.8783811161826156
size_5f,22,follower,5,cusum_fgo_minus_fgo,-7.074348690864328,-0.8383731884341087,-4.1284422660112865,-1.4131054881457943
size_5f,22,follower,5,cusum_fgo_minus_cusum_ekf,-6.5397911039989705,-0.33987726409993557,-1.0262419829169147,-0.5380186255896865
size_5f,22,pooled,0,cusum_fgo_minus_ekf,-9.590428093595733,-0.7663222941303792,-3.889282554493894,-1.4285404156696955
size_5f,22,pooled,0,cusum_fgo_minus_fgo,-11.239963763192083,-0.7794617335087265,-3.3467198717256412,-1.300085309896407
size_5f,22,pooled,0,cusum_fgo_minus_cusum_ekf,-5.950797005834945,-0.3844331219313747,-1.1820130058295202,-0.5674393050325536
size_5f,22,macro,0,cusum_fgo_minus_ekf,-7.346297804756533,-0.7663222941303791,-4.576854540594091,-1.400364124185023
size_5f,22,macro,0,cusum_fgo_minus_fgo,-6.284896368333415,-0.7794617335087266,-3.3351953374344365,-1.2629023688179581
size_5f,22,macro,0,cusum_fgo_minus_cusum_ekf,-4.759424475345194,-0.3844331219313748,-1.21822399410303,-0.5648046693568802
size_5f,23,follower,1,cusum_fgo_minus_ekf,-7.46619738454204,-0.7426334665968065,-5.80170544535898,-1.459057957048747
size_5f,23,follower,1,cusum_fgo_minus_fgo,-6.5122099174587245,-1.0936039816183403,-5.141407514246195,-1.74044353413734
size_5f,23,follower,1,cusum_fgo_minus_cusum_ekf,-3.9933506590170667,-0.30557731478536565,-1.0831898152370687,-0.46246863509246905
size_5f,23,follower,2,cusum_fgo_minus_ekf,-7.365730983855251,-0.5895943494939999,-3.121116126737373,-1.2038303414905818
size_5f,23,follower,2,cusum_fgo_minus_fgo,-7.862362800674148,-0.9937375476130348,-4.340251218737034,-1.609230363662406
size_5f,23,follower,2,cusum_fgo_minus_cusum_ekf,-4.229102011477798,-0.1574294876467499,-0.7994998616719071,-0.29531385534575016
size_5f,23,follower,3,cusum_fgo_minus_ekf,-9.730399597527278,-0.8972317249940551,-3.2611638973970205,-1.6597274026608417
size_5f,23,follower,3,cusum_fgo_minus_fgo,-2.390884063707512,-0.6339076153030929,-2.3871006762716016,-0.9249880549814606
size_5f,23,follower,3,cusum_fgo_minus_cusum_ekf,-5.31175072753235,-0.4618026050850802,-1.0486784567325094,-0.5900337126880819
size_5f,23,follower,4,cusum_fgo_minus_ekf,-3.1219263224815097,-0.3713567548667034,-2.2973434594903557,-0.6295042198128519
size_5f,23,follower,4,cusum_fgo_minus_fgo,-3.3659311422528932,-0.48961533434246873,-2.3276280868978874,-0.7497662999395277
size_5f,23,follower,4,cusum_fgo_minus_cusum_ekf,-2.16622770527553,-0.16163104648018656,-0.5671857139615009,-0.2486907270163754
size_5f,23,follower,5,cusum_fgo_minus_ekf,-7.8342946109462765,-0.804016263244118,-5.597392275539109,-1.5592042361287906
size_5f,23,follower,5,cusum_fgo_minus_fgo,-6.4856009163819355,-0.8075121922757517,-3.288506890068589,-1.3665324222281932
size_5f,23,follower,5,cusum_fgo_minus_cusum_ekf,-5.253618478735903,-0.41061349261353197,-1.6705090265914335,-0.6613580251425448
size_5f,23,pooled,0,cusum_fgo_minus_ekf,-8.654495449219185,-0.6809665118391365,-2.9023853028707705,-1.3156066252563754
size_5f,23,pooled,0,cusum_fgo_minus_fgo,-7.630129803071123,-0.8036753342305375,-3.315584041538569,-1.3278110303927946
size_5f,23,pooled,0,cusum_fgo_minus_cusum_ekf,-5.09438205901027,-0.2994107893221828,-0.8863549018754968,-0.44475322195152567
size_5f,23,macro,0,cusum_fgo_minus_ekf,-7.10370977987047,-0.6809665118391367,-4.015744240904567,-1.3022648314283622
size_5f,23,macro,0,cusum_fgo_minus_fgo,-5.323397768095043,-0.8036753342305377,-3.496978877244261,-1.2781921349897858
size_5f,23,macro,0,cusum_fgo_minus_cusum_ekf,-4.19080991640773,-0.2994107893221828,-1.0338125748388838,-0.4515729910570442
size_5f,24,follower,1,cusum_fgo_minus_ekf,-7.365155203582391,-0.7136904568613041,-5.118346647290588,-1.440671691275431
size_5f,24,follower,1,cusum_fgo_minus_fgo,-8.092035184152124,-1.1299726685583824,-5.082443883041638,-1.806586198248742
size_5f,24,follower,1,cusum_fgo_minus_cusum_ekf,-4.597498261433153,-0.29468646160184186,-1.0329321841509531,-0.49486572950279206
size_5f,24,follower,2,cusum_fgo_minus_ekf,-8.564013194479074,-0.9463118873890751,-4.235465178620849,-1.7584023225335028
size_5f,24,follower,2,cusum_fgo_minus_fgo,-7.753898838223786,-1.1042874486394383,-4.059348310708978,-1.7791736946488035
size_5f,24,follower,2,cusum_fgo_minus_cusum_ekf,-4.537949010620766,-0.4052353535563421,-0.9880834943048946,-0.5448867586335463
size_5f,24,follower,3,cusum_fgo_minus_ekf,-6.601184940908998,-0.8932772649346665,-4.803622635128787,-1.608252793590871
size_5f,24,follower,3,cusum_fgo_minus_fgo,-5.611830124524322,-0.65175705968943,-2.680399885003599,-1.0439827519582816
size_5f,24,follower,3,cusum_fgo_minus_cusum_ekf,-5.320622639427039,-0.44529452483128273,-1.16458994419054,-0.6103669740300365
size_5f,24,follower,4,cusum_fgo_minus_ekf,-6.769445128584452,-0.702090232091394,-2.485208093067341,-1.1638272204413558
size_5f,24,follower,4,cusum_fgo_minus_fgo,-3.3863297826459995,-0.6174004832914342,-2.3249128627768187,-0.9602712047970619
size_5f,24,follower,4,cusum_fgo_minus_cusum_ekf,-3.9661293231661148,-0.44111915497619064,-0.9063032229757091,-0.5318958845553661
size_5f,24,follower,5,cusum_fgo_minus_ekf,-6.148711591978634,-0.8394650561182287,-5.083513317497904,-1.5137610792543081
size_5f,24,follower,5,cusum_fgo_minus_fgo,-4.375980129992504,-0.7632784725300382,-3.6446858932943837,-1.289461034353323
size_5f,24,follower,5,cusum_fgo_minus_cusum_ekf,-4.184174042313854,-0.41464779351310954,-0.9600662123463365,-0.5810918377420295
size_5f,24,pooled,0,cusum_fgo_minus_ekf,-7.850700237135315,-0.8189669794789337,-4.290103304384326,-1.484224236683195
size_5f,24,pooled,0,cusum_fgo_minus_fgo,-8.092035184152124,-0.8533392265417444,-3.1971750806026407,-1.4122981561333225
size_5f,24,pooled,0,cusum_fgo_minus_cusum_ekf,-4.597498261433153,-0.4001966576957535,-0.8417019836369779,-0.5311735945598145
size_5f,24,macro,0,cusum_fgo_minus_ekf,-7.089702011906711,-0.8189669794789338,-4.3452311743210945,-1.496983021419094
size_5f,24,macro,0,cusum_fgo_minus_fgo,-5.844014811907746,-0.8533392265417445,-3.558358166965084,-1.3758949768012425
size_5f,24,macro,0,cusum_fgo_minus_cusum_ekf,-4.521274655392185,-0.4001966576957534,-1.0103950115936864,-0.5526214368927542
size_5f,25,follower,1,cusum_fgo_minus_ekf,-9.485478178207538,-1.0010389734580514,-6.470265330102919,-1.9296758359765032
size_5f,25,follower,1,cusum_fgo_minus_fgo,-12.366536942719682,-1.233773263110229,-5.093296561376178,-2.2325529651689116
size_5f,25,follower,1,cusum_fgo_minus_cusum_ekf,-5.622689464058519,-0.465046687535141,-0.8155066245724432,-0.5872930822290603
size_5f,25,follower,2,cusum_fgo_minus_ekf,-8.50026078995051,-0.9906030213697733,-6.9662766929030395,-2.1452492624518094
size_5f,25,follower,2,cusum_fgo_minus_fgo,-7.716943976523622,-1.070622502107161,-5.036714594174356,-1.7622409314896812
size_5f,25,follower,2,cusum_fgo_minus_cusum_ekf,-5.329943917636941,-0.1665541214664955,-0.6436197314120842,-0.3450918290871142
size_5f,25,follower,3,cusum_fgo_minus_ekf,-5.16182656211279,-0.3053021675157883,-1.978831126597274,-0.5992864618703833
size_5f,25,follower,3,cusum_fgo_minus_fgo,-4.159629236268166,-0.48513543819281923,-2.0629815361344614,-0.7224217043508643
size_5f,25,follower,3,cusum_fgo_minus_cusum_ekf,-3.319132061924618,-0.07615762871511689,-0.7397116683696146,-0.1869966099353404
size_5f,25,follower,4,cusum_fgo_minus_ekf,-5.362835622897656,-0.567345356738726,-3.7721916467057155,-1.1488116853606036
size_5f,25,follower,4,cusum_fgo_minus_fgo,-5.993534364134183,-0.5789587603818919,-2.5905537355676165,-0.99099602258102
size_5f,25,follower,4,cusum_fgo_minus_cusum_ekf,-4.124769334344339,-0.18530681076035727,-0.6553936354840362,-0.31027413521680625
size_5f,25,follower,5,cusum_fgo_minus_ekf,-7.761667909762494,-0.46090141641698,-2.6264386875411923,-1.0742060633655943
size_5f,25,follower,5,cusum_fgo_minus_fgo,-4.1740357932068965,-0.546546512280299,-2.8204925711548654,-0.8705946047354225
size_5f,25,follower,5,cusum_fgo_minus_cusum_ekf,-6.19034667808342,-0.21770154756905313,-1.2764214536900942,-0.3945842226461438
size_5f,25,pooled,0,cusum_fgo_minus_ekf,-9.201662524384426,-0.6650381870998636,-4.293218807346465,-1.4244159609572657
size_5f,25,pooled,0,cusum_fgo_minus_fgo,-12.08272128889657,-0.78300729521448,-3.3809213456584972,-1.3596820103492882
size_5f,25,pooled,0,cusum_fgo_minus_cusum_ekf,-5.362386447227735,-0.22215335920923263,-0.8009443866796031,-0.3584320688107352
size_5f,25,macro,0,cusum_fgo_minus_ekf,-7.254413812586198,-0.6650381870998634,-4.362800696770028,-1.3794458618049787
size_5f,25,macro,0,cusum_fgo_minus_fgo,-6.882136062570509,-0.78300729521448,-3.520807799681495,-1.3157612456651802
size_5f,25,macro,0,cusum_fgo_minus_cusum_ekf,-4.917376291209567,-0.22215335920923263,-0.8261306227056544,-0.3648479758228931
size_5f,26,follower,1,cusum_fgo_minus_ekf,-12.834277726058781,-0.9476356791905766,-3.7525636733720518,-1.9930615238039175
size_5f,26,follower,1,cusum_fgo_minus_fgo,-10.55333389765915,-1.2558442933976406,-6.476580315860042,-2.2952822487238325
size_5f,26,follower,1,cusum_fgo_minus_cusum_ekf,-6.660224296772327,-0.5422213337324421,-1.6039184327939324,-0.7722696944333584
size_5f,26,follower,2,cusum_fgo_minus_ekf,-12.176317406687545,-1.0150124890421215,-5.223310690737686,-2.1468502012946864
size_5f,26,follower,2,cusum_fgo_minus_fgo,-12.015365546840442,-1.2944657432871642,-4.828650488877083,-2.327527693473604
size_5f,26,follower,2,cusum_fgo_minus_cusum_ekf,-6.658022873744191,-0.3631005259317863,-0.9075232890768408,-0.5511518417682056
size_5f,26,follower,3,cusum_fgo_minus_ekf,-7.072519541406279,-0.7455220270396513,-2.381953280135841,-1.2343520702541366
size_5f,26,follower,3,cusum_fgo_minus_fgo,-4.154941383199759,-0.572231117471789,-2.105897450134674,-0.8970084452840205
size_5f,26,follower,3,cusum_fgo_minus_cusum_ekf,-3.7140154412593525,-0.4288250506036676,-1.0647205789395835,-0.5318759348589316
size_5f,26,follower,4,cusum_fgo_minus_ekf,-7.388128966440365,-0.7228285894629066,-2.7814601060613926,-1.236357393567061
size_5f,26,follower,4,cusum_fgo_minus_fgo,-6.558429363927283,-0.6540082906218317,-3.6168716941066634,-1.2508162188370058
size_5f,26,follower,4,cusum_fgo_minus_cusum_ekf,-4.946228436430279,-0.4405437732754217,-1.1153756425939076,-0.5627855519329451
size_5f,26,follower,5,cusum_fgo_minus_ekf,-10.011521536578691,-0.8530374087252007,-4.193688314123835,-1.7424439977067168
size_5f,26,follower,5,cusum_fgo_minus_fgo,-8.12333682692417,-0.8303141518624743,-2.782478547035801,-1.4207551714671889
size_5f,26,follower,5,cusum_fgo_minus_cusum_ekf,-6.285153275983562,-0.2872013124414261,-0.9282227774030043,-0.4717929547265314
size_5f,26,pooled,0,cusum_fgo_minus_ekf,-12.672021393017527,-0.8568072386920912,-4.036645703911958,-1.7060536259782095
size_5f,26,pooled,0,cusum_fgo_minus_fgo,-12.015365546840442,-0.9213727193281799,-4.2380461150017865,-1.7171067244384846
size_5f,26,pooled,0,cusum_fgo_minus_cusum_ekf,-6.658022873744191,-0.41237839919694863,-1.0489418064150668,-0.5835613541390504
size_5f,26,macro,0,cusum_fgo_minus_ekf,-9.896553035434334,-0.8568072386920913,-3.666595212886161,-1.6706130373253039
size_5f,26,macro,0,cusum_fgo_minus_fgo,-8.281081403710163,-0.92137271932818,-3.9620956992028526,-1.6382779555571305
size_5f,26,macro,0,cusum_fgo_minus_cusum_ekf,-5.652728864837943,-0.41237839919694874,-1.1239521441614537,-0.5779751955439945
size_5f,27,follower,1,cusum_fgo_minus_ekf,-5.949538083046253,-0.4691998668874213,-3.384567449531199,-0.8911912439774268
size_5f,27,follower,1,cusum_fgo_minus_fgo,-8.9490586496973,-0.6433670867259098,-1.803621878371788,-1.1032006630073345
size_5f,27,follower,1,cusum_fgo_minus_cusum_ekf,-7.699612145613271,-0.6132238376478034,-3.097858955181698,-1.1037294814998537
size_5f,27,follower,2,cusum_fgo_minus_ekf,-4.242849331727679,-0.6157881644285643,-3.7198891911353362,-1.112273727384937
size_5f,27,follower,2,cusum_fgo_minus_fgo,-3.9233177798415433,-0.7053772052213692,-2.689962768223446,-1.0582786939303213
size_5f,27,follower,2,cusum_fgo_minus_cusum_ekf,-5.017730924564999,-0.3916279092408983,-1.965847860712517,-0.7456702734020606
size_5f,27,follower,3,cusum_fgo_minus_ekf,-4.6200021548309245,-0.6456672848185344,-3.433969792834341,-1.0238726279474193
size_5f,27,follower,3,cusum_fgo_minus_fgo,-3.57888179145401,-0.4182419340579354,-1.6583727794856364,-0.632937807053418
size_5f,27,follower,3,cusum_fgo_minus_cusum_ekf,-3.3829583452046714,-0.35493490947670525,-1.0808586607235164,-0.47786288972525126
size_5f,27,follower,4,cusum_fgo_minus_ekf,-2.7697776864815102,-0.1506549288450807,-1.7342563947710676,-0.3858840140338631
size_5f,27,follower,4,cusum_fgo_minus_fgo,-2.4461740208519114,-0.27564577248203403,-0.9840357529176456,-0.38373889573928444
size_5f,27,follower,4,cusum_fgo_minus_cusum_ekf,-1.5936643382055058,0.0003340861223559699,-0.7049306717500392,-0.11515851040470415
size_5f,27,follower,5,cusum_fgo_minus_ekf,-6.45364635445759,-0.6910437204226317,-3.254968894504122,-1.2074890148113666
size_5f,27,follower,5,cusum_fgo_minus_fgo,-5.655535489201652,-0.6289714813722868,-2.0505255801868367,-0.9956559194128483
size_5f,27,follower,5,cusum_fgo_minus_cusum_ekf,-4.165106796979513,-0.3725630861882486,-1.3078292571719399,-0.536352784866817
size_5f,27,pooled,0,cusum_fgo_minus_ekf,-5.949538083046253,-0.5144707930804464,-2.6974671732207485,-0.9149318143917855
size_5f,27,pooled,0,cusum_fgo_minus_fgo,-8.9490586496973,-0.5343206959719069,-1.71572393425534,-0.8482944088226005
size_5f,27,pooled,0,cusum_fgo_minus_cusum_ekf,-7.699612145613271,-0.34640313128625966,-1.3015307717919622,-0.6451635662997581
size_5f,27,macro,0,cusum_fgo_minus_ekf,-4.8071627221087905,-0.5144707930804464,-3.1055303445552127,-0.9241421256310025
size_5f,27,macro,0,cusum_fgo_minus_fgo,-4.9105935462092845,-0.5343206959719071,-1.8373037518370707,-0.8347623958286414
size_5f,27,macro,0,cusum_fgo_minus_cusum_ekf,-4.371814510113593,-0.3464031312862601,-1.631465081107942,-0.5957547879797374
size_5f,28,follower,1,cusum_fgo_minus_ekf,-6.37947202536602,-0.4600480101770148,-2.538638322893236,-0.8720481315267206
size_5f,28,follower,1,cusum_fgo_minus_fgo,-9.648712812571468,-1.0123485303090463,-4.400046284851504,-1.699877624215
size_5f,28,follower,1,cusum_fgo_minus_cusum_ekf,-6.187778642005076,-0.35431899750834495,-1.5912616915201272,-0.674818413936749
size_5f,28,follower,2,cusum_fgo_minus_ekf,-10.740237819161779,-1.0771794005955608,-7.867590757606312,-2.369241883296925
size_5f,28,follower,2,cusum_fgo_minus_fgo,-11.328482243559698,-1.3127967297193335,-5.432702911177515,-2.213689186666789
size_5f,28,follower,2,cusum_fgo_minus_cusum_ekf,-5.868699608784695,-0.2638572673344022,-1.7318744764618303,-0.5490663591829803
size_5f,28,follower,3,cusum_fgo_minus_ekf,-5.32845171435902,-0.5637581666176676,-2.6298365190065263,-0.8999242724051137
size_5f,28,follower,3,cusum_fgo_minus_fgo,-4.915491609901216,-0.5785487822553963,-3.498949529647008,-1.0124428336920355
size_5f,28,follower,3,cusum_fgo_minus_cusum_ekf,-4.225408006575484,-0.3821188907614692,-1.4410942102128002,-0.583820568064473
size_5f,28,follower,4,cusum_fgo_minus_ekf,-8.048517856469111,-0.7750773226923474,-5.080165434418196,-1.4542047114440768
size_5f,28,follower,4,cusum_fgo_minus_fgo,-6.479947163894015,-0.7264415247239019,-3.522792715179504,-1.317806790663436
size_5f,28,follower,4,cusum_fgo_minus_cusum_ekf,-4.817961595771555,-0.4576065075165402,-1.2660218643700363,-0.6548988578317126
size_5f,28,follower,5,cusum_fgo_minus_ekf,-10.668267169711921,-1.0587224109033213,-7.668939817883081,-2.1925572327091385
size_5f,28,follower,5,cusum_fgo_minus_fgo,-9.118026258084267,-1.0451096213072326,-4.694675538672866,-1.9148868636691612
size_5f,28,follower,5,cusum_fgo_minus_cusum_ekf,-7.340600588797913,-0.46558260279215447,-1.1539121022356302,-0.6949023687061867
size_5f,28,pooled,0,cusum_fgo_minus_ekf,-9.59813798476765,-0.7869570621971822,-4.383384296341705,-1.552612872025788
size_5f,28,pooled,0,cusum_fgo_minus_fgo,-10.186382409165569,-0.9350490376629819,-3.751735009464735,-1.6295571431099338
size_5f,28,pooled,0,cusum_fgo_minus_cusum_ekf,-6.187778642005076,-0.3846968531825823,-1.1939440636202951,-0.6032909225784661
size_5f,28,macro,0,cusum_fgo_minus_ekf,-8.23298931701357,-0.7869570621971824,-5.15703417036147,-1.557595246276395
size_5f,28,macro,0,cusum_fgo_minus_fgo,-8.298132017602134,-0.9350490376629821,-4.309833395905679,-1.631740659781284
size_5f,28,macro,0,cusum_fgo_minus_cusum_ekf,-5.688089688386945,-0.3846968531825823,-1.436832868960085,-0.6315013135444202
size_5f,29,follower,1,cusum_fgo_minus_ekf,-9.011703850020307,-0.4023078306204215,-5.050218426413075,-1.1031349650840785
size_5f,29,follower,1,cusum_fgo_minus_fgo,-8.606743895763305,-0.8952702116065541,-3.7590706463594423,-1.454714565883332
size_5f,29,follower,1,cusum_fgo_minus_cusum_ekf,-5.462472114065133,-0.023987603790849965,-0.9536515394186997,-0.24982574786121847
size_5f,29,follower,2,cusum_fgo_minus_ekf,-8.417700999494757,-1.0328466008798523,-5.628363271768344,-1.9373992200854977
size_5f,29,follower,2,cusum_fgo_minus_fgo,-7.925537165056596,-1.062305551386741,-5.071771681166954,-1.7910850573384318
size_5f,29,follower,2,cusum_fgo_minus_cusum_ekf,-4.951163723821667,-0.3929140759865254,-0.8970842090737368,-0.5527245013558904
size_5f,29,follower,3,cusum_fgo_minus_ekf,-5.054103038208347,-0.6688355307747604,-2.6921090087332042,-1.0649086067404112
size_5f,29,follower,3,cusum_fgo_minus_fgo,-6.061585216931226,-0.7072569138343023,-2.8342670330829556,-1.1534600937875013
size_5f,29,follower,3,cusum_fgo_minus_cusum_ekf,-4.2120482528200505,-0.36321413361873434,-0.8299164489414862,-0.4698862021193889
size_5f,29,follower,4,cusum_fgo_minus_ekf,-6.693280278080591,-0.6728321268182369,-2.851726998712936,-1.1240799884536608
size_5f,29,follower,4,cusum_fgo_minus_fgo,-4.102632615890703,-0.596615711095253,-2.8672980462060433,-0.9924548603853218
size_5f,29,follower,4,cusum_fgo_minus_cusum_ekf,-4.823241743723061,-0.42797203160501535,-0.8185301551089158,-0.526869957548702
size_5f,29,follower,5,cusum_fgo_minus_ekf,-7.206757965509638,-1.1289928962342877,-6.994897948022684,-2.241332196076213
size_5f,29,follower,5,cusum_fgo_minus_fgo,-6.42420440760508,-1.02915277224748,-5.154879419906218,-1.774951581829025
size_5f,29,follower,5,cusum_fgo_minus_cusum_ekf,-5.675260943803931,-0.37708788583253117,-0.8936301742782942,-0.5809114085315488
size_5f,29,pooled,0,cusum_fgo_minus_ekf,-9.011703850020307,-0.7811629970655118,-4.579489638350246,-1.4704337144786326
size_5f,29,pooled,0,cusum_fgo_minus_fgo,-8.606743895763305,-0.8581202320340662,-3.2731100846771,-1.4129544627835213
size_5f,29,pooled,0,cusum_fgo_minus_cusum_ekf,-5.462472114065133,-0.31703514616673134,-0.47604637719422116,-0.4194815173200609
size_5f,29,macro,0,cusum_fgo_minus_ekf,-7.276709226262729,-0.7811629970655117,-4.643463130730049,-1.4941709952879723
size_5f,29,macro,0,cusum_fgo_minus_fgo,-6.62414066024938,-0.8581202320340658,-3.9374573653443212,-1.4333332318447225
size_5f,29,macro,0,cusum_fgo_minus_cusum_ekf,-5.024837355646768,-0.31703514616673123,-0.8785625053642265,-0.47604356348334975
size_5f,30,follower,1,cusum_fgo_minus_ekf,-8.27631538791459,-0.8245259527769625,-5.163972492813239,-1.6095218321689382
size_5f,30,follower,1,cusum_fgo_minus_fgo,-7.116014583142829,-1.1832814954514963,-5.143071206362883,-1.8445871903920965
size_5f,30,follower,1,cusum_fgo_minus_cusum_ekf,-5.047173293224229,-0.3194149742925475,-1.082948213986536,-0.4889820163085844
size_5f,30,follower,2,cusum_fgo_minus_ekf,-10.312036525346068,-0.7724641289459389,-6.354426043995903,-1.72471929935001
size_5f,30,follower,2,cusum_fgo_minus_fgo,-8.353065290902228,-1.1426113055072522,-5.780074289425245,-1.8946287294133861
size_5f,30,follower,2,cusum_fgo_minus_cusum_ekf,-6.922156356160183,-0.14158277112997308,-1.085234280173389,-0.42446947641425825
size_5f,30,follower,3,cusum_fgo_minus_ekf,-5.6412785318144305,-0.8566137686180377,-4.2225922382169605,-1.3750003732437062
size_5f,30,follower,3,cusum_fgo_minus_fgo,-5.214911579340837,-0.7525617312430899,-3.4495850417092466,-1.2059558744281718
size_5f,30,follower,3,cusum_fgo_minus_cusum_ekf,-4.563467896919713,-0.5149143497600335,-1.4739757983970083,-0.689481541064884
size_5f,30,follower,4,cusum_fgo_minus_ekf,-8.434013683009484,-0.8348572837316209,-4.106465635819498,-1.6153971501725186
size_5f,30,follower,4,cusum_fgo_minus_fgo,-3.9137309423773723,-0.769417258278389,-3.1558820134120666,-1.2090987681576122
size_5f,30,follower,4,cusum_fgo_minus_cusum_ekf,-6.185410638145095,-0.46326262533903084,-1.1735154093754003,-0.6668542239319646
size_5f,30,follower,5,cusum_fgo_minus_ekf,-7.6551695993093904,-1.0875029472776532,-7.564368401018541,-2.217644790432124
size_5f,30,follower,5,cusum_fgo_minus_fgo,-6.969677754990915,-1.0311052348884446,-5.629883274259421,-1.908108037574846
size_5f,30,follower,5,cusum_fgo_minus_cusum_ekf,-4.820955308290176,-1.0172938155574838,-2.559492277686733,-1.299162883438795
size_5f,30,pooled,0,cusum_fgo_minus_ekf,-10.312036525346068,-0.8751928162700428,-5.155201950731745,-1.676330900218736
size_5f,30,pooled,0,cusum_fgo_minus_fgo,-8.353065290902228,-0.9757954050737344,-4.211223371004219,-1.616542452272273
size_5f,30,pooled,0,cusum_fgo_minus_cusum_ekf,-6.922156356160183,-0.4912937072158138,-1.4204826427051702,-0.6759772132873502
size_5f,30,macro,0,cusum_fgo_minus_ekf,-8.063762745478794,-0.8751928162700426,-5.482364962372829,-1.708456689073459
size_5f,30,macro,0,cusum_fgo_minus_fgo,-6.313480030150836,-0.9757954050737345,-4.631699165033773,-1.6124757199932225
size_5f,30,macro,0,cusum_fgo_minus_cusum_ekf,-5.50783269854788,-0.4912937072158139,-1.4750331959238134,-0.7137900282316971
size_5f,31,follower,1,cusum_fgo_minus_ekf,-4.99858263376826,-0.17417903124240652,-1.9340122146728715,-0.4595875725724521
size_5f,31,follower,1,cusum_fgo_minus_fgo,-7.729262914260559,-0.7410430101483034,-2.5664977357281575,-1.094474298264576
size_5f,31,follower,1,cusum_fgo_minus_cusum_ekf,-4.944114699899149,-0.07002119330653978,-1.4119102909167127,-0.32424237978000425
size_5f,31,follower,2,cusum_fgo_minus_ekf,-10.766641354416086,-0.842123619249145,-8.647695567790198,-2.051673301697498
size_5f,31,follower,2,cusum_fgo_minus_fgo,-10.454002942104326,-1.1656036970475148,-5.298321098258837,-2.0225524080882256
size_5f,31,follower,2,cusum_fgo_minus_cusum_ekf,-7.456930644326054,-0.23565590540537085,-1.6170313534552785,-0.5052106801768075
size_5f,31,follower,3,cusum_fgo_minus_ekf,-6.056928938002775,-0.5582463442154861,-2.7838747132925956,-0.9087371499022092
size_5f,31,follower,3,cusum_fgo_minus_fgo,-5.7212342281706245,-0.6605475096195685,-2.6522928417463962,-1.0624388408862826
size_5f,31,follower,3,cusum_fgo_minus_cusum_ekf,-4.435397771736253,-0.3879747910406859,-1.5316727142289255,-0.5887538703485031
size_5f,31,follower,4,cusum_fgo_minus_ekf,-7.375219071942585,-0.5241785397632808,-2.7954110975129116,-1.1316706273741461
size_5f,31,follower,4,cusum_fgo_minus_fgo,-7.042536927831009,-0.6801046259163421,-2.522069352850509,-1.1812790439869758
size_5f,31,follower,4,cusum_fgo_minus_cusum_ekf,-5.356345654559673,-0.21123721606143409,-0.6891136825115602,-0.35394063372036255
size_5f,31,follower,5,cusum_fgo_minus_ekf,-10.035819540151861,-0.7860891444994976,-3.1754323228978967,-1.4483139713601094
size_5f,31,follower,5,cusum_fgo_minus_fgo,-5.311531445331369,-0.5316119012030102,-2.2471002083486473,-0.9425955230667376
size_5f,31,follower,5,cusum_fgo_minus_cusum_ekf,-5.870819648773923,-0.7332190622995386,-2.0176848380528742,-0.9510615643279225
size_5f,31,pooled,0,cusum_fgo_minus_ekf,-9.53901779343875,-0.5769633357939632,-2.3360381326558275,-1.167101968646986
size_5f,31,pooled,0,cusum_fgo_minus_fgo,-9.226379381126991,-0.7557821487869478,-2.424497953290413,-1.25176574668229
size_5f,31,pooled,0,cusum_fgo_minus_cusum_ekf,-6.2293070833487185,-0.3276216336227138,-1.064344285218319,-0.509818021786834
size_5f,31,macro,0,cusum_fgo_minus_ekf,-7.846638307656312,-0.5769633357939632,-3.867285183233294,-1.1999965245812834
size_5f,31,macro,0,cusum_fgo_minus_fgo,-7.251713691539577,-0.7557821487869478,-3.0572562473865093,-1.2606680228585594
size_5f,31,macro,0,cusum_fgo_minus_cusum_ekf,-5.61272168385901,-0.3276216336227138,-1.45348257583307,-0.5446418256707204
size_5f,32,follower,1,cusum_fgo_minus_ekf,-11.880485648198267,-0.8961799189309967,-5.313358763485518,-1.852801042931727
size_5f,32,follower,1,cusum_fgo_minus_fgo,-12.278752730603909,-1.4555242079655164,-7.598028328247894,-2.680661509384184
size_5f,32,follower,1,cusum_fgo_minus_cusum_ekf,-5.464590871483128,-0.41365260231387757,-1.3329215631099252,-0.6272835225948745
size_5f,32,follower,2,cusum_fgo_minus_ekf,-11.969856376547837,-1.12345548202694,-7.492955134284138,-2.2284507246246523
size_5f,32,follower,2,cusum_fgo_minus_fgo,-10.890971714080637,-1.4286328294926482,-5.848100147774325,-2.415290030453284
size_5f,32,follower,2,cusum_fgo_minus_cusum_ekf,-5.937985622618754,-0.47364599394098306,-1.5610383807638235,-0.7276577513840529
size_5f,32,follower,3,cusum_fgo_minus_ekf,-8.280450003099919,-0.9360378538857119,-5.196775479817163,-1.6258215347056697
size_5f,32,follower,3,cusum_fgo_minus_fgo,-5.66668244298755,-0.9129728599524893,-4.185018670051006,-1.4116942568349047
size_5f,32,follower,3,cusum_fgo_minus_cusum_ekf,-5.1085384098378075,-0.48934857515752284,-1.7571439167795493,-0.7193007047462187
size_5f,32,follower,4,cusum_fgo_minus_ekf,-6.20290536509671,-0.7944069642749563,-4.415539927849817,-1.4079938978744206
size_5f,32,follower,4,cusum_fgo_minus_fgo,-6.744689018379168,-0.8241832380033007,-4.377194069819612,-1.4199642935249666
size_5f,32,follower,4,cusum_fgo_minus_cusum_ekf,-4.543003969395257,-0.44329909720245186,-1.2394566206511446,-0.6192908651937317
size_5f,32,follower,5,cusum_fgo_minus_ekf,-6.943430366741431,-0.8861316811748023,-5.733860065469465,-1.6584723903552971
size_5f,32,follower,5,cusum_fgo_minus_fgo,-5.3462198347726115,-0.8430848365823629,-4.360429109117979,-1.4237214741920612
size_5f,32,follower,5,cusum_fgo_minus_cusum_ekf,-5.263634035458875,-0.3562104788917806,-0.955383448700919,-0.5127823241781188
size_5f,32,pooled,0,cusum_fgo_minus_ekf,-11.880485648198267,-0.9272423800586816,-4.995165401151821,-1.767362079032337
size_5f,32,pooled,0,cusum_fgo_minus_fgo,-12.278752730603909,-1.0928795943992635,-4.771617783593532,-1.9353144718381534
size_5f,32,pooled,0,cusum_fgo_minus_cusum_ekf,-5.464590871483128,-0.43523134950132325,-1.3108265110463062,-0.6397613409337474
size_5f,32,macro,0,cusum_fgo_minus_ekf,-9.055425551936834,-0.9272423800586813,-5.63049787418122,-1.754707918098353
size_5f,32,macro,0,cusum_fgo_minus_fgo,-8.185463148164775,-1.092879594399263,-5.273754065002164,-1.8702663128778798
size_5f,32,macro,0,cusum_fgo_minus_cusum_ekf,-5.263550581758764,-0.43523134950132314,-1.3691887860010725,-0.6412630336193992
size_5f,33,follower,1,cusum_fgo_minus_ekf,-9.173528274425816,-0.5674946574255875,-5.635971375745189,-1.3038734794648847
size_5f,33,follower,1,cusum_fgo_minus_fgo,-7.473561023167718,-1.0242435517696873,-5.209067143515002,-1.6574570310519288
size_5f,33,follower,1,cusum_fgo_minus_cusum_ekf,-6.994713436366216,-0.31099440006637913,-1.8637280883785574,-0.7368233024426212
size_5f,33,follower,2,cusum_fgo_minus_ekf,-9.351767237439866,-0.6489022932821715,-6.302650110775306,-1.6516040248085293
size_5f,33,follower,2,cusum_fgo_minus_fgo,-8.683213509105165,-1.2104710669043959,-4.969742645936009,-1.816434689405734
size_5f,33,follower,2,cusum_fgo_minus_cusum_ekf,-4.797924380096831,0.06958889305637839,-0.7204285496200953,-0.10926125414100984
size_5f,33,follower,3,cusum_fgo_minus_ekf,-6.457401802789461,-0.7046643754240317,-3.7885607956774057,-1.1569616038420198
size_5f,33,follower,3,cusum_fgo_minus_fgo,-5.016759124760438,-0.6738083962309512,-3.223609574961006,-1.097815459399723
size_5f,33,follower,3,cusum_fgo_minus_cusum_ekf,-3.9867663223731666,-0.3951353948149615,-1.0705526482307972,-0.5121844673485135
size_5f,33,follower,4,cusum_fgo_minus_ekf,-8.808703204793886,-0.8471278499173764,-5.240001953685433,-1.598178670769665
size_5f,33,follower,4,cusum_fgo_minus_fgo,-5.289589472298332,-0.7813779716133731,-3.856861722576378,-1.2778006566759894
size_5f,33,follower,4,cusum_fgo_minus_cusum_ekf,-5.262704098074069,-0.4404536717258179,-0.9906016494507895,-0.576370756305574
size_5f,33,follower,5,cusum_fgo_minus_ekf,-4.688618058244545,-0.53539368081582,-3.0338314473148555,-0.885767402474861
size_5f,33,follower,5,cusum_fgo_minus_fgo,-3.126290200571755,-0.46456816126931,-2.576882063616435,-0.7599525551422754
size_5f,33,follower,5,cusum_fgo_minus_cusum_ekf,-4.380284462918146,-0.36496244186483984,-1.517055775378304,-0.5639536731012103
size_5f,33,pooled,0,cusum_fgo_minus_ekf,-9.244825321753257,-0.6607165713729977,-3.6632277372259816,-1.2930461607479393
size_5f,33,pooled,0,cusum_fgo_minus_fgo,-8.576271593418557,-0.8308938295575434,-3.2470856681845,-1.3481125079009413
size_5f,33,pooled,0,cusum_fgo_minus_cusum_ekf,-6.994713436366216,-0.2883914030831243,-0.8774327205124448,-0.4766913225975311
size_5f,33,macro,0,cusum_fgo_minus_ekf,-7.696003715538715,-0.6607165713729977,-4.800203136639638,-1.319277036271992
size_5f,33,macro,0,cusum_fgo_minus_fgo,-5.917882665980681,-0.8308938295575434,-3.967232630120967,-1.32189207833513
size_5f,33,macro,0,cusum_fgo_minus_cusum_ekf,-5.084478539965686,-0.28839140308312405,-1.2324733422117091,-0.49971869066778574
size_5f,34,follower,1,cusum_fgo_minus_ekf,-11.135997066107423,-1.123149530475612,-8.316074242214972,-2.372407809985708
size_5f,34,follower,1,cusum_fgo_minus_fgo,-11.464782274709567,-1.2428095307813352,-6.16656450154046,-2.2520482627205727
size_5f,34,follower,1,cusum_fgo_minus_cusum_ekf,-7.3324571060111765,-0.5524632185081328,-1.9673339927089162,-0.9876571885493344
size_5f,34,follower,2,cusum_fgo_minus_ekf,-5.887365692829606,-0.6732645781240645,-2.958192743091978,-1.096546273339851
size_5f,34,follower,2,cusum_fgo_minus_fgo,-4.297634349638164,-0.9000651145198291,-3.88253722931011,-1.3224862979461787
size_5f,34,follower,2,cusum_fgo_minus_cusum_ekf,-3.5771581658004874,-0.5765667644096377,-2.482648897571803,-0.8683542185601323
size_5f,34,follower,3,cusum_fgo_minus_ekf,-6.596002830268742,-0.5286853491944239,-4.335616351088157,-1.1534305338472228
size_5f,34,follower,3,cusum_fgo_minus_fgo,-4.305803187933344,-0.5808766043738249,-2.845943050801643,-0.9131130820494822
size_5f,34,follower,3,cusum_fgo_minus_cusum_ekf,-4.233580203572199,-0.09183892360366741,-0.7444230086635577,-0.22095607786988336
size_5f,34,follower,4,cusum_fgo_minus_ekf,-6.68343397709486,-0.7190335624486992,-4.5530249771984765,-1.3110243949612288
size_5f,34,follower,4,cusum_fgo_minus_fgo,-4.533942749706029,-0.537751913380009,-2.0035731777114263,-0.8366433408473665
size_5f,34,follower,4,cusum_fgo_minus_cusum_ekf,-4.463450576888161,-0.4482229809595464,-1.581017635435786,-0.6587939256898642
size_5f,34,follower,5,cusum_fgo_minus_ekf,-7.797374008999485,-0.8973234698321457,-6.277923761718604,-1.827535710198381
size_5f,34,follower,5,cusum_fgo_minus_fgo,-7.4241630827221545,-0.987917701917427,-4.264013134511181,-1.6698661284395462
size_5f,34,follower,5,cusum_fgo_minus_cusum_ekf,-5.061738292877738,-0.307804763433116,-1.4068244170261937,-0.5514510014806044
size_5f,34,pooled,0,cusum_fgo_minus_ekf,-11.062252606855065,-0.7882912980149893,-4.760329636436602,-1.5888777847851765
size_5f,34,pooled,0,cusum_fgo_minus_fgo,-11.391037815457207,-0.8498841729944847,-3.399265784006241,-1.447587343630838
size_5f,34,pooled,0,cusum_fgo_minus_cusum_ekf,-7.258712646758817,-0.39537933018282023,-1.5956225943675322,-0.6667512699321588
size_5f,34,macro,0,cusum_fgo_minus_ekf,-7.620034715060023,-0.7882912980149888,-5.288166415062438,-1.5521889444664785
size_5f,34,macro,0,cusum_fgo_minus_fgo,-6.405265128941852,-0.8498841729944848,-3.832526218774964,-1.398831422400629
size_5f,34,macro,0,cusum_fgo_minus_cusum_ekf,-4.933676869029952,-0.3953793301828199,-1.6364495902812515,-0.6574424824299638
size_5f,35,follower,1,cusum_fgo_minus_ekf,-9.053874159656921,-1.045396345862609,-7.099612620112625,-2.029825346001382
size_5f,35,follower,1,cusum_fgo_minus_fgo,-9.47810455288996,-1.2413242565624516,-4.549963968317618,-2.0703263264629723
size_5f,35,follower,1,cusum_fgo_minus_cusum_ekf,-4.876428457160578,-0.4252887320345675,-1.0256703105235123,-0.5837512931195302
size_5f,35,follower,2,cusum_fgo_minus_ekf,-7.43143258719166,-0.9318753729201418,-3.8654435983609003,-1.4228445766023339
size_5f,35,follower,2,cusum_fgo_minus_fgo,-4.39140933092933,-0.9812911497159008,-3.7679018008198293,-1.4265235702308066
size_5f,35,follower,2,cusum_fgo_minus_cusum_ekf,-7.921999528993945,-0.6260349990299495,-1.5020128195357543,-1.0211071779154461
size_5f,35,follower,3,cusum_fgo_minus_ekf,-7.496473484629327,-0.9437394767912474,-6.510245917723382,-1.7900222647689166
size_5f,35,follower,3,cusum_fgo_minus_fgo,-5.316237168798999,-0.6896651004843982,-2.9185730705067305,-1.1774223563946453
size_5f,35,follower,3,cusum_fgo_minus_cusum_ekf,-4.868158029673312,-0.48534698265130094,-1.2004666596094393,-0.6228937044380171
size_5f,35,follower,4,cusum_fgo_minus_ekf,-5.558962193555802,-0.7429760333029166,-3.207427204865728,-1.1027912273614369
size_5f,35,follower,4,cusum_fgo_minus_fgo,-3.9270584442922063,-0.5254998186117291,-1.8191269305371631,-0.817971989153111
size_5f,35,follower,4,cusum_fgo_minus_cusum_ekf,-3.1306567404578702,-0.45819953953962445,-0.9894840356730825,-0.5506175795352899
size_5f,35,follower,5,cusum_fgo_minus_ekf,-8.117161790673556,-1.0899481587419122,-7.1097079880429765,-2.0816398662632962
size_5f,35,follower,5,cusum_fgo_minus_fgo,-6.120319298857659,-0.9898571120373579,-3.808244337385498,-1.5913970536597346
size_5f,35,follower,5,cusum_fgo_minus_cusum_ekf,-6.0248290201121435,-0.45480086770713557,-1.0060796827015026,-0.6078835608677365
size_5f,35,pooled,0,cusum_fgo_minus_ekf,-8.665885025675749,-0.9507870775237653,-4.987514681427076,-1.6896259602114831
size_5f,35,pooled,0,cusum_fgo_minus_fgo,-9.090115418908788,-0.8855274874823676,-3.577782697454306,-1.4485992478488448
size_5f,35,pooled,0,cusum_fgo_minus_cusum_ekf,-7.921999528993945,-0.48993422419251564,-1.0609932954340475,-0.6923174767959828
size_5f,35,macro,0,cusum_fgo_minus_ekf,-7.5315808431414535,-0.9507870775237651,-5.5584874658211225,-1.6854246561994728
size_5f,35,macro,0,cusum_fgo_minus_fgo,-5.84662575915363,-0.8855274874823674,-3.372762021513368,-1.4167282591802532
size_5f,35,macro,0,cusum_fgo_minus_cusum_ekf,-5.364414355279569,-0.4899342241925154,-1.144742701608658,-0.677250663175204
size_5f,36,follower,1,cusum_fgo_minus_ekf,-6.069530897337034,-0.34024500148867554,-4.347852885014461,-0.8925318599744891
size_5f,36,follower,1,cusum_fgo_minus_fgo,-9.118670740393743,-1.016036882347578,-4.260393993656528,-1.5875061216994488
size_5f,36,follower,1,cusum_fgo_minus_cusum_ekf,-3.9638603348676646,-0.09416537498118105,-1.6142177617705005,-0.3774917638284345
size_5f,36,follower,2,cusum_fgo_minus_ekf,-9.162367832781808,-0.7861773879762037,-6.366874055840608,-1.6676920786301488
size_5f,36,follower,2,cusum_fgo_minus_fgo,-8.492398463503488,-1.1154814065149756,-4.635453266160628,-1.6749391095525716
size_5f,36,follower,2,cusum_fgo_minus_cusum_ekf,-6.448962926417176,-0.48877224947988984,-3.6381090545149926,-0.9683071020104315
size_5f,36,follower,3,cusum_fgo_minus_ekf,-7.457977794869506,-0.9917221790229235,-5.54626233445341,-1.7037058426267337
size_5f,36,follower,3,cusum_fgo_minus_fgo,-4.87966573289607,-0.750808914972196,-2.9430123387738902,-1.190126001034045
size_5f,36,follower,3,cusum_fgo_minus_cusum_ekf,-4.948522098872856,-0.6118320678012047,-1.9392411524230246,-0.8068587302636345
size_5f,36,follower,4,cusum_fgo_minus_ekf,-8.420133663974791,-0.8027963044721977,-3.3684740793176347,-1.3883160976227504
size_5f,36,follower,4,cusum_fgo_minus_fgo,-3.946810617042524,-0.6306699295206861,-2.507443973558966,-0.9808762252126869
size_5f,36,follower,4,cusum_fgo_minus_cusum_ekf,-5.5252233719867165,-0.547729774810872,-1.5544209726120193,-0.7074119999443648
size_5f,36,follower,5,cusum_fgo_minus_ekf,-4.908341759265583,-0.7957763498335296,-3.599117635803628,-1.3200976383512741
size_5f,36,follower,5,cusum_fgo_minus_fgo,-3.920053596190221,-0.7469861006898283,-3.1086708194895594,-1.1907267773494885
size_5f,36,follower,5,cusum_fgo_minus_cusum_ekf,-3.4866635836953073,-0.435027825362564,-1.0399101107842115,-0.5731577490090481
size_5f,36,pooled,0,cusum_fgo_minus_ekf,-9.037602341404224,-0.7433434445587058,-3.6241323613439596,-1.315516792091763
size_5f,36,pooled,0,cusum_fgo_minus_fgo,-9.118670740393743,-0.8519966468090528,-2.8053685794915015,-1.3211735678806127
size_5f,36,pooled,0,cusum_fgo_minus_cusum_ekf,-6.324197435039593,-0.43550545848714217,-1.3768259498469588,-0.6392894663645246
size_5f,36,macro,0,cusum_fgo_minus_ekf,-7.203670389645746,-0.7433434445587063,-4.645716198085948,-1.3944687034410788
size_5f,36,macro,0,cusum_fgo_minus_fgo,-6.07151983000521,-0.8519966468090528,-3.4909948783279146,-1.324834846969648
size_5f,36,macro,0,cusum_fgo_minus_cusum_ekf,-4.874646463167944,-0.4355054584871426,-1.9571798104209495,-0.6866454690111827
size_5f,37,follower,1,cusum_fgo_minus_ekf,-12.398948083118862,-0.9235354191410715,-6.983874478011465,-2.0501144506013196
size_5f,37,follower,1,cusum_fgo_minus_fgo,-12.85389519782645,-1.229317510746033,-4.829758999171834,-2.300179815891495
size_5f,37,follower,1,cusum_fgo_minus_cusum_ekf,-4.914758327692567,-0.47388509726925265,-1.7423005835999288,-0.7686697133922604
size_5f,37,follower,2,cusum_fgo_minus_ekf,-3.979367630295653,-0.5371778373131035,-2.8155980585545137,-0.8802423892546102
size_5f,37,follower,2,cusum_fgo_minus_fgo,-4.719038126435663,-0.8858365159719492,-4.309119041045904,-1.4901497900585485
size_5f,37,follower,2,cusum_fgo_minus_cusum_ekf,-2.7126522354455664,-0.9430158564474573,-2.135536825714921,-1.1205997479814616
size_5f,37,follower,3,cusum_fgo_minus_ekf,-6.022504207730016,-0.7455888706244962,-2.95232061681711,-1.1910761041798885
size_5f,37,follower,3,cusum_fgo_minus_fgo,-2.4967505886148866,-0.6254602252726842,-2.246330826829406,-0.9084242191897152
size_5f,37,follower,3,cusum_fgo_minus_cusum_ekf,-3.6392964287149536,-0.45702191891850097,-1.1004395215536027,-0.5779368214980958
size_5f,37,follower,4,cusum_fgo_minus_ekf,-4.231549620906699,-0.4022870040596619,-2.7881629369521237,-0.8025987641942736
size_5f,37,follower,4,cusum_fgo_minus_fgo,-4.935491470999286,-0.5499065005398048,-2.708779122745507,-0.9654115232531939
size_5f,37,follower,4,cusum_fgo_minus_cusum_ekf,-3.215108747143212,-0.16007189536722854,-0.7436643489469572,-0.271810862400669
size_5f,37,follower,5,cusum_fgo_minus_ekf,-7.343019801590964,-1.1229675193556405,-6.016938021577301,-1.9426268381569214
size_5f,37,follower,5,cusum_fgo_minus_fgo,-5.598506188601927,-0.9983975613597591,-4.387142183297199,-1.5869138316766005
size_5f,37,follower,5,cusum_fgo_minus_cusum_ekf,-4.982548469488396,-0.7887419340357302,-2.215821720867799,-1.0467082867777506
size_5f,37,pooled,0,cusum_fgo_minus_ekf,-12.255509194855414,-0.7463113300987948,-3.7982895403700923,-1.4351376446126554
size_5f,37,pooled,0,cusum_fgo_minus_fgo,-12.710456309563002,-0.8577836627780459,-3.869530786298924,-1.5234804684378997
size_5f,37,pooled,0,cusum_fgo_minus_cusum_ekf,-4.771319439429119,-0.5645473404076337,-1.7404615503778598,-0.7942094066875427
size_5f,37,macro,0,cusum_fgo_minus_ekf,-6.7950778687284386,-0.7463113300987947,-4.311378822382503,-1.3733317092774022
size_5f,37,macro,0,cusum_fgo_minus_fgo,-6.120736314495642,-0.857783662778046,-3.6962260346179696,-1.4502158360139104
size_5f,37,macro,0,cusum_fgo_minus_cusum_ekf,-3.8928728416969394,-0.5645473404076338,-1.5875526001366418,-0.7571450864100473
size_5f,38,follower,1,cusum_fgo_minus_ekf,-9.918011995466202,-0.5247457557043038,-3.574725943302062,-1.2168227632997533
size_5f,38,follower,1,cusum_fgo_minus_fgo,-9.860247961002184,-1.0291157892184069,-5.1087641108670825,-1.789984617725691
size_5f,38,follower,1,cusum_fgo_minus_cusum_ekf,-3.99111717905025,-0.1854735675537038,-1.3430388723042743,-0.39785323663999717
size_5f,38,follower,2,cusum_fgo_minus_ekf,-4.706523277826896,-0.7487864493555393,-4.040647072752149,-1.2014031920821986
size_5f,38,follower,2,cusum_fgo_minus_fgo,-4.727357984313581,-0.9571887729279455,-4.030451174042959,-1.5227162145888102
size_5f,38,follower,2,cusum_fgo_minus_cusum_ekf,-4.470814296233968,-0.4807785363261382,-1.4357082770955856,-0.665292659171577
size_5f,38,follower,3,cusum_fgo_minus_ekf,-7.489739986769109,-0.6370426412385248,-1.8647168824236473,-1.084074053943767
size_5f,38,follower,3,cusum_fgo_minus_fgo,-2.5014425646002167,-0.4476336887659198,-2.1822572371539097,-0.6849389834743067
size_5f,38,follower,3,cusum_fgo_minus_cusum_ekf,-4.00183796582507,-0.42657197436744076,-1.149397488468887,-0.5472074265455924
size_5f,38,follower,4,cusum_fgo_minus_ekf,-5.317239363529137,-0.538503086595796,-3.305947976568505,-0.9887970149128925
size_5f,38,follower,4,cusum_fgo_minus_fgo,-4.629662029441362,-0.5481029119568956,-2.67099755670443,-0.9268708381247971
size_5f,38,follower,4,cusum_fgo_minus_cusum_ekf,-4.035361008193727,-0.2979925446737858,-1.0452984792299935,-0.4689475009277958
size_5f,38,follower,5,cusum_fgo_minus_ekf,-8.55415776724573,-1.2180699230342298,-6.344850431248979,-2.279194171122327
size_5f,38,follower,5,cusum_fgo_minus_fgo,-7.83849144645158,-1.1726255625040425,-4.470050662225315,-1.9865141979134506
size_5f,38,follower,5,cusum_fgo_minus_cusum_ekf,-5.40495498876031,-0.4948273275195463,-1.0011556104630848,-0.7056395529724337
size_5f,38,pooled,0,cusum_fgo_minus_ekf,-9.767659413895538,-0.7334295711856785,-3.9397778519723774,-1.3563382312174868
size_5f,38,pooled,0,cusum_fgo_minus_fgo,-9.709895379431519,-0.8309333450746422,-3.314353120621589,-1.421757630797021
size_5f,38,pooled,0,cusum_fgo_minus_cusum_ekf,-4.470814296233968,-0.37712879008812317,-0.9300972211104666,-0.528794586074518
size_5f,38,macro,0,cusum_fgo_minus_ekf,-7.197134478167415,-0.7334295711856786,-3.8261776612590683,-1.3540582390721876
size_5f,38,macro,0,cusum_fgo_minus_fgo,-5.911440397161785,-0.8309333450746421,-3.692504148198739,-1.382204970365411
size_5f,38,macro,0,cusum_fgo_minus_cusum_ekf,-4.380817087612666,-0.37712879008812306,-1.194919745512365,-0.5569880752514791
size_5f,39,follower,1,cusum_fgo_minus_ekf,-8.708798412772147,-0.6604531773448429,-4.039005844083882,-1.3117847652194472
size_5f,39,follower,1,cusum_fgo_minus_fgo,-10.866167508686214,-1.1604997734137115,-5.468880909044293,-1.9984776698643434
size_5f,39,follower,1,cusum_fgo_minus_cusum_ekf,-4.142365008055822,-0.2348760565436353,-0.8001810712338175,-0.35559323678821486
size_5f,39,follower,2,cusum_fgo_minus_ekf,-9.213174518033025,-0.8387396665533715,-5.933336182880154,-1.7752796784124512
size_5f,39,follower,2,cusum_fgo_minus_fgo,-9.310854793393835,-1.135113185948148,-5.8440747770515795,-1.963296135280067
size_5f,39,follower,2,cusum_fgo_minus_cusum_ekf,-4.603636113132378,-0.21698219304519695,-0.7376642681084942,-0.3863303942685774
size_5f,39,follower,3,cusum_fgo_minus_ekf,-8.637283503200415,-0.8291368773775499,-3.803069954648345,-1.5260147190471578
size_5f,39,follower,3,cusum_fgo_minus_fgo,-3.9048018374759876,-0.6712349237484544,-2.8452526110967997,-1.0666730443463985
size_5f,39,follower,3,cusum_fgo_minus_cusum_ekf,-5.281658738194702,-0.39336723826580844,-0.931524945140985,-0.5307474821121121
size_5f,39,follower,4,cusum_fgo_minus_ekf,-5.414196887180232,-0.7207388503789912,-3.7999587154290104,-1.1944700150735068
size_5f,39,follower,4,cusum_fgo_minus_fgo,-3.918677517596258,-0.5835881362198846,-2.5822448631435755,-0.957084162525561
size_5f,39,follower,4,cusum_fgo_minus_cusum_ekf,-3.7316545919172253,-0.4284242691766942,-0.985482705824284,-0.5420857081818307
size_5f,39,follower,5,cusum_fgo_minus_ekf,-7.189785086481335,-0.8781112397105881,-5.513579892351158,-1.5778183051893448
size_5f,39,follower,5,cusum_fgo_minus_fgo,-6.2874231984615125,-0.8436578488508721,-3.991068371864118,-1.420863942075094
size_5f,39,follower,5,cusum_fgo_minus_cusum_ekf,-4.639769099073371,-0.43048490771304215,-1.2338064526638255,-0.6044719081761636
size_5f,39,pooled,0,cusum_fgo_minus_ekf,-9.213174518033025,-0.7854359622730687,-4.145635584701683,-1.4769442381560594
size_5f,39,pooled,0,cusum_fgo_minus_fgo,-10.701971746103224,-0.8788187736362141,-3.725707218298208,-1.543354578892448
size_5f,39,pooled,0,cusum_fgo_minus_cusum_ekf,-4.924139211245095,-0.34082693294887534,-0.8489389368712308,-0.465182454336327
size_5f,39,macro,0,cusum_fgo_minus_ekf,-7.832647681533431,-0.785435962273069,-4.61779011787851,-1.4770734965883818
size_5f,39,macro,0,cusum_fgo_minus_fgo,-6.857584971122761,-0.8788187736362142,-4.146304306440072,-1.4812789908182928
size_5f,39,macro,0,cusum_fgo_minus_cusum_ekf,-4.4798167100747,-0.34082693294887545,-0.9377318885942811,-0.48384574590537965
size_5f,40,follower,1,cusum_fgo_minus_ekf,-8.052025456666307,-0.7900590969472041,-4.922684499349612,-1.5399491606459226
size_5f,40,follower,1,cusum_fgo_minus_fgo,-7.0324711387231,-0.9474472799440563,-3.7081959526629555,-1.5263642576702228
size_5f,40,follower,1,cusum_fgo_minus_cusum_ekf,-5.225175423874436,-0.4321488783315395,-1.523107387822367,-0.7007429810990948
size_5f,40,follower,2,cusum_fgo_minus_ekf,-11.027278837813805,-0.8040260502168721,-5.5739778408775615,-1.8048721234035354
size_5f,40,follower,2,cusum_fgo_minus_fgo,-9.090396653663731,-0.9296224121897623,-3.2984360860223516,-1.5149713232030328
size_5f,40,follower,2,cusum_fgo_minus_cusum_ekf,-5.559251435576844,-0.24981810184792774,-1.235283626132554,-0.4490890298434218
size_5f,40,follower,3,cusum_fgo_minus_ekf,-5.510334517914094,-0.891492239080355,-4.6941745524820835,-1.477063335581574
size_5f,40,follower,3,cusum_fgo_minus_fgo,-6.137203243890346,-0.7847586791191739,-3.9278062089245154,-1.305145159879281
size_5f,40,follower,3,cusum_fgo_minus_cusum_ekf,-4.765170506997391,-0.6033732033746237,-1.9619397759725588,-0.855281698870596
size_5f,40,follower,4,cusum_fgo_minus_ekf,-6.114112527385964,-0.7989385517743448,-4.379133799730153,-1.3290703718886556
size_5f,40,follower,4,cusum_fgo_minus_fgo,-3.6802824220850594,-0.5618580296709121,-2.243945176082523,-0.8610576844635419
size_5f,40,follower,4,cusum_fgo_minus_cusum_ekf,-4.744405510632056,-0.5910414049313768,-1.7207115824419021,-0.7889738053766228
size_5f,40,follower,5,cusum_fgo_minus_ekf,-8.371738988073801,-0.864203326220906,-5.397828731146462,-1.6455264277046955
size_5f,40,follower,5,cusum_fgo_minus_fgo,-5.001543861948732,-0.7255518706001233,-3.250031628033252,-1.1425375211426496
size_5f,40,follower,5,cusum_fgo_minus_cusum_ekf,-5.191556665369246,-0.34125860166086375,-1.1454978677899605,-0.5315668252604837
size_5f,40,pooled,0,cusum_fgo_minus_ekf,-10.813496493132238,-0.8297438528479364,-4.53064924654792,-1.5615834395276202
size_5f,40,pooled,0,cusum_fgo_minus_fgo,-8.876614308982164,-0.7898476543048056,-3.11984338826492,-1.2884727011262078
size_5f,40,pooled,0,cusum_fgo_minus_cusum_ekf,-5.345469090895277,-0.4435280380292661,-1.3717040490466148,-0.6450274622873619
size_5f,40,macro,0,cusum_fgo_minus_ekf,-7.815098065570795,-0.8297438528479365,-4.993559884717174,-1.5592962838448763
size_5f,40,macro,0,cusum_fgo_minus_fgo,-6.188379464062194,-0.7898476543048055,-3.2856830103451196,-1.2700151892717457
size_5f,40,macro,0,cusum_fgo_minus_cusum_ekf,-5.097111908489995,-0.4435280380292662,-1.5173080480318681,-0.665130868090044
size_5f,41,follower,1,cusum_fgo_minus_ekf,-7.561175981451521,-0.6164024650627384,-5.247604498614035,-1.2781736207440562
size_5f,41,follower,1,cusum_fgo_minus_fgo,-10.337530581627917,-1.1530541158546963,-4.166515281280859,-1.7927099892432306
size_5f,41,follower,1,cusum_fgo_minus_cusum_ekf,-3.7720704687262545,-0.17755865915840197,-0.963150082976099,-0.33055896334812185
size_5f,41,follower,2,cusum_fgo_minus_ekf,-9.50763353362133,-0.9327688393274249,-4.34243105382855,-1.7502658552048143
size_5f,41,follower,2,cusum_fgo_minus_fgo,-8.074963623596352,-1.2961706916691988,-4.798242148894577,-2.095019237166484
size_5f,41,follower,2,cusum_fgo_minus_cusum_ekf,-6.751918209283366,-0.48627514089442303,-1.2706255925383578,-0.7202827339365973
size_5f,41,follower,3,cusum_fgo_minus_ekf,-10.087462966038473,-0.9635181929814415,-6.240437778244439,-1.8179677567543102
size_5f,41,follower,3,cusum_fgo_minus_fgo,-5.495337332602617,-0.6377134691136271,-2.087144595366204,-0.9767426254455117
size_5f,41,follower,3,cusum_fgo_minus_cusum_ekf,-6.520787621701854,-0.5388210525502514,-1.5946157002811678,-0.72660731499747
size_5f,41,follower,4,cusum_fgo_minus_ekf,-7.799952717002109,-0.6042078051371439,-3.4244935002652235,-1.2079707276493934
size_5f,41,follower,4,cusum_fgo_minus_fgo,-3.73749862475647,-0.6206833925262657,-2.4691681629345688,-0.9274534459591575
size_5f,41,follower,4,cusum_fgo_minus_cusum_ekf,-5.29849361720436,-0.2775623373954479,-0.7180276330040551,-0.4589554243411267
size_5f,41,follower,5,cusum_fgo_minus_ekf,-8.14184937837794,-1.058698875125693,-6.139248697136787,-1.9860120089707165
size_5f,41,follower,5,cusum_fgo_minus_fgo,-7.49162594655683,-1.1737485987307141,-4.567143045151687,-1.96321106243268
size_5f,41,follower,5,cusum_fgo_minus_cusum_ekf,-6.059878043818678,-0.4634582949205487,-0.8534845342044478,-0.6281047977908907
size_5f,41,pooled,0,cusum_fgo_minus_ekf,-9.194133911524302,-0.8351192355268882,-4.424186258611066,-1.5652585900617677
size_5f,41,pooled,0,cusum_fgo_minus_fgo,-10.337530581627917,-0.9762740535789003,-3.6887238473675255,-1.562005766147615
size_5f,41,pooled,0,cusum_fgo_minus_cusum_ekf,-6.209546101468682,-0.3887350969838146,-0.9687941118343928,-0.5346818214128835
size_5f,41,macro,0,cusum_fgo_minus_ekf,-8.619614915298275,-0.8351192355268885,-5.078843105617807,-1.6080779938646583
size_5f,41,macro,0,cusum_fgo_minus_fgo,-7.027391221828038,-0.9762740535789006,-3.6176426467255793,-1.5510272720494132
size_5f,41,macro,0,cusum_fgo_minus_cusum_ekf,-5.680629592146902,-0.3887350969838145,-1.079980708600825,-0.5729018468828412
size_5f,42,follower,1,cusum_fgo_minus_ekf,-10.996166008494729,-0.8303600331749427,-3.4072765554700046,-1.5331221877476358
size_5f,42,follower,1,cusum_fgo_minus_fgo,-10.064410292790747,-1.2821675417117246,-5.952177869216775,-2.203590241544827
size_5f,42,follower,1,cusum_fgo_minus_cusum_ekf,-3.8015692674996893,-0.4137102272297254,-1.0519709864571432,-0.5323956388307021
size_5f,42,follower,2,cusum_fgo_minus_ekf,-10.805062504821699,-0.9364904502023961,-6.852717195750158,-2.121699433935876
size_5f,42,follower,2,cusum_fgo_minus_fgo,-10.712091767702196,-1.3217268963613704,-5.030543542897196,-2.1570957453220814
size_5f,42,follower,2,cusum_fgo_minus_cusum_ekf,-5.5489134282286425,-0.16887797431931828,-1.0109142478997541,-0.39121310007870846
size_5f,42,follower,3,cusum_fgo_minus_ekf,-8.737438834833755,-1.1655370648467924,-6.722301031375054,-2.0707980941168977
size_5f,42,follower,3,cusum_fgo_minus_fgo,-6.870479734723657,-0.7311351402397918,-3.1019116154645063,-1.2808031482576525
size_5f,42,follower,3,cusum_fgo_minus_cusum_ekf,-5.9442543059918975,-0.5628611487348495,-1.2730499725755289,-0.7105840623721978
size_5f,42,follower,4,cusum_fgo_minus_ekf,-8.48497946774555,-0.7715467482445231,-2.978999015314281,-1.557314565495662
size_5f,42,follower,4,cusum_fgo_minus_fgo,-5.283004575121483,-0.707456530576154,-3.150278489197668,-1.1717064142031832
size_5f,42,follower,4,cusum_fgo_minus_cusum_ekf,-5.019593170041119,-0.3518458683813381,-0.823731469185329,-0.4620914705546412
size_5f,42,follower,5,cusum_fgo_minus_ekf,-8.472325424463058,-0.7356844064598675,-3.3284188464920015,-1.4216154807976225
size_5f,42,follower,5,cusum_fgo_minus_fgo,-7.2287596215546825,-0.8633573568542328,-3.6819338676993376,-1.4125289161987171
size_5f,42,follower,5,cusum_fgo_minus_cusum_ekf,-5.2424358071545365,-0.3291194118864853,-1.2400298704561994,-0.49536668688988494
size_5f,42,pooled,0,cusum_fgo_minus_ekf,-10.805062504821699,-0.8879237405857043,-5.649141556853072,-1.7495581143479964
size_5f,42,pooled,0,cusum_fgo_minus_fgo,-10.712091767702196,-0.981168693148655,-4.070042727686541,-1.6967802241176044
size_5f,42,pooled,0,cusum_fgo_minus_cusum_ekf,-5.5489134282286425,-0.3652829261103432,-1.0091196009090644,-0.5063183807018526
size_5f,42,macro,0,cusum_fgo_minus_ekf,-9.499194448071759,-0.8879237405857041,-4.657942528880299,-1.7409099524187392
size_5f,42,macro,0,cusum_fgo_minus_fgo,-8.031749198378554,-0.9811686931486547,-4.183369076895097,-1.645144893105292
size_5f,42,macro,0,cusum_fgo_minus_cusum_ekf,-5.1113531957831775,-0.3652829261103432,-1.079939309314791,-0.5183301917452269
size_5f,43,follower,1,cusum_fgo_minus_ekf,-7.590276648522006,-0.7514047949404057,-3.496613278193943,-1.2366947971361912
size_5f,43,follower,1,cusum_fgo_minus_fgo,-11.346920868252514,-1.3153388069252783,-4.255363217057013,-2.1483737339507862
size_5f,43,follower,1,cusum_fgo_minus_cusum_ekf,-4.387883422101147,-0.45449641374199956,-1.1182681731045991,-0.589963436060248
size_5f,43,follower,2,cusum_fgo_minus_ekf,-10.175310126286734,-0.7098990581259295,-6.933055697464013,-1.8287718212768929
size_5f,43,follower,2,cusum_fgo_minus_fgo,-9.389922570483485,-1.2270064122123014,-4.803376610514088,-2.002626973035762
size_5f,43,follower,2,cusum_fgo_minus_cusum_ekf,-5.80426555112296,-0.11888284376309888,-1.1053149077216344,-0.3566316290453997
size_5f,43,follower,3,cusum_fgo_minus_ekf,-11.07803938095694,-0.9964128650554593,-5.802791661326275,-1.9654953883217794
size_5f,43,follower,3,cusum_fgo_minus_fgo,-6.1437633825383635,-0.718895161943645,-2.405891530609089,-1.1606995777318279
size_5f,43,follower,3,cusum_fgo_minus_cusum_ekf,-7.333700671620168,-0.5831325909069922,-1.486274992661813,-0.8061226526222597
size_5f,43,follower,4,cusum_fgo_minus_ekf,-6.617871647618972,-0.5963558162459665,-2.6897795539252756,-1.068458233770595
size_5f,43,follower,4,cusum_fgo_minus_fgo,-4.2532560994907005,-0.5778259922419405,-2.7745415492407703,-0.9697668041305173
size_5f,43,follower,4,cusum_fgo_minus_cusum_ekf,-4.378501129523749,-0.3808857552664433,-1.3720748666113116,-0.5383693564758797
size_5f,43,follower,5,cusum_fgo_minus_ekf,-7.846280713450913,-0.9710686218768166,-5.895536381007771,-1.8273626459823724
size_5f,43,follower,5,cusum_fgo_minus_fgo,-5.653944759066249,-0.9598919265193052,-3.436981159435337,-1.517591609886607
size_5f,43,follower,5,cusum_fgo_minus_cusum_ekf,-5.766596906552715,-0.39588760209315554,-1.05655361696944,-0.5791670212283136
size_5f,43,pooled,0,cusum_fgo_minus_ekf,-10.175310126286734,-0.8050282312489156,-4.616927332771182,-1.5820810032328285
size_5f,43,pooled,0,cusum_fgo_minus_fgo,-10.858184368687116,-0.9597916599684941,-3.5969818295459275,-1.6076963674714715
size_5f,43,pooled,0,cusum_fgo_minus_cusum_ekf,-6.30096804536905,-0.38665704115433797,-0.9786935875547194,-0.5362118155651596
size_5f,43,macro,0,cusum_fgo_minus_ekf,-8.66155570336711,-0.8050282312489156,-4.963555314383454,-1.5853565772975666
size_5f,43,macro,0,cusum_fgo_minus_fgo,-7.357561535966262,-0.9597916599684939,-3.535230813371259,-1.5598117397471003
size_5f,43,macro,0,cusum_fgo_minus_cusum_ekf,-5.534189536184149,-0.38665704115433774,-1.2276973114137597,-0.5740508190864199
size_5f,44,follower,1,cusum_fgo_minus_ekf,-5.987571655206727,-0.5841309366540568,-3.6970193386606094,-1.103442144955732
size_5f,44,follower,1,cusum_fgo_minus_fgo,-10.618541540580933,-1.076880325905279,-3.7676063415657945,-1.7649803398679504
size_5f,44,follower,1,cusum_fgo_minus_cusum_ekf,-4.366770269918364,-0.21195728674884307,-0.88671359027837,-0.35280569480987656
size_5f,44,follower,2,cusum_fgo_minus_ekf,-7.968041427094084,-1.0785698922053064,-6.501000288071278,-2.117643552380174
size_5f,44,follower,2,cusum_fgo_minus_fgo,-8.16807565789331,-1.2615010214828404,-5.064988804922034,-1.9646219854453753
size_5f,44,follower,2,cusum_fgo_minus_cusum_ekf,-4.714057842408486,-0.34844774836459425,-1.1827303500464135,-0.5636042331537631
size_5f,44,follower,3,cusum_fgo_minus_ekf,-8.780283298453085,-0.7287312155544071,-5.1953218334634945,-1.4058120538943149
size_5f,44,follower,3,cusum_fgo_minus_fgo,-4.91384040463136,-0.6367716136035303,-2.6786920579711886,-0.9834415675506023
size_5f,44,follower,3,cusum_fgo_minus_cusum_ekf,-6.000974657270618,-0.36010325920368647,-1.3176569692491584,-0.6119697660374228
size_5f,44,follower,4,cusum_fgo_minus_ekf,-8.206079936896945,-0.8770623081360494,-5.312643509507634,-1.747209089889468
size_5f,44,follower,4,cusum_fgo_minus_fgo,-5.201180778535719,-0.7551342625189774,-3.2548353626382713,-1.2333633496685172
size_5f,44,follower,4,cusum_fgo_minus_cusum_ekf,-4.60680256407163,-0.374096104899429,-0.8254928306445136,-0.5639572795485299
size_5f,44,follower,5,cusum_fgo_minus_ekf,-7.593544436179186,-0.9022312840205802,-5.788636317607345,-1.6619800697066311
size_5f,44,follower,5,cusum_fgo_minus_fgo,-5.931929615103465,-0.9213670754355541,-4.159299001100302,-1.5197830434491812
size_5f,44,follower,5,cusum_fgo_minus_cusum_ekf,-6.089691017633335,-0.46267624349430925,-1.4896777464682014,-0.6579369610274046
size_5f,44,pooled,0,cusum_fgo_minus_ekf,-8.380047742424065,-0.8341451273140801,-5.311787450112517,-1.599575544722851
size_5f,44,pooled,0,cusum_fgo_minus_fgo,-10.618541540580933,-0.9303308597892364,-3.9061265279848345,-1.5099125759246
size_5f,44,pooled,0,cusum_fgo_minus_cusum_ekf,-5.617905509594563,-0.35145612854217245,-1.1371818968934568,-0.5371112901259331
size_5f,44,macro,0,cusum_fgo_minus_ekf,-7.707104150766004,-0.8341451273140801,-5.2989242574620725,-1.6072173821652642
size_5f,44,macro,0,cusum_fgo_minus_fgo,-6.9667135993489575,-0.9303308597892364,-3.785084313639518,-1.4932380571963253
size_5f,44,macro,0,cusum_fgo_minus_cusum_ekf,-5.155659270260486,-0.35145612854217245,-1.1404542973373308,-0.5500547869153993
size_5f,45,follower,1,cusum_fgo_minus_ekf,-5.994163639226243,-0.27645696724796753,-2.806244573567716,-0.689230449003974
size_5f,45,follower,1,cusum_fgo_minus_fgo,-8.590566197920236,-1.023156738431165,-3.6150922841220887,-1.4907564287782888
size_5f,45,follower,1,cusum_fgo_minus_cusum_ekf,-3.8309944492240042,-0.11316000441125817,-1.5716507577984822,-0.3487627321737736
size_5f,45,follower,2,cusum_fgo_minus_ekf,-4.454748256883173,-0.6460931471723332,-3.637279963752503,-1.1147740845135465
size_5f,45,follower,2,cusum_fgo_minus_fgo,-3.978792305669179,-0.880837944441808,-4.030352888545037,-1.3722917330936686
size_5f,45,follower,2,cusum_fgo_minus_cusum_ekf,-3.214494278033265,-0.5618633867317411,-2.1560252611719797,-0.8212434981246413
size_5f,45,follower,3,cusum_fgo_minus_ekf,-7.319735268663649,-0.5715716040958276,-4.919145453935974,-1.2033899895544344
size_5f,45,follower,3,cusum_fgo_minus_fgo,-3.8352520291626875,-0.5509734504574995,-2.6894198090321946,-0.8633939408204705
size_5f,45,follower,3,cusum_fgo_minus_cusum_ekf,-3.7696491496725826,-0.2573420591969784,-1.1249152413897048,-0.42086215485714007
size_5f,45,follower,4,cusum_fgo_minus_ekf,-5.790401442081833,-0.7579394812660757,-4.362760956085306,-1.3590311125425503
size_5f,45,follower,4,cusum_fgo_minus_fgo,-6.129345719034815,-0.64708725329829,-2.3937449897084937,-1.1244067030759712
size_5f,45,follower,4,cusum_fgo_minus_cusum_ekf,-4.225671005778266,-0.4542735950567057,-1.4354634566750797,-0.6078301028462931
size_5f,45,follower,5,cusum_fgo_minus_ekf,-8.189798652577537,-0.8898510020753501,-4.853625623305487,-1.6970808300370877
size_5f,45,follower,5,cusum_fgo_minus_fgo,-7.618246571676677,-0.9579890422009596,-3.987576080731662,-1.6490295627466383
size_5f,45,follower,5,cusum_fgo_minus_cusum_ekf,-5.690951736560185,-0.4144210710154761,-1.2766985577379266,-0.6449375941100184
size_5f,45,pooled,0,cusum_fgo_minus_ekf,-6.840137925956658,-0.6283824403715108,-3.308154288139689,-1.1317863981932503
size_5f,45,pooled,0,cusum_fgo_minus_fgo,-8.590566197920236,-0.8120088857659447,-3.156255526326423,-1.2739703107038336
size_5f,45,pooled,0,cusum_fgo_minus_cusum_ekf,-4.341291009939308,-0.36021202328243196,-0.9636940170793311,-0.5154591048625508
size_5f,45,macro,0,cusum_fgo_minus_ekf,-6.349769451886488,-0.6283824403715108,-4.115811314129397,-1.2127012931303187
size_5f,45,macro,0,cusum_fgo_minus_fgo,-6.03044056469272,-0.8120088857659447,-3.3432372104278967,-1.299975673703008
size_5f,45,macro,0,cusum_fgo_minus_cusum_ekf,-4.146352123853662,-0.36021202328243196,-1.5129506549546348,-0.5687272164223732
size_5f,46,follower,1,cusum_fgo_minus_ekf,-9.049587166914568,-0.684327141441021,-5.484084721202024,-1.4700031347331242
size_5f,46,follower,1,cusum_fgo_minus_fgo,-8.580875283964549,-1.1946584010216619,-6.838350423207308,-2.0010661486651484
size_5f,46,follower,1,cusum_fgo_minus_cusum_ekf,-5.225104640712859,-0.18033776383202738,-0.7596650385099033,-0.3474883024629669
size_5f,46,follower,2,cusum_fgo_minus_ekf,-10.958725915921152,-0.593182513239503,-8.603769054840663,-1.8025615686349954
size_5f,46,follower,2,cusum_fgo_minus_fgo,-10.322310538410441,-1.0427675744502891,-5.879411159791616,-1.862369832058445
size_5f,46,follower,2,cusum_fgo_minus_cusum_ekf,-7.070700395054136,-0.06312929321619487,-2.0128993992736843,-0.42933646304549367
size_5f,46,follower,3,cusum_fgo_minus_ekf,-6.781886680961724,-0.7766103291794918,-3.862963182799338,-1.3158052818420565
size_5f,46,follower,3,cusum_fgo_minus_fgo,-6.0352446007233524,-0.7396858590889176,-4.032242448646867,-1.250811974962501
size_5f,46,follower,3,cusum_fgo_minus_cusum_ekf,-4.249620495402675,-0.4465567071457378,-1.311771358332509,-0.5986725009253241
size_5f,46,follower,4,cusum_fgo_minus_ekf,-7.784547181006863,-0.6661933700257526,-2.9884057339185173,-1.3132517367757355
size_5f,46,follower,4,cusum_fgo_minus_fgo,-4.286694133168952,-0.65753854560824,-2.705072474491133,-1.055509397373095
size_5f,46,follower,4,cusum_fgo_minus_cusum_ekf,-4.743733378483503,-0.3035595104768094,-0.6981280190960567,-0.41459330656920856
size_5f,46,follower,5,cusum_fgo_minus_ekf,-4.623360532992301,-0.6179977665995002,-3.0918245015544565,-0.9941779977838714
size_5f,46,follower,5,cusum_fgo_minus_fgo,-2.5686300009089287,-0.49452189577432426,-2.3259150011845735,-0.7658717800652406
size_5f,46,follower,5,cusum_fgo_minus_cusum_ekf,-3.4944559327123876,-0.3937763720264975,-1.310103765703856,-0.5881947444730189
size_5f,46,pooled,0,cusum_fgo_minus_ekf,-10.958725915921152,-0.667662224097054,-3.363568637083049,-1.3919260043064365
size_5f,46,pooled,0,cusum_fgo_minus_fgo,-10.322310538410441,-0.8258344551886865,-3.330883148582354,-1.4561338673973403
size_5f,46,pooled,0,cusum_fgo_minus_cusum_ekf,-7.070700395054136,-0.2774719293394534,-0.8697106355022721,-0.4552825425620666
size_5f,46,macro,0,cusum_fgo_minus_ekf,-7.839621495559323,-0.6676622240970536,-4.806209438863,-1.3791599439539561
size_5f,46,macro,0,cusum_fgo_minus_fgo,-6.358750911435244,-0.8258344551886867,-4.3561983014643,-1.3871258266248863
size_5f,46,macro,0,cusum_fgo_minus_cusum_ekf,-4.9567229684731124,-0.2774719293394534,-1.2185135161832017,-0.4756570634952022
size_5f,47,follower,1,cusum_fgo_minus_ekf,-11.894022599547696,-0.9197627501583713,-6.654553045795729,-2.0049064755740855
size_5f,47,follower,1,cusum_fgo_minus_fgo,-12.655013792476938,-1.314627192659699,-6.323242578447999,-2.4631767114274288
size_5f,47,follower,1,cusum_fgo_minus_cusum_ekf,-5.9118037899623275,-0.40018940303479156,-1.3261450693842454,-0.6027663423968167
size_5f,47,follower,2,cusum_fgo_minus_ekf,-10.796131918561349,-0.7705666593517171,-4.818265155173554,-1.6320556398520334
size_5f,47,follower,2,cusum_fgo_minus_fgo,-8.322361307522556,-1.06505448560133,-4.026940586528878,-1.6873898450790557
size_5f,47,follower,2,cusum_fgo_minus_cusum_ekf,-7.50475540447353,-0.2923767475897774,-1.1851854127574986,-0.5699992903168494
size_5f,47,follower,3,cusum_fgo_minus_ekf,-8.108984711459316,-0.7119513538189984,-3.5508594580177912,-1.2510133742196317
size_5f,47,follower,3,cusum_fgo_minus_fgo,-5.255304695259715,-0.7154497746689875,-2.9850551743792244,-1.118107347683721
size_5f,47,follower,3,cusum_fgo_minus_cusum_ekf,-5.0928266039358,-0.3779867773524671,-1.1853184468215536,-0.5376740455088657
size_5f,47,follower,4,cusum_fgo_minus_ekf,-6.733741592182648,-0.8207175618558821,-4.643932999972963,-1.490979220417826
size_5f,47,follower,4,cusum_fgo_minus_fgo,-6.327086265172786,-0.7635459154102379,-3.186656811239455,-1.3410201593061437
size_5f,47,follower,4,cusum_fgo_minus_cusum_ekf,-5.158712383565651,-0.48200581904516093,-1.187272123446959,-0.6384367708537229
size_5f,47,follower,5,cusum_fgo_minus_ekf,-5.377356592662745,-0.5948893984314033,-2.82541021695715,-0.9452087863048579
size_5f,47,follower,5,cusum_fgo_minus_fgo,-3.039638997403075,-0.4620026235282878,-2.2262540722462485,-0.7168851875778393
size_5f,47,follower,5,cusum_fgo_minus_cusum_ekf,-4.873120676234782,-0.40924426007776316,-1.4484354855063994,-0.614607311412579
size_5f,47,pooled,0,cusum_fgo_minus_ekf,-11.271586581948824,-0.7635775447232743,-3.596994271781545,-1.469559442608318
size_5f,47,pooled,0,cusum_fgo_minus_fgo,-12.032577774878066,-0.8641359983737086,-3.438538837713747,-1.521916522971426
size_5f,47,pooled,0,cusum_fgo_minus_cusum_ekf,-7.50475540447353,-0.39236060141999196,-1.2011908672793608,-0.5779738928235043
size_5f,47,macro,0,cusum_fgo_minus_ekf,-8.582047482882752,-0.7635775447232744,-4.498604175183437,-1.464832699273687
size_5f,47,macro,0,cusum_fgo_minus_fgo,-7.1198810115670135,-0.8641359983737087,-3.7496298445683616,-1.4653158502148378
size_5f,47,macro,0,cusum_fgo_minus_cusum_ekf,-5.708243771634419,-0.39236060141999207,-1.2664713075833312,-0.5926967520977668
size_5f,48,follower,1,cusum_fgo_minus_ekf,-4.393397596762194,-0.6247516320253036,-3.6945857003192923,-1.0990807087836314
size_5f,48,follower,1,cusum_fgo_minus_fgo,-8.616972238385307,-0.904232636644131,-3.434700775024342,-1.497820997515632
size_5f,48,follower,1,cusum_fgo_minus_cusum_ekf,-2.174947523924869,-0.3048909568931554,-1.2892729399962215,-0.4422013695791607
size_5f,48,follower,2,cusum_fgo_minus_ekf,-8.58122824917878,-1.1320866023810265,-6.38726485031254,-2.088104994295354
size_5f,48,follower,2,cusum_fgo_minus_fgo,-6.808898605227894,-1.083956638595811,-4.33449131534035,-1.6872140072566342
size_5f,48,follower,2,cusum_fgo_minus_cusum_ekf,-5.767163280097312,-0.42776648365024605,-1.267619817182287,-0.6368809073896966
size_5f,48,follower,3,cusum_fgo_minus_ekf,-7.498569485670363,-0.8684663931104741,-3.174162380347879,-1.4689299554834436
size_5f,48,follower,3,cusum_fgo_minus_fgo,-4.95805913620206,-0.7595717109554045,-2.711536276228259,-1.2134315865900014
size_5f,48,follower,3,cusum_fgo_minus_cusum_ekf,-2.879648671062168,-0.5217346424324163,-1.3097761022137004,-0.6481711821840904
size_5f,48,follower,4,cusum_fgo_minus_ekf,-7.888769847577111,-0.6431951776234304,-4.601341997555529,-1.378879940730188
size_5f,48,follower,4,cusum_fgo_minus_fgo,-4.907802984873168,-0.6026380036874035,-2.529681520068311,-0.9675132935870202
size_5f,48,follower,4,cusum_fgo_minus_cusum_ekf,-4.330462848245455,-0.1858336110411416,-0.5768039568895094,-0.28623623567318857
size_5f,48,follower,5,cusum_fgo_minus_ekf,-4.470026348003809,-0.7215645260647858,-2.95912889396239,-1.199415468338283
size_5f,48,follower,5,cusum_fgo_minus_fgo,-2.1243972860112184,-0.7146917708933294,-2.928917500810261,-1.0939053986999552
size_5f,48,follower,5,cusum_fgo_minus_cusum_ekf,-2.3556585720031933,-0.8544218155601397,-1.8270497570252895,-0.9517323499460425
size_5f,48,pooled,0,cusum_fgo_minus_ekf,-6.562219276791093,-0.7980128662410041,-4.3981247433062824,-1.4517552348948737
size_5f,48,pooled,0,cusum_fgo_minus_fgo,-8.064274696559387,-0.8130181521552159,-3.207488073656295,-1.303906964429467
size_5f,48,pooled,0,cusum_fgo_minus_cusum_ekf,-3.7481543077096244,-0.4589295019154197,-1.2190366278745866,-0.5874286109614819
size_5f,48,macro,0,cusum_fgo_minus_ekf,-6.56639830543845,-0.7980128662410041,-4.163296764499526,-1.4468822135261796
size_5f,48,macro,0,cusum_fgo_minus_fgo,-5.48322605013993,-0.8130181521552161,-3.1878654774943045,-1.2919770567298487
size_5f,48,macro,0,cusum_fgo_minus_cusum_ekf,-3.5015761790666,-0.4589295019154199,-1.2541045146614014,-0.5930444089544358
size_5f,49,follower,1,cusum_fgo_minus_ekf,-8.965293057807267,-0.7727982264048754,-4.092311087813213,-1.4566128618511214
size_5f,49,follower,1,cusum_fgo_minus_fgo,-14.759056118065509,-1.1059283289368278,-3.0502631859985523,-2.05880381396496
size_5f,49,follower,1,cusum_fgo_minus_cusum_ekf,-4.748068657451858,-0.4137581891293469,-1.2807472116611947,-0.6056734623177639
size_5f,49,follower,2,cusum_fgo_minus_ekf,-10.464121616366985,-0.6873567655644633,-4.139342106822953,-1.7236308550402637
size_5f,49,follower,2,cusum_fgo_minus_fgo,-9.304859271080225,-1.1074680414605402,-4.629903520659234,-1.8713360386368592
size_5f,49,follower,2,cusum_fgo_minus_cusum_ekf,-5.470709260785594,-0.15429722596009132,-0.7116239506013784,-0.35976929337464036
size_5f,49,follower,3,cusum_fgo_minus_ekf,-7.333512476987566,-0.8456291862328035,-5.133052310049202,-1.4638469031350767
size_5f,49,follower,3,cusum_fgo_minus_fgo,-7.009106354536933,-0.7154708175726426,-3.4504259025853985,-1.2199719923432943
size_5f,49,follower,3,cusum_fgo_minus_cusum_ekf,-5.262919591266115,-0.45674668072896274,-1.3587183565660714,-0.6189537485886002
size_5f,49,follower,4,cusum_fgo_minus_ekf,-8.86987204154586,-0.7540919054652484,-4.135177852501946,-1.471090117904182
size_5f,49,follower,4,cusum_fgo_minus_fgo,-4.622190795925187,-0.6798120229118392,-2.853234051293506,-1.0887794353029618
size_5f,49,follower,4,cusum_fgo_minus_cusum_ekf,-5.4369378696552655,-0.3329002695500899,-0.7681515845818465,-0.46980061786891913
size_5f,49,follower,5,cusum_fgo_minus_ekf,-7.190662477343709,-0.48663982162866426,-2.3669846772210237,-1.0335189943955772
size_5f,49,follower,5,cusum_fgo_minus_fgo,-7.028017282513602,-0.6977318900297371,-3.895604922983285,-1.1673686447921108
size_5f,49,follower,5,cusum_fgo_minus_cusum_ekf,-5.1659659270155185,-0.20320873383019156,-1.5455500067540242,-0.4603163325968167
size_5f,49,pooled,0,cusum_fgo_minus_ekf,-10.464121616366985,-0.7093031810592111,-3.9395273239906343,-1.418625159114569
size_5f,49,pooled,0,cusum_fgo_minus_fgo,-13.85355496022471,-0.8612822201823175,-3.4188017051696677,-1.5061389844314537
size_5f,49,pooled,0,cusum_fgo_minus_cusum_ekf,-5.470709260785594,-0.3121822198397365,-1.0831106710922798,-0.4973080799577063
size_5f,49,macro,0,cusum_fgo_minus_ekf,-8.564692334010278,-0.7093031810592113,-3.9733736068816676,-1.4297399464652447
size_5f,49,macro,0,cusum_fgo_minus_fgo,-8.544645964424294,-0.8612822201823175,-3.5758863167039947,-1.4812519850080375
size_5f,49,macro,0,cusum_fgo_minus_cusum_ekf,-5.21692026123487,-0.3121822198397365,-1.132958222032903,-0.5029026909493484
size_5f,50,follower,1,cusum_fgo_minus_ekf,-10.145689162054115,-0.714663535492241,-3.7710862171542825,-1.5759023788969848
size_5f,50,follower,1,cusum_fgo_minus_fgo,-9.460786831417536,-1.0421482766420527,-5.935996029704082,-1.9431502617127159
size_5f,50,follower,1,cusum_fgo_minus_cusum_ekf,-5.904009256804537,-0.4136757435474039,-1.6227647003342365,-0.8438109049357301
size_5f,50,follower,2,cusum_fgo_minus_ekf,-11.245510309752401,-0.7235846564071933,-3.231198286512109,-1.70146524230918
size_5f,50,follower,2,cusum_fgo_minus_fgo,-11.165528357747435,-1.0502583253368447,-3.473342102296347,-1.9165866175915962
size_5f,50,follower,2,cusum_fgo_minus_cusum_ekf,-5.131706543536378,-0.5371701086606562,-1.6856342906729862,-0.7507524292205913
size_5f,50,follower,3,cusum_fgo_minus_ekf,-5.460466921721004,-0.3471436935453882,-2.4226185659055677,-0.7693180015354582
size_5f,50,follower,3,cusum_fgo_minus_fgo,-2.76639192837702,-0.4619732014145197,-1.7030273522888313,-0.6304315055055474
size_5f,50,follower,3,cusum_fgo_minus_cusum_ekf,-7.570711586395886,-0.1938462072548779,-1.2066578613478434,-0.6119014112165053
size_5f,50,follower,4,cusum_fgo_minus_ekf,-4.731422078679476,-0.4703802176925971,-2.4319156222666916,-0.7828531410634949
size_5f,50,follower,4,cusum_fgo_minus_fgo,-4.796831985959671,-0.4777261275314253,-2.6819173968454555,-0.8249480461313021
size_5f,50,follower,4,cusum_fgo_minus_cusum_ekf,-7.216417407509156,-0.4368784284359353,-2.2407935765688567,-0.8202477602492129
size_5f,50,follower,5,cusum_fgo_minus_ekf,-5.026458762966536,-0.8416129280802527,-3.6047380444852966,-1.290019930053753
size_5f,50,follower,5,cusum_fgo_minus_fgo,-2.821312569112462,-0.5441083737269607,-2.1696020806234158,-0.8335553298128522
size_5f,50,follower,5,cusum_fgo_minus_cusum_ekf,-4.432108111001473,-0.5404005245877361,-1.600024970161821,-0.7151229232642422
size_5f,50,pooled,0,cusum_fgo_minus_ekf,-11.173935791040979,-0.6194770062435346,-2.919203221815428,-1.2200668776190908
size_5f,50,pooled,0,cusum_fgo_minus_fgo,-11.093953839036013,-0.7152428609303607,-2.8188606545437533,-1.2675305218278035
size_5f,50,pooled,0,cusum_fgo_minus_cusum_ekf,-7.570711586395886,-0.42439420249732196,-1.5201778852639025,-0.7358013410180118
size_5f,50,macro,0,cusum_fgo_minus_ekf,-7.3219094470347095,-0.6194770062435344,-3.09231134726479,-1.2239117387717742
size_5f,50,macro,0,cusum_fgo_minus_fgo,-6.202170334522826,-0.7152428609303605,-3.192776992351626,-1.2297343521508024
size_5f,50,macro,0,cusum_fgo_minus_cusum_ekf,-6.050990581049486,-0.42439420249732174,-1.6711750798171485,-0.7483670857772562
nlos_weak,1,follower,1,cusum_fgo_minus_ekf,-5.289449927697831,-0.40986448105343,-2.511594502886381,-0.7163043758082539
nlos_weak,1,follower,1,cusum_fgo_minus_fgo,-3.245278441533978,-0.5750828794303922,-2.4231890053755754,-0.8354850449005027
nlos_weak,1,follower,1,cusum_fgo_minus_cusum_ekf,-4.784481956586689,-0.29612503776845367,-1.115310996852875,-0.5534868505099837
nlos_weak,1,follower,2,cusum_fgo_minus_ekf,-4.910453563341759,-0.5892429557237621,-3.196205405895282,-1.0030314844375778
nlos_weak,1,follower,2,cusum_fgo_minus_fgo,-4.253842613304412,-0.6696979511440825,-2.7829318380149486,-1.0160822943777934
nlos_weak,1,follower,2,cusum_fgo_minus_cusum_ekf,-4.40688588122387,-0.3513098078512401,-1.6074624424276023,-0.5560324133250187
nlos_weak,1,follower,3,cusum_fgo_minus_ekf,-5.713047565711819,-0.5141849373746293,-2.2107911715273367,-0.8527678654432282
nlos_weak,1,follower,3,cusum_fgo_minus_fgo,-3.387457961365806,-0.4964018196209007,-2.0987350055684013,-0.7386707456769119
nlos_weak,1,follower,3,cusum_fgo_minus_cusum_ekf,-4.900333350680511,-0.3226098940605576,-1.1940032091047528,-0.4930462886325606
nlos_weak,1,pooled,0,cusum_fgo_minus_ekf,-5.289449927697831,-0.5044307913839405,-2.712354877229094,-0.8563144798169349
nlos_weak,1,pooled,0,cusum_fgo_minus_fgo,-3.7551706135047755,-0.5803942167317915,-2.488645862376683,-0.8649590636987989
nlos_weak,1,pooled,0,cusum_fgo_minus_cusum_ekf,-4.784481956586689,-0.32334824656008365,-1.2787754899431703,-0.5341865316737151
nlos_weak,1,macro,0,cusum_fgo_minus_ekf,-5.304317018917136,-0.5044307913839404,-2.6395303601029996,-0.8573679085630198
nlos_weak,1,macro,0,cusum_fgo_minus_fgo,-3.628859672068065,-0.580394216731792,-2.434951949652975,-0.8634126949850692
nlos_weak,1,macro,0,cusum_fgo_minus_cusum_ekf,-4.6972337294970234,-0.323348246560084,-1.30559221612841,-0.5341885174891879
nlos_weak,2,follower,1,cusum_fgo_minus_ekf,-1.0327836355260782,-0.4462879174558061,-2.42320005194298,-0.6640668061805137
nlos_weak,2,follower,1,cusum_fgo_minus_fgo,1.7161191893302865,-0.3273258022633685,-1.7195312136075138,-0.40154457326076765
nlos_weak,2,follower,1,cusum_fgo_minus_cusum_ekf,-4.328807340142217,-0.37049709786032414,-1.3699801528762392,-0.5819823936273607
nlos_weak,2,follower,2,cusum_fgo_minus_ekf,-1.6187945611005397,0.10970161167557935,-0.5634607632178787,-0.06530027447610554
nlos_weak,2,follower,2,cusum_fgo_minus_fgo,-0.8731770068178744,-0.27600595465346567,-1.0484199734298105,-0.3766122265775551
nlos_weak,2,follower,2,cusum_fgo_minus_cusum_ekf,-1.1269294622277686,0.11603021855362905,-0.5966616675642333,-0.024504935667872818
nlos_weak,2,follower,3,cusum_fgo_minus_ekf,-6.032232685685171,-0.5669488278587249,-3.2110075532912723,-0.965910688115845
nlos_weak,2,follower,3,cusum_fgo_minus_fgo,-4.409497769053035,-0.3446303389087355,-2.5049979220490832,-0.6524456984281075
nlos_weak,2,follower,3,cusum_fgo_minus_cusum_ekf,-3.9393058003885253,-0.353186640567823,-1.229476233705924,-0.5256726642155929
nlos_weak,2,pooled,0,cusum_fgo_minus_ekf,-2.793573460617522,-0.3011783778796506,-1.963108361569609,-0.5449658143486011
nlos_weak,2,pooled,0,cusum_fgo_minus_fgo,-1.1708385439853854,-0.3159873652751899,-1.4490490935789273,-0.4630773498867482
nlos_weak,2,pooled,0,cusum_fgo_minus_cusum_ekf,-4.328807340142217,-0.20255117329150574,-0.9785511242373999,-0.35240401389180365
nlos_weak,2,macro,0,cusum_fgo_minus_ekf,-2.894603627437263,-0.3011783778796506,-2.065889456150711,-0.5650925895908214
nlos_weak,2,macro,0,cusum_fgo_minus_fgo,-1.1888518621802078,-0.3159873652751899,-1.757649703028803,-0.47686749942214357
nlos_weak,2,macro,0,cusum_fgo_minus_cusum_ekf,-3.1316808675861703,-0.20255117329150618,-1.0653726847154656,-0.3773866645036088
nlos_weak,3,follower,1,cusum_fgo_minus_ekf,-2.64259113353701,-0.4706793418861751,-1.0057197707950736,-0.55370361964054
nlos_weak,3,follower,1,cusum_fgo_minus_fgo,-2.808943641801227,-0.33954461161043026,-1.512643189284058,-0.5357227611627953
nlos_weak,3,follower,1,cusum_fgo_minus_cusum_ekf,-2.1527485136399416,-0.4579232014986213,-0.9114447185076018,-0.5277382804106814
nlos_weak,3,follower,2,cusum_fgo_minus_ekf,-2.869119719786791,-0.522487058228858,-1.888744647860056,-0.7293186429737278
nlos_weak,3,follower,2,cusum_fgo_minus_fgo,-1.3352789260794462,-0.38399020941270157,-1.552127630955032,-0.5415204799747418
nlos_weak,3,follower,2,cusum_fgo_minus_cusum_ekf,-3.2057722041780674,-0.3775086082689051,-1.3459866959041717,-0.5471254579332666
nlos_weak,3,follower,3,cusum_fgo_minus_ekf,-3.563242307488208,-0.5984576072141293,-1.8925378084709734,-0.813923037693506
nlos_weak,3,follower,3,cusum_fgo_minus_fgo,-2.0372080837203104,-0.30482879102399196,-1.4989234368597069,-0.4976420490026763
nlos_weak,3,follower,3,cusum_fgo_minus_cusum_ekf,-2.233926419969948,-0.4331245833185765,-0.9596636755632768,-0.5152277557780436
nlos_weak,3,pooled,0,cusum_fgo_minus_ekf,-3.2656635159850755,-0.5305413357763876,-1.5888936751125635,-0.691340119555967
nlos_weak,3,pooled,0,cusum_fgo_minus_fgo,-2.5938126836183577,-0.3427878706823747,-1.5174513491735342,-0.5220942958731554
nlos_weak,3,pooled,0,cusum_fgo_minus_cusum_ekf,-3.2057722041780674,-0.4228521310287011,-1.0271110985131162,-0.5262881245309385
nlos_weak,3,macro,0,cusum_fgo_minus_ekf,-3.024984386937336,-0.5305413357763875,-1.5956674090420342,-0.6989817667692577
nlos_weak,3,macro,0,cusum_fgo_minus_fgo,-2.0604768838669947,-0.3427878706823746,-1.5212314190329317,-0.5249617633800712
nlos_weak,3,macro,0,cusum_fgo_minus_cusum_ekf,-2.530815712595985,-0.4228521310287008,-1.0723650299916834,-0.5300304980406638
nlos_weak,4,follower,1,cusum_fgo_minus_ekf,-4.163614256471613,-0.19144886633623637,-2.706827338121487,-0.5412754996009743
nlos_weak,4,follower,1,cusum_fgo_minus_fgo,-2.4153746250151538,-0.43649623776505253,-1.7892096516430924,-0.5882837159096803
nlos_weak,4,follower,1,cusum_fgo_minus_cusum_ekf,-5.7976291562768605,-0.0045551376282004785,-0.8376129491936157,-0.21388533155972578
nlos_weak,4,follower,2,cusum_fgo_minus_ekf,-4.047885784545544,-0.24916079109733902,-1.3159855193245629,-0.5087357989154517
nlos_weak,4,follower,2,cusum_fgo_minus_fgo,-3.5687561207694167,-0.5470786512316266,-2.1020335694549597,-0.7979964156035848
nlos_weak,4,follower,2,cusum_fgo_minus_cusum_ekf,-2.479242616261916,-0.11001337943480904,-0.6618009320967815,-0.22230316448605403
nlos_weak,4,follower,3,cusum_fgo_minus_ekf,-3.46020327941921,-0.5705873735881598,-1.79293451994234,-0.7716204053085383
nlos_weak,4,follower,3,cusum_fgo_minus_fgo,-2.0350458601174766,-0.30663577530034714,-1.5278439083360307,-0.46793659001167476
nlos_weak,4,follower,3,cusum_fgo_minus_cusum_ekf,-5.724031033652823,-0.5276341999909188,-1.610358735006825,-0.7628539839837036
nlos_weak,4,pooled,0,cusum_fgo_minus_ekf,-4.163614256471613,-0.3370656770072449,-1.6330821389012584,-0.5959398970304017
nlos_weak,4,pooled,0,cusum_fgo_minus_fgo,-3.20393672145006,-0.43007022143234175,-1.746935285806693,-0.6187465042977467
nlos_weak,4,pooled,0,cusum_fgo_minus_cusum_ekf,-5.7976291562768605,-0.21406757235130924,-0.9646756148912687,-0.3907123845620446
nlos_weak,4,macro,0,cusum_fgo_minus_ekf,-3.89056777347879,-0.3370656770072451,-1.9385824591294636,-0.6072105679416546
nlos_weak,4,macro,0,cusum_fgo_minus_fgo,-2.673058868634016,-0.43007022143234197,-1.8063623764780279,-0.6180722405083132
nlos_weak,4,macro,0,cusum_fgo_minus_cusum_ekf,-4.666967602063867,-0.21406757235130947,-1.0365908720990742,-0.3996808266764942
nlos_weak,5,follower,1,cusum_fgo_minus_ekf,-1.469324058835804,0.05469392740492007,-0.7022989518342024,-0.051268224984556854
nlos_weak,5,follower,1,cusum_fgo_minus_fgo,-0.24814141411989254,-0.23617636458306834,-1.0606891078739684,-0.30361208811347073
nlos_weak,5,follower,1,cusum_fgo_minus_cusum_ekf,-2.045677822513997,0.03397563164261297,-0.5941307315311102,-0.08306490038029346
nlos_weak,5,follower,2,cusum_fgo_minus_ekf,-3.8945590818261424,-0.5728922892839247,-3.029750856350341,-0.9140554886403162
nlos_weak,5,follower,2,cusum_fgo_minus_fgo,-2.612332537056231,-0.3998816898115548,-2.4653230154431496,-0.6917470541574561
nlos_weak,5,follower,2,cusum_fgo_minus_cusum_ekf,-2.4364101903905766,-1.0116272387825176,-1.519830062227611,-1.0610102862353692
nlos_weak,5,follower,3,cusum_fgo_minus_ekf,-1.469531790811446,-0.18235624878802092,-0.6187410095310557,-0.2830376796735672
nlos_weak,5,follower,3,cusum_fgo_minus_fgo,-0.5276516062306587,-0.2091568613264948,-0.9236191283487878,-0.3020603402646873
nlos_weak,5,follower,3,cusum_fgo_minus_cusum_ekf,-1.4125199260309418,-0.12824670490918721,-0.31687010785584113,-0.1881782050341574
nlos_weak,5,pooled,0,cusum_fgo_minus_ekf,-2.8865197745549365,-0.23351820355567554,-1.16257773001155,-0.37280552728852356
nlos_weak,5,pooled,0,cusum_fgo_minus_fgo,-1.604293229785025,-0.2817383052403728,-1.1949772402114291,-0.4017447725432097
nlos_weak,5,pooled,0,cusum_fgo_minus_cusum_ekf,-2.045677822513997,-0.3686327706830308,-0.7536277844295816,-0.41689144076013096
nlos_weak,5,macro,0,cusum_fgo_minus_ekf,-2.2778049771577975,-0.23351820355567532,-1.450263605905199,-0.41612046443281336
nlos_weak,5,macro,0,cusum_fgo_minus_fgo,-1.1293751858022598,-0.2817383052403728,-1.4832104172219682,-0.4324731608452046
nlos_weak,5,macro,0,cusum_fgo_minus_cusum_ekf,-1.964869312978505,-0.3686327706830308,-0.810276967204854,-0.4440844638832735
nlos_weak,6,follower,1,cusum_fgo_minus_ekf,-3.5976104279295495,-0.43322574168358763,-1.655374665505918,-0.6487352910863073
nlos_weak,6,follower,1,cusum_fgo_minus_fgo,-1.6283187870928084,-0.2832125806599721,-0.912823223573572,-0.36652185563630035
nlos_weak,6,follower,1,cusum_fgo_minus_cusum_ekf,-12.337635571875715,-0.4918773353490835,-1.520712500779236,-0.9337842171276554
nlos_weak,6,follower,2,cusum_fgo_minus_ekf,-2.8843669760603823,-0.043450570937419775,-0.9261678403818436,-0.1811137474342832
nlos_weak,6,follower,2,cusum_fgo_minus_fgo,-1.7811658210767853,-0.3607016018335911,-1.250755578708688,-0.4391490198153125
nlos_weak,6,follower,2,cusum_fgo_minus_cusum_ekf,-6.824130755778251,-0.07930005907400872,-0.9088038003029402,-0.36478325100034437
nlos_weak,6,follower,3,cusum_fgo_minus_ekf,-1.4066040479014887,-0.39364692028451775,-0.9508290266516539,-0.4832023287188214
nlos_weak,6,follower,3,cusum_fgo_minus_fgo,-2.095717150637175,-0.20750021683310071,-0.7740033028225164,-0.29756949634034546
nlos_weak,6,follower,3,cusum_fgo_minus_cusum_ekf,-1.4101486642014032,-0.37742794989729755,-0.9159798987618095,-0.4647263518942435
nlos_weak,6,pooled,0,cusum_fgo_minus_ekf,-3.3454516604863342,-0.2901077443018416,-0.9245742922609046,-0.41408196042828194
nlos_weak,6,pooled,0,cusum_fgo_minus_fgo,-1.7811658210767853,-0.2838047997755546,-0.7875325772491073,-0.37085005018960127
nlos_weak,6,pooled,0,cusum_fgo_minus_cusum_ekf,-12.0854768044325,-0.31620178144012967,-0.8718694118000259,-0.5831387901756733
nlos_weak,6,macro,0,cusum_fgo_minus_ekf,-2.6295271506304734,-0.2901077443018414,-1.1774571775131386,-0.43768378907980376
nlos_weak,6,macro,0,cusum_fgo_minus_fgo,-1.8350672529355898,-0.2838047997755546,-0.9791940350349255,-0.3677467905973193
nlos_weak,6,macro,0,cusum_fgo_minus_cusum_ekf,-6.857304997285123,-0.3162017814401299,-1.1151653999479951,-0.5877646066740811
nlos_weak,7,follower,1,cusum_fgo_minus_ekf,-3.2782905534264475,-0.42359406598965166,-1.2353138182721644,-0.5897380132809953
nlos_weak,7,follower,1,cusum_fgo_minus_fgo,-2.3739248301571636,-0.3149457662760843,-1.7712910749835515,-0.5662581923971945
nlos_weak,7,follower,1,cusum_fgo_minus_cusum_ekf,-2.147460713429687,-0.3954804496011596,-0.9714630926348531,-0.4857459206830903
nlos_weak,7,follower,2,cusum_fgo_minus_ekf,-2.681761651897218,-0.18103166891608025,-1.9050971984408545,-0.45923375972412583
nlos_weak,7,follower,2,cusum_fgo_minus_fgo,-0.3665225465879507,-0.2281677131264246,-1.4581016126792412,-0.3533287489282062
nlos_weak,7,follower,2,cusum_fgo_minus_cusum_ekf,-3.338411659548254,-1.647714176713014,-4.838314876408938,-2.190553749403988
nlos_weak,7,follower,3,cusum_fgo_minus_ekf,-4.308776079835317,-0.5373138674737374,-1.9236144520370744,-0.725898983489664
nlos_weak,7,follower,3,cusum_fgo_minus_fgo,-2.2991921064008127,-0.2998213984692404,-1.6414995991178227,-0.48650901016629555
nlos_weak,7,follower,3,cusum_fgo_minus_cusum_ekf,-2.215744330175782,-0.4834201650870906,-1.3623015736746436,-0.6057424719784671
nlos_weak,7,pooled,0,cusum_fgo_minus_ekf,-2.681761651897218,-0.38064653412648963,-1.3217166316950655,-0.5434379453932485
nlos_weak,7,pooled,0,cusum_fgo_minus_fgo,-0.3665225465879507,-0.2809782926239165,-1.1514721755527275,-0.4329792379228705
nlos_weak,7,pooled,0,cusum_fgo_minus_cusum_ekf,-3.338411659548254,-0.8422049304670881,-3.8089183900272525,-1.3094183021115702
nlos_weak,7,macro,0,cusum_fgo_minus_ekf,-3.42294276171966,-0.38064653412648985,-1.6880084895833645,-0.5916235854982617
nlos_weak,7,macro,0,cusum_fgo_minus_fgo,-1.6798798277153089,-0.2809782926239165,-1.623630762260205,-0.46869865049723236
nlos_weak,7,macro,0,cusum_fgo_minus_cusum_ekf,-2.567205567717908,-0.8422049304670881,-2.390693180906145,-1.0940140473551818
nlos_weak,8,follower,1,cusum_fgo_minus_ekf,-1.1168494213566325,-0.33091745580243415,-2.4752547022086233,-0.5017980407999172
nlos_weak,8,follower,1,cusum_fgo_minus_fgo,1.5037612731916798,-0.24903797968541674,-1.4999330984848485,-0.2819981975538244
nlos_weak,8,follower,1,cusum_fgo_minus_cusum_ekf,-3.2669000722223975,-0.2698669954444446,-1.2050113255225738,-0.454910565462332
nlos_weak,8,follower,2,cusum_fgo_minus_ekf,-2.4241765124720316,-0.43673009539278085,-0.9223385571987284,-0.5094378165976361
nlos_weak,8,follower,2,cusum_fgo_minus_fgo,-1.3934175753389737,-0.3372642938359247,-0.7729188548860173,-0.4384591554414865
nlos_weak,8,follower,2,cusum_fgo_minus_cusum_ekf,-2.4249826649878625,-0.4165736572807013,-0.7595692164924843,-0.4718327761816463
nlos_weak,8,follower,3,cusum_fgo_minus_ekf,-3.8900551165993202,-0.2851534628000988,-1.1769272680984983,-0.49909719647185824
nlos_weak,8,follower,3,cusum_fgo_minus_fgo,-0.5815743268961939,-0.1706273424465775,-0.9390077528794143,-0.24815690211780672
nlos_weak,8,follower,3,cusum_fgo_minus_cusum_ekf,-2.5289278505310766,-0.14851876144605713,-0.6536941282279802,-0.23236314372884448
nlos_weak,8,pooled,0,cusum_fgo_minus_ekf,-1.1168494213566325,-0.3509336713317711,-1.1889969122163468,-0.49421779816250044
nlos_weak,8,pooled,0,cusum_fgo_minus_fgo,1.5037612731916798,-0.2523098719893063,-1.0009023805718456,-0.31139656485373246
nlos_weak,8,pooled,0,cusum_fgo_minus_cusum_ekf,-3.2669000722223975,-0.2783198047237342,-0.8071644049484235,-0.3880133965667383
nlos_weak,8,macro,0,cusum_fgo_minus_ekf,-2.4770270168093282,-0.3509336713317711,-1.5248401758352832,-0.5034443512898039
nlos_weak,8,macro,0,cusum_fgo_minus_fgo,-0.1570768763478294,-0.2523098719893061,-1.0706199020834266,-0.3228714183710393
nlos_weak,8,macro,0,cusum_fgo_minus_cusum_ekf,-2.7402701959137796,-0.2783198047237344,-0.8727582234143465,-0.3863688284576079
nlos_weak,9,follower,1,cusum_fgo_minus_ekf,-5.0194336756288385,-0.4829800347023204,-2.7777687037506107,-0.8108049078159684
nlos_weak,9,follower,1,cusum_fgo_minus_fgo,-2.0693593164883133,-0.39254182659774484,-1.8069245272353986,-0.5374378473671438
nlos_weak,9,follower,1,cusum_fgo_minus_cusum_ekf,-2.761625351654309,-0.29882112331376487,-0.9463980760798669,-0.41524724212199227
nlos_weak,9,follower,2,cusum_fgo_minus_ekf,-6.10704910658239,-0.471081556260882,-1.3103178122828962,-0.7854688885387314
nlos_weak,9,follower,2,cusum_fgo_minus_fgo,-5.008188487272197,-0.3775393780976569,-0.9963107848525732,-0.6570341806221233
nlos_weak,9,follower,2,cusum_fgo_minus_cusum_ekf,-3.966051032929208,-0.31945282297459154,-0.581816960097244,-0.41722858496410853
nlos_weak,9,follower,3,cusum_fgo_minus_ekf,-1.9426798123545976,-0.3733053124891562,-1.0237058668316665,-0.4754596065505706
nlos_weak,9,follower,3,cusum_fgo_minus_fgo,-0.860959891438376,-0.18014780134440578,-0.6303260062704739,-0.247062209381267
nlos_weak,9,follower,3,cusum_fgo_minus_cusum_ekf,-1.3502478284005852,-0.33969267554057814,-0.8960070423832418,-0.4213514358364351
nlos_weak,9,pooled,0,cusum_fgo_minus_ekf,-6.10704910658239,-0.4424556344841195,-1.4237268287928264,-0.7023255788519215
nlos_weak,9,pooled,0,cusum_fgo_minus_fgo,-5.008188487272197,-0.3167430020132691,-1.0639433220816052,-0.49653358628200894
nlos_weak,9,pooled,0,cusum_fgo_minus_cusum_ekf,-3.966051032929208,-0.31932220727631133,-0.798060163936998,-0.41730720023006385
nlos_weak,9,macro,0,cusum_fgo_minus_ekf,-4.356387531521941,-0.4424556344841196,-1.7039307942883912,-0.6905778009684236
nlos_weak,9,macro,0,cusum_fgo_minus_fgo,-2.6461692317329617,-0.3167430020132692,-1.144520439452815,-0.48051141245684437
nlos_weak,9,macro,0,cusum_fgo_minus_cusum_ekf,-2.692641404328034,-0.3193222072763112,-0.8080740261867843,-0.41794242097417866
nlos_weak,10,follower,1,cusum_fgo_minus_ekf,-4.281320816760978,-0.6319409226057572,-2.7119814036459164,-0.9315213403851
nlos_weak,10,follower,1,cusum_fgo_minus_fgo,-4.439618606418129,-0.5139671692319329,-2.2889221157366797,-0.8590252958485024
nlos_weak,10,follower,1,cusum_fgo_minus_cusum_ekf,-3.5504564822677804,-0.5187343287392033,-1.591882036040027,-0.7044937761698195
nlos_weak,10,follower,2,cusum_fgo_minus_ekf,-1.7220247184522717,-0.21356033958846998,-1.2021183149318104,-0.3612898365002535
nlos_weak,10,follower,2,cusum_fgo_minus_fgo,-1.8725660684094767,-0.33362973554137,-1.1468444805980393,-0.47489550138860226
nlos_weak,10,follower,2,cusum_fgo_minus_cusum_ekf,-2.2403391970682756,-0.2380049112250875,-0.8596982700287739,-0.3514748058731971
nlos_weak,10,follower,3,cusum_fgo_minus_ekf,-2.0756988777602774,-0.5766638674078061,-2.1978521363987866,-0.7650954080746454
nlos_weak,10,follower,3,cusum_fgo_minus_fgo,-2.93544917057133,-0.30481803708989474,-1.5246405030472614,-0.6079295808604858
nlos_weak,10,follower,3,cusum_fgo_minus_cusum_ekf,-1.8677925711004044,-0.5601765848163053,-0.8727973955991226,-0.6159329777241563
nlos_weak,10,pooled,0,cusum_fgo_minus_ekf,-2.9792497646782397,-0.47405504320067793,-1.8328052000363115,-0.6511993383095794
nlos_weak,10,pooled,0,cusum_fgo_minus_fgo,-3.137547554335392,-0.38413831395439935,-1.5526948241498557,-0.6211048006296348
nlos_weak,10,pooled,0,cusum_fgo_minus_cusum_ekf,-2.2483854301850426,-0.4389719415935319,-1.0257773129469308,-0.5253625554889451
nlos_weak,10,macro,0,cusum_fgo_minus_ekf,-2.6930148043245095,-0.4740550432006777,-2.037317284992171,-0.685968861653333
nlos_weak,10,macro,0,cusum_fgo_minus_fgo,-3.082544615132979,-0.3841383139543991,-1.6534690331273267,-0.6472834593658636
nlos_weak,10,macro,0,cusum_fgo_minus_cusum_ekf,-2.5528627501454877,-0.4389719415935319,-1.1081259005559747,-0.5573005199223908
nlos_weak,11,follower,1,cusum_fgo_minus_ekf,-4.089383958205163,-0.4939353948941474,-3.015328864909203,-0.8275564400154147
nlos_weak,11,follower,1,cusum_fgo_minus_fgo,-4.318677311567031,-0.6201684246573407,-2.5883126882679885,-0.9122473861435336
nlos_weak,11,follower,1,cusum_fgo_minus_cusum_ekf,-10.706717929389704,-0.4199479954125305,-1.2132770857011521,-0.9077962516064564
nlos_weak,11,follower,2,cusum_fgo_minus_ekf,-4.70327308681698,-0.6808456441165673,-3.8082277414329804,-1.205487832462899
nlos_weak,11,follower,2,cusum_fgo_minus_fgo,-3.711568705431771,-0.7521966999136251,-3.3018228799354077,-1.1296573627590984
nlos_weak,11,follower,2,cusum_fgo_minus_cusum_ekf,-5.764088407875178,-0.4666862319037284,-2.846910573960642,-0.855651577575226
nlos_weak,11,follower,3,cusum_fgo_minus_ekf,-5.340520594594817,-0.5874786886447884,-2.566294765944181,-0.901435961033793
nlos_weak,11,follower,3,cusum_fgo_minus_fgo,-4.06858913883505,-0.3897351298955086,-1.969687470609054,-0.7136768066314454
nlos_weak,11,follower,3,cusum_fgo_minus_cusum_ekf,-5.072185024207691,-0.4244470430048689,-1.0971623624230409,-0.5395496680014875
nlos_weak,11,pooled,0,cusum_fgo_minus_ekf,-4.70327308681698,-0.5874199092185011,-3.2313578358451327,-0.9860226353675781
nlos_weak,11,pooled,0,cusum_fgo_minus_fgo,-3.711568705431771,-0.5873667514888248,-2.5977492088040606,-0.9337821257954495
nlos_weak,11,pooled,0,cusum_fgo_minus_cusum_ekf,-9.979653685780276,-0.43702709010704277,-1.511069062094552,-0.7814503934641954
nlos_weak,11,macro,0,cusum_fgo_minus_ekf,-4.711059213205653,-0.5874199092185012,-3.129950457428788,-0.9781600778373689
nlos_weak,11,macro,0,cusum_fgo_minus_fgo,-4.032945051944617,-0.5873667514888249,-2.619941012937484,-0.9185271851780259
nlos_weak,11,macro,0,cusum_fgo_minus_cusum_ekf,-7.18099712049086,-0.43702709010704266,-1.7191166740282784,-0.7676658323943901
nlos_weak,12,follower,1,cusum_fgo_minus_ekf,-5.207662336348097,-0.5806555635598241,-3.422581702814216,-0.9728729389128115
nlos_weak,12,follower,1,cusum_fgo_minus_fgo,-2.9741222554311135,-0.47976698205688373,-2.411133123673298,-0.7774359751343076
nlos_weak,12,follower,1,cusum_fgo_minus_cusum_ekf,-4.801739215637285,-0.3616047952134256,-0.8464316998015298,-0.5364080418578852
nlos_weak,12,follower,2,cusum_fgo_minus_ekf,-3.312635253993644,-0.4621761838612297,-1.744233545964944,-0.675551911715875
nlos_weak,12,follower,2,cusum_fgo_minus_fgo,-2.1234416039140003,-0.4961513524416068,-1.9896328059825634,-0.6998679529091478
nlos_weak,12,follower,2,cusum_fgo_minus_cusum_ekf,-1.8822873886401847,-0.3074097144851642,-0.9179419998760239,-0.41465662525704294
nlos_weak,12,follower,3,cusum_fgo_minus_ekf,-1.788559542114041,-0.2398725689158414,-1.3304703504698978,-0.38822824313503923
nlos_weak,12,follower,3,cusum_fgo_minus_fgo,-2.3557660122788215,-0.26692890878065256,-1.2338002640175902,-0.4004858608937085
nlos_weak,12,follower,3,cusum_fgo_minus_cusum_ekf,-1.7992439393782194,-0.14462399271813475,-0.7386972166759833,-0.2509663304104437
nlos_weak,12,pooled,0,cusum_fgo_minus_ekf,-5.207662336348097,-0.42756810544563173,-1.6796362273123375,-0.6952984087947119
nlos_weak,12,pooled,0,cusum_fgo_minus_fgo,-2.9741222554311135,-0.4142824144263808,-1.9942144834142195,-0.6288320159360102
nlos_weak,12,pooled,0,cusum_fgo_minus_cusum_ekf,-4.801739215637285,-0.27121283413890795,-0.8650569277678974,-0.40391684727817456
nlos_weak,12,macro,0,cusum_fgo_minus_ekf,-3.4362857108185936,-0.42756810544563184,-2.1657618664163523,-0.6788843645879087
nlos_weak,12,macro,0,cusum_fgo_minus_fgo,-2.484443290541311,-0.4142824144263809,-1.8781887312244838,-0.6259299296457216
nlos_weak,12,macro,0,cusum_fgo_minus_cusum_ekf,-2.827756847885229,-0.2712128341389083,-0.8343569721178459,-0.4006769991751241
nlos_weak,13,follower,1,cusum_fgo_minus_ekf,5.571526916320599,0.20778932264669359,-0.16367391458659997,0.32104179271021294
nlos_weak,13,follower,1,cusum_fgo_minus_fgo,6.232388047740974,0.15484363549960256,0.6032490331674554,0.3853974416359718
nlos_weak,13,follower,1,cusum_fgo_minus_cusum_ekf,-0.5314496820810248,-1.1574254137780355,-3.6360472700963853,-1.526512018074063
nlos_weak,13,follower,2,cusum_fgo_minus_ekf,-5.319281324597021,-0.6218486492768595,-3.2024931241564425,-1.0553447038768915
nlos_weak,13,follower,2,cusum_fgo_minus_fgo,-4.820476050634028,-0.46995085298030637,-2.3085692859962865,-0.8375096528447274
nlos_weak,13,follower,2,cusum_fgo_minus_cusum_ekf,-4.351293536703121,-0.40522246309337595,-1.4687091370378496,-0.5820983422876311
nlos_weak,13,follower,3,cusum_fgo_minus_ekf,-3.1973587572437996,-0.4722023895422355,-1.5334129935180392,-0.6245621934337044
nlos_weak,13,follower,3,cusum_fgo_minus_fgo,-2.1001687548981334,-0.23716947616268158,-1.1691755829918242,-0.400358067246269
nlos_weak,13,follower,3,cusum_fgo_minus_cusum_ekf,-2.6308170178043344,-0.375811989999154,-1.084194574022081,-0.48517472780133963
nlos_weak,13,pooled,0,cusum_fgo_minus_ekf,2.8696544707647433,-0.29542057205746675,-1.2504607837974069,-0.37052808974888607
nlos_weak,13,pooled,0,cusum_fgo_minus_fgo,3.368459744727737,-0.1840922312144615,-0.8627157443132645,-0.20125273916888098
nlos_weak,13,pooled,0,cusum_fgo_minus_cusum_ekf,-0.5314496820810248,-0.6461532889568549,-2.985674237165242,-0.9750145318690813
nlos_weak,13,macro,0,cusum_fgo_minus_ekf,-0.9817043885067411,-0.2954205720574672,-1.6331933440870268,-0.45295503486679434
nlos_weak,13,macro,0,cusum_fgo_minus_fgo,-0.22941891926372904,-0.18409223121446194,-0.9581652786068853,-0.28415675948500807
nlos_weak,13,macro,0,cusum_fgo_minus_cusum_ekf,-2.504520078862827,-0.6461532889568553,-2.0629836603854383,-0.8645950293876778
nlos_weak,14,follower,1,cusum_fgo_minus_ekf,-5.988091994040729,-0.35702911219184297,-0.5325345398696535,-0.7069958089282042
nlos_weak,14,follower,1,cusum_fgo_minus_fgo,-2.8371666274855025,-0.31875886327843306,-1.8009544860442448,-0.574034615520512
nlos_weak,14,follower,1,cusum_fgo_minus_cusum_ekf,-1.5322363272919848,-0.23963314314499407,-0.3882745676536836,-0.2748530542803038
nlos_weak,14,follower,2,cusum_fgo_minus_ekf,-2.05537298006037,-0.2235635492251149,-0.5443838422129259,-0.2599129669499767
nlos_weak,14,follower,2,cusum_fgo_minus_fgo,-0.43486301787770554,-0.15700334328897192,-0.9871274837608461,-0.3194391515311428
nlos_weak,14,follower,2,cusum_fgo_minus_cusum_ekf,-5.119653718993539,-1.9509811070426666,-4.653711718089779,-2.5021954648956286
nlos_weak,14,follower,3,cusum_fgo_minus_ekf,2.507536430390248,-0.13905768241539396,-0.5004293236370043,-0.07497670663975153
nlos_weak,14,follower,3,cusum_fgo_minus_fgo,7.15203770981216,0.03982269661133864,-0.19313717421811072,0.32251041437534167
nlos_weak,14,follower,3,cusum_fgo_minus_cusum_ekf,-2.1895924383732446,-0.17969276880708973,-0.31710224849056656,-0.29641379380996025
nlos_weak,14,pooled,0,cusum_fgo_minus_ekf,0.9803833926320369,-0.23988344794411742,-0.47489237126725836,-0.32352371128231106
nlos_weak,14,pooled,0,cusum_fgo_minus_fgo,4.131308759187263,-0.14531316998535537,-0.861803042627296,-0.16916886219849636
nlos_weak,14,pooled,0,cusum_fgo_minus_cusum_ekf,-2.1895924383732446,-0.7901023396649167,-3.8630573721355344,-1.2188318095076702
nlos_weak,14,macro,0,cusum_fgo_minus_ekf,-1.8453095145702845,-0.2398834479441172,-0.5257825685731947,-0.34729516083931067
nlos_weak,14,macro,0,cusum_fgo_minus_fgo,1.2933360214829834,-0.1453131699853556,-0.9937397146744007,-0.1903211175587709
nlos_weak,14,macro,0,cusum_fgo_minus_cusum_ekf,-2.94716082821959,-0.7901023396649169,-1.786362844744676,-1.024487437661964
nlos_weak,15,follower,1,cusum_fgo_minus_ekf,1.124315191464496,-0.20648419921283434,-1.0929170295534667,-0.21643910515927067
nlos_weak,15,follower,1,cusum_fgo_minus_fgo,1.5531653945859851,-0.23842360737389745,-0.8507425793732404,-0.21226002955557322
nlos_weak,15,follower,1,cusum_fgo_minus_cusum_ekf,-1.714910648981034,-0.22892584020506135,-1.0976811153502446,-0.34993316665844243
nlos_weak,15,follower,2,cusum_fgo_minus_ekf,-3.611631517594183,-0.2725609363276964,-1.925531977726063,-0.546663689118577
nlos_weak,15,follower,2,cusum_fgo_minus_fgo,-2.465545860278317,-0.28665454720718686,-1.249886473472202,-0.43711612635614805
nlos_weak,15,follower,2,cusum_fgo_minus_cusum_ekf,-4.088124753629831,-0.19476909485626726,-1.2071607174361838,-0.42276562061365874
nlos_weak,15,follower,3,cusum_fgo_minus_ekf,-2.4550922182357025,-0.556977397885409,-1.4553079822675645,-0.682082223590644
nlos_weak,15,follower,3,cusum_fgo_minus_fgo,-2.0789025076398784,-0.26274811845781376,-1.351291913161555,-0.43679126450011163
nlos_weak,15,follower,3,cusum_fgo_minus_cusum_ekf,-2.178237409862318,-0.55387791605357,-1.4470448228525092,-0.6734409568935845
nlos_weak,15,pooled,0,cusum_fgo_minus_ekf,0.005149745640967041,-0.3453408444753132,-1.2478769331810926,-0.4396300302263769
nlos_weak,15,pooled,0,cusum_fgo_minus_fgo,1.151235402956833,-0.26260875767963276,-0.9211342399506939,-0.335816453621381
nlos_weak,15,pooled,0,cusum_fgo_minus_cusum_ekf,-1.714910648981034,-0.32585761703829985,-1.0379308409162773,-0.43879335592967816
nlos_weak,15,macro,0,cusum_fgo_minus_ekf,-1.647469514788463,-0.3453408444753132,-1.4912523298490314,-0.4817283392894973
nlos_weak,15,macro,0,cusum_fgo_minus_fgo,-0.99709432444407,-0.26260875767963276,-1.1506403220023325,-0.36205580680394434
nlos_weak,15,macro,0,cusum_fgo_minus_cusum_ekf,-2.6604242708243953,-0.3258576170382994,-1.2506288852129797,-0.48204658138856193
nlos_weak,16,follower,1,cusum_fgo_minus_ekf,-5.504871230917492,-0.5562595789452991,-1.323553487052464,-0.7861606940518214
nlos_weak,16,follower,1,cusum_fgo_minus_fgo,-3.7180365508957536,-0.3181620555468734,-1.1212383138217106,-0.536901835818341
nlos_weak,16,follower,1,cusum_fgo_minus_cusum_ekf,-3.0667059345931316,-0.4454873995513018,-0.9194638082680118,-0.5257359935811622
nlos_weak,16,follower,2,cusum_fgo_minus_ekf,-5.04940001762227,-0.4582031775056492,-1.8060545820960199,-0.7788265070439778
nlos_weak,16,follower,2,cusum_fgo_minus_fgo,-3.603167439864624,-0.403128570663551,-1.2465539761414428,-0.6175902763150384
nlos_weak,16,follower,2,cusum_fgo_minus_cusum_ekf,-4.493470517374387,-0.31589759277337137,-1.009957713229654,-0.47313939601079225
nlos_weak,16,follower,3,cusum_fgo_minus_ekf,-4.53582416678872,-0.5491244804569086,-1.3266420190030397,-0.7517296923717863
nlos_weak,16,follower,3,cusum_fgo_minus_fgo,-2.321969662964489,-0.24186543082410306,-0.6617691154369423,-0.3624773246963412
nlos_weak,16,follower,3,cusum_fgo_minus_cusum_ekf,-4.248238674296323,-0.48384818056399315,-1.250400017131709,-0.6547143945166097
nlos_weak,16,pooled,0,cusum_fgo_minus_ekf,-5.504871230917492,-0.5211957456359522,-1.4746520010956208,-0.7716269631296471
nlos_weak,16,pooled,0,cusum_fgo_minus_fgo,-3.7180365508957536,-0.32105201901150915,-1.027854347705528,-0.5138151669164808
nlos_weak,16,pooled,0,cusum_fgo_minus_cusum_ekf,-4.44064562430922,-0.41507772429622225,-1.0613993368908412,-0.5489394037127442
nlos_weak,16,macro,0,cusum_fgo_minus_ekf,-5.030031805109495,-0.5211957456359524,-1.485416696050508,-0.772238964489195
nlos_weak,16,macro,0,cusum_fgo_minus_fgo,-3.214391217908289,-0.32105201901150915,-1.009853801800032,-0.5056564789432404
nlos_weak,16,macro,0,cusum_fgo_minus_cusum_ekf,-3.936138375421281,-0.41507772429622203,-1.059940512876458,-0.5511965947028546
nlos_weak,17,follower,1,cusum_fgo_minus_ekf,-3.220908826347742,-0.10422915281786782,-1.2031980828067308,-0.2968399760306615
nlos_weak,17,follower,1,cusum_fgo_minus_fgo,-1.0199542529032177,-0.44854223543413996,-2.020365204611811,-0.6127672663869195
nlos_weak,17,follower,1,cusum_fgo_minus_cusum_ekf,-3.3799695675500967,-0.03299766969950979,-0.9069837103406537,-0.20434836668752143
nlos_weak,17,follower,2,cusum_fgo_minus_ekf,-4.365157381942063,-0.3892052295933264,-3.0409675515180457,-0.8238863191279091
nlos_weak,17,follower,2,cusum_fgo_minus_fgo,-3.9316452979129624,-0.5437043359931097,-3.1283873989116247,-0.9138375390576943
nlos_weak,17,follower,2,cusum_fgo_minus_cusum_ekf,-2.9229760078369944,-0.14412760140013758,-0.9055147481467538,-0.3049723516500067
nlos_weak,17,follower,3,cusum_fgo_minus_ekf,-4.400913085459875,-0.3265943008162473,-2.133638112762635,-0.5936981675991877
nlos_weak,17,follower,3,cusum_fgo_minus_fgo,-3.864890229985722,-0.351463861981282,-1.9637584885169883,-0.5739833879396343
nlos_weak,17,follower,3,cusum_fgo_minus_cusum_ekf,-2.9657156762798627,-0.13700325235455457,-0.83216671471731,-0.2493839087623131
nlos_weak,17,pooled,0,cusum_fgo_minus_ekf,-3.220908826347742,-0.27334289440914716,-2.084233126148505,-0.564896305107792
nlos_weak,17,pooled,0,cusum_fgo_minus_fgo,-2.743072565389423,-0.4479034778028437,-2.3642957120367196,-0.6985698244272345
nlos_weak,17,pooled,0,cusum_fgo_minus_cusum_ekf,-3.3799695675500967,-0.10470950781806732,-0.8491757480517597,-0.24818076191909677
nlos_weak,17,macro,0,cusum_fgo_minus_ekf,-3.995659764583226,-0.2733428944091476,-2.1259345823624702,-0.5714748209192528
nlos_weak,17,macro,0,cusum_fgo_minus_fgo,-2.938829926933968,-0.44790347780284434,-2.370837030680141,-0.700196064461416
nlos_weak,17,macro,0,cusum_fgo_minus_cusum_ekf,-3.089553750555651,-0.10470950781806776,-0.8815550577349058,-0.2529015423666139
nlos_weak,18,follower,1,cusum_fgo_minus_ekf,-0.10089791546440097,0.03517092001280231,-0.17648779991748986,0.0013434383884429746
nlos_weak,18,follower,1,cusum_fgo_minus_fgo,-0.07820641750979362,0.06963602873534858,-0.04273398573325293,0.06886473066727539
nlos_weak,18,follower,1,cusum_fgo_minus_cusum_ekf,-11.720115063137543,-1.7273740512943978,-9.809860128710568,-2.9909224814114888
nlos_weak,18,follower,2,cusum_fgo_minus_ekf,-3.098390466740943,0.0009246794489889965,-0.9931422230101945,-0.25757501635526947
nlos_weak,18,follower,2,cusum_fgo_minus_fgo,-2.2195103042050413,-0.17187533572055447,-0.9496587606806219,-0.3097840982582549
nlos_weak,18,follower,2,cusum_fgo_minus_cusum_ekf,-7.904467074408536,-1.0400395761400987,-7.761816340444858,-2.402697832523705
nlos_weak,18,follower,3,cusum_fgo_minus_ekf,-2.6600579365877928,-0.4449278661826256,-1.0376041775042781,-0.5486034778016909
nlos_weak,18,follower,3,cusum_fgo_minus_fgo,-1.8685471062770942,-0.1745644414440748,-0.7228054455901287,-0.30359806183394566
nlos_weak,18,follower,3,cusum_fgo_minus_cusum_ekf,-2.019353511349674,-0.42184408141304697,-0.9107169194531071,-0.4922719023847594
nlos_weak,18,pooled,0,cusum_fgo_minus_ekf,-2.6219761482058734,-0.13627742224027806,-0.3866139062647709,-0.20921371102149244
nlos_weak,18,pooled,0,cusum_fgo_minus_fgo,-1.7430959856699717,-0.09226791614309371,-0.2462985307382275,-0.14772458780093478
nlos_weak,18,pooled,0,cusum_fgo_minus_cusum_ekf,-11.720115063137543,-1.0630859029491813,-7.444810898074712,-2.2217465874958044
nlos_weak,18,macro,0,cusum_fgo_minus_ekf,-1.9531154395977124,-0.13627742224027806,-0.7357447334773206,-0.26827835192283933
nlos_weak,18,macro,0,cusum_fgo_minus_fgo,-1.3887546093306424,-0.09226791614309371,-0.5717327306680007,-0.18150580980830844
nlos_weak,18,macro,0,cusum_fgo_minus_cusum_ekf,-7.214645216298585,-1.0630859029491813,-6.160797796202843,-1.9619640721066516
nlos_weak,19,follower,1,cusum_fgo_minus_ekf,-3.1146420122581544,-0.2503925070643793,-0.5774540500408003,-0.38077452076645923
nlos_weak,19,follower,1,cusum_fgo_minus_fgo,-2.9220926533558913,-0.36559726724210195,-0.9422041639758789,-0.5524451333441212
nlos_weak,19,follower,1,cusum_fgo_minus_cusum_ekf,-6.9588695461343475,-0.4667676078613632,-1.78647942403496,-0.8519113715735349
nlos_weak,19,follower,2,cusum_fgo_minus_ekf,-4.483037758453873,-0.5674838847096938,-3.1212497698112647,-0.9385092573717226
nlos_weak,19,follower,2,cusum_fgo_minus_fgo,-2.927054355311769,-0.4607512829591002,-2.3042279668400405,-0.7523153117909553
nlos_weak,19,follower,2,cusum_fgo_minus_cusum_ekf,-4.044963135210644,-0.5033150739009226,-2.2824377914065574,-0.8135396923610148
nlos_weak,19,follower,3,cusum_fgo_minus_ekf,-2.1830354853265357,-0.579801861871837,-2.2125487354775637,-0.7819277153886404
nlos_weak,19,follower,3,cusum_fgo_minus_fgo,-3.2528582828547767,-0.4855038434088666,-2.6457371753923296,-0.8531986199323098
nlos_weak,19,follower,3,cusum_fgo_minus_cusum_ekf,-2.494464105486305,-0.460980990584472,-1.1900882659280083,-0.603875332920047
nlos_weak,19,pooled,0,cusum_fgo_minus_ekf,-4.357592788761497,-0.46589275121530316,-1.6557974675948721,-0.6872001661115011
nlos_weak,19,pooled,0,cusum_fgo_minus_fgo,-2.9220926533558913,-0.4372841312033561,-1.893745421458931,-0.6914179248545901
nlos_weak,19,pooled,0,cusum_fgo_minus_cusum_ekf,-6.9588695461343475,-0.4770212241155859,-1.6602197260934048,-0.760452692684369
nlos_weak,19,macro,0,cusum_fgo_minus_ekf,-3.2602384186795215,-0.4658927512153034,-1.9704175184432093,-0.7004038311756076
nlos_weak,19,macro,0,cusum_fgo_minus_fgo,-3.034001763840812,-0.4372841312033563,-1.9640564354027494,-0.7193196883557955
nlos_weak,19,macro,0,cusum_fgo_minus_cusum_ekf,-4.499432262277099,-0.4770212241155859,-1.7530018271231753,-0.7564421322848658
nlos_weak,20,follower,1,cusum_fgo_minus_ekf,-4.494655913708058,-0.03494551453946104,-0.5207968297949099,-0.2543561638943197
nlos_weak,20,follower,1,cusum_fgo_minus_fgo,-1.1688923949973007,-0.25335205008625583,-0.8472893493345852,-0.32074084122142277
nlos_weak,20,follower,1,cusum_fgo_minus_cusum_ekf,-2.6620346252824647,0.06150912302869971,-0.30282682310292497,-0.032253070881799184
nlos_weak,20,follower,2,cusum_fgo_minus_ekf,-3.9833236317609684,-0.4459690870999934,-1.6383313968902535,-0.6640587427756908
nlos_weak,20,follower,2,cusum_fgo_minus_fgo,-2.181326212247245,-0.4118936226083222,-1.812186063087326,-0.6264277139407863
nlos_weak,20,follower,2,cusum_fgo_minus_cusum_ekf,-3.8430474293058356,-0.5057531504956568,-2.347007375983668,-0.8168024288383953
nlos_weak,20,follower,3,cusum_fgo_minus_ekf,-5.088818714049229,-0.4987020694601556,-1.683488587176587,-0.7792212855434302
nlos_weak,20,follower,3,cusum_fgo_minus_fgo,-2.1987151364985857,-0.3033488430899074,-1.084133952024613,-0.44539232536304385
nlos_weak,20,follower,3,cusum_fgo_minus_cusum_ekf,-2.985709972358106,-0.316218396452016,-0.6090218458474634,-0.3849988721065638
nlos_weak,20,pooled,0,cusum_fgo_minus_ekf,-3.9833236317609684,-0.3265388903665367,-1.0994307007228472,-0.5291127095497068
nlos_weak,20,pooled,0,cusum_fgo_minus_fgo,-2.181326212247245,-0.3228648385948285,-1.1154499858331426,-0.445925782974983
nlos_weak,20,pooled,0,cusum_fgo_minus_cusum_ekf,-3.8430474293058356,-0.2534874746396576,-0.7204952757632741,-0.40035699461342755
nlos_weak,20,macro,0,cusum_fgo_minus_ekf,-4.522266086506086,-0.32653889036653694,-1.2808722712872498,-0.5658787307378135
nlos_weak,20,macro,0,cusum_fgo_minus_fgo,-1.8496445812477105,-0.32286483859482873,-1.2478697881488416,-0.4641869601750841
nlos_weak,20,macro,0,cusum_fgo_minus_cusum_ekf,-3.16359734231547,-0.2534874746396578,-1.0862853483113522,-0.4113514572755861
nlos_weak,21,follower,1,cusum_fgo_minus_ekf,-0.37098818910037235,0.11300655099518431,-1.1779725532451306,-0.03508415930602138
nlos_weak,21,follower,1,cusum_fgo_minus_fgo,-0.7173449877500788,-0.33136382232858175,-1.309209149481609,-0.416786995285896
nlos_weak,21,follower,1,cusum_fgo_minus_cusum_ekf,0.036243396098629255,0.2502923758140121,-0.43741086754408887,0.1852349110127065
nlos_weak,21,follower,2,cusum_fgo_minus_ekf,-0.7579591996831532,-0.051619551196761426,-1.4280113002356707,-0.2360501102846655
nlos_weak,21,follower,2,cusum_fgo_minus_fgo,0.26647654691251166,-0.22910599876392124,-1.17616364024017,-0.29267331904348604
nlos_weak,21,follower,2,cusum_fgo_minus_cusum_ekf,0.15692054467744931,-0.2716246414408481,-1.1624364627743082,-0.3702620501286289
nlos_weak,21,follower,3,cusum_fgo_minus_ekf,2.2440992165166964,-0.5152273886998536,-2.6281971375773567,-0.3824406569883496
nlos_weak,21,follower,3,cusum_fgo_minus_fgo,2.3986331407617643,-0.337054742269561,-2.8686132136368787,-0.3115183361547047
nlos_weak,21,follower,3,cusum_fgo_minus_cusum_ekf,1.3062865439833624,-0.38115564495561205,-1.1195727945004064,-0.1273072872883243
nlos_weak,21,pooled,0,cusum_fgo_minus_ekf,1.382251887143605,-0.15128012963381043,-1.4168951310444498,-0.20297251513668768
nlos_weak,21,pooled,0,cusum_fgo_minus_fgo,2.3986331407617643,-0.29917485445402137,-1.527273579218746,-0.34270796254894886
nlos_weak,21,pooled,0,cusum_fgo_minus_cusum_ekf,1.3062865439833624,-0.13416263686081598,-0.8071025809613643,-0.10363377081639191
nlos_weak,21,macro,0,cusum_fgo_minus_ekf,0.37171727591105697,-0.1512801296338102,-1.7447269970193862,-0.21785830885967927
nlos_weak,21,macro,0,cusum_fgo_minus_fgo,0.649254899974733,-0.29917485445402114,-1.7846620011195524,-0.3403262168280292
nlos_weak,21,macro,0,cusum_fgo_minus_cusum_ekf,0.4998168282531479,-0.13416263686081598,-0.9064733749396012,-0.1041114754680823
nlos_weak,22,follower,1,cusum_fgo_minus_ekf,-2.618768291177259,-0.509628800758678,-1.9586875738293756,-0.7078698778333625
nlos_weak,22,follower,1,cusum_fgo_minus_fgo,-1.4801900566991244,-0.27333812154938797,-1.018020861302493,-0.4059091905286645
nlos_weak,22,follower,1,cusum_fgo_minus_cusum_ekf,-3.6198560292182367,-0.370039513288837,-0.8195112574745005,-0.5097876362071512
nlos_weak,22,follower,2,cusum_fgo_minus_ekf,0.16785996825815008,-0.07631408439972254,-0.21557671995440764,-0.1079502193855435
nlos_weak,22,follower,2,cusum_fgo_minus_fgo,1.8731851664293582,-0.06739845389997012,-0.007805157935497853,-0.0244191670952838
nlos_weak,22,follower,2,cusum_fgo_minus_cusum_ekf,-7.314379670499756,-1.8321215739223076,-4.917141285913285,-2.5517089877208567
nlos_weak,22,follower,3,cusum_fgo_minus_ekf,1.8050554507717234,-0.10551929411296879,-1.0237530229102796,-0.18867820276349145
nlos_weak,22,follower,3,cusum_fgo_minus_fgo,1.0223691947335443,-0.14872969798449454,-0.8123382698408776,-0.19895210305945166
nlos_weak,22,follower,3,cusum_fgo_minus_cusum_ekf,-7.708726619201347,-0.15249017376169394,-0.7492421443691217,-0.4536846874506868
nlos_weak,22,pooled,0,cusum_fgo_minus_ekf,-0.21068775868750755,-0.23048739309045652,-0.8150717445169802,-0.3318639269722028
nlos_weak,22,pooled,0,cusum_fgo_minus_fgo,0.927890475790627,-0.16315542447795117,-0.437992999276827,-0.20184117721109862
nlos_weak,22,pooled,0,cusum_fgo_minus_cusum_ekf,-7.708726619201347,-0.784883753657613,-3.9612797218231317,-1.3949336459640822
nlos_weak,22,macro,0,cusum_fgo_minus_ekf,-0.21528429071579502,-0.2304873930904563,-1.066005772231354,-0.3348327666607993
nlos_weak,22,macro,0,cusum_fgo_minus_fgo,0.4717881014879257,-0.16315542447795073,-0.6127214296929564,-0.20976015356113353
nlos_weak,22,macro,0,cusum_fgo_minus_cusum_ekf,-6.214320772973112,-0.7848837536576128,-2.16196489591897,-1.1717271037928982
nlos_weak,23,follower,1,cusum_fgo_minus_ekf,-3.1560427486772764,-0.39816080707526347,-1.7455083880107605,-0.5987858249811003
nlos_weak,23,follower,1,cusum_fgo_minus_fgo,-1.7938504502450754,-0.32181763365996907,-1.4163202073048233,-0.4651529828052253
nlos_weak,23,follower,1,cusum_fgo_minus_cusum_ekf,-1.3173858675859909,-0.2370645411292881,-0.7075052840084273,-0.30995338098864933
nlos_weak,23,follower,2,cusum_fgo_minus_ekf,-3.5933059415118414,-0.10278718211645832,-1.0798589870819464,-0.3299502359517934
nlos_weak,23,follower,2,cusum_fgo_minus_fgo,-3.413003274381406,-0.30776342732539463,-1.5610046143767204,-0.48636714419936466
nlos_weak,23,follower,2,cusum_fgo_minus_cusum_ekf,-2.5824993888292576,0.030548812660621483,-0.5616504839345955,-0.08711230795588287
nlos_weak,23,follower,3,cusum_fgo_minus_ekf,-4.3458182035658535,-0.49928530641863345,-1.1069647956102437,-0.7273111070252052
nlos_weak,23,follower,3,cusum_fgo_minus_fgo,-1.4464585327665032,-0.19918410106277895,-0.6511297063550003,-0.282499340093294
nlos_weak,23,follower,3,cusum_fgo_minus_cusum_ekf,-2.4410239688109634,-0.35800154508975546,-0.6630559063390917,-0.4212366528549405
nlos_weak,23,pooled,0,cusum_fgo_minus_ekf,-3.8627122764679984,-0.33341109853678486,-1.2295840195787253,-0.5332254396314273
nlos_weak,23,pooled,0,cusum_fgo_minus_fgo,-3.023328150476258,-0.27625505401604755,-1.164755398712066,-0.4207564043297536
nlos_weak,23,pooled,0,cusum_fgo_minus_cusum_ekf,-2.1928242649241096,-0.18817242451947402,-0.595743655076487,-0.2549598888796203
nlos_weak,23,macro,0,cusum_fgo_minus_ekf,-3.69838896458499,-0.33341109853678486,-1.3107773902343165,-0.5520157226526997
nlos_weak,23,macro,0,cusum_fgo_minus_fgo,-2.217770752464328,-0.27625505401604733,-1.209484842678848,-0.41133982236596134
nlos_weak,23,macro,0,cusum_fgo_minus_cusum_ekf,-2.1136364084087376,-0.1881724245194738,-0.644070558094038,-0.27276744726649105
nlos_weak,24,follower,1,cusum_fgo_minus_ekf,-1.5928814710000645,-0.4191030949476394,-1.3781297015465999,-0.5359796107938053
nlos_weak,24,follower,1,cusum_fgo_minus_fgo,-1.3611336035388555,-0.3253882586939011,-1.1019554977691493,-0.4388388992415482
nlos_weak,24,follower,1,cusum_fgo_minus_cusum_ekf,-0.9538672473036818,-0.2747022110670997,-0.512962737828702,-0.2942854334753484
nlos_weak,24,follower,2,cusum_fgo_minus_ekf,-2.8031609427242357,-0.2922100097640634,-0.7176751721809973,-0.43790485148259606
nlos_weak,24,follower,2,cusum_fgo_minus_fgo,-2.4493200521336567,-0.2515609957798697,-0.5596722294844203,-0.36086890444334085
nlos_weak,24,follower,2,cusum_fgo_minus_cusum_ekf,-2.433294714994781,-0.3312475635004908,-0.41904210656416385,-0.3579402054314249
nlos_weak,24,follower,3,cusum_fgo_minus_ekf,0.048620706533313296,-0.2645607656059745,-1.471352219567122,-0.31098859484500596
nlos_weak,24,follower,3,cusum_fgo_minus_fgo,0.20970308914895242,-0.19165199342143024,-1.104034967678097,-0.20705109257098964
nlos_weak,24,follower,3,cusum_fgo_minus_cusum_ekf,-1.7811810472243375,-0.1791802672678222,-0.733963352087436,-0.1840658329686533
nlos_weak,24,pooled,0,cusum_fgo_minus_ekf,-2.013116804246277,-0.3252912901058924,-1.2656835921835072,-0.42696127686560303
nlos_weak,24,pooled,0,cusum_fgo_minus_fgo,-1.6592759136556978,-0.25620041596506726,-0.9675101278830138,-0.3345382332678408
nlos_weak,24,pooled,0,cusum_fgo_minus_cusum_ekf,-1.7811810472243375,-0.2617100139451376,-0.6040759170229446,-0.27880247995094143
nlos_weak,24,macro,0,cusum_fgo_minus_ekf,-1.4491405690636636,-0.3252912901058924,-1.189052364431573,-0.4282910190404694
nlos_weak,24,macro,0,cusum_fgo_minus_fgo,-1.2002501888411876,-0.25620041596506726,-0.921887564977222,-0.3355862987519598
nlos_weak,24,macro,0,cusum_fgo_minus_cusum_ekf,-1.7227810031742674,-0.2617100139451376,-0.5553227321601006,-0.27876382395847576
nlos_weak,25,follower,1,cusum_fgo_minus_ekf,-2.706182895976911,-0.4984384667356102,-2.096011275470521,-0.7334514922103833
nlos_weak,25,follower,1,cusum_fgo_minus_fgo,-1.7924782950460894,-0.36053743103469904,-1.8828312620489016,-0.6036504795675205
nlos_weak,25,follower,1,cusum_fgo_minus_cusum_ekf,-3.144153369658705,-0.3677279563962811,-0.8641389942558919,-0.47976328283762293
nlos_weak,25,follower,2,cusum_fgo_minus_ekf,-4.13059100980416,-0.5761534922757083,-3.0375935511726038,-0.966869630400556
nlos_weak,25,follower,2,cusum_fgo_minus_fgo,-3.462141617579822,-0.5216551808874281,-2.600365666690405,-0.8608298015738889
nlos_weak,25,follower,2,cusum_fgo_minus_cusum_ekf,-3.241819808909428,-0.2867012569967766,-0.9337126865705356,-0.4323271223451588
nlos_weak,25,follower,3,cusum_fgo_minus_ekf,1.9514428400671666,-0.2288220048957993,-0.5510969023747831,-0.13961722624619655
nlos_weak,25,follower,3,cusum_fgo_minus_fgo,2.2870350205825702,-0.11601054557648594,-0.8312987084989594,-0.0661432684513874
nlos_weak,25,follower,3,cusum_fgo_minus_cusum_ekf,1.9548379444829118,-0.3068527159375879,-0.7341142351185188,-0.2207075490884456
nlos_weak,25,pooled,0,cusum_fgo_minus_ekf,-0.8955659500779127,-0.43447132130237276,-2.0222805861498534,-0.6361831663300805
nlos_weak,25,pooled,0,cusum_fgo_minus_fgo,-0.22711655785357454,-0.3327343858328713,-1.8874352986724479,-0.5313486815983217
nlos_weak,25,pooled,0,cusum_fgo_minus_cusum_ekf,-1.268959926451389,-0.32042730977688194,-0.8907681887234473,-0.3777143978707995
nlos_weak,25,macro,0,cusum_fgo_minus_ekf,-1.6284436885713012,-0.4344713213023724,-1.894900576339303,-0.6133127829523785
nlos_weak,25,macro,0,cusum_fgo_minus_fgo,-0.9891949640144464,-0.33273438583287096,-1.7714985457460892,-0.5102078498642656
nlos_weak,25,macro,0,cusum_fgo_minus_cusum_ekf,-1.4770450780284063,-0.32042730977688183,-0.8439886386483157,-0.37759931809040925
nlos_weak,26,follower,1,cusum_fgo_minus_ekf,-5.207020559466621,-0.35052763834080236,-1.1960451228167988,-0.6940702724384464
nlos_weak,26,follower,1,cusum_fgo_minus_fgo,-0.025312023822495533,-0.2959433864806854,-1.7483539952317906,-0.4197613948079968
nlos_weak,26,follower,1,cusum_fgo_minus_cusum_ekf,-2.9757543619558966,-0.26281028410647667,-0.9579836494950777,-0.45023768986334245
nlos_weak,26,follower,2,cusum_fgo_minus_ekf,-4.383506445878375,-0.4011384041296142,-1.8668231601881986,-0.7247207992764819
nlos_weak,26,follower,2,cusum_fgo_minus_fgo,-3.9026383448345565,-0.47203159378425874,-1.6342664544811967,-0.7642890922077614
nlos_weak,26,follower,2,cusum_fgo_minus_cusum_ekf,-2.584432443242957,-0.23653042703370963,-0.9273658670035603,-0.3532301082899145
nlos_weak,26,follower,3,cusum_fgo_minus_ekf,-2.6163156086141113,-0.44129247180613074,-1.244644331100098,-0.5987083359062535
nlos_weak,26,follower,3,cusum_fgo_minus_fgo,-0.801312266829791,-0.15945364598311484,-0.5079762177432317,-0.2067387525894504
nlos_weak,26,follower,3,cusum_fgo_minus_cusum_ekf,-1.8106581893806082,-0.37386332261021027,-1.0180308633818038,-0.47311004811907487
nlos_weak,26,pooled,0,cusum_fgo_minus_ekf,-5.207020559466621,-0.39765283809218244,-1.385444578782766,-0.6737675240248988
nlos_weak,26,pooled,0,cusum_fgo_minus_fgo,-2.6198475817788216,-0.3091428754160195,-1.3367497750135453,-0.4861181896028679
nlos_weak,26,pooled,0,cusum_fgo_minus_cusum_ekf,-2.9757543619558966,-0.29106801125013226,-0.9183584741028123,-0.4244466954619255
nlos_weak,26,macro,0,cusum_fgo_minus_ekf,-4.068947537986369,-0.39765283809218244,-1.4358375380350321,-0.6724998025403943
nlos_weak,26,macro,0,cusum_fgo_minus_fgo,-1.5764208784956146,-0.3091428754160195,-1.2968655558187396,-0.4635964132017365
nlos_weak,26,macro,0,cusum_fgo_minus_cusum_ekf,-2.4569483315264877,-0.29106801125013204,-0.9677934599601474,-0.4255259487574443
nlos_weak,27,follower,1,cusum_fgo_minus_ekf,4.298012231922821,0.5051291003188629,1.236471831493359,0.7029223978078745
nlos_weak,27,follower,1,cusum_fgo_minus_fgo,4.813450421075294,0.2306700677984499,0.778453892161675,0.4433161286083802
nlos_weak,27,follower,1,cusum_fgo_minus_cusum_ekf,-2.7038342420782264,-1.1792023591403726,-4.553864340146943,-1.7722418465324457
nlos_weak,27,follower,2,cusum_fgo_minus_ekf,0.270104512022284,0.16197805356457917,0.6484481618247013,0.21949684107333778
nlos_weak,27,follower,2,cusum_fgo_minus_fgo,1.6604138040365317,0.16136696163811348,0.9727905034849722,0.2846159203079177
nlos_weak,27,follower,2,cusum_fgo_minus_cusum_ekf,-3.1479279013928894,-0.6461561636800062,-1.836149956504919,-0.9180514992070226
nlos_weak,27,follower,3,cusum_fgo_minus_ekf,3.035546969065325,-0.2206774534281699,-0.8296577867035937,-0.0589499179887627
nlos_weak,27,follower,3,cusum_fgo_minus_fgo,3.215646248134247,-0.032489873591939444,-0.3996052329982225,0.13817724823187394
nlos_weak,27,follower,3,cusum_fgo_minus_cusum_ekf,2.8760744706127035,-0.22974386768691568,-0.8024309503130918,-0.06484721615805578
nlos_weak,27,pooled,0,cusum_fgo_minus_ekf,4.298012231922821,0.1488099001517571,0.8969798031879117,0.3522559944898531
nlos_weak,27,pooled,0,cusum_fgo_minus_fgo,4.813450421075294,0.11984905194820783,0.819575812940466,0.3109752581354257
nlos_weak,27,pooled,0,cusum_fgo_minus_cusum_ekf,-2.7038342420782264,-0.6850341301690988,-3.0634992288075367,-1.1035479236176249
nlos_weak,27,macro,0,cusum_fgo_minus_ekf,2.5345545710034774,0.14880990015175732,0.3517540688714895,0.28782310696415014
nlos_weak,27,macro,0,cusum_fgo_minus_fgo,3.229836824415358,0.11984905194820783,0.45054638754947485,0.28870309904939084
nlos_weak,27,macro,0,cusum_fgo_minus_cusum_ekf,-0.9918958909528035,-0.6850341301690985,-2.3974817489883185,-0.9183801872991744
nlos_weak,28,follower,1,cusum_fgo_minus_ekf,-1.0992174427776291,-0.35213165801322766,-1.3257042734263642,-0.479859995571261
nlos_weak,28,follower,1,cusum_fgo_minus_fgo,-0.35995502267179713,-0.36841235183182297,-1.5226682802066653,-0.48341563452716674
nlos_weak,28,follower,1,cusum_fgo_minus_cusum_ekf,-14.714470567797974,-0.5077200394516082,-1.167375398034654,-1.2792766712023977
nlos_weak,28,follower,2,cusum_fgo_minus_ekf,-3.9125434721937284,-0.20569517068975274,-2.9011420265894747,-0.6212699985768846
nlos_weak,28,follower,2,cusum_fgo_minus_fgo,-3.654770579589083,-0.482527802191449,-2.272428961318938,-0.7273604092444326
nlos_weak,28,follower,2,cusum_fgo_minus_cusum_ekf,-4.41227259130318,-0.041288481476310146,-1.2618524751818456,-0.3168060688347125
nlos_weak,28,follower,3,cusum_fgo_minus_ekf,-2.2506665167785016,-0.3512380599312438,-0.9275143979566634,-0.45423380631946686
nlos_weak,28,follower,3,cusum_fgo_minus_fgo,-0.8996260272088255,-0.17192750810145052,-0.8654041304013791,-0.2563986430751597
nlos_weak,28,follower,3,cusum_fgo_minus_cusum_ekf,-6.429011752313261,-0.438489596085217,-1.092739396136763,-0.6989800575129852
nlos_weak,28,pooled,0,cusum_fgo_minus_ekf,-2.6486212240645184,-0.30302162954474143,-1.5910060192817777,-0.521773403801649
nlos_weak,28,pooled,0,cusum_fgo_minus_fgo,-2.390848331459873,-0.3409558873749077,-1.5369742735097254,-0.5129057053821122
nlos_weak,28,pooled,0,cusum_fgo_minus_cusum_ekf,-14.714470567797974,-0.32916603900437846,-1.160134149765013,-0.7995919869189161
nlos_weak,28,macro,0,cusum_fgo_minus_ekf,-2.4208091439166197,-0.30302162954474143,-1.7181202326575007,-0.518454600155871
nlos_weak,28,macro,0,cusum_fgo_minus_fgo,-1.638117209823236,-0.34095588737490745,-1.5535004573089943,-0.4890582289489196
nlos_weak,28,macro,0,cusum_fgo_minus_cusum_ekf,-8.518584970471473,-0.32916603900437846,-1.173989089784421,-0.7650209325166986
nlos_weak,29,follower,1,cusum_fgo_minus_ekf,-3.0854479406173363,-0.005639825370046259,-1.1733042570281094,-0.21527555531334008
nlos_weak,29,follower,1,cusum_fgo_minus_fgo,-1.0785323951648316,-0.23552135009004216,-1.2600273267780566,-0.3067107800756601
nlos_weak,29,follower,1,cusum_fgo_minus_cusum_ekf,-6.6323057719946785,0.003347827935275438,-0.6971004467119482,-0.37718867269467693
nlos_weak,29,follower,2,cusum_fgo_minus_ekf,-4.2104755906716935,-0.5557535850601549,-2.0317183165501276,-0.7856108452000143
nlos_weak,29,follower,2,cusum_fgo_minus_fgo,-2.8767368939872617,-0.3898438085205511,-1.8901751922053487,-0.6394415685098525
nlos_weak,29,follower,2,cusum_fgo_minus_cusum_ekf,-2.4060328255033814,-0.3836183509354161,-0.9748828700833392,-0.4529035930684202
nlos_weak,29,follower,3,cusum_fgo_minus_ekf,-2.490486218232314,-0.3470463270059392,-1.0627357058022064,-0.4635396913640657
nlos_weak,29,follower,3,cusum_fgo_minus_fgo,-2.2119301251181107,-0.2751415571396649,-1.4041230776605684,-0.43206928238406017
nlos_weak,29,follower,3,cusum_fgo_minus_cusum_ekf,-1.7033061491647583,-0.26591373573286226,-0.7363552062381,-0.3387257868193889
nlos_weak,29,pooled,0,cusum_fgo_minus_ekf,-3.437066256418171,-0.3028132458120467,-1.1282977782279997,-0.43873560715815074
nlos_weak,29,pooled,0,cusum_fgo_minus_fgo,-2.1033275597337395,-0.300168905250086,-1.2093978393033633,-0.42003128315552773
nlos_weak,29,pooled,0,cusum_fgo_minus_cusum_ekf,-6.6323057719946785,-0.21539475291100096,-0.5043289967400466,-0.371171415059129
nlos_weak,29,macro,0,cusum_fgo_minus_ekf,-3.262136583173781,-0.30281324581204694,-1.4225860931268146,-0.48814203062580663
nlos_weak,29,macro,0,cusum_fgo_minus_fgo,-2.0557331380900674,-0.300168905250086,-1.5181085322146575,-0.45940721032319076
nlos_weak,29,macro,0,cusum_fgo_minus_cusum_ekf,-3.580548248887606,-0.21539475291100119,-0.8027795076777955,-0.38960601752749535
nlos_weak,30,follower,1,cusum_fgo_minus_ekf,-2.4604562325293267,-0.23243175168655084,-1.58082564081437,-0.4310362860416479
nlos_weak,30,follower,1,cusum_fgo_minus_fgo,-1.8871034317002588,-0.3635229745641275,-1.108165316363582,-0.46233253386573514
nlos_weak,30,follower,1,cusum_fgo_minus_cusum_ekf,-1.1742442280836332,-0.11565820506999014,-0.49859152376849636,-0.1988969800365954
nlos_weak,30,follower,2,cusum_fgo_minus_ekf,-4.988543718755265,-0.491134116759681,-2.393273103332395,-0.82830441862961
nlos_weak,30,follower,2,cusum_fgo_minus_fgo,-2.773505340657231,-0.4378285289138584,-1.8470696114793241,-0.667809830034316
nlos_weak,30,follower,2,cusum_fgo_minus_cusum_ekf,-4.37591678771509,-0.3266361370008022,-1.4675421144719076,-0.5271571136382234
nlos_weak,30,follower,3,cusum_fgo_minus_ekf,-2.94081718230284,-0.5599308826508379,-1.6498481385433739,-0.7050224262883251
nlos_weak,30,follower,3,cusum_fgo_minus_fgo,-3.078222600755024,-0.3374010737929898,-1.8477747654001553,-0.6327203688650043
nlos_weak,30,follower,3,cusum_fgo_minus_cusum_ekf,-1.537872440934661,-0.39812734513279147,-0.6832538119187499,-0.4339199998742891
nlos_weak,30,pooled,0,cusum_fgo_minus_ekf,-4.28123653487709,-0.4278322503656897,-1.7818961614058562,-0.6417793699343759
nlos_weak,30,pooled,0,cusum_fgo_minus_fgo,-2.664076634974782,-0.3795841924236585,-1.5966610455739099,-0.573455252818571
nlos_weak,30,pooled,0,cusum_fgo_minus_cusum_ekf,-3.6686096038369143,-0.28014056240119456,-0.8662331037227184,-0.3746240983873226
nlos_weak,30,macro,0,cusum_fgo_minus_ekf,-3.4632723778624763,-0.42783225036568984,-1.874648960896713,-0.6547877103198609
nlos_weak,30,macro,0,cusum_fgo_minus_fgo,-2.579610457704171,-0.3795841924236584,-1.6010032310810205,-0.587620910921685
nlos_weak,30,macro,0,cusum_fgo_minus_cusum_ekf,-2.362677818911128,-0.28014056240119445,-0.8831291500530516,-0.3866580311830361
nlos_weak,31,follower,1,cusum_fgo_minus_ekf,-1.7398751244493882,0.08684318021060333,-0.5639658060109536,-0.0150799123776868
nlos_weak,31,follower,1,cusum_fgo_minus_fgo,-0.8715269534572272,-0.19264415931346535,-0.44300695685728764,-0.23705022440595336
nlos_weak,31,follower,1,cusum_fgo_minus_cusum_ekf,-5.008501758733319,-0.2017368321620847,-1.261904011591092,-0.4200877266967735
nlos_weak,31,follower,2,cusum_fgo_minus_ekf,-3.5496745002443504,-0.12670055281431725,-2.848712476451197,-0.4907372488101138
nlos_weak,31,follower,2,cusum_fgo_minus_fgo,-2.6221483059057142,-0.4401217117330327,-1.6005165009052909,-0.6101040207735748
nlos_weak,31,follower,2,cusum_fgo_minus_cusum_ekf,-3.4419823282208304,-0.02397007709029375,-1.4081189490759431,-0.25397252135341697
nlos_weak,31,follower,3,cusum_fgo_minus_ekf,-2.283488523454415,-0.3331066858585886,-1.1975240127326319,-0.4546683711564643
nlos_weak,31,follower,3,cusum_fgo_minus_fgo,-1.57474192744988,-0.2729871209012137,-1.3294336035034728,-0.4038548487259914
nlos_weak,31,follower,3,cusum_fgo_minus_cusum_ekf,-1.8069259397520092,-0.2604577456344078,-0.9204964868591934,-0.3497986165375855
nlos_weak,31,pooled,0,cusum_fgo_minus_ekf,-2.454053806748229,-0.1243213528207674,-0.7152926366081886,-0.2791829778651058
nlos_weak,31,pooled,0,cusum_fgo_minus_fgo,-1.526527612409593,-0.30191766398257047,-0.7049268338832198,-0.3942784521143592
nlos_weak,31,pooled,0,cusum_fgo_minus_cusum_ekf,-5.008501758733319,-0.16205488496226206,-0.9177271243954062,-0.33767893305443786
nlos_weak,31,macro,0,cusum_fgo_minus_ekf,-2.524346049382719,-0.12432135282076784,-1.5367340983982611,-0.3201618441147551
nlos_weak,31,macro,0,cusum_fgo_minus_fgo,-1.689472395604274,-0.30191766398257047,-1.1243190204220173,-0.41700303130184024
nlos_weak,31,macro,0,cusum_fgo_minus_cusum_ekf,-3.41913667556872,-0.1620548849622625,-1.1968398158420763,-0.34128628819592577
nlos_weak,32,follower,1,cusum_fgo_minus_ekf,-5.091745012697002,-0.5164415139875733,-2.170497093204694,-0.8075201905315321
nlos_weak,32,follower,1,cusum_fgo_minus_fgo,-1.7559237423353928,-0.38447250864484617,-1.8220180945334197,-0.5960688012626485
nlos_weak,32,follower,1,cusum_fgo_minus_cusum_ekf,-4.00756209895664,-0.42319518179576354,-1.3535589521273867,-0.6319667578160009
nlos_weak,32,follower,2,cusum_fgo_minus_ekf,-0.5549565326781769,-0.26272839198554077,-1.3594530790051138,-0.34067697722970713
nlos_weak,32,follower,2,cusum_fgo_minus_fgo,0.2518924684526107,-0.3094789902334667,-1.4136241067217337,-0.3413178424204375
nlos_weak,32,follower,2,cusum_fgo_minus_cusum_ekf,-1.65289185229296,-0.4404213411125113,-2.5409353897276437,-0.5939629531570882
nlos_weak,32,follower,3,cusum_fgo_minus_ekf,-3.4836223477626054,-0.4139478419905376,-1.966112497018615,-0.6210738424459532
nlos_weak,32,follower,3,cusum_fgo_minus_fgo,-2.495291830118434,-0.4085472675845512,-2.499362017925647,-0.6603025970209766
nlos_weak,32,follower,3,cusum_fgo_minus_cusum_ekf,-1.5402254539979743,-0.26174773488946035,-1.0412956135037708,-0.36364367683356336
nlos_weak,32,pooled,0,cusum_fgo_minus_ekf,-0.7615000466162956,-0.39770591598788374,-1.7110660942626224,-0.5621492027254824
nlos_weak,32,pooled,0,cusum_fgo_minus_fgo,0.2518924684526107,-0.3674995888209547,-1.851205181551792,-0.5087888042537125
nlos_weak,32,pooled,0,cusum_fgo_minus_cusum_ekf,-1.65289185229296,-0.3751214192659118,-1.4669272772984927,-0.5289949868965125
nlos_weak,32,macro,0,cusum_fgo_minus_ekf,-3.0434412977125938,-0.39770591598788396,-1.832020889742808,-0.5897570034023976
nlos_weak,32,macro,0,cusum_fgo_minus_fgo,-1.3331077013337378,-0.3674995888209547,-1.9116680730602666,-0.5325630802346877
nlos_weak,32,macro,0,cusum_fgo_minus_cusum_ekf,-2.400226468415858,-0.3751214192659118,-1.645263318452934,-0.529857795935551
nlos_weak,33,follower,1,cusum_fgo_minus_ekf,-3.7809027123390346,0.049714927257916264,-1.3252044058413137,-0.1691205181595108
nlos_weak,33,follower,1,cusum_fgo_minus_fgo,-1.6663701914391802,-0.29055985662875816,-1.056320001459289,-0.38343942565706746
nlos_weak,33,follower,1,cusum_fgo_minus_cusum_ekf,-11.783780559526976,-0.38372564958334143,-4.499304496156158,-1.2463834303175712
nlos_weak,33,follower,2,cusum_fgo_minus_ekf,-4.67000616848035,-0.27167427821706447,-2.312862944942097,-0.5950650190072577
nlos_weak,33,follower,2,cusum_fgo_minus_fgo,-3.541532675523991,-0.5677675128966386,-2.457417237132783,-0.8358858035146843
nlos_weak,33,follower,2,cusum_fgo_minus_cusum_ekf,-3.2274100207996965,-0.25212400259728884,-1.7817372110393253,-0.5028501874580225
nlos_weak,33,follower,3,cusum_fgo_minus_ekf,-0.5230168638036279,-0.20756381375040567,-0.5079792553176736,-0.19896477344729036
nlos_weak,33,follower,3,cusum_fgo_minus_fgo,0.686480792538481,-0.033370980447801624,-0.4008359707219087,-0.02162155293712109
nlos_weak,33,follower,3,cusum_fgo_minus_cusum_ekf,-3.5691110589415844,-0.669193620936033,-3.0215990577168697,-0.980876049519182
nlos_weak,33,pooled,0,cusum_fgo_minus_ekf,-3.548496144374031,-0.14317438823651818,-0.9798580284517762,-0.2966743298883512
nlos_weak,33,pooled,0,cusum_fgo_minus_fgo,-2.420022651417672,-0.2972327833243995,-1.0330980102055372,-0.4298426664998858
nlos_weak,33,pooled,0,cusum_fgo_minus_cusum_ekf,-11.4830299968627,-0.43501442437222093,-2.087724468728904,-0.9437700078731344
nlos_weak,33,macro,0,cusum_fgo_minus_ekf,-2.991308581541005,-0.14317438823651796,-1.382015535367028,-0.32105010353801955
nlos_weak,33,macro,0,cusum_fgo_minus_fgo,-1.507140691474897,-0.2972327833243993,-1.3048577364379939,-0.4136489273696242
nlos_weak,33,macro,0,cusum_fgo_minus_cusum_ekf,-6.1934338797560855,-0.43501442437222093,-3.100880254970784,-0.910036555764925
nlos_weak,34,follower,1,cusum_fgo_minus_ekf,7.0108352198420105,1.2172291135918893,3.4202848972559323,1.793255239488528
nlos_weak,34,follower,1,cusum_fgo_minus_fgo,8.435530168277506,1.2251261046322874,4.176354310714782,1.9133628594271765
nlos_weak,34,follower,1,cusum_fgo_minus_cusum_ekf,-6.164356644596502,-2.075715900526076,-7.445567509566679,-3.2231558089106134
nlos_weak,34,follower,2,cusum_fgo_minus_ekf,4.299644170028585,0.8541460489712136,3.466576807593298,1.3459132850752398
nlos_weak,34,follower,2,cusum_fgo_minus_fgo,4.984212232435094,0.9110142355572366,3.6458471424052052,1.4167112033483444
nlos_weak,34,follower,2,cusum_fgo_minus_cusum_ekf,-6.144744941678782,-1.8630206914108038,-6.096317068121597,-2.743492070211355
nlos_weak,34,follower,3,cusum_fgo_minus_ekf,-0.23484087183555236,0.018411123384241668,-1.1150896491160602,-0.1162880140302065
nlos_weak,34,follower,3,cusum_fgo_minus_fgo,-1.2281259257381087,-0.06385458470952421,-0.892510398425403,-0.17427537075227573
nlos_weak,34,follower,3,cusum_fgo_minus_cusum_ekf,-0.409576116086229,0.0017594670674394575,-0.36804754450928323,-0.05797083295416017
nlos_weak,34,pooled,0,cusum_fgo_minus_ekf,7.0108352198420105,0.6965954286491154,2.7244588928769633,1.165565306813004
nlos_weak,34,pooled,0,cusum_fgo_minus_fgo,8.435530168277506,0.6907619184933338,2.892620589387659,1.2151474409822884
nlos_weak,34,pooled,0,cusum_fgo_minus_cusum_ekf,-6.164356644596502,-1.3123257082898134,-7.032101488448625,-2.3907598828084855
nlos_weak,34,macro,0,cusum_fgo_minus_ekf,3.69187950601168,0.6965954286491145,1.9239240185777238,1.0076268368445207
nlos_weak,34,macro,0,cusum_fgo_minus_fgo,4.06387215832483,0.6907619184933329,2.309897018231528,1.051932897341082
nlos_weak,34,macro,0,cusum_fgo_minus_cusum_ekf,-4.239559234120506,-1.3123257082898134,-4.636644040732518,-2.0082062373587095
nlos_weak,35,follower,1,cusum_fgo_minus_ekf,-4.8282365188696845,-0.6144295222206592,-2.2485974313444004,-0.8760751169899462
nlos_weak,35,follower,1,cusum_fgo_minus_fgo,-1.6367929164003732,-0.37969587745549405,-1.354114962520692,-0.525647927156294
nlos_weak,35,follower,1,cusum_fgo_minus_cusum_ekf,-3.7158373860689213,-0.4095239175224731,-0.7503415995207514,-0.4954722863643065
nlos_weak,35,follower,2,cusum_fgo_minus_ekf,-2.6926504798157436,-0.31231209151644324,-1.3903576742825223,-0.4753933593036863
nlos_weak,35,follower,2,cusum_fgo_minus_fgo,-1.0713877820684305,-0.3434997872690717,-1.2345286385406642,-0.45606081227162565
nlos_weak,35,follower,2,cusum_fgo_minus_cusum_ekf,-3.1218347539188067,-0.25635549790084733,-1.05283183179384,-0.42434918611282146
nlos_weak,35,follower,3,cusum_fgo_minus_ekf,-4.428896742626273,-0.5512262928568239,-2.677334912205115,-0.8480039513184868
nlos_weak,35,follower,3,cusum_fgo_minus_fgo,-3.9205932570126754,-0.2927404118586139,-1.2762818691993372,-0.5724906409350486
nlos_weak,35,follower,3,cusum_fgo_minus_cusum_ekf,-3.4338069600524044,-0.3823882949748072,-0.790655577543067,-0.4751481817924773
nlos_weak,35,pooled,0,cusum_fgo_minus_ekf,-3.7750923223824535,-0.492655968864642,-1.9513411120538016,-0.7217471181945011
nlos_weak,35,pooled,0,cusum_fgo_minus_fgo,-2.924987015388091,-0.33864535886105973,-1.2926998563530958,-0.510731554040316
nlos_weak,35,pooled,0,cusum_fgo_minus_cusum_ekf,-3.1218347539188067,-0.34942257013270905,-0.8694558937058354,-0.4583255696901768
nlos_weak,35,macro,0,cusum_fgo_minus_ekf,-3.9832612471039,-0.49265596886464214,-2.1054300059440134,-0.7331574758707066
nlos_weak,35,macro,0,cusum_fgo_minus_fgo,-2.209591318493826,-0.33864535886105984,-1.2883084900868977,-0.5180664601209893
nlos_weak,35,macro,0,cusum_fgo_minus_cusum_ekf,-3.423826366680044,-0.34942257013270916,-0.8646096696192196,-0.4649898847565349
nlos_weak,36,follower,1,cusum_fgo_minus_ekf,-0.5944953764528087,0.12280664834113408,-0.7857444782448422,-0.004454315910266793
nlos_weak,36,follower,1,cusum_fgo_minus_fgo,-0.6733169869491586,-0.23628468733233654,-0.7567857585156945,-0.28807361202754134
nlos_weak,36,follower,1,cusum_fgo_minus_cusum_ekf,-2.6228906546147917,0.11208324309081807,-0.7974271285904342,-0.060159301973237156
nlos_weak,36,follower,2,cusum_fgo_minus_ekf,-4.096238852641404,-0.19501756940978598,-2.2213010795628416,-0.489477496641584
nlos_weak,36,follower,2,cusum_fgo_minus_fgo,-3.181584966799218,-0.43960031363064345,-1.3474728059004484,-0.5810759441111408
nlos_weak,36,follower,2,cusum_fgo_minus_cusum_ekf,-4.102496505419808,-0.1650758347584358,-1.8179543170912535,-0.4102893800611864
nlos_weak,36,follower,3,cusum_fgo_minus_ekf,-2.3821032150408463,-0.5839395627986926,-1.9812317797359487,-0.7480522530526554
nlos_weak,36,follower,3,cusum_fgo_minus_fgo,-1.654160228585579,-0.3507634893293915,-1.8387647185904796,-0.5589651133264828
nlos_weak,36,follower,3,cusum_fgo_minus_cusum_ekf,-2.666401636803653,-0.6173901269947165,-2.1641378903301653,-0.8301483219987487
nlos_weak,36,pooled,0,cusum_fgo_minus_ekf,-2.4758831778917036,-0.21871682795578185,-1.214907672902262,-0.3567844582666049
nlos_weak,36,pooled,0,cusum_fgo_minus_fgo,-1.5612292920495179,-0.34221616343079053,-1.0944741200673995,-0.4437734499589616
nlos_weak,36,pooled,0,cusum_fgo_minus_cusum_ekf,-2.6228906546147917,-0.2234609062207782,-1.3192650107932504,-0.3704164969060222
nlos_weak,36,macro,0,cusum_fgo_minus_ekf,-2.357612481378352,-0.2187168279557814,-1.6627591125145447,-0.41399468853483534
nlos_weak,36,macro,0,cusum_fgo_minus_fgo,-1.8363540607779845,-0.34221616343079053,-1.314341094335541,-0.47603822315505484
nlos_weak,36,macro,0,cusum_fgo_minus_cusum_ekf,-3.13059626561275,-0.22346090622077797,-1.5931731120039512,-0.4335323346777238
nlos_weak,37,follower,1,cusum_fgo_minus_ekf,-4.325732373209382,-0.4201829622267459,-1.6638064279883253,-0.7231639677324933
nlos_weak,37,follower,1,cusum_fgo_minus_fgo,-1.6634062493999524,-0.21849584214212947,-0.6884371930171431,-0.3479741337121729
nlos_weak,37,follower,1,cusum_fgo_minus_cusum_ekf,-3.663664653445684,-0.2805568155119056,-0.527155932715488,-0.42559816823559626
nlos_weak,37,follower,2,cusum_fgo_minus_ekf,-2.272857760492188,-0.026236873409205552,-0.6559540084074644,-0.13480909728484636
nlos_weak,37,follower,2,cusum_fgo_minus_fgo,-1.0246010253957842,-0.19089701748932564,-1.0576537935686332,-0.25546640363978246
nlos_weak,37,follower,2,cusum_fgo_minus_cusum_ekf,-2.0062112113488078,0.0013263384985773286,-0.5743301907572937,-0.09538489061940014
nlos_weak,37,follower,3,cusum_fgo_minus_ekf,-2.7845327121005536,-0.27358101300620574,-0.6089556357058892,-0.3712869212403094
nlos_weak,37,follower,3,cusum_fgo_minus_fgo,-0.7850077457198212,-0.09615365475779658,-0.17553978266431836,-0.12552008981442375
nlos_weak,37,follower,3,cusum_fgo_minus_cusum_ekf,-2.101646192082494,-0.22698555784510166,-0.39094285742846013,-0.3007593476787058
nlos_weak,37,pooled,0,cusum_fgo_minus_ekf,-4.325732373209382,-0.24000028288071906,-0.7960967172388682,-0.4284705906259152
nlos_weak,37,pooled,0,cusum_fgo_minus_fgo,-1.6634062493999524,-0.16851550479641708,-0.6683265598911006,-0.2494067156210904
nlos_weak,37,pooled,0,cusum_fgo_minus_cusum_ekf,-3.663664653445684,-0.16873867828614308,-0.5464274269043998,-0.27907438670621243
nlos_weak,37,macro,0,cusum_fgo_minus_ekf,-3.1277076152673753,-0.24000028288071906,-0.9762386907005598,-0.40975332875254966
nlos_weak,37,macro,0,cusum_fgo_minus_fgo,-1.157671673505186,-0.1685155047964173,-0.640543589750032,-0.24298687572212652
nlos_weak,37,macro,0,cusum_fgo_minus_cusum_ekf,-2.5905073522923288,-0.1687386782861433,-0.4974763269670808,-0.2739141355112342
nlos_weak,38,follower,1,cusum_fgo_minus_ekf,-1.0168383723903682,-0.22753482288691695,-1.2147931259266018,-0.374159265763484
nlos_weak,38,follower,1,cusum_fgo_minus_fgo,0.9403468740556402,-0.10613569047141302,-0.276609773694771,-0.1054321146832109
nlos_weak,38,follower,1,cusum_fgo_minus_cusum_ekf,-0.12324889833119101,-0.11372742507699596,-0.6378304351441706,-0.15533001355174814
nlos_weak,38,follower,2,cusum_fgo_minus_ekf,-2.328592221509941,-0.35256671600044054,-0.9927209953316027,-0.45204764205692927
nlos_weak,38,follower,2,cusum_fgo_minus_fgo,-1.3662536660891376,-0.17992401477034348,-0.7858850591054538,-0.274202703884612
nlos_weak,38,follower,2,cusum_fgo_minus_cusum_ekf,-2.4453358877883766,-0.34415164909141926,-0.9057472682344216,-0.4398242790048037
nlos_weak,38,follower,3,cusum_fgo_minus_ekf,-2.6649608643614657,-0.22403814443968684,-0.6634935100538264,-0.3627768769052149
nlos_weak,38,follower,3,cusum_fgo_minus_fgo,-0.7455656949032528,-0.07507619981212876,-0.36290828912775375,-0.13827809370952582
nlos_weak,38,follower,3,cusum_fgo_minus_cusum_ekf,-2.6691405407138733,-0.6052657713669669,-1.4875346974214814,-0.7586563639149797
nlos_weak,38,pooled,0,cusum_fgo_minus_ekf,-1.0168383723903682,-0.26804656110901504,-0.9662945982118669,-0.39160849576431334
nlos_weak,38,pooled,0,cusum_fgo_minus_fgo,0.9403468740556402,-0.12037863501796187,-0.46941294093224406,-0.16616180065278785
nlos_weak,38,pooled,0,cusum_fgo_minus_cusum_ekf,-0.9212093187069712,-0.3543816151784607,-1.0784820420775818,-0.4539374126140783
nlos_weak,38,macro,0,cusum_fgo_minus_ekf,-2.003463819420591,-0.2680465611090146,-0.9570025437706771,-0.3963279282418761
nlos_weak,38,macro,0,cusum_fgo_minus_fgo,-0.39049082897891685,-0.12037863501796164,-0.475134373975993,-0.17263763742578297
nlos_weak,38,macro,0,cusum_fgo_minus_cusum_ekf,-1.7459084422778135,-0.35438161517846045,-1.0103708002666916,-0.451270218823844
nlos_weak,39,follower,1,cusum_fgo_minus_ekf,-3.4634954586134663,-0.26082779464478456,-1.2431233968539945,-0.43450746710688803
nlos_weak,39,follower,1,cusum_fgo_minus_fgo,-2.1851901620746697,-0.34478107259572477,-0.9686845374778217,-0.45365567835888143
nlos_weak,39,follower,1,cusum_fgo_minus_cusum_ekf,-2.292187458058164,-0.17066324394663046,-0.8012208458657597,-0.2679740196531202
nlos_weak,39,follower,2,cusum_fgo_minus_ekf,-4.471188145670049,-0.4200197122325888,-2.0552533339965295,-0.7449828507341254
nlos_weak,39,follower,2,cusum_fgo_minus_fgo,-3.8732077464149866,-0.4537831692052481,-1.6769131581058423,-0.7115115042540028
nlos_weak,39,follower,2,cusum_fgo_minus_cusum_ekf,-2.831617568611189,-0.3316111703515505,-1.4892830001068516,-0.5133294308634666
nlos_weak,39,follower,3,cusum_fgo_minus_ekf,-4.042184778232442,-0.4304934645137467,-1.487733642295064,-0.6478355261697893
nlos_weak,39,follower,3,cusum_fgo_minus_fgo,-2.584985585041001,-0.30026208777785446,-1.6164519883645803,-0.5086022830407589
nlos_weak,39,follower,3,cusum_fgo_minus_cusum_ekf,-2.8730628930839774,-0.33096120741185275,-1.1882779255491769,-0.4711728843963924
nlos_weak,39,pooled,0,cusum_fgo_minus_ekf,-4.2856935082375935,-0.37044699046370677,-1.4528591929423242,-0.6005120906869506
nlos_weak,39,pooled,0,cusum_fgo_minus_fgo,-3.687713108982531,-0.36627544319294236,-1.3455594393445585,-0.5542242755433633
nlos_weak,39,pooled,0,cusum_fgo_minus_cusum_ekf,-2.6461229311787333,-0.27774520723667806,-1.0634010470673678,-0.40823847806482894
nlos_weak,39,macro,0,cusum_fgo_minus_ekf,-3.9922894608386525,-0.37044699046370666,-1.595370124381863,-0.6091086146702678
nlos_weak,39,macro,0,cusum_fgo_minus_fgo,-2.8811278311768853,-0.3662754431929425,-1.4206832279827482,-0.5579231552178812
nlos_weak,39,macro,0,cusum_fgo_minus_cusum_ekf,-2.665622639917777,-0.2777452072366777,-1.1595939238405961,-0.41749211163765976
nlos_weak,40,follower,1,cusum_fgo_minus_ekf,-2.421394335209319,-0.4452819945331512,-1.14689910287133,-0.5930252434626062
nlos_weak,40,follower,1,cusum_fgo_minus_fgo,0.011336110701386293,-0.2478922412312652,-0.5795199343163451,-0.283709414148952
nlos_weak,40,follower,1,cusum_fgo_minus_cusum_ekf,-2.7609458190822704,-0.37853617460129385,-0.9873488173369349,-0.4651708320102821
nlos_weak,40,follower,2,cusum_fgo_minus_ekf,-0.6225396150041362,-0.010979276053756593,-1.2992493406285806,-0.23929166030060744
nlos_weak,40,follower,2,cusum_fgo_minus_fgo,1.0755740509916238,-0.09408502178419598,-0.3324476819844082,-0.12162070022122129
nlos_weak,40,follower,2,cusum_fgo_minus_cusum_ekf,-1.7253790614124425,-0.8097042352641621,-1.8144250492482228,-0.9987095525293985
nlos_weak,40,follower,3,cusum_fgo_minus_ekf,-1.3339351601137333,-0.5792546247971467,-1.761131179360724,-0.7396035586405811
nlos_weak,40,follower,3,cusum_fgo_minus_fgo,-1.6986329113042746,-0.40997835558419116,-2.2976957956737323,-0.7193592577183958
nlos_weak,40,follower,3,cusum_fgo_minus_cusum_ekf,-1.0214097720737216,-0.4564049248330423,-1.011648743051336,-0.525367390615108
nlos_weak,40,pooled,0,cusum_fgo_minus_ekf,-0.6225396150041362,-0.34517196512801795,-1.0966820999553777,-0.46149572888348356
nlos_weak,40,pooled,0,cusum_fgo_minus_fgo,1.0755740509916238,-0.25065187286655044,-0.6737706549243172,-0.3169617826509663
nlos_weak,40,pooled,0,cusum_fgo_minus_cusum_ekf,-1.7253790614124425,-0.5482151115661661,-1.596224046416273,-0.7006405877232822
nlos_weak,40,macro,0,cusum_fgo_minus_ekf,-1.4592897034423968,-0.3451719651280183,-1.4024265409535441,-0.5239734874679316
nlos_weak,40,macro,0,cusum_fgo_minus_fgo,-0.20390758320375557,-0.2506518728665508,-1.069887803991495,-0.3748964573628564
nlos_weak,40,macro,0,cusum_fgo_minus_cusum_ekf,-1.835911550856145,-0.5482151115661662,-1.271140869878831,-0.6630825917182628
nlos_weak,41,follower,1,cusum_fgo_minus_ekf,0.7405124916588175,0.033723292107041836,-0.021447925121214073,0.020370324387192218
nlos_weak,41,follower,1,cusum_fgo_minus_fgo,2.388202613409866,0.0079408145409674,0.5417590959511145,0.08300078949710543
nlos_weak,41,follower,1,cusum_fgo_minus_cusum_ekf,-14.729265791740719,-1.6944203281048886,-13.922578655255755,-3.6885391195068045
nlos_weak,41,follower,2,cusum_fgo_minus_ekf,0.512542791966399,-0.24817097432163104,-0.14694051533335184,-0.2511092295362265
nlos_weak,41,follower,2,cusum_fgo_minus_fgo,1.819262264533096,-0.14427922303031904,-0.09061308463834106,-0.12871391789374864
nlos_weak,41,follower,2,cusum_fgo_minus_cusum_ekf,0.9375517086279448,-0.5591405138652011,-0.6882357564582144,-0.5294875477942524
nlos_weak,41,follower,3,cusum_fgo_minus_ekf,-4.6177035496222,-0.5001808189617413,-1.6100842504797344,-0.7662360391119585
nlos_weak,41,follower,3,cusum_fgo_minus_fgo,-3.134325345748233,-0.18524312401726062,-0.8758936419999421,-0.3973468626754604
nlos_weak,41,follower,3,cusum_fgo_minus_cusum_ekf,-11.890513206352491,-1.267054687288149,-10.233690271465576,-2.751717237571885
nlos_weak,41,pooled,0,cusum_fgo_minus_ekf,-1.0596594380185458,-0.23820950039210986,-0.7130898457378794,-0.30389298338549864
nlos_weak,41,pooled,0,cusum_fgo_minus_fgo,0.4237187658554209,-0.10719384416887068,-0.28606581970944145,-0.11968396844242513
nlos_weak,41,pooled,0,cusum_fgo_minus_cusum_ekf,-14.24135672901774,-1.1735385097527462,-5.661754766585563,-2.589344390548822
nlos_weak,41,macro,0,cusum_fgo_minus_ekf,-1.1215494219989939,-0.23820950039211009,-0.5928242303114337,-0.33232498142033084
nlos_weak,41,macro,0,cusum_fgo_minus_fgo,0.35771317739824315,-0.1071938441688709,-0.1415825435623903,-0.1476866636907015
nlos_weak,41,macro,0,cusum_fgo_minus_cusum_ekf,-8.560742429821754,-1.1735385097527464,-8.28150156105985,-2.3232479682909806
nlos_weak,42,follower,1,cusum_fgo_minus_ekf,-1.3922043309579655,-0.308076781254363,-1.1653767587209547,-0.48160679560281094
nlos_weak,42,follower,1,cusum_fgo_minus_fgo,-2.0603821859200275,-0.47816796656903593,-1.912222062411698,-0.702132149243347
nlos_weak,42,follower,1,cusum_fgo_minus_cusum_ekf,-2.5889985635788966,-0.2588306116075856,-0.8865349792371036,-0.40333900037749637
nlos_weak,42,follower,2,cusum_fgo_minus_ekf,-6.532766411973052,-0.5205653304370339,-2.308595475305913,-0.9621548881211748
nlos_weak,42,follower,2,cusum_fgo_minus_fgo,-4.6179504160671065,-0.6287005324355632,-2.5525155219085107,-0.9959901060454694
nlos_weak,42,follower,2,cusum_fgo_minus_cusum_ekf,-6.046272284766312,-0.5119175056082541,-2.329792100306463,-0.9312750273312687
nlos_weak,42,follower,3,cusum_fgo_minus_ekf,-1.6546557018014383,-0.5947271956176051,-2.228208168556804,-0.7807889831882439
nlos_weak,42,follower,3,cusum_fgo_minus_fgo,-2.901682663150389,-0.31365541169499045,-1.883113155496321,-0.6110414323119914
nlos_weak,42,follower,3,cusum_fgo_minus_cusum_ekf,-3.1482595786941117,-0.8255620588636347,-1.3182039563137287,-0.9023651690930873
nlos_weak,42,pooled,0,cusum_fgo_minus_ekf,-4.643114635124861,-0.47445643576966734,-2.0011966637066227,-0.7399199650678745
nlos_weak,42,pooled,0,cusum_fgo_minus_fgo,-2.857146328947344,-0.47350797023319646,-2.1494710280402667,-0.7720992064054504
nlos_weak,42,pooled,0,cusum_fgo_minus_cusum_ekf,-4.156620507918121,-0.5321033920264914,-1.4665338541284574,-0.746419424418729
nlos_weak,42,macro,0,cusum_fgo_minus_ekf,-3.1932088149108186,-0.47445643576966734,-1.900726800861224,-0.7415168889707435
nlos_weak,42,macro,0,cusum_fgo_minus_fgo,-3.1933384217125087,-0.47350797023319646,-2.11595024660551,-0.7697212292002693
nlos_weak,42,macro,0,cusum_fgo_minus_cusum_ekf,-3.9278434756797735,-0.5321033920264914,-1.511510345285765,-0.7456597322672842
nlos_weak,43,follower,1,cusum_fgo_minus_ekf,-3.560827500063475,-0.4050373400675662,-1.2897473120298235,-0.5756905041677931
nlos_weak,43,follower,1,cusum_fgo_minus_fgo,-3.582604491591547,-0.4277640080240497,-1.6378028870369827,-0.6191390465955091
nlos_weak,43,follower,1,cusum_fgo_minus_cusum_ekf,-2.318319410228974,-0.33104755238652306,-1.018825507143296,-0.4386059750000657
nlos_weak,43,follower,2,cusum_fgo_minus_ekf,-5.514602297870894,-0.3482718240016245,-3.140010928987143,-0.7761615824782653
nlos_weak,43,follower,2,cusum_fgo_minus_fgo,-4.087181654147299,-0.5754549286935315,-2.2827849716593342,-0.8579077744501926
nlos_weak,43,follower,2,cusum_fgo_minus_cusum_ekf,-3.6192771800564443,-0.19197169096263766,-1.6189266997330125,-0.45708592962260797
nlos_weak,43,follower,3,cusum_fgo_minus_ekf,-5.100145736051474,-0.5619383648605445,-1.6870693700730708,-0.8690431140139989
nlos_weak,43,follower,3,cusum_fgo_minus_fgo,-3.6101115341122814,-0.36679877757113355,-1.609830559182613,-0.6448414497935486
nlos_weak,43,follower,3,cusum_fgo_minus_cusum_ekf,-3.9872824739659585,-0.4813470922072116,-0.8836788246652796,-0.6527324295762562
nlos_weak,43,pooled,0,cusum_fgo_minus_ekf,-5.514602297870894,-0.43841584297657843,-2.0169833707625964,-0.7284942091285349
nlos_weak,43,pooled,0,cusum_fgo_minus_fgo,-4.087181654147299,-0.4566725714295715,-1.7988159738322749,-0.7111968507199253
nlos_weak,43,pooled,0,cusum_fgo_minus_cusum_ekf,-3.6192771800564443,-0.33478877851879074,-1.0513884304595307,-0.49848829580764753
nlos_weak,43,macro,0,cusum_fgo_minus_ekf,-4.725191844661947,-0.4384158429765782,-2.038942537030012,-0.7402984002200194
nlos_weak,43,macro,0,cusum_fgo_minus_fgo,-3.7599658932837086,-0.4566725714295715,-1.8434728059596435,-0.7072960902797499
nlos_weak,43,macro,0,cusum_fgo_minus_cusum_ekf,-3.308293021417126,-0.33478877851879074,-1.1738103438471958,-0.5161414447329765
nlos_weak,44,follower,1,cusum_fgo_minus_ekf,-2.7792079564547523,-0.2587422202607108,-1.3244605127119669,-0.4239241454429681
nlos_weak,44,follower,1,cusum_fgo_minus_fgo,-3.3075498157048226,-0.2693671323000626,-0.8196528577494773,-0.39920752876862187
nlos_weak,44,follower,1,cusum_fgo_minus_cusum_ekf,-1.5922645257326646,-0.17060918302934502,-0.8087920685962247,-0.2852315245873249
nlos_weak,44,follower,2,cusum_fgo_minus_ekf,-3.6285567115026227,-0.3844054822870404,-2.7584870246613065,-0.7087816359664565
nlos_weak,44,follower,2,cusum_fgo_minus_fgo,-2.5503298153750107,-0.5473499380689455,-2.3120915812318668,-0.7711084967004145
nlos_weak,44,follower,2,cusum_fgo_minus_cusum_ekf,-2.3836991605414894,-0.14633677735787454,-0.8750397679978943,-0.2810794901697964
nlos_weak,44,follower,3,cusum_fgo_minus_ekf,-3.8277640349244364,-0.3180900279213268,-1.7086604619103234,-0.5356090453231119
nlos_weak,44,follower,3,cusum_fgo_minus_fgo,-2.3106573344377757,-0.29548365076138294,-1.913344474670697,-0.5041802035271223
nlos_weak,44,follower,3,cusum_fgo_minus_cusum_ekf,-2.3095906199981164,-0.2337448068318846,-0.9189270719869649,-0.35830798951971143
nlos_weak,44,pooled,0,cusum_fgo_minus_ekf,-3.803571467248468,-0.32041257682302593,-1.9444248995804883,-0.558249990323805
nlos_weak,44,pooled,0,cusum_fgo_minus_fgo,-2.9531529551919347,-0.37073357371013027,-1.7718993232046183,-0.5637519808833467
nlos_weak,44,pooled,0,cusum_fgo_minus_cusum_ekf,-2.3836991605414894,-0.18356358907303472,-0.8586641325933779,-0.30686500729339716
nlos_weak,44,macro,0,cusum_fgo_minus_ekf,-3.411842900960603,-0.3204125768230264,-1.9305359997611984,-0.5561049422441788
nlos_weak,44,macro,0,cusum_fgo_minus_fgo,-2.722845655172536,-0.3707335737101305,-1.68169630455068,-0.5581654096653863
nlos_weak,44,macro,0,cusum_fgo_minus_cusum_ekf,-2.0951847687574228,-0.18356358907303494,-0.8675863028603612,-0.3082063347589441
nlos_weak,45,follower,1,cusum_fgo_minus_ekf,0.32683733247856317,0.18841784631234582,-0.3555207926728783,0.11062910748607568
nlos_weak,45,follower,1,cusum_fgo_minus_fgo,-0.5076575958984186,-0.25215483251328896,-0.404374553676353,-0.29481941596316963
nlos_weak,45,follower,1,cusum_fgo_minus_cusum_ekf,-0.9443056034258044,0.22124175074960517,-0.2520086217228643,0.14971290149376926
nlos_weak,45,follower,2,cusum_fgo_minus_ekf,-1.8833974632119261,-0.2903032533755482,-0.8827391207775326,-0.3897770475135083
nlos_weak,45,follower,2,cusum_fgo_minus_fgo,-1.0241151089158245,-0.27097192642299206,-0.9939492924641693,-0.3715497430220809
nlos_weak,45,follower,2,cusum_fgo_minus_cusum_ekf,-3.9741232746915234,-0.3265730887050845,-1.0135359220324818,-0.5173859531457929
nlos_weak,45,follower,3,cusum_fgo_minus_ekf,-2.901677259410695,-0.07074540748976532,-1.2174858987656305,-0.2629295355101897
nlos_weak,45,follower,3,cusum_fgo_minus_fgo,-2.4716948146455513,-0.22903295126149303,-1.0945884012323137,-0.3474112183473066
nlos_weak,45,follower,3,cusum_fgo_minus_cusum_ekf,-2.598342761256883,-0.007911261018754834,-0.6152645146997624,-0.16088417448620018
nlos_weak,45,pooled,0,cusum_fgo_minus_ekf,0.10587297073590207,-0.05754360485098897,-0.6011065063025405,-0.13509291898780695
nlos_weak,45,pooled,0,cusum_fgo_minus_fgo,-0.5076575958984186,-0.25071990339925754,-0.6685766894282823,-0.32016378386520783
nlos_weak,45,pooled,0,cusum_fgo_minus_cusum_ekf,-1.0794710590986192,-0.037747532991411425,-0.516152719138725,-0.12768998794224773
nlos_weak,45,macro,0,cusum_fgo_minus_ekf,-1.4860791300480192,-0.057543604850989194,-0.8185819374053476,-0.18069249184587433
nlos_weak,45,macro,0,cusum_fgo_minus_fgo,-1.334489173153265,-0.2507199033992582,-0.8309707491242793,-0.3379267924441858
nlos_weak,45,macro,0,cusum_fgo_minus_cusum_ekf,-2.50559054645807,-0.037747532991411425,-0.6269363528183698,-0.17618574204607462
nlos_weak,46,follower,1,cusum_fgo_minus_ekf,-2.014763862322913,-0.28595331173571314,-1.616603595999377,-0.4791495357522615
nlos_weak,46,follower,1,cusum_fgo_minus_fgo,-2.091145822450473,-0.32746350064513363,-1.475806251125193,-0.47280839056568946
nlos_weak,46,follower,1,cusum_fgo_minus_cusum_ekf,-1.7567092240511286,-0.14657803881340836,-0.7102726233254186,-0.22420937693590193
nlos_weak,46,follower,2,cusum_fgo_minus_ekf,-3.318457535877445,-0.07195848073884781,-2.5560919641640303,-0.4290666240707066
nlos_weak,46,follower,2,cusum_fgo_minus_fgo,-2.040339949807014,-0.20975737597957056,-1.3390834377187124,-0.39009889252349006
nlos_weak,46,follower,2,cusum_fgo_minus_cusum_ekf,-1.316030071328564,-0.12764990053533842,-0.848507065025494,-0.27552856574084084
nlos_weak,46,follower,3,cusum_fgo_minus_ekf,-2.2256005187364516,-0.41039495090682154,-1.657909511584752,-0.5868190845204422
nlos_weak,46,follower,3,cusum_fgo_minus_fgo,-2.240642849317608,-0.3274698653559026,-1.8515693585017972,-0.5504443882846803
nlos_weak,46,follower,3,cusum_fgo_minus_cusum_ekf,-5.569302022202569,-0.47455197805389526,-1.998727751286689,-0.7891460516441591
nlos_weak,46,pooled,0,cusum_fgo_minus_ekf,-3.318457535877445,-0.2561022477937942,-1.5329201144695261,-0.48806613178931824
nlos_weak,46,pooled,0,cusum_fgo_minus_fgo,-2.040339949807014,-0.28823024732686897,-1.4530617658286267,-0.46097954659189977
nlos_weak,46,pooled,0,cusum_fgo_minus_cusum_ekf,-4.939459289992126,-0.24959330580088102,-1.0160828448561339,-0.4189945622996456
nlos_weak,46,macro,0,cusum_fgo_minus_ekf,-2.519607305645603,-0.2561022477937942,-1.9435350239160538,-0.49834508144780343
nlos_weak,46,macro,0,cusum_fgo_minus_fgo,-2.124042873858365,-0.28823024732686897,-1.5554863491152342,-0.4711172237912864
nlos_weak,46,macro,0,cusum_fgo_minus_cusum_ekf,-2.880680439194087,-0.2495933058008808,-1.1858358132125342,-0.4296279981069675
nlos_weak,47,follower,1,cusum_fgo_minus_ekf,-6.999926254495499,-0.4758739640508165,-1.759610119982156,-0.839289631335286
nlos_weak,47,follower,1,cusum_fgo_minus_fgo,-3.3811754400319227,-0.42681328008288677,-1.48252833895706,-0.6254209941384099
nlos_weak,47,follower,1,cusum_fgo_minus_cusum_ekf,-5.35680393670411,-0.3549788520348789,-0.9680241573700843,-0.5776869645019547
nlos_weak,47,follower,2,cusum_fgo_minus_ekf,-4.88624031939367,-0.4798618749659741,-1.790198624302625,-0.7464526998038353
nlos_weak,47,follower,2,cusum_fgo_minus_fgo,-3.277492717726954,-0.3605961899106843,-1.336582523014051,-0.554856744477407
nlos_weak,47,follower,2,cusum_fgo_minus_cusum_ekf,-3.8141141738928885,-0.3460499508945326,-0.996752002380638,-0.48174379546604673
nlos_weak,47,follower,3,cusum_fgo_minus_ekf,-2.5585534525149964,-0.37453206591724786,-1.4296413583975909,-0.5472692474170003
nlos_weak,47,follower,3,cusum_fgo_minus_fgo,-1.8182081807358563,-0.3012583339431133,-1.4374369288431215,-0.4426489920768816
nlos_weak,47,follower,3,cusum_fgo_minus_cusum_ekf,-1.6316635929135814,-0.2194115492571218,-0.6895327297394258,-0.29379851027097004
nlos_weak,47,pooled,0,cusum_fgo_minus_ekf,-6.999926254495499,-0.4434226349780127,-1.5642448241601075,-0.7201286323972204
nlos_weak,47,pooled,0,cusum_fgo_minus_fgo,-3.3811754400319227,-0.36288926797889454,-1.367321182707056,-0.5457733846273872
nlos_weak,47,pooled,0,cusum_fgo_minus_cusum_ekf,-5.35680393670411,-0.30681345072884414,-0.8586512453176971,-0.46205245367143266
nlos_weak,47,macro,0,cusum_fgo_minus_ekf,-4.8149066754680545,-0.4434226349780126,-1.6598167008941243,-0.7110038595187073
nlos_weak,47,macro,0,cusum_fgo_minus_fgo,-2.825625446164911,-0.36288926797889487,-1.4188492636047445,-0.5409755768975663
nlos_weak,47,macro,0,cusum_fgo_minus_cusum_ekf,-3.60086056783686,-0.30681345072884425,-0.8847696298300494,-0.45107642341299037
nlos_weak,48,follower,1,cusum_fgo_minus_ekf,-1.6905288090139896,-0.4312552886580364,-1.242917823075882,-0.49945659261220476
nlos_weak,48,follower,1,cusum_fgo_minus_fgo,-1.6259576715958133,-0.31996224020034447,-1.0507631437387412,-0.4425227243442409
nlos_weak,48,follower,1,cusum_fgo_minus_cusum_ekf,-1.4031923017267909,-0.3677244621397887,-0.9218252677937402,-0.4136097552584306
nlos_weak,48,follower,2,cusum_fgo_minus_ekf,-3.8359576529524375,-0.6523520364240376,-2.9612288387825023,-0.9976998521496734
nlos_weak,48,follower,2,cusum_fgo_minus_fgo,-3.043933785459557,-0.47938993846541256,-1.966888873043424,-0.7632161126695658
nlos_weak,48,follower,2,cusum_fgo_minus_cusum_ekf,-3.28073476662627,-0.4189704454615282,-1.2099242464271904,-0.559994375458964
nlos_weak,48,follower,3,cusum_fgo_minus_ekf,-4.012705230639913,-0.551268338629362,-1.5208078378049712,-0.7466930953466963
nlos_weak,48,follower,3,cusum_fgo_minus_fgo,-1.627574914261996,-0.2847552235692376,-1.3480221175431812,-0.4462637814049689
nlos_weak,48,follower,3,cusum_fgo_minus_cusum_ekf,-1.6774189527687615,-0.42599994815038783,-0.8794266381898237,-0.48449909861731577
nlos_weak,48,pooled,0,cusum_fgo_minus_ekf,-2.406692465492384,-0.5449585545704787,-1.767076397051161,-0.7374190839445492
nlos_weak,48,pooled,0,cusum_fgo_minus_fgo,-1.6259576715958133,-0.3613691340783316,-1.3648840186705529,-0.5495715077902988
nlos_weak,48,pooled,0,cusum_fgo_minus_cusum_ekf,-1.8514695791662161,-0.4042316185839019,-0.8978089544908923,-0.4742477290454984
nlos_weak,48,macro,0,cusum_fgo_minus_ekf,-3.1797305642021123,-0.5449585545704786,-1.908318166554452,-0.7479498467028582
nlos_weak,48,macro,0,cusum_fgo_minus_fgo,-2.099155457105788,-0.3613691340783315,-1.4552247114417818,-0.550667539472925
nlos_weak,48,macro,0,cusum_fgo_minus_cusum_ekf,-2.120448673707274,-0.40423161858390155,-1.0037253841369185,-0.486034409778237
nlos_weak,49,follower,1,cusum_fgo_minus_ekf,-3.3470439400055167,-0.11603052052112028,-1.1585588204042576,-0.30203376846539687
nlos_weak,49,follower,1,cusum_fgo_minus_fgo,-1.7290958256135016,-0.33466795102327374,-1.0914684699479897,-0.4382330833516206
nlos_weak,49,follower,1,cusum_fgo_minus_cusum_ekf,-1.8366998051817283,0.015424059534951517,-0.4361682568004248,-0.062443763673612596
nlos_weak,49,follower,2,cusum_fgo_minus_ekf,-3.3273158456837004,-0.1969792142467326,-0.9560265275100259,-0.4631715593893737
nlos_weak,49,follower,2,cusum_fgo_minus_fgo,-2.1734887695885705,-0.2373261216775353,-0.7355371279545646,-0.3700640007448248
nlos_weak,49,follower,2,cusum_fgo_minus_cusum_ekf,-2.495244916112351,-0.1245526028174726,-0.17031635115235133,-0.19928956983522372
nlos_weak,49,follower,3,cusum_fgo_minus_ekf,-3.5842598199555837,-0.3028170750857502,-1.233696230399889,-0.4717697367967921
nlos_weak,49,follower,3,cusum_fgo_minus_fgo,-1.8739739270286337,-0.2599518182519387,-1.6219310516359053,-0.4182495978108196
nlos_weak,49,follower,3,cusum_fgo_minus_cusum_ekf,-3.3463368044982955,-0.3604144844263688,-1.5744243926120678,-0.5839708989634684
nlos_weak,49,pooled,0,cusum_fgo_minus_ekf,-3.3273158456837004,-0.2052756032845342,-1.1567808942254936,-0.4108178681065675
nlos_weak,49,pooled,0,cusum_fgo_minus_fgo,-2.1734887695885705,-0.2773152969842496,-1.327093621221676,-0.4091846876132348
nlos_weak,49,pooled,0,cusum_fgo_minus_cusum_ekf,-2.495244916112351,-0.15651434256962982,-0.8366497880724268,-0.28870343150025146
nlos_weak,49,macro,0,cusum_fgo_minus_ekf,-3.419539868548266,-0.2052756032845342,-1.1160938594380574,-0.41232502155052075
nlos_weak,49,macro,0,cusum_fgo_minus_fgo,-1.9255195074102347,-0.27731529698424895,-1.1496455498461526,-0.4088488939690882
nlos_weak,49,macro,0,cusum_fgo_minus_cusum_ekf,-2.559427175264125,-0.15651434256963004,-0.7269696668549481,-0.28190141082410136
nlos_weak,50,follower,1,cusum_fgo_minus_ekf,-3.7574887000368777,-0.1752455344399455,-1.0250361488095479,-0.40112885695426725
nlos_weak,50,follower,1,cusum_fgo_minus_fgo,-1.4549999771079527,-0.22191768483860308,-1.255740427288893,-0.3460125417928508
nlos_weak,50,follower,1,cusum_fgo_minus_cusum_ekf,-2.6277210246968794,-0.0459588271333613,-0.4381591167850223,-0.14042857359260275
nlos_weak,50,follower,2,cusum_fgo_minus_ekf,-5.074445979322589,-0.17600751323242103,-0.9664863174032217,-0.47358033253748366
nlos_weak,50,follower,2,cusum_fgo_minus_fgo,-3.788259393689729,-0.2697402004004008,-0.7811851468010875,-0.4855185821501735
nlos_weak,50,follower,2,cusum_fgo_minus_cusum_ekf,-2.8398920635246094,-0.016895579223009216,-0.30562552757992334,-0.09599605386355603
nlos_weak,50,follower,3,cusum_fgo_minus_ekf,-2.610283995463313,-0.26772832980528805,-1.0105178417144283,-0.40687105515369326
nlos_weak,50,follower,3,cusum_fgo_minus_fgo,-1.167916697097989,-0.2004824236445274,-0.6544688188439409,-0.25611414164718893
nlos_weak,50,follower,3,cusum_fgo_minus_cusum_ekf,-2.473053738407206,-0.2324450526035685,-0.9158144520844937,-0.3764841748499791
nlos_weak,50,pooled,0,cusum_fgo_minus_ekf,-5.0335333115095615,-0.20632712582588475,-0.9154710872238829,-0.4265504952438255
nlos_weak,50,pooled,0,cusum_fgo_minus_fgo,-3.7473467258767013,-0.23071343629451024,-0.8829583973186272,-0.3697553447382884
nlos_weak,50,pooled,0,cusum_fgo_minus_cusum_ekf,-2.798979395711582,-0.09843315298664623,-0.5101974832369329,-0.1972701385779303
nlos_weak,50,macro,0,cusum_fgo_minus_ekf,-3.814072891607593,-0.20632712582588497,-1.0006801026423995,-0.4271934148818146
nlos_weak,50,macro,0,cusum_fgo_minus_fgo,-2.137058689298557,-0.23071343629451047,-0.8971314643113071,-0.3625484218634045
nlos_weak,50,macro,0,cusum_fgo_minus_cusum_ekf,-2.6468889422095656,-0.09843315298664645,-0.55319969881648,-0.20430293410204614
nlos_strong,1,follower,1,cusum_fgo_minus_ekf,-16.35241779702967,-1.265167744782282,-10.353676862740961,-3.0714427750559627
nlos_strong,1,follower,1,cusum_fgo_minus_fgo,-14.510224879311044,-2.4377187370812154,-9.747556306920586,-3.8005064191565197
nlos_strong,1,follower,1,cusum_fgo_minus_cusum_ekf,-8.752460400232293,-0.33634296180129775,-0.9737382560642001,-0.6788026961514864
nlos_strong,1,follower,2,cusum_fgo_minus_ekf,-17.140158609744255,-1.8594256076494011,-12.883488173637838,-4.1652414482369595
nlos_strong,1,follower,2,cusum_fgo_minus_fgo,-17.133033948758534,-2.785115175536334,-11.683669404861734,-4.476869488739439
nlos_strong,1,follower,2,cusum_fgo_minus_cusum_ekf,-9.792014714214703,-0.46562548734690035,-2.2181850587304135,-0.9098971533096375
nlos_strong,1,follower,3,cusum_fgo_minus_ekf,-15.131991744841873,-1.3364049994906178,-9.288850863826426,-3.024431348117486
nlos_strong,1,follower,3,cusum_fgo_minus_fgo,-13.317329475957663,-1.8938717662940205,-8.453839302723171,-3.1950081518218134
nlos_strong,1,follower,3,cusum_fgo_minus_cusum_ekf,-10.373086747246312,-0.384589336179903,-1.3207577336602032,-0.7110370884943752
nlos_strong,1,pooled,0,cusum_fgo_minus_ekf,-16.35241779702967,-1.4869994506407673,-10.575104088761403,-3.4437531248625772
nlos_strong,1,pooled,0,cusum_fgo_minus_fgo,-16.221194905313162,-2.372235226303857,-10.11016445132277,-3.8480405360058336
nlos_strong,1,pooled,0,cusum_fgo_minus_cusum_ekf,-9.269248676672786,-0.3955192617760337,-1.4299131076339933,-0.7648007671472609
nlos_strong,1,macro,0,cusum_fgo_minus_ekf,-16.208189383871932,-1.4869994506407669,-10.84200530006841,-3.4203718571368023
nlos_strong,1,macro,0,cusum_fgo_minus_fgo,-14.98686276800908,-2.372235226303857,-9.961688338168498,-3.8241280199059235
nlos_strong,1,macro,0,cusum_fgo_minus_cusum_ekf,-9.639187287231103,-0.3955192617760336,-1.5042270161516058,-0.7665789793184997
nlos_strong,2,follower,1,cusum_fgo_minus_ekf,-14.717164535266555,-1.425721879816947,-10.714893351624687,-3.265342644573965
nlos_strong,2,follower,1,cusum_fgo_minus_fgo,-12.517091620748799,-2.004236003023834,-8.581831448390068,-3.1471261460905837
nlos_strong,2,follower,1,cusum_fgo_minus_cusum_ekf,-10.441859475740358,-0.5628719667908464,-1.8696801124087257,-1.0393877128416698
nlos_strong,2,follower,2,cusum_fgo_minus_ekf,-11.544904908972448,-0.7361574756363984,-4.678349236907842,-1.9041312412380278
nlos_strong,2,follower,2,cusum_fgo_minus_fgo,-10.565679586816982,-1.8711416950009376,-7.478982645081692,-2.8555772227849143
nlos_strong,2,follower,2,cusum_fgo_minus_cusum_ekf,-6.689122949258847,-0.01083588013798753,-1.2019993507685336,-0.30605533437713883
nlos_strong,2,follower,3,cusum_fgo_minus_ekf,-16.74065170948238,-1.4437958980154173,-11.4490370544375,-3.3970066022889043
nlos_strong,2,follower,3,cusum_fgo_minus_fgo,-13.044738846319193,-1.4664659776467492,-8.86438569488837,-2.9178111095907373
nlos_strong,2,follower,3,cusum_fgo_minus_cusum_ekf,-10.102089485478322,-0.4448837559464215,-1.3230891008139738,-0.8606472657395614
nlos_strong,2,pooled,0,cusum_fgo_minus_ekf,-16.448567797450227,-1.201891751156254,-9.448721442774398,-2.850800512667245
nlos_strong,2,pooled,0,cusum_fgo_minus_fgo,-12.752654934287044,-1.7806145585571738,-8.022862826910714,-2.9479994570512345
nlos_strong,2,pooled,0,cusum_fgo_minus_cusum_ekf,-9.810005573446173,-0.3395305342917516,-1.3770972076923966,-0.707221064043944
nlos_strong,2,macro,0,cusum_fgo_minus_ekf,-14.334240384573794,-1.201891751156254,-8.947426547656676,-2.8554934960336325
nlos_strong,2,macro,0,cusum_fgo_minus_fgo,-12.042503351294991,-1.7806145585571738,-8.308399929453376,-2.9735048261554113
nlos_strong,2,macro,0,cusum_fgo_minus_cusum_ekf,-9.077690636825844,-0.3395305342917516,-1.464922854663744,-0.7353634376527898
nlos_strong,3,follower,1,cusum_fgo_minus_ekf,-8.854165898366787,-0.975298121550444,-4.910331149956394,-1.7178368082845523
nlos_strong,3,follower,1,cusum_fgo_minus_fgo,-11.846907110236677,-1.6602043556555817,-6.097387120559497,-2.6656332407278964
nlos_strong,3,follower,1,cusum_fgo_minus_cusum_ekf,-6.353762231960463,-0.5855649390760843,-1.5677102265087444,-0.8548442408867385
nlos_strong,3,follower,2,cusum_fgo_minus_ekf,-9.161770245495948,-1.3496686759821164,-7.833445810600242,-2.5919416518759233
nlos_strong,3,follower,2,cusum_fgo_minus_fgo,-9.774843891700472,-1.8164825563700542,-7.5075985083498455,-2.8558911073503315
nlos_strong,3,follower,2,cusum_fgo_minus_cusum_ekf,-5.942863197046019,-0.4531351835193981,-1.5881836918885477,-0.7319319971180425
nlos_strong,3,follower,3,cusum_fgo_minus_ekf,-12.120754621103904,-1.2734916354821335,-7.022680038951544,-2.5820212612752877
nlos_strong,3,follower,3,cusum_fgo_minus_fgo,-9.791243987932395,-1.3568064569381024,-6.567302680910604,-2.3419872428199167
nlos_strong,3,follower,3,cusum_fgo_minus_cusum_ekf,-7.5854166148438,-0.5136709431473594,-1.100254860590855,-0.8111087512817097
nlos_strong,3,pooled,0,cusum_fgo_minus_ekf,-11.36188335082737,-1.1994861443382312,-7.236592684626014,-2.3066580257208313
nlos_strong,3,pooled,0,cusum_fgo_minus_fgo,-11.846907110236677,-1.6111644563212462,-7.061612410323083,-2.6244698182017876
nlos_strong,3,pooled,0,cusum_fgo_minus_cusum_ekf,-6.826545344567265,-0.5174570219142804,-1.3378727731073534,-0.7891347151691552
nlos_strong,3,macro,0,cusum_fgo_minus_ekf,-10.045563588322214,-1.1994861443382314,-6.58881899983606,-2.297266573811921
nlos_strong,3,macro,0,cusum_fgo_minus_fgo,-10.470998329956515,-1.6111644563212462,-6.724096103273315,-2.621170530299381
nlos_strong,3,macro,0,cusum_fgo_minus_cusum_ekf,-6.627347347950094,-0.5174570219142806,-1.4187162596627159,-0.7992949964288305
nlos_strong,4,follower,1,cusum_fgo_minus_ekf,-14.727311211679837,-1.0960654730080002,-11.992311643175908,-2.9869863722739622
nlos_strong,4,follower,1,cusum_fgo_minus_fgo,-12.693545651086549,-2.078874272456165,-8.324452561714356,-3.21808223151429
nlos_strong,4,follower,1,cusum_fgo_minus_cusum_ekf,-6.601305936873432,-0.056415691616241936,-0.961245403684809,-0.35190737773037317
nlos_strong,4,follower,2,cusum_fgo_minus_ekf,-15.566289333949271,-1.1424885257421487,-6.392509603067165,-2.7257777417047637
nlos_strong,4,follower,2,cusum_fgo_minus_fgo,-15.140595773978514,-2.3813593672642637,-9.129146793484209,-3.750971975495246
nlos_strong,4,follower,2,cusum_fgo_minus_cusum_ekf,-8.688529388334919,-0.20322822098395543,-0.8495443616049458,-0.5688592012525777
nlos_strong,4,follower,3,cusum_fgo_minus_ekf,-11.865457046289988,-1.427600405597302,-8.65345556696033,-2.878403604557083
nlos_strong,4,follower,3,cusum_fgo_minus_fgo,-12.96442203968872,-1.5161544235457352,-7.3034629932219035,-2.786729510450545
nlos_strong,4,follower,3,cusum_fgo_minus_cusum_ekf,-7.293034505219413,-0.6100668913815191,-1.7396347254400533,-1.0259510541874999
nlos_strong,4,pooled,0,cusum_fgo_minus_ekf,-14.751928339441562,-1.2220514681158168,-8.433661501768487,-2.854668234695279
nlos_strong,4,pooled,0,cusum_fgo_minus_fgo,-14.326234779470806,-1.9921293544220542,-8.607042958521873,-3.256091938139415
nlos_strong,4,pooled,0,cusum_fgo_minus_cusum_ekf,-7.87416839382721,-0.2899036013272389,-1.230592307915262,-0.6346999238174384
nlos_strong,4,macro,0,cusum_fgo_minus_ekf,-14.053019197306364,-1.2220514681158172,-9.012758937734468,-2.86372257284527
nlos_strong,4,macro,0,cusum_fgo_minus_fgo,-13.599521154917928,-1.992129354422055,-8.252354116140157,-3.251927905820027
nlos_strong,4,macro,0,cusum_fgo_minus_cusum_ekf,-7.527623276809255,-0.2899036013272387,-1.1834748302432692,-0.6489058777234833
nlos_strong,5,follower,1,cusum_fgo_minus_ekf,-7.8043495906937155,-0.5642261497044612,-6.618666790676032,-1.5482573919996203
nlos_strong,5,follower,1,cusum_fgo_minus_fgo,-5.707190800580025,-1.3026786270048347,-5.724409865635405,-1.967216344334639
nlos_strong,5,follower,1,cusum_fgo_minus_cusum_ekf,-3.455108905714117,-0.03613011911459574,-1.1348344197901423,-0.23743997105631243
nlos_strong,5,follower,2,cusum_fgo_minus_ekf,-14.77063537740859,-1.7839570964428921,-13.316194163984967,-3.998593877403884
nlos_strong,5,follower,2,cusum_fgo_minus_fgo,-13.752536838131535,-2.25229906686092,-10.903781450284784,-3.8151513645734485
nlos_strong,5,follower,2,cusum_fgo_minus_cusum_ekf,-6.356334444126391,-1.1604225974877396,-2.674229568695388,-1.3738388519642752
nlos_strong,5,follower,3,cusum_fgo_minus_ekf,-6.899477569539334,-0.6879915220198115,-5.083985569498593,-1.4433348368257355
nlos_strong,5,follower,3,cusum_fgo_minus_fgo,-7.873207044871162,-1.2342370472102604,-5.782553912098093,-2.0352312449268974
nlos_strong,5,follower,3,cusum_fgo_minus_cusum_ekf,-3.7158034862042624,-0.21101176318447334,-0.7907017877388001,-0.3769950372070736
nlos_strong,5,pooled,0,cusum_fgo_minus_ekf,-13.760678143703757,-1.0120582560557219,-6.973278566397156,-2.380316106567942
nlos_strong,5,pooled,0,cusum_fgo_minus_fgo,-12.742579604426702,-1.5964049136920047,-6.409141642786163,-2.5776235026858374
nlos_strong,5,pooled,0,cusum_fgo_minus_cusum_ekf,-5.346377210421557,-0.46918815992893603,-1.1181983094305692,-0.6155240628434795
nlos_strong,5,macro,0,cusum_fgo_minus_ekf,-9.824820845880547,-1.0120582560557216,-8.339615508053198,-2.330062035409746
nlos_strong,5,macro,0,cusum_fgo_minus_fgo,-9.110978227860906,-1.5964049136920049,-7.470248409339426,-2.6058663179449946
nlos_strong,5,macro,0,cusum_fgo_minus_cusum_ekf,-4.509082278681589,-0.4691881599289365,-1.5332552587414432,-0.6627579534092205
nlos_strong,6,follower,1,cusum_fgo_minus_ekf,-12.236683270723422,-1.0423966956972575,-5.651795530702557,-2.16742898157445
nlos_strong,6,follower,1,cusum_fgo_minus_fgo,-7.608807271058063,-1.3335256432773963,-4.6598294677144985,-1.9705863037209999
nlos_strong,6,follower,1,cusum_fgo_minus_cusum_ekf,-12.763588775490202,-0.566089077467961,-1.8315732175758659,-1.120166279819324
nlos_strong,6,follower,2,cusum_fgo_minus_ekf,-12.033967082352488,-0.8649116443873084,-7.827377042448184,-2.005675579604006
nlos_strong,6,follower,2,cusum_fgo_minus_fgo,-10.019735961712804,-1.6045740693315238,-7.022254326700237,-2.423467076449794
nlos_strong,6,follower,2,cusum_fgo_minus_cusum_ekf,-6.971405889321929,-0.1742609995944202,-1.5362842621205735,-0.5111383026287473
nlos_strong,6,follower,3,cusum_fgo_minus_ekf,-4.903858323844682,-0.8613405413330855,-4.594146374382698,-1.4590694530163137
nlos_strong,6,follower,3,cusum_fgo_minus_fgo,-8.321958909121545,-1.0930533920019978,-5.607611126549038,-1.8987952439561462
nlos_strong,6,follower,3,cusum_fgo_minus_cusum_ekf,-3.8984910106306314,-0.4966831126883584,-1.3010800160070248,-0.7093664705302329
nlos_strong,6,pooled,0,cusum_fgo_minus_ekf,-12.236683270723422,-0.9228829604725506,-4.990951599466471,-1.8905739250296705
nlos_strong,6,pooled,0,cusum_fgo_minus_fgo,-9.991170289547895,-1.3437177015369721,-5.873344866639449,-2.1009279653307162
nlos_strong,6,pooled,0,cusum_fgo_minus_cusum_ekf,-12.763588775490202,-0.41234439658358,-1.4195798347182125,-0.7684653063505356
nlos_strong,6,macro,0,cusum_fgo_minus_ekf,-9.724836225640196,-0.9228829604725506,-6.024439649177813,-1.8773913380649232
nlos_strong,6,macro,0,cusum_fgo_minus_fgo,-8.650167380630805,-1.3437177015369726,-5.7632316403212585,-2.0976162080423135
nlos_strong,6,macro,0,cusum_fgo_minus_cusum_ekf,-7.877828558480921,-0.4123443965835798,-1.5563124985678212,-0.7802236843261012
nlos_strong,7,follower,1,cusum_fgo_minus_ekf,-12.536391071541562,-0.9860887913707437,-4.81519781998843,-2.088993333881247
nlos_strong,7,follower,1,cusum_fgo_minus_fgo,-12.881205436973415,-1.740955066093434,-7.662047264012434,-2.9967916034299096
nlos_strong,7,follower,1,cusum_fgo_minus_cusum_ekf,-7.789724214079849,-0.4936741574987882,-1.5243523857106687,-0.7435245190135699
nlos_strong,7,follower,2,cusum_fgo_minus_ekf,-14.296970118552963,-1.1723423633067658,-9.160559932101688,-2.5560251263541587
nlos_strong,7,follower,2,cusum_fgo_minus_fgo,-12.878800563950755,-1.6771400343650502,-6.9176664357408235,-2.667363028513922
nlos_strong,7,follower,2,cusum_fgo_minus_cusum_ekf,-9.562511110606554,-0.5296056507452613,-2.7933396990593424,-1.0152774032720973
nlos_strong,7,follower,3,cusum_fgo_minus_ekf,-12.824537065399463,-1.1880388347782584,-8.55444758014619,-2.5120103322899516
nlos_strong,7,follower,3,cusum_fgo_minus_fgo,-11.406806188953873,-1.412023224540952,-7.556180166850916,-2.578756616304001
nlos_strong,7,follower,3,cusum_fgo_minus_cusum_ekf,-7.660487392280392,-0.5212952482731625,-1.2573274398922927,-0.7634473121341108
nlos_strong,7,pooled,0,cusum_fgo_minus_ekf,-13.948684392033138,-1.1154899964852556,-6.0690976453366545,-2.358939654700071
nlos_strong,7,pooled,0,cusum_fgo_minus_fgo,-12.881205436973415,-1.6100394416664787,-6.9558266784863525,-2.7160569719524297
nlos_strong,7,pooled,0,cusum_fgo_minus_cusum_ekf,-9.21422538408673,-0.5148583521724042,-1.9067043252744595,-0.8399032628398013
nlos_strong,7,macro,0,cusum_fgo_minus_ekf,-13.219299418497997,-1.1154899964852558,-7.510068444078771,-2.3856762641751192
nlos_strong,7,macro,0,cusum_fgo_minus_fgo,-12.388937396626014,-1.610039441666479,-7.378631288868057,-2.7476370827492773
nlos_strong,7,macro,0,cusum_fgo_minus_cusum_ekf,-8.337574238988932,-0.514858352172404,-1.8583398415541013,-0.8407497448065928
nlos_strong,8,follower,1,cusum_fgo_minus_ekf,-13.166503337026807,-1.1361539284030904,-11.437983660116654,-2.8296702106333917
nlos_strong,8,follower,1,cusum_fgo_minus_fgo,-9.648229461243641,-1.557259576248075,-7.28895248176875,-2.563087608541517
nlos_strong,8,follower,1,cusum_fgo_minus_cusum_ekf,-4.995507745809843,-0.36239146771661823,-1.6997735763308903,-0.6870471129857176
nlos_strong,8,follower,2,cusum_fgo_minus_ekf,-6.878102384193219,-1.133239786516399,-5.884515040717866,-1.9653920276508954
nlos_strong,8,follower,2,cusum_fgo_minus_fgo,-8.191030798097465,-1.7814427379562763,-6.300670458292247,-2.7027249363462764
nlos_strong,8,follower,2,cusum_fgo_minus_cusum_ekf,-4.630052368268867,-0.5570515739774335,-1.7630460745426044,-0.7783984060552097
nlos_strong,8,follower,3,cusum_fgo_minus_ekf,-12.822110797956157,-0.8378219794805247,-4.375983236032088,-2.0415007823950275
nlos_strong,8,follower,3,cusum_fgo_minus_fgo,-5.230386615152705,-0.8756018652876753,-4.3036662165633155,-1.4629642720460772
nlos_strong,8,follower,3,cusum_fgo_minus_cusum_ekf,-7.300449842933512,-0.215135456709732,-0.7926697398773648,-0.43652058057031895
nlos_strong,8,pooled,0,cusum_fgo_minus_ekf,-13.166503337026807,-1.0357385648000044,-5.265966872146805,-2.308653000151511
nlos_strong,8,pooled,0,cusum_fgo_minus_fgo,-9.648229461243641,-1.4047680598306753,-5.736164582197451,-2.2717459122737313
nlos_strong,8,pooled,0,cusum_fgo_minus_cusum_ekf,-4.995507745809843,-0.37819283280126104,-1.3378936040787364,-0.6265798859745193
nlos_strong,8,macro,0,cusum_fgo_minus_ekf,-10.955572173058727,-1.0357385648000048,-7.232827312288869,-2.278854340226438
nlos_strong,8,macro,0,cusum_fgo_minus_fgo,-7.689882291497937,-1.4047680598306758,-5.96442971887477,-2.242925605644623
nlos_strong,8,macro,0,cusum_fgo_minus_cusum_ekf,-5.642003319004075,-0.37819283280126126,-1.4184964635836192,-0.6339886998704154
nlos_strong,9,follower,1,cusum_fgo_minus_ekf,-15.803752210508387,-1.3796283637894518,-12.973607856171382,-3.3186941286036147
nlos_strong,9,follower,1,cusum_fgo_minus_fgo,-11.278498478776605,-1.8873338751403215,-8.509373218269586,-2.9811223717631083
nlos_strong,9,follower,1,cusum_fgo_minus_cusum_ekf,-8.46857516907785,-0.372590940934337,-1.09453735972449,-0.625238601567002
nlos_strong,9,follower,2,cusum_fgo_minus_ekf,-20.045137880263255,-1.4592012651964699,-7.473630170796499,-3.4596607917368933
nlos_strong,9,follower,2,cusum_fgo_minus_fgo,-19.16186122089698,-1.9218280712186258,-6.238411682280269,-3.41769328495751
nlos_strong,9,follower,2,cusum_fgo_minus_cusum_ekf,-11.284337829589973,-0.4541126303899875,-0.9500788872295745,-0.819370006030092
nlos_strong,9,follower,3,cusum_fgo_minus_ekf,-6.560909693497965,-0.7783068729162465,-4.837452016779866,-1.4010278882518703
nlos_strong,9,follower,3,cusum_fgo_minus_fgo,-7.2432039616000345,-1.0258605103567788,-4.232601208642223,-1.6428092084867494
nlos_strong,9,follower,3,cusum_fgo_minus_cusum_ekf,-4.4816303058738445,-0.41078023394823615,-1.035906510597042,-0.6028260973196393
nlos_strong,9,pooled,0,cusum_fgo_minus_ekf,-20.045137880263255,-1.2057121673007225,-6.406561534824713,-2.85263399431057
nlos_strong,9,pooled,0,cusum_fgo_minus_fgo,-19.16186122089698,-1.6116741522385754,-6.3138333735603345,-2.7627987395931477
nlos_strong,9,pooled,0,cusum_fgo_minus_cusum_ekf,-11.284337829589973,-0.4124946017575202,-1.018506673028656,-0.6839716551576531
nlos_strong,9,macro,0,cusum_fgo_minus_ekf,-14.13659992808987,-1.2057121673007227,-8.428230014582581,-2.7264609361974594
nlos_strong,9,macro,0,cusum_fgo_minus_fgo,-12.561187887091206,-1.6116741522385754,-6.326795369730693,-2.6805416217357894
nlos_strong,9,macro,0,cusum_fgo_minus_cusum_ekf,-8.07818110151389,-0.4124946017575202,-1.0268409191837022,-0.6824782349722446
nlos_strong,10,follower,1,cusum_fgo_minus_ekf,-13.015776940677274,-1.3964817012464226,-11.36813417451565,-3.0388857684099992
nlos_strong,10,follower,1,cusum_fgo_minus_fgo,-16.93993198728847,-2.0633214009438783,-8.112777116124665,-3.535613458646224
nlos_strong,10,follower,1,cusum_fgo_minus_cusum_ekf,-6.744146444522336,-0.5089478558905691,-1.343889327068634,-0.7418313553579761
nlos_strong,10,follower,2,cusum_fgo_minus_ekf,-10.762363195933759,-1.1494648712461777,-7.460482004244747,-2.421314752977692
nlos_strong,10,follower,2,cusum_fgo_minus_fgo,-13.717854411023858,-1.900214277941154,-7.245743267689556,-3.062013017238827
nlos_strong,10,follower,2,cusum_fgo_minus_cusum_ekf,-7.571883669209853,-0.3445976325634348,-1.4156737833683688,-0.6219766013156043
nlos_strong,10,follower,3,cusum_fgo_minus_ekf,-10.640844270745344,-1.375242523350152,-9.324077660242198,-2.81253515207451
nlos_strong,10,follower,3,cusum_fgo_minus_fgo,-16.11993597834599,-1.5892910770520703,-7.442732169591766,-3.108032683953604
nlos_strong,10,follower,3,cusum_fgo_minus_cusum_ekf,-6.9969282384876665,-0.6261445273648318,-1.4433578885915326,-0.900461868715583
nlos_strong,10,pooled,0,cusum_fgo_minus_ekf,-13.015776940677274,-1.3070630319475842,-8.465606241622872,-2.7250287730783582
nlos_strong,10,pooled,0,cusum_fgo_minus_fgo,-16.93993198728847,-1.850942251979034,-7.448092747445408,-3.20802164520936
nlos_strong,10,pooled,0,cusum_fgo_minus_cusum_ekf,-7.1406939832717455,-0.49323000527294525,-1.1068342444802803,-0.7223173536733206
nlos_strong,10,macro,0,cusum_fgo_minus_ekf,-11.472994802452126,-1.307063031947584,-9.384231279667532,-2.757578557820734
nlos_strong,10,macro,0,cusum_fgo_minus_fgo,-15.592574125552774,-1.850942251979034,-7.600417517801996,-3.235219719946219
nlos_strong,10,macro,0,cusum_fgo_minus_cusum_ekf,-7.104319450739952,-0.49323000527294525,-1.4009736663428456,-0.7547566084630547
nlos_strong,11,follower,1,cusum_fgo_minus_ekf,-13.730186651581715,-1.420581093422404,-12.606456651505239,-3.344544094132175
nlos_strong,11,follower,1,cusum_fgo_minus_fgo,-15.816576659481001,-2.6306002555087855,-10.700203239614513,-4.154217821947105
nlos_strong,11,follower,1,cusum_fgo_minus_cusum_ekf,-10.486369365923844,-0.4662327419471274,-1.4096716860236376,-1.0498080127523308
nlos_strong,11,follower,2,cusum_fgo_minus_ekf,-18.86341515908691,-2.186070543747972,-14.959294397644204,-4.866901304414015
nlos_strong,11,follower,2,cusum_fgo_minus_fgo,-18.40660612789264,-3.113511626113344,-13.20593747299505,-5.079522882503856
nlos_strong,11,follower,2,cusum_fgo_minus_cusum_ekf,-10.49545726232185,-0.6249221588565679,-3.489358598095076,-1.2853082893461283
nlos_strong,11,follower,3,cusum_fgo_minus_ekf,-14.622560384716184,-1.3046287836720374,-9.210946059347576,-2.9485366151177086
nlos_strong,11,follower,3,cusum_fgo_minus_fgo,-14.80875982748908,-1.7595343055228232,-8.017745409960135,-3.1590145457046397
nlos_strong,11,follower,3,cusum_fgo_minus_cusum_ekf,-8.966383669307952,-0.46215790277689517,-1.14343596939273,-0.6935299261885941
nlos_strong,11,pooled,0,cusum_fgo_minus_ekf,-18.788043655434844,-1.6370934736141374,-12.89277976138128,-3.806953938758179
nlos_strong,11,pooled,0,cusum_fgo_minus_fgo,-18.331234624240576,-2.5012153957149836,-10.970995733420745,-4.204378266085175
nlos_strong,11,pooled,0,cusum_fgo_minus_cusum_ekf,-10.486369365923844,-0.5177709345268636,-1.8434103034787113,-1.0381638589113777
nlos_strong,11,macro,0,cusum_fgo_minus_ekf,-15.738720731794935,-1.6370934736141374,-12.258899036165673,-3.719994004554633
nlos_strong,11,macro,0,cusum_fgo_minus_fgo,-16.343980871620907,-2.5012153957149845,-10.6412953741899,-4.130918416718533
nlos_strong,11,macro,0,cusum_fgo_minus_cusum_ekf,-9.982736765851216,-0.5177709345268634,-2.0141554178371486,-1.0095487427623508
nlos_strong,12,follower,1,cusum_fgo_minus_ekf,-18.66259358393978,-1.5983623694596298,-14.19119092570309,-3.9718268776105035
nlos_strong,12,follower,1,cusum_fgo_minus_fgo,-14.04425714922136,-2.1780588138897965,-9.862699996245631,-3.5759714719776667
nlos_strong,12,follower,1,cusum_fgo_minus_cusum_ekf,-9.41648747880171,-0.4422204168432745,-1.2006190411386173,-0.7763531029418769
nlos_strong,12,follower,2,cusum_fgo_minus_ekf,-11.08572417766361,-1.3742685255579177,-7.894715610329442,-2.7042070476785045
nlos_strong,12,follower,2,cusum_fgo_minus_fgo,-10.525445791801179,-2.161457833698173,-8.769312177460172,-3.3002885367279906
nlos_strong,12,follower,2,cusum_fgo_minus_cusum_ekf,-6.151887993261886,-0.45893003890678097,-1.3134973602418913,-0.7746230864248881
nlos_strong,12,follower,3,cusum_fgo_minus_ekf,-7.893357120618103,-0.8118340331404497,-6.867140181708801,-1.7869879612072008
nlos_strong,12,follower,3,cusum_fgo_minus_fgo,-12.266630033925498,-1.2659224574752566,-6.858395504045972,-2.359334023633836
nlos_strong,12,follower,3,cusum_fgo_minus_cusum_ekf,-5.8187868939209455,-0.20824664920993308,-0.8503899551106389,-0.45185677149868053
nlos_strong,12,pooled,0,cusum_fgo_minus_ekf,-18.66259358393978,-1.2614883093859992,-7.574405730272297,-2.9172755799206733
nlos_strong,12,pooled,0,cusum_fgo_minus_fgo,-14.04425714922136,-1.8684797016877417,-8.630091546985724,-3.0948864609939735
nlos_strong,12,pooled,0,cusum_fgo_minus_cusum_ekf,-9.41648747880171,-0.3697990349866631,-1.0620934314492367,-0.6612130613996309
nlos_strong,12,macro,0,cusum_fgo_minus_ekf,-12.547224960740499,-1.261488309385999,-9.651015572580446,-2.8210072954987364
nlos_strong,12,macro,0,cusum_fgo_minus_fgo,-12.278777658316013,-1.8684797016877415,-8.496802559250591,-3.078531344113164
nlos_strong,12,macro,0,cusum_fgo_minus_cusum_ekf,-7.129054121994848,-0.3697990349866628,-1.1215021188303826,-0.6676109869551486
nlos_strong,13,follower,1,cusum_fgo_minus_ekf,-7.282663989375664,-0.6977090167789397,-5.862924866990086,-1.5824778297113424
nlos_strong,13,follower,1,cusum_fgo_minus_fgo,-7.393763736287654,-1.414902615975398,-5.304357426086027,-2.024754420341071
nlos_strong,13,follower,1,cusum_fgo_minus_cusum_ekf,-6.502820935368033,-0.33893374062894344,-1.5338892252526655,-0.960653768206672
nlos_strong,13,follower,2,cusum_fgo_minus_ekf,-20.151706117651795,-1.7796448881474098,-11.574779013125704,-4.077284111304716
nlos_strong,13,follower,2,cusum_fgo_minus_fgo,-19.81952737285738,-2.200587914057894,-10.324102939019305,-3.935767662128435
nlos_strong,13,follower,2,cusum_fgo_minus_cusum_ekf,-11.595143800186676,-0.5550161619688592,-1.8804625155822285,-1.0074994412704295
nlos_strong,13,follower,3,cusum_fgo_minus_ekf,-8.553721133149176,-0.9747387722118376,-4.912089934806171,-1.7782897625611946
nlos_strong,13,follower,3,cusum_fgo_minus_fgo,-11.286994186257974,-1.2901199680374758,-6.315666160667671,-2.2530645033352217
nlos_strong,13,follower,3,cusum_fgo_minus_cusum_ekf,-6.9636584423743635,-0.44513410243247475,-1.3528349850901125,-0.6215939121147813
nlos_strong,13,pooled,0,cusum_fgo_minus_ekf,-16.255819604623643,-1.1506975590460626,-6.797970659530229,-2.566666859054674
nlos_strong,13,pooled,0,cusum_fgo_minus_fgo,-15.923640859829227,-1.6352034993569224,-6.757521442147311,-2.76128458027745
nlos_strong,13,pooled,0,cusum_fgo_minus_cusum_ekf,-7.699257287158523,-0.44636133501009256,-1.4682962991672255,-0.8583714865876597
nlos_strong,13,macro,0,cusum_fgo_minus_ekf,-11.996030413392212,-1.1506975590460626,-7.449931271640654,-2.4793505678590844
nlos_strong,13,macro,0,cusum_fgo_minus_fgo,-12.833428431801003,-1.6352034993569229,-7.314708841924334,-2.737862195268243
nlos_strong,13,macro,0,cusum_fgo_minus_cusum_ekf,-8.353874392643023,-0.44636133501009256,-1.5890622419750022,-0.8632490405306275
nlos_strong,14,follower,1,cusum_fgo_minus_ekf,-20.005845643476455,-1.1400466680925914,-3.5756176986169743,-3.150433619174799
nlos_strong,14,follower,1,cusum_fgo_minus_fgo,-14.477097047642038,-1.9162172920435565,-8.939773636446349,-3.411899750988307
nlos_strong,14,follower,1,cusum_fgo_minus_cusum_ekf,-8.149565235135238,-0.4967126975775241,-1.5149319457556556,-0.8748950770498514
nlos_strong,14,follower,2,cusum_fgo_minus_ekf,-11.926930855375716,-1.218240274278024,-6.792612253398651,-2.3514754629546664
nlos_strong,14,follower,2,cusum_fgo_minus_fgo,-11.760776759742285,-1.8842677416421298,-7.716133651062749,-3.1421799634741436
nlos_strong,14,follower,2,cusum_fgo_minus_cusum_ekf,-6.083846244931601,-0.7144838414467277,-3.043448520776378,-1.1501166978446051
nlos_strong,14,follower,3,cusum_fgo_minus_ekf,-17.885290978540095,-1.1224713759508471,-7.963100100023403,-2.8120086270462394
nlos_strong,14,follower,3,cusum_fgo_minus_fgo,-9.145571895013745,-1.0725946465065903,-5.372708731821083,-1.8777695913495223
nlos_strong,14,follower,3,cusum_fgo_minus_cusum_ekf,-10.935978936265485,-0.41052916586676,-1.402917036208231,-0.8607271535681049
nlos_strong,14,pooled,0,cusum_fgo_minus_ekf,-20.005845643476455,-1.1602527727738208,-6.454616131928686,-2.782196104494721
nlos_strong,14,pooled,0,cusum_fgo_minus_fgo,-14.477097047642038,-1.6243598933974255,-7.620099283835678,-2.8575892810230483
nlos_strong,14,pooled,0,cusum_fgo_minus_cusum_ekf,-8.465258380693427,-0.5405752349636707,-2.054158644017982,-0.9652438284256335
nlos_strong,14,macro,0,cusum_fgo_minus_ekf,-16.60602249246409,-1.1602527727738208,-6.1104433506796765,-2.7713059030585683
nlos_strong,14,macro,0,cusum_fgo_minus_fgo,-11.794481900799354,-1.624359893397425,-7.342872006443393,-2.8106164352706573
nlos_strong,14,macro,0,cusum_fgo_minus_cusum_ekf,-8.389796805444107,-0.5405752349636707,-1.9870991675800886,-0.9619129761541871
nlos_strong,15,follower,1,cusum_fgo_minus_ekf,-9.788043828491016,-0.8617110106498747,-5.6658967273364755,-1.7157031232756295
nlos_strong,15,follower,1,cusum_fgo_minus_fgo,-9.457707316008058,-1.5047228426982986,-5.666399526434615,-2.269810498676442
nlos_strong,15,follower,1,cusum_fgo_minus_cusum_ekf,-4.8303326112410785,-0.358332322869493,-1.3953055819054208,-0.6290752927958574
nlos_strong,15,follower,2,cusum_fgo_minus_ekf,-12.16276907683033,-1.187252146129868,-10.185744299761899,-2.7151977862849184
nlos_strong,15,follower,2,cusum_fgo_minus_fgo,-11.219945123897443,-1.6319278149903427,-7.133899790039759,-2.7554499168988236
nlos_strong,15,follower,2,cusum_fgo_minus_cusum_ekf,-6.612716877333409,-0.31463938232962096,-2.001432412996632,-0.6912098523847554
nlos_strong,15,follower,3,cusum_fgo_minus_ekf,-7.601700345770308,-1.1071981532338113,-5.8859827892853795,-1.93898336727385
nlos_strong,15,follower,3,cusum_fgo_minus_fgo,-10.630734411488088,-1.2216476595277443,-5.297145329574811,-2.1924680960973153
nlos_strong,15,follower,3,cusum_fgo_minus_cusum_ekf,-5.185546795886364,-0.6549188858125813,-1.8947607982397163,-0.9117395487751506
nlos_strong,15,pooled,0,cusum_fgo_minus_ekf,-11.646336702692587,-1.0520537700045178,-5.882575795331572,-2.1324886173364668
nlos_strong,15,pooled,0,cusum_fgo_minus_fgo,-10.7035127497597,-1.452766105738795,-5.951790666995448,-2.394257066262117
nlos_strong,15,pooled,0,cusum_fgo_minus_cusum_ekf,-6.096284503195666,-0.44263019700389805,-1.5031928175322689,-0.705496911017643
nlos_strong,15,macro,0,cusum_fgo_minus_ekf,-9.850837750363885,-1.0520537700045183,-7.2458746054612515,-2.1232947589447995
nlos_strong,15,macro,0,cusum_fgo_minus_fgo,-10.436128950464528,-1.452766105738795,-6.032481548683061,-2.4059095038908604
nlos_strong,15,macro,0,cusum_fgo_minus_cusum_ekf,-5.5428654281536165,-0.4426301970038986,-1.7638329310472562,-0.7440082313185878
nlos_strong,16,follower,1,cusum_fgo_minus_ekf,-16.127879775314238,-1.1654114513295277,-4.93764611534834,-2.526572030046175
nlos_strong,16,follower,1,cusum_fgo_minus_fgo,-14.28285250810221,-1.550812432573885,-6.134104269971708,-2.677123189123558
nlos_strong,16,follower,1,cusum_fgo_minus_cusum_ekf,-9.921116558695589,-0.5056294353574915,-1.1475378625587813,-0.713209030502075
nlos_strong,16,follower,2,cusum_fgo_minus_ekf,-15.545717916339072,-1.2143596828665904,-6.29753570324582,-2.8198051340431043
nlos_strong,16,follower,2,cusum_fgo_minus_fgo,-14.413021079149626,-1.761421618761935,-5.3976769864267435,-2.942212974991826
nlos_strong,16,follower,2,cusum_fgo_minus_cusum_ekf,-9.974655403865501,-0.40515434012160056,-1.2642789916393262,-0.7948011624086645
nlos_strong,16,follower,3,cusum_fgo_minus_ekf,-13.91795121675884,-1.1500231811333803,-5.458328419999907,-2.408556262671725
nlos_strong,16,follower,3,cusum_fgo_minus_fgo,-9.797238126810813,-1.137347074124473,-5.034593443687349,-1.9743767083147614
nlos_strong,16,follower,3,cusum_fgo_minus_cusum_ekf,-8.908037681846583,-0.5251655914078284,-1.3079470018199337,-0.8508032124749031
nlos_strong,16,pooled,0,cusum_fgo_minus_ekf,-15.905975162492119,-1.1765981051098329,-5.48819958259125,-2.589436680727358
nlos_strong,16,pooled,0,cusum_fgo_minus_fgo,-14.413021079149626,-1.4831937084867641,-5.730408914411063,-2.5608020179528355
nlos_strong,16,pooled,0,cusum_fgo_minus_cusum_ekf,-9.974655403865501,-0.4786497889623067,-1.2266692870266163,-0.7844316482548492
nlos_strong,16,macro,0,cusum_fgo_minus_ekf,-15.197182969470717,-1.1765981051098326,-5.564503412864688,-2.5849778089203346
nlos_strong,16,macro,0,cusum_fgo_minus_fgo,-12.831037238020885,-1.4831937084867644,-5.522124900028601,-2.531237624143382
nlos_strong,16,macro,0,cusum_fgo_minus_cusum_ekf,-9.601269881469225,-0.4786497889623068,-1.2399212853393473,-0.7862711351285475
nlos_strong,17,follower,1,cusum_fgo_minus_ekf,-12.458205894484362,-0.6799810975494511,-5.31531004700923,-1.6917908086198727
nlos_strong,17,follower,1,cusum_fgo_minus_fgo,-14.211204050580541,-2.07143043389883,-8.638429226017823,-3.2866572280243362
nlos_strong,17,follower,1,cusum_fgo_minus_cusum_ekf,-6.470293414725029,-0.10833581044953333,-1.0679140134141871,-0.3894354208782429
nlos_strong,17,follower,2,cusum_fgo_minus_ekf,-16.3875678485806,-1.5455765457665356,-12.81478309904327,-3.8555278457474174
nlos_strong,17,follower,2,cusum_fgo_minus_fgo,-16.453181517846243,-2.4121269778345455,-11.8298991710527,-4.197683543505232
nlos_strong,17,follower,2,cusum_fgo_minus_cusum_ekf,-8.780481712126427,-0.266925694648369,-1.4077449599056842,-0.6508351683542513
nlos_strong,17,follower,3,cusum_fgo_minus_ekf,-12.33295409809027,-1.0588925691872468,-8.895915817121967,-2.4956412549730187
nlos_strong,17,follower,3,cusum_fgo_minus_fgo,-14.843316236542098,-1.599411019691832,-8.410273659717271,-2.9438891184367497
nlos_strong,17,follower,3,cusum_fgo_minus_cusum_ekf,-7.922951872650953,-0.21549338768333948,-1.0141131222460529,-0.449877661711767
nlos_strong,17,pooled,0,cusum_fgo_minus_ekf,-16.3875678485806,-1.094816737501077,-9.393682290370343,-2.752638542002223
nlos_strong,17,pooled,0,cusum_fgo_minus_fgo,-16.453181517846243,-2.027656143808403,-9.475359491638986,-3.4961687877172336
nlos_strong,17,pooled,0,cusum_fgo_minus_cusum_ekf,-8.780481712126427,-0.19691829759374713,-1.0738919117966899,-0.4915198165851664
nlos_strong,17,macro,0,cusum_fgo_minus_ekf,-13.726242613718412,-1.0948167375010776,-9.00866965439149,-2.6809866364467694
nlos_strong,17,macro,0,cusum_fgo_minus_fgo,-15.169233934989627,-2.027656143808403,-9.626200685595933,-3.476076629988773
nlos_strong,17,macro,0,cusum_fgo_minus_cusum_ekf,-7.7245756665008045,-0.19691829759374713,-1.1632573651886413,-0.49671608364808706
nlos_strong,18,follower,1,cusum_fgo_minus_ekf,-6.8692161132007845,-0.5157483892590662,-3.2057297323434204,-1.0838585981318904
nlos_strong,18,follower,1,cusum_fgo_minus_fgo,-7.827977242354778,-0.9334017528024341,-3.630659194342684,-1.5502573333685565
nlos_strong,18,follower,1,cusum_fgo_minus_cusum_ekf,-12.701709526967026,-1.3928065576166535,-4.998193654499215,-2.1842290973127514
nlos_strong,18,follower,2,cusum_fgo_minus_ekf,-13.258294335063379,-0.8798821826001111,-7.572357249797924,-2.525246778846248
nlos_strong,18,follower,2,cusum_fgo_minus_fgo,-12.758490437452885,-1.5090505224835777,-6.498276596462577,-2.673094553743259
nlos_strong,18,follower,2,cusum_fgo_minus_cusum_ekf,-6.508323899048902,-0.5671922444774693,-4.58201395702442,-1.5000167839393197
nlos_strong,18,follower,3,cusum_fgo_minus_ekf,-9.938266251511834,-0.9983071316560452,-5.170039534488991,-1.8971735589624228
nlos_strong,18,follower,3,cusum_fgo_minus_fgo,-8.368111639909044,-1.1197341862203567,-4.581619113828566,-1.9074170049650572
nlos_strong,18,follower,3,cusum_fgo_minus_cusum_ekf,-6.3587672027870905,-0.5216191692793228,-1.1151880641673215,-0.7614990250952056
nlos_strong,18,pooled,0,cusum_fgo_minus_ekf,-13.258294335063379,-0.7979792345050742,-4.547189893804625,-1.826144082527017
nlos_strong,18,pooled,0,cusum_fgo_minus_fgo,-12.758490437452885,-1.1873954871687895,-4.626141058222201,-2.0318708601137248
nlos_strong,18,pooled,0,cusum_fgo_minus_cusum_ekf,-11.554289568600684,-0.8272059904578151,-3.9296446213087286,-1.5841233274152766
nlos_strong,18,macro,0,cusum_fgo_minus_ekf,-10.021925566592,-0.797979234505074,-5.316042172210111,-1.835426311980187
nlos_strong,18,macro,0,cusum_fgo_minus_fgo,-9.651526439905567,-1.1873954871687897,-4.903518301544609,-2.0435896306922907
nlos_strong,18,macro,0,cusum_fgo_minus_cusum_ekf,-8.52293354293434,-0.8272059904578148,-3.5651318918969856,-1.4819149687824251
nlos_strong,19,follower,1,cusum_fgo_minus_ekf,-11.308976755860014,-0.9304346579642894,-6.991010620825491,-2.061605793661106
nlos_strong,19,follower,1,cusum_fgo_minus_fgo,-13.745383990843575,-1.9095815220558507,-7.52642390186928,-3.084661540591156
nlos_strong,19,follower,1,cusum_fgo_minus_cusum_ekf,-9.88460158031265,-0.39932011788313104,-1.1529794243364317,-0.9485928452377208
nlos_strong,19,follower,2,cusum_fgo_minus_ekf,-16.035285314804902,-1.7931144922384339,-14.842964878964644,-4.013685238570276
nlos_strong,19,follower,2,cusum_fgo_minus_fgo,-15.74323613036377,-2.326748295151816,-11.35898341077744,-3.990852649419206
nlos_strong,19,follower,2,cusum_fgo_minus_cusum_ekf,-10.334149374314421,-0.6356755741738895,-2.652876362912817,-1.1459499526578374
nlos_strong,19,follower,3,cusum_fgo_minus_ekf,-9.430645084956048,-1.2197547870109866,-7.625256578623282,-2.446567032154806
nlos_strong,19,follower,3,cusum_fgo_minus_fgo,-15.080343394513672,-1.8601636312851306,-9.802917160815207,-3.4524736842546773
nlos_strong,19,follower,3,cusum_fgo_minus_cusum_ekf,-7.040287633282433,-0.5427864166894569,-1.234408033413307,-0.9092578305527761
nlos_strong,19,pooled,0,cusum_fgo_minus_ekf,-15.866631408304048,-1.3144346457379035,-7.881810785946872,-2.92086428785773
nlos_strong,19,pooled,0,cusum_fgo_minus_fgo,-15.574582223862915,-2.0321644828309324,-9.45762228895688,-3.501425110793537
nlos_strong,19,pooled,0,cusum_fgo_minus_cusum_ekf,-10.165495467813566,-0.525927369582159,-1.847906738619971,-0.9949798479443487
nlos_strong,19,macro,0,cusum_fgo_minus_ekf,-12.258302385206989,-1.314434645737903,-9.819744026137807,-2.840619354795396
nlos_strong,19,macro,0,cusum_fgo_minus_fgo,-14.856321171907004,-2.0321644828309324,-9.56277482448731,-3.5093292914216794
nlos_strong,19,macro,0,cusum_fgo_minus_cusum_ekf,-9.086346195969835,-0.525927369582159,-1.6800879402208524,-1.0012668761494443
nlos_strong,20,follower,1,cusum_fgo_minus_ekf,-16.951151902648355,-0.7147269377570036,-3.3209934619351658,-2.2649213874566945
nlos_strong,20,follower,1,cusum_fgo_minus_fgo,-11.121014162483672,-1.6386181645087985,-6.973029289029606,-2.6402635349347854
nlos_strong,20,follower,1,cusum_fgo_minus_cusum_ekf,-8.621647583776742,-0.0924251577109505,-0.8404175794395901,-0.30363827617530803
nlos_strong,20,follower,2,cusum_fgo_minus_ekf,-15.112327824229114,-1.403488386363787,-8.146259437237669,-2.924086548852426
nlos_strong,20,follower,2,cusum_fgo_minus_fgo,-13.339632025602915,-2.0201409243340116,-8.60882471020811,-3.395700701640622
nlos_strong,20,follower,2,cusum_fgo_minus_cusum_ekf,-8.254499149385746,-0.6366884145262343,-2.7521827108793735,-1.1044573399277668
nlos_strong,20,follower,3,cusum_fgo_minus_ekf,-15.463697357907293,-1.1955941382268258,-7.5151303809015495,-2.813079701244172
nlos_strong,20,follower,3,cusum_fgo_minus_fgo,-9.63061980376649,-1.2956495889404356,-5.546835914541455,-2.1887270507289607
nlos_strong,20,follower,3,cusum_fgo_minus_cusum_ekf,-9.026726705877621,-0.4230489088083804,-0.9997338331903844,-0.6576231321017558
nlos_strong,20,pooled,0,cusum_fgo_minus_ekf,-16.951151902648355,-1.1046031541158723,-7.111200236268735,-2.6288306606785614
nlos_strong,20,pooled,0,cusum_fgo_minus_fgo,-12.020434122169053,-1.6514695592610817,-7.038573645298199,-2.7492357830176717
nlos_strong,20,pooled,0,cusum_fgo_minus_cusum_ekf,-8.621647583776742,-0.3840541603485217,-1.2149943138679364,-0.6672247813533945
nlos_strong,20,macro,0,cusum_fgo_minus_ekf,-15.842392361594921,-1.104603154115872,-6.327461093358128,-2.6673625458510974
nlos_strong,20,macro,0,cusum_fgo_minus_fgo,-11.363755330617693,-1.6514695592610815,-7.042896637926389,-2.7415637624347893
nlos_strong,20,macro,0,cusum_fgo_minus_cusum_ekf,-8.634291146346705,-0.3840541603485218,-1.5307780411697818,-0.688572916068277
nlos_strong,21,follower,1,cusum_fgo_minus_ekf,-8.58528694001361,-0.5958812316722997,-7.073165094660046,-1.7429983732145973
nlos_strong,21,follower,1,cusum_fgo_minus_fgo,-12.818655494854967,-1.8646918090306592,-7.950002835870617,-2.809455008557179
nlos_strong,21,follower,1,cusum_fgo_minus_cusum_ekf,-3.485611623777391,0.1406622630154668,-0.8504973533548092,-0.035337254708184496
nlos_strong,21,follower,2,cusum_fgo_minus_ekf,-11.798795083144825,-1.2759936684207207,-11.263387089585976,-3.0953905832034048
nlos_strong,21,follower,2,cusum_fgo_minus_fgo,-10.869632223437517,-2.1133631498120757,-10.61482259205122,-3.3538481194510164
nlos_strong,21,follower,2,cusum_fgo_minus_cusum_ekf,-3.4845170795654212,-0.5081191094121515,-2.7665588956363822,-0.7422723674158818
nlos_strong,21,follower,3,cusum_fgo_minus_ekf,-6.740795029461326,-1.2975909611175096,-9.627452796877536,-2.4592536220024237
nlos_strong,21,follower,3,cusum_fgo_minus_fgo,-8.800573241976503,-1.8176089201874972,-11.001760378445786,-2.944775557768744
nlos_strong,21,follower,3,cusum_fgo_minus_cusum_ekf,-0.7406442320338389,-0.4527078557835086,-1.3153368300591586,-0.3021958930381534
nlos_strong,21,pooled,0,cusum_fgo_minus_ekf,-9.202625129517296,-1.0564886204035102,-9.020114307282874,-2.439686439380514
nlos_strong,21,pooled,0,cusum_fgo_minus_fgo,-8.800573241976503,-1.9318879596767444,-9.151602672906167,-3.027252678592424
nlos_strong,21,pooled,0,cusum_fgo_minus_cusum_ekf,-0.8883471259378926,-0.2733882340600646,-1.7410086428917824,-0.35778955873508056
nlos_strong,21,macro,0,cusum_fgo_minus_ekf,-9.041625684206586,-1.05648862040351,-9.321334993707854,-2.4325475261401417
nlos_strong,21,macro,0,cusum_fgo_minus_fgo,-10.82962032008966,-1.9318879596767438,-9.855528602122543,-3.0360262285923127
nlos_strong,21,macro,0,cusum_fgo_minus_cusum_ekf,-2.57025764512555,-0.2733882340600646,-1.6441310263501172,-0.3599351717207402
nlos_strong,22,follower,1,cusum_fgo_minus_ekf,-10.817632391587022,-1.2218073686511404,-9.53379998930405,-2.6381426854938437
nlos_strong,22,follower,1,cusum_fgo_minus_fgo,-7.827224613185922,-1.411497176293706,-6.111225818603168,-2.2275091849941493
nlos_strong,22,follower,1,cusum_fgo_minus_cusum_ekf,-5.693510223246723,-0.4023075465088386,-0.837590931190098,-0.613020524734077
nlos_strong,22,follower,2,cusum_fgo_minus_ekf,-4.55565052519475,-0.6893932826584137,-4.6058589765946,-1.3396712626562806
nlos_strong,22,follower,2,cusum_fgo_minus_fgo,-3.8384931310673895,-1.1652783792153092,-4.64872347721396,-1.7005167499990954
nlos_strong,22,follower,2,cusum_fgo_minus_cusum_ekf,-7.962632398552824,-1.8533522521024794,-4.815289370346424,-2.578465571981072
nlos_strong,22,follower,3,cusum_fgo_minus_ekf,-4.032656033679953,-0.5729363607744036,-5.61579116215849,-1.3012887434814968
nlos_strong,22,follower,3,cusum_fgo_minus_fgo,-7.5583633042355975,-0.8980901550548215,-4.398945548914407,-1.6544343345335606
nlos_strong,22,follower,3,cusum_fgo_minus_cusum_ekf,-8.789840024619004,-0.1795368069245067,-0.8648355298303378,-0.5730003992203005
nlos_strong,22,pooled,0,cusum_fgo_minus_ekf,-9.386779706905934,-0.8280456706946526,-5.474214786020596,-1.8042066335430038
nlos_strong,22,pooled,0,cusum_fgo_minus_fgo,-7.5583633042355975,-1.1582885701879455,-4.97251576065824,-1.8628560185010443
nlos_strong,22,pooled,0,cusum_fgo_minus_cusum_ekf,-8.789840024619004,-0.8117322018452748,-3.9990530513684397,-1.4351126176185154
nlos_strong,22,macro,0,cusum_fgo_minus_ekf,-6.468646316820574,-0.8280456706946524,-6.585150042685713,-1.7597008972105403
nlos_strong,22,macro,0,cusum_fgo_minus_fgo,-6.408027016162969,-1.1582885701879455,-5.0529649482438455,-1.8608200898422684
nlos_strong,22,macro,0,cusum_fgo_minus_cusum_ekf,-7.48199421547285,-0.8117322018452748,-2.1725719437889532,-1.254828831978483
nlos_strong,23,follower,1,cusum_fgo_minus_ekf,-12.031163244291836,-1.1377698480661413,-9.740398257838331,-2.5100488556802367
nlos_strong,23,follower,1,cusum_fgo_minus_fgo,-9.703933651213333,-1.6661732268178309,-7.233994680573157,-2.6444473207607615
nlos_strong,23,follower,1,cusum_fgo_minus_cusum_ekf,-5.853695614567833,-0.3188942621619072,-0.8047440568324957,-0.4887283492814021
nlos_strong,23,follower,2,cusum_fgo_minus_ekf,-13.144771675393743,-0.8341812788513701,-5.067718783120989,-2.136790795851535
nlos_strong,23,follower,2,cusum_fgo_minus_fgo,-13.703357374982906,-1.67602702138493,-7.130484867552008,-2.82007831322448
nlos_strong,23,follower,2,cusum_fgo_minus_cusum_ekf,-5.5393992436235235,-0.04465005938046818,-0.7134246272683171,-0.2891193705461663
nlos_strong,23,follower,3,cusum_fgo_minus_ekf,-14.015927683804383,-1.139320491992736,-4.789595241231895,-2.4864285482726207
nlos_strong,23,follower,3,cusum_fgo_minus_fgo,-7.400123571370161,-1.0725026433352225,-4.277067002419034,-1.740302569050621
nlos_strong,23,follower,3,cusum_fgo_minus_cusum_ekf,-8.158845762028617,-0.46460738168291094,-1.0850208299491357,-0.6655544798761497
nlos_strong,23,pooled,0,cusum_fgo_minus_ekf,-13.646464194248987,-1.0370905396367487,-5.193788862313879,-2.3527193753400963
nlos_strong,23,pooled,0,cusum_fgo_minus_fgo,-13.55215975428206,-1.471567630512661,-6.413214651108708,-2.445659360601141
nlos_strong,23,pooled,0,cusum_fgo_minus_cusum_ekf,-7.789382272473221,-0.27605056774176184,-0.7428436931581537,-0.4550986916503047
nlos_strong,23,macro,0,cusum_fgo_minus_ekf,-13.06395420116332,-1.0370905396367494,-6.532570760730406,-2.3777560666014637
nlos_strong,23,macro,0,cusum_fgo_minus_fgo,-10.2691381991888,-1.4715676305126615,-6.2138488501813995,-2.4016094010119544
nlos_strong,23,macro,0,cusum_fgo_minus_cusum_ekf,-6.517313540073324,-0.2760505677417622,-0.8677298380166496,-0.481134066567906
nlos_strong,24,follower,1,cusum_fgo_minus_ekf,-11.646261759967736,-1.1757803066716215,-7.8867230766987,-2.4109766292745904
nlos_strong,24,follower,1,cusum_fgo_minus_fgo,-10.225442708259255,-1.8711341966813437,-6.9562028251438415,-2.8079046174723725
nlos_strong,24,follower,1,cusum_fgo_minus_cusum_ekf,-6.632238602982555,-0.4645834177541023,-1.11088039293143,-0.6770998058135994
nlos_strong,24,follower,2,cusum_fgo_minus_ekf,-15.017424222849963,-1.3840930385794907,-7.206751580043366,-3.058202865780899
nlos_strong,24,follower,2,cusum_fgo_minus_fgo,-14.78808011154082,-2.0598365295849415,-7.27575751833396,-3.319430067297865
nlos_strong,24,follower,2,cusum_fgo_minus_cusum_ekf,-9.068488273973697,-0.4318232332654297,-1.2705897182655943,-0.7848991535343564
nlos_strong,24,follower,3,cusum_fgo_minus_ekf,-9.817515566192402,-1.0908162100125671,-7.564996435531318,-2.3395830264138944
nlos_strong,24,follower,3,cusum_fgo_minus_fgo,-12.722522548530394,-1.4503434973434892,-6.799966690266954,-2.5651522655020993
nlos_strong,24,follower,3,cusum_fgo_minus_cusum_ekf,-6.713279802666976,-0.3368858623868697,-0.9044004826954009,-0.5794528776031795
nlos_strong,24,pooled,0,cusum_fgo_minus_ekf,-15.017424222849963,-1.2168965184212266,-7.348641710387189,-2.6078332860674625
nlos_strong,24,pooled,0,cusum_fgo_minus_fgo,-14.78808011154082,-1.7937714078699245,-6.980165943868481,-2.9013926571683455
nlos_strong,24,pooled,0,cusum_fgo_minus_cusum_ekf,-9.068488273973697,-0.41109750446880045,-1.1066227610013804,-0.6771630089924389
nlos_strong,24,macro,0,cusum_fgo_minus_ekf,-12.1604005163367,-1.2168965184212264,-7.552823697424461,-2.6029208404897948
nlos_strong,24,macro,0,cusum_fgo_minus_fgo,-12.578681789443491,-1.793771407869925,-7.010642344581585,-2.897495650090779
nlos_strong,24,macro,0,cusum_fgo_minus_cusum_ekf,-7.47133555987441,-0.41109750446880056,-1.0952901979641416,-0.6804839456503784
nlos_strong,25,follower,1,cusum_fgo_minus_ekf,-15.339527154192838,-1.3887691832941989,-9.053921092346362,-3.0710217114435623
nlos_strong,25,follower,1,cusum_fgo_minus_fgo,-14.664124606993115,-2.0249997299626328,-8.428086512821412,-3.392270529088714
nlos_strong,25,follower,1,cusum_fgo_minus_cusum_ekf,-9.65567146130432,-0.5184347295802884,-1.1427046727700636,-0.8276297942779036
nlos_strong,25,follower,2,cusum_fgo_minus_ekf,-14.846445658290108,-1.7374274555116744,-12.074536807789274,-3.844812880173155
nlos_strong,25,follower,2,cusum_fgo_minus_fgo,-14.086418577003425,-2.3074636910985395,-10.752625822983951,-3.853806319966493
nlos_strong,25,follower,2,cusum_fgo_minus_cusum_ekf,-8.925608020692849,-0.41064962923191783,-1.0909826550567552,-0.8020780507130746
nlos_strong,25,follower,3,cusum_fgo_minus_ekf,-7.193719938963014,-0.8459404767024621,-4.033412506759324,-1.524812111992158
nlos_strong,25,follower,3,cusum_fgo_minus_fgo,-8.790938176870998,-1.3110862630344478,-5.6769616857782665,-2.1218284633568745
nlos_strong,25,follower,3,cusum_fgo_minus_cusum_ekf,-3.7122720647982184,-0.39684117463782087,-0.7108162682649593,-0.5186576970722943
nlos_strong,25,pooled,0,cusum_fgo_minus_ekf,-15.171539684377937,-1.324045705169445,-8.746331934947099,-2.9578184385243675
nlos_strong,25,pooled,0,cusum_fgo_minus_fgo,-14.496137137178213,-1.8811832280318734,-8.455099214184571,-3.201847508889844
nlos_strong,25,pooled,0,cusum_fgo_minus_cusum_ekf,-9.487683991489419,-0.4419751778166757,-0.9941494495089245,-0.7281952931148774
nlos_strong,25,macro,0,cusum_fgo_minus_ekf,-12.459897583815321,-1.324045705169445,-8.387290135631654,-2.813548901202959
nlos_strong,25,macro,0,cusum_fgo_minus_fgo,-12.51382712028918,-1.8811832280318734,-8.285891340527877,-3.1226351041373612
nlos_strong,25,macro,0,cusum_fgo_minus_cusum_ekf,-7.431183848931797,-0.4419751778166755,-0.981501198697259,-0.7161218473544243
nlos_strong,26,follower,1,cusum_fgo_minus_ekf,-18.19067592879435,-1.0564742190841714,-6.53104244026498,-2.915422015922796
nlos_strong,26,follower,1,cusum_fgo_minus_fgo,-8.518355360430206,-1.6172704833304965,-8.192930707871149,-2.6486566197496946
nlos_strong,26,follower,1,cusum_fgo_minus_cusum_ekf,-8.542319579461845,-0.4090250530989433,-1.8705701530607677,-0.842488072238778
nlos_strong,26,follower,2,cusum_fgo_minus_ekf,-17.665280411908483,-1.4433876251353461,-9.307621467371884,-3.4448192669374462
nlos_strong,26,follower,2,cusum_fgo_minus_fgo,-17.720370001505888,-2.1327754034170345,-8.088523078803487,-3.6701861522424846
nlos_strong,26,follower,2,cusum_fgo_minus_cusum_ekf,-9.30874858291141,-0.38804835808370963,-1.8801149177473748,-0.7735489977524985
nlos_strong,26,follower,3,cusum_fgo_minus_ekf,-11.176479139510022,-0.9740238810049691,-4.3144027680758406,-1.9397770987915681
nlos_strong,26,follower,3,cusum_fgo_minus_fgo,-6.656740426615834,-1.0398550629815155,-3.949897470741316,-1.6481707496180045
nlos_strong,26,follower,3,cusum_fgo_minus_cusum_ekf,-5.90097240933236,-0.4172392830736138,-1.0387378179193918,-0.5763170736660431
nlos_strong,26,pooled,0,cusum_fgo_minus_ekf,-18.19067592879435,-1.1579619084081623,-7.145330926774854,-2.819641368002499
nlos_strong,26,pooled,0,cusum_fgo_minus_fgo,-15.271493929563432,-1.5966336499096818,-6.705197788068148,-2.7478529638334344
nlos_strong,26,pooled,0,cusum_fgo_minus_cusum_ekf,-8.542319579461845,-0.40477089808542244,-1.4905000747686832,-0.7376727630959738
nlos_strong,26,macro,0,cusum_fgo_minus_ekf,-15.677478493404285,-1.1579619084081627,-6.717688891904234,-2.7666727938839366
nlos_strong,26,macro,0,cusum_fgo_minus_fgo,-10.965155262850644,-1.5966336499096823,-6.743783752471985,-2.6556711738700614
nlos_strong,26,macro,0,cusum_fgo_minus_cusum_ekf,-7.917346857235204,-0.4047708980854222,-1.5964742962425114,-0.7307847145524399
nlos_strong,27,follower,1,cusum_fgo_minus_ekf,-4.985067418386811,-0.35830061141671576,-5.150040935896866,-0.9827460826859844
nlos_strong,27,follower,1,cusum_fgo_minus_fgo,-6.5328142761877315,-0.9500247248486215,-5.015492022425821,-1.5659666585099807
nlos_strong,27,follower,1,cusum_fgo_minus_cusum_ekf,-5.54843389161116,-0.36407857755676654,-1.2494120078685427,-0.5917291241779927
nlos_strong,27,follower,2,cusum_fgo_minus_ekf,-5.963336863797982,-0.8118254050061489,-5.197521528479102,-1.6574080242397051
nlos_strong,27,follower,2,cusum_fgo_minus_fgo,-4.409228024461055,-1.277346903905469,-4.7741967032792365,-1.8827372886203917
nlos_strong,27,follower,2,cusum_fgo_minus_cusum_ekf,-2.606252742118172,-0.3487833854199194,-1.0863751508161332,-0.5571775081620964
nlos_strong,27,follower,3,cusum_fgo_minus_ekf,-7.238786281591512,-0.9325324514939458,-6.450626972692476,-1.7353106332058754
nlos_strong,27,follower,3,cusum_fgo_minus_fgo,-10.147442225716688,-1.0445684372574933,-4.587584564620066,-1.9216366601158232
nlos_strong,27,follower,3,cusum_fgo_minus_cusum_ekf,-4.627813501373124,-0.45150813416157,-1.2013026364642831,-0.6384309518459692
nlos_strong,27,pooled,0,cusum_fgo_minus_ekf,-4.985067418386811,-0.7008861559722703,-5.199840741516934,-1.3776806304404376
nlos_strong,27,pooled,0,cusum_fgo_minus_fgo,-6.5328142761877315,-1.0906466886705282,-4.617120976541709,-1.7217185904388097
nlos_strong,27,pooled,0,cusum_fgo_minus_cusum_ekf,-5.54843389161116,-0.38812336571275186,-1.0632051554075481,-0.567300920374336
nlos_strong,27,macro,0,cusum_fgo_minus_ekf,-6.0623968545921025,-0.7008861559722701,-5.599396479022815,-1.458488246710522
nlos_strong,27,macro,0,cusum_fgo_minus_fgo,-7.029828175455157,-1.0906466886705277,-4.792424430108375,-1.7901135357487317
nlos_strong,27,macro,0,cusum_fgo_minus_cusum_ekf,-4.260833378367486,-0.3881233657127521,-1.17902993171632,-0.5957791947286861
nlos_strong,28,follower,1,cusum_fgo_minus_ekf,-9.63939488346944,-0.9008390302401481,-5.36763116962247,-1.7586709014759587
nlos_strong,28,follower,1,cusum_fgo_minus_fgo,-11.146107040742464,-1.7831891628876657,-6.970607827899233,-2.78584500401233
nlos_strong,28,follower,1,cusum_fgo_minus_cusum_ekf,-16.161488840873375,-0.6914787568610383,-1.447331113226959,-1.816782463392514
nlos_strong,28,follower,2,cusum_fgo_minus_ekf,-16.061388212877084,-1.4512163088754964,-12.190717870459174,-3.724584947069308
nlos_strong,28,follower,2,cusum_fgo_minus_fgo,-16.013173193292072,-2.297323350702416,-10.86851511260868,-3.808725159816196
nlos_strong,28,follower,2,cusum_fgo_minus_cusum_ekf,-8.71292678030007,-0.18527769824386708,-2.322535030963934,-0.7081236642691828
nlos_strong,28,follower,3,cusum_fgo_minus_ekf,-7.3528482477833155,-0.8112785376438884,-5.436791475059038,-1.455329409724079
nlos_strong,28,follower,3,cusum_fgo_minus_fgo,-7.470963140496712,-1.1519625028905094,-5.5150591828435305,-1.9392285134224259
nlos_strong,28,follower,3,cusum_fgo_minus_cusum_ekf,-7.0318513416757185,-0.5455876911196623,-1.6572833771678879,-0.9635117090126463
nlos_strong,28,pooled,0,cusum_fgo_minus_ekf,-15.034142540349045,-1.054444625586511,-6.986894646383938,-2.4778636664662406
nlos_strong,28,pooled,0,cusum_fgo_minus_fgo,-14.985927520764033,-1.7441583388268633,-7.591671672965889,-2.9359785248528247
nlos_strong,28,pooled,0,cusum_fgo_minus_cusum_ekf,-16.161488840873375,-0.47411471540818884,-1.6577710896702935,-1.2104264312117825
nlos_strong,28,macro,0,cusum_fgo_minus_ekf,-11.017877114709947,-1.0544446255865112,-7.665046838380226,-2.312861752756448
nlos_strong,28,macro,0,cusum_fgo_minus_fgo,-11.543414458177084,-1.7441583388268636,-7.78472737445048,-2.84459955908365
nlos_strong,28,macro,0,cusum_fgo_minus_cusum_ekf,-10.63542232094972,-0.47411471540818906,-1.809049840452927,-1.1628059455581143
nlos_strong,29,follower,1,cusum_fgo_minus_ekf,-11.306796647682857,-0.6509215245625204,-8.838945501696227,-1.9308006265340796
nlos_strong,29,follower,1,cusum_fgo_minus_fgo,-9.554228279968243,-1.4042686387739733,-7.311215394842543,-2.2192487887379144
nlos_strong,29,follower,1,cusum_fgo_minus_cusum_ekf,-8.266167489017036,-0.151469822751642,-1.4322008435919131,-0.8377735232908476
nlos_strong,29,follower,2,cusum_fgo_minus_ekf,-14.978212230751884,-1.5590104170729582,-8.369036113997764,-3.2257595518888755
nlos_strong,29,follower,2,cusum_fgo_minus_fgo,-13.294679971511904,-1.8810557913994166,-8.229929898055369,-3.1578638383447144
nlos_strong,29,follower,2,cusum_fgo_minus_cusum_ekf,-8.298374518726414,-0.518777272488936,-1.6088627765863117,-0.788386773317721
nlos_strong,29,follower,3,cusum_fgo_minus_ekf,-8.32094447656454,-0.772042131478274,-3.7974652819520616,-1.4725166083157846
nlos_strong,29,follower,3,cusum_fgo_minus_fgo,-10.113972173795933,-1.2495560900130855,-7.259465325737062,-2.2461731344206477
nlos_strong,29,follower,3,cusum_fgo_minus_cusum_ekf,-6.150212579544879,-0.3029089613290469,-0.8284699119630656,-0.45881503862372774
nlos_strong,29,pooled,0,cusum_fgo_minus_ekf,-12.914933502966075,-0.9939913577045842,-7.020679198449287,-2.2094851485527367
nlos_strong,29,pooled,0,cusum_fgo_minus_fgo,-11.231401243726095,-1.5116268400621582,-7.23418411753868,-2.487917531991922
nlos_strong,29,pooled,0,cusum_fgo_minus_cusum_ekf,-8.266167489017036,-0.32438535218987496,-0.8956582751390534,-0.6926377315004528
nlos_strong,29,macro,0,cusum_fgo_minus_ekf,-11.535317784999759,-0.9939913577045844,-7.001815632548683,-2.2096922622462465
nlos_strong,29,macro,0,cusum_fgo_minus_fgo,-10.98762680842536,-1.5116268400621582,-7.600203539544991,-2.541095253834426
nlos_strong,29,macro,0,cusum_fgo_minus_cusum_ekf,-7.571584862429443,-0.32438535218987485,-1.2898445107137637,-0.6949917784107655
nlos_strong,30,follower,1,cusum_fgo_minus_ekf,-11.890431837750334,-0.959889481858393,-8.025767969173856,-2.335760254665976
nlos_strong,30,follower,1,cusum_fgo_minus_fgo,-9.93210435368945,-1.70729476032068,-6.658183376926962,-2.5439471758334413
nlos_strong,30,follower,1,cusum_fgo_minus_cusum_ekf,-6.9417462393595395,-0.24937396931299083,-1.2540217206112954,-0.5201472143807746
nlos_strong,30,follower,2,cusum_fgo_minus_ekf,-15.618999472073096,-1.4520952609997007,-11.439264078000939,-3.218447124205255
nlos_strong,30,follower,2,cusum_fgo_minus_fgo,-12.974771276754934,-1.9829726227706368,-8.144754170450437,-3.262042483621834
nlos_strong,30,follower,2,cusum_fgo_minus_cusum_ekf,-10.479610029222028,-0.40861310850561194,-1.627965390910533,-0.764649433551412
nlos_strong,30,follower,3,cusum_fgo_minus_ekf,-8.518788697922297,-1.1399559430826214,-6.420616308795924,-2.13481095040757
nlos_strong,30,follower,3,cusum_fgo_minus_fgo,-11.950999300006954,-1.4893693969080855,-7.937608049389356,-2.768693669325639
nlos_strong,30,follower,3,cusum_fgo_minus_cusum_ekf,-5.764872404146159,-0.442736740644856,-0.8549070458734718,-0.5721139298208106
nlos_strong,30,pooled,0,cusum_fgo_minus_ekf,-14.458697347507558,-1.1839802286469046,-7.646473769268423,-2.5870093570130344
nlos_strong,30,pooled,0,cusum_fgo_minus_fgo,-11.950999300006954,-1.7265455933331344,-7.396687744475865,-2.8513832668891457
nlos_strong,30,pooled,0,cusum_fgo_minus_cusum_ekf,-9.31930790465649,-0.36690793948781975,-1.1657345652665776,-0.6135249989316971
nlos_strong,30,macro,0,cusum_fgo_minus_ekf,-12.009406669248577,-1.183980228646905,-8.628549451990239,-2.5630061097596
nlos_strong,30,macro,0,cusum_fgo_minus_fgo,-11.61929164348378,-1.726545593333134,-7.580181865588918,-2.858227776260305
nlos_strong,30,macro,0,cusum_fgo_minus_cusum_ekf,-7.728742890909242,-0.36690793948781963,-1.2456313857984334,-0.6189701925843325
nlos_strong,31,follower,1,cusum_fgo_minus_ekf,-5.4674167420505695,-0.3200401079120774,-3.4103246900200244,-0.7876118739364246
nlos_strong,31,follower,1,cusum_fgo_minus_fgo,-6.042954108379834,-1.062929839586846,-3.80812160146305,-1.5114475557702445
nlos_strong,31,follower,1,cusum_fgo_minus_cusum_ekf,-13.174981246986185,-0.2822887294472898,-1.6732192887409347,-0.9953167112591181
nlos_strong,31,follower,2,cusum_fgo_minus_ekf,-16.573726176436047,-1.1665065003791713,-14.021477590147583,-3.232971690471603
nlos_strong,31,follower,2,cusum_fgo_minus_fgo,-15.858374986277642,-1.8767637848977874,-8.061497492602825,-3.2271164693253405
nlos_strong,31,follower,2,cusum_fgo_minus_cusum_ekf,-10.215200328082119,-0.21913483613338203,-2.872020845085287,-0.7590402730704469
nlos_strong,31,follower,3,cusum_fgo_minus_ekf,-6.723749041976431,-0.782264730888214,-4.862365651311971,-1.4281261911028542
nlos_strong,31,follower,3,cusum_fgo_minus_fgo,-9.834430014026864,-1.2390784103479804,-6.413717887370511,-2.133879944608845
nlos_strong,31,follower,3,cusum_fgo_minus_cusum_ekf,-5.009974310414039,-0.3098589283268116,-0.9575077432315482,-0.4503223882509143
nlos_strong,31,pooled,0,cusum_fgo_minus_ekf,-13.364354540116082,-0.756270446393154,-4.307831884519432,-1.8934546242986332
nlos_strong,31,pooled,0,cusum_fgo_minus_fgo,-12.649003349957678,-1.392924011610871,-5.399086736931006,-2.281036604335119
nlos_strong,31,pooled,0,cusum_fgo_minus_cusum_ekf,-13.174981246986185,-0.27042749796916077,-1.3625465137385304,-0.7675824675512886
nlos_strong,31,macro,0,cusum_fgo_minus_ekf,-9.588297320154348,-0.756270446393154,-7.431389310493193,-1.8162365851702942
nlos_strong,31,macro,0,cusum_fgo_minus_fgo,-10.57858636956145,-1.392924011610871,-6.0944456604787955,-2.290814656568143
nlos_strong,31,macro,0,cusum_fgo_minus_cusum_ekf,-9.466718628494116,-0.270427497969161,-1.8342492923525908,-0.7348931241934935
nlos_strong,32,follower,1,cusum_fgo_minus_ekf,-16.123760309623854,-1.3134845321248043,-8.637318067885374,-2.9881560490913364
nlos_strong,32,follower,1,cusum_fgo_minus_fgo,-11.629350740489679,-1.9936096956307987,-8.724945474532348,-3.203364753715638
nlos_strong,32,follower,1,cusum_fgo_minus_cusum_ekf,-8.751698138207082,-0.5776288938803089,-1.768970957040755,-1.0816653020275857
nlos_strong,32,follower,2,cusum_fgo_minus_ekf,-16.06452799665927,-1.494671408081589,-11.958051575262445,-3.403446672451534
nlos_strong,32,follower,2,cusum_fgo_minus_fgo,-15.595716653375629,-2.129494782208713,-9.473228498846339,-3.5867770794125606
nlos_strong,32,follower,2,cusum_fgo_minus_cusum_ekf,-8.817831373118796,-0.5892640596082961,-2.3711403226392735,-1.0157452512863319
nlos_strong,32,follower,3,cusum_fgo_minus_ekf,-11.835874504191297,-1.1040946705957904,-7.809020850981943,-2.3602010490460774
nlos_strong,32,follower,3,cusum_fgo_minus_fgo,-12.458811256585104,-1.6839864327642737,-9.146702833039974,-3.0313933607859926
nlos_strong,32,follower,3,cusum_fgo_minus_cusum_ekf,-6.005237932835357,-0.3420687602822886,-1.2269250793454896,-0.5886237476278879
nlos_strong,32,pooled,0,cusum_fgo_minus_ekf,-16.06452799665927,-1.304083536934061,-7.987924467527429,-2.9408306138215545
nlos_strong,32,pooled,0,cusum_fgo_minus_fgo,-15.595716653375629,-1.9356969702012616,-8.93911985767996,-3.2793854541169125
nlos_strong,32,pooled,0,cusum_fgo_minus_cusum_ekf,-8.817831373118796,-0.5029872379236312,-1.7750703510241947,-0.9031715482778218
nlos_strong,32,macro,0,cusum_fgo_minus_ekf,-14.674720936824805,-1.3040835369340615,-9.468130164709919,-2.91726792352965
nlos_strong,32,macro,0,cusum_fgo_minus_fgo,-13.227959550150139,-1.9356969702012616,-9.114958935472885,-3.2738450646380635
nlos_strong,32,macro,0,cusum_fgo_minus_cusum_ekf,-7.858255814720412,-0.5029872379236314,-1.7890121196751727,-0.8953447669806016
nlos_strong,33,follower,1,cusum_fgo_minus_ekf,-13.922107478400527,-0.65451432177358,-8.438858910908213,-1.872213492391654
nlos_strong,33,follower,1,cusum_fgo_minus_fgo,-9.373918902639842,-1.5948956085070072,-6.651960808617379,-2.4131822006368786
nlos_strong,33,follower,1,cusum_fgo_minus_cusum_ekf,-14.258524694515426,-0.5182862574910003,-5.719215434910832,-1.6565555558077025
nlos_strong,33,follower,2,cusum_fgo_minus_ekf,-15.94270849515006,-1.3819191018029993,-10.815590764157047,-3.360287471721225
nlos_strong,33,follower,2,cusum_fgo_minus_fgo,-15.153948366512504,-2.3606123418629705,-10.177644041775558,-3.881876901609229
nlos_strong,33,follower,2,cusum_fgo_minus_cusum_ekf,-7.453965468372713,-0.3659209592864807,-3.112691328923951,-0.8031874093217561
nlos_strong,33,follower,3,cusum_fgo_minus_ekf,-9.191461978238472,-0.9431097386886351,-6.209633454089032,-1.852396661879914
nlos_strong,33,follower,3,cusum_fgo_minus_fgo,-8.507164745081736,-1.2503868407157124,-6.416077403056139,-2.1292786797636287
nlos_strong,33,follower,3,cusum_fgo_minus_cusum_ekf,-4.91662464385714,-0.6048925558384379,-1.4479978985283408,-0.7954243972412014
nlos_strong,33,pooled,0,cusum_fgo_minus_ekf,-14.830638345266333,-0.9931810540884045,-7.833229711126794,-2.334378315922298
nlos_strong,33,pooled,0,cusum_fgo_minus_fgo,-14.041878216628778,-1.73529826369523,-7.407931962285998,-2.79488912777307
nlos_strong,33,pooled,0,cusum_fgo_minus_cusum_ekf,-14.258524694515426,-0.496366590871973,-1.8130103304342309,-1.1543390143095078
nlos_strong,33,macro,0,cusum_fgo_minus_ekf,-13.018759317263017,-0.9931810540884045,-8.488027709718098,-2.361632541997598
nlos_strong,33,macro,0,cusum_fgo_minus_fgo,-11.011677338078027,-1.7352982636952297,-7.748560751149691,-2.808112594003245
nlos_strong,33,macro,0,cusum_fgo_minus_cusum_ekf,-8.876371602248426,-0.4963665908719732,-3.4266348874543753,-1.0850557874568867
nlos_strong,34,follower,1,cusum_fgo_minus_ekf,-14.56261533837133,-1.1090987322874084,-10.140076124428877,-3.056310332161266
nlos_strong,34,follower,1,cusum_fgo_minus_fgo,-10.805823494189248,-1.6267376196287486,-7.47897991521689,-2.756117161373504
nlos_strong,34,follower,1,cusum_fgo_minus_cusum_ekf,-5.6978734346199165,-1.1591537599695023,-2.7999377423293534,-1.6485374763828062
nlos_strong,34,follower,2,cusum_fgo_minus_ekf,-6.655033274574734,-0.9266194507915986,-4.8863759267726525,-1.7243934515387607
nlos_strong,34,follower,2,cusum_fgo_minus_fgo,-6.545197805428396,-1.5042625694537723,-5.730844924897156,-2.2450650480559604
nlos_strong,34,follower,2,cusum_fgo_minus_cusum_ekf,-4.030279002065354,-0.4723818899238368,-1.8747033970192801,-0.7258613708324955
nlos_strong,34,follower,3,cusum_fgo_minus_ekf,-10.707844999812885,-0.8102299603010339,-7.371295937311612,-2.037498125803304
nlos_strong,34,follower,3,cusum_fgo_minus_fgo,-15.573033989521413,-1.2704256842283088,-7.650466037558348,-2.627315310041719
nlos_strong,34,follower,3,cusum_fgo_minus_cusum_ekf,-7.766156282513651,-0.07270953157174587,-0.7210204504960092,-0.28881320952136
nlos_strong,34,pooled,0,cusum_fgo_minus_ekf,-14.56261533837133,-0.9486493811266805,-6.6818713898851305,-2.3421996424906375
nlos_strong,34,pooled,0,cusum_fgo_minus_fgo,-12.237167854821749,-1.4671419577702767,-6.55445121495518,-2.5394113110012295
nlos_strong,34,pooled,0,cusum_fgo_minus_cusum_ekf,-5.6978734346199165,-0.5680817271550285,-3.377105809579062,-1.0124706717154879
nlos_strong,34,macro,0,cusum_fgo_minus_ekf,-10.641831204252982,-0.9486493811266805,-7.465915996171047,-2.2727339698344435
nlos_strong,34,macro,0,cusum_fgo_minus_fgo,-10.974685096379684,-1.4671419577702767,-6.953430292557464,-2.5428325064903943
nlos_strong,34,macro,0,cusum_fgo_minus_cusum_ekf,-5.831436239732973,-0.5680817271550282,-1.7985538632815472,-0.8877373522455538
nlos_strong,35,follower,1,cusum_fgo_minus_ekf,-13.129781447967837,-1.464344091882398,-11.055299738532383,-3.1700109721437197
nlos_strong,35,follower,1,cusum_fgo_minus_fgo,-8.860468233237814,-1.881533737577035,-8.020118943479913,-2.94786829561619
nlos_strong,35,follower,1,cusum_fgo_minus_cusum_ekf,-7.093712319980747,-0.5128184228816544,-0.9440143975153472,-0.7584912608387644
nlos_strong,35,follower,2,cusum_fgo_minus_ekf,-9.094294036742205,-1.0993556165748959,-6.776075753904112,-2.097497728362147
nlos_strong,35,follower,2,cusum_fgo_minus_fgo,-7.607185398295689,-1.8240094576508048,-6.928749705721205,-2.7475795159087664
nlos_strong,35,follower,2,cusum_fgo_minus_cusum_ekf,-6.4280758460153375,-0.4090138795631759,-1.5535253732665635,-0.7345408251661105
nlos_strong,35,follower,3,cusum_fgo_minus_ekf,-12.516966625139332,-1.266017961451211,-10.561994988555822,-2.8358384658258076
nlos_strong,35,follower,3,cusum_fgo_minus_fgo,-15.021795888126032,-1.2895345642851932,-4.9640634053138815,-2.667650427288535
nlos_strong,35,follower,3,cusum_fgo_minus_cusum_ekf,-9.125645029989808,-0.4776713873759635,-1.130114053738858,-0.774738103274343
nlos_strong,35,pooled,0,cusum_fgo_minus_ekf,-13.129781447967837,-1.276572556636168,-8.493012250217223,-2.712175188968071
nlos_strong,35,pooled,0,cusum_fgo_minus_fgo,-14.434851444300946,-1.6650259198376771,-7.068979889278436,-2.7838968317599133
nlos_strong,35,pooled,0,cusum_fgo_minus_cusum_ekf,-8.538700586164722,-0.46650122994026455,-1.156719342150362,-0.7526274165072437
nlos_strong,35,macro,0,cusum_fgo_minus_ekf,-11.580347369949791,-1.2765725566361685,-9.464456826997441,-2.7011157221105586
nlos_strong,35,macro,0,cusum_fgo_minus_fgo,-10.496483173219847,-1.6650259198376776,-6.637644018171668,-2.7876994129378305
nlos_strong,35,macro,0,cusum_fgo_minus_cusum_ekf,-7.549144398661964,-0.46650122994026455,-1.209217941506923,-0.7559233964264059
nlos_strong,36,follower,1,cusum_fgo_minus_ekf,-7.709435580734096,-0.5174474972521135,-6.4257649805695864,-1.4759504262534047
nlos_strong,36,follower,1,cusum_fgo_minus_fgo,-6.628070099834268,-1.388427357561579,-5.998987702260199,-2.023502415737785
nlos_strong,36,follower,1,cusum_fgo_minus_cusum_ekf,-3.384660187613571,-0.0023324993325206655,-1.466324621360453,-0.3239503939248225
nlos_strong,36,follower,2,cusum_fgo_minus_ekf,-14.477592795296566,-1.2035678091256814,-10.277102013167072,-2.8785205344662983
nlos_strong,36,follower,2,cusum_fgo_minus_fgo,-14.186217214199573,-1.9832115821274725,-7.210907083805539,-3.057064260865211
nlos_strong,36,follower,2,cusum_fgo_minus_cusum_ekf,-9.910086444753714,-0.4971854051522635,-4.139781948503712,-1.254195734766257
nlos_strong,36,follower,3,cusum_fgo_minus_ekf,-10.982861729455127,-1.2674952120380663,-8.34733739312188,-2.5079153482556165
nlos_strong,36,follower,3,cusum_fgo_minus_fgo,-10.82096228051145,-1.5477093891448128,-7.585601468053843,-2.7076718654312035
nlos_strong,36,follower,3,cusum_fgo_minus_cusum_ekf,-6.542550254536712,-0.7107023942625688,-2.705075924692167,-1.0712047798004978
nlos_strong,36,pooled,0,cusum_fgo_minus_ekf,-12.281250689541391,-0.9961701728052872,-7.611513372404189,-2.2456394592107944
nlos_strong,36,pooled,0,cusum_fgo_minus_fgo,-11.989875108444398,-1.639782776277955,-6.765950300508963,-2.5455425245884404
nlos_strong,36,pooled,0,cusum_fgo_minus_cusum_ekf,-7.71374433899854,-0.40340676624911787,-2.1805895718147132,-0.8389655886609007
nlos_strong,36,macro,0,cusum_fgo_minus_ekf,-11.05663003516193,-0.9961701728052865,-8.350068128952845,-2.2874621029917734
nlos_strong,36,macro,0,cusum_fgo_minus_fgo,-10.545083198181764,-1.6397827762779544,-6.931832084706526,-2.5960795140114
nlos_strong,36,macro,0,cusum_fgo_minus_cusum_ekf,-6.612432295634666,-0.4034067662491174,-2.7703941648521115,-0.8831169694971925
nlos_strong,37,follower,1,cusum_fgo_minus_ekf,-20.22897394504902,-1.344178468793984,-11.263534091370492,-3.4517044096065455
nlos_strong,37,follower,1,cusum_fgo_minus_fgo,-15.973946645965782,-1.5513790992140906,-5.975783775586692,-2.780147786818975
nlos_strong,37,follower,1,cusum_fgo_minus_cusum_ekf,-11.65525272283787,-0.6584953256315956,-1.5120046339932114,-1.6085553500328202
nlos_strong,37,follower,2,cusum_fgo_minus_ekf,-6.682475083065302,-0.5673758893932181,-4.6997797636408345,-1.2272341293550568
nlos_strong,37,follower,2,cusum_fgo_minus_fgo,-7.6086278240219585,-1.225331948472302,-5.601365284595172,-1.8923104420476606
nlos_strong,37,follower,2,cusum_fgo_minus_cusum_ekf,-6.887674006439594,-0.35048783711520204,-3.055716389424937,-0.8326895188040708
nlos_strong,37,follower,3,cusum_fgo_minus_ekf,-9.01081844364239,-0.7605558702756247,-4.883599796925276,-1.5493651170577123
nlos_strong,37,follower,3,cusum_fgo_minus_fgo,-5.288473824476879,-0.7390391515675817,-3.76790266738867,-1.228814473034328
nlos_strong,37,follower,3,cusum_fgo_minus_cusum_ekf,-4.60610126607237,-0.32278198511528633,-0.942067824261638,-0.5005740029726327
nlos_strong,37,pooled,0,cusum_fgo_minus_ekf,-19.231418684608126,-0.890703409487609,-5.103579940671093,-2.20258211901867
nlos_strong,37,pooled,0,cusum_fgo_minus_fgo,-14.97639138552489,-1.1719167330846583,-4.977470388469673,-2.027342874315277
nlos_strong,37,pooled,0,cusum_fgo_minus_cusum_ekf,-10.657697462396978,-0.44392171595402785,-2.0111954994297694,-1.0243748823431178
nlos_strong,37,macro,0,cusum_fgo_minus_ekf,-11.974089157252237,-0.8907034094876087,-6.948971217312201,-2.076101218673105
nlos_strong,37,macro,0,cusum_fgo_minus_fgo,-9.623682764821538,-1.1719167330846583,-5.1150172425235105,-1.9670909006336548
nlos_strong,37,macro,0,cusum_fgo_minus_cusum_ekf,-7.716342665116612,-0.4439217159540281,-1.836596282559929,-0.9806062906031745
nlos_strong,38,follower,1,cusum_fgo_minus_ekf,-13.42645594429284,-0.9482209649373604,-6.612836241545426,-2.2958547143901615
nlos_strong,38,follower,1,cusum_fgo_minus_fgo,-10.297534667791963,-1.2589558963786902,-4.660237074641014,-2.027056123555483
nlos_strong,38,follower,1,cusum_fgo_minus_cusum_ekf,-6.413983266713354,-0.40267734177204073,-1.3323134499628129,-0.8526764903902049
nlos_strong,38,follower,2,cusum_fgo_minus_ekf,-8.440918385685642,-1.0122336189424255,-6.915537193987201,-1.913962687990407
nlos_strong,38,follower,2,cusum_fgo_minus_fgo,-7.614309367685668,-1.3502711052878484,-4.6733415662671165,-2.1053832981430083
nlos_strong,38,follower,2,cusum_fgo_minus_cusum_ekf,-4.801194808768308,-0.5672589877202873,-2.004853839207355,-0.8136436283489269
nlos_strong,38,follower,3,cusum_fgo_minus_ekf,-11.676582602171854,-0.7161333252896385,-2.9429895299200863,-1.5551362229771042
nlos_strong,38,follower,3,cusum_fgo_minus_fgo,-9.136917267599166,-0.8301843148853263,-4.597150955839389,-1.5699754798917545
nlos_strong,38,follower,3,cusum_fgo_minus_cusum_ekf,-6.886471801236633,-0.3644893975204353,-1.1867261429946392,-0.614939828631768
nlos_strong,38,pooled,0,cusum_fgo_minus_ekf,-13.42645594429284,-0.8921959697231412,-5.584838580185222,-1.9384560508564217
nlos_strong,38,pooled,0,cusum_fgo_minus_fgo,-10.297534667791963,-1.1464704388506213,-4.601131817423417,-1.9045762029030047
nlos_strong,38,pooled,0,cusum_fgo_minus_cusum_ekf,-6.413983266713354,-0.4448085756709208,-1.551685166673248,-0.76125986731902
nlos_strong,38,macro,0,cusum_fgo_minus_ekf,-11.181318977383446,-0.8921959697231415,-5.490454321817571,-1.9216512084525577
nlos_strong,38,macro,0,cusum_fgo_minus_fgo,-9.016253767692268,-1.1464704388506215,-4.643576532249173,-1.9008049671967484
nlos_strong,38,macro,0,cusum_fgo_minus_cusum_ekf,-6.033883292239432,-0.4448085756709209,-1.507964477388269,-0.7604199824569667
nlos_strong,39,follower,1,cusum_fgo_minus_ekf,-12.443322378274681,-0.851672497808023,-5.01976063199551,-1.9932373096716391
nlos_strong,39,follower,1,cusum_fgo_minus_fgo,-8.344028960586375,-1.5723425325365836,-6.72835740683039,-2.3956388273297247
nlos_strong,39,follower,1,cusum_fgo_minus_cusum_ekf,-5.288486147941606,-0.2530107987560797,-1.2076418067583379,-0.4547988051851133
nlos_strong,39,follower,2,cusum_fgo_minus_ekf,-15.698160279728272,-1.3711217572659762,-9.412780603331344,-3.1379123157427706
nlos_strong,39,follower,2,cusum_fgo_minus_fgo,-15.323707899161333,-2.0185836399532167,-8.308579358645684,-3.3380177534916786
nlos_strong,39,follower,2,cusum_fgo_minus_cusum_ekf,-7.464417085898314,-0.43505778081303814,-1.7799232251829453,-0.7814265842208643
nlos_strong,39,follower,3,cusum_fgo_minus_ekf,-12.968431191823557,-1.0408442461609897,-5.519816031549659,-2.2801770137616115
nlos_strong,39,follower,3,cusum_fgo_minus_fgo,-10.274229025813145,-1.3434513148320522,-6.701634870420682,-2.3686693745884586
nlos_strong,39,follower,3,cusum_fgo_minus_cusum_ekf,-8.69697850303984,-0.3979507452026758,-1.271118905410586,-0.7137054706732855
nlos_strong,39,pooled,0,cusum_fgo_minus_ekf,-14.598616000822595,-1.0878795004116633,-7.977082100020016,-2.4841290659664113
nlos_strong,39,pooled,0,cusum_fgo_minus_fgo,-14.224163620255656,-1.644792495773951,-7.131118877912194,-2.714239821111928
nlos_strong,39,pooled,0,cusum_fgo_minus_cusum_ekf,-8.11138707456238,-0.3620064415905978,-1.349258641947696,-0.6374417424961707
nlos_strong,39,macro,0,cusum_fgo_minus_ekf,-13.703304616608836,-1.0878795004116628,-6.6507857556255034,-2.470442213058674
nlos_strong,39,macro,0,cusum_fgo_minus_fgo,-11.313988628520285,-1.644792495773951,-7.246190545298918,-2.7007753184699537
nlos_strong,39,macro,0,cusum_fgo_minus_cusum_ekf,-7.149960578959919,-0.3620064415905979,-1.4195613124506228,-0.649976953359754
nlos_strong,40,follower,1,cusum_fgo_minus_ekf,-11.690033635976528,-1.0317799090376045,-6.462986529096987,-2.270849375780201
nlos_strong,40,follower,1,cusum_fgo_minus_fgo,-7.023236778560197,-1.4532297884639318,-4.872720108909463,-2.112814649600656
nlos_strong,40,follower,1,cusum_fgo_minus_cusum_ekf,-4.657270321343079,-0.36052002317110965,-0.9235157381572747,-0.500634048665895
nlos_strong,40,follower,2,cusum_fgo_minus_ekf,-10.044035535542571,-0.6171730014217272,-7.479755703618978,-2.0208956388781423
nlos_strong,40,follower,2,cusum_fgo_minus_fgo,-7.77439558403359,-1.210783996247646,-4.3497677706659035,-1.8990686208164163
nlos_strong,40,follower,2,cusum_fgo_minus_cusum_ekf,-3.2109638341100233,-0.700940584449717,-1.3557245780453098,-0.7383480059162322
nlos_strong,40,follower,3,cusum_fgo_minus_ekf,-7.7426527507807155,-1.1665114758409763,-7.559408472602932,-2.2791963797594863
nlos_strong,40,follower,3,cusum_fgo_minus_fgo,-11.078144542717009,-1.6613635612738002,-9.652856868541447,-3.092803480123915
nlos_strong,40,follower,3,cusum_fgo_minus_cusum_ekf,-5.32242569366054,-0.5088043138986484,-1.2284154647508936,-0.7281878167750601
nlos_strong,40,pooled,0,cusum_fgo_minus_ekf,-10.044035535542571,-0.9384881287667695,-6.084807315586319,-2.0834771725250336
nlos_strong,40,pooled,0,cusum_fgo_minus_fgo,-7.77439558403359,-1.4417924486617928,-5.568079629170844,-2.2455104417418905
nlos_strong,40,pooled,0,cusum_fgo_minus_cusum_ekf,-3.2109638341100233,-0.5234216405064915,-1.6672594417316091,-0.6241460792917499
nlos_strong,40,macro,0,cusum_fgo_minus_ekf,-9.825573974099939,-0.9384881287667692,-7.167383568439632,-2.190313798139276
nlos_strong,40,macro,0,cusum_fgo_minus_fgo,-8.625258968436931,-1.4417924486617928,-6.291781582705605,-2.368228916846996
nlos_strong,40,macro,0,cusum_fgo_minus_cusum_ekf,-4.396886616371213,-0.5234216405064915,-1.1692185936511592,-0.6557232904523957
nlos_strong,41,follower,1,cusum_fgo_minus_ekf,-10.168121279042897,-0.8195365127658996,-8.121620300701698,-1.9619304981715646
nlos_strong,41,follower,1,cusum_fgo_minus_fgo,-6.582223856687741,-1.2275776471275945,-4.775627191228045,-1.8075582404926172
nlos_strong,41,follower,1,cusum_fgo_minus_cusum_ekf,-4.860127471084293,-0.15333021471588482,-0.9250595107730297,-0.30930795263863464
nlos_strong,41,follower,2,cusum_fgo_minus_ekf,-13.268586440199616,-1.1671921962355472,-6.357154415173847,-2.582935422604409
nlos_strong,41,follower,2,cusum_fgo_minus_fgo,-11.58123932688774,-1.8521160115884598,-6.8807281921867105,-2.988722684321728
nlos_strong,41,follower,2,cusum_fgo_minus_cusum_ekf,-8.284143835688205,-0.7261273097105982,-2.1758984730760376,-1.0559788784957278
nlos_strong,41,follower,3,cusum_fgo_minus_ekf,-16.207689390209744,-1.2931405424893976,-9.316350310508167,-2.9269692322792995
nlos_strong,41,follower,3,cusum_fgo_minus_fgo,-14.335257188638087,-1.2988096669193734,-6.494958738177055,-2.554736563259985
nlos_strong,41,follower,3,cusum_fgo_minus_cusum_ekf,-9.55406585088554,-0.6033249351387834,-2.042625201560167,-0.9615231150561638
nlos_strong,41,pooled,0,cusum_fgo_minus_ekf,-15.420320231501826,-1.0932897504969483,-7.821710765115178,-2.455669621381089
nlos_strong,41,pooled,0,cusum_fgo_minus_fgo,-13.547888029930167,-1.4595011085451424,-5.738275795375603,-2.4171890961585225
nlos_strong,41,pooled,0,cusum_fgo_minus_cusum_ekf,-8.766696692177618,-0.4942608198550884,-1.499615468181394,-0.7361596891716498
nlos_strong,41,macro,0,cusum_fgo_minus_ekf,-13.214799036484086,-1.093289750496948,-7.931708342127904,-2.4906117176850913
nlos_strong,41,macro,0,cusum_fgo_minus_fgo,-10.832906790737857,-1.4595011085451426,-6.050438040530603,-2.450339162691444
nlos_strong,41,macro,0,cusum_fgo_minus_cusum_ekf,-7.566112385886013,-0.49426081985508896,-1.7145277284697447,-0.7756033153968422
nlos_strong,42,follower,1,cusum_fgo_minus_ekf,-12.400035432754976,-0.9166305325389692,-5.472859885786674,-2.089735879920928
nlos_strong,42,follower,1,cusum_fgo_minus_fgo,-16.149043897638755,-2.1071317782790824,-8.455409493724952,-3.4799956950190083
nlos_strong,42,follower,1,cusum_fgo_minus_cusum_ekf,-6.423275478350018,-0.3455496681428376,-1.307339795086283,-0.6202635831833563
nlos_strong,42,follower,2,cusum_fgo_minus_ekf,-18.175105548923792,-1.6068708252521895,-10.210834277271188,-3.740915551560373
nlos_strong,42,follower,2,cusum_fgo_minus_fgo,-16.743578640940996,-2.5544133415131727,-10.063551848708435,-4.231068836521949
nlos_strong,42,follower,2,cusum_fgo_minus_cusum_ekf,-11.792476043181626,-0.6831621989451749,-3.254258707644135,-1.3867837167946644
nlos_strong,42,follower,3,cusum_fgo_minus_ekf,-12.48977691757522,-1.4319239608293515,-10.1855648172814,-3.0065439050656817
nlos_strong,42,follower,3,cusum_fgo_minus_fgo,-18.732550676409424,-1.6721953505360454,-8.33046674374308,-3.2932949807246805
nlos_strong,42,follower,3,cusum_fgo_minus_cusum_ekf,-9.002045132219365,-0.5404318502623353,-1.1702259389473524,-0.7546251168300482
nlos_strong,42,pooled,0,cusum_fgo_minus_ekf,-16.84439694135156,-1.318475106206837,-9.513073077156557,-2.9735511804857184
nlos_strong,42,pooled,0,cusum_fgo_minus_fgo,-16.363274736294585,-2.1112468234427664,-9.046213982708228,-3.674507778983372
nlos_strong,42,pooled,0,cusum_fgo_minus_cusum_ekf,-10.461767435609397,-0.5230479057834493,-1.8327708606348079,-0.9321375873566378
nlos_strong,42,macro,0,cusum_fgo_minus_ekf,-14.354972633084664,-1.318475106206837,-8.623086326779752,-2.945731778848994
nlos_strong,42,macro,0,cusum_fgo_minus_fgo,-17.20839107166306,-2.111246823442767,-8.949809362058822,-3.668119837421879
nlos_strong,42,macro,0,cusum_fgo_minus_cusum_ekf,-9.072598884583671,-0.5230479057834493,-1.9106081472259235,-0.9205574722693562
nlos_strong,43,follower,1,cusum_fgo_minus_ekf,-8.86661770155174,-0.9370202862473028,-5.69769344401807,-1.8551499267237501
nlos_strong,43,follower,1,cusum_fgo_minus_fgo,-11.306633243755016,-1.8288212256435918,-7.35994218295102,-2.8565012406378396
nlos_strong,43,follower,1,cusum_fgo_minus_cusum_ekf,-6.322821791057993,-0.49215695407031246,-1.5319371018413677,-0.865401505361604
nlos_strong,43,follower,2,cusum_fgo_minus_ekf,-16.239914707730556,-1.3498975202820918,-12.64737792815475,-3.42222807221028
nlos_strong,43,follower,2,cusum_fgo_minus_fgo,-14.508919533039142,-2.266874644374604,-10.673823165899325,-3.7163001879951194
nlos_strong,43,follower,2,cusum_fgo_minus_cusum_ekf,-8.688212271000479,-0.3381062271561137,-2.4770838559300934,-0.8477061372093393
nlos_strong,43,follower,3,cusum_fgo_minus_ekf,-15.95806833474875,-1.29435568262853,-9.333839062554812,-3.0440458245405195
nlos_strong,43,follower,3,cusum_fgo_minus_fgo,-13.650099036392652,-1.6240626259213826,-7.79915884972861,-2.9282811150457597
nlos_strong,43,follower,3,cusum_fgo_minus_cusum_ekf,-10.195469465409953,-0.6403287544272588,-1.57671980633393,-1.1291786172833842
nlos_strong,43,pooled,0,cusum_fgo_minus_ekf,-14.55396817828401,-1.1937578297193079,-8.907993828512055,-2.8076557870125676
nlos_strong,43,pooled,0,cusum_fgo_minus_fgo,-12.822973003592594,-1.906586165313193,-7.90451370784028,-3.1749196878845565
nlos_strong,43,pooled,0,cusum_fgo_minus_cusum_ekf,-8.270565635750106,-0.49019731188456195,-1.7641356933379586,-0.9169980200937653
nlos_strong,43,macro,0,cusum_fgo_minus_ekf,-13.688200248010348,-1.1937578297193077,-9.226303478242546,-2.773807941158183
nlos_strong,43,macro,0,cusum_fgo_minus_fgo,-13.155217271062272,-1.9065861653131928,-8.610974732859653,-3.1670275145595728
nlos_strong,43,macro,0,cusum_fgo_minus_cusum_ekf,-8.402167842489476,-0.49019731188456184,-1.8619135880351303,-0.9474287532847757
nlos_strong,44,follower,1,cusum_fgo_minus_ekf,-10.034667864361069,-0.8621645235242767,-6.632505404491074,-1.8668076703794856
nlos_strong,44,follower,1,cusum_fgo_minus_fgo,-13.909816432046668,-1.6284458509056696,-5.279159653170289,-2.5927777466710227
nlos_strong,44,follower,1,cusum_fgo_minus_cusum_ekf,-5.326761962997906,-0.25561100272760795,-1.1774322447556305,-0.46502048916287486
nlos_strong,44,follower,2,cusum_fgo_minus_ekf,-12.715438547007093,-1.512228665614794,-11.150322993620282,-3.3812264295145926
nlos_strong,44,follower,2,cusum_fgo_minus_fgo,-12.457367537181883,-2.255561127833075,-9.796612200359577,-3.530306678575328
nlos_strong,44,follower,2,cusum_fgo_minus_cusum_ekf,-8.900270883015983,-0.2364723329976619,-0.8992215037330666,-0.5689292213763213
nlos_strong,44,follower,3,cusum_fgo_minus_ekf,-12.184794178074437,-0.9800691817873807,-8.547020344086151,-2.2890754751951548
nlos_strong,44,follower,3,cusum_fgo_minus_fgo,-11.251011195198416,-1.526857751968413,-8.036996355316443,-2.770568302112494
nlos_strong,44,follower,3,cusum_fgo_minus_cusum_ekf,-6.830114672385383,-0.30752616911331787,-0.9493888215089532,-0.6177224612485727
nlos_strong,44,pooled,0,cusum_fgo_minus_ekf,-12.184794178074437,-1.1181541236421504,-8.742529398452758,-2.5654316039056964
nlos_strong,44,pooled,0,cusum_fgo_minus_fgo,-13.35581257884529,-1.803621576902386,-7.794866979752437,-2.9829825278372306
nlos_strong,44,pooled,0,cusum_fgo_minus_cusum_ekf,-8.302035016400435,-0.26653650161286246,-1.019221805093759,-0.5483290164670178
nlos_strong,44,macro,0,cusum_fgo_minus_ekf,-11.644966863147532,-1.1181541236421504,-8.776616247399168,-2.512369858363078
nlos_strong,44,macro,0,cusum_fgo_minus_fgo,-12.539398388142324,-1.8036215769023856,-7.704256069615436,-2.9645509091196143
nlos_strong,44,macro,0,cusum_fgo_minus_cusum_ekf,-7.0190491727997575,-0.26653650161286246,-1.0086808566658834,-0.5505573905959231
nlos_strong,45,follower,1,cusum_fgo_minus_ekf,-9.857942577396132,-0.4295757397231801,-5.026326802426583,-1.2998349105340916
nlos_strong,45,follower,1,cusum_fgo_minus_fgo,-11.484679089987484,-1.2971568792828412,-4.016872525487292,-1.9469966771854386
nlos_strong,45,follower,1,cusum_fgo_minus_cusum_ekf,-4.765979759535714,0.05855300364677607,-1.062894799426517,-0.13735947242637336
nlos_strong,45,follower,2,cusum_fgo_minus_ekf,-7.1731449095246855,-1.0209276115425174,-6.239291681545591,-1.9461733020172147
nlos_strong,45,follower,2,cusum_fgo_minus_fgo,-8.712293133322586,-1.6063301097346108,-6.5467852879860615,-2.46250042475306
nlos_strong,45,follower,2,cusum_fgo_minus_cusum_ekf,-5.80878773875259,-0.6003918660731591,-3.3723734858779664,-1.0364034385599066
nlos_strong,45,follower,3,cusum_fgo_minus_ekf,-10.69885473940202,-0.6826194955153644,-7.744845088251986,-1.8516203733803547
nlos_strong,45,follower,3,cusum_fgo_minus_fgo,-12.97156042549888,-1.132484769151161,-6.644069028192294,-2.232594292280951
nlos_strong,45,follower,3,cusum_fgo_minus_cusum_ekf,-6.19514006829511,-0.09939305166931978,-1.0227929900533221,-0.3796785242403349
nlos_strong,45,pooled,0,cusum_fgo_minus_ekf,-9.857942577396132,-0.7110409489270206,-5.494391706503928,-1.6404853548834295
nlos_strong,45,pooled,0,cusum_fgo_minus_fgo,-11.484679089987484,-1.3453239193895374,-5.343133032468188,-2.157647474913799
nlos_strong,45,pooled,0,cusum_fgo_minus_cusum_ekf,-4.765979759535714,-0.21374397136523404,-1.3778716904973813,-0.4635518769523477
nlos_strong,45,macro,0,cusum_fgo_minus_ekf,-9.243314075440946,-0.7110409489270206,-6.336821190741387,-1.699209528643887
nlos_strong,45,macro,0,cusum_fgo_minus_fgo,-11.056177549602983,-1.3453239193895377,-5.735908947221882,-2.214030464739816
nlos_strong,45,macro,0,cusum_fgo_minus_cusum_ekf,-5.589969188861138,-0.2137439713652345,-1.819353758452602,-0.5178138117422046
nlos_strong,46,follower,1,cusum_fgo_minus_ekf,-12.007266615353,-1.0592027956845649,-8.930096654875733,-2.459324796497107
nlos_strong,46,follower,1,cusum_fgo_minus_fgo,-10.607340320128968,-1.7884049871320071,-8.085792111638387,-2.826467060872674
nlos_strong,46,follower,1,cusum_fgo_minus_cusum_ekf,-5.296298576794065,-0.27998456064888955,-1.3203212465614085,-0.48664124559375743
nlos_strong,46,follower,2,cusum_fgo_minus_ekf,-16.029563522294126,-1.241809381242084,-13.955584493242203,-3.3688013477294905
nlos_strong,46,follower,2,cusum_fgo_minus_fgo,-14.525546192719471,-1.8367157507100567,-9.321386092600843,-3.2689358057853695
nlos_strong,46,follower,2,cusum_fgo_minus_cusum_ekf,-9.980499358103438,-0.20721052764712278,-2.0153623348851832,-0.7553428033997132
nlos_strong,46,follower,3,cusum_fgo_minus_ekf,-9.664431283509803,-1.011633311979593,-6.4035455659825455,-2.016919258952774
nlos_strong,46,follower,3,cusum_fgo_minus_fgo,-13.054832972957321,-1.4505296691045428,-8.269090150587914,-2.745413248109921
nlos_strong,46,follower,3,cusum_fgo_minus_cusum_ekf,-7.87670478828402,-0.5910999222195426,-2.510731912164995,-1.066595421308635
nlos_strong,46,pooled,0,cusum_fgo_minus_ekf,-16.029563522294126,-1.104215162968747,-7.688173180924249,-2.6695398802422448
nlos_strong,46,pooled,0,cusum_fgo_minus_fgo,-14.525546192719471,-1.691883468982202,-8.164221029643217,-2.9536594665510902
nlos_strong,46,pooled,0,cusum_fgo_minus_cusum_ekf,-9.980499358103438,-0.3594316701718516,-1.7411835797890638,-0.7684556751981708
nlos_strong,46,macro,0,cusum_fgo_minus_ekf,-12.567087140385645,-1.104215162968747,-9.763075571366826,-2.6150151343931243
nlos_strong,46,macro,0,cusum_fgo_minus_fgo,-12.72923982860192,-1.6918834689822024,-8.558756118275713,-2.9469387049226548
nlos_strong,46,macro,0,cusum_fgo_minus_cusum_ekf,-7.717834241060509,-0.3594316701718516,-1.9488051645371958,-0.769526490100702
nlos_strong,47,follower,1,cusum_fgo_minus_ekf,-16.685274709742995,-1.244001637397829,-10.441636921888932,-3.102743417736408
nlos_strong,47,follower,1,cusum_fgo_minus_fgo,-10.778399696462007,-1.82654473287324,-7.639242809674051,-2.927830654280117
nlos_strong,47,follower,1,cusum_fgo_minus_cusum_ekf,-7.101680818647593,-0.4506639571415755,-1.4043787807336903,-0.9817206639825962
nlos_strong,47,follower,2,cusum_fgo_minus_ekf,-14.549063959083792,-1.303147538983605,-9.483852568868741,-2.8361966270651
nlos_strong,47,follower,2,cusum_fgo_minus_fgo,-12.578868069526397,-1.7568787449616798,-7.005979397956289,-2.9071548128651594
nlos_strong,47,follower,2,cusum_fgo_minus_cusum_ekf,-9.41645328357847,-0.4818135328479236,-1.7829069277746434,-0.8301240620789903
nlos_strong,47,follower,3,cusum_fgo_minus_ekf,-9.610343913987261,-0.939908943700992,-6.208385540991092,-1.9693086717902406
nlos_strong,47,follower,3,cusum_fgo_minus_fgo,-9.610523062563088,-1.2400759095387741,-6.328953207021156,-2.1613274219780245
nlos_strong,47,follower,3,cusum_fgo_minus_cusum_ekf,-6.029793526859235,-0.27932597519544333,-0.8045984599418352,-0.4657160504702623
nlos_strong,47,pooled,0,cusum_fgo_minus_ekf,-16.685274709742995,-1.1623527066941417,-6.440321126078379,-2.67736192162981
nlos_strong,47,pooled,0,cusum_fgo_minus_fgo,-10.778399696462007,-1.6078331291245642,-7.163454385322744,-2.6857783014834475
nlos_strong,47,pooled,0,cusum_fgo_minus_cusum_ekf,-7.101680818647593,-0.4039344883949808,-1.2778518440261806,-0.7840983144911373
nlos_strong,47,macro,0,cusum_fgo_minus_ekf,-13.61489419427135,-1.1623527066941417,-8.711291677249589,-2.6360829055305826
nlos_strong,47,macro,0,cusum_fgo_minus_fgo,-10.989263609517163,-1.6078331291245642,-6.991391804883831,-2.6654376297077667
nlos_strong,47,macro,0,cusum_fgo_minus_cusum_ekf,-7.515975876361766,-0.4039344883949808,-1.330628056150056,-0.7591869255106162
nlos_strong,48,follower,1,cusum_fgo_minus_ekf,-6.209327913736283,-0.9419851125347249,-5.879360886038909,-1.7080820677019193
nlos_strong,48,follower,1,cusum_fgo_minus_fgo,-11.028029962277992,-1.6168862303271405,-6.7334812511188336,-2.5410126373852204
nlos_strong,48,follower,1,cusum_fgo_minus_cusum_ekf,-3.154308189802654,-0.44850032954085894,-1.2023520422447895,-0.6274492815703758
nlos_strong,48,follower,2,cusum_fgo_minus_ekf,-12.469853632653837,-1.6431167614694173,-10.949875830544205,-3.4077566459521087
nlos_strong,48,follower,2,cusum_fgo_minus_fgo,-11.930866495816913,-2.09979826291585,-8.054030010620744,-3.4281440575979243
nlos_strong,48,follower,2,cusum_fgo_minus_cusum_ekf,-8.572170039110867,-0.5430057628787808,-1.548494149678709,-0.9330794334617064
nlos_strong,48,follower,3,cusum_fgo_minus_ekf,-11.873175118914926,-1.1071781683973263,-4.861743797732139,-2.226535374254782
nlos_strong,48,follower,3,cusum_fgo_minus_fgo,-8.900809696379735,-1.3528121352058295,-5.690193854262337,-2.256882788911024
nlos_strong,48,follower,3,cusum_fgo_minus_cusum_ekf,-6.109086219741547,-0.5255935403334583,-1.0764732373400647,-0.7535094548909056
nlos_strong,48,pooled,0,cusum_fgo_minus_ekf,-10.374593138614244,-1.2307600141338226,-7.547483622724566,-2.4709366376907855
nlos_strong,48,pooled,0,cusum_fgo_minus_fgo,-11.028029962277992,-1.6898322094829399,-7.064222482214842,-2.749835166671757
nlos_strong,48,pooled,0,cusum_fgo_minus_cusum_ekf,-6.476909545071274,-0.5056998775843661,-1.1621198681467546,-0.7455006066194412
nlos_strong,48,macro,0,cusum_fgo_minus_ekf,-10.184118888435014,-1.2307600141338226,-7.230326838105083,-2.4474580293029367
nlos_strong,48,macro,0,cusum_fgo_minus_fgo,-10.619902051491547,-1.6898322094829403,-6.825901705333972,-2.7420131612980563
nlos_strong,48,macro,0,cusum_fgo_minus_cusum_ekf,-5.94518814955169,-0.5056998775843661,-1.2757731430878543,-0.7713460566409961
nlos_strong,49,follower,1,cusum_fgo_minus_ekf,-12.686617743915757,-0.7545079619391024,-6.802848212154942,-2.0003843442808407
nlos_strong,49,follower,1,cusum_fgo_minus_fgo,-11.109853756211812,-1.6070859789832643,-6.213561683726901,-2.4646848351280477
nlos_strong,49,follower,1,cusum_fgo_minus_cusum_ekf,-6.803983079744126,-0.12697209040476998,-1.1343980733460277,-0.407299240188572
nlos_strong,49,follower,2,cusum_fgo_minus_ekf,-17.878474295364267,-1.2520242569314965,-8.163294077681927,-3.168555399919424
nlos_strong,49,follower,2,cusum_fgo_minus_fgo,-15.966561525463902,-1.9513501374207518,-7.251217816967188,-3.2286889792697333
nlos_strong,49,follower,2,cusum_fgo_minus_cusum_ekf,-12.376192669995866,-0.3264021539140146,-1.2376406466074255,-0.7371997894781145
nlos_strong,49,follower,3,cusum_fgo_minus_ekf,-11.828800371021627,-1.0046262641493833,-7.773807939654767,-2.1517019048918495
nlos_strong,49,follower,3,cusum_fgo_minus_fgo,-12.247692000280027,-1.377934602966607,-8.502596249606597,-2.663698011027872
nlos_strong,49,follower,3,cusum_fgo_minus_cusum_ekf,-7.574257766497844,-0.45254069617488635,-1.9013991014992033,-0.8397190374249781
nlos_strong,49,pooled,0,cusum_fgo_minus_ekf,-17.14466303118091,-1.0037194943399939,-7.520659242476728,-2.450956045679716
nlos_strong,49,pooled,0,cusum_fgo_minus_fgo,-15.232750261280547,-1.6454569064568745,-7.52509263400036,-2.7807346272964226
nlos_strong,49,pooled,0,cusum_fgo_minus_cusum_ekf,-11.642381405812511,-0.30197164683122346,-1.4405891252723215,-0.6584994549123495
nlos_strong,49,macro,0,cusum_fgo_minus_ekf,-14.131297470100549,-1.0037194943399939,-7.579983409830544,-2.4402138830307045
nlos_strong,49,macro,0,cusum_fgo_minus_fgo,-13.108035760651914,-1.645456906456874,-7.322458583433561,-2.7856906084752175
nlos_strong,49,macro,0,cusum_fgo_minus_cusum_ekf,-8.918144505412611,-0.30197164683122346,-1.4244792738175525,-0.6614060223638885
nlos_strong,50,follower,1,cusum_fgo_minus_ekf,-15.573903853789206,-0.8823436376539864,-5.619880872805792,-2.332999963488996
nlos_strong,50,follower,1,cusum_fgo_minus_fgo,-11.083102846339457,-1.473601287307361,-6.57728530801594,-2.50867272731433
nlos_strong,50,follower,1,cusum_fgo_minus_cusum_ekf,-7.239122797126898,-0.2304430361119636,-0.9718030865166254,-0.5610256661384045
nlos_strong,50,follower,2,cusum_fgo_minus_ekf,-18.088361797167437,-1.0387804452379,-5.509299369626992,-2.772929837733643
nlos_strong,50,follower,2,cusum_fgo_minus_fgo,-17.421372406716685,-1.6271644296979115,-6.076955118339154,-2.997786617247222
nlos_strong,50,follower,2,cusum_fgo_minus_cusum_ekf,-10.252437394950398,-0.1917089363726776,-0.9484138826146837,-0.4862165125661124
nlos_strong,50,follower,3,cusum_fgo_minus_ekf,-9.602254361768093,-0.8069766360702315,-4.6491783050429545,-1.7091994814538012
nlos_strong,50,follower,3,cusum_fgo_minus_fgo,-6.7397016672445735,-0.9898419866206722,-4.143399425905168,-1.5691993225502334
nlos_strong,50,follower,3,cusum_fgo_minus_cusum_ekf,-4.504144343900419,-0.27475113002984286,-1.1530487927495658,-0.483041067393166
nlos_strong,50,pooled,0,cusum_fgo_minus_ekf,-18.088361797167437,-0.9093669063207059,-5.165516236592236,-2.3063749783613465
nlos_strong,50,pooled,0,cusum_fgo_minus_fgo,-17.421372406716685,-1.3635359012086483,-5.788467214878617,-2.418902855411342
nlos_strong,50,pooled,0,cusum_fgo_minus_cusum_ekf,-10.252437394950398,-0.23230103417149484,-0.9614274416952528,-0.5108074670188738
nlos_strong,50,macro,0,cusum_fgo_minus_ekf,-14.421506670908245,-0.9093669063207059,-5.2594528491585795,-2.271709760892147
nlos_strong,50,macro,0,cusum_fgo_minus_fgo,-11.74805897343357,-1.3635359012086483,-5.599213284086754,-2.358552889037262
nlos_strong,50,macro,0,cusum_fgo_minus_cusum_ekf,-7.331901511992571,-0.2323010341714946,-1.0244219206269582,-0.5100944153658944
