Scenario,Seed,Method,EdgeScope,Phase,HealthyEdgeEpochs,HealthyEdgeSeconds,UnreadyHealthyEdgeEpochs,AlarmNewHealthyEpisodes,AlarmOccupiedHealthyEpochs,AlarmResidualFromFaultEpochs,AlarmHealthyOccupancy,AlarmEpisodesPerEdgeHour,IsolationNewHealthyEpisodes,IsolationOccupiedHealthyEpochs,IsolationResidualFromFaultEpochs,IsolationHealthyOccupancy,IsolationEpisodesPerEdgeHour,Stage,Point,h,kappa
baseline_3f,1,cusum_fgo,leader,all,5044,5044.0,0,3,39,28,0.007731958762886598,2.141157811260904,3,39,28,0.007731958762886598,2.141157811260904,E1,h3_k0p25,3.0,0.25
baseline_3f,1,cusum_fgo,follower,all,1755,1755.0,0,0,0,0,0.0,0.0,0,0,0,0.0,0.0,E1,h3_k0p25,3.0,0.25
baseline_3f,2,cusum_fgo,leader,all,5044,5044.0,0,0,26,26,0.005154639175257732,0.0,0,26,26,0.005154639175257732,0.0,E1,h3_k0p25,3.0,0.25
baseline_3f,2,cusum_fgo,follower,all,1755,1755.0,0,0,0,0,0.0,0.0,0,0,0,0.0,0.0,E1,h3_k0p25,3.0,0.25
baseline_3f,3,cusum_fgo,leader,all,5044,5044.0,0,0,26,26,0.005154639175257732,0.0,0,26,26,0.005154639175257732,0.0,E1,h3_k0p25,3.0,0.25
baseline_3f,3,cusum_fgo,follower,all,1755,1755.0,0,0,0,0,0.0,0.0,0,0,0,0.0,0.0,E1,h3_k0p25,3.0,0.25
baseline_3f,4,cusum_fgo,leader,all,5044,5044.0,0,0,26,26,0.005154639175257732,0.0,0,26,26,0.005154639175257732,0.0,E1,h3_k0p25,3.0,0.25
baseline_3f,4,cusum_fgo,follower,all,1755,1755.0,0,0,0,0,0.0,0.0,0,0,0,0.0,0.0,E1,h3_k0p25,3.0,0.25
baseline_3f,5,cusum_fgo,leader,all,5044,5044.0,0,3,619,474,0.12272006344171292,2.141157811260904,5,418,137,0.08287073750991276,3.5685963521015065,E1,h3_k0p25,3.0,0.25
baseline_3f,5,cusum_fgo,follower,all,1755,1755.0,0,0,0,0,0.0,0.0,0,0,0,0.0,0.0,E1,h3_k0p25,3.0,0.25
baseline_3f,6,cusum_fgo,leader,all,5044,5044.0,0,1,37,28,0.007335448057097542,0.7137192704203013,1,37,28,0.007335448057097542,0.7137192704203013,E1,h3_k0p25,3.0,0.25
baseline_3f,6,cusum_fgo,follower,all,1755,1755.0,0,0,0,0,0.0,0.0,0,0,0,0.0,0.0,E1,h3_k0p25,3.0,0.25
baseline_3f,7,cusum_fgo,leader,all,5044,5044.0,0,1,215,36,0.042624900872323554,0.7137192704203013,2,202,36,0.04004758128469469,1.4274385408406025,E1,h3_k0p25,3.0,0.25
baseline_3f,7,cusum_fgo,follower,all,1755,1755.0,0,0,0,0,0.0,0.0,0,0,0,0.0,0.0,E1,h3_k0p25,3.0,0.25
baseline_3f,8,cusum_fgo,leader,all,5044,5044.0,0,5,50,26,0.009912767644726407,3.5685963521015065,5,50,26,0.009912767644726407,3.5685963521015065,E1,h3_k0p25,3.0,0.25
baseline_3f,8,cusum_fgo,follower,all,1755,1755.0,0,0,0,0,0.0,0.0,0,0,0,0.0,0.0,E1,h3_k0p25,3.0,0.25
baseline_3f,9,cusum_fgo,leader,all,5044,5044.0,0,1,72,26,0.014274385408406027,0.7137192704203013,1,72,26,0.014274385408406027,0.7137192704203013,E1,h3_k0p25,3.0,0.25
baseline_3f,9,cusum_fgo,follower,all,1755,1755.0,0,0,0,0,0.0,0.0,0,0,0,0.0,0.0,E1,h3_k0p25,3.0,0.25
baseline_3f,10,cusum_fgo,leader,all,5044,5044.0,0,0,79,79,0.015662172878667724,0.0,0,79,79,0.015662172878667724,0.0,E1,h3_k0p25,3.0,0.25
baseline_3f,10,cusum_fgo,follower,all,1755,1755.0,0,0,0,0,0.0,0.0,0,0,0,0.0,0.0,E1,h3_k0p25,3.0,0.25
baseline_3f,11,cusum_fgo,leader,all,5044,5044.0,0,2,194,24,0.038461538461538464,1.4274385408406025,3,177,24,0.03509119746233148,2.141157811260904,E1,h3_k0p25,3.0,0.25
baseline_3f,11,cusum_fgo,follower,all,1755,1755.0,0,0,0,0,0.0,0.0,0,0,0,0.0,0.0,E1,h3_k0p25,3.0,0.25
baseline_3f,12,cusum_fgo,leader,all,5044,5044.0,0,1,32,29,0.006344171292624901,0.7137192704203013,1,32,29,0.006344171292624901,0.7137192704203013,E1,h3_k0p25,3.0,0.25
baseline_3f,12,cusum_fgo,follower,all,1755,1755.0,0,0,0,0,0.0,0.0,0,0,0,0.0,0.0,E1,h3_k0p25,3.0,0.25
baseline_3f,13,cusum_fgo,leader,all,5044,5044.0,0,0,26,26,0.005154639175257732,0.0,0,26,26,0.005154639175257732,0.0,E1,h3_k0p25,3.0,0.25
baseline_3f,13,cusum_fgo,follower,all,1755,1755.0,0,0,0,0,0.0,0.0,0,0,0,0.0,0.0,E1,h3_k0p25,3.0,0.25
baseline_3f,14,cusum_fgo,leader,all,5044,5044.0,0,1,29,26,0.005749405233941317,0.7137192704203013,1,29,26,0.005749405233941317,0.7137192704203013,E1,h3_k0p25,3.0,0.25
baseline_3f,14,cusum_fgo,follower,all,1755,1755.0,0,0,0,0,0.0,0.0,0,0,0,0.0,0.0,E1,h3_k0p25,3.0,0.25
baseline_3f,15,cusum_fgo,leader,all,5044,5044.0,0,1,29,26,0.005749405233941317,0.7137192704203013,1,29,26,0.005749405233941317,0.7137192704203013,E1,h3_k0p25,3.0,0.25
baseline_3f,15,cusum_fgo,follower,all,1755,1755.0,0,0,0,0,0.0,0.0,0,0,0,0.0,0.0,E1,h3_k0p25,3.0,0.25
baseline_3f,16,cusum_fgo,leader,all,5044,5044.0,0,0,29,29,0.005749405233941317,0.0,0,29,29,0.005749405233941317,0.0,E1,h3_k0p25,3.0,0.25
baseline_3f,16,cusum_fgo,follower,all,1755,1755.0,0,0,0,0,0.0,0.0,0,0,0,0.0,0.0,E1,h3_k0p25,3.0,0.25
baseline_3f,17,cusum_fgo,leader,all,5044,5044.0,0,0,79,79,0.015662172878667724,0.0,0,79,79,0.015662172878667724,0.0,E1,h3_k0p25,3.0,0.25
baseline_3f,17,cusum_fgo,follower,all,1755,1755.0,0,0,0,0,0.0,0.0,0,0,0,0.0,0.0,E1,h3_k0p25,3.0,0.25
baseline_3f,18,cusum_fgo,leader,all,5044,5044.0,0,4,522,29,0.10348929421094369,2.854877081681205,6,495,29,0.09813639968279143,4.282315622521808,E1,h3_k0p25,3.0,0.25
baseline_3f,18,cusum_fgo,follower,all,1755,1755.0,0,0,0,0,0.0,0.0,0,0,0,0.0,0.0,E1,h3_k0p25,3.0,0.25
baseline_3f,19,cusum_fgo,leader,all,5044,5044.0,0,1,355,26,0.0703806502775575,0.7137192704203013,3,329,26,0.06522601110229977,2.141157811260904,E1,h3_k0p25,3.0,0.25
baseline_3f,19,cusum_fgo,follower,all,1755,1755.0,0,0,0,0,0.0,0.0,0,0,0,0.0,0.0,E1,h3_k0p25,3.0,0.25
baseline_3f,20,cusum_fgo,leader,all,5044,5044.0,0,0,26,26,0.005154639175257732,0.0,0,26,26,0.005154639175257732,0.0,E1,h3_k0p25,3.0,0.25
baseline_3f,20,cusum_fgo,follower,all,1755,1755.0,0,0,0,0,0.0,0.0,0,0,0,0.0,0.0,E1,h3_k0p25,3.0,0.25
baseline_3f,21,cusum_fgo,leader,all,5044,5044.0,0,4,365,300,0.07236320380650278,2.854877081681205,4,318,133,0.06304520222045995,2.854877081681205,E1,h3_k0p25,3.0,0.25
baseline_3f,21,cusum_fgo,follower,all,1755,1755.0,0,0,0,0,0.0,0.0,0,0,0,0.0,0.0,E1,h3_k0p25,3.0,0.25
baseline_3f,22,cusum_fgo,leader,all,5044,5044.0,0,0,298,298,0.05908009516256939,0.0,2,271,132,0.05372720063441713,1.4274385408406025,E1,h3_k0p25,3.0,0.25
baseline_3f,22,cusum_fgo,follower,all,1755,1755.0,0,0,0,0,0.0,0.0,0,0,0,0.0,0.0,E1,h3_k0p25,3.0,0.25
baseline_3f,23,cusum_fgo,leader,all,5044,5044.0,0,0,29,29,0.005749405233941317,0.0,0,29,29,0.005749405233941317,0.0,E1,h3_k0p25,3.0,0.25
baseline_3f,23,cusum_fgo,follower,all,1755,1755.0,0,0,0,0,0.0,0.0,0,0,0,0.0,0.0,E1,h3_k0p25,3.0,0.25
baseline_3f,24,cusum_fgo,leader,all,5044,5044.0,0,0,26,26,0.005154639175257732,0.0,0,26,26,0.005154639175257732,0.0,E1,h3_k0p25,3.0,0.25
baseline_3f,24,cusum_fgo,follower,all,1755,1755.0,0,0,0,0,0.0,0.0,0,0,0,0.0,0.0,E1,h3_k0p25,3.0,0.25
baseline_3f,25,cusum_fgo,leader,all,5044,5044.0,0,0,26,26,0.005154639175257732,0.0,0,26,26,0.005154639175257732,0.0,E1,h3_k0p25,3.0,0.25
baseline_3f,25,cusum_fgo,follower,all,1755,1755.0,0,0,0,0,0.0,0.0,0,0,0,0.0,0.0,E1,h3_k0p25,3.0,0.25
baseline_3f,26,cusum_fgo,leader,all,5044,5044.0,0,0,26,26,0.005154639175257732,0.0,0,26,26,0.005154639175257732,0.0,E1,h3_k0p25,3.0,0.25
baseline_3f,26,cusum_fgo,follower,all,1755,1755.0,0,0,0,0,0.0,0.0,0,0,0,0.0,0.0,E1,h3_k0p25,3.0,0.25
baseline_3f,27,cusum_fgo,leader,all,5044,5044.0,0,0,462,462,0.091593973037272,0.0,2,432,226,0.08564631245043616,1.4274385408406025,E1,h3_k0p25,3.0,0.25
baseline_3f,27,cusum_fgo,follower,all,1755,1755.0,0,0,0,0,0.0,0.0,0,0,0,0.0,0.0,E1,h3_k0p25,3.0,0.25
baseline_3f,28,cusum_fgo,leader,all,5044,5044.0,0,1,32,29,0.006344171292624901,0.7137192704203013,1,32,29,0.006344171292624901,0.7137192704203013,E1,h3_k0p25,3.0,0.25
baseline_3f,28,cusum_fgo,follower,all,1755,1755.0,0,0,0,0,0.0,0.0,0,0,0,0.0,0.0,E1,h3_k0p25,3.0,0.25
baseline_3f,29,cusum_fgo,leader,all,5044,5044.0,0,0,26,26,0.005154639175257732,0.0,0,26,26,0.005154639175257732,0.0,E1,h3_k0p25,3.0,0.25
baseline_3f,29,cusum_fgo,follower,all,1755,1755.0,0,0,0,0,0.0,0.0,0,0,0,0.0,0.0,E1,h3_k0p25,3.0,0.25
baseline_3f,30,cusum_fgo,leader,all,5044,5044.0,0,5,98,64,0.01942902458366376,3.5685963521015065,5,98,64,0.01942902458366376,3.5685963521015065,E1,h3_k0p25,3.0,0.25
baseline_3f,30,cusum_fgo,follower,all,1755,1755.0,0,0,0,0,0.0,0.0,0,0,0,0.0,0.0,E1,h3_k0p25,3.0,0.25
baseline_3f,31,cusum_fgo,leader,all,5044,5044.0,0,6,56,29,0.011102299762093577,4.282315622521808,6,56,29,0.011102299762093577,4.282315622521808,E1,h3_k0p25,3.0,0.25
baseline_3f,31,cusum_fgo,follower,all,1755,1755.0,0,0,0,0,0.0,0.0,0,0,0,0.0,0.0,E1,h3_k0p25,3.0,0.25
baseline_3f,32,cusum_fgo,leader,all,5044,5044.0,0,0,177,177,0.03509119746233148,0.0,1,160,114,0.0317208564631245,0.7137192704203013,E1,h3_k0p25,3.0,0.25
baseline_3f,32,cusum_fgo,follower,all,1755,1755.0,0,0,0,0,0.0,0.0,0,0,0,0.0,0.0,E1,h3_k0p25,3.0,0.25
baseline_3f,33,cusum_fgo,leader,all,5044,5044.0,0,1,390,387,0.07731958762886598,0.7137192704203013,3,358,156,0.07097541633624108,2.141157811260904,E1,h3_k0p25,3.0,0.25
baseline_3f,33,cusum_fgo,follower,all,1755,1755.0,0,0,0,0,0.0,0.0,0,0,0,0.0,0.0,E1,h3_k0p25,3.0,0.25
baseline_3f,34,cusum_fgo,leader,all,5044,5044.0,0,1,368,362,0.07295796986518636,0.7137192704203013,3,334,127,0.0662172878667724,2.141157811260904,E1,h3_k0p25,3.0,0.25
baseline_3f,34,cusum_fgo,follower,all,1755,1755.0,0,0,0,0,0.0,0.0,0,0,0,0.0,0.0,E1,h3_k0p25,3.0,0.25
baseline_3f,35,cusum_fgo,leader,all,5044,5044.0,0,0,26,26,0.005154639175257732,0.0,0,26,26,0.005154639175257732,0.0,E1,h3_k0p25,3.0,0.25
baseline_3f,35,cusum_fgo,follower,all,1755,1755.0,0,0,0,0,0.0,0.0,0,0,0,0.0,0.0,E1,h3_k0p25,3.0,0.25
baseline_3f,36,cusum_fgo,leader,all,5044,5044.0,0,1,29,26,0.005749405233941317,0.7137192704203013,1,29,26,0.005749405233941317,0.7137192704203013,E1,h3_k0p25,3.0,0.25
baseline_3f,36,cusum_fgo,follower,all,1755,1755.0,0,0,0,0,0.0,0.0,0,0,0,0.0,0.0,E1,h3_k0p25,3.0,0.25
baseline_3f,37,cusum_fgo,leader,all,5044,5044.0,0,2,333,325,0.06601903251387788,1.4274385408406025,4,298,91,0.05908009516256939,2.854877081681205,E1,h3_k0p25,3.0,0.25
baseline_3f,37,cusum_fgo,follower,all,1755,1755.0,0,0,0,0,0.0,0.0,0,0,0,0.0,0.0,E1,h3_k0p25,3.0,0.25
baseline_3f,38,cusum_fgo,leader,all,5044,5044.0,0,4,635,102,0.12589214908802537,2.854877081681205,9,508,29,0.1007137192704203,6.4234734337827115,E1,h3_k0p25,3.0,0.25
baseline_3f,38,cusum_fgo,follower,all,1755,1755.0,0,0,0,0,0.0,0.0,0,0,0,0.0,0.0,E1,h3_k0p25,3.0,0.25
baseline_3f,39,cusum_fgo,leader,all,5044,5044.0,0,0,26,26,0.005154639175257732,0.0,0,26,26,0.005154639175257732,0.0,E1,h3_k0p25,3.0,0.25
baseline_3f,39,cusum_fgo,follower,all,1755,1755.0,0,0,0,0,0.0,0.0,0,0,0,0.0,0.0,E1,h3_k0p25,3.0,0.25
baseline_3f,40,cusum_fgo,leader,all,5044,5044.0,0,1,513,362,0.10170499603489294,0.7137192704203013,3,430,131,0.08524980174464711,2.141157811260904,E1,h3_k0p25,3.0,0.25
baseline_3f,40,cusum_fgo,follower,all,1755,1755.0,0,0,0,0,0.0,0.0,0,0,0,0.0,0.0,E1,h3_k0p25,3.0,0.25
baseline_3f,41,cusum_fgo,leader,all,5044,5044.0,0,2,161,138,0.03191911181601903,1.4274385408406025,3,144,114,0.028548770816812053,2.141157811260904,E1,h3_k0p25,3.0,0.25
baseline_3f,41,cusum_fgo,follower,all,1755,1755.0,0,0,0,0,0.0,0.0,0,0,0,0.0,0.0,E1,h3_k0p25,3.0,0.25
baseline_3f,42,cusum_fgo,leader,all,5044,5044.0,0,3,114,78,0.02260111022997621,2.141157811260904,3,112,78,0.022204599524187154,2.141157811260904,E1,h3_k0p25,3.0,0.25
baseline_3f,42,cusum_fgo,follower,all,1755,1755.0,0,0,0,0,0.0,0.0,0,0,0,0.0,0.0,E1,h3_k0p25,3.0,0.25
baseline_3f,43,cusum_fgo,leader,all,5044,5044.0,0,0,26,26,0.005154639175257732,0.0,0,26,26,0.005154639175257732,0.0,E1,h3_k0p25,3.0,0.25
baseline_3f,43,cusum_fgo,follower,all,1755,1755.0,0,0,0,0,0.0,0.0,0,0,0,0.0,0.0,E1,h3_k0p25,3.0,0.25
baseline_3f,44,cusum_fgo,leader,all,5044,5044.0,0,2,90,79,0.017842981760507533,1.4274385408406025,2,90,79,0.017842981760507533,1.4274385408406025,E1,h3_k0p25,3.0,0.25
baseline_3f,44,cusum_fgo,follower,all,1755,1755.0,0,0,0,0,0.0,0.0,0,0,0,0.0,0.0,E1,h3_k0p25,3.0,0.25
baseline_3f,45,cusum_fgo,leader,all,5044,5044.0,0,0,26,26,0.005154639175257732,0.0,0,26,26,0.005154639175257732,0.0,E1,h3_k0p25,3.0,0.25
baseline_3f,45,cusum_fgo,follower,all,1755,1755.0,0,0,0,0,0.0,0.0,0,0,0,0.0,0.0,E1,h3_k0p25,3.0,0.25
baseline_3f,46,cusum_fgo,leader,all,5044,5044.0,0,2,102,32,0.020222045995241873,1.4274385408406025,2,102,32,0.020222045995241873,1.4274385408406025,E1,h3_k0p25,3.0,0.25
baseline_3f,46,cusum_fgo,follower,all,1755,1755.0,0,0,0,0,0.0,0.0,0,0,0,0.0,0.0,E1,h3_k0p25,3.0,0.25
baseline_3f,47,cusum_fgo,leader,all,5044,5044.0,0,1,31,28,0.006145915939730373,0.7137192704203013,1,31,28,0.006145915939730373,0.7137192704203013,E1,h3_k0p25,3.0,0.25
baseline_3f,47,cusum_fgo,follower,all,1755,1755.0,0,0,0,0,0.0,0.0,0,0,0,0.0,0.0,E1,h3_k0p25,3.0,0.25
baseline_3f,48,cusum_fgo,leader,all,5044,5044.0,0,0,26,26,0.005154639175257732,0.0,0,26,26,0.005154639175257732,0.0,E1,h3_k0p25,3.0,0.25
baseline_3f,48,cusum_fgo,follower,all,1755,1755.0,0,0,0,0,0.0,0.0,0,0,0,0.0,0.0,E1,h3_k0p25,3.0,0.25
baseline_3f,49,cusum_fgo,leader,all,5044,5044.0,0,0,28,28,0.0055511498810467885,0.0,0,28,28,0.0055511498810467885,0.0,E1,h3_k0p25,3.0,0.25
baseline_3f,49,cusum_fgo,follower,all,1755,1755.0,0,0,0,0,0.0,0.0,0,0,0,0.0,0.0,E1,h3_k0p25,3.0,0.25
baseline_3f,50,cusum_fgo,leader,all,5044,5044.0,0,0,29,29,0.005749405233941317,0.0,0,29,29,0.005749405233941317,0.0,E1,h3_k0p25,3.0,0.25
baseline_3f,50,cusum_fgo,follower,all,1755,1755.0,0,0,0,0,0.0,0.0,0,0,0,0.0,0.0,E1,h3_k0p25,3.0,0.25
healthy_maneuver,1,cusum_fgo,leader,all,5265,5265.0,0,4,426,0,0.08091168091168091,2.735042735042735,2,341,0,0.0647673314339981,1.3675213675213675,E1,h3_k0p25,3.0,0.25
healthy_maneuver,1,cusum_fgo,leader,pre,2196,2196.0,0,0,0,0,0.0,0.0,0,0,0,0.0,0.0,E1,h3_k0p25,3.0,0.25
healthy_maneuver,1,cusum_fgo,leader,maneuver,1809,1809.0,0,4,286,0,0.15809839690436706,7.9601990049751254,2,201,0,0.1111111111111111,3.9800995024875627,E1,h3_k0p25,3.0,0.25
healthy_maneuver,1,cusum_fgo,leader,post,1260,1260.0,0,0,140,0,0.1111111111111111,0.0,0,140,0,0.1111111111111111,0.0,E1,h3_k0p25,3.0,0.25
healthy_maneuver,1,cusum_fgo,follower,all,1755,1755.0,0,7,343,0,0.19544159544159545,14.35897435897436,0,0,0,0.0,0.0,E1,h3_k0p25,3.0,0.25
healthy_maneuver,1,cusum_fgo,follower,pre,732,732.0,0,0,0,0,0.0,0.0,0,0,0,0.0,0.0,E1,h3_k0p25,3.0,0.25
healthy_maneuver,1,cusum_fgo,follower,maneuver,603,603.0,0,3,266,0,0.44112769485903813,17.91044776119403,0,0,0,0.0,0.0,E1,h3_k0p25,3.0,0.25
healthy_maneuver,1,cusum_fgo,follower,post,420,420.0,0,4,77,0,0.18333333333333332,34.285714285714285,0,0,0,0.0,0.0,E1,h3_k0p25,3.0,0.25
healthy_maneuver,2,cusum_fgo,leader,all,5265,5265.0,0,4,368,0,0.06989553656220322,2.735042735042735,2,288,0,0.0547008547008547,1.3675213675213675,E1,h3_k0p25,3.0,0.25
healthy_maneuver,2,cusum_fgo,leader,pre,2196,2196.0,0,0,0,0,0.0,0.0,0,0,0,0.0,0.0,E1,h3_k0p25,3.0,0.25
healthy_maneuver,2,cusum_fgo,leader,maneuver,1809,1809.0,0,4,228,0,0.12603648424543948,7.9601990049751254,2,148,0,0.08181315644002211,3.9800995024875627,E1,h3_k0p25,3.0,0.25
healthy_maneuver,2,cusum_fgo,leader,post,1260,1260.0,0,0,140,0,0.1111111111111111,0.0,0,140,0,0.1111111111111111,0.0,E1,h3_k0p25,3.0,0.25
healthy_maneuver,2,cusum_fgo,follower,all,1755,1755.0,0,7,269,0,0.15327635327635328,14.35897435897436,0,0,0,0.0,0.0,E1,h3_k0p25,3.0,0.25
healthy_maneuver,2,cusum_fgo,follower,pre,732,732.0,0,0,0,0,0.0,0.0,0,0,0,0.0,0.0,E1,h3_k0p25,3.0,0.25
healthy_maneuver,2,cusum_fgo,follower,maneuver,603,603.0,0,6,264,0,0.43781094527363185,35.82089552238806,0,0,0,0.0,0.0,E1,h3_k0p25,3.0,0.25
healthy_maneuver,2,cusum_fgo,follower,post,420,420.0,0,1,5,0,0.011904761904761904,8.571428571428571,0,0,0,0.0,0.0,E1,h3_k0p25,3.0,0.25
healthy_maneuver,3,cusum_fgo,leader,all,5265,5265.0,0,5,290,0,0.055080721747388414,3.418803418803419,7,181,0,0.03437796771130104,4.786324786324786,E1,h3_k0p25,3.0,0.25
healthy_maneuver,3,cusum_fgo,leader,pre,2196,2196.0,0,0,0,0,0.0,0.0,0,0,0,0.0,0.0,E1,h3_k0p25,3.0,0.25
healthy_maneuver,3,cusum_fgo,leader,maneuver,1809,1809.0,0,5,287,0,0.15865118850193477,9.950248756218906,7,178,0,0.09839690436705362,13.93034825870647,E1,h3_k0p25,3.0,0.25
healthy_maneuver,3,cusum_fgo,leader,post,1260,1260.0,0,0,3,0,0.002380952380952381,0.0,0,3,0,0.002380952380952381,0.0,E1,h3_k0p25,3.0,0.25
healthy_maneuver,3,cusum_fgo,follower,all,1755,1755.0,0,2,566,0,0.3225071225071225,4.102564102564103,0,0,0,0.0,0.0,E1,h3_k0p25,3.0,0.25
healthy_maneuver,3,cusum_fgo,follower,pre,732,732.0,0,0,0,0,0.0,0.0,0,0,0,0.0,0.0,E1,h3_k0p25,3.0,0.25
healthy_maneuver,3,cusum_fgo,follower,maneuver,603,603.0,0,2,286,0,0.47429519071310117,11.940298507462686,0,0,0,0.0,0.0,E1,h3_k0p25,3.0,0.25
healthy_maneuver,3,cusum_fgo,follower,post,420,420.0,0,0,280,0,0.6666666666666666,0.0,0,0,0,0.0,0.0,E1,h3_k0p25,3.0,0.25
healthy_maneuver,4,cusum_fgo,leader,all,5265,5265.0,0,5,246,0,0.046723646723646726,3.418803418803419,4,168,0,0.03190883190883191,2.735042735042735,E1,h3_k0p25,3.0,0.25
healthy_maneuver,4,cusum_fgo,leader,pre,2196,2196.0,0,0,0,0,0.0,0.0,0,0,0,0.0,0.0,E1,h3_k0p25,3.0,0.25
healthy_maneuver,4,cusum_fgo,leader,maneuver,1809,1809.0,0,5,246,0,0.13598673300165837,9.950248756218906,4,168,0,0.09286898839137644,7.9601990049751254,E1,h3_k0p25,3.0,0.25
healthy_maneuver,4,cusum_fgo,leader,post,1260,1260.0,0,0,0,0,0.0,0.0,0,0,0,0.0,0.0,E1,h3_k0p25,3.0,0.25
healthy_maneuver,4,cusum_fgo,follower,all,1755,1755.0,0,2,329,0,0.18746438746438746,4.102564102564103,0,0,0,0.0,0.0,E1,h3_k0p25,3.0,0.25
healthy_maneuver,4,cusum_fgo,follower,pre,732,732.0,0,0,0,0,0.0,0.0,0,0,0,0.0,0.0,E1,h3_k0p25,3.0,0.25
healthy_maneuver,4,cusum_fgo,follower,maneuver,603,603.0,0,2,282,0,0.46766169154228854,11.940298507462686,0,0,0,0.0,0.0,E1,h3_k0p25,3.0,0.25
healthy_maneuver,4,cusum_fgo,follower,post,420,420.0,0,0,47,0,0.11190476190476191,0.0,0,0,0,0.0,0.0,E1,h3_k0p25,3.0,0.25
healthy_maneuver,5,cusum_fgo,leader,all,5265,5265.0,0,2,132,0,0.02507122507122507,1.3675213675213675,2,132,0,0.02507122507122507,1.3675213675213675,E1,h3_k0p25,3.0,0.25
healthy_maneuver,5,cusum_fgo,leader,pre,2196,2196.0,0,0,0,0,0.0,0.0,0,0,0,0.0,0.0,E1,h3_k0p25,3.0,0.25
healthy_maneuver,5,cusum_fgo,leader,maneuver,1809,1809.0,0,2,132,0,0.07296849087893864,3.9800995024875627,2,132,0,0.07296849087893864,3.9800995024875627,E1,h3_k0p25,3.0,0.25
healthy_maneuver,5,cusum_fgo,leader,post,1260,1260.0,0,0,0,0,0.0,0.0,0,0,0,0.0,0.0,E1,h3_k0p25,3.0,0.25
healthy_maneuver,5,cusum_fgo,follower,all,1755,1755.0,0,2,410,0,0.2336182336182336,4.102564102564103,0,0,0,0.0,0.0,E1,h3_k0p25,3.0,0.25
healthy_maneuver,5,cusum_fgo,follower,pre,732,732.0,0,0,0,0,0.0,0.0,0,0,0,0.0,0.0,E1,h3_k0p25,3.0,0.25
healthy_maneuver,5,cusum_fgo,follower,maneuver,603,603.0,0,2,270,0,0.44776119402985076,11.940298507462686,0,0,0,0.0,0.0,E1,h3_k0p25,3.0,0.25
healthy_maneuver,5,cusum_fgo,follower,post,420,420.0,0,0,140,0,0.3333333333333333,0.0,0,0,0,0.0,0.0,E1,h3_k0p25,3.0,0.25
healthy_maneuver,6,cusum_fgo,leader,all,5265,5265.0,0,5,254,0,0.04824311490978157,3.418803418803419,2,180,0,0.03418803418803419,1.3675213675213675,E1,h3_k0p25,3.0,0.25
healthy_maneuver,6,cusum_fgo,leader,pre,2196,2196.0,0,0,0,0,0.0,0.0,0,0,0,0.0,0.0,E1,h3_k0p25,3.0,0.25
healthy_maneuver,6,cusum_fgo,leader,maneuver,1809,1809.0,0,5,254,0,0.1404090657822001,9.950248756218906,2,180,0,0.09950248756218906,3.9800995024875627,E1,h3_k0p25,3.0,0.25
healthy_maneuver,6,cusum_fgo,leader,post,1260,1260.0,0,0,0,0,0.0,0.0,0,0,0,0.0,0.0,E1,h3_k0p25,3.0,0.25
healthy_maneuver,6,cusum_fgo,follower,all,1755,1755.0,0,3,419,0,0.23874643874643875,6.153846153846154,0,0,0,0.0,0.0,E1,h3_k0p25,3.0,0.25
healthy_maneuver,6,cusum_fgo,follower,pre,732,732.0,0,0,0,0,0.0,0.0,0,0,0,0.0,0.0,E1,h3_k0p25,3.0,0.25
healthy_maneuver,6,cusum_fgo,follower,maneuver,603,603.0,0,2,276,0,0.4577114427860697,11.940298507462686,0,0,0,0.0,0.0,E1,h3_k0p25,3.0,0.25
healthy_maneuver,6,cusum_fgo,follower,post,420,420.0,0,1,143,0,0.3404761904761905,8.571428571428571,0,0,0,0.0,0.0,E1,h3_k0p25,3.0,0.25
healthy_maneuver,7,cusum_fgo,leader,all,5265,5265.0,0,3,263,0,0.04995251661918328,2.0512820512820515,4,161,0,0.030579297245963914,2.735042735042735,E1,h3_k0p25,3.0,0.25
healthy_maneuver,7,cusum_fgo,leader,pre,2196,2196.0,0,0,0,0,0.0,0.0,0,0,0,0.0,0.0,E1,h3_k0p25,3.0,0.25
healthy_maneuver,7,cusum_fgo,leader,maneuver,1809,1809.0,0,3,263,0,0.14538419016030957,5.970149253731344,4,161,0,0.08899944720840243,7.9601990049751254,E1,h3_k0p25,3.0,0.25
healthy_maneuver,7,cusum_fgo,leader,post,1260,1260.0,0,0,0,0,0.0,0.0,0,0,0,0.0,0.0,E1,h3_k0p25,3.0,0.25
healthy_maneuver,7,cusum_fgo,follower,all,1755,1755.0,0,2,249,0,0.14188034188034188,4.102564102564103,0,0,0,0.0,0.0,E1,h3_k0p25,3.0,0.25
healthy_maneuver,7,cusum_fgo,follower,pre,732,732.0,0,0,0,0,0.0,0.0,0,0,0,0.0,0.0,E1,h3_k0p25,3.0,0.25
healthy_maneuver,7,cusum_fgo,follower,maneuver,603,603.0,0,2,249,0,0.4129353233830846,11.940298507462686,0,0,0,0.0,0.0,E1,h3_k0p25,3.0,0.25
healthy_maneuver,7,cusum_fgo,follower,post,420,420.0,0,0,0,0,0.0,0.0,0,0,0,0.0,0.0,E1,h3_k0p25,3.0,0.25
healthy_maneuver,8,cusum_fgo,leader,all,5265,5265.0,0,3,353,0,0.06704653371320038,2.0512820512820515,3,353,0,0.06704653371320038,2.0512820512820515,E1,h3_k0p25,3.0,0.25
healthy_maneuver,8,cusum_fgo,leader,pre,2196,2196.0,0,0,0,0,0.0,0.0,0,0,0,0.0,0.0,E1,h3_k0p25,3.0,0.25
healthy_maneuver,8,cusum_fgo,leader,maneuver,1809,1809.0,0,3,213,0,0.11774461028192372,5.970149253731344,3,213,0,0.11774461028192372,5.970149253731344,E1,h3_k0p25,3.0,0.25
healthy_maneuver,8,cusum_fgo,leader,post,1260,1260.0,0,0,140,0,0.1111111111111111,0.0,0,140,0,0.1111111111111111,0.0,E1,h3_k0p25,3.0,0.25
healthy_maneuver,8,cusum_fgo,follower,all,1755,1755.0,0,5,469,0,0.2672364672364672,10.256410256410257,0,0,0,0.0,0.0,E1,h3_k0p25,3.0,0.25
healthy_maneuver,8,cusum_fgo,follower,pre,732,732.0,0,0,0,0,0.0,0.0,0,0,0,0.0,0.0,E1,h3_k0p25,3.0,0.25
healthy_maneuver,8,cusum_fgo,follower,maneuver,603,603.0,0,3,264,0,0.43781094527363185,17.91044776119403,0,0,0,0.0,0.0,E1,h3_k0p25,3.0,0.25
healthy_maneuver,8,cusum_fgo,follower,post,420,420.0,0,2,205,0,0.4880952380952381,17.142857142857142,0,0,0,0.0,0.0,E1,h3_k0p25,3.0,0.25
healthy_maneuver,9,cusum_fgo,leader,all,5265,5265.0,0,2,179,0,0.033998100664767335,1.3675213675213675,2,179,0,0.033998100664767335,1.3675213675213675,E1,h3_k0p25,3.0,0.25
healthy_maneuver,9,cusum_fgo,leader,pre,2196,2196.0,0,0,0,0,0.0,0.0,0,0,0,0.0,0.0,E1,h3_k0p25,3.0,0.25
healthy_maneuver,9,cusum_fgo,leader,maneuver,1809,1809.0,0,2,179,0,0.09894969596462133,3.9800995024875627,2,179,0,0.09894969596462133,3.9800995024875627,E1,h3_k0p25,3.0,0.25
healthy_maneuver,9,cusum_fgo,leader,post,1260,1260.0,0,0,0,0,0.0,0.0,0,0,0,0.0,0.0,E1,h3_k0p25,3.0,0.25
healthy_maneuver,9,cusum_fgo,follower,all,1755,1755.0,0,2,239,0,0.1361823361823362,4.102564102564103,0,0,0,0.0,0.0,E1,h3_k0p25,3.0,0.25
healthy_maneuver,9,cusum_fgo,follower,pre,732,732.0,0,0,0,0,0.0,0.0,0,0,0,0.0,0.0,E1,h3_k0p25,3.0,0.25
healthy_maneuver,9,cusum_fgo,follower,maneuver,603,603.0,0,2,239,0,0.3963515754560531,11.940298507462686,0,0,0,0.0,0.0,E1,h3_k0p25,3.0,0.25
healthy_maneuver,9,cusum_fgo,follower,post,420,420.0,0,0,0,0,0.0,0.0,0,0,0,0.0,0.0,E1,h3_k0p25,3.0,0.25
healthy_maneuver,10,cusum_fgo,leader,all,5265,5265.0,0,4,157,0,0.029819563152896487,2.735042735042735,3,151,0,0.028679962013295347,2.0512820512820515,E1,h3_k0p25,3.0,0.25
healthy_maneuver,10,cusum_fgo,leader,pre,2196,2196.0,0,0,0,0,0.0,0.0,0,0,0,0.0,0.0,E1,h3_k0p25,3.0,0.25
healthy_maneuver,10,cusum_fgo,leader,maneuver,1809,1809.0,0,4,150,0,0.08291873963515754,7.9601990049751254,3,144,0,0.07960199004975124,5.970149253731344,E1,h3_k0p25,3.0,0.25
healthy_maneuver,10,cusum_fgo,leader,post,1260,1260.0,0,0,7,0,0.005555555555555556,0.0,0,7,0,0.005555555555555556,0.0,E1,h3_k0p25,3.0,0.25
healthy_maneuver,10,cusum_fgo,follower,all,1755,1755.0,0,2,566,0,0.3225071225071225,4.102564102564103,0,0,0,0.0,0.0,E1,h3_k0p25,3.0,0.25
healthy_maneuver,10,cusum_fgo,follower,pre,732,732.0,0,0,0,0,0.0,0.0,0,0,0,0.0,0.0,E1,h3_k0p25,3.0,0.25
healthy_maneuver,10,cusum_fgo,follower,maneuver,603,603.0,0,2,286,0,0.47429519071310117,11.940298507462686,0,0,0,0.0,0.0,E1,h3_k0p25,3.0,0.25
healthy_maneuver,10,cusum_fgo,follower,post,420,420.0,0,0,280,0,0.6666666666666666,0.0,0,0,0,0.0,0.0,E1,h3_k0p25,3.0,0.25
healthy_maneuver,11,cusum_fgo,leader,all,5265,5265.0,0,5,568,0,0.10788224121557455,3.418803418803419,7,350,0,0.06647673314339982,4.786324786324786,E1,h3_k0p25,3.0,0.25
healthy_maneuver,11,cusum_fgo,leader,pre,2196,2196.0,0,0,0,0,0.0,0.0,0,0,0,0.0,0.0,E1,h3_k0p25,3.0,0.25
healthy_maneuver,11,cusum_fgo,leader,maneuver,1809,1809.0,0,5,328,0,0.18131564400221117,9.950248756218906,6,210,0,0.11608623548922056,11.940298507462687,E1,h3_k0p25,3.0,0.25
healthy_maneuver,11,cusum_fgo,leader,post,1260,1260.0,0,0,240,0,0.19047619047619047,0.0,1,140,0,0.1111111111111111,2.857142857142857,E1,h3_k0p25,3.0,0.25
healthy_maneuver,11,cusum_fgo,follower,all,1755,1755.0,0,2,390,0,0.2222222222222222,4.102564102564103,0,0,0,0.0,0.0,E1,h3_k0p25,3.0,0.25
healthy_maneuver,11,cusum_fgo,follower,pre,732,732.0,0,0,0,0,0.0,0.0,0,0,0,0.0,0.0,E1,h3_k0p25,3.0,0.25
healthy_maneuver,11,cusum_fgo,follower,maneuver,603,603.0,0,2,250,0,0.41459369817578773,11.940298507462686,0,0,0,0.0,0.0,E1,h3_k0p25,3.0,0.25
healthy_maneuver,11,cusum_fgo,follower,post,420,420.0,0,0,140,0,0.3333333333333333,0.0,0,0,0,0.0,0.0,E1,h3_k0p25,3.0,0.25
healthy_maneuver,12,cusum_fgo,leader,all,5265,5265.0,0,5,295,0,0.0560303893637227,3.418803418803419,5,192,0,0.036467236467236465,3.418803418803419,E1,h3_k0p25,3.0,0.25
healthy_maneuver,12,cusum_fgo,leader,pre,2196,2196.0,0,0,0,0,0.0,0.0,0,0,0,0.0,0.0,E1,h3_k0p25,3.0,0.25
healthy_maneuver,12,cusum_fgo,leader,maneuver,1809,1809.0,0,4,292,0,0.16141514648977334,7.9601990049751254,4,189,0,0.1044776119402985,7.9601990049751254,E1,h3_k0p25,3.0,0.25
healthy_maneuver,12,cusum_fgo,leader,post,1260,1260.0,0,1,3,0,0.002380952380952381,2.857142857142857,1,3,0,0.002380952380952381,2.857142857142857,E1,h3_k0p25,3.0,0.25
healthy_maneuver,12,cusum_fgo,follower,all,1755,1755.0,0,3,218,0,0.12421652421652421,6.153846153846154,0,0,0,0.0,0.0,E1,h3_k0p25,3.0,0.25
healthy_maneuver,12,cusum_fgo,follower,pre,732,732.0,0,0,0,0,0.0,0.0,0,0,0,0.0,0.0,E1,h3_k0p25,3.0,0.25
healthy_maneuver,12,cusum_fgo,follower,maneuver,603,603.0,0,3,218,0,0.3615257048092869,17.91044776119403,0,0,0,0.0,0.0,E1,h3_k0p25,3.0,0.25
healthy_maneuver,12,cusum_fgo,follower,post,420,420.0,0,0,0,0,0.0,0.0,0,0,0,0.0,0.0,E1,h3_k0p25,3.0,0.25
healthy_maneuver,13,cusum_fgo,leader,all,5265,5265.0,0,6,508,0,0.09648622981956315,4.102564102564103,6,402,0,0.07635327635327635,4.102564102564103,E1,h3_k0p25,3.0,0.25
healthy_maneuver,13,cusum_fgo,leader,pre,2196,2196.0,0,0,0,0,0.0,0.0,0,0,0,0.0,0.0,E1,h3_k0p25,3.0,0.25
healthy_maneuver,13,cusum_fgo,leader,maneuver,1809,1809.0,0,5,350,0,0.19347705914870095,9.950248756218906,5,244,0,0.13488114980652294,9.950248756218906,E1,h3_k0p25,3.0,0.25
healthy_maneuver,13,cusum_fgo,leader,post,1260,1260.0,0,1,158,0,0.1253968253968254,2.857142857142857,1,158,0,0.1253968253968254,2.857142857142857,E1,h3_k0p25,3.0,0.25
healthy_maneuver,13,cusum_fgo,follower,all,1755,1755.0,0,5,427,0,0.2433048433048433,10.256410256410257,0,0,0,0.0,0.0,E1,h3_k0p25,3.0,0.25
healthy_maneuver,13,cusum_fgo,follower,pre,732,732.0,0,0,0,0,0.0,0.0,0,0,0,0.0,0.0,E1,h3_k0p25,3.0,0.25
healthy_maneuver,13,cusum_fgo,follower,maneuver,603,603.0,0,2,283,0,0.4693200663349917,11.940298507462686,0,0,0,0.0,0.0,E1,h3_k0p25,3.0,0.25
healthy_maneuver,13,cusum_fgo,follower,post,420,420.0,0,3,144,0,0.34285714285714286,25.714285714285715,0,0,0,0.0,0.0,E1,h3_k0p25,3.0,0.25
healthy_maneuver,14,cusum_fgo,leader,all,5265,5265.0,0,6,191,0,0.03627730294396961,4.102564102564103,6,112,0,0.02127255460588794,4.102564102564103,E1,h3_k0p25,3.0,0.25
healthy_maneuver,14,cusum_fgo,leader,pre,2196,2196.0,0,0,0,0,0.0,0.0,0,0,0,0.0,0.0,E1,h3_k0p25,3.0,0.25
healthy_maneuver,14,cusum_fgo,leader,maneuver,1809,1809.0,0,6,191,0,0.10558319513543395,11.940298507462687,6,112,0,0.0619126589275843,11.940298507462687,E1,h3_k0p25,3.0,0.25
healthy_maneuver,14,cusum_fgo,leader,post,1260,1260.0,0,0,0,0,0.0,0.0,0,0,0,0.0,0.0,E1,h3_k0p25,3.0,0.25
healthy_maneuver,14,cusum_fgo,follower,all,1755,1755.0,0,2,395,0,0.22507122507122507,4.102564102564103,0,0,0,0.0,0.0,E1,h3_k0p25,3.0,0.25
healthy_maneuver,14,cusum_fgo,follower,pre,732,732.0,0,0,0,0,0.0,0.0,0,0,0,0.0,0.0,E1,h3_k0p25,3.0,0.25
healthy_maneuver,14,cusum_fgo,follower,maneuver,603,603.0,0,2,255,0,0.4228855721393035,11.940298507462686,0,0,0,0.0,0.0,E1,h3_k0p25,3.0,0.25
healthy_maneuver,14,cusum_fgo,follower,post,420,420.0,0,0,140,0,0.3333333333333333,0.0,0,0,0,0.0,0.0,E1,h3_k0p25,3.0,0.25
healthy_maneuver,15,cusum_fgo,leader,all,5265,5265.0,0,4,168,0,0.03190883190883191,2.735042735042735,4,168,0,0.03190883190883191,2.735042735042735,E1,h3_k0p25,3.0,0.25
healthy_maneuver,15,cusum_fgo,leader,pre,2196,2196.0,0,0,0,0,0.0,0.0,0,0,0,0.0,0.0,E1,h3_k0p25,3.0,0.25
healthy_maneuver,15,cusum_fgo,leader,maneuver,1809,1809.0,0,4,168,0,0.09286898839137644,7.9601990049751254,4,168,0,0.09286898839137644,7.9601990049751254,E1,h3_k0p25,3.0,0.25
healthy_maneuver,15,cusum_fgo,leader,post,1260,1260.0,0,0,0,0,0.0,0.0,0,0,0,0.0,0.0,E1,h3_k0p25,3.0,0.25
healthy_maneuver,15,cusum_fgo,follower,all,1755,1755.0,0,3,553,0,0.31509971509971507,6.153846153846154,0,0,0,0.0,0.0,E1,h3_k0p25,3.0,0.25
healthy_maneuver,15,cusum_fgo,follower,pre,732,732.0,0,0,0,0,0.0,0.0,0,0,0,0.0,0.0,E1,h3_k0p25,3.0,0.25
healthy_maneuver,15,cusum_fgo,follower,maneuver,603,603.0,0,3,273,0,0.4527363184079602,17.91044776119403,0,0,0,0.0,0.0,E1,h3_k0p25,3.0,0.25
healthy_maneuver,15,cusum_fgo,follower,post,420,420.0,0,0,280,0,0.6666666666666666,0.0,0,0,0,0.0,0.0,E1,h3_k0p25,3.0,0.25
healthy_maneuver,16,cusum_fgo,leader,all,5265,5265.0,0,6,372,0,0.07065527065527065,4.102564102564103,3,356,0,0.06761633428300096,2.0512820512820515,E1,h3_k0p25,3.0,0.25
healthy_maneuver,16,cusum_fgo,leader,pre,2196,2196.0,0,0,0,0,0.0,0.0,0,0,0,0.0,0.0,E1,h3_k0p25,3.0,0.25
healthy_maneuver,16,cusum_fgo,leader,maneuver,1809,1809.0,0,6,232,0,0.12824765063571034,11.940298507462687,3,216,0,0.11940298507462686,5.970149253731344,E1,h3_k0p25,3.0,0.25
healthy_maneuver,16,cusum_fgo,leader,post,1260,1260.0,0,0,140,0,0.1111111111111111,0.0,0,140,0,0.1111111111111111,0.0,E1,h3_k0p25,3.0,0.25
healthy_maneuver,16,cusum_fgo,follower,all,1755,1755.0,0,5,549,0,0.3128205128205128,10.256410256410257,0,0,0,0.0,0.0,E1,h3_k0p25,3.0,0.25
healthy_maneuver,16,cusum_fgo,follower,pre,732,732.0,0,0,0,0,0.0,0.0,0,0,0,0.0,0.0,E1,h3_k0p25,3.0,0.25
healthy_maneuver,16,cusum_fgo,follower,maneuver,603,603.0,0,2,285,0,0.472636815920398,11.940298507462686,0,0,0,0.0,0.0,E1,h3_k0p25,3.0,0.25
healthy_maneuver,16,cusum_fgo,follower,post,420,420.0,0,3,264,0,0.6285714285714286,25.714285714285715,0,0,0,0.0,0.0,E1,h3_k0p25,3.0,0.25
healthy_maneuver,17,cusum_fgo,leader,all,5265,5265.0,0,4,232,0,0.04406457739791073,2.735042735042735,7,135,0,0.02564102564102564,4.786324786324786,E1,h3_k0p25,3.0,0.25
healthy_maneuver,17,cusum_fgo,leader,pre,2196,2196.0,0,0,0,0,0.0,0.0,0,0,0,0.0,0.0,E1,h3_k0p25,3.0,0.25
healthy_maneuver,17,cusum_fgo,leader,maneuver,1809,1809.0,0,4,232,0,0.12824765063571034,7.9601990049751254,7,135,0,0.07462686567164178,13.93034825870647,E1,h3_k0p25,3.0,0.25
healthy_maneuver,17,cusum_fgo,leader,post,1260,1260.0,0,0,0,0,0.0,0.0,0,0,0,0.0,0.0,E1,h3_k0p25,3.0,0.25
healthy_maneuver,17,cusum_fgo,follower,all,1755,1755.0,0,7,288,0,0.1641025641025641,14.35897435897436,0,0,0,0.0,0.0,E1,h3_k0p25,3.0,0.25
healthy_maneuver,17,cusum_fgo,follower,pre,732,732.0,0,0,0,0,0.0,0.0,0,0,0,0.0,0.0,E1,h3_k0p25,3.0,0.25
healthy_maneuver,17,cusum_fgo,follower,maneuver,603,603.0,0,4,253,0,0.41956882255389716,23.88059701492537,0,0,0,0.0,0.0,E1,h3_k0p25,3.0,0.25
healthy_maneuver,17,cusum_fgo,follower,post,420,420.0,0,3,35,0,0.08333333333333333,25.714285714285715,0,0,0,0.0,0.0,E1,h3_k0p25,3.0,0.25
healthy_maneuver,18,cusum_fgo,leader,all,5265,5265.0,0,6,336,0,0.06381766381766382,4.102564102564103,5,330,0,0.06267806267806268,3.418803418803419,E1,h3_k0p25,3.0,0.25
healthy_maneuver,18,cusum_fgo,leader,pre,2196,2196.0,0,0,0,0,0.0,0.0,0,0,0,0.0,0.0,E1,h3_k0p25,3.0,0.25
healthy_maneuver,18,cusum_fgo,leader,maneuver,1809,1809.0,0,5,202,0,0.11166390270867883,9.950248756218906,4,196,0,0.10834715312327253,7.9601990049751254,E1,h3_k0p25,3.0,0.25
healthy_maneuver,18,cusum_fgo,leader,post,1260,1260.0,0,1,134,0,0.10634920634920635,2.857142857142857,1,134,0,0.10634920634920635,2.857142857142857,E1,h3_k0p25,3.0,0.25
healthy_maneuver,18,cusum_fgo,follower,all,1755,1755.0,0,2,303,0,0.17264957264957265,4.102564102564103,0,0,0,0.0,0.0,E1,h3_k0p25,3.0,0.25
healthy_maneuver,18,cusum_fgo,follower,pre,732,732.0,0,0,0,0,0.0,0.0,0,0,0,0.0,0.0,E1,h3_k0p25,3.0,0.25
healthy_maneuver,18,cusum_fgo,follower,maneuver,603,603.0,0,2,264,0,0.43781094527363185,11.940298507462686,0,0,0,0.0,0.0,E1,h3_k0p25,3.0,0.25
healthy_maneuver,18,cusum_fgo,follower,post,420,420.0,0,0,39,0,0.09285714285714286,0.0,0,0,0,0.0,0.0,E1,h3_k0p25,3.0,0.25
healthy_maneuver,19,cusum_fgo,leader,all,5265,5265.0,0,3,166,0,0.0315289648622982,2.0512820512820515,2,163,0,0.030959164292497624,1.3675213675213675,E1,h3_k0p25,3.0,0.25
healthy_maneuver,19,cusum_fgo,leader,pre,2196,2196.0,0,0,0,0,0.0,0.0,0,0,0,0.0,0.0,E1,h3_k0p25,3.0,0.25
healthy_maneuver,19,cusum_fgo,leader,maneuver,1809,1809.0,0,3,166,0,0.09176340519624102,5.970149253731344,2,163,0,0.09010503040353787,3.9800995024875627,E1,h3_k0p25,3.0,0.25
healthy_maneuver,19,cusum_fgo,leader,post,1260,1260.0,0,0,0,0,0.0,0.0,0,0,0,0.0,0.0,E1,h3_k0p25,3.0,0.25
healthy_maneuver,19,cusum_fgo,follower,all,1755,1755.0,0,4,352,0,0.20056980056980056,8.205128205128206,0,0,0,0.0,0.0,E1,h3_k0p25,3.0,0.25
healthy_maneuver,19,cusum_fgo,follower,pre,732,732.0,0,0,0,0,0.0,0.0,0,0,0,0.0,0.0,E1,h3_k0p25,3.0,0.25
healthy_maneuver,19,cusum_fgo,follower,maneuver,603,603.0,0,4,212,0,0.351575456053068,23.88059701492537,0,0,0,0.0,0.0,E1,h3_k0p25,3.0,0.25
healthy_maneuver,19,cusum_fgo,follower,post,420,420.0,0,0,140,0,0.3333333333333333,0.0,0,0,0,0.0,0.0,E1,h3_k0p25,3.0,0.25
healthy_maneuver,20,cusum_fgo,leader,all,5265,5265.0,0,8,514,0,0.09762583095916429,5.47008547008547,3,291,0,0.05527065527065527,2.0512820512820515,E1,h3_k0p25,3.0,0.25
healthy_maneuver,20,cusum_fgo,leader,pre,2196,2196.0,0,0,0,0,0.0,0.0,0,0,0,0.0,0.0,E1,h3_k0p25,3.0,0.25
healthy_maneuver,20,cusum_fgo,leader,maneuver,1809,1809.0,0,8,234,0,0.12935323383084577,15.920398009950251,3,151,0,0.08347153123272526,5.970149253731344,E1,h3_k0p25,3.0,0.25
healthy_maneuver,20,cusum_fgo,leader,post,1260,1260.0,0,0,280,0,0.2222222222222222,0.0,0,140,0,0.1111111111111111,0.0,E1,h3_k0p25,3.0,0.25
healthy_maneuver,20,cusum_fgo,follower,all,1755,1755.0,0,2,418,0,0.23817663817663817,4.102564102564103,0,0,0,0.0,0.0,E1,h3_k0p25,3.0,0.25
healthy_maneuver,20,cusum_fgo,follower,pre,732,732.0,0,0,0,0,0.0,0.0,0,0,0,0.0,0.0,E1,h3_k0p25,3.0,0.25
healthy_maneuver,20,cusum_fgo,follower,maneuver,603,603.0,0,2,278,0,0.46102819237147596,11.940298507462686,0,0,0,0.0,0.0,E1,h3_k0p25,3.0,0.25
healthy_maneuver,20,cusum_fgo,follower,post,420,420.0,0,0,140,0,0.3333333333333333,0.0,0,0,0,0.0,0.0,E1,h3_k0p25,3.0,0.25
healthy_maneuver,21,cusum_fgo,leader,all,5265,5265.0,0,4,337,0,0.06400759734093067,2.735042735042735,4,336,0,0.06381766381766382,2.735042735042735,E1,h3_k0p25,3.0,0.25
healthy_maneuver,21,cusum_fgo,leader,pre,2196,2196.0,0,0,0,0,0.0,0.0,0,0,0,0.0,0.0,E1,h3_k0p25,3.0,0.25
healthy_maneuver,21,cusum_fgo,leader,maneuver,1809,1809.0,0,4,197,0,0.10889994472084025,7.9601990049751254,4,196,0,0.10834715312327253,7.9601990049751254,E1,h3_k0p25,3.0,0.25
healthy_maneuver,21,cusum_fgo,leader,post,1260,1260.0,0,0,140,0,0.1111111111111111,0.0,0,140,0,0.1111111111111111,0.0,E1,h3_k0p25,3.0,0.25
healthy_maneuver,21,cusum_fgo,follower,all,1755,1755.0,0,2,401,0,0.2284900284900285,4.102564102564103,0,0,0,0.0,0.0,E1,h3_k0p25,3.0,0.25
healthy_maneuver,21,cusum_fgo,follower,pre,732,732.0,0,0,0,0,0.0,0.0,0,0,0,0.0,0.0,E1,h3_k0p25,3.0,0.25
healthy_maneuver,21,cusum_fgo,follower,maneuver,603,603.0,0,2,261,0,0.43283582089552236,11.940298507462686,0,0,0,0.0,0.0,E1,h3_k0p25,3.0,0.25
healthy_maneuver,21,cusum_fgo,follower,post,420,420.0,0,0,140,0,0.3333333333333333,0.0,0,0,0,0.0,0.0,E1,h3_k0p25,3.0,0.25
healthy_maneuver,22,cusum_fgo,leader,all,5265,5265.0,0,9,352,0,0.06685660018993353,6.153846153846154,5,334,0,0.06343779677113011,3.418803418803419,E1,h3_k0p25,3.0,0.25
healthy_maneuver,22,cusum_fgo,leader,pre,2196,2196.0,0,0,0,0,0.0,0.0,0,0,0,0.0,0.0,E1,h3_k0p25,3.0,0.25
healthy_maneuver,22,cusum_fgo,leader,maneuver,1809,1809.0,0,9,212,0,0.11719181868435599,17.910447761194032,5,194,0,0.10724156992813709,9.950248756218906,E1,h3_k0p25,3.0,0.25
healthy_maneuver,22,cusum_fgo,leader,post,1260,1260.0,0,0,140,0,0.1111111111111111,0.0,0,140,0,0.1111111111111111,0.0,E1,h3_k0p25,3.0,0.25
healthy_maneuver,22,cusum_fgo,follower,all,1755,1755.0,0,2,564,0,0.3213675213675214,4.102564102564103,0,0,0,0.0,0.0,E1,h3_k0p25,3.0,0.25
healthy_maneuver,22,cusum_fgo,follower,pre,732,732.0,0,0,0,0,0.0,0.0,0,0,0,0.0,0.0,E1,h3_k0p25,3.0,0.25
healthy_maneuver,22,cusum_fgo,follower,maneuver,603,603.0,0,2,284,0,0.4709784411276949,11.940298507462686,0,0,0,0.0,0.0,E1,h3_k0p25,3.0,0.25
healthy_maneuver,22,cusum_fgo,follower,post,420,420.0,0,0,280,0,0.6666666666666666,0.0,0,0,0,0.0,0.0,E1,h3_k0p25,3.0,0.25
healthy_maneuver,23,cusum_fgo,leader,all,5265,5265.0,0,6,357,0,0.0678062678062678,4.102564102564103,3,333,0,0.06324786324786325,2.0512820512820515,E1,h3_k0p25,3.0,0.25
healthy_maneuver,23,cusum_fgo,leader,pre,2196,2196.0,0,0,0,0,0.0,0.0,0,0,0,0.0,0.0,E1,h3_k0p25,3.0,0.25
healthy_maneuver,23,cusum_fgo,leader,maneuver,1809,1809.0,0,5,214,0,0.11829740187949143,9.950248756218906,3,193,0,0.10668877833056938,5.970149253731344,E1,h3_k0p25,3.0,0.25
healthy_maneuver,23,cusum_fgo,leader,post,1260,1260.0,0,1,143,0,0.11349206349206349,2.857142857142857,0,140,0,0.1111111111111111,0.0,E1,h3_k0p25,3.0,0.25
healthy_maneuver,23,cusum_fgo,follower,all,1755,1755.0,0,5,549,0,0.3128205128205128,10.256410256410257,0,0,0,0.0,0.0,E1,h3_k0p25,3.0,0.25
healthy_maneuver,23,cusum_fgo,follower,pre,732,732.0,0,0,0,0,0.0,0.0,0,0,0,0.0,0.0,E1,h3_k0p25,3.0,0.25
healthy_maneuver,23,cusum_fgo,follower,maneuver,603,603.0,0,2,287,0,0.4759535655058043,11.940298507462686,0,0,0,0.0,0.0,E1,h3_k0p25,3.0,0.25
healthy_maneuver,23,cusum_fgo,follower,post,420,420.0,0,3,262,0,0.6238095238095238,25.714285714285715,0,0,0,0.0,0.0,E1,h3_k0p25,3.0,0.25
healthy_maneuver,24,cusum_fgo,leader,all,5265,5265.0,0,4,617,0,0.11718898385565052,2.735042735042735,4,353,0,0.06704653371320038,2.735042735042735,E1,h3_k0p25,3.0,0.25
healthy_maneuver,24,cusum_fgo,leader,pre,2196,2196.0,0,0,0,0,0.0,0.0,0,0,0,0.0,0.0,E1,h3_k0p25,3.0,0.25
healthy_maneuver,24,cusum_fgo,leader,maneuver,1809,1809.0,0,4,337,0,0.18629076838032063,7.9601990049751254,4,213,0,0.11774461028192372,7.9601990049751254,E1,h3_k0p25,3.0,0.25
healthy_maneuver,24,cusum_fgo,leader,post,1260,1260.0,0,0,280,0,0.2222222222222222,0.0,0,140,0,0.1111111111111111,0.0,E1,h3_k0p25,3.0,0.25
healthy_maneuver,24,cusum_fgo,follower,all,1755,1755.0,0,2,567,0,0.3230769230769231,4.102564102564103,0,0,0,0.0,0.0,E1,h3_k0p25,3.0,0.25
healthy_maneuver,24,cusum_fgo,follower,pre,732,732.0,0,0,0,0,0.0,0.0,0,0,0,0.0,0.0,E1,h3_k0p25,3.0,0.25
healthy_maneuver,24,cusum_fgo,follower,maneuver,603,603.0,0,2,287,0,0.4759535655058043,11.940298507462686,0,0,0,0.0,0.0,E1,h3_k0p25,3.0,0.25
healthy_maneuver,24,cusum_fgo,follower,post,420,420.0,0,0,280,0,0.6666666666666666,0.0,0,0,0,0.0,0.0,E1,h3_k0p25,3.0,0.25
healthy_maneuver,25,cusum_fgo,leader,all,5265,5265.0,0,4,466,0,0.08850902184235518,2.735042735042735,3,289,0,0.05489078822412156,2.0512820512820515,E1,h3_k0p25,3.0,0.25
healthy_maneuver,25,cusum_fgo,leader,pre,2196,2196.0,0,0,0,0,0.0,0.0,0,0,0,0.0,0.0,E1,h3_k0p25,3.0,0.25
healthy_maneuver,25,cusum_fgo,leader,maneuver,1809,1809.0,0,4,186,0,0.10281923714759536,7.9601990049751254,3,149,0,0.08236594803758983,5.970149253731344,E1,h3_k0p25,3.0,0.25
healthy_maneuver,25,cusum_fgo,leader,post,1260,1260.0,0,0,280,0,0.2222222222222222,0.0,0,140,0,0.1111111111111111,0.0,E1,h3_k0p25,3.0,0.25
healthy_maneuver,25,cusum_fgo,follower,all,1755,1755.0,0,3,438,0,0.24957264957264957,6.153846153846154,0,0,0,0.0,0.0,E1,h3_k0p25,3.0,0.25
healthy_maneuver,25,cusum_fgo,follower,pre,732,732.0,0,0,0,0,0.0,0.0,0,0,0,0.0,0.0,E1,h3_k0p25,3.0,0.25
healthy_maneuver,25,cusum_fgo,follower,maneuver,603,603.0,0,2,285,0,0.472636815920398,11.940298507462686,0,0,0,0.0,0.0,E1,h3_k0p25,3.0,0.25
healthy_maneuver,25,cusum_fgo,follower,post,420,420.0,0,1,153,0,0.36428571428571427,8.571428571428571,0,0,0,0.0,0.0,E1,h3_k0p25,3.0,0.25
healthy_maneuver,26,cusum_fgo,leader,all,5265,5265.0,0,6,416,0,0.07901234567901234,4.102564102564103,4,333,0,0.06324786324786325,2.735042735042735,E1,h3_k0p25,3.0,0.25
healthy_maneuver,26,cusum_fgo,leader,pre,2196,2196.0,0,0,0,0,0.0,0.0,0,0,0,0.0,0.0,E1,h3_k0p25,3.0,0.25
healthy_maneuver,26,cusum_fgo,leader,maneuver,1809,1809.0,0,6,276,0,0.15257048092868988,11.940298507462687,4,193,0,0.10668877833056938,7.9601990049751254,E1,h3_k0p25,3.0,0.25
healthy_maneuver,26,cusum_fgo,leader,post,1260,1260.0,0,0,140,0,0.1111111111111111,0.0,0,140,0,0.1111111111111111,0.0,E1,h3_k0p25,3.0,0.25
healthy_maneuver,26,cusum_fgo,follower,all,1755,1755.0,0,2,564,0,0.3213675213675214,4.102564102564103,0,0,0,0.0,0.0,E1,h3_k0p25,3.0,0.25
healthy_maneuver,26,cusum_fgo,follower,pre,732,732.0,0,0,0,0,0.0,0.0,0,0,0,0.0,0.0,E1,h3_k0p25,3.0,0.25
healthy_maneuver,26,cusum_fgo,follower,maneuver,603,603.0,0,2,284,0,0.4709784411276949,11.940298507462686,0,0,0,0.0,0.0,E1,h3_k0p25,3.0,0.25
healthy_maneuver,26,cusum_fgo,follower,post,420,420.0,0,0,280,0,0.6666666666666666,0.0,0,0,0,0.0,0.0,E1,h3_k0p25,3.0,0.25
healthy_maneuver,27,cusum_fgo,leader,all,5265,5265.0,0,4,155,0,0.029439696106362774,2.735042735042735,3,149,0,0.028300094966761634,2.0512820512820515,E1,h3_k0p25,3.0,0.25
healthy_maneuver,27,cusum_fgo,leader,pre,2196,2196.0,0,0,0,0,0.0,0.0,0,0,0,0.0,0.0,E1,h3_k0p25,3.0,0.25
healthy_maneuver,27,cusum_fgo,leader,maneuver,1809,1809.0,0,4,155,0,0.08568269762299613,7.9601990049751254,3,149,0,0.08236594803758983,5.970149253731344,E1,h3_k0p25,3.0,0.25
healthy_maneuver,27,cusum_fgo,leader,post,1260,1260.0,0,0,0,0,0.0,0.0,0,0,0,0.0,0.0,E1,h3_k0p25,3.0,0.25
healthy_maneuver,27,cusum_fgo,follower,all,1755,1755.0,0,3,408,0,0.23247863247863249,6.153846153846154,0,0,0,0.0,0.0,E1,h3_k0p25,3.0,0.25
healthy_maneuver,27,cusum_fgo,follower,pre,732,732.0,0,0,0,0,0.0,0.0,0,0,0,0.0,0.0,E1,h3_k0p25,3.0,0.25
healthy_maneuver,27,cusum_fgo,follower,maneuver,603,603.0,0,3,268,0,0.4444444444444444,17.91044776119403,0,0,0,0.0,0.0,E1,h3_k0p25,3.0,0.25
healthy_maneuver,27,cusum_fgo,follower,post,420,420.0,0,0,140,0,0.3333333333333333,0.0,0,0,0,0.0,0.0,E1,h3_k0p25,3.0,0.25
healthy_maneuver,28,cusum_fgo,leader,all,5265,5265.0,0,4,211,0,0.04007597340930674,2.735042735042735,3,208,0,0.03950617283950617,2.0512820512820515,E1,h3_k0p25,3.0,0.25
healthy_maneuver,28,cusum_fgo,leader,pre,2196,2196.0,0,0,0,0,0.0,0.0,0,0,0,0.0,0.0,E1,h3_k0p25,3.0,0.25
healthy_maneuver,28,cusum_fgo,leader,maneuver,1809,1809.0,0,4,211,0,0.11663902708678828,7.9601990049751254,3,208,0,0.11498065229408513,5.970149253731344,E1,h3_k0p25,3.0,0.25
healthy_maneuver,28,cusum_fgo,leader,post,1260,1260.0,0,0,0,0,0.0,0.0,0,0,0,0.0,0.0,E1,h3_k0p25,3.0,0.25
healthy_maneuver,28,cusum_fgo,follower,all,1755,1755.0,0,5,521,0,0.2968660968660969,10.256410256410257,0,0,0,0.0,0.0,E1,h3_k0p25,3.0,0.25
healthy_maneuver,28,cusum_fgo,follower,pre,732,732.0,0,0,0,0,0.0,0.0,0,0,0,0.0,0.0,E1,h3_k0p25,3.0,0.25
healthy_maneuver,28,cusum_fgo,follower,maneuver,603,603.0,0,2,284,0,0.4709784411276949,11.940298507462686,0,0,0,0.0,0.0,E1,h3_k0p25,3.0,0.25
healthy_maneuver,28,cusum_fgo,follower,post,420,420.0,0,3,237,0,0.5642857142857143,25.714285714285715,0,0,0,0.0,0.0,E1,h3_k0p25,3.0,0.25
healthy_maneuver,29,cusum_fgo,leader,all,5265,5265.0,0,6,369,0,0.07008547008547009,4.102564102564103,8,261,0,0.04957264957264957,5.47008547008547,E1,h3_k0p25,3.0,0.25
healthy_maneuver,29,cusum_fgo,leader,pre,2196,2196.0,0,0,0,0,0.0,0.0,0,0,0,0.0,0.0,E1,h3_k0p25,3.0,0.25
healthy_maneuver,29,cusum_fgo,leader,maneuver,1809,1809.0,0,3,324,0,0.1791044776119403,5.970149253731344,5,216,0,0.11940298507462686,9.950248756218906,E1,h3_k0p25,3.0,0.25
healthy_maneuver,29,cusum_fgo,leader,post,1260,1260.0,0,3,45,0,0.03571428571428571,8.571428571428571,3,45,0,0.03571428571428571,8.571428571428571,E1,h3_k0p25,3.0,0.25
healthy_maneuver,29,cusum_fgo,follower,all,1755,1755.0,0,4,481,0,0.2740740740740741,8.205128205128206,0,0,0,0.0,0.0,E1,h3_k0p25,3.0,0.25
healthy_maneuver,29,cusum_fgo,follower,pre,732,732.0,0,0,0,0,0.0,0.0,0,0,0,0.0,0.0,E1,h3_k0p25,3.0,0.25
healthy_maneuver,29,cusum_fgo,follower,maneuver,603,603.0,0,3,277,0,0.4593698175787728,17.91044776119403,0,0,0,0.0,0.0,E1,h3_k0p25,3.0,0.25
healthy_maneuver,29,cusum_fgo,follower,post,420,420.0,0,1,204,0,0.4857142857142857,8.571428571428571,0,0,0,0.0,0.0,E1,h3_k0p25,3.0,0.25
healthy_maneuver,30,cusum_fgo,leader,all,5265,5265.0,0,2,401,0,0.0761633428300095,1.3675213675213675,2,401,0,0.0761633428300095,1.3675213675213675,E1,h3_k0p25,3.0,0.25
healthy_maneuver,30,cusum_fgo,leader,pre,2196,2196.0,0,0,0,0,0.0,0.0,0,0,0,0.0,0.0,E1,h3_k0p25,3.0,0.25
healthy_maneuver,30,cusum_fgo,leader,maneuver,1809,1809.0,0,2,261,0,0.14427860696517414,3.9800995024875627,2,261,0,0.14427860696517414,3.9800995024875627,E1,h3_k0p25,3.0,0.25
healthy_maneuver,30,cusum_fgo,leader,post,1260,1260.0,0,0,140,0,0.1111111111111111,0.0,0,140,0,0.1111111111111111,0.0,E1,h3_k0p25,3.0,0.25
healthy_maneuver,30,cusum_fgo,follower,all,1755,1755.0,0,3,322,0,0.18347578347578347,6.153846153846154,0,0,0,0.0,0.0,E1,h3_k0p25,3.0,0.25
healthy_maneuver,30,cusum_fgo,follower,pre,732,732.0,0,0,0,0,0.0,0.0,0,0,0,0.0,0.0,E1,h3_k0p25,3.0,0.25
healthy_maneuver,30,cusum_fgo,follower,maneuver,603,603.0,0,3,182,0,0.3018242122719735,17.91044776119403,0,0,0,0.0,0.0,E1,h3_k0p25,3.0,0.25
healthy_maneuver,30,cusum_fgo,follower,post,420,420.0,0,0,140,0,0.3333333333333333,0.0,0,0,0,0.0,0.0,E1,h3_k0p25,3.0,0.25
healthy_maneuver,31,cusum_fgo,leader,all,5265,5265.0,0,7,198,0,0.037606837606837605,4.786324786324786,7,197,0,0.03741690408357075,4.786324786324786,E1,h3_k0p25,3.0,0.25
healthy_maneuver,31,cusum_fgo,leader,pre,2196,2196.0,0,0,0,0,0.0,0.0,0,0,0,0.0,0.0,E1,h3_k0p25,3.0,0.25
healthy_maneuver,31,cusum_fgo,leader,maneuver,1809,1809.0,0,6,195,0,0.1077943615257048,11.940298507462687,6,194,0,0.10724156992813709,11.940298507462687,E1,h3_k0p25,3.0,0.25
healthy_maneuver,31,cusum_fgo,leader,post,1260,1260.0,0,1,3,0,0.002380952380952381,2.857142857142857,1,3,0,0.002380952380952381,2.857142857142857,E1,h3_k0p25,3.0,0.25
healthy_maneuver,31,cusum_fgo,follower,all,1755,1755.0,0,2,563,0,0.3207977207977208,4.102564102564103,0,0,0,0.0,0.0,E1,h3_k0p25,3.0,0.25
healthy_maneuver,31,cusum_fgo,follower,pre,732,732.0,0,0,0,0,0.0,0.0,0,0,0,0.0,0.0,E1,h3_k0p25,3.0,0.25
healthy_maneuver,31,cusum_fgo,follower,maneuver,603,603.0,0,2,290,0,0.48092868988391374,11.940298507462686,0,0,0,0.0,0.0,E1,h3_k0p25,3.0,0.25
healthy_maneuver,31,cusum_fgo,follower,post,420,420.0,0,0,273,0,0.65,0.0,0,0,0,0.0,0.0,E1,h3_k0p25,3.0,0.25
healthy_maneuver,32,cusum_fgo,leader,all,5265,5265.0,0,5,256,0,0.048622981956315287,3.418803418803419,7,169,0,0.03209876543209877,4.786324786324786,E1,h3_k0p25,3.0,0.25
healthy_maneuver,32,cusum_fgo,leader,pre,2196,2196.0,0,0,0,0,0.0,0.0,0,0,0,0.0,0.0,E1,h3_k0p25,3.0,0.25
healthy_maneuver,32,cusum_fgo,leader,maneuver,1809,1809.0,0,5,256,0,0.14151464897733554,9.950248756218906,7,169,0,0.09342177998894417,13.93034825870647,E1,h3_k0p25,3.0,0.25
healthy_maneuver,32,cusum_fgo,leader,post,1260,1260.0,0,0,0,0,0.0,0.0,0,0,0,0.0,0.0,E1,h3_k0p25,3.0,0.25
healthy_maneuver,32,cusum_fgo,follower,all,1755,1755.0,0,2,567,0,0.3230769230769231,4.102564102564103,0,0,0,0.0,0.0,E1,h3_k0p25,3.0,0.25
healthy_maneuver,32,cusum_fgo,follower,pre,732,732.0,0,0,0,0,0.0,0.0,0,0,0,0.0,0.0,E1,h3_k0p25,3.0,0.25
healthy_maneuver,32,cusum_fgo,follower,maneuver,603,603.0,0,2,287,0,0.4759535655058043,11.940298507462686,0,0,0,0.0,0.0,E1,h3_k0p25,3.0,0.25
healthy_maneuver,32,cusum_fgo,follower,post,420,420.0,0,0,280,0,0.6666666666666666,0.0,0,0,0,0.0,0.0,E1,h3_k0p25,3.0,0.25
healthy_maneuver,33,cusum_fgo,leader,all,5265,5265.0,0,3,77,0,0.014624881291547959,2.0512820512820515,3,77,0,0.014624881291547959,2.0512820512820515,E1,h3_k0p25,3.0,0.25
healthy_maneuver,33,cusum_fgo,leader,pre,2196,2196.0,0,0,0,0,0.0,0.0,0,0,0,0.0,0.0,E1,h3_k0p25,3.0,0.25
healthy_maneuver,33,cusum_fgo,leader,maneuver,1809,1809.0,0,3,77,0,0.04256495301271421,5.970149253731344,3,77,0,0.04256495301271421,5.970149253731344,E1,h3_k0p25,3.0,0.25
healthy_maneuver,33,cusum_fgo,leader,post,1260,1260.0,0,0,0,0,0.0,0.0,0,0,0,0.0,0.0,E1,h3_k0p25,3.0,0.25
healthy_maneuver,33,cusum_fgo,follower,all,1755,1755.0,0,2,567,0,0.3230769230769231,4.102564102564103,0,0,0,0.0,0.0,E1,h3_k0p25,3.0,0.25
healthy_maneuver,33,cusum_fgo,follower,pre,732,732.0,0,0,0,0,0.0,0.0,0,0,0,0.0,0.0,E1,h3_k0p25,3.0,0.25
healthy_maneuver,33,cusum_fgo,follower,maneuver,603,603.0,0,2,287,0,0.4759535655058043,11.940298507462686,0,0,0,0.0,0.0,E1,h3_k0p25,3.0,0.25
healthy_maneuver,33,cusum_fgo,follower,post,420,420.0,0,0,280,0,0.6666666666666666,0.0,0,0,0,0.0,0.0,E1,h3_k0p25,3.0,0.25
healthy_maneuver,34,cusum_fgo,leader,all,5265,5265.0,0,5,204,0,0.038746438746438745,3.418803418803419,4,196,0,0.03722697056030389,2.735042735042735,E1,h3_k0p25,3.0,0.25
healthy_maneuver,34,cusum_fgo,leader,pre,2196,2196.0,0,0,0,0,0.0,0.0,0,0,0,0.0,0.0,E1,h3_k0p25,3.0,0.25
healthy_maneuver,34,cusum_fgo,leader,maneuver,1809,1809.0,0,5,202,0,0.11166390270867883,9.950248756218906,4,194,0,0.10724156992813709,7.9601990049751254,E1,h3_k0p25,3.0,0.25
healthy_maneuver,34,cusum_fgo,leader,post,1260,1260.0,0,0,2,0,0.0015873015873015873,0.0,0,2,0,0.0015873015873015873,0.0,E1,h3_k0p25,3.0,0.25
healthy_maneuver,34,cusum_fgo,follower,all,1755,1755.0,0,5,435,0,0.24786324786324787,10.256410256410257,0,0,0,0.0,0.0,E1,h3_k0p25,3.0,0.25
healthy_maneuver,34,cusum_fgo,follower,pre,732,732.0,0,0,0,0,0.0,0.0,0,0,0,0.0,0.0,E1,h3_k0p25,3.0,0.25
healthy_maneuver,34,cusum_fgo,follower,maneuver,603,603.0,0,3,285,0,0.472636815920398,17.91044776119403,0,0,0,0.0,0.0,E1,h3_k0p25,3.0,0.25
healthy_maneuver,34,cusum_fgo,follower,post,420,420.0,0,2,150,0,0.35714285714285715,17.142857142857142,0,0,0,0.0,0.0,E1,h3_k0p25,3.0,0.25
healthy_maneuver,35,cusum_fgo,leader,all,5265,5265.0,0,3,241,0,0.04577397910731244,2.0512820512820515,4,145,0,0.027540360873694207,2.735042735042735,E1,h3_k0p25,3.0,0.25
healthy_maneuver,35,cusum_fgo,leader,pre,2196,2196.0,0,0,0,0,0.0,0.0,0,0,0,0.0,0.0,E1,h3_k0p25,3.0,0.25
healthy_maneuver,35,cusum_fgo,leader,maneuver,1809,1809.0,0,3,241,0,0.1332227750138198,5.970149253731344,4,145,0,0.08015478164731896,7.9601990049751254,E1,h3_k0p25,3.0,0.25
healthy_maneuver,35,cusum_fgo,leader,post,1260,1260.0,0,0,0,0,0.0,0.0,0,0,0,0.0,0.0,E1,h3_k0p25,3.0,0.25
healthy_maneuver,35,cusum_fgo,follower,all,1755,1755.0,0,3,410,0,0.2336182336182336,6.153846153846154,0,0,0,0.0,0.0,E1,h3_k0p25,3.0,0.25
healthy_maneuver,35,cusum_fgo,follower,pre,732,732.0,0,0,0,0,0.0,0.0,0,0,0,0.0,0.0,E1,h3_k0p25,3.0,0.25
healthy_maneuver,35,cusum_fgo,follower,maneuver,603,603.0,0,3,270,0,0.44776119402985076,17.91044776119403,0,0,0,0.0,0.0,E1,h3_k0p25,3.0,0.25
healthy_maneuver,35,cusum_fgo,follower,post,420,420.0,0,0,140,0,0.3333333333333333,0.0,0,0,0,0.0,0.0,E1,h3_k0p25,3.0,0.25
healthy_maneuver,36,cusum_fgo,leader,all,5265,5265.0,0,8,165,0,0.03133903133903134,5.47008547008547,8,156,0,0.02962962962962963,5.47008547008547,E1,h3_k0p25,3.0,0.25
healthy_maneuver,36,cusum_fgo,leader,pre,2196,2196.0,0,0,0,0,0.0,0.0,0,0,0,0.0,0.0,E1,h3_k0p25,3.0,0.25
healthy_maneuver,36,cusum_fgo,leader,maneuver,1809,1809.0,0,6,147,0,0.0812603648424544,11.940298507462687,6,139,0,0.07683803206191266,11.940298507462687,E1,h3_k0p25,3.0,0.25
healthy_maneuver,36,cusum_fgo,leader,post,1260,1260.0,0,2,18,0,0.014285714285714285,5.714285714285714,2,17,0,0.013492063492063493,5.714285714285714,E1,h3_k0p25,3.0,0.25
healthy_maneuver,36,cusum_fgo,follower,all,1755,1755.0,0,2,411,0,0.2341880341880342,4.102564102564103,0,0,0,0.0,0.0,E1,h3_k0p25,3.0,0.25
healthy_maneuver,36,cusum_fgo,follower,pre,732,732.0,0,0,0,0,0.0,0.0,0,0,0,0.0,0.0,E1,h3_k0p25,3.0,0.25
healthy_maneuver,36,cusum_fgo,follower,maneuver,603,603.0,0,2,271,0,0.4494195688225539,11.940298507462686,0,0,0,0.0,0.0,E1,h3_k0p25,3.0,0.25
healthy_maneuver,36,cusum_fgo,follower,post,420,420.0,0,0,140,0,0.3333333333333333,0.0,0,0,0,0.0,0.0,E1,h3_k0p25,3.0,0.25
healthy_maneuver,37,cusum_fgo,leader,all,5265,5265.0,0,6,365,0,0.06932573599240266,4.102564102564103,3,322,0,0.06115859449192783,2.0512820512820515,E1,h3_k0p25,3.0,0.25
healthy_maneuver,37,cusum_fgo,leader,pre,2196,2196.0,0,0,0,0,0.0,0.0,0,0,0,0.0,0.0,E1,h3_k0p25,3.0,0.25
healthy_maneuver,37,cusum_fgo,leader,maneuver,1809,1809.0,0,6,225,0,0.12437810945273632,11.940298507462687,3,182,0,0.10060807075732449,5.970149253731344,E1,h3_k0p25,3.0,0.25
healthy_maneuver,37,cusum_fgo,leader,post,1260,1260.0,0,0,140,0,0.1111111111111111,0.0,0,140,0,0.1111111111111111,0.0,E1,h3_k0p25,3.0,0.25
healthy_maneuver,37,cusum_fgo,follower,all,1755,1755.0,0,3,412,0,0.23475783475783477,6.153846153846154,0,0,0,0.0,0.0,E1,h3_k0p25,3.0,0.25
healthy_maneuver,37,cusum_fgo,follower,pre,732,732.0,0,0,0,0,0.0,0.0,0,0,0,0.0,0.0,E1,h3_k0p25,3.0,0.25
healthy_maneuver,37,cusum_fgo,follower,maneuver,603,603.0,0,3,272,0,0.45107794361525705,17.91044776119403,0,0,0,0.0,0.0,E1,h3_k0p25,3.0,0.25
healthy_maneuver,37,cusum_fgo,follower,post,420,420.0,0,0,140,0,0.3333333333333333,0.0,0,0,0,0.0,0.0,E1,h3_k0p25,3.0,0.25
healthy_maneuver,38,cusum_fgo,leader,all,5265,5265.0,0,3,152,0,0.028869895536562204,2.0512820512820515,3,152,0,0.028869895536562204,2.0512820512820515,E1,h3_k0p25,3.0,0.25
healthy_maneuver,38,cusum_fgo,leader,pre,2196,2196.0,0,0,0,0,0.0,0.0,0,0,0,0.0,0.0,E1,h3_k0p25,3.0,0.25
healthy_maneuver,38,cusum_fgo,leader,maneuver,1809,1809.0,0,3,152,0,0.08402432283029299,5.970149253731344,3,152,0,0.08402432283029299,5.970149253731344,E1,h3_k0p25,3.0,0.25
healthy_maneuver,38,cusum_fgo,leader,post,1260,1260.0,0,0,0,0,0.0,0.0,0,0,0,0.0,0.0,E1,h3_k0p25,3.0,0.25
healthy_maneuver,38,cusum_fgo,follower,all,1755,1755.0,0,2,421,0,0.23988603988603988,4.102564102564103,0,0,0,0.0,0.0,E1,h3_k0p25,3.0,0.25
healthy_maneuver,38,cusum_fgo,follower,pre,732,732.0,0,0,0,0,0.0,0.0,0,0,0,0.0,0.0,E1,h3_k0p25,3.0,0.25
healthy_maneuver,38,cusum_fgo,follower,maneuver,603,603.0,0,2,281,0,0.4660033167495854,11.940298507462686,0,0,0,0.0,0.0,E1,h3_k0p25,3.0,0.25
healthy_maneuver,38,cusum_fgo,follower,post,420,420.0,0,0,140,0,0.3333333333333333,0.0,0,0,0,0.0,0.0,E1,h3_k0p25,3.0,0.25
healthy_maneuver,39,cusum_fgo,leader,all,5265,5265.0,0,3,430,0,0.08167141500474834,2.0512820512820515,2,337,0,0.06400759734093067,1.3675213675213675,E1,h3_k0p25,3.0,0.25
healthy_maneuver,39,cusum_fgo,leader,pre,2196,2196.0,0,0,0,0,0.0,0.0,0,0,0,0.0,0.0,E1,h3_k0p25,3.0,0.25
healthy_maneuver,39,cusum_fgo,leader,maneuver,1809,1809.0,0,3,290,0,0.1603095632946379,5.970149253731344,2,197,0,0.10889994472084025,3.9800995024875627,E1,h3_k0p25,3.0,0.25
healthy_maneuver,39,cusum_fgo,leader,post,1260,1260.0,0,0,140,0,0.1111111111111111,0.0,0,140,0,0.1111111111111111,0.0,E1,h3_k0p25,3.0,0.25
healthy_maneuver,39,cusum_fgo,follower,all,1755,1755.0,0,4,259,0,0.1475783475783476,8.205128205128206,0,0,0,0.0,0.0,E1,h3_k0p25,3.0,0.25
healthy_maneuver,39,cusum_fgo,follower,pre,732,732.0,0,0,0,0,0.0,0.0,0,0,0,0.0,0.0,E1,h3_k0p25,3.0,0.25
healthy_maneuver,39,cusum_fgo,follower,maneuver,603,603.0,0,3,250,0,0.41459369817578773,17.91044776119403,0,0,0,0.0,0.0,E1,h3_k0p25,3.0,0.25
healthy_maneuver,39,cusum_fgo,follower,post,420,420.0,0,1,9,0,0.02142857142857143,8.571428571428571,0,0,0,0.0,0.0,E1,h3_k0p25,3.0,0.25
healthy_maneuver,40,cusum_fgo,leader,all,5265,5265.0,0,3,271,0,0.05147198480531814,2.0512820512820515,4,172,0,0.03266856600189934,2.735042735042735,E1,h3_k0p25,3.0,0.25
healthy_maneuver,40,cusum_fgo,leader,pre,2196,2196.0,0,0,0,0,0.0,0.0,0,0,0,0.0,0.0,E1,h3_k0p25,3.0,0.25
healthy_maneuver,40,cusum_fgo,leader,maneuver,1809,1809.0,0,3,271,0,0.1498065229408513,5.970149253731344,4,172,0,0.09508015478164732,7.9601990049751254,E1,h3_k0p25,3.0,0.25
healthy_maneuver,40,cusum_fgo,leader,post,1260,1260.0,0,0,0,0,0.0,0.0,0,0,0,0.0,0.0,E1,h3_k0p25,3.0,0.25
healthy_maneuver,40,cusum_fgo,follower,all,1755,1755.0,0,3,406,0,0.23133903133903133,6.153846153846154,0,0,0,0.0,0.0,E1,h3_k0p25,3.0,0.25
healthy_maneuver,40,cusum_fgo,follower,pre,732,732.0,0,0,0,0,0.0,0.0,0,0,0,0.0,0.0,E1,h3_k0p25,3.0,0.25
healthy_maneuver,40,cusum_fgo,follower,maneuver,603,603.0,0,2,271,0,0.4494195688225539,11.940298507462686,0,0,0,0.0,0.0,E1,h3_k0p25,3.0,0.25
healthy_maneuver,40,cusum_fgo,follower,post,420,420.0,0,1,135,0,0.32142857142857145,8.571428571428571,0,0,0,0.0,0.0,E1,h3_k0p25,3.0,0.25
healthy_maneuver,41,cusum_fgo,leader,all,5265,5265.0,0,3,180,0,0.03418803418803419,2.0512820512820515,3,180,0,0.03418803418803419,2.0512820512820515,E1,h3_k0p25,3.0,0.25
healthy_maneuver,41,cusum_fgo,leader,pre,2196,2196.0,0,0,0,0,0.0,0.0,0,0,0,0.0,0.0,E1,h3_k0p25,3.0,0.25
healthy_maneuver,41,cusum_fgo,leader,maneuver,1809,1809.0,0,3,180,0,0.09950248756218906,5.970149253731344,3,180,0,0.09950248756218906,5.970149253731344,E1,h3_k0p25,3.0,0.25
healthy_maneuver,41,cusum_fgo,leader,post,1260,1260.0,0,0,0,0,0.0,0.0,0,0,0,0.0,0.0,E1,h3_k0p25,3.0,0.25
healthy_maneuver,41,cusum_fgo,follower,all,1755,1755.0,0,3,231,0,0.13162393162393163,6.153846153846154,0,0,0,0.0,0.0,E1,h3_k0p25,3.0,0.25
healthy_maneuver,41,cusum_fgo,follower,pre,732,732.0,0,0,0,0,0.0,0.0,0,0,0,0.0,0.0,E1,h3_k0p25,3.0,0.25
healthy_maneuver,41,cusum_fgo,follower,maneuver,603,603.0,0,3,231,0,0.38308457711442784,17.91044776119403,0,0,0,0.0,0.0,E1,h3_k0p25,3.0,0.25
healthy_maneuver,41,cusum_fgo,follower,post,420,420.0,0,0,0,0,0.0,0.0,0,0,0,0.0,0.0,E1,h3_k0p25,3.0,0.25
healthy_maneuver,42,cusum_fgo,leader,all,5265,5265.0,0,5,189,0,0.035897435897435895,3.418803418803419,3,165,0,0.03133903133903134,2.0512820512820515,E1,h3_k0p25,3.0,0.25
healthy_maneuver,42,cusum_fgo,leader,pre,2196,2196.0,0,0,0,0,0.0,0.0,0,0,0,0.0,0.0,E1,h3_k0p25,3.0,0.25
healthy_maneuver,42,cusum_fgo,leader,maneuver,1809,1809.0,0,5,189,0,0.1044776119402985,9.950248756218906,3,165,0,0.0912106135986733,5.970149253731344,E1,h3_k0p25,3.0,0.25
healthy_maneuver,42,cusum_fgo,leader,post,1260,1260.0,0,0,0,0,0.0,0.0,0,0,0,0.0,0.0,E1,h3_k0p25,3.0,0.25
healthy_maneuver,42,cusum_fgo,follower,all,1755,1755.0,0,2,244,0,0.13903133903133902,4.102564102564103,0,0,0,0.0,0.0,E1,h3_k0p25,3.0,0.25
healthy_maneuver,42,cusum_fgo,follower,pre,732,732.0,0,0,0,0,0.0,0.0,0,0,0,0.0,0.0,E1,h3_k0p25,3.0,0.25
healthy_maneuver,42,cusum_fgo,follower,maneuver,603,603.0,0,2,244,0,0.4046434494195688,11.940298507462686,0,0,0,0.0,0.0,E1,h3_k0p25,3.0,0.25
healthy_maneuver,42,cusum_fgo,follower,post,420,420.0,0,0,0,0,0.0,0.0,0,0,0,0.0,0.0,E1,h3_k0p25,3.0,0.25
healthy_maneuver,43,cusum_fgo,leader,all,5265,5265.0,0,4,277,0,0.05261158594491928,2.735042735042735,7,177,0,0.03361823361823362,4.786324786324786,E1,h3_k0p25,3.0,0.25
healthy_maneuver,43,cusum_fgo,leader,pre,2196,2196.0,0,0,0,0,0.0,0.0,0,0,0,0.0,0.0,E1,h3_k0p25,3.0,0.25
healthy_maneuver,43,cusum_fgo,leader,maneuver,1809,1809.0,0,4,277,0,0.1531232725262576,7.9601990049751254,7,177,0,0.0978441127694859,13.93034825870647,E1,h3_k0p25,3.0,0.25
healthy_maneuver,43,cusum_fgo,leader,post,1260,1260.0,0,0,0,0,0.0,0.0,0,0,0,0.0,0.0,E1,h3_k0p25,3.0,0.25
healthy_maneuver,43,cusum_fgo,follower,all,1755,1755.0,0,5,289,0,0.16467236467236468,10.256410256410257,0,0,0,0.0,0.0,E1,h3_k0p25,3.0,0.25
healthy_maneuver,43,cusum_fgo,follower,pre,732,732.0,0,0,0,0,0.0,0.0,0,0,0,0.0,0.0,E1,h3_k0p25,3.0,0.25
healthy_maneuver,43,cusum_fgo,follower,maneuver,603,603.0,0,4,270,0,0.44776119402985076,23.88059701492537,0,0,0,0.0,0.0,E1,h3_k0p25,3.0,0.25
healthy_maneuver,43,cusum_fgo,follower,post,420,420.0,0,1,19,0,0.04523809523809524,8.571428571428571,0,0,0,0.0,0.0,E1,h3_k0p25,3.0,0.25
healthy_maneuver,44,cusum_fgo,leader,all,5265,5265.0,0,5,338,0,0.06419753086419754,3.418803418803419,4,331,0,0.06286799620132953,2.735042735042735,E1,h3_k0p25,3.0,0.25
healthy_maneuver,44,cusum_fgo,leader,pre,2196,2196.0,0,0,0,0,0.0,0.0,0,0,0,0.0,0.0,E1,h3_k0p25,3.0,0.25
healthy_maneuver,44,cusum_fgo,leader,maneuver,1809,1809.0,0,3,200,0,0.11055831951354339,5.970149253731344,3,196,0,0.10834715312327253,5.970149253731344,E1,h3_k0p25,3.0,0.25
healthy_maneuver,44,cusum_fgo,leader,post,1260,1260.0,0,2,138,0,0.10952380952380952,5.714285714285714,1,135,0,0.10714285714285714,2.857142857142857,E1,h3_k0p25,3.0,0.25
healthy_maneuver,44,cusum_fgo,follower,all,1755,1755.0,0,3,433,0,0.24672364672364672,6.153846153846154,0,0,0,0.0,0.0,E1,h3_k0p25,3.0,0.25
healthy_maneuver,44,cusum_fgo,follower,pre,732,732.0,0,0,0,0,0.0,0.0,0,0,0,0.0,0.0,E1,h3_k0p25,3.0,0.25
healthy_maneuver,44,cusum_fgo,follower,maneuver,603,603.0,0,2,285,0,0.472636815920398,11.940298507462686,0,0,0,0.0,0.0,E1,h3_k0p25,3.0,0.25
healthy_maneuver,44,cusum_fgo,follower,post,420,420.0,0,1,148,0,0.3523809523809524,8.571428571428571,0,0,0,0.0,0.0,E1,h3_k0p25,3.0,0.25
healthy_maneuver,45,cusum_fgo,leader,all,5265,5265.0,0,5,292,0,0.05546058879392213,3.418803418803419,5,292,0,0.05546058879392213,3.418803418803419,E1,h3_k0p25,3.0,0.25
healthy_maneuver,45,cusum_fgo,leader,pre,2196,2196.0,0,0,0,0,0.0,0.0,0,0,0,0.0,0.0,E1,h3_k0p25,3.0,0.25
healthy_maneuver,45,cusum_fgo,leader,maneuver,1809,1809.0,0,5,152,0,0.08402432283029299,9.950248756218906,5,152,0,0.08402432283029299,9.950248756218906,E1,h3_k0p25,3.0,0.25
healthy_maneuver,45,cusum_fgo,leader,post,1260,1260.0,0,0,140,0,0.1111111111111111,0.0,0,140,0,0.1111111111111111,0.0,E1,h3_k0p25,3.0,0.25
healthy_maneuver,45,cusum_fgo,follower,all,1755,1755.0,0,7,562,0,0.32022792022792024,14.35897435897436,0,0,0,0.0,0.0,E1,h3_k0p25,3.0,0.25
healthy_maneuver,45,cusum_fgo,follower,pre,732,732.0,0,0,0,0,0.0,0.0,0,0,0,0.0,0.0,E1,h3_k0p25,3.0,0.25
healthy_maneuver,45,cusum_fgo,follower,maneuver,603,603.0,0,4,297,0,0.4925373134328358,23.88059701492537,0,0,0,0.0,0.0,E1,h3_k0p25,3.0,0.25
healthy_maneuver,45,cusum_fgo,follower,post,420,420.0,0,3,265,0,0.6309523809523809,25.714285714285715,0,0,0,0.0,0.0,E1,h3_k0p25,3.0,0.25
healthy_maneuver,46,cusum_fgo,leader,all,5265,5265.0,0,6,269,0,0.051092117758784424,4.102564102564103,5,176,0,0.033428300094966765,3.418803418803419,E1,h3_k0p25,3.0,0.25
healthy_maneuver,46,cusum_fgo,leader,pre,2196,2196.0,0,1,4,0,0.0018214936247723133,1.639344262295082,1,4,0,0.0018214936247723133,1.639344262295082,E1,h3_k0p25,3.0,0.25
healthy_maneuver,46,cusum_fgo,leader,maneuver,1809,1809.0,0,5,265,0,0.146489773355445,9.950248756218906,4,172,0,0.09508015478164732,7.9601990049751254,E1,h3_k0p25,3.0,0.25
healthy_maneuver,46,cusum_fgo,leader,post,1260,1260.0,0,0,0,0,0.0,0.0,0,0,0,0.0,0.0,E1,h3_k0p25,3.0,0.25
healthy_maneuver,46,cusum_fgo,follower,all,1755,1755.0,0,2,416,0,0.23703703703703705,4.102564102564103,0,0,0,0.0,0.0,E1,h3_k0p25,3.0,0.25
healthy_maneuver,46,cusum_fgo,follower,pre,732,732.0,0,0,0,0,0.0,0.0,0,0,0,0.0,0.0,E1,h3_k0p25,3.0,0.25
healthy_maneuver,46,cusum_fgo,follower,maneuver,603,603.0,0,2,276,0,0.4577114427860697,11.940298507462686,0,0,0,0.0,0.0,E1,h3_k0p25,3.0,0.25
healthy_maneuver,46,cusum_fgo,follower,post,420,420.0,0,0,140,0,0.3333333333333333,0.0,0,0,0,0.0,0.0,E1,h3_k0p25,3.0,0.25
healthy_maneuver,47,cusum_fgo,leader,all,5265,5265.0,0,3,173,0,0.032858499525166195,2.0512820512820515,2,170,0,0.032288698955365625,1.3675213675213675,E1,h3_k0p25,3.0,0.25
healthy_maneuver,47,cusum_fgo,leader,pre,2196,2196.0,0,0,0,0,0.0,0.0,0,0,0,0.0,0.0,E1,h3_k0p25,3.0,0.25
healthy_maneuver,47,cusum_fgo,leader,maneuver,1809,1809.0,0,3,173,0,0.09563294637921503,5.970149253731344,2,170,0,0.09397457158651189,3.9800995024875627,E1,h3_k0p25,3.0,0.25
healthy_maneuver,47,cusum_fgo,leader,post,1260,1260.0,0,0,0,0,0.0,0.0,0,0,0,0.0,0.0,E1,h3_k0p25,3.0,0.25
healthy_maneuver,47,cusum_fgo,follower,all,1755,1755.0,0,6,489,0,0.27863247863247864,12.307692307692308,0,0,0,0.0,0.0,E1,h3_k0p25,3.0,0.25
healthy_maneuver,47,cusum_fgo,follower,pre,732,732.0,0,0,0,0,0.0,0.0,0,0,0,0.0,0.0,E1,h3_k0p25,3.0,0.25
healthy_maneuver,47,cusum_fgo,follower,maneuver,603,603.0,0,6,347,0,0.5754560530679934,35.82089552238806,0,0,0,0.0,0.0,E1,h3_k0p25,3.0,0.25
healthy_maneuver,47,cusum_fgo,follower,post,420,420.0,0,0,142,0,0.3380952380952381,0.0,0,0,0,0.0,0.0,E1,h3_k0p25,3.0,0.25
healthy_maneuver,48,cusum_fgo,leader,all,5265,5265.0,0,1,63,0,0.011965811965811967,0.6837606837606838,1,63,0,0.011965811965811967,0.6837606837606838,E1,h3_k0p25,3.0,0.25
healthy_maneuver,48,cusum_fgo,leader,pre,2196,2196.0,0,0,0,0,0.0,0.0,0,0,0,0.0,0.0,E1,h3_k0p25,3.0,0.25
healthy_maneuver,48,cusum_fgo,leader,maneuver,1809,1809.0,0,1,63,0,0.03482587064676617,1.9900497512437814,1,63,0,0.03482587064676617,1.9900497512437814,E1,h3_k0p25,3.0,0.25
healthy_maneuver,48,cusum_fgo,leader,post,1260,1260.0,0,0,0,0,0.0,0.0,0,0,0,0.0,0.0,E1,h3_k0p25,3.0,0.25
healthy_maneuver,48,cusum_fgo,follower,all,1755,1755.0,0,6,263,0,0.14985754985754987,12.307692307692308,0,0,0,0.0,0.0,E1,h3_k0p25,3.0,0.25
healthy_maneuver,48,cusum_fgo,follower,pre,732,732.0,0,0,0,0,0.0,0.0,0,0,0,0.0,0.0,E1,h3_k0p25,3.0,0.25
healthy_maneuver,48,cusum_fgo,follower,maneuver,603,603.0,0,4,250,0,0.41459369817578773,23.88059701492537,0,0,0,0.0,0.0,E1,h3_k0p25,3.0,0.25
healthy_maneuver,48,cusum_fgo,follower,post,420,420.0,0,2,13,0,0.030952380952380953,17.142857142857142,0,0,0,0.0,0.0,E1,h3_k0p25,3.0,0.25
healthy_maneuver,49,cusum_fgo,leader,all,5265,5265.0,0,2,171,0,0.03247863247863248,1.3675213675213675,2,171,0,0.03247863247863248,1.3675213675213675,E1,h3_k0p25,3.0,0.25
healthy_maneuver,49,cusum_fgo,leader,pre,2196,2196.0,0,0,0,0,0.0,0.0,0,0,0,0.0,0.0,E1,h3_k0p25,3.0,0.25
healthy_maneuver,49,cusum_fgo,leader,maneuver,1809,1809.0,0,2,171,0,0.0945273631840796,3.9800995024875627,2,171,0,0.0945273631840796,3.9800995024875627,E1,h3_k0p25,3.0,0.25
healthy_maneuver,49,cusum_fgo,leader,post,1260,1260.0,0,0,0,0,0.0,0.0,0,0,0,0.0,0.0,E1,h3_k0p25,3.0,0.25
healthy_maneuver,49,cusum_fgo,follower,all,1755,1755.0,0,4,423,0,0.24102564102564103,8.205128205128206,0,0,0,0.0,0.0,E1,h3_k0p25,3.0,0.25
healthy_maneuver,49,cusum_fgo,follower,pre,732,732.0,0,0,0,0,0.0,0.0,0,0,0,0.0,0.0,E1,h3_k0p25,3.0,0.25
healthy_maneuver,49,cusum_fgo,follower,maneuver,603,603.0,0,2,277,0,0.4593698175787728,11.940298507462686,0,0,0,0.0,0.0,E1,h3_k0p25,3.0,0.25
healthy_maneuver,49,cusum_fgo,follower,post,420,420.0,0,2,146,0,0.3476190476190476,17.142857142857142,0,0,0,0.0,0.0,E1,h3_k0p25,3.0,0.25
healthy_maneuver,50,cusum_fgo,leader,all,5265,5265.0,0,9,350,0,0.06647673314339982,6.153846153846154,6,328,0,0.06229819563152896,4.102564102564103,E1,h3_k0p25,3.0,0.25
healthy_maneuver,50,cusum_fgo,leader,pre,2196,2196.0,0,0,0,0,0.0,0.0,0,0,0,0.0,0.0,E1,h3_k0p25,3.0,0.25
healthy_maneuver,50,cusum_fgo,leader,maneuver,1809,1809.0,0,6,206,0,0.11387506909894969,11.940298507462687,5,193,0,0.10668877833056938,9.950248756218906,E1,h3_k0p25,3.0,0.25
healthy_maneuver,50,cusum_fgo,leader,post,1260,1260.0,0,3,144,0,0.11428571428571428,8.571428571428571,1,135,0,0.10714285714285714,2.857142857142857,E1,h3_k0p25,3.0,0.25
healthy_maneuver,50,cusum_fgo,follower,all,1755,1755.0,0,4,424,0,0.2415954415954416,8.205128205128206,0,0,0,0.0,0.0,E1,h3_k0p25,3.0,0.25
healthy_maneuver,50,cusum_fgo,follower,pre,732,732.0,0,0,0,0,0.0,0.0,0,0,0,0.0,0.0,E1,h3_k0p25,3.0,0.25
healthy_maneuver,50,cusum_fgo,follower,maneuver,603,603.0,0,2,278,0,0.46102819237147596,11.940298507462686,0,0,0,0.0,0.0,E1,h3_k0p25,3.0,0.25
healthy_maneuver,50,cusum_fgo,follower,post,420,420.0,0,2,146,0,0.3476190476190476,17.142857142857142,0,0,0,0.0,0.0,E1,h3_k0p25,3.0,0.25
baseline_3f,1,cusum_fgo,leader,all,5044,5044.0,0,1,31,28,0.006145915939730373,0.7137192704203013,1,31,28,0.006145915939730373,0.7137192704203013,E1,h3_k0p5,3.0,0.5
baseline_3f,1,cusum_fgo,follower,all,1755,1755.0,0,0,0,0,0.0,0.0,0,0,0,0.0,0.0,E1,h3_k0p5,3.0,0.5
baseline_3f,2,cusum_fgo,leader,all,5044,5044.0,0,0,26,26,0.005154639175257732,0.0,0,26,26,0.005154639175257732,0.0,E1,h3_k0p5,3.0,0.5
baseline_3f,2,cusum_fgo,follower,all,1755,1755.0,0,0,0,0,0.0,0.0,0,0,0,0.0,0.0,E1,h3_k0p5,3.0,0.5
baseline_3f,3,cusum_fgo,leader,all,5044,5044.0,0,0,26,26,0.005154639175257732,0.0,0,26,26,0.005154639175257732,0.0,E1,h3_k0p5,3.0,0.5
baseline_3f,3,cusum_fgo,follower,all,1755,1755.0,0,0,0,0,0.0,0.0,0,0,0,0.0,0.0,E1,h3_k0p5,3.0,0.5
baseline_3f,4,cusum_fgo,leader,all,5044,5044.0,0,0,26,26,0.005154639175257732,0.0,0,26,26,0.005154639175257732,0.0,E1,h3_k0p5,3.0,0.5
baseline_3f,4,cusum_fgo,follower,all,1755,1755.0,0,0,0,0,0.0,0.0,0,0,0,0.0,0.0,E1,h3_k0p5,3.0,0.5
baseline_3f,5,cusum_fgo,leader,all,5044,5044.0,0,2,521,474,0.10329103885804916,1.4274385408406025,5,417,137,0.08267248215701824,3.5685963521015065,E1,h3_k0p5,3.0,0.5
baseline_3f,5,cusum_fgo,follower,all,1755,1755.0,0,0,0,0,0.0,0.0,0,0,0,0.0,0.0,E1,h3_k0p5,3.0,0.5
baseline_3f,6,cusum_fgo,leader,all,5044,5044.0,0,0,28,28,0.0055511498810467885,0.0,0,28,28,0.0055511498810467885,0.0,E1,h3_k0p5,3.0,0.5
baseline_3f,6,cusum_fgo,follower,all,1755,1755.0,0,0,0,0,0.0,0.0,0,0,0,0.0,0.0,E1,h3_k0p5,3.0,0.5
baseline_3f,7,cusum_fgo,leader,all,5044,5044.0,0,0,36,36,0.007137192704203013,0.0,0,36,36,0.007137192704203013,0.0,E1,h3_k0p5,3.0,0.5
baseline_3f,7,cusum_fgo,follower,all,1755,1755.0,0,0,0,0,0.0,0.0,0,0,0,0.0,0.0,E1,h3_k0p5,3.0,0.5
baseline_3f,8,cusum_fgo,leader,all,5044,5044.0,0,0,26,26,0.005154639175257732,0.0,0,26,26,0.005154639175257732,0.0,E1,h3_k0p5,3.0,0.5
baseline_3f,8,cusum_fgo,follower,all,1755,1755.0,0,0,0,0,0.0,0.0,0,0,0,0.0,0.0,E1,h3_k0p5,3.0,0.5
baseline_3f,9,cusum_fgo,leader,all,5044,5044.0,0,0,26,26,0.005154639175257732,0.0,0,26,26,0.005154639175257732,0.0,E1,h3_k0p5,3.0,0.5
baseline_3f,9,cusum_fgo,follower,all,1755,1755.0,0,0,0,0,0.0,0.0,0,0,0,0.0,0.0,E1,h3_k0p5,3.0,0.5
baseline_3f,10,cusum_fgo,leader,all,5044,5044.0,0,0,79,79,0.015662172878667724,0.0,0,79,79,0.015662172878667724,0.0,E1,h3_k0p5,3.0,0.5
baseline_3f,10,cusum_fgo,follower,all,1755,1755.0,0,0,0,0,0.0,0.0,0,0,0,0.0,0.0,E1,h3_k0p5,3.0,0.5
baseline_3f,11,cusum_fgo,leader,all,5044,5044.0,0,0,26,26,0.005154639175257732,0.0,0,26,26,0.005154639175257732,0.0,E1,h3_k0p5,3.0,0.5
baseline_3f,11,cusum_fgo,follower,all,1755,1755.0,0,0,0,0,0.0,0.0,0,0,0,0.0,0.0,E1,h3_k0p5,3.0,0.5
baseline_3f,12,cusum_fgo,leader,all,5044,5044.0,0,0,29,29,0.005749405233941317,0.0,0,29,29,0.005749405233941317,0.0,E1,h3_k0p5,3.0,0.5
baseline_3f,12,cusum_fgo,follower,all,1755,1755.0,0,0,0,0,0.0,0.0,0,0,0,0.0,0.0,E1,h3_k0p5,3.0,0.5
baseline_3f,13,cusum_fgo,leader,all,5044,5044.0,0,0,26,26,0.005154639175257732,0.0,0,26,26,0.005154639175257732,0.0,E1,h3_k0p5,3.0,0.5
baseline_3f,13,cusum_fgo,follower,all,1755,1755.0,0,0,0,0,0.0,0.0,0,0,0,0.0,0.0,E1,h3_k0p5,3.0,0.5
baseline_3f,14,cusum_fgo,leader,all,5044,5044.0,0,0,26,26,0.005154639175257732,0.0,0,26,26,0.005154639175257732,0.0,E1,h3_k0p5,3.0,0.5
baseline_3f,14,cusum_fgo,follower,all,1755,1755.0,0,0,0,0,0.0,0.0,0,0,0,0.0,0.0,E1,h3_k0p5,3.0,0.5
baseline_3f,15,cusum_fgo,leader,all,5044,5044.0,0,0,26,26,0.005154639175257732,0.0,0,26,26,0.005154639175257732,0.0,E1,h3_k0p5,3.0,0.5
baseline_3f,15,cusum_fgo,follower,all,1755,1755.0,0,0,0,0,0.0,0.0,0,0,0,0.0,0.0,E1,h3_k0p5,3.0,0.5
baseline_3f,16,cusum_fgo,leader,all,5044,5044.0,0,0,29,29,0.005749405233941317,0.0,0,29,29,0.005749405233941317,0.0,E1,h3_k0p5,3.0,0.5
baseline_3f,16,cusum_fgo,follower,all,1755,1755.0,0,0,0,0,0.0,0.0,0,0,0,0.0,0.0,E1,h3_k0p5,3.0,0.5
baseline_3f,17,cusum_fgo,leader,all,5044,5044.0,0,0,79,79,0.015662172878667724,0.0,0,79,79,0.015662172878667724,0.0,E1,h3_k0p5,3.0,0.5
baseline_3f,17,cusum_fgo,follower,all,1755,1755.0,0,0,0,0,0.0,0.0,0,0,0,0.0,0.0,E1,h3_k0p5,3.0,0.5
baseline_3f,18,cusum_fgo,leader,all,5044,5044.0,0,2,38,31,0.00753370340999207,1.4274385408406025,2,38,31,0.00753370340999207,1.4274385408406025,E1,h3_k0p5,3.0,0.5
baseline_3f,18,cusum_fgo,follower,all,1755,1755.0,0,0,0,0,0.0,0.0,0,0,0,0.0,0.0,E1,h3_k0p5,3.0,0.5
baseline_3f,19,cusum_fgo,leader,all,5044,5044.0,0,0,26,26,0.005154639175257732,0.0,0,26,26,0.005154639175257732,0.0,E1,h3_k0p5,3.0,0.5
baseline_3f,19,cusum_fgo,follower,all,1755,1755.0,0,0,0,0,0.0,0.0,0,0,0,0.0,0.0,E1,h3_k0p5,3.0,0.5
baseline_3f,20,cusum_fgo,leader,all,5044,5044.0,0,0,26,26,0.005154639175257732,0.0,0,26,26,0.005154639175257732,0.0,E1,h3_k0p5,3.0,0.5
baseline_3f,20,cusum_fgo,follower,all,1755,1755.0,0,0,0,0,0.0,0.0,0,0,0,0.0,0.0,E1,h3_k0p5,3.0,0.5
baseline_3f,21,cusum_fgo,leader,all,5044,5044.0,0,1,305,300,0.06046788263283109,0.7137192704203013,2,264,132,0.052339413164155434,1.4274385408406025,E1,h3_k0p5,3.0,0.5
baseline_3f,21,cusum_fgo,follower,all,1755,1755.0,0,0,0,0,0.0,0.0,0,0,0,0.0,0.0,E1,h3_k0p5,3.0,0.5
baseline_3f,22,cusum_fgo,leader,all,5044,5044.0,0,0,298,298,0.05908009516256939,0.0,2,270,132,0.0535289452815226,1.4274385408406025,E1,h3_k0p5,3.0,0.5
baseline_3f,22,cusum_fgo,follower,all,1755,1755.0,0,0,0,0,0.0,0.0,0,0,0,0.0,0.0,E1,h3_k0p5,3.0,0.5
baseline_3f,23,cusum_fgo,leader,all,5044,5044.0,0,0,29,29,0.005749405233941317,0.0,0,29,29,0.005749405233941317,0.0,E1,h3_k0p5,3.0,0.5
baseline_3f,23,cusum_fgo,follower,all,1755,1755.0,0,0,0,0,0.0,0.0,0,0,0,0.0,0.0,E1,h3_k0p5,3.0,0.5
baseline_3f,24,cusum_fgo,leader,all,5044,5044.0,0,0,26,26,0.005154639175257732,0.0,0,26,26,0.005154639175257732,0.0,E1,h3_k0p5,3.0,0.5
baseline_3f,24,cusum_fgo,follower,all,1755,1755.0,0,0,0,0,0.0,0.0,0,0,0,0.0,0.0,E1,h3_k0p5,3.0,0.5
baseline_3f,25,cusum_fgo,leader,all,5044,5044.0,0,0,26,26,0.005154639175257732,0.0,0,26,26,0.005154639175257732,0.0,E1,h3_k0p5,3.0,0.5
baseline_3f,25,cusum_fgo,follower,all,1755,1755.0,0,0,0,0,0.0,0.0,0,0,0,0.0,0.0,E1,h3_k0p5,3.0,0.5
baseline_3f,26,cusum_fgo,leader,all,5044,5044.0,0,0,26,26,0.005154639175257732,0.0,0,26,26,0.005154639175257732,0.0,E1,h3_k0p5,3.0,0.5
baseline_3f,26,cusum_fgo,follower,all,1755,1755.0,0,0,0,0,0.0,0.0,0,0,0,0.0,0.0,E1,h3_k0p5,3.0,0.5
baseline_3f,27,cusum_fgo,leader,all,5044,5044.0,0,0,462,462,0.091593973037272,0.0,2,431,225,0.08544805709754164,1.4274385408406025,E1,h3_k0p5,3.0,0.5
baseline_3f,27,cusum_fgo,follower,all,1755,1755.0,0,0,0,0,0.0,0.0,0,0,0,0.0,0.0,E1,h3_k0p5,3.0,0.5
baseline_3f,28,cusum_fgo,leader,all,5044,5044.0,0,0,29,29,0.005749405233941317,0.0,0,29,29,0.005749405233941317,0.0,E1,h3_k0p5,3.0,0.5
baseline_3f,28,cusum_fgo,follower,all,1755,1755.0,0,0,0,0,0.0,0.0,0,0,0,0.0,0.0,E1,h3_k0p5,3.0,0.5
baseline_3f,29,cusum_fgo,leader,all,5044,5044.0,0,0,26,26,0.005154639175257732,0.0,0,26,26,0.005154639175257732,0.0,E1,h3_k0p5,3.0,0.5
baseline_3f,29,cusum_fgo,follower,all,1755,1755.0,0,0,0,0,0.0,0.0,0,0,0,0.0,0.0,E1,h3_k0p5,3.0,0.5
baseline_3f,30,cusum_fgo,leader,all,5044,5044.0,0,1,69,64,0.013679619349722442,0.7137192704203013,1,69,64,0.013679619349722442,0.7137192704203013,E1,h3_k0p5,3.0,0.5
baseline_3f,30,cusum_fgo,follower,all,1755,1755.0,0,0,0,0,0.0,0.0,0,0,0,0.0,0.0,E1,h3_k0p5,3.0,0.5
baseline_3f,31,cusum_fgo,leader,all,5044,5044.0,0,0,29,29,0.005749405233941317,0.0,0,29,29,0.005749405233941317,0.0,E1,h3_k0p5,3.0,0.5
baseline_3f,31,cusum_fgo,follower,all,1755,1755.0,0,0,0,0,0.0,0.0,0,0,0,0.0,0.0,E1,h3_k0p5,3.0,0.5
baseline_3f,32,cusum_fgo,leader,all,5044,5044.0,0,0,177,177,0.03509119746233148,0.0,1,159,113,0.031522601110229975,0.7137192704203013,E1,h3_k0p5,3.0,0.5
baseline_3f,32,cusum_fgo,follower,all,1755,1755.0,0,0,0,0,0.0,0.0,0,0,0,0.0,0.0,E1,h3_k0p5,3.0,0.5
baseline_3f,33,cusum_fgo,leader,all,5044,5044.0,0,0,387,387,0.0767248215701824,0.0,2,353,155,0.06998413957176844,1.4274385408406025,E1,h3_k0p5,3.0,0.5
baseline_3f,33,cusum_fgo,follower,all,1755,1755.0,0,0,0,0,0.0,0.0,0,0,0,0.0,0.0,E1,h3_k0p5,3.0,0.5
baseline_3f,34,cusum_fgo,leader,all,5044,5044.0,0,0,362,362,0.07176843774781919,0.0,2,328,127,0.06502775574940524,1.4274385408406025,E1,h3_k0p5,3.0,0.5
baseline_3f,34,cusum_fgo,follower,all,1755,1755.0,0,0,0,0,0.0,0.0,0,0,0,0.0,0.0,E1,h3_k0p5,3.0,0.5
baseline_3f,35,cusum_fgo,leader,all,5044,5044.0,0,0,26,26,0.005154639175257732,0.0,0,26,26,0.005154639175257732,0.0,E1,h3_k0p5,3.0,0.5
baseline_3f,35,cusum_fgo,follower,all,1755,1755.0,0,0,0,0,0.0,0.0,0,0,0,0.0,0.0,E1,h3_k0p5,3.0,0.5
baseline_3f,36,cusum_fgo,leader,all,5044,5044.0,0,0,26,26,0.005154639175257732,0.0,0,26,26,0.005154639175257732,0.0,E1,h3_k0p5,3.0,0.5
baseline_3f,36,cusum_fgo,follower,all,1755,1755.0,0,0,0,0,0.0,0.0,0,0,0,0.0,0.0,E1,h3_k0p5,3.0,0.5
baseline_3f,37,cusum_fgo,leader,all,5044,5044.0,0,0,325,325,0.06443298969072164,0.0,2,289,91,0.057295796986518634,1.4274385408406025,E1,h3_k0p5,3.0,0.5
baseline_3f,37,cusum_fgo,follower,all,1755,1755.0,0,0,0,0,0.0,0.0,0,0,0,0.0,0.0,E1,h3_k0p5,3.0,0.5
baseline_3f,38,cusum_fgo,leader,all,5044,5044.0,0,1,107,104,0.021213322759714513,0.7137192704203013,1,107,104,0.021213322759714513,0.7137192704203013,E1,h3_k0p5,3.0,0.5
baseline_3f,38,cusum_fgo,follower,all,1755,1755.0,0,0,0,0,0.0,0.0,0,0,0,0.0,0.0,E1,h3_k0p5,3.0,0.5
baseline_3f,39,cusum_fgo,leader,all,5044,5044.0,0,0,26,26,0.005154639175257732,0.0,0,26,26,0.005154639175257732,0.0,E1,h3_k0p5,3.0,0.5
baseline_3f,39,cusum_fgo,follower,all,1755,1755.0,0,0,0,0,0.0,0.0,0,0,0,0.0,0.0,E1,h3_k0p5,3.0,0.5
baseline_3f,40,cusum_fgo,leader,all,5044,5044.0,0,1,513,362,0.10170499603489294,0.7137192704203013,3,429,131,0.08505154639175258,2.141157811260904,E1,h3_k0p5,3.0,0.5
baseline_3f,40,cusum_fgo,follower,all,1755,1755.0,0,0,0,0,0.0,0.0,0,0,0,0.0,0.0,E1,h3_k0p5,3.0,0.5
baseline_3f,41,cusum_fgo,leader,all,5044,5044.0,0,0,138,138,0.027359238699444885,0.0,1,120,113,0.023790642347343377,0.7137192704203013,E1,h3_k0p5,3.0,0.5
baseline_3f,41,cusum_fgo,follower,all,1755,1755.0,0,0,0,0,0.0,0.0,0,0,0,0.0,0.0,E1,h3_k0p5,3.0,0.5
baseline_3f,42,cusum_fgo,leader,all,5044,5044.0,0,0,78,78,0.015463917525773196,0.0,0,78,78,0.015463917525773196,0.0,E1,h3_k0p5,3.0,0.5
baseline_3f,42,cusum_fgo,follower,all,1755,1755.0,0,0,0,0,0.0,0.0,0,0,0,0.0,0.0,E1,h3_k0p5,3.0,0.5
baseline_3f,43,cusum_fgo,leader,all,5044,5044.0,0,0,26,26,0.005154639175257732,0.0,0,26,26,0.005154639175257732,0.0,E1,h3_k0p5,3.0,0.5
baseline_3f,43,cusum_fgo,follower,all,1755,1755.0,0,0,0,0,0.0,0.0,0,0,0,0.0,0.0,E1,h3_k0p5,3.0,0.5
baseline_3f,44,cusum_fgo,leader,all,5044,5044.0,0,0,79,79,0.015662172878667724,0.0,0,79,79,0.015662172878667724,0.0,E1,h3_k0p5,3.0,0.5
baseline_3f,44,cusum_fgo,follower,all,1755,1755.0,0,0,0,0,0.0,0.0,0,0,0,0.0,0.0,E1,h3_k0p5,3.0,0.5
baseline_3f,45,cusum_fgo,leader,all,5044,5044.0,0,0,26,26,0.005154639175257732,0.0,0,26,26,0.005154639175257732,0.0,E1,h3_k0p5,3.0,0.5
baseline_3f,45,cusum_fgo,follower,all,1755,1755.0,0,0,0,0,0.0,0.0,0,0,0,0.0,0.0,E1,h3_k0p5,3.0,0.5
baseline_3f,46,cusum_fgo,leader,all,5044,5044.0,0,0,32,32,0.006344171292624901,0.0,0,32,32,0.006344171292624901,0.0,E1,h3_k0p5,3.0,0.5
baseline_3f,46,cusum_fgo,follower,all,1755,1755.0,0,0,0,0,0.0,0.0,0,0,0,0.0,0.0,E1,h3_k0p5,3.0,0.5
baseline_3f,47,cusum_fgo,leader,all,5044,5044.0,0,0,28,28,0.0055511498810467885,0.0,0,28,28,0.0055511498810467885,0.0,E1,h3_k0p5,3.0,0.5
baseline_3f,47,cusum_fgo,follower,all,1755,1755.0,0,0,0,0,0.0,0.0,0,0,0,0.0,0.0,E1,h3_k0p5,3.0,0.5
baseline_3f,48,cusum_fgo,leader,all,5044,5044.0,0,0,26,26,0.005154639175257732,0.0,0,26,26,0.005154639175257732,0.0,E1,h3_k0p5,3.0,0.5
baseline_3f,48,cusum_fgo,follower,all,1755,1755.0,0,0,0,0,0.0,0.0,0,0,0,0.0,0.0,E1,h3_k0p5,3.0,0.5
baseline_3f,49,cusum_fgo,leader,all,5044,5044.0,0,0,28,28,0.0055511498810467885,0.0,0,28,28,0.0055511498810467885,0.0,E1,h3_k0p5,3.0,0.5
baseline_3f,49,cusum_fgo,follower,all,1755,1755.0,0,0,0,0,0.0,0.0,0,0,0,0.0,0.0,E1,h3_k0p5,3.0,0.5
baseline_3f,50,cusum_fgo,leader,all,5044,5044.0,0,0,29,29,0.005749405233941317,0.0,0,29,29,0.005749405233941317,0.0,E1,h3_k0p5,3.0,0.5
baseline_3f,50,cusum_fgo,follower,all,1755,1755.0,0,0,0,0,0.0,0.0,0,0,0,0.0,0.0,E1,h3_k0p5,3.0,0.5
healthy_maneuver,1,cusum_fgo,leader,all,5265,5265.0,0,0,0,0,0.0,0.0,0,0,0,0.0,0.0,E1,h3_k0p5,3.0,0.5
healthy_maneuver,1,cusum_fgo,leader,pre,2196,2196.0,0,0,0,0,0.0,0.0,0,0,0,0.0,0.0,E1,h3_k0p5,3.0,0.5
healthy_maneuver,1,cusum_fgo,leader,maneuver,1809,1809.0,0,0,0,0,0.0,0.0,0,0,0,0.0,0.0,E1,h3_k0p5,3.0,0.5
healthy_maneuver,1,cusum_fgo,leader,post,1260,1260.0,0,0,0,0,0.0,0.0,0,0,0,0.0,0.0,E1,h3_k0p5,3.0,0.5
healthy_maneuver,1,cusum_fgo,follower,all,1755,1755.0,0,2,294,0,0.1675213675213675,4.102564102564103,0,0,0,0.0,0.0,E1,h3_k0p5,3.0,0.5
healthy_maneuver,1,cusum_fgo,follower,pre,732,732.0,0,0,0,0,0.0,0.0,0,0,0,0.0,0.0,E1,h3_k0p5,3.0,0.5
healthy_maneuver,1,cusum_fgo,follower,maneuver,603,603.0,0,2,154,0,0.25538971807628524,11.940298507462686,0,0,0,0.0,0.0,E1,h3_k0p5,3.0,0.5
healthy_maneuver,1,cusum_fgo,follower,post,420,420.0,0,0,140,0,0.3333333333333333,0.0,0,0,0,0.0,0.0,E1,h3_k0p5,3.0,0.5
healthy_maneuver,2,cusum_fgo,leader,all,5265,5265.0,0,1,281,0,0.053371320037986704,0.6837606837606838,1,281,0,0.053371320037986704,0.6837606837606838,E1,h3_k0p5,3.0,0.5
healthy_maneuver,2,cusum_fgo,leader,pre,2196,2196.0,0,0,0,0,0.0,0.0,0,0,0,0.0,0.0,E1,h3_k0p5,3.0,0.5
healthy_maneuver,2,cusum_fgo,leader,maneuver,1809,1809.0,0,1,141,0,0.0779436152570481,1.9900497512437814,1,141,0,0.0779436152570481,1.9900497512437814,E1,h3_k0p5,3.0,0.5
healthy_maneuver,2,cusum_fgo,leader,post,1260,1260.0,0,0,140,0,0.1111111111111111,0.0,0,140,0,0.1111111111111111,0.0,E1,h3_k0p5,3.0,0.5
healthy_maneuver,2,cusum_fgo,follower,all,1755,1755.0,0,2,296,0,0.16866096866096866,4.102564102564103,0,0,0,0.0,0.0,E1,h3_k0p5,3.0,0.5
healthy_maneuver,2,cusum_fgo,follower,pre,732,732.0,0,0,0,0,0.0,0.0,0,0,0,0.0,0.0,E1,h3_k0p5,3.0,0.5
healthy_maneuver,2,cusum_fgo,follower,maneuver,603,603.0,0,2,156,0,0.25870646766169153,11.940298507462686,0,0,0,0.0,0.0,E1,h3_k0p5,3.0,0.5
healthy_maneuver,2,cusum_fgo,follower,post,420,420.0,0,0,140,0,0.3333333333333333,0.0,0,0,0,0.0,0.0,E1,h3_k0p5,3.0,0.5
healthy_maneuver,3,cusum_fgo,leader,all,5265,5265.0,0,0,0,0,0.0,0.0,0,0,0,0.0,0.0,E1,h3_k0p5,3.0,0.5
healthy_maneuver,3,cusum_fgo,leader,pre,2196,2196.0,0,0,0,0,0.0,0.0,0,0,0,0.0,0.0,E1,h3_k0p5,3.0,0.5
healthy_maneuver,3,cusum_fgo,leader,maneuver,1809,1809.0,0,0,0,0,0.0,0.0,0,0,0,0.0,0.0,E1,h3_k0p5,3.0,0.5
healthy_maneuver,3,cusum_fgo,leader,post,1260,1260.0,0,0,0,0,0.0,0.0,0,0,0,0.0,0.0,E1,h3_k0p5,3.0,0.5
healthy_maneuver,3,cusum_fgo,follower,all,1755,1755.0,0,2,562,0,0.32022792022792024,4.102564102564103,0,0,0,0.0,0.0,E1,h3_k0p5,3.0,0.5
healthy_maneuver,3,cusum_fgo,follower,pre,732,732.0,0,0,0,0,0.0,0.0,0,0,0,0.0,0.0,E1,h3_k0p5,3.0,0.5
healthy_maneuver,3,cusum_fgo,follower,maneuver,603,603.0,0,2,282,0,0.46766169154228854,11.940298507462686,0,0,0,0.0,0.0,E1,h3_k0p5,3.0,0.5
healthy_maneuver,3,cusum_fgo,follower,post,420,420.0,0,0,280,0,0.6666666666666666,0.0,0,0,0,0.0,0.0,E1,h3_k0p5,3.0,0.5
healthy_maneuver,4,cusum_fgo,leader,all,5265,5265.0,0,1,108,0,0.020512820512820513,0.6837606837606838,1,108,0,0.020512820512820513,0.6837606837606838,E1,h3_k0p5,3.0,0.5
healthy_maneuver,4,cusum_fgo,leader,pre,2196,2196.0,0,0,0,0,0.0,0.0,0,0,0,0.0,0.0,E1,h3_k0p5,3.0,0.5
healthy_maneuver,4,cusum_fgo,leader,maneuver,1809,1809.0,0,1,108,0,0.05970149253731343,1.9900497512437814,1,108,0,0.05970149253731343,1.9900497512437814,E1,h3_k0p5,3.0,0.5
healthy_maneuver,4,cusum_fgo,leader,post,1260,1260.0,0,0,0,0,0.0,0.0,0,0,0,0.0,0.0,E1,h3_k0p5,3.0,0.5
healthy_maneuver,4,cusum_fgo,follower,all,1755,1755.0,0,2,322,0,0.18347578347578347,4.102564102564103,0,0,0,0.0,0.0,E1,h3_k0p5,3.0,0.5
healthy_maneuver,4,cusum_fgo,follower,pre,732,732.0,0,0,0,0,0.0,0.0,0,0,0,0.0,0.0,E1,h3_k0p5,3.0,0.5
healthy_maneuver,4,cusum_fgo,follower,maneuver,603,603.0,0,2,182,0,0.3018242122719735,11.940298507462686,0,0,0,0.0,0.0,E1,h3_k0p5,3.0,0.5
healthy_maneuver,4,cusum_fgo,follower,post,420,420.0,0,0,140,0,0.3333333333333333,0.0,0,0,0,0.0,0.0,E1,h3_k0p5,3.0,0.5
healthy_maneuver,5,cusum_fgo,leader,all,5265,5265.0,0,0,0,0,0.0,0.0,0,0,0,0.0,0.0,E1,h3_k0p5,3.0,0.5
healthy_maneuver,5,cusum_fgo,leader,pre,2196,2196.0,0,0,0,0,0.0,0.0,0,0,0,0.0,0.0,E1,h3_k0p5,3.0,0.5
healthy_maneuver,5,cusum_fgo,leader,maneuver,1809,1809.0,0,0,0,0,0.0,0.0,0,0,0,0.0,0.0,E1,h3_k0p5,3.0,0.5
healthy_maneuver,5,cusum_fgo,leader,post,1260,1260.0,0,0,0,0,0.0,0.0,0,0,0,0.0,0.0,E1,h3_k0p5,3.0,0.5
healthy_maneuver,5,cusum_fgo,follower,all,1755,1755.0,0,2,308,0,0.1754985754985755,4.102564102564103,0,0,0,0.0,0.0,E1,h3_k0p5,3.0,0.5
healthy_maneuver,5,cusum_fgo,follower,pre,732,732.0,0,0,0,0,0.0,0.0,0,0,0,0.0,0.0,E1,h3_k0p5,3.0,0.5
healthy_maneuver,5,cusum_fgo,follower,maneuver,603,603.0,0,2,168,0,0.27860696517412936,11.940298507462686,0,0,0,0.0,0.0,E1,h3_k0p5,3.0,0.5
healthy_maneuver,5,cusum_fgo,follower,post,420,420.0,0,0,140,0,0.3333333333333333,0.0,0,0,0,0.0,0.0,E1,h3_k0p5,3.0,0.5
healthy_maneuver,6,cusum_fgo,leader,all,5265,5265.0,0,1,122,0,0.023171889838556507,0.6837606837606838,1,122,0,0.023171889838556507,0.6837606837606838,E1,h3_k0p5,3.0,0.5
healthy_maneuver,6,cusum_fgo,leader,pre,2196,2196.0,0,0,0,0,0.0,0.0,0,0,0,0.0,0.0,E1,h3_k0p5,3.0,0.5
healthy_maneuver,6,cusum_fgo,leader,maneuver,1809,1809.0,0,1,122,0,0.06744057490326147,1.9900497512437814,1,122,0,0.06744057490326147,1.9900497512437814,E1,h3_k0p5,3.0,0.5
healthy_maneuver,6,cusum_fgo,leader,post,1260,1260.0,0,0,0,0,0.0,0.0,0,0,0,0.0,0.0,E1,h3_k0p5,3.0,0.5
healthy_maneuver,6,cusum_fgo,follower,all,1755,1755.0,0,2,293,0,0.16695156695156696,4.102564102564103,0,0,0,0.0,0.0,E1,h3_k0p5,3.0,0.5
healthy_maneuver,6,cusum_fgo,follower,pre,732,732.0,0,0,0,0,0.0,0.0,0,0,0,0.0,0.0,E1,h3_k0p5,3.0,0.5
healthy_maneuver,6,cusum_fgo,follower,maneuver,603,603.0,0,2,153,0,0.2537313432835821,11.940298507462686,0,0,0,0.0,0.0,E1,h3_k0p5,3.0,0.5
healthy_maneuver,6,cusum_fgo,follower,post,420,420.0,0,0,140,0,0.3333333333333333,0.0,0,0,0,0.0,0.0,E1,h3_k0p5,3.0,0.5
healthy_maneuver,7,cusum_fgo,leader,all,5265,5265.0,0,0,0,0,0.0,0.0,0,0,0,0.0,0.0,E1,h3_k0p5,3.0,0.5
healthy_maneuver,7,cusum_fgo,leader,pre,2196,2196.0,0,0,0,0,0.0,0.0,0,0,0,0.0,0.0,E1,h3_k0p5,3.0,0.5
healthy_maneuver,7,cusum_fgo,leader,maneuver,1809,1809.0,0,0,0,0,0.0,0.0,0,0,0,0.0,0.0,E1,h3_k0p5,3.0,0.5
healthy_maneuver,7,cusum_fgo,leader,post,1260,1260.0,0,0,0,0,0.0,0.0,0,0,0,0.0,0.0,E1,h3_k0p5,3.0,0.5
healthy_maneuver,7,cusum_fgo,follower,all,1755,1755.0,0,2,299,0,0.17037037037037037,4.102564102564103,0,0,0,0.0,0.0,E1,h3_k0p5,3.0,0.5
healthy_maneuver,7,cusum_fgo,follower,pre,732,732.0,0,0,0,0,0.0,0.0,0,0,0,0.0,0.0,E1,h3_k0p5,3.0,0.5
healthy_maneuver,7,cusum_fgo,follower,maneuver,603,603.0,0,2,159,0,0.263681592039801,11.940298507462686,0,0,0,0.0,0.0,E1,h3_k0p5,3.0,0.5
healthy_maneuver,7,cusum_fgo,follower,post,420,420.0,0,0,140,0,0.3333333333333333,0.0,0,0,0,0.0,0.0,E1,h3_k0p5,3.0,0.5
healthy_maneuver,8,cusum_fgo,leader,all,5265,5265.0,0,0,0,0,0.0,0.0,0,0,0,0.0,0.0,E1,h3_k0p5,3.0,0.5
healthy_maneuver,8,cusum_fgo,leader,pre,2196,2196.0,0,0,0,0,0.0,0.0,0,0,0,0.0,0.0,E1,h3_k0p5,3.0,0.5
healthy_maneuver,8,cusum_fgo,leader,maneuver,1809,1809.0,0,0,0,0,0.0,0.0,0,0,0,0.0,0.0,E1,h3_k0p5,3.0,0.5
healthy_maneuver,8,cusum_fgo,leader,post,1260,1260.0,0,0,0,0,0.0,0.0,0,0,0,0.0,0.0,E1,h3_k0p5,3.0,0.5
healthy_maneuver,8,cusum_fgo,follower,all,1755,1755.0,0,2,127,0,0.07236467236467237,4.102564102564103,0,0,0,0.0,0.0,E1,h3_k0p5,3.0,0.5
healthy_maneuver,8,cusum_fgo,follower,pre,732,732.0,0,0,0,0,0.0,0.0,0,0,0,0.0,0.0,E1,h3_k0p5,3.0,0.5
healthy_maneuver,8,cusum_fgo,follower,maneuver,603,603.0,0,2,127,0,0.21061359867330018,11.940298507462686,0,0,0,0.0,0.0,E1,h3_k0p5,3.0,0.5
healthy_maneuver,8,cusum_fgo,follower,post,420,420.0,0,0,0,0,0.0,0.0,0,0,0,0.0,0.0,E1,h3_k0p5,3.0,0.5
healthy_maneuver,9,cusum_fgo,leader,all,5265,5265.0,0,1,101,0,0.019183285849952516,0.6837606837606838,1,101,0,0.019183285849952516,0.6837606837606838,E1,h3_k0p5,3.0,0.5
healthy_maneuver,9,cusum_fgo,leader,pre,2196,2196.0,0,0,0,0,0.0,0.0,0,0,0,0.0,0.0,E1,h3_k0p5,3.0,0.5
healthy_maneuver,9,cusum_fgo,leader,maneuver,1809,1809.0,0,1,101,0,0.05583195135433942,1.9900497512437814,1,101,0,0.05583195135433942,1.9900497512437814,E1,h3_k0p5,3.0,0.5
healthy_maneuver,9,cusum_fgo,leader,post,1260,1260.0,0,0,0,0,0.0,0.0,0,0,0,0.0,0.0,E1,h3_k0p5,3.0,0.5
healthy_maneuver,9,cusum_fgo,follower,all,1755,1755.0,0,2,206,0,0.11737891737891738,4.102564102564103,0,0,0,0.0,0.0,E1,h3_k0p5,3.0,0.5
healthy_maneuver,9,cusum_fgo,follower,pre,732,732.0,0,0,0,0,0.0,0.0,0,0,0,0.0,0.0,E1,h3_k0p5,3.0,0.5
healthy_maneuver,9,cusum_fgo,follower,maneuver,603,603.0,0,2,206,0,0.3416252072968491,11.940298507462686,0,0,0,0.0,0.0,E1,h3_k0p5,3.0,0.5
healthy_maneuver,9,cusum_fgo,follower,post,420,420.0,0,0,0,0,0.0,0.0,0,0,0,0.0,0.0,E1,h3_k0p5,3.0,0.5
healthy_maneuver,10,cusum_fgo,leader,all,5265,5265.0,0,0,0,0,0.0,0.0,0,0,0,0.0,0.0,E1,h3_k0p5,3.0,0.5
healthy_maneuver,10,cusum_fgo,leader,pre,2196,2196.0,0,0,0,0,0.0,0.0,0,0,0,0.0,0.0,E1,h3_k0p5,3.0,0.5
healthy_maneuver,10,cusum_fgo,leader,maneuver,1809,1809.0,0,0,0,0,0.0,0.0,0,0,0,0.0,0.0,E1,h3_k0p5,3.0,0.5
healthy_maneuver,10,cusum_fgo,leader,post,1260,1260.0,0,0,0,0,0.0,0.0,0,0,0,0.0,0.0,E1,h3_k0p5,3.0,0.5
healthy_maneuver,10,cusum_fgo,follower,all,1755,1755.0,0,2,299,0,0.17037037037037037,4.102564102564103,0,0,0,0.0,0.0,E1,h3_k0p5,3.0,0.5
healthy_maneuver,10,cusum_fgo,follower,pre,732,732.0,0,0,0,0,0.0,0.0,0,0,0,0.0,0.0,E1,h3_k0p5,3.0,0.5
healthy_maneuver,10,cusum_fgo,follower,maneuver,603,603.0,0,2,159,0,0.263681592039801,11.940298507462686,0,0,0,0.0,0.0,E1,h3_k0p5,3.0,0.5
healthy_maneuver,10,cusum_fgo,follower,post,420,420.0,0,0,140,0,0.3333333333333333,0.0,0,0,0,0.0,0.0,E1,h3_k0p5,3.0,0.5
healthy_maneuver,11,cusum_fgo,leader,all,5265,5265.0,0,0,0,0,0.0,0.0,0,0,0,0.0,0.0,E1,h3_k0p5,3.0,0.5
healthy_maneuver,11,cusum_fgo,leader,pre,2196,2196.0,0,0,0,0,0.0,0.0,0,0,0,0.0,0.0,E1,h3_k0p5,3.0,0.5
healthy_maneuver,11,cusum_fgo,leader,maneuver,1809,1809.0,0,0,0,0,0.0,0.0,0,0,0,0.0,0.0,E1,h3_k0p5,3.0,0.5
healthy_maneuver,11,cusum_fgo,leader,post,1260,1260.0,0,0,0,0,0.0,0.0,0,0,0,0.0,0.0,E1,h3_k0p5,3.0,0.5
healthy_maneuver,11,cusum_fgo,follower,all,1755,1755.0,0,2,381,0,0.2170940170940171,4.102564102564103,0,0,0,0.0,0.0,E1,h3_k0p5,3.0,0.5
healthy_maneuver,11,cusum_fgo,follower,pre,732,732.0,0,0,0,0,0.0,0.0,0,0,0,0.0,0.0,E1,h3_k0p5,3.0,0.5
healthy_maneuver,11,cusum_fgo,follower,maneuver,603,603.0,0,2,241,0,0.3996683250414594,11.940298507462686,0,0,0,0.0,0.0,E1,h3_k0p5,3.0,0.5
healthy_maneuver,11,cusum_fgo,follower,post,420,420.0,0,0,140,0,0.3333333333333333,0.0,0,0,0,0.0,0.0,E1,h3_k0p5,3.0,0.5
healthy_maneuver,12,cusum_fgo,leader,all,5265,5265.0,0,0,0,0,0.0,0.0,0,0,0,0.0,0.0,E1,h3_k0p5,3.0,0.5
healthy_maneuver,12,cusum_fgo,leader,pre,2196,2196.0,0,0,0,0,0.0,0.0,0,0,0,0.0,0.0,E1,h3_k0p5,3.0,0.5
healthy_maneuver,12,cusum_fgo,leader,maneuver,1809,1809.0,0,0,0,0,0.0,0.0,0,0,0,0.0,0.0,E1,h3_k0p5,3.0,0.5
healthy_maneuver,12,cusum_fgo,leader,post,1260,1260.0,0,0,0,0,0.0,0.0,0,0,0,0.0,0.0,E1,h3_k0p5,3.0,0.5
healthy_maneuver,12,cusum_fgo,follower,all,1755,1755.0,0,2,282,0,0.1606837606837607,4.102564102564103,0,0,0,0.0,0.0,E1,h3_k0p5,3.0,0.5
healthy_maneuver,12,cusum_fgo,follower,pre,732,732.0,0,0,0,0,0.0,0.0,0,0,0,0.0,0.0,E1,h3_k0p5,3.0,0.5
healthy_maneuver,12,cusum_fgo,follower,maneuver,603,603.0,0,2,142,0,0.23548922056384744,11.940298507462686,0,0,0,0.0,0.0,E1,h3_k0p5,3.0,0.5
healthy_maneuver,12,cusum_fgo,follower,post,420,420.0,0,0,140,0,0.3333333333333333,0.0,0,0,0,0.0,0.0,E1,h3_k0p5,3.0,0.5
healthy_maneuver,13,cusum_fgo,leader,all,5265,5265.0,0,0,0,0,0.0,0.0,0,0,0,0.0,0.0,E1,h3_k0p5,3.0,0.5
healthy_maneuver,13,cusum_fgo,leader,pre,2196,2196.0,0,0,0,0,0.0,0.0,0,0,0,0.0,0.0,E1,h3_k0p5,3.0,0.5
healthy_maneuver,13,cusum_fgo,leader,maneuver,1809,1809.0,0,0,0,0,0.0,0.0,0,0,0,0.0,0.0,E1,h3_k0p5,3.0,0.5
healthy_maneuver,13,cusum_fgo,leader,post,1260,1260.0,0,0,0,0,0.0,0.0,0,0,0,0.0,0.0,E1,h3_k0p5,3.0,0.5
healthy_maneuver,13,cusum_fgo,follower,all,1755,1755.0,0,2,292,0,0.16638176638176638,4.102564102564103,0,0,0,0.0,0.0,E1,h3_k0p5,3.0,0.5
healthy_maneuver,13,cusum_fgo,follower,pre,732,732.0,0,0,0,0,0.0,0.0,0,0,0,0.0,0.0,E1,h3_k0p5,3.0,0.5
healthy_maneuver,13,cusum_fgo,follower,maneuver,603,603.0,0,2,152,0,0.25207296849087896,11.940298507462686,0,0,0,0.0,0.0,E1,h3_k0p5,3.0,0.5
healthy_maneuver,13,cusum_fgo,follower,post,420,420.0,0,0,140,0,0.3333333333333333,0.0,0,0,0,0.0,0.0,E1,h3_k0p5,3.0,0.5
healthy_maneuver,14,cusum_fgo,leader,all,5265,5265.0,0,0,0,0,0.0,0.0,0,0,0,0.0,0.0,E1,h3_k0p5,3.0,0.5
healthy_maneuver,14,cusum_fgo,leader,pre,2196,2196.0,0,0,0,0,0.0,0.0,0,0,0,0.0,0.0,E1,h3_k0p5,3.0,0.5
healthy_maneuver,14,cusum_fgo,leader,maneuver,1809,1809.0,0,0,0,0,0.0,0.0,0,0,0,0.0,0.0,E1,h3_k0p5,3.0,0.5
healthy_maneuver,14,cusum_fgo,leader,post,1260,1260.0,0,0,0,0,0.0,0.0,0,0,0,0.0,0.0,E1,h3_k0p5,3.0,0.5
healthy_maneuver,14,cusum_fgo,follower,all,1755,1755.0,0,3,294,0,0.1675213675213675,6.153846153846154,0,0,0,0.0,0.0,E1,h3_k0p5,3.0,0.5
healthy_maneuver,14,cusum_fgo,follower,pre,732,732.0,0,0,0,0,0.0,0.0,0,0,0,0.0,0.0,E1,h3_k0p5,3.0,0.5
healthy_maneuver,14,cusum_fgo,follower,maneuver,603,603.0,0,3,249,0,0.4129353233830846,17.91044776119403,0,0,0,0.0,0.0,E1,h3_k0p5,3.0,0.5
healthy_maneuver,14,cusum_fgo,follower,post,420,420.0,0,0,45,0,0.10714285714285714,0.0,0,0,0,0.0,0.0,E1,h3_k0p5,3.0,0.5
healthy_maneuver,15,cusum_fgo,leader,all,5265,5265.0,0,0,0,0,0.0,0.0,0,0,0,0.0,0.0,E1,h3_k0p5,3.0,0.5
healthy_maneuver,15,cusum_fgo,leader,pre,2196,2196.0,0,0,0,0,0.0,0.0,0,0,0,0.0,0.0,E1,h3_k0p5,3.0,0.5
healthy_maneuver,15,cusum_fgo,leader,maneuver,1809,1809.0,0,0,0,0,0.0,0.0,0,0,0,0.0,0.0,E1,h3_k0p5,3.0,0.5
healthy_maneuver,15,cusum_fgo,leader,post,1260,1260.0,0,0,0,0,0.0,0.0,0,0,0,0.0,0.0,E1,h3_k0p5,3.0,0.5
healthy_maneuver,15,cusum_fgo,follower,all,1755,1755.0,0,2,375,0,0.21367521367521367,4.102564102564103,0,0,0,0.0,0.0,E1,h3_k0p5,3.0,0.5
healthy_maneuver,15,cusum_fgo,follower,pre,732,732.0,0,0,0,0,0.0,0.0,0,0,0,0.0,0.0,E1,h3_k0p5,3.0,0.5
healthy_maneuver,15,cusum_fgo,follower,maneuver,603,603.0,0,2,235,0,0.38971807628524047,11.940298507462686,0,0,0,0.0,0.0,E1,h3_k0p5,3.0,0.5
healthy_maneuver,15,cusum_fgo,follower,post,420,420.0,0,0,140,0,0.3333333333333333,0.0,0,0,0,0.0,0.0,E1,h3_k0p5,3.0,0.5
healthy_maneuver,16,cusum_fgo,leader,all,5265,5265.0,0,0,0,0,0.0,0.0,0,0,0,0.0,0.0,E1,h3_k0p5,3.0,0.5
healthy_maneuver,16,cusum_fgo,leader,pre,2196,2196.0,0,0,0,0,0.0,0.0,0,0,0,0.0,0.0,E1,h3_k0p5,3.0,0.5
healthy_maneuver,16,cusum_fgo,leader,maneuver,1809,1809.0,0,0,0,0,0.0,0.0,0,0,0,0.0,0.0,E1,h3_k0p5,3.0,0.5
healthy_maneuver,16,cusum_fgo,leader,post,1260,1260.0,0,0,0,0,0.0,0.0,0,0,0,0.0,0.0,E1,h3_k0p5,3.0,0.5
healthy_maneuver,16,cusum_fgo,follower,all,1755,1755.0,0,2,306,0,0.17435897435897435,4.102564102564103,0,0,0,0.0,0.0,E1,h3_k0p5,3.0,0.5
healthy_maneuver,16,cusum_fgo,follower,pre,732,732.0,0,0,0,0,0.0,0.0,0,0,0,0.0,0.0,E1,h3_k0p5,3.0,0.5
healthy_maneuver,16,cusum_fgo,follower,maneuver,603,603.0,0,2,166,0,0.2752902155887231,11.940298507462686,0,0,0,0.0,0.0,E1,h3_k0p5,3.0,0.5
healthy_maneuver,16,cusum_fgo,follower,post,420,420.0,0,0,140,0,0.3333333333333333,0.0,0,0,0,0.0,0.0,E1,h3_k0p5,3.0,0.5
healthy_maneuver,17,cusum_fgo,leader,all,5265,5265.0,0,1,102,0,0.019373219373219373,0.6837606837606838,1,102,0,0.019373219373219373,0.6837606837606838,E1,h3_k0p5,3.0,0.5
healthy_maneuver,17,cusum_fgo,leader,pre,2196,2196.0,0,0,0,0,0.0,0.0,0,0,0,0.0,0.0,E1,h3_k0p5,3.0,0.5
healthy_maneuver,17,cusum_fgo,leader,maneuver,1809,1809.0,0,1,102,0,0.05638474295190713,1.9900497512437814,1,102,0,0.05638474295190713,1.9900497512437814,E1,h3_k0p5,3.0,0.5
healthy_maneuver,17,cusum_fgo,leader,post,1260,1260.0,0,0,0,0,0.0,0.0,0,0,0,0.0,0.0,E1,h3_k0p5,3.0,0.5
healthy_maneuver,17,cusum_fgo,follower,all,1755,1755.0,0,2,316,0,0.18005698005698006,4.102564102564103,0,0,0,0.0,0.0,E1,h3_k0p5,3.0,0.5
healthy_maneuver,17,cusum_fgo,follower,pre,732,732.0,0,0,0,0,0.0,0.0,0,0,0,0.0,0.0,E1,h3_k0p5,3.0,0.5
healthy_maneuver,17,cusum_fgo,follower,maneuver,603,603.0,0,2,176,0,0.29187396351575456,11.940298507462686,0,0,0,0.0,0.0,E1,h3_k0p5,3.0,0.5
healthy_maneuver,17,cusum_fgo,follower,post,420,420.0,0,0,140,0,0.3333333333333333,0.0,0,0,0,0.0,0.0,E1,h3_k0p5,3.0,0.5
healthy_maneuver,18,cusum_fgo,leader,all,5265,5265.0,0,1,80,0,0.015194681861348529,0.6837606837606838,1,80,0,0.015194681861348529,0.6837606837606838,E1,h3_k0p5,3.0,0.5
healthy_maneuver,18,cusum_fgo,leader,pre,2196,2196.0,0,0,0,0,0.0,0.0,0,0,0,0.0,0.0,E1,h3_k0p5,3.0,0.5
healthy_maneuver,18,cusum_fgo,leader,maneuver,1809,1809.0,0,1,80,0,0.04422332780541736,1.9900497512437814,1,80,0,0.04422332780541736,1.9900497512437814,E1,h3_k0p5,3.0,0.5
healthy_maneuver,18,cusum_fgo,leader,post,1260,1260.0,0,0,0,0,0.0,0.0,0,0,0,0.0,0.0,E1,h3_k0p5,3.0,0.5
healthy_maneuver,18,cusum_fgo,follower,all,1755,1755.0,0,2,319,0,0.18176638176638177,4.102564102564103,0,0,0,0.0,0.0,E1,h3_k0p5,3.0,0.5
healthy_maneuver,18,cusum_fgo,follower,pre,732,732.0,0,0,0,0,0.0,0.0,0,0,0,0.0,0.0,E1,h3_k0p5,3.0,0.5
healthy_maneuver,18,cusum_fgo,follower,maneuver,603,603.0,0,2,179,0,0.296849087893864,11.940298507462686,0,0,0,0.0,0.0,E1,h3_k0p5,3.0,0.5
healthy_maneuver,18,cusum_fgo,follower,post,420,420.0,0,0,140,0,0.3333333333333333,0.0,0,0,0,0.0,0.0,E1,h3_k0p5,3.0,0.5
healthy_maneuver,19,cusum_fgo,leader,all,5265,5265.0,0,0,0,0,0.0,0.0,0,0,0,0.0,0.0,E1,h3_k0p5,3.0,0.5
healthy_maneuver,19,cusum_fgo,leader,pre,2196,2196.0,0,0,0,0,0.0,0.0,0,0,0,0.0,0.0,E1,h3_k0p5,3.0,0.5
healthy_maneuver,19,cusum_fgo,leader,maneuver,1809,1809.0,0,0,0,0,0.0,0.0,0,0,0,0.0,0.0,E1,h3_k0p5,3.0,0.5
healthy_maneuver,19,cusum_fgo,leader,post,1260,1260.0,0,0,0,0,0.0,0.0,0,0,0,0.0,0.0,E1,h3_k0p5,3.0,0.5
healthy_maneuver,19,cusum_fgo,follower,all,1755,1755.0,0,3,194,0,0.11054131054131054,6.153846153846154,0,0,0,0.0,0.0,E1,h3_k0p5,3.0,0.5
healthy_maneuver,19,cusum_fgo,follower,pre,732,732.0,0,0,0,0,0.0,0.0,0,0,0,0.0,0.0,E1,h3_k0p5,3.0,0.5
healthy_maneuver,19,cusum_fgo,follower,maneuver,603,603.0,0,3,127,0,0.21061359867330018,17.91044776119403,0,0,0,0.0,0.0,E1,h3_k0p5,3.0,0.5
healthy_maneuver,19,cusum_fgo,follower,post,420,420.0,0,0,67,0,0.1595238095238095,0.0,0,0,0,0.0,0.0,E1,h3_k0p5,3.0,0.5
healthy_maneuver,20,cusum_fgo,leader,all,5265,5265.0,0,0,0,0,0.0,0.0,0,0,0,0.0,0.0,E1,h3_k0p5,3.0,0.5
healthy_maneuver,20,cusum_fgo,leader,pre,2196,2196.0,0,0,0,0,0.0,0.0,0,0,0,0.0,0.0,E1,h3_k0p5,3.0,0.5
healthy_maneuver,20,cusum_fgo,leader,maneuver,1809,1809.0,0,0,0,0,0.0,0.0,0,0,0,0.0,0.0,E1,h3_k0p5,3.0,0.5
healthy_maneuver,20,cusum_fgo,leader,post,1260,1260.0,0,0,0,0,0.0,0.0,0,0,0,0.0,0.0,E1,h3_k0p5,3.0,0.5
healthy_maneuver,20,cusum_fgo,follower,all,1755,1755.0,0,3,387,0,0.2205128205128205,6.153846153846154,0,0,0,0.0,0.0,E1,h3_k0p5,3.0,0.5
healthy_maneuver,20,cusum_fgo,follower,pre,732,732.0,0,0,0,0,0.0,0.0,0,0,0,0.0,0.0,E1,h3_k0p5,3.0,0.5
healthy_maneuver,20,cusum_fgo,follower,maneuver,603,603.0,0,3,247,0,0.4096185737976783,17.91044776119403,0,0,0,0.0,0.0,E1,h3_k0p5,3.0,0.5
healthy_maneuver,20,cusum_fgo,follower,post,420,420.0,0,0,140,0,0.3333333333333333,0.0,0,0,0,0.0,0.0,E1,h3_k0p5,3.0,0.5
healthy_maneuver,21,cusum_fgo,leader,all,5265,5265.0,0,0,0,0,0.0,0.0,0,0,0,0.0,0.0,E1,h3_k0p5,3.0,0.5
healthy_maneuver,21,cusum_fgo,leader,pre,2196,2196.0,0,0,0,0,0.0,0.0,0,0,0,0.0,0.0,E1,h3_k0p5,3.0,0.5
healthy_maneuver,21,cusum_fgo,leader,maneuver,1809,1809.0,0,0,0,0,0.0,0.0,0,0,0,0.0,0.0,E1,h3_k0p5,3.0,0.5
healthy_maneuver,21,cusum_fgo,leader,post,1260,1260.0,0,0,0,0,0.0,0.0,0,0,0,0.0,0.0,E1,h3_k0p5,3.0,0.5
healthy_maneuver,21,cusum_fgo,follower,all,1755,1755.0,0,3,448,0,0.2552706552706553,6.153846153846154,0,0,0,0.0,0.0,E1,h3_k0p5,3.0,0.5
healthy_maneuver,21,cusum_fgo,follower,pre,732,732.0,0,0,0,0,0.0,0.0,0,0,0,0.0,0.0,E1,h3_k0p5,3.0,0.5
healthy_maneuver,21,cusum_fgo,follower,maneuver,603,603.0,0,2,280,0,0.46434494195688225,11.940298507462686,0,0,0,0.0,0.0,E1,h3_k0p5,3.0,0.5
healthy_maneuver,21,cusum_fgo,follower,post,420,420.0,0,1,168,0,0.4,8.571428571428571,0,0,0,0.0,0.0,E1,h3_k0p5,3.0,0.5
healthy_maneuver,22,cusum_fgo,leader,all,5265,5265.0,0,0,0,0,0.0,0.0,0,0,0,0.0,0.0,E1,h3_k0p5,3.0,0.5
healthy_maneuver,22,cusum_fgo,leader,pre,2196,2196.0,0,0,0,0,0.0,0.0,0,0,0,0.0,0.0,E1,h3_k0p5,3.0,0.5
healthy_maneuver,22,cusum_fgo,leader,maneuver,1809,1809.0,0,0,0,0,0.0,0.0,0,0,0,0.0,0.0,E1,h3_k0p5,3.0,0.5
healthy_maneuver,22,cusum_fgo,leader,post,1260,1260.0,0,0,0,0,0.0,0.0,0,0,0,0.0,0.0,E1,h3_k0p5,3.0,0.5
healthy_maneuver,22,cusum_fgo,follower,all,1755,1755.0,0,2,544,0,0.30997150997150996,4.102564102564103,0,0,0,0.0,0.0,E1,h3_k0p5,3.0,0.5
healthy_maneuver,22,cusum_fgo,follower,pre,732,732.0,0,0,0,0,0.0,0.0,0,0,0,0.0,0.0,E1,h3_k0p5,3.0,0.5
healthy_maneuver,22,cusum_fgo,follower,maneuver,603,603.0,0,2,264,0,0.43781094527363185,11.940298507462686,0,0,0,0.0,0.0,E1,h3_k0p5,3.0,0.5
healthy_maneuver,22,cusum_fgo,follower,post,420,420.0,0,0,280,0,0.6666666666666666,0.0,0,0,0,0.0,0.0,E1,h3_k0p5,3.0,0.5
healthy_maneuver,23,cusum_fgo,leader,all,5265,5265.0,0,0,0,0,0.0,0.0,0,0,0,0.0,0.0,E1,h3_k0p5,3.0,0.5
healthy_maneuver,23,cusum_fgo,leader,pre,2196,2196.0,0,0,0,0,0.0,0.0,0,0,0,0.0,0.0,E1,h3_k0p5,3.0,0.5
healthy_maneuver,23,cusum_fgo,leader,maneuver,1809,1809.0,0,0,0,0,0.0,0.0,0,0,0,0.0,0.0,E1,h3_k0p5,3.0,0.5
healthy_maneuver,23,cusum_fgo,leader,post,1260,1260.0,0,0,0,0,0.0,0.0,0,0,0,0.0,0.0,E1,h3_k0p5,3.0,0.5
healthy_maneuver,23,cusum_fgo,follower,all,1755,1755.0,0,2,270,0,0.15384615384615385,4.102564102564103,0,0,0,0.0,0.0,E1,h3_k0p5,3.0,0.5
healthy_maneuver,23,cusum_fgo,follower,pre,732,732.0,0,0,0,0,0.0,0.0,0,0,0,0.0,0.0,E1,h3_k0p5,3.0,0.5
healthy_maneuver,23,cusum_fgo,follower,maneuver,603,603.0,0,2,266,0,0.44112769485903813,11.940298507462686,0,0,0,0.0,0.0,E1,h3_k0p5,3.0,0.5
healthy_maneuver,23,cusum_fgo,follower,post,420,420.0,0,0,4,0,0.009523809523809525,0.0,0,0,0,0.0,0.0,E1,h3_k0p5,3.0,0.5
healthy_maneuver,24,cusum_fgo,leader,all,5265,5265.0,0,0,0,0,0.0,0.0,0,0,0,0.0,0.0,E1,h3_k0p5,3.0,0.5
healthy_maneuver,24,cusum_fgo,leader,pre,2196,2196.0,0,0,0,0,0.0,0.0,0,0,0,0.0,0.0,E1,h3_k0p5,3.0,0.5
healthy_maneuver,24,cusum_fgo,leader,maneuver,1809,1809.0,0,0,0,0,0.0,0.0,0,0,0,0.0,0.0,E1,h3_k0p5,3.0,0.5
healthy_maneuver,24,cusum_fgo,leader,post,1260,1260.0,0,0,0,0,0.0,0.0,0,0,0,0.0,0.0,E1,h3_k0p5,3.0,0.5
healthy_maneuver,24,cusum_fgo,follower,all,1755,1755.0,0,2,253,0,0.14415954415954416,4.102564102564103,0,0,0,0.0,0.0,E1,h3_k0p5,3.0,0.5
healthy_maneuver,24,cusum_fgo,follower,pre,732,732.0,0,0,0,0,0.0,0.0,0,0,0,0.0,0.0,E1,h3_k0p5,3.0,0.5
healthy_maneuver,24,cusum_fgo,follower,maneuver,603,603.0,0,2,253,0,0.41956882255389716,11.940298507462686,0,0,0,0.0,0.0,E1,h3_k0p5,3.0,0.5
healthy_maneuver,24,cusum_fgo,follower,post,420,420.0,0,0,0,0,0.0,0.0,0,0,0,0.0,0.0,E1,h3_k0p5,3.0,0.5
healthy_maneuver,25,cusum_fgo,leader,all,5265,5265.0,0,1,278,0,0.052801519468186134,0.6837606837606838,1,278,0,0.052801519468186134,0.6837606837606838,E1,h3_k0p5,3.0,0.5
healthy_maneuver,25,cusum_fgo,leader,pre,2196,2196.0,0,0,0,0,0.0,0.0,0,0,0,0.0,0.0,E1,h3_k0p5,3.0,0.5
healthy_maneuver,25,cusum_fgo,leader,maneuver,1809,1809.0,0,1,138,0,0.07628524046434494,1.9900497512437814,1,138,0,0.07628524046434494,1.9900497512437814,E1,h3_k0p5,3.0,0.5
healthy_maneuver,25,cusum_fgo,leader,post,1260,1260.0,0,0,140,0,0.1111111111111111,0.0,0,140,0,0.1111111111111111,0.0,E1,h3_k0p5,3.0,0.5
healthy_maneuver,25,cusum_fgo,follower,all,1755,1755.0,0,2,294,0,0.1675213675213675,4.102564102564103,0,0,0,0.0,0.0,E1,h3_k0p5,3.0,0.5
healthy_maneuver,25,cusum_fgo,follower,pre,732,732.0,0,0,0,0,0.0,0.0,0,0,0,0.0,0.0,E1,h3_k0p5,3.0,0.5
healthy_maneuver,25,cusum_fgo,follower,maneuver,603,603.0,0,2,277,0,0.4593698175787728,11.940298507462686,0,0,0,0.0,0.0,E1,h3_k0p5,3.0,0.5
healthy_maneuver,25,cusum_fgo,follower,post,420,420.0,0,0,17,0,0.04047619047619048,0.0,0,0,0,0.0,0.0,E1,h3_k0p5,3.0,0.5
healthy_maneuver,26,cusum_fgo,leader,all,5265,5265.0,0,0,0,0,0.0,0.0,0,0,0,0.0,0.0,E1,h3_k0p5,3.0,0.5
healthy_maneuver,26,cusum_fgo,leader,pre,2196,2196.0,0,0,0,0,0.0,0.0,0,0,0,0.0,0.0,E1,h3_k0p5,3.0,0.5
healthy_maneuver,26,cusum_fgo,leader,maneuver,1809,1809.0,0,0,0,0,0.0,0.0,0,0,0,0.0,0.0,E1,h3_k0p5,3.0,0.5
healthy_maneuver,26,cusum_fgo,leader,post,1260,1260.0,0,0,0,0,0.0,0.0,0,0,0,0.0,0.0,E1,h3_k0p5,3.0,0.5
healthy_maneuver,26,cusum_fgo,follower,all,1755,1755.0,0,2,458,0,0.26096866096866095,4.102564102564103,0,0,0,0.0,0.0,E1,h3_k0p5,3.0,0.5
healthy_maneuver,26,cusum_fgo,follower,pre,732,732.0,0,0,0,0,0.0,0.0,0,0,0,0.0,0.0,E1,h3_k0p5,3.0,0.5
healthy_maneuver,26,cusum_fgo,follower,maneuver,603,603.0,0,2,178,0,0.29519071310116085,11.940298507462686,0,0,0,0.0,0.0,E1,h3_k0p5,3.0,0.5
healthy_maneuver,26,cusum_fgo,follower,post,420,420.0,0,0,280,0,0.6666666666666666,0.0,0,0,0,0.0,0.0,E1,h3_k0p5,3.0,0.5
healthy_maneuver,27,cusum_fgo,leader,all,5265,5265.0,0,1,108,0,0.020512820512820513,0.6837606837606838,1,108,0,0.020512820512820513,0.6837606837606838,E1,h3_k0p5,3.0,0.5
healthy_maneuver,27,cusum_fgo,leader,pre,2196,2196.0,0,0,0,0,0.0,0.0,0,0,0,0.0,0.0,E1,h3_k0p5,3.0,0.5
healthy_maneuver,27,cusum_fgo,leader,maneuver,1809,1809.0,0,1,108,0,0.05970149253731343,1.9900497512437814,1,108,0,0.05970149253731343,1.9900497512437814,E1,h3_k0p5,3.0,0.5
healthy_maneuver,27,cusum_fgo,leader,post,1260,1260.0,0,0,0,0,0.0,0.0,0,0,0,0.0,0.0,E1,h3_k0p5,3.0,0.5
healthy_maneuver,27,cusum_fgo,follower,all,1755,1755.0,0,2,238,0,0.1356125356125356,4.102564102564103,0,0,0,0.0,0.0,E1,h3_k0p5,3.0,0.5
healthy_maneuver,27,cusum_fgo,follower,pre,732,732.0,0,0,0,0,0.0,0.0,0,0,0,0.0,0.0,E1,h3_k0p5,3.0,0.5
healthy_maneuver,27,cusum_fgo,follower,maneuver,603,603.0,0,2,238,0,0.3946932006633499,11.940298507462686,0,0,0,0.0,0.0,E1,h3_k0p5,3.0,0.5
healthy_maneuver,27,cusum_fgo,follower,post,420,420.0,0,0,0,0,0.0,0.0,0,0,0,0.0,0.0,E1,h3_k0p5,3.0,0.5
healthy_maneuver,28,cusum_fgo,leader,all,5265,5265.0,0,1,96,0,0.018233618233618232,0.6837606837606838,1,96,0,0.018233618233618232,0.6837606837606838,E1,h3_k0p5,3.0,0.5
healthy_maneuver,28,cusum_fgo,leader,pre,2196,2196.0,0,0,0,0,0.0,0.0,0,0,0,0.0,0.0,E1,h3_k0p5,3.0,0.5
healthy_maneuver,28,cusum_fgo,leader,maneuver,1809,1809.0,0,1,96,0,0.05306799336650083,1.9900497512437814,1,96,0,0.05306799336650083,1.9900497512437814,E1,h3_k0p5,3.0,0.5
healthy_maneuver,28,cusum_fgo,leader,post,1260,1260.0,0,0,0,0,0.0,0.0,0,0,0,0.0,0.0,E1,h3_k0p5,3.0,0.5
healthy_maneuver,28,cusum_fgo,follower,all,1755,1755.0,0,2,237,0,0.13504273504273503,4.102564102564103,0,0,0,0.0,0.0,E1,h3_k0p5,3.0,0.5
healthy_maneuver,28,cusum_fgo,follower,pre,732,732.0,0,0,0,0,0.0,0.0,0,0,0,0.0,0.0,E1,h3_k0p5,3.0,0.5
healthy_maneuver,28,cusum_fgo,follower,maneuver,603,603.0,0,2,237,0,0.39303482587064675,11.940298507462686,0,0,0,0.0,0.0,E1,h3_k0p5,3.0,0.5
healthy_maneuver,28,cusum_fgo,follower,post,420,420.0,0,0,0,0,0.0,0.0,0,0,0,0.0,0.0,E1,h3_k0p5,3.0,0.5
healthy_maneuver,29,cusum_fgo,leader,all,5265,5265.0,0,1,103,0,0.01956315289648623,0.6837606837606838,1,103,0,0.01956315289648623,0.6837606837606838,E1,h3_k0p5,3.0,0.5
healthy_maneuver,29,cusum_fgo,leader,pre,2196,2196.0,0,0,0,0,0.0,0.0,0,0,0,0.0,0.0,E1,h3_k0p5,3.0,0.5
healthy_maneuver,29,cusum_fgo,leader,maneuver,1809,1809.0,0,1,103,0,0.056937534549474846,1.9900497512437814,1,103,0,0.056937534549474846,1.9900497512437814,E1,h3_k0p5,3.0,0.5
healthy_maneuver,29,cusum_fgo,leader,post,1260,1260.0,0,0,0,0,0.0,0.0,0,0,0,0.0,0.0,E1,h3_k0p5,3.0,0.5
healthy_maneuver,29,cusum_fgo,follower,all,1755,1755.0,0,2,464,0,0.2643874643874644,4.102564102564103,0,0,0,0.0,0.0,E1,h3_k0p5,3.0,0.5
healthy_maneuver,29,cusum_fgo,follower,pre,732,732.0,0,0,0,0,0.0,0.0,0,0,0,0.0,0.0,E1,h3_k0p5,3.0,0.5
healthy_maneuver,29,cusum_fgo,follower,maneuver,603,603.0,0,2,184,0,0.30514096185737977,11.940298507462686,0,0,0,0.0,0.0,E1,h3_k0p5,3.0,0.5
healthy_maneuver,29,cusum_fgo,follower,post,420,420.0,0,0,280,0,0.6666666666666666,0.0,0,0,0,0.0,0.0,E1,h3_k0p5,3.0,0.5
healthy_maneuver,30,cusum_fgo,leader,all,5265,5265.0,0,0,0,0,0.0,0.0,0,0,0,0.0,0.0,E1,h3_k0p5,3.0,0.5
healthy_maneuver,30,cusum_fgo,leader,pre,2196,2196.0,0,0,0,0,0.0,0.0,0,0,0,0.0,0.0,E1,h3_k0p5,3.0,0.5
healthy_maneuver,30,cusum_fgo,leader,maneuver,1809,1809.0,0,0,0,0,0.0,0.0,0,0,0,0.0,0.0,E1,h3_k0p5,3.0,0.5
healthy_maneuver,30,cusum_fgo,leader,post,1260,1260.0,0,0,0,0,0.0,0.0,0,0,0,0.0,0.0,E1,h3_k0p5,3.0,0.5
healthy_maneuver,30,cusum_fgo,follower,all,1755,1755.0,0,2,275,0,0.15669515669515668,4.102564102564103,0,0,0,0.0,0.0,E1,h3_k0p5,3.0,0.5
healthy_maneuver,30,cusum_fgo,follower,pre,732,732.0,0,0,0,0,0.0,0.0,0,0,0,0.0,0.0,E1,h3_k0p5,3.0,0.5
healthy_maneuver,30,cusum_fgo,follower,maneuver,603,603.0,0,2,255,0,0.4228855721393035,11.940298507462686,0,0,0,0.0,0.0,E1,h3_k0p5,3.0,0.5
healthy_maneuver,30,cusum_fgo,follower,post,420,420.0,0,0,20,0,0.047619047619047616,0.0,0,0,0,0.0,0.0,E1,h3_k0p5,3.0,0.5
healthy_maneuver,31,cusum_fgo,leader,all,5265,5265.0,0,0,0,0,0.0,0.0,0,0,0,0.0,0.0,E1,h3_k0p5,3.0,0.5
healthy_maneuver,31,cusum_fgo,leader,pre,2196,2196.0,0,0,0,0,0.0,0.0,0,0,0,0.0,0.0,E1,h3_k0p5,3.0,0.5
healthy_maneuver,31,cusum_fgo,leader,maneuver,1809,1809.0,0,0,0,0,0.0,0.0,0,0,0,0.0,0.0,E1,h3_k0p5,3.0,0.5
healthy_maneuver,31,cusum_fgo,leader,post,1260,1260.0,0,0,0,0,0.0,0.0,0,0,0,0.0,0.0,E1,h3_k0p5,3.0,0.5
healthy_maneuver,31,cusum_fgo,follower,all,1755,1755.0,0,2,310,0,0.17663817663817663,4.102564102564103,0,0,0,0.0,0.0,E1,h3_k0p5,3.0,0.5
healthy_maneuver,31,cusum_fgo,follower,pre,732,732.0,0,0,0,0,0.0,0.0,0,0,0,0.0,0.0,E1,h3_k0p5,3.0,0.5
healthy_maneuver,31,cusum_fgo,follower,maneuver,603,603.0,0,2,170,0,0.28192371475953565,11.940298507462686,0,0,0,0.0,0.0,E1,h3_k0p5,3.0,0.5
healthy_maneuver,31,cusum_fgo,follower,post,420,420.0,0,0,140,0,0.3333333333333333,0.0,0,0,0,0.0,0.0,E1,h3_k0p5,3.0,0.5
healthy_maneuver,32,cusum_fgo,leader,all,5265,5265.0,0,0,0,0,0.0,0.0,0,0,0,0.0,0.0,E1,h3_k0p5,3.0,0.5
healthy_maneuver,32,cusum_fgo,leader,pre,2196,2196.0,0,0,0,0,0.0,0.0,0,0,0,0.0,0.0,E1,h3_k0p5,3.0,0.5
healthy_maneuver,32,cusum_fgo,leader,maneuver,1809,1809.0,0,0,0,0,0.0,0.0,0,0,0,0.0,0.0,E1,h3_k0p5,3.0,0.5
healthy_maneuver,32,cusum_fgo,leader,post,1260,1260.0,0,0,0,0,0.0,0.0,0,0,0,0.0,0.0,E1,h3_k0p5,3.0,0.5
healthy_maneuver,32,cusum_fgo,follower,all,1755,1755.0,0,2,394,0,0.2245014245014245,4.102564102564103,0,0,0,0.0,0.0,E1,h3_k0p5,3.0,0.5
healthy_maneuver,32,cusum_fgo,follower,pre,732,732.0,0,0,0,0,0.0,0.0,0,0,0,0.0,0.0,E1,h3_k0p5,3.0,0.5
healthy_maneuver,32,cusum_fgo,follower,maneuver,603,603.0,0,2,254,0,0.42122719734660036,11.940298507462686,0,0,0,0.0,0.0,E1,h3_k0p5,3.0,0.5
healthy_maneuver,32,cusum_fgo,follower,post,420,420.0,0,0,140,0,0.3333333333333333,0.0,0,0,0,0.0,0.0,E1,h3_k0p5,3.0,0.5
healthy_maneuver,33,cusum_fgo,leader,all,5265,5265.0,0,0,0,0,0.0,0.0,0,0,0,0.0,0.0,E1,h3_k0p5,3.0,0.5
healthy_maneuver,33,cusum_fgo,leader,pre,2196,2196.0,0,0,0,0,0.0,0.0,0,0,0,0.0,0.0,E1,h3_k0p5,3.0,0.5
healthy_maneuver,33,cusum_fgo,leader,maneuver,1809,1809.0,0,0,0,0,0.0,0.0,0,0,0,0.0,0.0,E1,h3_k0p5,3.0,0.5
healthy_maneuver,33,cusum_fgo,leader,post,1260,1260.0,0,0,0,0,0.0,0.0,0,0,0,0.0,0.0,E1,h3_k0p5,3.0,0.5
healthy_maneuver,33,cusum_fgo,follower,all,1755,1755.0,0,2,556,0,0.31680911680911683,4.102564102564103,0,0,0,0.0,0.0,E1,h3_k0p5,3.0,0.5
healthy_maneuver,33,cusum_fgo,follower,pre,732,732.0,0,0,0,0,0.0,0.0,0,0,0,0.0,0.0,E1,h3_k0p5,3.0,0.5
healthy_maneuver,33,cusum_fgo,follower,maneuver,603,603.0,0,2,276,0,0.4577114427860697,11.940298507462686,0,0,0,0.0,0.0,E1,h3_k0p5,3.0,0.5
healthy_maneuver,33,cusum_fgo,follower,post,420,420.0,0,0,280,0,0.6666666666666666,0.0,0,0,0,0.0,0.0,E1,h3_k0p5,3.0,0.5
healthy_maneuver,34,cusum_fgo,leader,all,5265,5265.0,0,1,105,0,0.019943019943019943,0.6837606837606838,1,105,0,0.019943019943019943,0.6837606837606838,E1,h3_k0p5,3.0,0.5
healthy_maneuver,34,cusum_fgo,leader,pre,2196,2196.0,0,0,0,0,0.0,0.0,0,0,0,0.0,0.0,E1,h3_k0p5,3.0,0.5
healthy_maneuver,34,cusum_fgo,leader,maneuver,1809,1809.0,0,1,105,0,0.05804311774461028,1.9900497512437814,1,105,0,0.05804311774461028,1.9900497512437814,E1,h3_k0p5,3.0,0.5
healthy_maneuver,34,cusum_fgo,leader,post,1260,1260.0,0,0,0,0,0.0,0.0,0,0,0,0.0,0.0,E1,h3_k0p5,3.0,0.5
healthy_maneuver,34,cusum_fgo,follower,all,1755,1755.0,0,2,463,0,0.2638176638176638,4.102564102564103,0,0,0,0.0,0.0,E1,h3_k0p5,3.0,0.5
healthy_maneuver,34,cusum_fgo,follower,pre,732,732.0,0,0,0,0,0.0,0.0,0,0,0,0.0,0.0,E1,h3_k0p5,3.0,0.5
healthy_maneuver,34,cusum_fgo,follower,maneuver,603,603.0,0,2,183,0,0.3034825870646766,11.940298507462686,0,0,0,0.0,0.0,E1,h3_k0p5,3.0,0.5
healthy_maneuver,34,cusum_fgo,follower,post,420,420.0,0,0,280,0,0.6666666666666666,0.0,0,0,0,0.0,0.0,E1,h3_k0p5,3.0,0.5
healthy_maneuver,35,cusum_fgo,leader,all,5265,5265.0,0,0,0,0,0.0,0.0,0,0,0,0.0,0.0,E1,h3_k0p5,3.0,0.5
healthy_maneuver,35,cusum_fgo,leader,pre,2196,2196.0,0,0,0,0,0.0,0.0,0,0,0,0.0,0.0,E1,h3_k0p5,3.0,0.5
healthy_maneuver,35,cusum_fgo,leader,maneuver,1809,1809.0,0,0,0,0,0.0,0.0,0,0,0,0.0,0.0,E1,h3_k0p5,3.0,0.5
healthy_maneuver,35,cusum_fgo,leader,post,1260,1260.0,0,0,0,0,0.0,0.0,0,0,0,0.0,0.0,E1,h3_k0p5,3.0,0.5
healthy_maneuver,35,cusum_fgo,follower,all,1755,1755.0,0,2,229,0,0.13048433048433047,4.102564102564103,0,0,0,0.0,0.0,E1,h3_k0p5,3.0,0.5
healthy_maneuver,35,cusum_fgo,follower,pre,732,732.0,0,0,0,0,0.0,0.0,0,0,0,0.0,0.0,E1,h3_k0p5,3.0,0.5
healthy_maneuver,35,cusum_fgo,follower,maneuver,603,603.0,0,2,159,0,0.263681592039801,11.940298507462686,0,0,0,0.0,0.0,E1,h3_k0p5,3.0,0.5
healthy_maneuver,35,cusum_fgo,follower,post,420,420.0,0,0,70,0,0.16666666666666666,0.0,0,0,0,0.0,0.0,E1,h3_k0p5,3.0,0.5
healthy_maneuver,36,cusum_fgo,leader,all,5265,5265.0,0,1,89,0,0.01690408357075024,0.6837606837606838,1,89,0,0.01690408357075024,0.6837606837606838,E1,h3_k0p5,3.0,0.5
healthy_maneuver,36,cusum_fgo,leader,pre,2196,2196.0,0,0,0,0,0.0,0.0,0,0,0,0.0,0.0,E1,h3_k0p5,3.0,0.5
healthy_maneuver,36,cusum_fgo,leader,maneuver,1809,1809.0,0,1,89,0,0.04919845218352681,1.9900497512437814,1,89,0,0.04919845218352681,1.9900497512437814,E1,h3_k0p5,3.0,0.5
healthy_maneuver,36,cusum_fgo,leader,post,1260,1260.0,0,0,0,0,0.0,0.0,0,0,0,0.0,0.0,E1,h3_k0p5,3.0,0.5
healthy_maneuver,36,cusum_fgo,follower,all,1755,1755.0,0,2,404,0,0.2301994301994302,4.102564102564103,0,0,0,0.0,0.0,E1,h3_k0p5,3.0,0.5
healthy_maneuver,36,cusum_fgo,follower,pre,732,732.0,0,0,0,0,0.0,0.0,0,0,0,0.0,0.0,E1,h3_k0p5,3.0,0.5
healthy_maneuver,36,cusum_fgo,follower,maneuver,603,603.0,0,2,264,0,0.43781094527363185,11.940298507462686,0,0,0,0.0,0.0,E1,h3_k0p5,3.0,0.5
healthy_maneuver,36,cusum_fgo,follower,post,420,420.0,0,0,140,0,0.3333333333333333,0.0,0,0,0,0.0,0.0,E1,h3_k0p5,3.0,0.5
healthy_maneuver,37,cusum_fgo,leader,all,5265,5265.0,0,0,0,0,0.0,0.0,0,0,0,0.0,0.0,E1,h3_k0p5,3.0,0.5
healthy_maneuver,37,cusum_fgo,leader,pre,2196,2196.0,0,0,0,0,0.0,0.0,0,0,0,0.0,0.0,E1,h3_k0p5,3.0,0.5
healthy_maneuver,37,cusum_fgo,leader,maneuver,1809,1809.0,0,0,0,0,0.0,0.0,0,0,0,0.0,0.0,E1,h3_k0p5,3.0,0.5
healthy_maneuver,37,cusum_fgo,leader,post,1260,1260.0,0,0,0,0,0.0,0.0,0,0,0,0.0,0.0,E1,h3_k0p5,3.0,0.5
healthy_maneuver,37,cusum_fgo,follower,all,1755,1755.0,0,4,301,0,0.17150997150997152,8.205128205128206,0,0,0,0.0,0.0,E1,h3_k0p5,3.0,0.5
healthy_maneuver,37,cusum_fgo,follower,pre,732,732.0,0,0,0,0,0.0,0.0,0,0,0,0.0,0.0,E1,h3_k0p5,3.0,0.5
healthy_maneuver,37,cusum_fgo,follower,maneuver,603,603.0,0,2,255,0,0.4228855721393035,11.940298507462686,0,0,0,0.0,0.0,E1,h3_k0p5,3.0,0.5
healthy_maneuver,37,cusum_fgo,follower,post,420,420.0,0,2,46,0,0.10952380952380952,17.142857142857142,0,0,0,0.0,0.0,E1,h3_k0p5,3.0,0.5
healthy_maneuver,38,cusum_fgo,leader,all,5265,5265.0,0,0,0,0,0.0,0.0,0,0,0,0.0,0.0,E1,h3_k0p5,3.0,0.5
healthy_maneuver,38,cusum_fgo,leader,pre,2196,2196.0,0,0,0,0,0.0,0.0,0,0,0,0.0,0.0,E1,h3_k0p5,3.0,0.5
healthy_maneuver,38,cusum_fgo,leader,maneuver,1809,1809.0,0,0,0,0,0.0,0.0,0,0,0,0.0,0.0,E1,h3_k0p5,3.0,0.5
healthy_maneuver,38,cusum_fgo,leader,post,1260,1260.0,0,0,0,0,0.0,0.0,0,0,0,0.0,0.0,E1,h3_k0p5,3.0,0.5
healthy_maneuver,38,cusum_fgo,follower,all,1755,1755.0,0,2,317,0,0.18062678062678061,4.102564102564103,0,0,0,0.0,0.0,E1,h3_k0p5,3.0,0.5
healthy_maneuver,38,cusum_fgo,follower,pre,732,732.0,0,0,0,0,0.0,0.0,0,0,0,0.0,0.0,E1,h3_k0p5,3.0,0.5
healthy_maneuver,38,cusum_fgo,follower,maneuver,603,603.0,0,2,177,0,0.2935323383084577,11.940298507462686,0,0,0,0.0,0.0,E1,h3_k0p5,3.0,0.5
healthy_maneuver,38,cusum_fgo,follower,post,420,420.0,0,0,140,0,0.3333333333333333,0.0,0,0,0,0.0,0.0,E1,h3_k0p5,3.0,0.5
healthy_maneuver,39,cusum_fgo,leader,all,5265,5265.0,0,1,280,0,0.05318138651471985,0.6837606837606838,1,280,0,0.05318138651471985,0.6837606837606838,E1,h3_k0p5,3.0,0.5
healthy_maneuver,39,cusum_fgo,leader,pre,2196,2196.0,0,0,0,0,0.0,0.0,0,0,0,0.0,0.0,E1,h3_k0p5,3.0,0.5
healthy_maneuver,39,cusum_fgo,leader,maneuver,1809,1809.0,0,1,140,0,0.07739082365948037,1.9900497512437814,1,140,0,0.07739082365948037,1.9900497512437814,E1,h3_k0p5,3.0,0.5
healthy_maneuver,39,cusum_fgo,leader,post,1260,1260.0,0,0,140,0,0.1111111111111111,0.0,0,140,0,0.1111111111111111,0.0,E1,h3_k0p5,3.0,0.5
healthy_maneuver,39,cusum_fgo,follower,all,1755,1755.0,0,2,234,0,0.13333333333333333,4.102564102564103,0,0,0,0.0,0.0,E1,h3_k0p5,3.0,0.5
healthy_maneuver,39,cusum_fgo,follower,pre,732,732.0,0,0,0,0,0.0,0.0,0,0,0,0.0,0.0,E1,h3_k0p5,3.0,0.5
healthy_maneuver,39,cusum_fgo,follower,maneuver,603,603.0,0,2,234,0,0.3880597014925373,11.940298507462686,0,0,0,0.0,0.0,E1,h3_k0p5,3.0,0.5
healthy_maneuver,39,cusum_fgo,follower,post,420,420.0,0,0,0,0,0.0,0.0,0,0,0,0.0,0.0,E1,h3_k0p5,3.0,0.5
healthy_maneuver,40,cusum_fgo,leader,all,5265,5265.0,0,1,183,0,0.034757834757834755,0.6837606837606838,1,183,0,0.034757834757834755,0.6837606837606838,E1,h3_k0p5,3.0,0.5
healthy_maneuver,40,cusum_fgo,leader,pre,2196,2196.0,0,0,0,0,0.0,0.0,0,0,0,0.0,0.0,E1,h3_k0p5,3.0,0.5
healthy_maneuver,40,cusum_fgo,leader,maneuver,1809,1809.0,0,1,43,0,0.02377003869541183,1.9900497512437814,1,43,0,0.02377003869541183,1.9900497512437814,E1,h3_k0p5,3.0,0.5
healthy_maneuver,40,cusum_fgo,leader,post,1260,1260.0,0,0,140,0,0.1111111111111111,0.0,0,140,0,0.1111111111111111,0.0,E1,h3_k0p5,3.0,0.5
healthy_maneuver,40,cusum_fgo,follower,all,1755,1755.0,0,2,292,0,0.16638176638176638,4.102564102564103,0,0,0,0.0,0.0,E1,h3_k0p5,3.0,0.5
healthy_maneuver,40,cusum_fgo,follower,pre,732,732.0,0,0,0,0,0.0,0.0,0,0,0,0.0,0.0,E1,h3_k0p5,3.0,0.5
healthy_maneuver,40,cusum_fgo,follower,maneuver,603,603.0,0,2,152,0,0.25207296849087896,11.940298507462686,0,0,0,0.0,0.0,E1,h3_k0p5,3.0,0.5
healthy_maneuver,40,cusum_fgo,follower,post,420,420.0,0,0,140,0,0.3333333333333333,0.0,0,0,0,0.0,0.0,E1,h3_k0p5,3.0,0.5
healthy_maneuver,41,cusum_fgo,leader,all,5265,5265.0,0,1,93,0,0.017663817663817662,0.6837606837606838,1,93,0,0.017663817663817662,0.6837606837606838,E1,h3_k0p5,3.0,0.5
healthy_maneuver,41,cusum_fgo,leader,pre,2196,2196.0,0,0,0,0,0.0,0.0,0,0,0,0.0,0.0,E1,h3_k0p5,3.0,0.5
healthy_maneuver,41,cusum_fgo,leader,maneuver,1809,1809.0,0,1,93,0,0.05140961857379768,1.9900497512437814,1,93,0,0.05140961857379768,1.9900497512437814,E1,h3_k0p5,3.0,0.5
healthy_maneuver,41,cusum_fgo,leader,post,1260,1260.0,0,0,0,0,0.0,0.0,0,0,0,0.0,0.0,E1,h3_k0p5,3.0,0.5
healthy_maneuver,41,cusum_fgo,follower,all,1755,1755.0,0,2,299,0,0.17037037037037037,4.102564102564103,0,0,0,0.0,0.0,E1,h3_k0p5,3.0,0.5
healthy_maneuver,41,cusum_fgo,follower,pre,732,732.0,0,0,0,0,0.0,0.0,0,0,0,0.0,0.0,E1,h3_k0p5,3.0,0.5
healthy_maneuver,41,cusum_fgo,follower,maneuver,603,603.0,0,2,159,0,0.263681592039801,11.940298507462686,0,0,0,0.0,0.0,E1,h3_k0p5,3.0,0.5
healthy_maneuver,41,cusum_fgo,follower,post,420,420.0,0,0,140,0,0.3333333333333333,0.0,0,0,0,0.0,0.0,E1,h3_k0p5,3.0,0.5
healthy_maneuver,42,cusum_fgo,leader,all,5265,5265.0,0,1,43,0,0.008167141500474834,0.6837606837606838,1,43,0,0.008167141500474834,0.6837606837606838,E1,h3_k0p5,3.0,0.5
healthy_maneuver,42,cusum_fgo,leader,pre,2196,2196.0,0,0,0,0,0.0,0.0,0,0,0,0.0,0.0,E1,h3_k0p5,3.0,0.5
healthy_maneuver,42,cusum_fgo,leader,maneuver,1809,1809.0,0,1,43,0,0.02377003869541183,1.9900497512437814,1,43,0,0.02377003869541183,1.9900497512437814,E1,h3_k0p5,3.0,0.5
healthy_maneuver,42,cusum_fgo,leader,post,1260,1260.0,0,0,0,0,0.0,0.0,0,0,0,0.0,0.0,E1,h3_k0p5,3.0,0.5
healthy_maneuver,42,cusum_fgo,follower,all,1755,1755.0,0,3,226,0,0.12877492877492877,6.153846153846154,0,0,0,0.0,0.0,E1,h3_k0p5,3.0,0.5
healthy_maneuver,42,cusum_fgo,follower,pre,732,732.0,0,0,0,0,0.0,0.0,0,0,0,0.0,0.0,E1,h3_k0p5,3.0,0.5
healthy_maneuver,42,cusum_fgo,follower,maneuver,603,603.0,0,3,226,0,0.3747927031509121,17.91044776119403,0,0,0,0.0,0.0,E1,h3_k0p5,3.0,0.5
healthy_maneuver,42,cusum_fgo,follower,post,420,420.0,0,0,0,0,0.0,0.0,0,0,0,0.0,0.0,E1,h3_k0p5,3.0,0.5
healthy_maneuver,43,cusum_fgo,leader,all,5265,5265.0,0,0,0,0,0.0,0.0,0,0,0,0.0,0.0,E1,h3_k0p5,3.0,0.5
healthy_maneuver,43,cusum_fgo,leader,pre,2196,2196.0,0,0,0,0,0.0,0.0,0,0,0,0.0,0.0,E1,h3_k0p5,3.0,0.5
healthy_maneuver,43,cusum_fgo,leader,maneuver,1809,1809.0,0,0,0,0,0.0,0.0,0,0,0,0.0,0.0,E1,h3_k0p5,3.0,0.5
healthy_maneuver,43,cusum_fgo,leader,post,1260,1260.0,0,0,0,0,0.0,0.0,0,0,0,0.0,0.0,E1,h3_k0p5,3.0,0.5
healthy_maneuver,43,cusum_fgo,follower,all,1755,1755.0,0,2,304,0,0.17321937321937322,4.102564102564103,0,0,0,0.0,0.0,E1,h3_k0p5,3.0,0.5
healthy_maneuver,43,cusum_fgo,follower,pre,732,732.0,0,0,0,0,0.0,0.0,0,0,0,0.0,0.0,E1,h3_k0p5,3.0,0.5
healthy_maneuver,43,cusum_fgo,follower,maneuver,603,603.0,0,2,164,0,0.27197346600331673,11.940298507462686,0,0,0,0.0,0.0,E1,h3_k0p5,3.0,0.5
healthy_maneuver,43,cusum_fgo,follower,post,420,420.0,0,0,140,0,0.3333333333333333,0.0,0,0,0,0.0,0.0,E1,h3_k0p5,3.0,0.5
healthy_maneuver,44,cusum_fgo,leader,all,5265,5265.0,0,0,0,0,0.0,0.0,0,0,0,0.0,0.0,E1,h3_k0p5,3.0,0.5
healthy_maneuver,44,cusum_fgo,leader,pre,2196,2196.0,0,0,0,0,0.0,0.0,0,0,0,0.0,0.0,E1,h3_k0p5,3.0,0.5
healthy_maneuver,44,cusum_fgo,leader,maneuver,1809,1809.0,0,0,0,0,0.0,0.0,0,0,0,0.0,0.0,E1,h3_k0p5,3.0,0.5
healthy_maneuver,44,cusum_fgo,leader,post,1260,1260.0,0,0,0,0,0.0,0.0,0,0,0,0.0,0.0,E1,h3_k0p5,3.0,0.5
healthy_maneuver,44,cusum_fgo,follower,all,1755,1755.0,0,2,254,0,0.14472934472934473,4.102564102564103,0,0,0,0.0,0.0,E1,h3_k0p5,3.0,0.5
healthy_maneuver,44,cusum_fgo,follower,pre,732,732.0,0,0,0,0,0.0,0.0,0,0,0,0.0,0.0,E1,h3_k0p5,3.0,0.5
healthy_maneuver,44,cusum_fgo,follower,maneuver,603,603.0,0,2,254,0,0.42122719734660036,11.940298507462686,0,0,0,0.0,0.0,E1,h3_k0p5,3.0,0.5
healthy_maneuver,44,cusum_fgo,follower,post,420,420.0,0,0,0,0,0.0,0.0,0,0,0,0.0,0.0,E1,h3_k0p5,3.0,0.5
healthy_maneuver,45,cusum_fgo,leader,all,5265,5265.0,0,0,0,0,0.0,0.0,0,0,0,0.0,0.0,E1,h3_k0p5,3.0,0.5
healthy_maneuver,45,cusum_fgo,leader,pre,2196,2196.0,0,0,0,0,0.0,0.0,0,0,0,0.0,0.0,E1,h3_k0p5,3.0,0.5
healthy_maneuver,45,cusum_fgo,leader,maneuver,1809,1809.0,0,0,0,0,0.0,0.0,0,0,0,0.0,0.0,E1,h3_k0p5,3.0,0.5
healthy_maneuver,45,cusum_fgo,leader,post,1260,1260.0,0,0,0,0,0.0,0.0,0,0,0,0.0,0.0,E1,h3_k0p5,3.0,0.5
healthy_maneuver,45,cusum_fgo,follower,all,1755,1755.0,0,2,403,0,0.22962962962962963,4.102564102564103,0,0,0,0.0,0.0,E1,h3_k0p5,3.0,0.5
healthy_maneuver,45,cusum_fgo,follower,pre,732,732.0,0,0,0,0,0.0,0.0,0,0,0,0.0,0.0,E1,h3_k0p5,3.0,0.5
healthy_maneuver,45,cusum_fgo,follower,maneuver,603,603.0,0,2,263,0,0.4361525704809287,11.940298507462686,0,0,0,0.0,0.0,E1,h3_k0p5,3.0,0.5
healthy_maneuver,45,cusum_fgo,follower,post,420,420.0,0,0,140,0,0.3333333333333333,0.0,0,0,0,0.0,0.0,E1,h3_k0p5,3.0,0.5
healthy_maneuver,46,cusum_fgo,leader,all,5265,5265.0,0,0,0,0,0.0,0.0,0,0,0,0.0,0.0,E1,h3_k0p5,3.0,0.5
healthy_maneuver,46,cusum_fgo,leader,pre,2196,2196.0,0,0,0,0,0.0,0.0,0,0,0,0.0,0.0,E1,h3_k0p5,3.0,0.5
healthy_maneuver,46,cusum_fgo,leader,maneuver,1809,1809.0,0,0,0,0,0.0,0.0,0,0,0,0.0,0.0,E1,h3_k0p5,3.0,0.5
healthy_maneuver,46,cusum_fgo,leader,post,1260,1260.0,0,0,0,0,0.0,0.0,0,0,0,0.0,0.0,E1,h3_k0p5,3.0,0.5
healthy_maneuver,46,cusum_fgo,follower,all,1755,1755.0,0,2,394,0,0.2245014245014245,4.102564102564103,0,0,0,0.0,0.0,E1,h3_k0p5,3.0,0.5
healthy_maneuver,46,cusum_fgo,follower,pre,732,732.0,0,0,0,0,0.0,0.0,0,0,0,0.0,0.0,E1,h3_k0p5,3.0,0.5
healthy_maneuver,46,cusum_fgo,follower,maneuver,603,603.0,0,2,254,0,0.42122719734660036,11.940298507462686,0,0,0,0.0,0.0,E1,h3_k0p5,3.0,0.5
healthy_maneuver,46,cusum_fgo,follower,post,420,420.0,0,0,140,0,0.3333333333333333,0.0,0,0,0,0.0,0.0,E1,h3_k0p5,3.0,0.5
healthy_maneuver,47,cusum_fgo,leader,all,5265,5265.0,0,0,0,0,0.0,0.0,0,0,0,0.0,0.0,E1,h3_k0p5,3.0,0.5
healthy_maneuver,47,cusum_fgo,leader,pre,2196,2196.0,0,0,0,0,0.0,0.0,0,0,0,0.0,0.0,E1,h3_k0p5,3.0,0.5
healthy_maneuver,47,cusum_fgo,leader,maneuver,1809,1809.0,0,0,0,0,0.0,0.0,0,0,0,0.0,0.0,E1,h3_k0p5,3.0,0.5
healthy_maneuver,47,cusum_fgo,leader,post,1260,1260.0,0,0,0,0,0.0,0.0,0,0,0,0.0,0.0,E1,h3_k0p5,3.0,0.5
healthy_maneuver,47,cusum_fgo,follower,all,1755,1755.0,0,2,308,0,0.1754985754985755,4.102564102564103,0,0,0,0.0,0.0,E1,h3_k0p5,3.0,0.5
healthy_maneuver,47,cusum_fgo,follower,pre,732,732.0,0,0,0,0,0.0,0.0,0,0,0,0.0,0.0,E1,h3_k0p5,3.0,0.5
healthy_maneuver,47,cusum_fgo,follower,maneuver,603,603.0,0,2,168,0,0.27860696517412936,11.940298507462686,0,0,0,0.0,0.0,E1,h3_k0p5,3.0,0.5
healthy_maneuver,47,cusum_fgo,follower,post,420,420.0,0,0,140,0,0.3333333333333333,0.0,0,0,0,0.0,0.0,E1,h3_k0p5,3.0,0.5
healthy_maneuver,48,cusum_fgo,leader,all,5265,5265.0,0,0,0,0,0.0,0.0,0,0,0,0.0,0.0,E1,h3_k0p5,3.0,0.5
healthy_maneuver,48,cusum_fgo,leader,pre,2196,2196.0,0,0,0,0,0.0,0.0,0,0,0,0.0,0.0,E1,h3_k0p5,3.0,0.5
healthy_maneuver,48,cusum_fgo,leader,maneuver,1809,1809.0,0,0,0,0,0.0,0.0,0,0,0,0.0,0.0,E1,h3_k0p5,3.0,0.5
healthy_maneuver,48,cusum_fgo,leader,post,1260,1260.0,0,0,0,0,0.0,0.0,0,0,0,0.0,0.0,E1,h3_k0p5,3.0,0.5
healthy_maneuver,48,cusum_fgo,follower,all,1755,1755.0,0,2,387,0,0.2205128205128205,4.102564102564103,0,0,0,0.0,0.0,E1,h3_k0p5,3.0,0.5
healthy_maneuver,48,cusum_fgo,follower,pre,732,732.0,0,0,0,0,0.0,0.0,0,0,0,0.0,0.0,E1,h3_k0p5,3.0,0.5
healthy_maneuver,48,cusum_fgo,follower,maneuver,603,603.0,0,2,247,0,0.4096185737976783,11.940298507462686,0,0,0,0.0,0.0,E1,h3_k0p5,3.0,0.5
healthy_maneuver,48,cusum_fgo,follower,post,420,420.0,0,0,140,0,0.3333333333333333,0.0,0,0,0,0.0,0.0,E1,h3_k0p5,3.0,0.5
healthy_maneuver,49,cusum_fgo,leader,all,5265,5265.0,0,0,0,0,0.0,0.0,0,0,0,0.0,0.0,E1,h3_k0p5,3.0,0.5
healthy_maneuver,49,cusum_fgo,leader,pre,2196,2196.0,0,0,0,0,0.0,0.0,0,0,0,0.0,0.0,E1,h3_k0p5,3.0,0.5
healthy_maneuver,49,cusum_fgo,leader,maneuver,1809,1809.0,0,0,0,0,0.0,0.0,0,0,0,0.0,0.0,E1,h3_k0p5,3.0,0.5
healthy_maneuver,49,cusum_fgo,leader,post,1260,1260.0,0,0,0,0,0.0,0.0,0,0,0,0.0,0.0,E1,h3_k0p5,3.0,0.5
healthy_maneuver,49,cusum_fgo,follower,all,1755,1755.0,0,2,410,0,0.2336182336182336,4.102564102564103,0,0,0,0.0,0.0,E1,h3_k0p5,3.0,0.5
healthy_maneuver,49,cusum_fgo,follower,pre,732,732.0,0,0,0,0,0.0,0.0,0,0,0,0.0,0.0,E1,h3_k0p5,3.0,0.5
healthy_maneuver,49,cusum_fgo,follower,maneuver,603,603.0,0,2,270,0,0.44776119402985076,11.940298507462686,0,0,0,0.0,0.0,E1,h3_k0p5,3.0,0.5
healthy_maneuver,49,cusum_fgo,follower,post,420,420.0,0,0,140,0,0.3333333333333333,0.0,0,0,0,0.0,0.0,E1,h3_k0p5,3.0,0.5
healthy_maneuver,50,cusum_fgo,leader,all,5265,5265.0,0,0,0,0,0.0,0.0,0,0,0,0.0,0.0,E1,h3_k0p5,3.0,0.5
healthy_maneuver,50,cusum_fgo,leader,pre,2196,2196.0,0,0,0,0,0.0,0.0,0,0,0,0.0,0.0,E1,h3_k0p5,3.0,0.5
healthy_maneuver,50,cusum_fgo,leader,maneuver,1809,1809.0,0,0,0,0,0.0,0.0,0,0,0,0.0,0.0,E1,h3_k0p5,3.0,0.5
healthy_maneuver,50,cusum_fgo,leader,post,1260,1260.0,0,0,0,0,0.0,0.0,0,0,0,0.0,0.0,E1,h3_k0p5,3.0,0.5
healthy_maneuver,50,cusum_fgo,follower,all,1755,1755.0,0,2,394,0,0.2245014245014245,4.102564102564103,0,0,0,0.0,0.0,E1,h3_k0p5,3.0,0.5
healthy_maneuver,50,cusum_fgo,follower,pre,732,732.0,0,0,0,0,0.0,0.0,0,0,0,0.0,0.0,E1,h3_k0p5,3.0,0.5
healthy_maneuver,50,cusum_fgo,follower,maneuver,603,603.0,0,2,254,0,0.42122719734660036,11.940298507462686,0,0,0,0.0,0.0,E1,h3_k0p5,3.0,0.5
healthy_maneuver,50,cusum_fgo,follower,post,420,420.0,0,0,140,0,0.3333333333333333,0.0,0,0,0,0.0,0.0,E1,h3_k0p5,3.0,0.5
baseline_3f,1,cusum_fgo,leader,all,5044,5044.0,0,0,28,28,0.0055511498810467885,0.0,0,28,28,0.0055511498810467885,0.0,E1,h3_k0p75,3.0,0.75
baseline_3f,1,cusum_fgo,follower,all,1755,1755.0,0,0,0,0,0.0,0.0,0,0,0,0.0,0.0,E1,h3_k0p75,3.0,0.75
baseline_3f,2,cusum_fgo,leader,all,5044,5044.0,0,0,26,26,0.005154639175257732,0.0,0,26,26,0.005154639175257732,0.0,E1,h3_k0p75,3.0,0.75
baseline_3f,2,cusum_fgo,follower,all,1755,1755.0,0,0,0,0,0.0,0.0,0,0,0,0.0,0.0,E1,h3_k0p75,3.0,0.75
baseline_3f,3,cusum_fgo,leader,all,5044,5044.0,0,0,26,26,0.005154639175257732,0.0,0,26,26,0.005154639175257732,0.0,E1,h3_k0p75,3.0,0.75
baseline_3f,3,cusum_fgo,follower,all,1755,1755.0,0,0,0,0,0.0,0.0,0,0,0,0.0,0.0,E1,h3_k0p75,3.0,0.75
baseline_3f,4,cusum_fgo,leader,all,5044,5044.0,0,0,26,26,0.005154639175257732,0.0,0,26,26,0.005154639175257732,0.0,E1,h3_k0p75,3.0,0.75
baseline_3f,4,cusum_fgo,follower,all,1755,1755.0,0,0,0,0,0.0,0.0,0,0,0,0.0,0.0,E1,h3_k0p75,3.0,0.75
baseline_3f,5,cusum_fgo,leader,all,5044,5044.0,0,0,474,474,0.09397303727200634,0.0,3,416,137,0.08247422680412371,2.141157811260904,E1,h3_k0p75,3.0,0.75
baseline_3f,5,cusum_fgo,follower,all,1755,1755.0,0,0,0,0,0.0,0.0,0,0,0,0.0,0.0,E1,h3_k0p75,3.0,0.75
baseline_3f,6,cusum_fgo,leader,all,5044,5044.0,0,0,28,28,0.0055511498810467885,0.0,0,28,28,0.0055511498810467885,0.0,E1,h3_k0p75,3.0,0.75
baseline_3f,6,cusum_fgo,follower,all,1755,1755.0,0,0,0,0,0.0,0.0,0,0,0,0.0,0.0,E1,h3_k0p75,3.0,0.75
baseline_3f,7,cusum_fgo,leader,all,5044,5044.0,0,0,36,36,0.007137192704203013,0.0,0,36,36,0.007137192704203013,0.0,E1,h3_k0p75,3.0,0.75
baseline_3f,7,cusum_fgo,follower,all,1755,1755.0,0,0,0,0,0.0,0.0,0,0,0,0.0,0.0,E1,h3_k0p75,3.0,0.75
baseline_3f,8,cusum_fgo,leader,all,5044,5044.0,0,0,26,26,0.005154639175257732,0.0,0,26,26,0.005154639175257732,0.0,E1,h3_k0p75,3.0,0.75
baseline_3f,8,cusum_fgo,follower,all,1755,1755.0,0,0,0,0,0.0,0.0,0,0,0,0.0,0.0,E1,h3_k0p75,3.0,0.75
baseline_3f,9,cusum_fgo,leader,all,5044,5044.0,0,0,26,26,0.005154639175257732,0.0,0,26,26,0.005154639175257732,0.0,E1,h3_k0p75,3.0,0.75
baseline_3f,9,cusum_fgo,follower,all,1755,1755.0,0,0,0,0,0.0,0.0,0,0,0,0.0,0.0,E1,h3_k0p75,3.0,0.75
baseline_3f,10,cusum_fgo,leader,all,5044,5044.0,0,0,79,79,0.015662172878667724,0.0,0,79,79,0.015662172878667724,0.0,E1,h3_k0p75,3.0,0.75
baseline_3f,10,cusum_fgo,follower,all,1755,1755.0,0,0,0,0,0.0,0.0,0,0,0,0.0,0.0,E1,h3_k0p75,3.0,0.75
baseline_3f,11,cusum_fgo,leader,all,5044,5044.0,0,0,26,26,0.005154639175257732,0.0,0,26,26,0.005154639175257732,0.0,E1,h3_k0p75,3.0,0.75
baseline_3f,11,cusum_fgo,follower,all,1755,1755.0,0,0,0,0,0.0,0.0,0,0,0,0.0,0.0,E1,h3_k0p75,3.0,0.75
baseline_3f,12,cusum_fgo,leader,all,5044,5044.0,0,0,29,29,0.005749405233941317,0.0,0,29,29,0.005749405233941317,0.0,E1,h3_k0p75,3.0,0.75
baseline_3f,12,cusum_fgo,follower,all,1755,1755.0,0,0,0,0,0.0,0.0,0,0,0,0.0,0.0,E1,h3_k0p75,3.0,0.75
baseline_3f,13,cusum_fgo,leader,all,5044,5044.0,0,0,26,26,0.005154639175257732,0.0,0,26,26,0.005154639175257732,0.0,E1,h3_k0p75,3.0,0.75
baseline_3f,13,cusum_fgo,follower,all,1755,1755.0,0,0,0,0,0.0,0.0,0,0,0,0.0,0.0,E1,h3_k0p75,3.0,0.75
baseline_3f,14,cusum_fgo,leader,all,5044,5044.0,0,0,26,26,0.005154639175257732,0.0,0,26,26,0.005154639175257732,0.0,E1,h3_k0p75,3.0,0.75
baseline_3f,14,cusum_fgo,follower,all,1755,1755.0,0,0,0,0,0.0,0.0,0,0,0,0.0,0.0,E1,h3_k0p75,3.0,0.75
baseline_3f,15,cusum_fgo,leader,all,5044,5044.0,0,0,26,26,0.005154639175257732,0.0,0,26,26,0.005154639175257732,0.0,E1,h3_k0p75,3.0,0.75
baseline_3f,15,cusum_fgo,follower,all,1755,1755.0,0,0,0,0,0.0,0.0,0,0,0,0.0,0.0,E1,h3_k0p75,3.0,0.75
baseline_3f,16,cusum_fgo,leader,all,5044,5044.0,0,0,29,29,0.005749405233941317,0.0,0,29,29,0.005749405233941317,0.0,E1,h3_k0p75,3.0,0.75
baseline_3f,16,cusum_fgo,follower,all,1755,1755.0,0,0,0,0,0.0,0.0,0,0,0,0.0,0.0,E1,h3_k0p75,3.0,0.75
baseline_3f,17,cusum_fgo,leader,all,5044,5044.0,0,0,79,79,0.015662172878667724,0.0,0,79,79,0.015662172878667724,0.0,E1,h3_k0p75,3.0,0.75
baseline_3f,17,cusum_fgo,follower,all,1755,1755.0,0,0,0,0,0.0,0.0,0,0,0,0.0,0.0,E1,h3_k0p75,3.0,0.75
baseline_3f,18,cusum_fgo,leader,all,5044,5044.0,0,0,31,31,0.006145915939730373,0.0,0,31,31,0.006145915939730373,0.0,E1,h3_k0p75,3.0,0.75
baseline_3f,18,cusum_fgo,follower,all,1755,1755.0,0,0,0,0,0.0,0.0,0,0,0,0.0,0.0,E1,h3_k0p75,3.0,0.75
baseline_3f,19,cusum_fgo,leader,all,5044,5044.0,0,0,26,26,0.005154639175257732,0.0,0,26,26,0.005154639175257732,0.0,E1,h3_k0p75,3.0,0.75
baseline_3f,19,cusum_fgo,follower,all,1755,1755.0,0,0,0,0,0.0,0.0,0,0,0,0.0,0.0,E1,h3_k0p75,3.0,0.75
baseline_3f,20,cusum_fgo,leader,all,5044,5044.0,0,0,26,26,0.005154639175257732,0.0,0,26,26,0.005154639175257732,0.0,E1,h3_k0p75,3.0,0.75
baseline_3f,20,cusum_fgo,follower,all,1755,1755.0,0,0,0,0,0.0,0.0,0,0,0,0.0,0.0,E1,h3_k0p75,3.0,0.75
baseline_3f,21,cusum_fgo,leader,all,5044,5044.0,0,0,300,300,0.05947660586835844,0.0,2,263,131,0.052141157811260906,1.4274385408406025,E1,h3_k0p75,3.0,0.75
baseline_3f,21,cusum_fgo,follower,all,1755,1755.0,0,0,0,0,0.0,0.0,0,0,0,0.0,0.0,E1,h3_k0p75,3.0,0.75
baseline_3f,22,cusum_fgo,leader,all,5044,5044.0,0,0,298,298,0.05908009516256939,0.0,2,268,131,0.05313243457573354,1.4274385408406025,E1,h3_k0p75,3.0,0.75
baseline_3f,22,cusum_fgo,follower,all,1755,1755.0,0,0,0,0,0.0,0.0,0,0,0,0.0,0.0,E1,h3_k0p75,3.0,0.75
baseline_3f,23,cusum_fgo,leader,all,5044,5044.0,0,0,29,29,0.005749405233941317,0.0,0,29,29,0.005749405233941317,0.0,E1,h3_k0p75,3.0,0.75
baseline_3f,23,cusum_fgo,follower,all,1755,1755.0,0,0,0,0,0.0,0.0,0,0,0,0.0,0.0,E1,h3_k0p75,3.0,0.75
baseline_3f,24,cusum_fgo,leader,all,5044,5044.0,0,0,26,26,0.005154639175257732,0.0,0,26,26,0.005154639175257732,0.0,E1,h3_k0p75,3.0,0.75
baseline_3f,24,cusum_fgo,follower,all,1755,1755.0,0,0,0,0,0.0,0.0,0,0,0,0.0,0.0,E1,h3_k0p75,3.0,0.75
baseline_3f,25,cusum_fgo,leader,all,5044,5044.0,0,0,26,26,0.005154639175257732,0.0,0,26,26,0.005154639175257732,0.0,E1,h3_k0p75,3.0,0.75
baseline_3f,25,cusum_fgo,follower,all,1755,1755.0,0,0,0,0,0.0,0.0,0,0,0,0.0,0.0,E1,h3_k0p75,3.0,0.75
baseline_3f,26,cusum_fgo,leader,all,5044,5044.0,0,0,26,26,0.005154639175257732,0.0,0,26,26,0.005154639175257732,0.0,E1,h3_k0p75,3.0,0.75
baseline_3f,26,cusum_fgo,follower,all,1755,1755.0,0,0,0,0,0.0,0.0,0,0,0,0.0,0.0,E1,h3_k0p75,3.0,0.75
baseline_3f,27,cusum_fgo,leader,all,5044,5044.0,0,0,462,462,0.091593973037272,0.0,2,428,223,0.08485329103885805,1.4274385408406025,E1,h3_k0p75,3.0,0.75
baseline_3f,27,cusum_fgo,follower,all,1755,1755.0,0,0,0,0,0.0,0.0,0,0,0,0.0,0.0,E1,h3_k0p75,3.0,0.75
baseline_3f,28,cusum_fgo,leader,all,5044,5044.0,0,0,29,29,0.005749405233941317,0.0,0,29,29,0.005749405233941317,0.0,E1,h3_k0p75,3.0,0.75
baseline_3f,28,cusum_fgo,follower,all,1755,1755.0,0,0,0,0,0.0,0.0,0,0,0,0.0,0.0,E1,h3_k0p75,3.0,0.75
baseline_3f,29,cusum_fgo,leader,all,5044,5044.0,0,0,26,26,0.005154639175257732,0.0,0,26,26,0.005154639175257732,0.0,E1,h3_k0p75,3.0,0.75
baseline_3f,29,cusum_fgo,follower,all,1755,1755.0,0,0,0,0,0.0,0.0,0,0,0,0.0,0.0,E1,h3_k0p75,3.0,0.75
baseline_3f,30,cusum_fgo,leader,all,5044,5044.0,0,0,64,64,0.012688342585249802,0.0,0,64,64,0.012688342585249802,0.0,E1,h3_k0p75,3.0,0.75
baseline_3f,30,cusum_fgo,follower,all,1755,1755.0,0,0,0,0,0.0,0.0,0,0,0,0.0,0.0,E1,h3_k0p75,3.0,0.75
baseline_3f,31,cusum_fgo,leader,all,5044,5044.0,0,0,29,29,0.005749405233941317,0.0,0,29,29,0.005749405233941317,0.0,E1,h3_k0p75,3.0,0.75
baseline_3f,31,cusum_fgo,follower,all,1755,1755.0,0,0,0,0,0.0,0.0,0,0,0,0.0,0.0,E1,h3_k0p75,3.0,0.75
baseline_3f,32,cusum_fgo,leader,all,5044,5044.0,0,0,177,177,0.03509119746233148,0.0,1,159,113,0.031522601110229975,0.7137192704203013,E1,h3_k0p75,3.0,0.75
baseline_3f,32,cusum_fgo,follower,all,1755,1755.0,0,0,0,0,0.0,0.0,0,0,0,0.0,0.0,E1,h3_k0p75,3.0,0.75
baseline_3f,33,cusum_fgo,leader,all,5044,5044.0,0,0,387,387,0.0767248215701824,0.0,2,352,155,0.06978588421887391,1.4274385408406025,E1,h3_k0p75,3.0,0.75
baseline_3f,33,cusum_fgo,follower,all,1755,1755.0,0,0,0,0,0.0,0.0,0,0,0,0.0,0.0,E1,h3_k0p75,3.0,0.75
baseline_3f,34,cusum_fgo,leader,all,5044,5044.0,0,0,362,362,0.07176843774781919,0.0,2,328,127,0.06502775574940524,1.4274385408406025,E1,h3_k0p75,3.0,0.75
baseline_3f,34,cusum_fgo,follower,all,1755,1755.0,0,0,0,0,0.0,0.0,0,0,0,0.0,0.0,E1,h3_k0p75,3.0,0.75
baseline_3f,35,cusum_fgo,leader,all,5044,5044.0,0,0,26,26,0.005154639175257732,0.0,0,26,26,0.005154639175257732,0.0,E1,h3_k0p75,3.0,0.75
baseline_3f,35,cusum_fgo,follower,all,1755,1755.0,0,0,0,0,0.0,0.0,0,0,0,0.0,0.0,E1,h3_k0p75,3.0,0.75
baseline_3f,36,cusum_fgo,leader,all,5044,5044.0,0,0,26,26,0.005154639175257732,0.0,0,26,26,0.005154639175257732,0.0,E1,h3_k0p75,3.0,0.75
baseline_3f,36,cusum_fgo,follower,all,1755,1755.0,0,0,0,0,0.0,0.0,0,0,0,0.0,0.0,E1,h3_k0p75,3.0,0.75
baseline_3f,37,cusum_fgo,leader,all,5044,5044.0,0,0,325,325,0.06443298969072164,0.0,2,288,91,0.057097541633624106,1.4274385408406025,E1,h3_k0p75,3.0,0.75
baseline_3f,37,cusum_fgo,follower,all,1755,1755.0,0,0,0,0,0.0,0.0,0,0,0,0.0,0.0,E1,h3_k0p75,3.0,0.75
baseline_3f,38,cusum_fgo,leader,all,5044,5044.0,0,0,104,104,0.020618556701030927,0.0,0,104,104,0.020618556701030927,0.0,E1,h3_k0p75,3.0,0.75
baseline_3f,38,cusum_fgo,follower,all,1755,1755.0,0,0,0,0,0.0,0.0,0,0,0,0.0,0.0,E1,h3_k0p75,3.0,0.75
baseline_3f,39,cusum_fgo,leader,all,5044,5044.0,0,0,26,26,0.005154639175257732,0.0,0,26,26,0.005154639175257732,0.0,E1,h3_k0p75,3.0,0.75
baseline_3f,39,cusum_fgo,follower,all,1755,1755.0,0,0,0,0,0.0,0.0,0,0,0,0.0,0.0,E1,h3_k0p75,3.0,0.75
baseline_3f,40,cusum_fgo,leader,all,5044,5044.0,0,1,513,362,0.10170499603489294,0.7137192704203013,3,428,130,0.08485329103885805,2.141157811260904,E1,h3_k0p75,3.0,0.75
baseline_3f,40,cusum_fgo,follower,all,1755,1755.0,0,0,0,0,0.0,0.0,0,0,0,0.0,0.0,E1,h3_k0p75,3.0,0.75
baseline_3f,41,cusum_fgo,leader,all,5044,5044.0,0,0,138,138,0.027359238699444885,0.0,1,120,113,0.023790642347343377,0.7137192704203013,E1,h3_k0p75,3.0,0.75
baseline_3f,41,cusum_fgo,follower,all,1755,1755.0,0,0,0,0,0.0,0.0,0,0,0,0.0,0.0,E1,h3_k0p75,3.0,0.75
baseline_3f,42,cusum_fgo,leader,all,5044,5044.0,0,0,78,78,0.015463917525773196,0.0,0,78,78,0.015463917525773196,0.0,E1,h3_k0p75,3.0,0.75
baseline_3f,42,cusum_fgo,follower,all,1755,1755.0,0,0,0,0,0.0,0.0,0,0,0,0.0,0.0,E1,h3_k0p75,3.0,0.75
baseline_3f,43,cusum_fgo,leader,all,5044,5044.0,0,0,26,26,0.005154639175257732,0.0,0,26,26,0.005154639175257732,0.0,E1,h3_k0p75,3.0,0.75
baseline_3f,43,cusum_fgo,follower,all,1755,1755.0,0,0,0,0,0.0,0.0,0,0,0,0.0,0.0,E1,h3_k0p75,3.0,0.75
baseline_3f,44,cusum_fgo,leader,all,5044,5044.0,0,0,79,79,0.015662172878667724,0.0,0,79,79,0.015662172878667724,0.0,E1,h3_k0p75,3.0,0.75
baseline_3f,44,cusum_fgo,follower,all,1755,1755.0,0,0,0,0,0.0,0.0,0,0,0,0.0,0.0,E1,h3_k0p75,3.0,0.75
baseline_3f,45,cusum_fgo,leader,all,5044,5044.0,0,0,26,26,0.005154639175257732,0.0,0,26,26,0.005154639175257732,0.0,E1,h3_k0p75,3.0,0.75
baseline_3f,45,cusum_fgo,follower,all,1755,1755.0,0,0,0,0,0.0,0.0,0,0,0,0.0,0.0,E1,h3_k0p75,3.0,0.75
baseline_3f,46,cusum_fgo,leader,all,5044,5044.0,0,0,32,32,0.006344171292624901,0.0,0,32,32,0.006344171292624901,0.0,E1,h3_k0p75,3.0,0.75
baseline_3f,46,cusum_fgo,follower,all,1755,1755.0,0,0,0,0,0.0,0.0,0,0,0,0.0,0.0,E1,h3_k0p75,3.0,0.75
baseline_3f,47,cusum_fgo,leader,all,5044,5044.0,0,0,28,28,0.0055511498810467885,0.0,0,28,28,0.0055511498810467885,0.0,E1,h3_k0p75,3.0,0.75
baseline_3f,47,cusum_fgo,follower,all,1755,1755.0,0,0,0,0,0.0,0.0,0,0,0,0.0,0.0,E1,h3_k0p75,3.0,0.75
baseline_3f,48,cusum_fgo,leader,all,5044,5044.0,0,0,26,26,0.005154639175257732,0.0,0,26,26,0.005154639175257732,0.0,E1,h3_k0p75,3.0,0.75
baseline_3f,48,cusum_fgo,follower,all,1755,1755.0,0,0,0,0,0.0,0.0,0,0,0,0.0,0.0,E1,h3_k0p75,3.0,0.75
baseline_3f,49,cusum_fgo,leader,all,5044,5044.0,0,0,28,28,0.0055511498810467885,0.0,0,28,28,0.0055511498810467885,0.0,E1,h3_k0p75,3.0,0.75
baseline_3f,49,cusum_fgo,follower,all,1755,1755.0,0,0,0,0,0.0,0.0,0,0,0,0.0,0.0,E1,h3_k0p75,3.0,0.75
baseline_3f,50,cusum_fgo,leader,all,5044,5044.0,0,0,29,29,0.005749405233941317,0.0,0,29,29,0.005749405233941317,0.0,E1,h3_k0p75,3.0,0.75
baseline_3f,50,cusum_fgo,follower,all,1755,1755.0,0,0,0,0,0.0,0.0,0,0,0,0.0,0.0,E1,h3_k0p75,3.0,0.75
healthy_maneuver,1,cusum_fgo,leader,all,5265,5265.0,0,0,0,0,0.0,0.0,0,0,0,0.0,0.0,E1,h3_k0p75,3.0,0.75
healthy_maneuver,1,cusum_fgo,leader,pre,2196,2196.0,0,0,0,0,0.0,0.0,0,0,0,0.0,0.0,E1,h3_k0p75,3.0,0.75
healthy_maneuver,1,cusum_fgo,leader,maneuver,1809,1809.0,0,0,0,0,0.0,0.0,0,0,0,0.0,0.0,E1,h3_k0p75,3.0,0.75
healthy_maneuver,1,cusum_fgo,leader,post,1260,1260.0,0,0,0,0,0.0,0.0,0,0,0,0.0,0.0,E1,h3_k0p75,3.0,0.75
healthy_maneuver,1,cusum_fgo,follower,all,1755,1755.0,0,0,0,0,0.0,0.0,0,0,0,0.0,0.0,E1,h3_k0p75,3.0,0.75
healthy_maneuver,1,cusum_fgo,follower,pre,732,732.0,0,0,0,0,0.0,0.0,0,0,0,0.0,0.0,E1,h3_k0p75,3.0,0.75
healthy_maneuver,1,cusum_fgo,follower,maneuver,603,603.0,0,0,0,0,0.0,0.0,0,0,0,0.0,0.0,E1,h3_k0p75,3.0,0.75
healthy_maneuver,1,cusum_fgo,follower,post,420,420.0,0,0,0,0,0.0,0.0,0,0,0,0.0,0.0,E1,h3_k0p75,3.0,0.75
healthy_maneuver,2,cusum_fgo,leader,all,5265,5265.0,0,0,0,0,0.0,0.0,0,0,0,0.0,0.0,E1,h3_k0p75,3.0,0.75
healthy_maneuver,2,cusum_fgo,leader,pre,2196,2196.0,0,0,0,0,0.0,0.0,0,0,0,0.0,0.0,E1,h3_k0p75,3.0,0.75
healthy_maneuver,2,cusum_fgo,leader,maneuver,1809,1809.0,0,0,0,0,0.0,0.0,0,0,0,0.0,0.0,E1,h3_k0p75,3.0,0.75
healthy_maneuver,2,cusum_fgo,leader,post,1260,1260.0,0,0,0,0,0.0,0.0,0,0,0,0.0,0.0,E1,h3_k0p75,3.0,0.75
healthy_maneuver,2,cusum_fgo,follower,all,1755,1755.0,0,0,0,0,0.0,0.0,0,0,0,0.0,0.0,E1,h3_k0p75,3.0,0.75
healthy_maneuver,2,cusum_fgo,follower,pre,732,732.0,0,0,0,0,0.0,0.0,0,0,0,0.0,0.0,E1,h3_k0p75,3.0,0.75
healthy_maneuver,2,cusum_fgo,follower,maneuver,603,603.0,0,0,0,0,0.0,0.0,0,0,0,0.0,0.0,E1,h3_k0p75,3.0,0.75
healthy_maneuver,2,cusum_fgo,follower,post,420,420.0,0,0,0,0,0.0,0.0,0,0,0,0.0,0.0,E1,h3_k0p75,3.0,0.75
healthy_maneuver,3,cusum_fgo,leader,all,5265,5265.0,0,0,0,0,0.0,0.0,0,0,0,0.0,0.0,E1,h3_k0p75,3.0,0.75
healthy_maneuver,3,cusum_fgo,leader,pre,2196,2196.0,0,0,0,0,0.0,0.0,0,0,0,0.0,0.0,E1,h3_k0p75,3.0,0.75
healthy_maneuver,3,cusum_fgo,leader,maneuver,1809,1809.0,0,0,0,0,0.0,0.0,0,0,0,0.0,0.0,E1,h3_k0p75,3.0,0.75
healthy_maneuver,3,cusum_fgo,leader,post,1260,1260.0,0,0,0,0,0.0,0.0,0,0,0,0.0,0.0,E1,h3_k0p75,3.0,0.75
healthy_maneuver,3,cusum_fgo,follower,all,1755,1755.0,0,1,108,0,0.06153846153846154,2.0512820512820515,0,0,0,0.0,0.0,E1,h3_k0p75,3.0,0.75
healthy_maneuver,3,cusum_fgo,follower,pre,732,732.0,0,0,0,0,0.0,0.0,0,0,0,0.0,0.0,E1,h3_k0p75,3.0,0.75
healthy_maneuver,3,cusum_fgo,follower,maneuver,603,603.0,0,1,108,0,0.1791044776119403,5.970149253731343,0,0,0,0.0,0.0,E1,h3_k0p75,3.0,0.75
healthy_maneuver,3,cusum_fgo,follower,post,420,420.0,0,0,0,0,0.0,0.0,0,0,0,0.0,0.0,E1,h3_k0p75,3.0,0.75
healthy_maneuver,4,cusum_fgo,leader,all,5265,5265.0,0,0,0,0,0.0,0.0,0,0,0,0.0,0.0,E1,h3_k0p75,3.0,0.75
healthy_maneuver,4,cusum_fgo,leader,pre,2196,2196.0,0,0,0,0,0.0,0.0,0,0,0,0.0,0.0,E1,h3_k0p75,3.0,0.75
healthy_maneuver,4,cusum_fgo,leader,maneuver,1809,1809.0,0,0,0,0,0.0,0.0,0,0,0,0.0,0.0,E1,h3_k0p75,3.0,0.75
healthy_maneuver,4,cusum_fgo,leader,post,1260,1260.0,0,0,0,0,0.0,0.0,0,0,0,0.0,0.0,E1,h3_k0p75,3.0,0.75
healthy_maneuver,4,cusum_fgo,follower,all,1755,1755.0,0,1,177,0,0.10085470085470086,2.0512820512820515,0,0,0,0.0,0.0,E1,h3_k0p75,3.0,0.75
healthy_maneuver,4,cusum_fgo,follower,pre,732,732.0,0,0,0,0,0.0,0.0,0,0,0,0.0,0.0,E1,h3_k0p75,3.0,0.75
healthy_maneuver,4,cusum_fgo,follower,maneuver,603,603.0,0,1,37,0,0.06135986733001658,5.970149253731343,0,0,0,0.0,0.0,E1,h3_k0p75,3.0,0.75
healthy_maneuver,4,cusum_fgo,follower,post,420,420.0,0,0,140,0,0.3333333333333333,0.0,0,0,0,0.0,0.0,E1,h3_k0p75,3.0,0.75
healthy_maneuver,5,cusum_fgo,leader,all,5265,5265.0,0,0,0,0,0.0,0.0,0,0,0,0.0,0.0,E1,h3_k0p75,3.0,0.75
healthy_maneuver,5,cusum_fgo,leader,pre,2196,2196.0,0,0,0,0,0.0,0.0,0,0,0,0.0,0.0,E1,h3_k0p75,3.0,0.75
healthy_maneuver,5,cusum_fgo,leader,maneuver,1809,1809.0,0,0,0,0,0.0,0.0,0,0,0,0.0,0.0,E1,h3_k0p75,3.0,0.75
healthy_maneuver,5,cusum_fgo,leader,post,1260,1260.0,0,0,0,0,0.0,0.0,0,0,0,0.0,0.0,E1,h3_k0p75,3.0,0.75
healthy_maneuver,5,cusum_fgo,follower,all,1755,1755.0,0,2,288,0,0.1641025641025641,4.102564102564103,0,0,0,0.0,0.0,E1,h3_k0p75,3.0,0.75
healthy_maneuver,5,cusum_fgo,follower,pre,732,732.0,0,0,0,0,0.0,0.0,0,0,0,0.0,0.0,E1,h3_k0p75,3.0,0.75
healthy_maneuver,5,cusum_fgo,follower,maneuver,603,603.0,0,2,148,0,0.24543946932006633,11.940298507462686,0,0,0,0.0,0.0,E1,h3_k0p75,3.0,0.75
healthy_maneuver,5,cusum_fgo,follower,post,420,420.0,0,0,140,0,0.3333333333333333,0.0,0,0,0,0.0,0.0,E1,h3_k0p75,3.0,0.75
healthy_maneuver,6,cusum_fgo,leader,all,5265,5265.0,0,0,0,0,0.0,0.0,0,0,0,0.0,0.0,E1,h3_k0p75,3.0,0.75
healthy_maneuver,6,cusum_fgo,leader,pre,2196,2196.0,0,0,0,0,0.0,0.0,0,0,0,0.0,0.0,E1,h3_k0p75,3.0,0.75
healthy_maneuver,6,cusum_fgo,leader,maneuver,1809,1809.0,0,0,0,0,0.0,0.0,0,0,0,0.0,0.0,E1,h3_k0p75,3.0,0.75
healthy_maneuver,6,cusum_fgo,leader,post,1260,1260.0,0,0,0,0,0.0,0.0,0,0,0,0.0,0.0,E1,h3_k0p75,3.0,0.75
healthy_maneuver,6,cusum_fgo,follower,all,1755,1755.0,0,0,0,0,0.0,0.0,0,0,0,0.0,0.0,E1,h3_k0p75,3.0,0.75
healthy_maneuver,6,cusum_fgo,follower,pre,732,732.0,0,0,0,0,0.0,0.0,0,0,0,0.0,0.0,E1,h3_k0p75,3.0,0.75
healthy_maneuver,6,cusum_fgo,follower,maneuver,603,603.0,0,0,0,0,0.0,0.0,0,0,0,0.0,0.0,E1,h3_k0p75,3.0,0.75
healthy_maneuver,6,cusum_fgo,follower,post,420,420.0,0,0,0,0,0.0,0.0,0,0,0,0.0,0.0,E1,h3_k0p75,3.0,0.75
healthy_maneuver,7,cusum_fgo,leader,all,5265,5265.0,0,0,0,0,0.0,0.0,0,0,0,0.0,0.0,E1,h3_k0p75,3.0,0.75
healthy_maneuver,7,cusum_fgo,leader,pre,2196,2196.0,0,0,0,0,0.0,0.0,0,0,0,0.0,0.0,E1,h3_k0p75,3.0,0.75
healthy_maneuver,7,cusum_fgo,leader,maneuver,1809,1809.0,0,0,0,0,0.0,0.0,0,0,0,0.0,0.0,E1,h3_k0p75,3.0,0.75
healthy_maneuver,7,cusum_fgo,leader,post,1260,1260.0,0,0,0,0,0.0,0.0,0,0,0,0.0,0.0,E1,h3_k0p75,3.0,0.75
healthy_maneuver,7,cusum_fgo,follower,all,1755,1755.0,0,0,0,0,0.0,0.0,0,0,0,0.0,0.0,E1,h3_k0p75,3.0,0.75
healthy_maneuver,7,cusum_fgo,follower,pre,732,732.0,0,0,0,0,0.0,0.0,0,0,0,0.0,0.0,E1,h3_k0p75,3.0,0.75
healthy_maneuver,7,cusum_fgo,follower,maneuver,603,603.0,0,0,0,0,0.0,0.0,0,0,0,0.0,0.0,E1,h3_k0p75,3.0,0.75
healthy_maneuver,7,cusum_fgo,follower,post,420,420.0,0,0,0,0,0.0,0.0,0,0,0,0.0,0.0,E1,h3_k0p75,3.0,0.75
healthy_maneuver,8,cusum_fgo,leader,all,5265,5265.0,0,0,0,0,0.0,0.0,0,0,0,0.0,0.0,E1,h3_k0p75,3.0,0.75
healthy_maneuver,8,cusum_fgo,leader,pre,2196,2196.0,0,0,0,0,0.0,0.0,0,0,0,0.0,0.0,E1,h3_k0p75,3.0,0.75
healthy_maneuver,8,cusum_fgo,leader,maneuver,1809,1809.0,0,0,0,0,0.0,0.0,0,0,0,0.0,0.0,E1,h3_k0p75,3.0,0.75
healthy_maneuver,8,cusum_fgo,leader,post,1260,1260.0,0,0,0,0,0.0,0.0,0,0,0,0.0,0.0,E1,h3_k0p75,3.0,0.75
healthy_maneuver,8,cusum_fgo,follower,all,1755,1755.0,0,1,9,0,0.005128205128205128,2.0512820512820515,0,0,0,0.0,0.0,E1,h3_k0p75,3.0,0.75
healthy_maneuver,8,cusum_fgo,follower,pre,732,732.0,0,0,0,0,0.0,0.0,0,0,0,0.0,0.0,E1,h3_k0p75,3.0,0.75
healthy_maneuver,8,cusum_fgo,follower,maneuver,603,603.0,0,1,9,0,0.014925373134328358,5.970149253731343,0,0,0,0.0,0.0,E1,h3_k0p75,3.0,0.75
healthy_maneuver,8,cusum_fgo,follower,post,420,420.0,0,0,0,0,0.0,0.0,0,0,0,0.0,0.0,E1,h3_k0p75,3.0,0.75
healthy_maneuver,9,cusum_fgo,leader,all,5265,5265.0,0,0,0,0,0.0,0.0,0,0,0,0.0,0.0,E1,h3_k0p75,3.0,0.75
healthy_maneuver,9,cusum_fgo,leader,pre,2196,2196.0,0,0,0,0,0.0,0.0,0,0,0,0.0,0.0,E1,h3_k0p75,3.0,0.75
healthy_maneuver,9,cusum_fgo,leader,maneuver,1809,1809.0,0,0,0,0,0.0,0.0,0,0,0,0.0,0.0,E1,h3_k0p75,3.0,0.75
healthy_maneuver,9,cusum_fgo,leader,post,1260,1260.0,0,0,0,0,0.0,0.0,0,0,0,0.0,0.0,E1,h3_k0p75,3.0,0.75
healthy_maneuver,9,cusum_fgo,follower,all,1755,1755.0,0,1,112,0,0.06381766381766382,2.0512820512820515,0,0,0,0.0,0.0,E1,h3_k0p75,3.0,0.75
healthy_maneuver,9,cusum_fgo,follower,pre,732,732.0,0,0,0,0,0.0,0.0,0,0,0,0.0,0.0,E1,h3_k0p75,3.0,0.75
healthy_maneuver,9,cusum_fgo,follower,maneuver,603,603.0,0,1,112,0,0.1857379767827529,5.970149253731343,0,0,0,0.0,0.0,E1,h3_k0p75,3.0,0.75
healthy_maneuver,9,cusum_fgo,follower,post,420,420.0,0,0,0,0,0.0,0.0,0,0,0,0.0,0.0,E1,h3_k0p75,3.0,0.75
healthy_maneuver,10,cusum_fgo,leader,all,5265,5265.0,0,0,0,0,0.0,0.0,0,0,0,0.0,0.0,E1,h3_k0p75,3.0,0.75
healthy_maneuver,10,cusum_fgo,leader,pre,2196,2196.0,0,0,0,0,0.0,0.0,0,0,0,0.0,0.0,E1,h3_k0p75,3.0,0.75
healthy_maneuver,10,cusum_fgo,leader,maneuver,1809,1809.0,0,0,0,0,0.0,0.0,0,0,0,0.0,0.0,E1,h3_k0p75,3.0,0.75
healthy_maneuver,10,cusum_fgo,leader,post,1260,1260.0,0,0,0,0,0.0,0.0,0,0,0,0.0,0.0,E1,h3_k0p75,3.0,0.75
healthy_maneuver,10,cusum_fgo,follower,all,1755,1755.0,0,1,121,0,0.06894586894586895,2.0512820512820515,0,0,0,0.0,0.0,E1,h3_k0p75,3.0,0.75
healthy_maneuver,10,cusum_fgo,follower,pre,732,732.0,0,0,0,0,0.0,0.0,0,0,0,0.0,0.0,E1,h3_k0p75,3.0,0.75
healthy_maneuver,10,cusum_fgo,follower,maneuver,603,603.0,0,1,121,0,0.20066334991708126,5.970149253731343,0,0,0,0.0,0.0,E1,h3_k0p75,3.0,0.75
healthy_maneuver,10,cusum_fgo,follower,post,420,420.0,0,0,0,0,0.0,0.0,0,0,0,0.0,0.0,E1,h3_k0p75,3.0,0.75
healthy_maneuver,11,cusum_fgo,leader,all,5265,5265.0,0,0,0,0,0.0,0.0,0,0,0,0.0,0.0,E1,h3_k0p75,3.0,0.75
healthy_maneuver,11,cusum_fgo,leader,pre,2196,2196.0,0,0,0,0,0.0,0.0,0,0,0,0.0,0.0,E1,h3_k0p75,3.0,0.75
healthy_maneuver,11,cusum_fgo,leader,maneuver,1809,1809.0,0,0,0,0,0.0,0.0,0,0,0,0.0,0.0,E1,h3_k0p75,3.0,0.75
healthy_maneuver,11,cusum_fgo,leader,post,1260,1260.0,0,0,0,0,0.0,0.0,0,0,0,0.0,0.0,E1,h3_k0p75,3.0,0.75
healthy_maneuver,11,cusum_fgo,follower,all,1755,1755.0,0,1,104,0,0.05925925925925926,2.0512820512820515,0,0,0,0.0,0.0,E1,h3_k0p75,3.0,0.75
healthy_maneuver,11,cusum_fgo,follower,pre,732,732.0,0,0,0,0,0.0,0.0,0,0,0,0.0,0.0,E1,h3_k0p75,3.0,0.75
healthy_maneuver,11,cusum_fgo,follower,maneuver,603,603.0,0,1,104,0,0.1724709784411277,5.970149253731343,0,0,0,0.0,0.0,E1,h3_k0p75,3.0,0.75
healthy_maneuver,11,cusum_fgo,follower,post,420,420.0,0,0,0,0,0.0,0.0,0,0,0,0.0,0.0,E1,h3_k0p75,3.0,0.75
healthy_maneuver,12,cusum_fgo,leader,all,5265,5265.0,0,0,0,0,0.0,0.0,0,0,0,0.0,0.0,E1,h3_k0p75,3.0,0.75
healthy_maneuver,12,cusum_fgo,leader,pre,2196,2196.0,0,0,0,0,0.0,0.0,0,0,0,0.0,0.0,E1,h3_k0p75,3.0,0.75
healthy_maneuver,12,cusum_fgo,leader,maneuver,1809,1809.0,0,0,0,0,0.0,0.0,0,0,0,0.0,0.0,E1,h3_k0p75,3.0,0.75
healthy_maneuver,12,cusum_fgo,leader,post,1260,1260.0,0,0,0,0,0.0,0.0,0,0,0,0.0,0.0,E1,h3_k0p75,3.0,0.75
healthy_maneuver,12,cusum_fgo,follower,all,1755,1755.0,0,1,79,0,0.045014245014245016,2.0512820512820515,0,0,0,0.0,0.0,E1,h3_k0p75,3.0,0.75
healthy_maneuver,12,cusum_fgo,follower,pre,732,732.0,0,0,0,0,0.0,0.0,0,0,0,0.0,0.0,E1,h3_k0p75,3.0,0.75
healthy_maneuver,12,cusum_fgo,follower,maneuver,603,603.0,0,1,79,0,0.1310116086235489,5.970149253731343,0,0,0,0.0,0.0,E1,h3_k0p75,3.0,0.75
healthy_maneuver,12,cusum_fgo,follower,post,420,420.0,0,0,0,0,0.0,0.0,0,0,0,0.0,0.0,E1,h3_k0p75,3.0,0.75
healthy_maneuver,13,cusum_fgo,leader,all,5265,5265.0,0,0,0,0,0.0,0.0,0,0,0,0.0,0.0,E1,h3_k0p75,3.0,0.75
healthy_maneuver,13,cusum_fgo,leader,pre,2196,2196.0,0,0,0,0,0.0,0.0,0,0,0,0.0,0.0,E1,h3_k0p75,3.0,0.75
healthy_maneuver,13,cusum_fgo,leader,maneuver,1809,1809.0,0,0,0,0,0.0,0.0,0,0,0,0.0,0.0,E1,h3_k0p75,3.0,0.75
healthy_maneuver,13,cusum_fgo,leader,post,1260,1260.0,0,0,0,0,0.0,0.0,0,0,0,0.0,0.0,E1,h3_k0p75,3.0,0.75
healthy_maneuver,13,cusum_fgo,follower,all,1755,1755.0,0,1,111,0,0.06324786324786325,2.0512820512820515,0,0,0,0.0,0.0,E1,h3_k0p75,3.0,0.75
healthy_maneuver,13,cusum_fgo,follower,pre,732,732.0,0,0,0,0,0.0,0.0,0,0,0,0.0,0.0,E1,h3_k0p75,3.0,0.75
healthy_maneuver,13,cusum_fgo,follower,maneuver,603,603.0,0,1,111,0,0.18407960199004975,5.970149253731343,0,0,0,0.0,0.0,E1,h3_k0p75,3.0,0.75
healthy_maneuver,13,cusum_fgo,follower,post,420,420.0,0,0,0,0,0.0,0.0,0,0,0,0.0,0.0,E1,h3_k0p75,3.0,0.75
healthy_maneuver,14,cusum_fgo,leader,all,5265,5265.0,0,0,0,0,0.0,0.0,0,0,0,0.0,0.0,E1,h3_k0p75,3.0,0.75
healthy_maneuver,14,cusum_fgo,leader,pre,2196,2196.0,0,0,0,0,0.0,0.0,0,0,0,0.0,0.0,E1,h3_k0p75,3.0,0.75
healthy_maneuver,14,cusum_fgo,leader,maneuver,1809,1809.0,0,0,0,0,0.0,0.0,0,0,0,0.0,0.0,E1,h3_k0p75,3.0,0.75
healthy_maneuver,14,cusum_fgo,leader,post,1260,1260.0,0,0,0,0,0.0,0.0,0,0,0,0.0,0.0,E1,h3_k0p75,3.0,0.75
healthy_maneuver,14,cusum_fgo,follower,all,1755,1755.0,0,1,178,0,0.10142450142450142,2.0512820512820515,0,0,0,0.0,0.0,E1,h3_k0p75,3.0,0.75
healthy_maneuver,14,cusum_fgo,follower,pre,732,732.0,0,0,0,0,0.0,0.0,0,0,0,0.0,0.0,E1,h3_k0p75,3.0,0.75
healthy_maneuver,14,cusum_fgo,follower,maneuver,603,603.0,0,1,38,0,0.06301824212271974,5.970149253731343,0,0,0,0.0,0.0,E1,h3_k0p75,3.0,0.75
healthy_maneuver,14,cusum_fgo,follower,post,420,420.0,0,0,140,0,0.3333333333333333,0.0,0,0,0,0.0,0.0,E1,h3_k0p75,3.0,0.75
healthy_maneuver,15,cusum_fgo,leader,all,5265,5265.0,0,0,0,0,0.0,0.0,0,0,0,0.0,0.0,E1,h3_k0p75,3.0,0.75
healthy_maneuver,15,cusum_fgo,leader,pre,2196,2196.0,0,0,0,0,0.0,0.0,0,0,0,0.0,0.0,E1,h3_k0p75,3.0,0.75
healthy_maneuver,15,cusum_fgo,leader,maneuver,1809,1809.0,0,0,0,0,0.0,0.0,0,0,0,0.0,0.0,E1,h3_k0p75,3.0,0.75
healthy_maneuver,15,cusum_fgo,leader,post,1260,1260.0,0,0,0,0,0.0,0.0,0,0,0,0.0,0.0,E1,h3_k0p75,3.0,0.75
healthy_maneuver,15,cusum_fgo,follower,all,1755,1755.0,0,0,0,0,0.0,0.0,0,0,0,0.0,0.0,E1,h3_k0p75,3.0,0.75
healthy_maneuver,15,cusum_fgo,follower,pre,732,732.0,0,0,0,0,0.0,0.0,0,0,0,0.0,0.0,E1,h3_k0p75,3.0,0.75
healthy_maneuver,15,cusum_fgo,follower,maneuver,603,603.0,0,0,0,0,0.0,0.0,0,0,0,0.0,0.0,E1,h3_k0p75,3.0,0.75
healthy_maneuver,15,cusum_fgo,follower,post,420,420.0,0,0,0,0,0.0,0.0,0,0,0,0.0,0.0,E1,h3_k0p75,3.0,0.75
healthy_maneuver,16,cusum_fgo,leader,all,5265,5265.0,0,0,0,0,0.0,0.0,0,0,0,0.0,0.0,E1,h3_k0p75,3.0,0.75
healthy_maneuver,16,cusum_fgo,leader,pre,2196,2196.0,0,0,0,0,0.0,0.0,0,0,0,0.0,0.0,E1,h3_k0p75,3.0,0.75
healthy_maneuver,16,cusum_fgo,leader,maneuver,1809,1809.0,0,0,0,0,0.0,0.0,0,0,0,0.0,0.0,E1,h3_k0p75,3.0,0.75
healthy_maneuver,16,cusum_fgo,leader,post,1260,1260.0,0,0,0,0,0.0,0.0,0,0,0,0.0,0.0,E1,h3_k0p75,3.0,0.75
healthy_maneuver,16,cusum_fgo,follower,all,1755,1755.0,0,1,109,0,0.062108262108262105,2.0512820512820515,0,0,0,0.0,0.0,E1,h3_k0p75,3.0,0.75
healthy_maneuver,16,cusum_fgo,follower,pre,732,732.0,0,0,0,0,0.0,0.0,0,0,0,0.0,0.0,E1,h3_k0p75,3.0,0.75
healthy_maneuver,16,cusum_fgo,follower,maneuver,603,603.0,0,1,109,0,0.18076285240464346,5.970149253731343,0,0,0,0.0,0.0,E1,h3_k0p75,3.0,0.75
healthy_maneuver,16,cusum_fgo,follower,post,420,420.0,0,0,0,0,0.0,0.0,0,0,0,0.0,0.0,E1,h3_k0p75,3.0,0.75
healthy_maneuver,17,cusum_fgo,leader,all,5265,5265.0,0,0,0,0,0.0,0.0,0,0,0,0.0,0.0,E1,h3_k0p75,3.0,0.75
healthy_maneuver,17,cusum_fgo,leader,pre,2196,2196.0,0,0,0,0,0.0,0.0,0,0,0,0.0,0.0,E1,h3_k0p75,3.0,0.75
healthy_maneuver,17,cusum_fgo,leader,maneuver,1809,1809.0,0,0,0,0,0.0,0.0,0,0,0,0.0,0.0,E1,h3_k0p75,3.0,0.75
healthy_maneuver,17,cusum_fgo,leader,post,1260,1260.0,0,0,0,0,0.0,0.0,0,0,0,0.0,0.0,E1,h3_k0p75,3.0,0.75
healthy_maneuver,17,cusum_fgo,follower,all,1755,1755.0,0,0,0,0,0.0,0.0,0,0,0,0.0,0.0,E1,h3_k0p75,3.0,0.75
healthy_maneuver,17,cusum_fgo,follower,pre,732,732.0,0,0,0,0,0.0,0.0,0,0,0,0.0,0.0,E1,h3_k0p75,3.0,0.75
healthy_maneuver,17,cusum_fgo,follower,maneuver,603,603.0,0,0,0,0,0.0,0.0,0,0,0,0.0,0.0,E1,h3_k0p75,3.0,0.75
healthy_maneuver,17,cusum_fgo,follower,post,420,420.0,0,0,0,0,0.0,0.0,0,0,0,0.0,0.0,E1,h3_k0p75,3.0,0.75
healthy_maneuver,18,cusum_fgo,leader,all,5265,5265.0,0,0,0,0,0.0,0.0,0,0,0,0.0,0.0,E1,h3_k0p75,3.0,0.75
healthy_maneuver,18,cusum_fgo,leader,pre,2196,2196.0,0,0,0,0,0.0,0.0,0,0,0,0.0,0.0,E1,h3_k0p75,3.0,0.75
healthy_maneuver,18,cusum_fgo,leader,maneuver,1809,1809.0,0,0,0,0,0.0,0.0,0,0,0,0.0,0.0,E1,h3_k0p75,3.0,0.75
healthy_maneuver,18,cusum_fgo,leader,post,1260,1260.0,0,0,0,0,0.0,0.0,0,0,0,0.0,0.0,E1,h3_k0p75,3.0,0.75
healthy_maneuver,18,cusum_fgo,follower,all,1755,1755.0,0,0,0,0,0.0,0.0,0,0,0,0.0,0.0,E1,h3_k0p75,3.0,0.75
healthy_maneuver,18,cusum_fgo,follower,pre,732,732.0,0,0,0,0,0.0,0.0,0,0,0,0.0,0.0,E1,h3_k0p75,3.0,0.75
healthy_maneuver,18,cusum_fgo,follower,maneuver,603,603.0,0,0,0,0,0.0,0.0,0,0,0,0.0,0.0,E1,h3_k0p75,3.0,0.75
healthy_maneuver,18,cusum_fgo,follower,post,420,420.0,0,0,0,0,0.0,0.0,0,0,0,0.0,0.0,E1,h3_k0p75,3.0,0.75
healthy_maneuver,19,cusum_fgo,leader,all,5265,5265.0,0,0,0,0,0.0,0.0,0,0,0,0.0,0.0,E1,h3_k0p75,3.0,0.75
healthy_maneuver,19,cusum_fgo,leader,pre,2196,2196.0,0,0,0,0,0.0,0.0,0,0,0,0.0,0.0,E1,h3_k0p75,3.0,0.75
healthy_maneuver,19,cusum_fgo,leader,maneuver,1809,1809.0,0,0,0,0,0.0,0.0,0,0,0,0.0,0.0,E1,h3_k0p75,3.0,0.75
healthy_maneuver,19,cusum_fgo,leader,post,1260,1260.0,0,0,0,0,0.0,0.0,0,0,0,0.0,0.0,E1,h3_k0p75,3.0,0.75
healthy_maneuver,19,cusum_fgo,follower,all,1755,1755.0,0,0,0,0,0.0,0.0,0,0,0,0.0,0.0,E1,h3_k0p75,3.0,0.75
healthy_maneuver,19,cusum_fgo,follower,pre,732,732.0,0,0,0,0,0.0,0.0,0,0,0,0.0,0.0,E1,h3_k0p75,3.0,0.75
healthy_maneuver,19,cusum_fgo,follower,maneuver,603,603.0,0,0,0,0,0.0,0.0,0,0,0,0.0,0.0,E1,h3_k0p75,3.0,0.75
healthy_maneuver,19,cusum_fgo,follower,post,420,420.0,0,0,0,0,0.0,0.0,0,0,0,0.0,0.0,E1,h3_k0p75,3.0,0.75
healthy_maneuver,20,cusum_fgo,leader,all,5265,5265.0,0,0,0,0,0.0,0.0,0,0,0,0.0,0.0,E1,h3_k0p75,3.0,0.75
healthy_maneuver,20,cusum_fgo,leader,pre,2196,2196.0,0,0,0,0,0.0,0.0,0,0,0,0.0,0.0,E1,h3_k0p75,3.0,0.75
healthy_maneuver,20,cusum_fgo,leader,maneuver,1809,1809.0,0,0,0,0,0.0,0.0,0,0,0,0.0,0.0,E1,h3_k0p75,3.0,0.75
healthy_maneuver,20,cusum_fgo,leader,post,1260,1260.0,0,0,0,0,0.0,0.0,0,0,0,0.0,0.0,E1,h3_k0p75,3.0,0.75
healthy_maneuver,20,cusum_fgo,follower,all,1755,1755.0,0,1,120,0,0.06837606837606838,2.0512820512820515,0,0,0,0.0,0.0,E1,h3_k0p75,3.0,0.75
healthy_maneuver,20,cusum_fgo,follower,pre,732,732.0,0,0,0,0,0.0,0.0,0,0,0,0.0,0.0,E1,h3_k0p75,3.0,0.75
healthy_maneuver,20,cusum_fgo,follower,maneuver,603,603.0,0,1,120,0,0.19900497512437812,5.970149253731343,0,0,0,0.0,0.0,E1,h3_k0p75,3.0,0.75
healthy_maneuver,20,cusum_fgo,follower,post,420,420.0,0,0,0,0,0.0,0.0,0,0,0,0.0,0.0,E1,h3_k0p75,3.0,0.75
healthy_maneuver,21,cusum_fgo,leader,all,5265,5265.0,0,0,0,0,0.0,0.0,0,0,0,0.0,0.0,E1,h3_k0p75,3.0,0.75
healthy_maneuver,21,cusum_fgo,leader,pre,2196,2196.0,0,0,0,0,0.0,0.0,0,0,0,0.0,0.0,E1,h3_k0p75,3.0,0.75
healthy_maneuver,21,cusum_fgo,leader,maneuver,1809,1809.0,0,0,0,0,0.0,0.0,0,0,0,0.0,0.0,E1,h3_k0p75,3.0,0.75
healthy_maneuver,21,cusum_fgo,leader,post,1260,1260.0,0,0,0,0,0.0,0.0,0,0,0,0.0,0.0,E1,h3_k0p75,3.0,0.75
healthy_maneuver,21,cusum_fgo,follower,all,1755,1755.0,0,1,145,0,0.08262108262108261,2.0512820512820515,0,0,0,0.0,0.0,E1,h3_k0p75,3.0,0.75
healthy_maneuver,21,cusum_fgo,follower,pre,732,732.0,0,0,0,0,0.0,0.0,0,0,0,0.0,0.0,E1,h3_k0p75,3.0,0.75
healthy_maneuver,21,cusum_fgo,follower,maneuver,603,603.0,0,1,141,0,0.23383084577114427,5.970149253731343,0,0,0,0.0,0.0,E1,h3_k0p75,3.0,0.75
healthy_maneuver,21,cusum_fgo,follower,post,420,420.0,0,0,4,0,0.009523809523809525,0.0,0,0,0,0.0,0.0,E1,h3_k0p75,3.0,0.75
healthy_maneuver,22,cusum_fgo,leader,all,5265,5265.0,0,0,0,0,0.0,0.0,0,0,0,0.0,0.0,E1,h3_k0p75,3.0,0.75
healthy_maneuver,22,cusum_fgo,leader,pre,2196,2196.0,0,0,0,0,0.0,0.0,0,0,0,0.0,0.0,E1,h3_k0p75,3.0,0.75
healthy_maneuver,22,cusum_fgo,leader,maneuver,1809,1809.0,0,0,0,0,0.0,0.0,0,0,0,0.0,0.0,E1,h3_k0p75,3.0,0.75
healthy_maneuver,22,cusum_fgo,leader,post,1260,1260.0,0,0,0,0,0.0,0.0,0,0,0,0.0,0.0,E1,h3_k0p75,3.0,0.75
healthy_maneuver,22,cusum_fgo,follower,all,1755,1755.0,0,1,276,0,0.15726495726495726,2.0512820512820515,0,0,0,0.0,0.0,E1,h3_k0p75,3.0,0.75
healthy_maneuver,22,cusum_fgo,follower,pre,732,732.0,0,0,0,0,0.0,0.0,0,0,0,0.0,0.0,E1,h3_k0p75,3.0,0.75
healthy_maneuver,22,cusum_fgo,follower,maneuver,603,603.0,0,1,136,0,0.22553897180762852,5.970149253731343,0,0,0,0.0,0.0,E1,h3_k0p75,3.0,0.75
healthy_maneuver,22,cusum_fgo,follower,post,420,420.0,0,0,140,0,0.3333333333333333,0.0,0,0,0,0.0,0.0,E1,h3_k0p75,3.0,0.75
healthy_maneuver,23,cusum_fgo,leader,all,5265,5265.0,0,0,0,0,0.0,0.0,0,0,0,0.0,0.0,E1,h3_k0p75,3.0,0.75
healthy_maneuver,23,cusum_fgo,leader,pre,2196,2196.0,0,0,0,0,0.0,0.0,0,0,0,0.0,0.0,E1,h3_k0p75,3.0,0.75
healthy_maneuver,23,cusum_fgo,leader,maneuver,1809,1809.0,0,0,0,0,0.0,0.0,0,0,0,0.0,0.0,E1,h3_k0p75,3.0,0.75
healthy_maneuver,23,cusum_fgo,leader,post,1260,1260.0,0,0,0,0,0.0,0.0,0,0,0,0.0,0.0,E1,h3_k0p75,3.0,0.75
healthy_maneuver,23,cusum_fgo,follower,all,1755,1755.0,0,0,0,0,0.0,0.0,0,0,0,0.0,0.0,E1,h3_k0p75,3.0,0.75
healthy_maneuver,23,cusum_fgo,follower,pre,732,732.0,0,0,0,0,0.0,0.0,0,0,0,0.0,0.0,E1,h3_k0p75,3.0,0.75
healthy_maneuver,23,cusum_fgo,follower,maneuver,603,603.0,0,0,0,0,0.0,0.0,0,0,0,0.0,0.0,E1,h3_k0p75,3.0,0.75
healthy_maneuver,23,cusum_fgo,follower,post,420,420.0,0,0,0,0,0.0,0.0,0,0,0,0.0,0.0,E1,h3_k0p75,3.0,0.75
healthy_maneuver,24,cusum_fgo,leader,all,5265,5265.0,0,0,0,0,0.0,0.0,0,0,0,0.0,0.0,E1,h3_k0p75,3.0,0.75
healthy_maneuver,24,cusum_fgo,leader,pre,2196,2196.0,0,0,0,0,0.0,0.0,0,0,0,0.0,0.0,E1,h3_k0p75,3.0,0.75
healthy_maneuver,24,cusum_fgo,leader,maneuver,1809,1809.0,0,0,0,0,0.0,0.0,0,0,0,0.0,0.0,E1,h3_k0p75,3.0,0.75
healthy_maneuver,24,cusum_fgo,leader,post,1260,1260.0,0,0,0,0,0.0,0.0,0,0,0,0.0,0.0,E1,h3_k0p75,3.0,0.75
healthy_maneuver,24,cusum_fgo,follower,all,1755,1755.0,0,0,0,0,0.0,0.0,0,0,0,0.0,0.0,E1,h3_k0p75,3.0,0.75
healthy_maneuver,24,cusum_fgo,follower,pre,732,732.0,0,0,0,0,0.0,0.0,0,0,0,0.0,0.0,E1,h3_k0p75,3.0,0.75
healthy_maneuver,24,cusum_fgo,follower,maneuver,603,603.0,0,0,0,0,0.0,0.0,0,0,0,0.0,0.0,E1,h3_k0p75,3.0,0.75
healthy_maneuver,24,cusum_fgo,follower,post,420,420.0,0,0,0,0,0.0,0.0,0,0,0,0.0,0.0,E1,h3_k0p75,3.0,0.75
healthy_maneuver,25,cusum_fgo,leader,all,5265,5265.0,0,0,0,0,0.0,0.0,0,0,0,0.0,0.0,E1,h3_k0p75,3.0,0.75
healthy_maneuver,25,cusum_fgo,leader,pre,2196,2196.0,0,0,0,0,0.0,0.0,0,0,0,0.0,0.0,E1,h3_k0p75,3.0,0.75
healthy_maneuver,25,cusum_fgo,leader,maneuver,1809,1809.0,0,0,0,0,0.0,0.0,0,0,0,0.0,0.0,E1,h3_k0p75,3.0,0.75
healthy_maneuver,25,cusum_fgo,leader,post,1260,1260.0,0,0,0,0,0.0,0.0,0,0,0,0.0,0.0,E1,h3_k0p75,3.0,0.75
healthy_maneuver,25,cusum_fgo,follower,all,1755,1755.0,0,0,0,0,0.0,0.0,0,0,0,0.0,0.0,E1,h3_k0p75,3.0,0.75
healthy_maneuver,25,cusum_fgo,follower,pre,732,732.0,0,0,0,0,0.0,0.0,0,0,0,0.0,0.0,E1,h3_k0p75,3.0,0.75
healthy_maneuver,25,cusum_fgo,follower,maneuver,603,603.0,0,0,0,0,0.0,0.0,0,0,0,0.0,0.0,E1,h3_k0p75,3.0,0.75
healthy_maneuver,25,cusum_fgo,follower,post,420,420.0,0,0,0,0,0.0,0.0,0,0,0,0.0,0.0,E1,h3_k0p75,3.0,0.75
healthy_maneuver,26,cusum_fgo,leader,all,5265,5265.0,0,0,0,0,0.0,0.0,0,0,0,0.0,0.0,E1,h3_k0p75,3.0,0.75
healthy_maneuver,26,cusum_fgo,leader,pre,2196,2196.0,0,0,0,0,0.0,0.0,0,0,0,0.0,0.0,E1,h3_k0p75,3.0,0.75
healthy_maneuver,26,cusum_fgo,leader,maneuver,1809,1809.0,0,0,0,0,0.0,0.0,0,0,0,0.0,0.0,E1,h3_k0p75,3.0,0.75
healthy_maneuver,26,cusum_fgo,leader,post,1260,1260.0,0,0,0,0,0.0,0.0,0,0,0,0.0,0.0,E1,h3_k0p75,3.0,0.75
healthy_maneuver,26,cusum_fgo,follower,all,1755,1755.0,0,1,276,0,0.15726495726495726,2.0512820512820515,0,0,0,0.0,0.0,E1,h3_k0p75,3.0,0.75
healthy_maneuver,26,cusum_fgo,follower,pre,732,732.0,0,0,0,0,0.0,0.0,0,0,0,0.0,0.0,E1,h3_k0p75,3.0,0.75
healthy_maneuver,26,cusum_fgo,follower,maneuver,603,603.0,0,1,136,0,0.22553897180762852,5.970149253731343,0,0,0,0.0,0.0,E1,h3_k0p75,3.0,0.75
healthy_maneuver,26,cusum_fgo,follower,post,420,420.0,0,0,140,0,0.3333333333333333,0.0,0,0,0,0.0,0.0,E1,h3_k0p75,3.0,0.75
healthy_maneuver,27,cusum_fgo,leader,all,5265,5265.0,0,0,0,0,0.0,0.0,0,0,0,0.0,0.0,E1,h3_k0p75,3.0,0.75
healthy_maneuver,27,cusum_fgo,leader,pre,2196,2196.0,0,0,0,0,0.0,0.0,0,0,0,0.0,0.0,E1,h3_k0p75,3.0,0.75
healthy_maneuver,27,cusum_fgo,leader,maneuver,1809,1809.0,0,0,0,0,0.0,0.0,0,0,0,0.0,0.0,E1,h3_k0p75,3.0,0.75
healthy_maneuver,27,cusum_fgo,leader,post,1260,1260.0,0,0,0,0,0.0,0.0,0,0,0,0.0,0.0,E1,h3_k0p75,3.0,0.75
healthy_maneuver,27,cusum_fgo,follower,all,1755,1755.0,0,1,119,0,0.0678062678062678,2.0512820512820515,0,0,0,0.0,0.0,E1,h3_k0p75,3.0,0.75
healthy_maneuver,27,cusum_fgo,follower,pre,732,732.0,0,0,0,0,0.0,0.0,0,0,0,0.0,0.0,E1,h3_k0p75,3.0,0.75
healthy_maneuver,27,cusum_fgo,follower,maneuver,603,603.0,0,1,119,0,0.19734660033167495,5.970149253731343,0,0,0,0.0,0.0,E1,h3_k0p75,3.0,0.75
healthy_maneuver,27,cusum_fgo,follower,post,420,420.0,0,0,0,0,0.0,0.0,0,0,0,0.0,0.0,E1,h3_k0p75,3.0,0.75
healthy_maneuver,28,cusum_fgo,leader,all,5265,5265.0,0,0,0,0,0.0,0.0,0,0,0,0.0,0.0,E1,h3_k0p75,3.0,0.75
healthy_maneuver,28,cusum_fgo,leader,pre,2196,2196.0,0,0,0,0,0.0,0.0,0,0,0,0.0,0.0,E1,h3_k0p75,3.0,0.75
healthy_maneuver,28,cusum_fgo,leader,maneuver,1809,1809.0,0,0,0,0,0.0,0.0,0,0,0,0.0,0.0,E1,h3_k0p75,3.0,0.75
healthy_maneuver,28,cusum_fgo,leader,post,1260,1260.0,0,0,0,0,0.0,0.0,0,0,0,0.0,0.0,E1,h3_k0p75,3.0,0.75
healthy_maneuver,28,cusum_fgo,follower,all,1755,1755.0,0,1,108,0,0.06153846153846154,2.0512820512820515,0,0,0,0.0,0.0,E1,h3_k0p75,3.0,0.75
healthy_maneuver,28,cusum_fgo,follower,pre,732,732.0,0,0,0,0,0.0,0.0,0,0,0,0.0,0.0,E1,h3_k0p75,3.0,0.75
healthy_maneuver,28,cusum_fgo,follower,maneuver,603,603.0,0,1,108,0,0.1791044776119403,5.970149253731343,0,0,0,0.0,0.0,E1,h3_k0p75,3.0,0.75
healthy_maneuver,28,cusum_fgo,follower,post,420,420.0,0,0,0,0,0.0,0.0,0,0,0,0.0,0.0,E1,h3_k0p75,3.0,0.75
healthy_maneuver,29,cusum_fgo,leader,all,5265,5265.0,0,0,0,0,0.0,0.0,0,0,0,0.0,0.0,E1,h3_k0p75,3.0,0.75
healthy_maneuver,29,cusum_fgo,leader,pre,2196,2196.0,0,0,0,0,0.0,0.0,0,0,0,0.0,0.0,E1,h3_k0p75,3.0,0.75
healthy_maneuver,29,cusum_fgo,leader,maneuver,1809,1809.0,0,0,0,0,0.0,0.0,0,0,0,0.0,0.0,E1,h3_k0p75,3.0,0.75
healthy_maneuver,29,cusum_fgo,leader,post,1260,1260.0,0,0,0,0,0.0,0.0,0,0,0,0.0,0.0,E1,h3_k0p75,3.0,0.75
healthy_maneuver,29,cusum_fgo,follower,all,1755,1755.0,0,1,92,0,0.05242165242165242,2.0512820512820515,0,0,0,0.0,0.0,E1,h3_k0p75,3.0,0.75
healthy_maneuver,29,cusum_fgo,follower,pre,732,732.0,0,0,0,0,0.0,0.0,0,0,0,0.0,0.0,E1,h3_k0p75,3.0,0.75
healthy_maneuver,29,cusum_fgo,follower,maneuver,603,603.0,0,1,92,0,0.15257048092868988,5.970149253731343,0,0,0,0.0,0.0,E1,h3_k0p75,3.0,0.75
healthy_maneuver,29,cusum_fgo,follower,post,420,420.0,0,0,0,0,0.0,0.0,0,0,0,0.0,0.0,E1,h3_k0p75,3.0,0.75
healthy_maneuver,30,cusum_fgo,leader,all,5265,5265.0,0,0,0,0,0.0,0.0,0,0,0,0.0,0.0,E1,h3_k0p75,3.0,0.75
healthy_maneuver,30,cusum_fgo,leader,pre,2196,2196.0,0,0,0,0,0.0,0.0,0,0,0,0.0,0.0,E1,h3_k0p75,3.0,0.75
healthy_maneuver,30,cusum_fgo,leader,maneuver,1809,1809.0,0,0,0,0,0.0,0.0,0,0,0,0.0,0.0,E1,h3_k0p75,3.0,0.75
healthy_maneuver,30,cusum_fgo,leader,post,1260,1260.0,0,0,0,0,0.0,0.0,0,0,0,0.0,0.0,E1,h3_k0p75,3.0,0.75
healthy_maneuver,30,cusum_fgo,follower,all,1755,1755.0,0,1,97,0,0.05527065527065527,2.0512820512820515,0,0,0,0.0,0.0,E1,h3_k0p75,3.0,0.75
healthy_maneuver,30,cusum_fgo,follower,pre,732,732.0,0,0,0,0,0.0,0.0,0,0,0,0.0,0.0,E1,h3_k0p75,3.0,0.75
healthy_maneuver,30,cusum_fgo,follower,maneuver,603,603.0,0,1,97,0,0.16086235489220563,5.970149253731343,0,0,0,0.0,0.0,E1,h3_k0p75,3.0,0.75
healthy_maneuver,30,cusum_fgo,follower,post,420,420.0,0,0,0,0,0.0,0.0,0,0,0,0.0,0.0,E1,h3_k0p75,3.0,0.75
healthy_maneuver,31,cusum_fgo,leader,all,5265,5265.0,0,0,0,0,0.0,0.0,0,0,0,0.0,0.0,E1,h3_k0p75,3.0,0.75
healthy_maneuver,31,cusum_fgo,leader,pre,2196,2196.0,0,0,0,0,0.0,0.0,0,0,0,0.0,0.0,E1,h3_k0p75,3.0,0.75
healthy_maneuver,31,cusum_fgo,leader,maneuver,1809,1809.0,0,0,0,0,0.0,0.0,0,0,0,0.0,0.0,E1,h3_k0p75,3.0,0.75
healthy_maneuver,31,cusum_fgo,leader,post,1260,1260.0,0,0,0,0,0.0,0.0,0,0,0,0.0,0.0,E1,h3_k0p75,3.0,0.75
healthy_maneuver,31,cusum_fgo,follower,all,1755,1755.0,0,0,0,0,0.0,0.0,0,0,0,0.0,0.0,E1,h3_k0p75,3.0,0.75
healthy_maneuver,31,cusum_fgo,follower,pre,732,732.0,0,0,0,0,0.0,0.0,0,0,0,0.0,0.0,E1,h3_k0p75,3.0,0.75
healthy_maneuver,31,cusum_fgo,follower,maneuver,603,603.0,0,0,0,0,0.0,0.0,0,0,0,0.0,0.0,E1,h3_k0p75,3.0,0.75
healthy_maneuver,31,cusum_fgo,follower,post,420,420.0,0,0,0,0,0.0,0.0,0,0,0,0.0,0.0,E1,h3_k0p75,3.0,0.75
healthy_maneuver,32,cusum_fgo,leader,all,5265,5265.0,0,0,0,0,0.0,0.0,0,0,0,0.0,0.0,E1,h3_k0p75,3.0,0.75
healthy_maneuver,32,cusum_fgo,leader,pre,2196,2196.0,0,0,0,0,0.0,0.0,0,0,0,0.0,0.0,E1,h3_k0p75,3.0,0.75
healthy_maneuver,32,cusum_fgo,leader,maneuver,1809,1809.0,0,0,0,0,0.0,0.0,0,0,0,0.0,0.0,E1,h3_k0p75,3.0,0.75
healthy_maneuver,32,cusum_fgo,leader,post,1260,1260.0,0,0,0,0,0.0,0.0,0,0,0,0.0,0.0,E1,h3_k0p75,3.0,0.75
healthy_maneuver,32,cusum_fgo,follower,all,1755,1755.0,0,1,278,0,0.15840455840455842,2.0512820512820515,0,0,0,0.0,0.0,E1,h3_k0p75,3.0,0.75
healthy_maneuver,32,cusum_fgo,follower,pre,732,732.0,0,0,0,0,0.0,0.0,0,0,0,0.0,0.0,E1,h3_k0p75,3.0,0.75
healthy_maneuver,32,cusum_fgo,follower,maneuver,603,603.0,0,1,138,0,0.22885572139303484,5.970149253731343,0,0,0,0.0,0.0,E1,h3_k0p75,3.0,0.75
healthy_maneuver,32,cusum_fgo,follower,post,420,420.0,0,0,140,0,0.3333333333333333,0.0,0,0,0,0.0,0.0,E1,h3_k0p75,3.0,0.75
healthy_maneuver,33,cusum_fgo,leader,all,5265,5265.0,0,0,0,0,0.0,0.0,0,0,0,0.0,0.0,E1,h3_k0p75,3.0,0.75
healthy_maneuver,33,cusum_fgo,leader,pre,2196,2196.0,0,0,0,0,0.0,0.0,0,0,0,0.0,0.0,E1,h3_k0p75,3.0,0.75
healthy_maneuver,33,cusum_fgo,leader,maneuver,1809,1809.0,0,0,0,0,0.0,0.0,0,0,0,0.0,0.0,E1,h3_k0p75,3.0,0.75
healthy_maneuver,33,cusum_fgo,leader,post,1260,1260.0,0,0,0,0,0.0,0.0,0,0,0,0.0,0.0,E1,h3_k0p75,3.0,0.75
healthy_maneuver,33,cusum_fgo,follower,all,1755,1755.0,0,1,279,0,0.15897435897435896,2.0512820512820515,0,0,0,0.0,0.0,E1,h3_k0p75,3.0,0.75
healthy_maneuver,33,cusum_fgo,follower,pre,732,732.0,0,0,0,0,0.0,0.0,0,0,0,0.0,0.0,E1,h3_k0p75,3.0,0.75
healthy_maneuver,33,cusum_fgo,follower,maneuver,603,603.0,0,1,139,0,0.23051409618573798,5.970149253731343,0,0,0,0.0,0.0,E1,h3_k0p75,3.0,0.75
healthy_maneuver,33,cusum_fgo,follower,post,420,420.0,0,0,140,0,0.3333333333333333,0.0,0,0,0,0.0,0.0,E1,h3_k0p75,3.0,0.75
healthy_maneuver,34,cusum_fgo,leader,all,5265,5265.0,0,0,0,0,0.0,0.0,0,0,0,0.0,0.0,E1,h3_k0p75,3.0,0.75
healthy_maneuver,34,cusum_fgo,leader,pre,2196,2196.0,0,0,0,0,0.0,0.0,0,0,0,0.0,0.0,E1,h3_k0p75,3.0,0.75
healthy_maneuver,34,cusum_fgo,leader,maneuver,1809,1809.0,0,0,0,0,0.0,0.0,0,0,0,0.0,0.0,E1,h3_k0p75,3.0,0.75
healthy_maneuver,34,cusum_fgo,leader,post,1260,1260.0,0,0,0,0,0.0,0.0,0,0,0,0.0,0.0,E1,h3_k0p75,3.0,0.75
healthy_maneuver,34,cusum_fgo,follower,all,1755,1755.0,0,0,0,0,0.0,0.0,0,0,0,0.0,0.0,E1,h3_k0p75,3.0,0.75
healthy_maneuver,34,cusum_fgo,follower,pre,732,732.0,0,0,0,0,0.0,0.0,0,0,0,0.0,0.0,E1,h3_k0p75,3.0,0.75
healthy_maneuver,34,cusum_fgo,follower,maneuver,603,603.0,0,0,0,0,0.0,0.0,0,0,0,0.0,0.0,E1,h3_k0p75,3.0,0.75
healthy_maneuver,34,cusum_fgo,follower,post,420,420.0,0,0,0,0,0.0,0.0,0,0,0,0.0,0.0,E1,h3_k0p75,3.0,0.75
healthy_maneuver,35,cusum_fgo,leader,all,5265,5265.0,0,0,0,0,0.0,0.0,0,0,0,0.0,0.0,E1,h3_k0p75,3.0,0.75
healthy_maneuver,35,cusum_fgo,leader,pre,2196,2196.0,0,0,0,0,0.0,0.0,0,0,0,0.0,0.0,E1,h3_k0p75,3.0,0.75
healthy_maneuver,35,cusum_fgo,leader,maneuver,1809,1809.0,0,0,0,0,0.0,0.0,0,0,0,0.0,0.0,E1,h3_k0p75,3.0,0.75
healthy_maneuver,35,cusum_fgo,leader,post,1260,1260.0,0,0,0,0,0.0,0.0,0,0,0,0.0,0.0,E1,h3_k0p75,3.0,0.75
healthy_maneuver,35,cusum_fgo,follower,all,1755,1755.0,0,0,0,0,0.0,0.0,0,0,0,0.0,0.0,E1,h3_k0p75,3.0,0.75
healthy_maneuver,35,cusum_fgo,follower,pre,732,732.0,0,0,0,0,0.0,0.0,0,0,0,0.0,0.0,E1,h3_k0p75,3.0,0.75
healthy_maneuver,35,cusum_fgo,follower,maneuver,603,603.0,0,0,0,0,0.0,0.0,0,0,0,0.0,0.0,E1,h3_k0p75,3.0,0.75
healthy_maneuver,35,cusum_fgo,follower,post,420,420.0,0,0,0,0,0.0,0.0,0,0,0,0.0,0.0,E1,h3_k0p75,3.0,0.75
healthy_maneuver,36,cusum_fgo,leader,all,5265,5265.0,0,0,0,0,0.0,0.0,0,0,0,0.0,0.0,E1,h3_k0p75,3.0,0.75
healthy_maneuver,36,cusum_fgo,leader,pre,2196,2196.0,0,0,0,0,0.0,0.0,0,0,0,0.0,0.0,E1,h3_k0p75,3.0,0.75
healthy_maneuver,36,cusum_fgo,leader,maneuver,1809,1809.0,0,0,0,0,0.0,0.0,0,0,0,0.0,0.0,E1,h3_k0p75,3.0,0.75
healthy_maneuver,36,cusum_fgo,leader,post,1260,1260.0,0,0,0,0,0.0,0.0,0,0,0,0.0,0.0,E1,h3_k0p75,3.0,0.75
healthy_maneuver,36,cusum_fgo,follower,all,1755,1755.0,0,1,93,0,0.05299145299145299,2.0512820512820515,0,0,0,0.0,0.0,E1,h3_k0p75,3.0,0.75
healthy_maneuver,36,cusum_fgo,follower,pre,732,732.0,0,0,0,0,0.0,0.0,0,0,0,0.0,0.0,E1,h3_k0p75,3.0,0.75
healthy_maneuver,36,cusum_fgo,follower,maneuver,603,603.0,0,1,93,0,0.15422885572139303,5.970149253731343,0,0,0,0.0,0.0,E1,h3_k0p75,3.0,0.75
healthy_maneuver,36,cusum_fgo,follower,post,420,420.0,0,0,0,0,0.0,0.0,0,0,0,0.0,0.0,E1,h3_k0p75,3.0,0.75
healthy_maneuver,37,cusum_fgo,leader,all,5265,5265.0,0,0,0,0,0.0,0.0,0,0,0,0.0,0.0,E1,h3_k0p75,3.0,0.75
healthy_maneuver,37,cusum_fgo,leader,pre,2196,2196.0,0,0,0,0,0.0,0.0,0,0,0,0.0,0.0,E1,h3_k0p75,3.0,0.75
healthy_maneuver,37,cusum_fgo,leader,maneuver,1809,1809.0,0,0,0,0,0.0,0.0,0,0,0,0.0,0.0,E1,h3_k0p75,3.0,0.75
healthy_maneuver,37,cusum_fgo,leader,post,1260,1260.0,0,0,0,0,0.0,0.0,0,0,0,0.0,0.0,E1,h3_k0p75,3.0,0.75
healthy_maneuver,37,cusum_fgo,follower,all,1755,1755.0,0,1,118,0,0.06723646723646724,2.0512820512820515,0,0,0,0.0,0.0,E1,h3_k0p75,3.0,0.75
healthy_maneuver,37,cusum_fgo,follower,pre,732,732.0,0,0,0,0,0.0,0.0,0,0,0,0.0,0.0,E1,h3_k0p75,3.0,0.75
healthy_maneuver,37,cusum_fgo,follower,maneuver,603,603.0,0,1,118,0,0.1956882255389718,5.970149253731343,0,0,0,0.0,0.0,E1,h3_k0p75,3.0,0.75
healthy_maneuver,37,cusum_fgo,follower,post,420,420.0,0,0,0,0,0.0,0.0,0,0,0,0.0,0.0,E1,h3_k0p75,3.0,0.75
healthy_maneuver,38,cusum_fgo,leader,all,5265,5265.0,0,0,0,0,0.0,0.0,0,0,0,0.0,0.0,E1,h3_k0p75,3.0,0.75
healthy_maneuver,38,cusum_fgo,leader,pre,2196,2196.0,0,0,0,0,0.0,0.0,0,0,0,0.0,0.0,E1,h3_k0p75,3.0,0.75
healthy_maneuver,38,cusum_fgo,leader,maneuver,1809,1809.0,0,0,0,0,0.0,0.0,0,0,0,0.0,0.0,E1,h3_k0p75,3.0,0.75
healthy_maneuver,38,cusum_fgo,leader,post,1260,1260.0,0,0,0,0,0.0,0.0,0,0,0,0.0,0.0,E1,h3_k0p75,3.0,0.75
healthy_maneuver,38,cusum_fgo,follower,all,1755,1755.0,0,0,0,0,0.0,0.0,0,0,0,0.0,0.0,E1,h3_k0p75,3.0,0.75
healthy_maneuver,38,cusum_fgo,follower,pre,732,732.0,0,0,0,0,0.0,0.0,0,0,0,0.0,0.0,E1,h3_k0p75,3.0,0.75
healthy_maneuver,38,cusum_fgo,follower,maneuver,603,603.0,0,0,0,0,0.0,0.0,0,0,0,0.0,0.0,E1,h3_k0p75,3.0,0.75
healthy_maneuver,38,cusum_fgo,follower,post,420,420.0,0,0,0,0,0.0,0.0,0,0,0,0.0,0.0,E1,h3_k0p75,3.0,0.75
healthy_maneuver,39,cusum_fgo,leader,all,5265,5265.0,0,0,0,0,0.0,0.0,0,0,0,0.0,0.0,E1,h3_k0p75,3.0,0.75
healthy_maneuver,39,cusum_fgo,leader,pre,2196,2196.0,0,0,0,0,0.0,0.0,0,0,0,0.0,0.0,E1,h3_k0p75,3.0,0.75
healthy_maneuver,39,cusum_fgo,leader,maneuver,1809,1809.0,0,0,0,0,0.0,0.0,0,0,0,0.0,0.0,E1,h3_k0p75,3.0,0.75
healthy_maneuver,39,cusum_fgo,leader,post,1260,1260.0,0,0,0,0,0.0,0.0,0,0,0,0.0,0.0,E1,h3_k0p75,3.0,0.75
healthy_maneuver,39,cusum_fgo,follower,all,1755,1755.0,0,0,0,0,0.0,0.0,0,0,0,0.0,0.0,E1,h3_k0p75,3.0,0.75
healthy_maneuver,39,cusum_fgo,follower,pre,732,732.0,0,0,0,0,0.0,0.0,0,0,0,0.0,0.0,E1,h3_k0p75,3.0,0.75
healthy_maneuver,39,cusum_fgo,follower,maneuver,603,603.0,0,0,0,0,0.0,0.0,0,0,0,0.0,0.0,E1,h3_k0p75,3.0,0.75
healthy_maneuver,39,cusum_fgo,follower,post,420,420.0,0,0,0,0,0.0,0.0,0,0,0,0.0,0.0,E1,h3_k0p75,3.0,0.75
healthy_maneuver,40,cusum_fgo,leader,all,5265,5265.0,0,0,0,0,0.0,0.0,0,0,0,0.0,0.0,E1,h3_k0p75,3.0,0.75
healthy_maneuver,40,cusum_fgo,leader,pre,2196,2196.0,0,0,0,0,0.0,0.0,0,0,0,0.0,0.0,E1,h3_k0p75,3.0,0.75
healthy_maneuver,40,cusum_fgo,leader,maneuver,1809,1809.0,0,0,0,0,0.0,0.0,0,0,0,0.0,0.0,E1,h3_k0p75,3.0,0.75
healthy_maneuver,40,cusum_fgo,leader,post,1260,1260.0,0,0,0,0,0.0,0.0,0,0,0,0.0,0.0,E1,h3_k0p75,3.0,0.75
healthy_maneuver,40,cusum_fgo,follower,all,1755,1755.0,0,0,0,0,0.0,0.0,0,0,0,0.0,0.0,E1,h3_k0p75,3.0,0.75
healthy_maneuver,40,cusum_fgo,follower,pre,732,732.0,0,0,0,0,0.0,0.0,0,0,0,0.0,0.0,E1,h3_k0p75,3.0,0.75
healthy_maneuver,40,cusum_fgo,follower,maneuver,603,603.0,0,0,0,0,0.0,0.0,0,0,0,0.0,0.0,E1,h3_k0p75,3.0,0.75
healthy_maneuver,40,cusum_fgo,follower,post,420,420.0,0,0,0,0,0.0,0.0,0,0,0,0.0,0.0,E1,h3_k0p75,3.0,0.75
healthy_maneuver,41,cusum_fgo,leader,all,5265,5265.0,0,0,0,0,0.0,0.0,0,0,0,0.0,0.0,E1,h3_k0p75,3.0,0.75
healthy_maneuver,41,cusum_fgo,leader,pre,2196,2196.0,0,0,0,0,0.0,0.0,0,0,0,0.0,0.0,E1,h3_k0p75,3.0,0.75
healthy_maneuver,41,cusum_fgo,leader,maneuver,1809,1809.0,0,0,0,0,0.0,0.0,0,0,0,0.0,0.0,E1,h3_k0p75,3.0,0.75
healthy_maneuver,41,cusum_fgo,leader,post,1260,1260.0,0,0,0,0,0.0,0.0,0,0,0,0.0,0.0,E1,h3_k0p75,3.0,0.75
healthy_maneuver,41,cusum_fgo,follower,all,1755,1755.0,0,1,117,0,0.06666666666666667,2.0512820512820515,0,0,0,0.0,0.0,E1,h3_k0p75,3.0,0.75
healthy_maneuver,41,cusum_fgo,follower,pre,732,732.0,0,0,0,0,0.0,0.0,0,0,0,0.0,0.0,E1,h3_k0p75,3.0,0.75
healthy_maneuver,41,cusum_fgo,follower,maneuver,603,603.0,0,1,117,0,0.19402985074626866,5.970149253731343,0,0,0,0.0,0.0,E1,h3_k0p75,3.0,0.75
healthy_maneuver,41,cusum_fgo,follower,post,420,420.0,0,0,0,0,0.0,0.0,0,0,0,0.0,0.0,E1,h3_k0p75,3.0,0.75
healthy_maneuver,42,cusum_fgo,leader,all,5265,5265.0,0,0,0,0,0.0,0.0,0,0,0,0.0,0.0,E1,h3_k0p75,3.0,0.75
healthy_maneuver,42,cusum_fgo,leader,pre,2196,2196.0,0,0,0,0,0.0,0.0,0,0,0,0.0,0.0,E1,h3_k0p75,3.0,0.75
healthy_maneuver,42,cusum_fgo,leader,maneuver,1809,1809.0,0,0,0,0,0.0,0.0,0,0,0,0.0,0.0,E1,h3_k0p75,3.0,0.75
healthy_maneuver,42,cusum_fgo,leader,post,1260,1260.0,0,0,0,0,0.0,0.0,0,0,0,0.0,0.0,E1,h3_k0p75,3.0,0.75
healthy_maneuver,42,cusum_fgo,follower,all,1755,1755.0,0,0,0,0,0.0,0.0,0,0,0,0.0,0.0,E1,h3_k0p75,3.0,0.75
healthy_maneuver,42,cusum_fgo,follower,pre,732,732.0,0,0,0,0,0.0,0.0,0,0,0,0.0,0.0,E1,h3_k0p75,3.0,0.75
healthy_maneuver,42,cusum_fgo,follower,maneuver,603,603.0,0,0,0,0,0.0,0.0,0,0,0,0.0,0.0,E1,h3_k0p75,3.0,0.75
healthy_maneuver,42,cusum_fgo,follower,post,420,420.0,0,0,0,0,0.0,0.0,0,0,0,0.0,0.0,E1,h3_k0p75,3.0,0.75
healthy_maneuver,43,cusum_fgo,leader,all,5265,5265.0,0,0,0,0,0.0,0.0,0,0,0,0.0,0.0,E1,h3_k0p75,3.0,0.75
healthy_maneuver,43,cusum_fgo,leader,pre,2196,2196.0,0,0,0,0,0.0,0.0,0,0,0,0.0,0.0,E1,h3_k0p75,3.0,0.75
healthy_maneuver,43,cusum_fgo,leader,maneuver,1809,1809.0,0,0,0,0,0.0,0.0,0,0,0,0.0,0.0,E1,h3_k0p75,3.0,0.75
healthy_maneuver,43,cusum_fgo,leader,post,1260,1260.0,0,0,0,0,0.0,0.0,0,0,0,0.0,0.0,E1,h3_k0p75,3.0,0.75
healthy_maneuver,43,cusum_fgo,follower,all,1755,1755.0,0,0,0,0,0.0,0.0,0,0,0,0.0,0.0,E1,h3_k0p75,3.0,0.75
healthy_maneuver,43,cusum_fgo,follower,pre,732,732.0,0,0,0,0,0.0,0.0,0,0,0,0.0,0.0,E1,h3_k0p75,3.0,0.75
healthy_maneuver,43,cusum_fgo,follower,maneuver,603,603.0,0,0,0,0,0.0,0.0,0,0,0,0.0,0.0,E1,h3_k0p75,3.0,0.75
healthy_maneuver,43,cusum_fgo,follower,post,420,420.0,0,0,0,0,0.0,0.0,0,0,0,0.0,0.0,E1,h3_k0p75,3.0,0.75
healthy_maneuver,44,cusum_fgo,leader,all,5265,5265.0,0,0,0,0,0.0,0.0,0,0,0,0.0,0.0,E1,h3_k0p75,3.0,0.75
healthy_maneuver,44,cusum_fgo,leader,pre,2196,2196.0,0,0,0,0,0.0,0.0,0,0,0,0.0,0.0,E1,h3_k0p75,3.0,0.75
healthy_maneuver,44,cusum_fgo,leader,maneuver,1809,1809.0,0,0,0,0,0.0,0.0,0,0,0,0.0,0.0,E1,h3_k0p75,3.0,0.75
healthy_maneuver,44,cusum_fgo,leader,post,1260,1260.0,0,0,0,0,0.0,0.0,0,0,0,0.0,0.0,E1,h3_k0p75,3.0,0.75
healthy_maneuver,44,cusum_fgo,follower,all,1755,1755.0,0,1,124,0,0.07065527065527065,2.0512820512820515,0,0,0,0.0,0.0,E1,h3_k0p75,3.0,0.75
healthy_maneuver,44,cusum_fgo,follower,pre,732,732.0,0,0,0,0,0.0,0.0,0,0,0,0.0,0.0,E1,h3_k0p75,3.0,0.75
healthy_maneuver,44,cusum_fgo,follower,maneuver,603,603.0,0,1,124,0,0.20563847429519072,5.970149253731343,0,0,0,0.0,0.0,E1,h3_k0p75,3.0,0.75
healthy_maneuver,44,cusum_fgo,follower,post,420,420.0,0,0,0,0,0.0,0.0,0,0,0,0.0,0.0,E1,h3_k0p75,3.0,0.75
healthy_maneuver,45,cusum_fgo,leader,all,5265,5265.0,0,0,0,0,0.0,0.0,0,0,0,0.0,0.0,E1,h3_k0p75,3.0,0.75
healthy_maneuver,45,cusum_fgo,leader,pre,2196,2196.0,0,0,0,0,0.0,0.0,0,0,0,0.0,0.0,E1,h3_k0p75,3.0,0.75
healthy_maneuver,45,cusum_fgo,leader,maneuver,1809,1809.0,0,0,0,0,0.0,0.0,0,0,0,0.0,0.0,E1,h3_k0p75,3.0,0.75
healthy_maneuver,45,cusum_fgo,leader,post,1260,1260.0,0,0,0,0,0.0,0.0,0,0,0,0.0,0.0,E1,h3_k0p75,3.0,0.75
healthy_maneuver,45,cusum_fgo,follower,all,1755,1755.0,0,0,0,0,0.0,0.0,0,0,0,0.0,0.0,E1,h3_k0p75,3.0,0.75
healthy_maneuver,45,cusum_fgo,follower,pre,732,732.0,0,0,0,0,0.0,0.0,0,0,0,0.0,0.0,E1,h3_k0p75,3.0,0.75
healthy_maneuver,45,cusum_fgo,follower,maneuver,603,603.0,0,0,0,0,0.0,0.0,0,0,0,0.0,0.0,E1,h3_k0p75,3.0,0.75
healthy_maneuver,45,cusum_fgo,follower,post,420,420.0,0,0,0,0,0.0,0.0,0,0,0,0.0,0.0,E1,h3_k0p75,3.0,0.75
healthy_maneuver,46,cusum_fgo,leader,all,5265,5265.0,0,0,0,0,0.0,0.0,0,0,0,0.0,0.0,E1,h3_k0p75,3.0,0.75
healthy_maneuver,46,cusum_fgo,leader,pre,2196,2196.0,0,0,0,0,0.0,0.0,0,0,0,0.0,0.0,E1,h3_k0p75,3.0,0.75
healthy_maneuver,46,cusum_fgo,leader,maneuver,1809,1809.0,0,0,0,0,0.0,0.0,0,0,0,0.0,0.0,E1,h3_k0p75,3.0,0.75
healthy_maneuver,46,cusum_fgo,leader,post,1260,1260.0,0,0,0,0,0.0,0.0,0,0,0,0.0,0.0,E1,h3_k0p75,3.0,0.75
healthy_maneuver,46,cusum_fgo,follower,all,1755,1755.0,0,1,115,0,0.06552706552706553,2.0512820512820515,0,0,0,0.0,0.0,E1,h3_k0p75,3.0,0.75
healthy_maneuver,46,cusum_fgo,follower,pre,732,732.0,0,0,0,0,0.0,0.0,0,0,0,0.0,0.0,E1,h3_k0p75,3.0,0.75
healthy_maneuver,46,cusum_fgo,follower,maneuver,603,603.0,0,1,115,0,0.19071310116086235,5.970149253731343,0,0,0,0.0,0.0,E1,h3_k0p75,3.0,0.75
healthy_maneuver,46,cusum_fgo,follower,post,420,420.0,0,0,0,0,0.0,0.0,0,0,0,0.0,0.0,E1,h3_k0p75,3.0,0.75
healthy_maneuver,47,cusum_fgo,leader,all,5265,5265.0,0,0,0,0,0.0,0.0,0,0,0,0.0,0.0,E1,h3_k0p75,3.0,0.75
healthy_maneuver,47,cusum_fgo,leader,pre,2196,2196.0,0,0,0,0,0.0,0.0,0,0,0,0.0,0.0,E1,h3_k0p75,3.0,0.75
healthy_maneuver,47,cusum_fgo,leader,maneuver,1809,1809.0,0,0,0,0,0.0,0.0,0,0,0,0.0,0.0,E1,h3_k0p75,3.0,0.75
healthy_maneuver,47,cusum_fgo,leader,post,1260,1260.0,0,0,0,0,0.0,0.0,0,0,0,0.0,0.0,E1,h3_k0p75,3.0,0.75
healthy_maneuver,47,cusum_fgo,follower,all,1755,1755.0,0,0,0,0,0.0,0.0,0,0,0,0.0,0.0,E1,h3_k0p75,3.0,0.75
healthy_maneuver,47,cusum_fgo,follower,pre,732,732.0,0,0,0,0,0.0,0.0,0,0,0,0.0,0.0,E1,h3_k0p75,3.0,0.75
healthy_maneuver,47,cusum_fgo,follower,maneuver,603,603.0,0,0,0,0,0.0,0.0,0,0,0,0.0,0.0,E1,h3_k0p75,3.0,0.75
healthy_maneuver,47,cusum_fgo,follower,post,420,420.0,0,0,0,0,0.0,0.0,0,0,0,0.0,0.0,E1,h3_k0p75,3.0,0.75
healthy_maneuver,48,cusum_fgo,leader,all,5265,5265.0,0,0,0,0,0.0,0.0,0,0,0,0.0,0.0,E1,h3_k0p75,3.0,0.75
healthy_maneuver,48,cusum_fgo,leader,pre,2196,2196.0,0,0,0,0,0.0,0.0,0,0,0,0.0,0.0,E1,h3_k0p75,3.0,0.75
healthy_maneuver,48,cusum_fgo,leader,maneuver,1809,1809.0,0,0,0,0,0.0,0.0,0,0,0,0.0,0.0,E1,h3_k0p75,3.0,0.75
healthy_maneuver,48,cusum_fgo,leader,post,1260,1260.0,0,0,0,0,0.0,0.0,0,0,0,0.0,0.0,E1,h3_k0p75,3.0,0.75
healthy_maneuver,48,cusum_fgo,follower,all,1755,1755.0,0,2,454,0,0.2586894586894587,4.102564102564103,0,0,0,0.0,0.0,E1,h3_k0p75,3.0,0.75
healthy_maneuver,48,cusum_fgo,follower,pre,732,732.0,0,0,0,0,0.0,0.0,0,0,0,0.0,0.0,E1,h3_k0p75,3.0,0.75
healthy_maneuver,48,cusum_fgo,follower,maneuver,603,603.0,0,2,174,0,0.2885572139303483,11.940298507462686,0,0,0,0.0,0.0,E1,h3_k0p75,3.0,0.75
healthy_maneuver,48,cusum_fgo,follower,post,420,420.0,0,0,280,0,0.6666666666666666,0.0,0,0,0,0.0,0.0,E1,h3_k0p75,3.0,0.75
healthy_maneuver,49,cusum_fgo,leader,all,5265,5265.0,0,0,0,0,0.0,0.0,0,0,0,0.0,0.0,E1,h3_k0p75,3.0,0.75
healthy_maneuver,49,cusum_fgo,leader,pre,2196,2196.0,0,0,0,0,0.0,0.0,0,0,0,0.0,0.0,E1,h3_k0p75,3.0,0.75
healthy_maneuver,49,cusum_fgo,leader,maneuver,1809,1809.0,0,0,0,0,0.0,0.0,0,0,0,0.0,0.0,E1,h3_k0p75,3.0,0.75
healthy_maneuver,49,cusum_fgo,leader,post,1260,1260.0,0,0,0,0,0.0,0.0,0,0,0,0.0,0.0,E1,h3_k0p75,3.0,0.75
healthy_maneuver,49,cusum_fgo,follower,all,1755,1755.0,0,0,0,0,0.0,0.0,0,0,0,0.0,0.0,E1,h3_k0p75,3.0,0.75
healthy_maneuver,49,cusum_fgo,follower,pre,732,732.0,0,0,0,0,0.0,0.0,0,0,0,0.0,0.0,E1,h3_k0p75,3.0,0.75
healthy_maneuver,49,cusum_fgo,follower,maneuver,603,603.0,0,0,0,0,0.0,0.0,0,0,0,0.0,0.0,E1,h3_k0p75,3.0,0.75
healthy_maneuver,49,cusum_fgo,follower,post,420,420.0,0,0,0,0,0.0,0.0,0,0,0,0.0,0.0,E1,h3_k0p75,3.0,0.75
healthy_maneuver,50,cusum_fgo,leader,all,5265,5265.0,0,0,0,0,0.0,0.0,0,0,0,0.0,0.0,E1,h3_k0p75,3.0,0.75
healthy_maneuver,50,cusum_fgo,leader,pre,2196,2196.0,0,0,0,0,0.0,0.0,0,0,0,0.0,0.0,E1,h3_k0p75,3.0,0.75
healthy_maneuver,50,cusum_fgo,leader,maneuver,1809,1809.0,0,0,0,0,0.0,0.0,0,0,0,0.0,0.0,E1,h3_k0p75,3.0,0.75
healthy_maneuver,50,cusum_fgo,leader,post,1260,1260.0,0,0,0,0,0.0,0.0,0,0,0,0.0,0.0,E1,h3_k0p75,3.0,0.75
healthy_maneuver,50,cusum_fgo,follower,all,1755,1755.0,0,0,0,0,0.0,0.0,0,0,0,0.0,0.0,E1,h3_k0p75,3.0,0.75
healthy_maneuver,50,cusum_fgo,follower,pre,732,732.0,0,0,0,0,0.0,0.0,0,0,0,0.0,0.0,E1,h3_k0p75,3.0,0.75
healthy_maneuver,50,cusum_fgo,follower,maneuver,603,603.0,0,0,0,0,0.0,0.0,0,0,0,0.0,0.0,E1,h3_k0p75,3.0,0.75
healthy_maneuver,50,cusum_fgo,follower,post,420,420.0,0,0,0,0,0.0,0.0,0,0,0,0.0,0.0,E1,h3_k0p75,3.0,0.75
baseline_3f,1,cusum_fgo,leader,all,5044,5044.0,0,2,34,28,0.0067406819984139575,1.4274385408406025,2,34,28,0.0067406819984139575,1.4274385408406025,E1,h5_k0p25,5.0,0.25
baseline_3f,1,cusum_fgo,follower,all,1755,1755.0,0,0,0,0,0.0,0.0,0,0,0,0.0,0.0,E1,h5_k0p25,5.0,0.25
baseline_3f,2,cusum_fgo,leader,all,5044,5044.0,0,0,26,26,0.005154639175257732,0.0,0,26,26,0.005154639175257732,0.0,E1,h5_k0p25,5.0,0.25
baseline_3f,2,cusum_fgo,follower,all,1755,1755.0,0,0,0,0,0.0,0.0,0,0,0,0.0,0.0,E1,h5_k0p25,5.0,0.25
baseline_3f,3,cusum_fgo,leader,all,5044,5044.0,0,0,26,26,0.005154639175257732,0.0,0,26,26,0.005154639175257732,0.0,E1,h5_k0p25,5.0,0.25
baseline_3f,3,cusum_fgo,follower,all,1755,1755.0,0,0,0,0,0.0,0.0,0,0,0,0.0,0.0,E1,h5_k0p25,5.0,0.25
baseline_3f,4,cusum_fgo,leader,all,5044,5044.0,0,0,26,26,0.005154639175257732,0.0,0,26,26,0.005154639175257732,0.0,E1,h5_k0p25,5.0,0.25
baseline_3f,4,cusum_fgo,follower,all,1755,1755.0,0,0,0,0,0.0,0.0,0,0,0,0.0,0.0,E1,h5_k0p25,5.0,0.25
baseline_3f,5,cusum_fgo,leader,all,5044,5044.0,0,3,605,474,0.11994448850118954,2.141157811260904,5,418,137,0.08287073750991276,3.5685963521015065,E1,h5_k0p25,5.0,0.25
baseline_3f,5,cusum_fgo,follower,all,1755,1755.0,0,0,0,0,0.0,0.0,0,0,0,0.0,0.0,E1,h5_k0p25,5.0,0.25
baseline_3f,6,cusum_fgo,leader,all,5044,5044.0,0,0,28,28,0.0055511498810467885,0.0,0,28,28,0.0055511498810467885,0.0,E1,h5_k0p25,5.0,0.25
baseline_3f,6,cusum_fgo,follower,all,1755,1755.0,0,0,0,0,0.0,0.0,0,0,0,0.0,0.0,E1,h5_k0p25,5.0,0.25
baseline_3f,7,cusum_fgo,leader,all,5044,5044.0,0,1,212,36,0.04203013481363997,0.7137192704203013,2,199,36,0.0394528152260111,1.4274385408406025,E1,h5_k0p25,5.0,0.25
baseline_3f,7,cusum_fgo,follower,all,1755,1755.0,0,0,0,0,0.0,0.0,0,0,0,0.0,0.0,E1,h5_k0p25,5.0,0.25
baseline_3f,8,cusum_fgo,leader,all,5044,5044.0,0,5,60,26,0.011895321173671689,3.5685963521015065,5,52,26,0.010309278350515464,3.5685963521015065,E1,h5_k0p25,5.0,0.25
baseline_3f,8,cusum_fgo,follower,all,1755,1755.0,0,0,0,0,0.0,0.0,0,0,0,0.0,0.0,E1,h5_k0p25,5.0,0.25
baseline_3f,9,cusum_fgo,leader,all,5044,5044.0,0,1,68,26,0.013481363996827915,0.7137192704203013,1,68,26,0.013481363996827915,0.7137192704203013,E1,h5_k0p25,5.0,0.25
baseline_3f,9,cusum_fgo,follower,all,1755,1755.0,0,0,0,0,0.0,0.0,0,0,0,0.0,0.0,E1,h5_k0p25,5.0,0.25
baseline_3f,10,cusum_fgo,leader,all,5044,5044.0,0,0,79,79,0.015662172878667724,0.0,0,79,79,0.015662172878667724,0.0,E1,h5_k0p25,5.0,0.25
baseline_3f,10,cusum_fgo,follower,all,1755,1755.0,0,0,0,0,0.0,0.0,0,0,0,0.0,0.0,E1,h5_k0p25,5.0,0.25
baseline_3f,11,cusum_fgo,leader,all,5044,5044.0,0,2,314,22,0.06225218080888184,1.4274385408406025,3,193,27,0.038263283108643936,2.141157811260904,E1,h5_k0p25,5.0,0.25
baseline_3f,11,cusum_fgo,follower,all,1755,1755.0,0,0,0,0,0.0,0.0,0,0,0,0.0,0.0,E1,h5_k0p25,5.0,0.25
baseline_3f,12,cusum_fgo,leader,all,5044,5044.0,0,1,32,29,0.006344171292624901,0.7137192704203013,1,32,29,0.006344171292624901,0.7137192704203013,E1,h5_k0p25,5.0,0.25
baseline_3f,12,cusum_fgo,follower,all,1755,1755.0,0,0,0,0,0.0,0.0,0,0,0,0.0,0.0,E1,h5_k0p25,5.0,0.25
baseline_3f,13,cusum_fgo,leader,all,5044,5044.0,0,0,26,26,0.005154639175257732,0.0,0,26,26,0.005154639175257732,0.0,E1,h5_k0p25,5.0,0.25
baseline_3f,13,cusum_fgo,follower,all,1755,1755.0,0,0,0,0,0.0,0.0,0,0,0,0.0,0.0,E1,h5_k0p25,5.0,0.25
baseline_3f,14,cusum_fgo,leader,all,5044,5044.0,0,0,26,26,0.005154639175257732,0.0,0,26,26,0.005154639175257732,0.0,E1,h5_k0p25,5.0,0.25
baseline_3f,14,cusum_fgo,follower,all,1755,1755.0,0,0,0,0,0.0,0.0,0,0,0,0.0,0.0,E1,h5_k0p25,5.0,0.25
baseline_3f,15,cusum_fgo,leader,all,5044,5044.0,0,1,29,26,0.005749405233941317,0.7137192704203013,1,29,26,0.005749405233941317,0.7137192704203013,E1,h5_k0p25,5.0,0.25
baseline_3f,15,cusum_fgo,follower,all,1755,1755.0,0,0,0,0,0.0,0.0,0,0,0,0.0,0.0,E1,h5_k0p25,5.0,0.25
baseline_3f,16,cusum_fgo,leader,all,5044,5044.0,0,0,29,29,0.005749405233941317,0.0,0,29,29,0.005749405233941317,0.0,E1,h5_k0p25,5.0,0.25
baseline_3f,16,cusum_fgo,follower,all,1755,1755.0,0,0,0,0,0.0,0.0,0,0,0,0.0,0.0,E1,h5_k0p25,5.0,0.25
baseline_3f,17,cusum_fgo,leader,all,5044,5044.0,0,0,79,79,0.015662172878667724,0.0,0,79,79,0.015662172878667724,0.0,E1,h5_k0p25,5.0,0.25
baseline_3f,17,cusum_fgo,follower,all,1755,1755.0,0,0,0,0,0.0,0.0,0,0,0,0.0,0.0,E1,h5_k0p25,5.0,0.25
baseline_3f,18,cusum_fgo,leader,all,5044,5044.0,0,2,516,29,0.10229976209357652,1.4274385408406025,4,489,29,0.09694686756542427,2.854877081681205,E1,h5_k0p25,5.0,0.25
baseline_3f,18,cusum_fgo,follower,all,1755,1755.0,0,0,0,0,0.0,0.0,0,0,0,0.0,0.0,E1,h5_k0p25,5.0,0.25
baseline_3f,19,cusum_fgo,leader,all,5044,5044.0,0,1,350,26,0.06938937351308486,0.7137192704203013,3,324,26,0.06423473433782712,2.141157811260904,E1,h5_k0p25,5.0,0.25
baseline_3f,19,cusum_fgo,follower,all,1755,1755.0,0,0,0,0,0.0,0.0,0,0,0,0.0,0.0,E1,h5_k0p25,5.0,0.25
baseline_3f,20,cusum_fgo,leader,all,5044,5044.0,0,0,26,26,0.005154639175257732,0.0,0,26,26,0.005154639175257732,0.0,E1,h5_k0p25,5.0,0.25
baseline_3f,20,cusum_fgo,follower,all,1755,1755.0,0,0,0,0,0.0,0.0,0,0,0,0.0,0.0,E1,h5_k0p25,5.0,0.25
baseline_3f,21,cusum_fgo,leader,all,5044,5044.0,0,3,344,300,0.06819984139571768,2.141157811260904,4,306,133,0.060666137985725614,2.854877081681205,E1,h5_k0p25,5.0,0.25
baseline_3f,21,cusum_fgo,follower,all,1755,1755.0,0,0,0,0,0.0,0.0,0,0,0,0.0,0.0,E1,h5_k0p25,5.0,0.25
baseline_3f,22,cusum_fgo,leader,all,5044,5044.0,0,0,298,298,0.05908009516256939,0.0,2,271,132,0.05372720063441713,1.4274385408406025,E1,h5_k0p25,5.0,0.25
baseline_3f,22,cusum_fgo,follower,all,1755,1755.0,0,0,0,0,0.0,0.0,0,0,0,0.0,0.0,E1,h5_k0p25,5.0,0.25
baseline_3f,23,cusum_fgo,leader,all,5044,5044.0,0,0,29,29,0.005749405233941317,0.0,0,29,29,0.005749405233941317,0.0,E1,h5_k0p25,5.0,0.25
baseline_3f,23,cusum_fgo,follower,all,1755,1755.0,0,0,0,0,0.0,0.0,0,0,0,0.0,0.0,E1,h5_k0p25,5.0,0.25
baseline_3f,24,cusum_fgo,leader,all,5044,5044.0,0,0,26,26,0.005154639175257732,0.0,0,26,26,0.005154639175257732,0.0,E1,h5_k0p25,5.0,0.25
baseline_3f,24,cusum_fgo,follower,all,1755,1755.0,0,0,0,0,0.0,0.0,0,0,0,0.0,0.0,E1,h5_k0p25,5.0,0.25
baseline_3f,25,cusum_fgo,leader,all,5044,5044.0,0,0,26,26,0.005154639175257732,0.0,0,26,26,0.005154639175257732,0.0,E1,h5_k0p25,5.0,0.25
baseline_3f,25,cusum_fgo,follower,all,1755,1755.0,0,0,0,0,0.0,0.0,0,0,0,0.0,0.0,E1,h5_k0p25,5.0,0.25
baseline_3f,26,cusum_fgo,leader,all,5044,5044.0,0,0,26,26,0.005154639175257732,0.0,0,26,26,0.005154639175257732,0.0,E1,h5_k0p25,5.0,0.25
baseline_3f,26,cusum_fgo,follower,all,1755,1755.0,0,0,0,0,0.0,0.0,0,0,0,0.0,0.0,E1,h5_k0p25,5.0,0.25
baseline_3f,27,cusum_fgo,leader,all,5044,5044.0,0,0,462,462,0.091593973037272,0.0,2,432,226,0.08564631245043616,1.4274385408406025,E1,h5_k0p25,5.0,0.25
baseline_3f,27,cusum_fgo,follower,all,1755,1755.0,0,0,0,0,0.0,0.0,0,0,0,0.0,0.0,E1,h5_k0p25,5.0,0.25
baseline_3f,28,cusum_fgo,leader,all,5044,5044.0,0,1,229,29,0.045400475812846945,0.7137192704203013,2,214,29,0.042426645519429027,1.4274385408406025,E1,h5_k0p25,5.0,0.25
baseline_3f,28,cusum_fgo,follower,all,1755,1755.0,0,0,0,0,0.0,0.0,0,0,0,0.0,0.0,E1,h5_k0p25,5.0,0.25
baseline_3f,29,cusum_fgo,leader,all,5044,5044.0,0,0,26,26,0.005154639175257732,0.0,0,26,26,0.005154639175257732,0.0,E1,h5_k0p25,5.0,0.25
baseline_3f,29,cusum_fgo,follower,all,1755,1755.0,0,0,0,0,0.0,0.0,0,0,0,0.0,0.0,E1,h5_k0p25,5.0,0.25
baseline_3f,30,cusum_fgo,leader,all,5044,5044.0,0,5,100,64,0.019825535289452814,3.5685963521015065,5,100,64,0.019825535289452814,3.5685963521015065,E1,h5_k0p25,5.0,0.25
baseline_3f,30,cusum_fgo,follower,all,1755,1755.0,0,0,0,0,0.0,0.0,0,0,0,0.0,0.0,E1,h5_k0p25,5.0,0.25
baseline_3f,31,cusum_fgo,leader,all,5044,5044.0,0,2,441,27,0.08743061062648691,1.4274385408406025,5,390,27,0.07731958762886598,3.5685963521015065,E1,h5_k0p25,5.0,0.25
baseline_3f,31,cusum_fgo,follower,all,1755,1755.0,0,0,0,0,0.0,0.0,0,0,0,0.0,0.0,E1,h5_k0p25,5.0,0.25
baseline_3f,32,cusum_fgo,leader,all,5044,5044.0,0,0,177,177,0.03509119746233148,0.0,1,160,114,0.0317208564631245,0.7137192704203013,E1,h5_k0p25,5.0,0.25
baseline_3f,32,cusum_fgo,follower,all,1755,1755.0,0,0,0,0,0.0,0.0,0,0,0,0.0,0.0,E1,h5_k0p25,5.0,0.25
baseline_3f,33,cusum_fgo,leader,all,5044,5044.0,0,0,387,387,0.0767248215701824,0.0,2,355,156,0.0703806502775575,1.4274385408406025,E1,h5_k0p25,5.0,0.25
baseline_3f,33,cusum_fgo,follower,all,1755,1755.0,0,0,0,0,0.0,0.0,0,0,0,0.0,0.0,E1,h5_k0p25,5.0,0.25
baseline_3f,34,cusum_fgo,leader,all,5044,5044.0,0,1,372,362,0.07375099127676447,0.7137192704203013,3,338,127,0.06701030927835051,2.141157811260904,E1,h5_k0p25,5.0,0.25
baseline_3f,34,cusum_fgo,follower,all,1755,1755.0,0,0,0,0,0.0,0.0,0,0,0,0.0,0.0,E1,h5_k0p25,5.0,0.25
baseline_3f,35,cusum_fgo,leader,all,5044,5044.0,0,0,26,26,0.005154639175257732,0.0,0,26,26,0.005154639175257732,0.0,E1,h5_k0p25,5.0,0.25
baseline_3f,35,cusum_fgo,follower,all,1755,1755.0,0,0,0,0,0.0,0.0,0,0,0,0.0,0.0,E1,h5_k0p25,5.0,0.25
baseline_3f,36,cusum_fgo,leader,all,5044,5044.0,0,0,26,26,0.005154639175257732,0.0,0,26,26,0.005154639175257732,0.0,E1,h5_k0p25,5.0,0.25
baseline_3f,36,cusum_fgo,follower,all,1755,1755.0,0,0,0,0,0.0,0.0,0,0,0,0.0,0.0,E1,h5_k0p25,5.0,0.25
baseline_3f,37,cusum_fgo,leader,all,5044,5044.0,0,1,341,325,0.0676050753370341,0.7137192704203013,3,306,91,0.060666137985725614,2.141157811260904,E1,h5_k0p25,5.0,0.25
baseline_3f,37,cusum_fgo,follower,all,1755,1755.0,0,0,0,0,0.0,0.0,0,0,0,0.0,0.0,E1,h5_k0p25,5.0,0.25
baseline_3f,38,cusum_fgo,leader,all,5044,5044.0,0,3,627,102,0.12430610626486915,2.141157811260904,8,500,29,0.09912767644726407,5.70975416336241,E1,h5_k0p25,5.0,0.25
baseline_3f,38,cusum_fgo,follower,all,1755,1755.0,0,0,0,0,0.0,0.0,0,0,0,0.0,0.0,E1,h5_k0p25,5.0,0.25
baseline_3f,39,cusum_fgo,leader,all,5044,5044.0,0,0,26,26,0.005154639175257732,0.0,0,26,26,0.005154639175257732,0.0,E1,h5_k0p25,5.0,0.25
baseline_3f,39,cusum_fgo,follower,all,1755,1755.0,0,0,0,0,0.0,0.0,0,0,0,0.0,0.0,E1,h5_k0p25,5.0,0.25
baseline_3f,40,cusum_fgo,leader,all,5044,5044.0,0,1,512,362,0.10150674068199841,0.7137192704203013,3,429,131,0.08505154639175258,2.141157811260904,E1,h5_k0p25,5.0,0.25
baseline_3f,40,cusum_fgo,follower,all,1755,1755.0,0,0,0,0,0.0,0.0,0,0,0,0.0,0.0,E1,h5_k0p25,5.0,0.25
baseline_3f,41,cusum_fgo,leader,all,5044,5044.0,0,1,147,138,0.02914353687549564,0.7137192704203013,2,130,114,0.02577319587628866,1.4274385408406025,E1,h5_k0p25,5.0,0.25
baseline_3f,41,cusum_fgo,follower,all,1755,1755.0,0,0,0,0,0.0,0.0,0,0,0,0.0,0.0,E1,h5_k0p25,5.0,0.25
baseline_3f,42,cusum_fgo,leader,all,5044,5044.0,0,2,106,78,0.021015067406819986,1.4274385408406025,2,106,78,0.021015067406819986,1.4274385408406025,E1,h5_k0p25,5.0,0.25
baseline_3f,42,cusum_fgo,follower,all,1755,1755.0,0,0,0,0,0.0,0.0,0,0,0,0.0,0.0,E1,h5_k0p25,5.0,0.25
baseline_3f,43,cusum_fgo,leader,all,5044,5044.0,0,0,26,26,0.005154639175257732,0.0,0,26,26,0.005154639175257732,0.0,E1,h5_k0p25,5.0,0.25
baseline_3f,43,cusum_fgo,follower,all,1755,1755.0,0,0,0,0,0.0,0.0,0,0,0,0.0,0.0,E1,h5_k0p25,5.0,0.25
baseline_3f,44,cusum_fgo,leader,all,5044,5044.0,0,1,91,79,0.01804123711340206,0.7137192704203013,1,91,79,0.01804123711340206,0.7137192704203013,E1,h5_k0p25,5.0,0.25
baseline_3f,44,cusum_fgo,follower,all,1755,1755.0,0,0,0,0,0.0,0.0,0,0,0,0.0,0.0,E1,h5_k0p25,5.0,0.25
baseline_3f,45,cusum_fgo,leader,all,5044,5044.0,0,0,26,26,0.005154639175257732,0.0,0,26,26,0.005154639175257732,0.0,E1,h5_k0p25,5.0,0.25
baseline_3f,45,cusum_fgo,follower,all,1755,1755.0,0,0,0,0,0.0,0.0,0,0,0,0.0,0.0,E1,h5_k0p25,5.0,0.25
baseline_3f,46,cusum_fgo,leader,all,5044,5044.0,0,2,95,32,0.018834258524980173,1.4274385408406025,2,95,32,0.018834258524980173,1.4274385408406025,E1,h5_k0p25,5.0,0.25
baseline_3f,46,cusum_fgo,follower,all,1755,1755.0,0,0,0,0,0.0,0.0,0,0,0,0.0,0.0,E1,h5_k0p25,5.0,0.25
baseline_3f,47,cusum_fgo,leader,all,5044,5044.0,0,0,28,28,0.0055511498810467885,0.0,0,28,28,0.0055511498810467885,0.0,E1,h5_k0p25,5.0,0.25
baseline_3f,47,cusum_fgo,follower,all,1755,1755.0,0,0,0,0,0.0,0.0,0,0,0,0.0,0.0,E1,h5_k0p25,5.0,0.25
baseline_3f,48,cusum_fgo,leader,all,5044,5044.0,0,0,26,26,0.005154639175257732,0.0,0,26,26,0.005154639175257732,0.0,E1,h5_k0p25,5.0,0.25
baseline_3f,48,cusum_fgo,follower,all,1755,1755.0,0,0,0,0,0.0,0.0,0,0,0,0.0,0.0,E1,h5_k0p25,5.0,0.25
baseline_3f,49,cusum_fgo,leader,all,5044,5044.0,0,0,28,28,0.0055511498810467885,0.0,0,28,28,0.0055511498810467885,0.0,E1,h5_k0p25,5.0,0.25
baseline_3f,49,cusum_fgo,follower,all,1755,1755.0,0,0,0,0,0.0,0.0,0,0,0,0.0,0.0,E1,h5_k0p25,5.0,0.25
baseline_3f,50,cusum_fgo,leader,all,5044,5044.0,0,0,29,29,0.005749405233941317,0.0,0,29,29,0.005749405233941317,0.0,E1,h5_k0p25,5.0,0.25
baseline_3f,50,cusum_fgo,follower,all,1755,1755.0,0,0,0,0,0.0,0.0,0,0,0,0.0,0.0,E1,h5_k0p25,5.0,0.25
healthy_maneuver,1,cusum_fgo,leader,all,5265,5265.0,0,3,417,0,0.07920227920227921,2.0512820512820515,2,333,0,0.06324786324786325,1.3675213675213675,E1,h5_k0p25,5.0,0.25
healthy_maneuver,1,cusum_fgo,leader,pre,2196,2196.0,0,0,0,0,0.0,0.0,0,0,0,0.0,0.0,E1,h5_k0p25,5.0,0.25
healthy_maneuver,1,cusum_fgo,leader,maneuver,1809,1809.0,0,3,277,0,0.1531232725262576,5.970149253731344,2,193,0,0.10668877833056938,3.9800995024875627,E1,h5_k0p25,5.0,0.25
healthy_maneuver,1,cusum_fgo,leader,post,1260,1260.0,0,0,140,0,0.1111111111111111,0.0,0,140,0,0.1111111111111111,0.0,E1,h5_k0p25,5.0,0.25
healthy_maneuver,1,cusum_fgo,follower,all,1755,1755.0,0,4,326,0,0.18575498575498575,8.205128205128206,0,0,0,0.0,0.0,E1,h5_k0p25,5.0,0.25
healthy_maneuver,1,cusum_fgo,follower,pre,732,732.0,0,0,0,0,0.0,0.0,0,0,0,0.0,0.0,E1,h5_k0p25,5.0,0.25
healthy_maneuver,1,cusum_fgo,follower,maneuver,603,603.0,0,2,255,0,0.4228855721393035,11.940298507462686,0,0,0,0.0,0.0,E1,h5_k0p25,5.0,0.25
healthy_maneuver,1,cusum_fgo,follower,post,420,420.0,0,2,71,0,0.16904761904761906,17.142857142857142,0,0,0,0.0,0.0,E1,h5_k0p25,5.0,0.25
healthy_maneuver,2,cusum_fgo,leader,all,5265,5265.0,0,3,361,0,0.06856600189933523,2.0512820512820515,2,285,0,0.05413105413105413,1.3675213675213675,E1,h5_k0p25,5.0,0.25
healthy_maneuver,2,cusum_fgo,leader,pre,2196,2196.0,0,0,0,0,0.0,0.0,0,0,0,0.0,0.0,E1,h5_k0p25,5.0,0.25
healthy_maneuver,2,cusum_fgo,leader,maneuver,1809,1809.0,0,3,221,0,0.12216694306246545,5.970149253731344,2,145,0,0.08015478164731896,3.9800995024875627,E1,h5_k0p25,5.0,0.25
healthy_maneuver,2,cusum_fgo,leader,post,1260,1260.0,0,0,140,0,0.1111111111111111,0.0,0,140,0,0.1111111111111111,0.0,E1,h5_k0p25,5.0,0.25
healthy_maneuver,2,cusum_fgo,follower,all,1755,1755.0,0,3,234,0,0.13333333333333333,6.153846153846154,0,0,0,0.0,0.0,E1,h5_k0p25,5.0,0.25
healthy_maneuver,2,cusum_fgo,follower,pre,732,732.0,0,0,0,0,0.0,0.0,0,0,0,0.0,0.0,E1,h5_k0p25,5.0,0.25
healthy_maneuver,2,cusum_fgo,follower,maneuver,603,603.0,0,3,234,0,0.3880597014925373,17.91044776119403,0,0,0,0.0,0.0,E1,h5_k0p25,5.0,0.25
healthy_maneuver,2,cusum_fgo,follower,post,420,420.0,0,0,0,0,0.0,0.0,0,0,0,0.0,0.0,E1,h5_k0p25,5.0,0.25
healthy_maneuver,3,cusum_fgo,leader,all,5265,5265.0,0,4,278,0,0.052801519468186134,2.735042735042735,6,173,0,0.032858499525166195,4.102564102564103,E1,h5_k0p25,5.0,0.25
healthy_maneuver,3,cusum_fgo,leader,pre,2196,2196.0,0,0,0,0,0.0,0.0,0,0,0,0.0,0.0,E1,h5_k0p25,5.0,0.25
healthy_maneuver,3,cusum_fgo,leader,maneuver,1809,1809.0,0,3,272,0,0.15035931453841903,5.970149253731344,5,167,0,0.09231619679380873,9.950248756218906,E1,h5_k0p25,5.0,0.25
healthy_maneuver,3,cusum_fgo,leader,post,1260,1260.0,0,1,6,0,0.004761904761904762,2.857142857142857,1,6,0,0.004761904761904762,2.857142857142857,E1,h5_k0p25,5.0,0.25
healthy_maneuver,3,cusum_fgo,follower,all,1755,1755.0,0,2,561,0,0.31965811965811963,4.102564102564103,0,0,0,0.0,0.0,E1,h5_k0p25,5.0,0.25
healthy_maneuver,3,cusum_fgo,follower,pre,732,732.0,0,0,0,0,0.0,0.0,0,0,0,0.0,0.0,E1,h5_k0p25,5.0,0.25
healthy_maneuver,3,cusum_fgo,follower,maneuver,603,603.0,0,2,281,0,0.4660033167495854,11.940298507462686,0,0,0,0.0,0.0,E1,h5_k0p25,5.0,0.25
healthy_maneuver,3,cusum_fgo,follower,post,420,420.0,0,0,280,0,0.6666666666666666,0.0,0,0,0,0.0,0.0,E1,h5_k0p25,5.0,0.25
healthy_maneuver,4,cusum_fgo,leader,all,5265,5265.0,0,3,244,0,0.04634377967711301,2.0512820512820515,6,160,0,0.030389363722697058,4.102564102564103,E1,h5_k0p25,5.0,0.25
healthy_maneuver,4,cusum_fgo,leader,pre,2196,2196.0,0,0,0,0,0.0,0.0,0,0,0,0.0,0.0,E1,h5_k0p25,5.0,0.25
healthy_maneuver,4,cusum_fgo,leader,maneuver,1809,1809.0,0,3,244,0,0.13488114980652294,5.970149253731344,6,160,0,0.08844665561083472,11.940298507462687,E1,h5_k0p25,5.0,0.25
healthy_maneuver,4,cusum_fgo,leader,post,1260,1260.0,0,0,0,0,0.0,0.0,0,0,0,0.0,0.0,E1,h5_k0p25,5.0,0.25
healthy_maneuver,4,cusum_fgo,follower,all,1755,1755.0,0,2,325,0,0.18518518518518517,4.102564102564103,0,0,0,0.0,0.0,E1,h5_k0p25,5.0,0.25
healthy_maneuver,4,cusum_fgo,follower,pre,732,732.0,0,0,0,0,0.0,0.0,0,0,0,0.0,0.0,E1,h5_k0p25,5.0,0.25
healthy_maneuver,4,cusum_fgo,follower,maneuver,603,603.0,0,2,278,0,0.46102819237147596,11.940298507462686,0,0,0,0.0,0.0,E1,h5_k0p25,5.0,0.25
healthy_maneuver,4,cusum_fgo,follower,post,420,420.0,0,0,47,0,0.11190476190476191,0.0,0,0,0,0.0,0.0,E1,h5_k0p25,5.0,0.25
healthy_maneuver,5,cusum_fgo,leader,all,5265,5265.0,0,2,124,0,0.02355175688509022,1.3675213675213675,2,124,0,0.02355175688509022,1.3675213675213675,E1,h5_k0p25,5.0,0.25
healthy_maneuver,5,cusum_fgo,leader,pre,2196,2196.0,0,0,0,0,0.0,0.0,0,0,0,0.0,0.0,E1,h5_k0p25,5.0,0.25
healthy_maneuver,5,cusum_fgo,leader,maneuver,1809,1809.0,0,2,124,0,0.0685461580983969,3.9800995024875627,2,124,0,0.0685461580983969,3.9800995024875627,E1,h5_k0p25,5.0,0.25
healthy_maneuver,5,cusum_fgo,leader,post,1260,1260.0,0,0,0,0,0.0,0.0,0,0,0,0.0,0.0,E1,h5_k0p25,5.0,0.25
healthy_maneuver,5,cusum_fgo,follower,all,1755,1755.0,0,2,405,0,0.23076923076923078,4.102564102564103,0,0,0,0.0,0.0,E1,h5_k0p25,5.0,0.25
healthy_maneuver,5,cusum_fgo,follower,pre,732,732.0,0,0,0,0,0.0,0.0,0,0,0,0.0,0.0,E1,h5_k0p25,5.0,0.25
healthy_maneuver,5,cusum_fgo,follower,maneuver,603,603.0,0,2,265,0,0.439469320066335,11.940298507462686,0,0,0,0.0,0.0,E1,h5_k0p25,5.0,0.25
healthy_maneuver,5,cusum_fgo,follower,post,420,420.0,0,0,140,0,0.3333333333333333,0.0,0,0,0,0.0,0.0,E1,h5_k0p25,5.0,0.25
healthy_maneuver,6,cusum_fgo,leader,all,5265,5265.0,0,4,330,0,0.06267806267806268,2.735042735042735,5,225,0,0.042735042735042736,3.418803418803419,E1,h5_k0p25,5.0,0.25
healthy_maneuver,6,cusum_fgo,leader,pre,2196,2196.0,0,0,0,0,0.0,0.0,0,0,0,0.0,0.0,E1,h5_k0p25,5.0,0.25
healthy_maneuver,6,cusum_fgo,leader,maneuver,1809,1809.0,0,3,281,0,0.15533443891652846,5.970149253731344,4,176,0,0.09729132117191819,7.9601990049751254,E1,h5_k0p25,5.0,0.25
healthy_maneuver,6,cusum_fgo,leader,post,1260,1260.0,0,1,49,0,0.03888888888888889,2.857142857142857,1,49,0,0.03888888888888889,2.857142857142857,E1,h5_k0p25,5.0,0.25
healthy_maneuver,6,cusum_fgo,follower,all,1755,1755.0,0,3,413,0,0.23532763532763531,6.153846153846154,0,0,0,0.0,0.0,E1,h5_k0p25,5.0,0.25
healthy_maneuver,6,cusum_fgo,follower,pre,732,732.0,0,0,0,0,0.0,0.0,0,0,0,0.0,0.0,E1,h5_k0p25,5.0,0.25
healthy_maneuver,6,cusum_fgo,follower,maneuver,603,603.0,0,2,269,0,0.4461028192371476,11.940298507462686,0,0,0,0.0,0.0,E1,h5_k0p25,5.0,0.25
healthy_maneuver,6,cusum_fgo,follower,post,420,420.0,0,1,144,0,0.34285714285714286,8.571428571428571,0,0,0,0.0,0.0,E1,h5_k0p25,5.0,0.25
healthy_maneuver,7,cusum_fgo,leader,all,5265,5265.0,0,3,250,0,0.04748338081671415,2.0512820512820515,4,154,0,0.029249762583095917,2.735042735042735,E1,h5_k0p25,5.0,0.25
healthy_maneuver,7,cusum_fgo,leader,pre,2196,2196.0,0,0,0,0,0.0,0.0,0,0,0,0.0,0.0,E1,h5_k0p25,5.0,0.25
healthy_maneuver,7,cusum_fgo,leader,maneuver,1809,1809.0,0,3,250,0,0.13819789939192925,5.970149253731344,4,154,0,0.08512990602542841,7.9601990049751254,E1,h5_k0p25,5.0,0.25
healthy_maneuver,7,cusum_fgo,leader,post,1260,1260.0,0,0,0,0,0.0,0.0,0,0,0,0.0,0.0,E1,h5_k0p25,5.0,0.25
healthy_maneuver,7,cusum_fgo,follower,all,1755,1755.0,0,2,241,0,0.13732193732193732,4.102564102564103,0,0,0,0.0,0.0,E1,h5_k0p25,5.0,0.25
healthy_maneuver,7,cusum_fgo,follower,pre,732,732.0,0,0,0,0,0.0,0.0,0,0,0,0.0,0.0,E1,h5_k0p25,5.0,0.25
healthy_maneuver,7,cusum_fgo,follower,maneuver,603,603.0,0,2,241,0,0.3996683250414594,11.940298507462686,0,0,0,0.0,0.0,E1,h5_k0p25,5.0,0.25
healthy_maneuver,7,cusum_fgo,follower,post,420,420.0,0,0,0,0,0.0,0.0,0,0,0,0.0,0.0,E1,h5_k0p25,5.0,0.25
healthy_maneuver,8,cusum_fgo,leader,all,5265,5265.0,0,3,342,0,0.06495726495726496,2.0512820512820515,3,342,0,0.06495726495726496,2.0512820512820515,E1,h5_k0p25,5.0,0.25
healthy_maneuver,8,cusum_fgo,leader,pre,2196,2196.0,0,0,0,0,0.0,0.0,0,0,0,0.0,0.0,E1,h5_k0p25,5.0,0.25
healthy_maneuver,8,cusum_fgo,leader,maneuver,1809,1809.0,0,3,202,0,0.11166390270867883,5.970149253731344,3,202,0,0.11166390270867883,5.970149253731344,E1,h5_k0p25,5.0,0.25
healthy_maneuver,8,cusum_fgo,leader,post,1260,1260.0,0,0,140,0,0.1111111111111111,0.0,0,140,0,0.1111111111111111,0.0,E1,h5_k0p25,5.0,0.25
healthy_maneuver,8,cusum_fgo,follower,all,1755,1755.0,0,5,463,0,0.2638176638176638,10.256410256410257,0,0,0,0.0,0.0,E1,h5_k0p25,5.0,0.25
healthy_maneuver,8,cusum_fgo,follower,pre,732,732.0,0,0,0,0,0.0,0.0,0,0,0,0.0,0.0,E1,h5_k0p25,5.0,0.25
healthy_maneuver,8,cusum_fgo,follower,maneuver,603,603.0,0,3,254,0,0.42122719734660036,17.91044776119403,0,0,0,0.0,0.0,E1,h5_k0p25,5.0,0.25
healthy_maneuver,8,cusum_fgo,follower,post,420,420.0,0,2,209,0,0.4976190476190476,17.142857142857142,0,0,0,0.0,0.0,E1,h5_k0p25,5.0,0.25
healthy_maneuver,9,cusum_fgo,leader,all,5265,5265.0,0,2,173,0,0.032858499525166195,1.3675213675213675,2,173,0,0.032858499525166195,1.3675213675213675,E1,h5_k0p25,5.0,0.25
healthy_maneuver,9,cusum_fgo,leader,pre,2196,2196.0,0,0,0,0,0.0,0.0,0,0,0,0.0,0.0,E1,h5_k0p25,5.0,0.25
healthy_maneuver,9,cusum_fgo,leader,maneuver,1809,1809.0,0,2,173,0,0.09563294637921503,3.9800995024875627,2,173,0,0.09563294637921503,3.9800995024875627,E1,h5_k0p25,5.0,0.25
healthy_maneuver,9,cusum_fgo,leader,post,1260,1260.0,0,0,0,0,0.0,0.0,0,0,0,0.0,0.0,E1,h5_k0p25,5.0,0.25
healthy_maneuver,9,cusum_fgo,follower,all,1755,1755.0,0,2,235,0,0.1339031339031339,4.102564102564103,0,0,0,0.0,0.0,E1,h5_k0p25,5.0,0.25
healthy_maneuver,9,cusum_fgo,follower,pre,732,732.0,0,0,0,0,0.0,0.0,0,0,0,0.0,0.0,E1,h5_k0p25,5.0,0.25
healthy_maneuver,9,cusum_fgo,follower,maneuver,603,603.0,0,2,235,0,0.38971807628524047,11.940298507462686,0,0,0,0.0,0.0,E1,h5_k0p25,5.0,0.25
healthy_maneuver,9,cusum_fgo,follower,post,420,420.0,0,0,0,0,0.0,0.0,0,0,0,0.0,0.0,E1,h5_k0p25,5.0,0.25
healthy_maneuver,10,cusum_fgo,leader,all,5265,5265.0,0,6,279,0,0.05299145299145299,4.102564102564103,5,273,0,0.05185185185185185,3.418803418803419,E1,h5_k0p25,5.0,0.25
healthy_maneuver,10,cusum_fgo,leader,pre,2196,2196.0,0,0,0,0,0.0,0.0,0,0,0,0.0,0.0,E1,h5_k0p25,5.0,0.25
healthy_maneuver,10,cusum_fgo,leader,maneuver,1809,1809.0,0,3,154,0,0.08512990602542841,5.970149253731344,3,154,0,0.08512990602542841,5.970149253731344,E1,h5_k0p25,5.0,0.25
healthy_maneuver,10,cusum_fgo,leader,post,1260,1260.0,0,3,125,0,0.0992063492063492,8.571428571428571,2,119,0,0.09444444444444444,5.714285714285714,E1,h5_k0p25,5.0,0.25
healthy_maneuver,10,cusum_fgo,follower,all,1755,1755.0,0,2,561,0,0.31965811965811963,4.102564102564103,0,0,0,0.0,0.0,E1,h5_k0p25,5.0,0.25
healthy_maneuver,10,cusum_fgo,follower,pre,732,732.0,0,0,0,0,0.0,0.0,0,0,0,0.0,0.0,E1,h5_k0p25,5.0,0.25
healthy_maneuver,10,cusum_fgo,follower,maneuver,603,603.0,0,2,281,0,0.4660033167495854,11.940298507462686,0,0,0,0.0,0.0,E1,h5_k0p25,5.0,0.25
healthy_maneuver,10,cusum_fgo,follower,post,420,420.0,0,0,280,0,0.6666666666666666,0.0,0,0,0,0.0,0.0,E1,h5_k0p25,5.0,0.25
healthy_maneuver,11,cusum_fgo,leader,all,5265,5265.0,0,5,568,0,0.10788224121557455,3.418803418803419,7,362,0,0.06875593542260208,4.786324786324786,E1,h5_k0p25,5.0,0.25
healthy_maneuver,11,cusum_fgo,leader,pre,2196,2196.0,0,0,0,0,0.0,0.0,0,0,0,0.0,0.0,E1,h5_k0p25,5.0,0.25
healthy_maneuver,11,cusum_fgo,leader,maneuver,1809,1809.0,0,5,328,0,0.18131564400221117,9.950248756218906,6,222,0,0.12271973466003316,11.940298507462687,E1,h5_k0p25,5.0,0.25
healthy_maneuver,11,cusum_fgo,leader,post,1260,1260.0,0,0,240,0,0.19047619047619047,0.0,1,140,0,0.1111111111111111,2.857142857142857,E1,h5_k0p25,5.0,0.25
healthy_maneuver,11,cusum_fgo,follower,all,1755,1755.0,0,2,385,0,0.21937321937321938,4.102564102564103,0,0,0,0.0,0.0,E1,h5_k0p25,5.0,0.25
healthy_maneuver,11,cusum_fgo,follower,pre,732,732.0,0,0,0,0,0.0,0.0,0,0,0,0.0,0.0,E1,h5_k0p25,5.0,0.25
healthy_maneuver,11,cusum_fgo,follower,maneuver,603,603.0,0,2,245,0,0.40630182421227196,11.940298507462686,0,0,0,0.0,0.0,E1,h5_k0p25,5.0,0.25
healthy_maneuver,11,cusum_fgo,follower,post,420,420.0,0,0,140,0,0.3333333333333333,0.0,0,0,0,0.0,0.0,E1,h5_k0p25,5.0,0.25
healthy_maneuver,12,cusum_fgo,leader,all,5265,5265.0,0,4,422,0,0.08015194681861348,2.735042735042735,4,323,0,0.061348528015194685,2.735042735042735,E1,h5_k0p25,5.0,0.25
healthy_maneuver,12,cusum_fgo,leader,pre,2196,2196.0,0,0,0,0,0.0,0.0,0,0,0,0.0,0.0,E1,h5_k0p25,5.0,0.25
healthy_maneuver,12,cusum_fgo,leader,maneuver,1809,1809.0,0,4,282,0,0.1558872305140962,7.9601990049751254,4,183,0,0.1011608623548922,7.9601990049751254,E1,h5_k0p25,5.0,0.25
healthy_maneuver,12,cusum_fgo,leader,post,1260,1260.0,0,0,140,0,0.1111111111111111,0.0,0,140,0,0.1111111111111111,0.0,E1,h5_k0p25,5.0,0.25
healthy_maneuver,12,cusum_fgo,follower,all,1755,1755.0,0,3,320,0,0.18233618233618235,6.153846153846154,0,0,0,0.0,0.0,E1,h5_k0p25,5.0,0.25
healthy_maneuver,12,cusum_fgo,follower,pre,732,732.0,0,0,0,0,0.0,0.0,0,0,0,0.0,0.0,E1,h5_k0p25,5.0,0.25
healthy_maneuver,12,cusum_fgo,follower,maneuver,603,603.0,0,2,209,0,0.3466003316749585,11.940298507462686,0,0,0,0.0,0.0,E1,h5_k0p25,5.0,0.25
healthy_maneuver,12,cusum_fgo,follower,post,420,420.0,0,1,111,0,0.2642857142857143,8.571428571428571,0,0,0,0.0,0.0,E1,h5_k0p25,5.0,0.25
healthy_maneuver,13,cusum_fgo,leader,all,5265,5265.0,0,7,266,0,0.050522317188983853,4.786324786324786,7,163,0,0.030959164292497624,4.786324786324786,E1,h5_k0p25,5.0,0.25
healthy_maneuver,13,cusum_fgo,leader,pre,2196,2196.0,0,0,0,0,0.0,0.0,0,0,0,0.0,0.0,E1,h5_k0p25,5.0,0.25
healthy_maneuver,13,cusum_fgo,leader,maneuver,1809,1809.0,0,2,236,0,0.1304588170259812,3.9800995024875627,2,133,0,0.07352128247650636,3.9800995024875627,E1,h5_k0p25,5.0,0.25
healthy_maneuver,13,cusum_fgo,leader,post,1260,1260.0,0,5,30,0,0.023809523809523808,14.285714285714286,5,30,0,0.023809523809523808,14.285714285714286,E1,h5_k0p25,5.0,0.25
healthy_maneuver,13,cusum_fgo,follower,all,1755,1755.0,0,5,411,0,0.2341880341880342,10.256410256410257,0,0,0,0.0,0.0,E1,h5_k0p25,5.0,0.25
healthy_maneuver,13,cusum_fgo,follower,pre,732,732.0,0,0,0,0,0.0,0.0,0,0,0,0.0,0.0,E1,h5_k0p25,5.0,0.25
healthy_maneuver,13,cusum_fgo,follower,maneuver,603,603.0,0,2,278,0,0.46102819237147596,11.940298507462686,0,0,0,0.0,0.0,E1,h5_k0p25,5.0,0.25
healthy_maneuver,13,cusum_fgo,follower,post,420,420.0,0,3,133,0,0.31666666666666665,25.714285714285715,0,0,0,0.0,0.0,E1,h5_k0p25,5.0,0.25
healthy_maneuver,14,cusum_fgo,leader,all,5265,5265.0,0,4,215,0,0.04083570750237417,2.735042735042735,5,138,0,0.02621082621082621,3.418803418803419,E1,h5_k0p25,5.0,0.25
healthy_maneuver,14,cusum_fgo,leader,pre,2196,2196.0,0,0,0,0,0.0,0.0,0,0,0,0.0,0.0,E1,h5_k0p25,5.0,0.25
healthy_maneuver,14,cusum_fgo,leader,maneuver,1809,1809.0,0,4,215,0,0.11885019347705915,7.9601990049751254,5,138,0,0.07628524046434494,9.950248756218906,E1,h5_k0p25,5.0,0.25
healthy_maneuver,14,cusum_fgo,leader,post,1260,1260.0,0,0,0,0,0.0,0.0,0,0,0,0.0,0.0,E1,h5_k0p25,5.0,0.25
healthy_maneuver,14,cusum_fgo,follower,all,1755,1755.0,0,2,391,0,0.2227920227920228,4.102564102564103,0,0,0,0.0,0.0,E1,h5_k0p25,5.0,0.25
healthy_maneuver,14,cusum_fgo,follower,pre,732,732.0,0,0,0,0,0.0,0.0,0,0,0,0.0,0.0,E1,h5_k0p25,5.0,0.25
healthy_maneuver,14,cusum_fgo,follower,maneuver,603,603.0,0,2,251,0,0.41625207296849087,11.940298507462686,0,0,0,0.0,0.0,E1,h5_k0p25,5.0,0.25
healthy_maneuver,14,cusum_fgo,follower,post,420,420.0,0,0,140,0,0.3333333333333333,0.0,0,0,0,0.0,0.0,E1,h5_k0p25,5.0,0.25
healthy_maneuver,15,cusum_fgo,leader,all,5265,5265.0,0,4,151,0,0.028679962013295347,2.735042735042735,4,151,0,0.028679962013295347,2.735042735042735,E1,h5_k0p25,5.0,0.25
healthy_maneuver,15,cusum_fgo,leader,pre,2196,2196.0,0,0,0,0,0.0,0.0,0,0,0,0.0,0.0,E1,h5_k0p25,5.0,0.25
healthy_maneuver,15,cusum_fgo,leader,maneuver,1809,1809.0,0,4,151,0,0.08347153123272526,7.9601990049751254,4,151,0,0.08347153123272526,7.9601990049751254,E1,h5_k0p25,5.0,0.25
healthy_maneuver,15,cusum_fgo,leader,post,1260,1260.0,0,0,0,0,0.0,0.0,0,0,0,0.0,0.0,E1,h5_k0p25,5.0,0.25
healthy_maneuver,15,cusum_fgo,follower,all,1755,1755.0,0,3,543,0,0.3094017094017094,6.153846153846154,0,0,0,0.0,0.0,E1,h5_k0p25,5.0,0.25
healthy_maneuver,15,cusum_fgo,follower,pre,732,732.0,0,0,0,0,0.0,0.0,0,0,0,0.0,0.0,E1,h5_k0p25,5.0,0.25
healthy_maneuver,15,cusum_fgo,follower,maneuver,603,603.0,0,3,263,0,0.4361525704809287,17.91044776119403,0,0,0,0.0,0.0,E1,h5_k0p25,5.0,0.25
healthy_maneuver,15,cusum_fgo,follower,post,420,420.0,0,0,280,0,0.6666666666666666,0.0,0,0,0,0.0,0.0,E1,h5_k0p25,5.0,0.25
healthy_maneuver,16,cusum_fgo,leader,all,5265,5265.0,0,4,419,0,0.07958214624881292,2.735042735042735,3,347,0,0.06590693257359924,2.0512820512820515,E1,h5_k0p25,5.0,0.25
healthy_maneuver,16,cusum_fgo,leader,pre,2196,2196.0,0,0,0,0,0.0,0.0,0,0,0,0.0,0.0,E1,h5_k0p25,5.0,0.25
healthy_maneuver,16,cusum_fgo,leader,maneuver,1809,1809.0,0,4,279,0,0.15422885572139303,7.9601990049751254,3,207,0,0.11442786069651742,5.970149253731344,E1,h5_k0p25,5.0,0.25
healthy_maneuver,16,cusum_fgo,leader,post,1260,1260.0,0,0,140,0,0.1111111111111111,0.0,0,140,0,0.1111111111111111,0.0,E1,h5_k0p25,5.0,0.25
healthy_maneuver,16,cusum_fgo,follower,all,1755,1755.0,0,5,527,0,0.3002849002849003,10.256410256410257,0,0,0,0.0,0.0,E1,h5_k0p25,5.0,0.25
healthy_maneuver,16,cusum_fgo,follower,pre,732,732.0,0,0,0,0,0.0,0.0,0,0,0,0.0,0.0,E1,h5_k0p25,5.0,0.25
healthy_maneuver,16,cusum_fgo,follower,maneuver,603,603.0,0,2,280,0,0.46434494195688225,11.940298507462686,0,0,0,0.0,0.0,E1,h5_k0p25,5.0,0.25
healthy_maneuver,16,cusum_fgo,follower,post,420,420.0,0,3,247,0,0.5880952380952381,25.714285714285715,0,0,0,0.0,0.0,E1,h5_k0p25,5.0,0.25
healthy_maneuver,17,cusum_fgo,leader,all,5265,5265.0,0,4,433,0,0.0822412155745489,2.735042735042735,7,344,0,0.06533713200379868,4.786324786324786,E1,h5_k0p25,5.0,0.25
healthy_maneuver,17,cusum_fgo,leader,pre,2196,2196.0,0,0,0,0,0.0,0.0,0,0,0,0.0,0.0,E1,h5_k0p25,5.0,0.25
healthy_maneuver,17,cusum_fgo,leader,maneuver,1809,1809.0,0,4,293,0,0.16196793808734108,7.9601990049751254,7,204,0,0.11276948590381426,13.93034825870647,E1,h5_k0p25,5.0,0.25
healthy_maneuver,17,cusum_fgo,leader,post,1260,1260.0,0,0,140,0,0.1111111111111111,0.0,0,140,0,0.1111111111111111,0.0,E1,h5_k0p25,5.0,0.25
healthy_maneuver,17,cusum_fgo,follower,all,1755,1755.0,0,7,263,0,0.14985754985754987,14.35897435897436,0,0,0,0.0,0.0,E1,h5_k0p25,5.0,0.25
healthy_maneuver,17,cusum_fgo,follower,pre,732,732.0,0,0,0,0,0.0,0.0,0,0,0,0.0,0.0,E1,h5_k0p25,5.0,0.25
healthy_maneuver,17,cusum_fgo,follower,maneuver,603,603.0,0,3,243,0,0.40298507462686567,17.91044776119403,0,0,0,0.0,0.0,E1,h5_k0p25,5.0,0.25
healthy_maneuver,17,cusum_fgo,follower,post,420,420.0,0,4,20,0,0.047619047619047616,34.285714285714285,0,0,0,0.0,0.0,E1,h5_k0p25,5.0,0.25
healthy_maneuver,18,cusum_fgo,leader,all,5265,5265.0,0,3,347,0,0.06590693257359924,2.0512820512820515,3,336,0,0.06381766381766382,2.0512820512820515,E1,h5_k0p25,5.0,0.25
healthy_maneuver,18,cusum_fgo,leader,pre,2196,2196.0,0,0,0,0,0.0,0.0,0,0,0,0.0,0.0,E1,h5_k0p25,5.0,0.25
healthy_maneuver,18,cusum_fgo,leader,maneuver,1809,1809.0,0,3,207,0,0.11442786069651742,5.970149253731344,3,196,0,0.10834715312327253,5.970149253731344,E1,h5_k0p25,5.0,0.25
healthy_maneuver,18,cusum_fgo,leader,post,1260,1260.0,0,0,140,0,0.1111111111111111,0.0,0,140,0,0.1111111111111111,0.0,E1,h5_k0p25,5.0,0.25
healthy_maneuver,18,cusum_fgo,follower,all,1755,1755.0,0,2,298,0,0.1698005698005698,4.102564102564103,0,0,0,0.0,0.0,E1,h5_k0p25,5.0,0.25
healthy_maneuver,18,cusum_fgo,follower,pre,732,732.0,0,0,0,0,0.0,0.0,0,0,0,0.0,0.0,E1,h5_k0p25,5.0,0.25
healthy_maneuver,18,cusum_fgo,follower,maneuver,603,603.0,0,2,259,0,0.4295190713101161,11.940298507462686,0,0,0,0.0,0.0,E1,h5_k0p25,5.0,0.25
healthy_maneuver,18,cusum_fgo,follower,post,420,420.0,0,0,39,0,0.09285714285714286,0.0,0,0,0,0.0,0.0,E1,h5_k0p25,5.0,0.25
healthy_maneuver,19,cusum_fgo,leader,all,5265,5265.0,0,4,167,0,0.031718898385565054,2.735042735042735,4,167,0,0.031718898385565054,2.735042735042735,E1,h5_k0p25,5.0,0.25
healthy_maneuver,19,cusum_fgo,leader,pre,2196,2196.0,0,0,0,0,0.0,0.0,0,0,0,0.0,0.0,E1,h5_k0p25,5.0,0.25
healthy_maneuver,19,cusum_fgo,leader,maneuver,1809,1809.0,0,4,165,0,0.0912106135986733,7.9601990049751254,4,165,0,0.0912106135986733,7.9601990049751254,E1,h5_k0p25,5.0,0.25
healthy_maneuver,19,cusum_fgo,leader,post,1260,1260.0,0,0,2,0,0.0015873015873015873,0.0,0,2,0,0.0015873015873015873,0.0,E1,h5_k0p25,5.0,0.25
healthy_maneuver,19,cusum_fgo,follower,all,1755,1755.0,0,5,251,0,0.14301994301994303,10.256410256410257,0,0,0,0.0,0.0,E1,h5_k0p25,5.0,0.25
healthy_maneuver,19,cusum_fgo,follower,pre,732,732.0,0,0,0,0,0.0,0.0,0,0,0,0.0,0.0,E1,h5_k0p25,5.0,0.25
healthy_maneuver,19,cusum_fgo,follower,maneuver,603,603.0,0,3,245,0,0.40630182421227196,17.91044776119403,0,0,0,0.0,0.0,E1,h5_k0p25,5.0,0.25
healthy_maneuver,19,cusum_fgo,follower,post,420,420.0,0,2,6,0,0.014285714285714285,17.142857142857142,0,0,0,0.0,0.0,E1,h5_k0p25,5.0,0.25
healthy_maneuver,20,cusum_fgo,leader,all,5265,5265.0,0,3,381,0,0.07236467236467237,2.0512820512820515,4,308,0,0.058499525166191835,2.735042735042735,E1,h5_k0p25,5.0,0.25
healthy_maneuver,20,cusum_fgo,leader,pre,2196,2196.0,0,0,0,0,0.0,0.0,0,0,0,0.0,0.0,E1,h5_k0p25,5.0,0.25
healthy_maneuver,20,cusum_fgo,leader,maneuver,1809,1809.0,0,3,241,0,0.1332227750138198,5.970149253731344,4,168,0,0.09286898839137644,7.9601990049751254,E1,h5_k0p25,5.0,0.25
healthy_maneuver,20,cusum_fgo,leader,post,1260,1260.0,0,0,140,0,0.1111111111111111,0.0,0,140,0,0.1111111111111111,0.0,E1,h5_k0p25,5.0,0.25
healthy_maneuver,20,cusum_fgo,follower,all,1755,1755.0,0,2,413,0,0.23532763532763531,4.102564102564103,0,0,0,0.0,0.0,E1,h5_k0p25,5.0,0.25
healthy_maneuver,20,cusum_fgo,follower,pre,732,732.0,0,0,0,0,0.0,0.0,0,0,0,0.0,0.0,E1,h5_k0p25,5.0,0.25
healthy_maneuver,20,cusum_fgo,follower,maneuver,603,603.0,0,2,273,0,0.4527363184079602,11.940298507462686,0,0,0,0.0,0.0,E1,h5_k0p25,5.0,0.25
healthy_maneuver,20,cusum_fgo,follower,post,420,420.0,0,0,140,0,0.3333333333333333,0.0,0,0,0,0.0,0.0,E1,h5_k0p25,5.0,0.25
healthy_maneuver,21,cusum_fgo,leader,all,5265,5265.0,0,3,319,0,0.06058879392212726,2.0512820512820515,3,319,0,0.06058879392212726,2.0512820512820515,E1,h5_k0p25,5.0,0.25
healthy_maneuver,21,cusum_fgo,leader,pre,2196,2196.0,0,0,0,0,0.0,0.0,0,0,0,0.0,0.0,E1,h5_k0p25,5.0,0.25
healthy_maneuver,21,cusum_fgo,leader,maneuver,1809,1809.0,0,3,179,0,0.09894969596462133,5.970149253731344,3,179,0,0.09894969596462133,5.970149253731344,E1,h5_k0p25,5.0,0.25
healthy_maneuver,21,cusum_fgo,leader,post,1260,1260.0,0,0,140,0,0.1111111111111111,0.0,0,140,0,0.1111111111111111,0.0,E1,h5_k0p25,5.0,0.25
healthy_maneuver,21,cusum_fgo,follower,all,1755,1755.0,0,2,395,0,0.22507122507122507,4.102564102564103,0,0,0,0.0,0.0,E1,h5_k0p25,5.0,0.25
healthy_maneuver,21,cusum_fgo,follower,pre,732,732.0,0,0,0,0,0.0,0.0,0,0,0,0.0,0.0,E1,h5_k0p25,5.0,0.25
healthy_maneuver,21,cusum_fgo,follower,maneuver,603,603.0,0,2,255,0,0.4228855721393035,11.940298507462686,0,0,0,0.0,0.0,E1,h5_k0p25,5.0,0.25
healthy_maneuver,21,cusum_fgo,follower,post,420,420.0,0,0,140,0,0.3333333333333333,0.0,0,0,0,0.0,0.0,E1,h5_k0p25,5.0,0.25
healthy_maneuver,22,cusum_fgo,leader,all,5265,5265.0,0,7,498,0,0.0945868945868946,4.786324786324786,6,432,0,0.08205128205128205,4.102564102564103,E1,h5_k0p25,5.0,0.25
healthy_maneuver,22,cusum_fgo,leader,pre,2196,2196.0,0,0,0,0,0.0,0.0,0,0,0,0.0,0.0,E1,h5_k0p25,5.0,0.25
healthy_maneuver,22,cusum_fgo,leader,maneuver,1809,1809.0,0,5,261,0,0.14427860696517414,9.950248756218906,4,195,0,0.1077943615257048,7.9601990049751254,E1,h5_k0p25,5.0,0.25
healthy_maneuver,22,cusum_fgo,leader,post,1260,1260.0,0,2,237,0,0.1880952380952381,5.714285714285714,2,237,0,0.1880952380952381,5.714285714285714,E1,h5_k0p25,5.0,0.25
healthy_maneuver,22,cusum_fgo,follower,all,1755,1755.0,0,2,560,0,0.3190883190883191,4.102564102564103,0,0,0,0.0,0.0,E1,h5_k0p25,5.0,0.25
healthy_maneuver,22,cusum_fgo,follower,pre,732,732.0,0,0,0,0,0.0,0.0,0,0,0,0.0,0.0,E1,h5_k0p25,5.0,0.25
healthy_maneuver,22,cusum_fgo,follower,maneuver,603,603.0,0,2,280,0,0.46434494195688225,11.940298507462686,0,0,0,0.0,0.0,E1,h5_k0p25,5.0,0.25
healthy_maneuver,22,cusum_fgo,follower,post,420,420.0,0,0,280,0,0.6666666666666666,0.0,0,0,0,0.0,0.0,E1,h5_k0p25,5.0,0.25
healthy_maneuver,23,cusum_fgo,leader,all,5265,5265.0,0,5,350,0,0.06647673314339982,3.418803418803419,2,320,0,0.060778727445394115,1.3675213675213675,E1,h5_k0p25,5.0,0.25
healthy_maneuver,23,cusum_fgo,leader,pre,2196,2196.0,0,0,0,0,0.0,0.0,0,0,0,0.0,0.0,E1,h5_k0p25,5.0,0.25
healthy_maneuver,23,cusum_fgo,leader,maneuver,1809,1809.0,0,4,196,0,0.10834715312327253,7.9601990049751254,2,180,0,0.09950248756218906,3.9800995024875627,E1,h5_k0p25,5.0,0.25
healthy_maneuver,23,cusum_fgo,leader,post,1260,1260.0,0,1,154,0,0.12222222222222222,2.857142857142857,0,140,0,0.1111111111111111,0.0,E1,h5_k0p25,5.0,0.25
healthy_maneuver,23,cusum_fgo,follower,all,1755,1755.0,0,5,531,0,0.30256410256410254,10.256410256410257,0,0,0,0.0,0.0,E1,h5_k0p25,5.0,0.25
healthy_maneuver,23,cusum_fgo,follower,pre,732,732.0,0,0,0,0,0.0,0.0,0,0,0,0.0,0.0,E1,h5_k0p25,5.0,0.25
healthy_maneuver,23,cusum_fgo,follower,maneuver,603,603.0,0,2,281,0,0.4660033167495854,11.940298507462686,0,0,0,0.0,0.0,E1,h5_k0p25,5.0,0.25
healthy_maneuver,23,cusum_fgo,follower,post,420,420.0,0,3,250,0,0.5952380952380952,25.714285714285715,0,0,0,0.0,0.0,E1,h5_k0p25,5.0,0.25
healthy_maneuver,24,cusum_fgo,leader,all,5265,5265.0,0,4,602,0,0.11433998100664768,2.735042735042735,4,346,0,0.06571699905033239,2.735042735042735,E1,h5_k0p25,5.0,0.25
healthy_maneuver,24,cusum_fgo,leader,pre,2196,2196.0,0,0,0,0,0.0,0.0,0,0,0,0.0,0.0,E1,h5_k0p25,5.0,0.25
healthy_maneuver,24,cusum_fgo,leader,maneuver,1809,1809.0,0,4,322,0,0.17799889441680486,7.9601990049751254,4,206,0,0.11387506909894969,7.9601990049751254,E1,h5_k0p25,5.0,0.25
healthy_maneuver,24,cusum_fgo,leader,post,1260,1260.0,0,0,280,0,0.2222222222222222,0.0,0,140,0,0.1111111111111111,0.0,E1,h5_k0p25,5.0,0.25
healthy_maneuver,24,cusum_fgo,follower,all,1755,1755.0,0,2,562,0,0.32022792022792024,4.102564102564103,0,0,0,0.0,0.0,E1,h5_k0p25,5.0,0.25
healthy_maneuver,24,cusum_fgo,follower,pre,732,732.0,0,0,0,0,0.0,0.0,0,0,0,0.0,0.0,E1,h5_k0p25,5.0,0.25
healthy_maneuver,24,cusum_fgo,follower,maneuver,603,603.0,0,2,282,0,0.46766169154228854,11.940298507462686,0,0,0,0.0,0.0,E1,h5_k0p25,5.0,0.25
healthy_maneuver,24,cusum_fgo,follower,post,420,420.0,0,0,280,0,0.6666666666666666,0.0,0,0,0,0.0,0.0,E1,h5_k0p25,5.0,0.25
healthy_maneuver,25,cusum_fgo,leader,all,5265,5265.0,0,4,499,0,0.09477682811016144,2.735042735042735,3,326,0,0.06191832858499525,2.0512820512820515,E1,h5_k0p25,5.0,0.25
healthy_maneuver,25,cusum_fgo,leader,pre,2196,2196.0,0,0,0,0,0.0,0.0,0,0,0,0.0,0.0,E1,h5_k0p25,5.0,0.25
healthy_maneuver,25,cusum_fgo,leader,maneuver,1809,1809.0,0,4,219,0,0.12106135986733002,7.9601990049751254,3,186,0,0.10281923714759536,5.970149253731344,E1,h5_k0p25,5.0,0.25
healthy_maneuver,25,cusum_fgo,leader,post,1260,1260.0,0,0,280,0,0.2222222222222222,0.0,0,140,0,0.1111111111111111,0.0,E1,h5_k0p25,5.0,0.25
healthy_maneuver,25,cusum_fgo,follower,all,1755,1755.0,0,3,428,0,0.2438746438746439,6.153846153846154,0,0,0,0.0,0.0,E1,h5_k0p25,5.0,0.25
healthy_maneuver,25,cusum_fgo,follower,pre,732,732.0,0,0,0,0,0.0,0.0,0,0,0,0.0,0.0,E1,h5_k0p25,5.0,0.25
healthy_maneuver,25,cusum_fgo,follower,maneuver,603,603.0,0,2,279,0,0.4626865671641791,11.940298507462686,0,0,0,0.0,0.0,E1,h5_k0p25,5.0,0.25
healthy_maneuver,25,cusum_fgo,follower,post,420,420.0,0,1,149,0,0.3547619047619048,8.571428571428571,0,0,0,0.0,0.0,E1,h5_k0p25,5.0,0.25
healthy_maneuver,26,cusum_fgo,leader,all,5265,5265.0,0,6,398,0,0.07559354226020892,4.102564102564103,4,320,0,0.060778727445394115,2.735042735042735,E1,h5_k0p25,5.0,0.25
healthy_maneuver,26,cusum_fgo,leader,pre,2196,2196.0,0,0,0,0,0.0,0.0,0,0,0,0.0,0.0,E1,h5_k0p25,5.0,0.25
healthy_maneuver,26,cusum_fgo,leader,maneuver,1809,1809.0,0,6,258,0,0.14262023217247097,11.940298507462687,4,180,0,0.09950248756218906,7.9601990049751254,E1,h5_k0p25,5.0,0.25
healthy_maneuver,26,cusum_fgo,leader,post,1260,1260.0,0,0,140,0,0.1111111111111111,0.0,0,140,0,0.1111111111111111,0.0,E1,h5_k0p25,5.0,0.25
healthy_maneuver,26,cusum_fgo,follower,all,1755,1755.0,0,2,559,0,0.31851851851851853,4.102564102564103,0,0,0,0.0,0.0,E1,h5_k0p25,5.0,0.25
healthy_maneuver,26,cusum_fgo,follower,pre,732,732.0,0,0,0,0,0.0,0.0,0,0,0,0.0,0.0,E1,h5_k0p25,5.0,0.25
healthy_maneuver,26,cusum_fgo,follower,maneuver,603,603.0,0,2,279,0,0.4626865671641791,11.940298507462686,0,0,0,0.0,0.0,E1,h5_k0p25,5.0,0.25
healthy_maneuver,26,cusum_fgo,follower,post,420,420.0,0,0,280,0,0.6666666666666666,0.0,0,0,0,0.0,0.0,E1,h5_k0p25,5.0,0.25
healthy_maneuver,27,cusum_fgo,leader,all,5265,5265.0,0,3,175,0,0.03323836657169991,2.0512820512820515,3,175,0,0.03323836657169991,2.0512820512820515,E1,h5_k0p25,5.0,0.25
healthy_maneuver,27,cusum_fgo,leader,pre,2196,2196.0,0,0,0,0,0.0,0.0,0,0,0,0.0,0.0,E1,h5_k0p25,5.0,0.25
healthy_maneuver,27,cusum_fgo,leader,maneuver,1809,1809.0,0,3,174,0,0.09618573797678276,5.970149253731344,3,174,0,0.09618573797678276,5.970149253731344,E1,h5_k0p25,5.0,0.25
healthy_maneuver,27,cusum_fgo,leader,post,1260,1260.0,0,0,1,0,0.0007936507936507937,0.0,0,1,0,0.0007936507936507937,0.0,E1,h5_k0p25,5.0,0.25
healthy_maneuver,27,cusum_fgo,follower,all,1755,1755.0,0,2,401,0,0.2284900284900285,4.102564102564103,0,0,0,0.0,0.0,E1,h5_k0p25,5.0,0.25
healthy_maneuver,27,cusum_fgo,follower,pre,732,732.0,0,0,0,0,0.0,0.0,0,0,0,0.0,0.0,E1,h5_k0p25,5.0,0.25
healthy_maneuver,27,cusum_fgo,follower,maneuver,603,603.0,0,2,261,0,0.43283582089552236,11.940298507462686,0,0,0,0.0,0.0,E1,h5_k0p25,5.0,0.25
healthy_maneuver,27,cusum_fgo,follower,post,420,420.0,0,0,140,0,0.3333333333333333,0.0,0,0,0,0.0,0.0,E1,h5_k0p25,5.0,0.25
healthy_maneuver,28,cusum_fgo,leader,all,5265,5265.0,0,4,259,0,0.04919278252611586,2.735042735042735,7,196,0,0.03722697056030389,4.786324786324786,E1,h5_k0p25,5.0,0.25
healthy_maneuver,28,cusum_fgo,leader,pre,2196,2196.0,0,0,0,0,0.0,0.0,0,0,0,0.0,0.0,E1,h5_k0p25,5.0,0.25
healthy_maneuver,28,cusum_fgo,leader,maneuver,1809,1809.0,0,4,259,0,0.14317302377003868,7.9601990049751254,7,196,0,0.10834715312327253,13.93034825870647,E1,h5_k0p25,5.0,0.25
healthy_maneuver,28,cusum_fgo,leader,post,1260,1260.0,0,0,0,0,0.0,0.0,0,0,0,0.0,0.0,E1,h5_k0p25,5.0,0.25
healthy_maneuver,28,cusum_fgo,follower,all,1755,1755.0,0,5,502,0,0.28603988603988606,10.256410256410257,0,0,0,0.0,0.0,E1,h5_k0p25,5.0,0.25
healthy_maneuver,28,cusum_fgo,follower,pre,732,732.0,0,0,0,0,0.0,0.0,0,0,0,0.0,0.0,E1,h5_k0p25,5.0,0.25
healthy_maneuver,28,cusum_fgo,follower,maneuver,603,603.0,0,2,280,0,0.46434494195688225,11.940298507462686,0,0,0,0.0,0.0,E1,h5_k0p25,5.0,0.25
healthy_maneuver,28,cusum_fgo,follower,post,420,420.0,0,3,222,0,0.5285714285714286,25.714285714285715,0,0,0,0.0,0.0,E1,h5_k0p25,5.0,0.25
healthy_maneuver,29,cusum_fgo,leader,all,5265,5265.0,0,7,380,0,0.0721747388414055,4.786324786324786,9,275,0,0.052231718898385564,6.153846153846154,E1,h5_k0p25,5.0,0.25
healthy_maneuver,29,cusum_fgo,leader,pre,2196,2196.0,0,0,0,0,0.0,0.0,0,0,0,0.0,0.0,E1,h5_k0p25,5.0,0.25
healthy_maneuver,29,cusum_fgo,leader,maneuver,1809,1809.0,0,3,314,0,0.17357656163626312,5.970149253731344,5,209,0,0.11553344389165285,9.950248756218906,E1,h5_k0p25,5.0,0.25
healthy_maneuver,29,cusum_fgo,leader,post,1260,1260.0,0,4,66,0,0.05238095238095238,11.428571428571429,4,66,0,0.05238095238095238,11.428571428571429,E1,h5_k0p25,5.0,0.25
healthy_maneuver,29,cusum_fgo,follower,all,1755,1755.0,0,3,473,0,0.2695156695156695,6.153846153846154,0,0,0,0.0,0.0,E1,h5_k0p25,5.0,0.25
healthy_maneuver,29,cusum_fgo,follower,pre,732,732.0,0,0,0,0,0.0,0.0,0,0,0,0.0,0.0,E1,h5_k0p25,5.0,0.25
healthy_maneuver,29,cusum_fgo,follower,maneuver,603,603.0,0,2,269,0,0.4461028192371476,11.940298507462686,0,0,0,0.0,0.0,E1,h5_k0p25,5.0,0.25
healthy_maneuver,29,cusum_fgo,follower,post,420,420.0,0,1,204,0,0.4857142857142857,8.571428571428571,0,0,0,0.0,0.0,E1,h5_k0p25,5.0,0.25
healthy_maneuver,30,cusum_fgo,leader,all,5265,5265.0,0,2,393,0,0.07464387464387465,1.3675213675213675,2,393,0,0.07464387464387465,1.3675213675213675,E1,h5_k0p25,5.0,0.25
healthy_maneuver,30,cusum_fgo,leader,pre,2196,2196.0,0,0,0,0,0.0,0.0,0,0,0,0.0,0.0,E1,h5_k0p25,5.0,0.25
healthy_maneuver,30,cusum_fgo,leader,maneuver,1809,1809.0,0,2,253,0,0.1398562741846324,3.9800995024875627,2,253,0,0.1398562741846324,3.9800995024875627,E1,h5_k0p25,5.0,0.25
healthy_maneuver,30,cusum_fgo,leader,post,1260,1260.0,0,0,140,0,0.1111111111111111,0.0,0,140,0,0.1111111111111111,0.0,E1,h5_k0p25,5.0,0.25
healthy_maneuver,30,cusum_fgo,follower,all,1755,1755.0,0,3,312,0,0.17777777777777778,6.153846153846154,0,0,0,0.0,0.0,E1,h5_k0p25,5.0,0.25
healthy_maneuver,30,cusum_fgo,follower,pre,732,732.0,0,0,0,0,0.0,0.0,0,0,0,0.0,0.0,E1,h5_k0p25,5.0,0.25
healthy_maneuver,30,cusum_fgo,follower,maneuver,603,603.0,0,3,172,0,0.28524046434494194,17.91044776119403,0,0,0,0.0,0.0,E1,h5_k0p25,5.0,0.25
healthy_maneuver,30,cusum_fgo,follower,post,420,420.0,0,0,140,0,0.3333333333333333,0.0,0,0,0,0.0,0.0,E1,h5_k0p25,5.0,0.25
healthy_maneuver,31,cusum_fgo,leader,all,5265,5265.0,0,7,208,0,0.03950617283950617,4.786324786324786,7,208,0,0.03950617283950617,4.786324786324786,E1,h5_k0p25,5.0,0.25
healthy_maneuver,31,cusum_fgo,leader,pre,2196,2196.0,0,0,0,0,0.0,0.0,0,0,0,0.0,0.0,E1,h5_k0p25,5.0,0.25
healthy_maneuver,31,cusum_fgo,leader,maneuver,1809,1809.0,0,6,199,0,0.11000552791597568,11.940298507462687,6,199,0,0.11000552791597568,11.940298507462687,E1,h5_k0p25,5.0,0.25
healthy_maneuver,31,cusum_fgo,leader,post,1260,1260.0,0,1,9,0,0.007142857142857143,2.857142857142857,1,9,0,0.007142857142857143,2.857142857142857,E1,h5_k0p25,5.0,0.25
healthy_maneuver,31,cusum_fgo,follower,all,1755,1755.0,0,2,560,0,0.3190883190883191,4.102564102564103,0,0,0,0.0,0.0,E1,h5_k0p25,5.0,0.25
healthy_maneuver,31,cusum_fgo,follower,pre,732,732.0,0,0,0,0,0.0,0.0,0,0,0,0.0,0.0,E1,h5_k0p25,5.0,0.25
healthy_maneuver,31,cusum_fgo,follower,maneuver,603,603.0,0,2,287,0,0.4759535655058043,11.940298507462686,0,0,0,0.0,0.0,E1,h5_k0p25,5.0,0.25
healthy_maneuver,31,cusum_fgo,follower,post,420,420.0,0,0,273,0,0.65,0.0,0,0,0,0.0,0.0,E1,h5_k0p25,5.0,0.25
healthy_maneuver,32,cusum_fgo,leader,all,5265,5265.0,0,3,245,0,0.04653371320037987,2.0512820512820515,4,159,0,0.0301994301994302,2.735042735042735,E1,h5_k0p25,5.0,0.25
healthy_maneuver,32,cusum_fgo,leader,pre,2196,2196.0,0,0,0,0,0.0,0.0,0,0,0,0.0,0.0,E1,h5_k0p25,5.0,0.25
healthy_maneuver,32,cusum_fgo,leader,maneuver,1809,1809.0,0,3,245,0,0.13543394140409065,5.970149253731344,4,159,0,0.087893864013267,7.9601990049751254,E1,h5_k0p25,5.0,0.25
healthy_maneuver,32,cusum_fgo,leader,post,1260,1260.0,0,0,0,0,0.0,0.0,0,0,0,0.0,0.0,E1,h5_k0p25,5.0,0.25
healthy_maneuver,32,cusum_fgo,follower,all,1755,1755.0,0,2,562,0,0.32022792022792024,4.102564102564103,0,0,0,0.0,0.0,E1,h5_k0p25,5.0,0.25
healthy_maneuver,32,cusum_fgo,follower,pre,732,732.0,0,0,0,0,0.0,0.0,0,0,0,0.0,0.0,E1,h5_k0p25,5.0,0.25
healthy_maneuver,32,cusum_fgo,follower,maneuver,603,603.0,0,2,282,0,0.46766169154228854,11.940298507462686,0,0,0,0.0,0.0,E1,h5_k0p25,5.0,0.25
healthy_maneuver,32,cusum_fgo,follower,post,420,420.0,0,0,280,0,0.6666666666666666,0.0,0,0,0,0.0,0.0,E1,h5_k0p25,5.0,0.25
healthy_maneuver,33,cusum_fgo,leader,all,5265,5265.0,0,2,118,0,0.02241215574548908,1.3675213675213675,2,118,0,0.02241215574548908,1.3675213675213675,E1,h5_k0p25,5.0,0.25
healthy_maneuver,33,cusum_fgo,leader,pre,2196,2196.0,0,0,0,0,0.0,0.0,0,0,0,0.0,0.0,E1,h5_k0p25,5.0,0.25
healthy_maneuver,33,cusum_fgo,leader,maneuver,1809,1809.0,0,2,118,0,0.0652294085129906,3.9800995024875627,2,118,0,0.0652294085129906,3.9800995024875627,E1,h5_k0p25,5.0,0.25
healthy_maneuver,33,cusum_fgo,leader,post,1260,1260.0,0,0,0,0,0.0,0.0,0,0,0,0.0,0.0,E1,h5_k0p25,5.0,0.25
healthy_maneuver,33,cusum_fgo,follower,all,1755,1755.0,0,2,562,0,0.32022792022792024,4.102564102564103,0,0,0,0.0,0.0,E1,h5_k0p25,5.0,0.25
healthy_maneuver,33,cusum_fgo,follower,pre,732,732.0,0,0,0,0,0.0,0.0,0,0,0,0.0,0.0,E1,h5_k0p25,5.0,0.25
healthy_maneuver,33,cusum_fgo,follower,maneuver,603,603.0,0,2,282,0,0.46766169154228854,11.940298507462686,0,0,0,0.0,0.0,E1,h5_k0p25,5.0,0.25
healthy_maneuver,33,cusum_fgo,follower,post,420,420.0,0,0,280,0,0.6666666666666666,0.0,0,0,0,0.0,0.0,E1,h5_k0p25,5.0,0.25
healthy_maneuver,34,cusum_fgo,leader,all,5265,5265.0,0,3,188,0,0.03570750237416904,2.0512820512820515,3,187,0,0.03551756885090218,2.0512820512820515,E1,h5_k0p25,5.0,0.25
healthy_maneuver,34,cusum_fgo,leader,pre,2196,2196.0,0,0,0,0,0.0,0.0,0,0,0,0.0,0.0,E1,h5_k0p25,5.0,0.25
healthy_maneuver,34,cusum_fgo,leader,maneuver,1809,1809.0,0,3,188,0,0.10392482034273079,5.970149253731344,3,187,0,0.10337202874516307,5.970149253731344,E1,h5_k0p25,5.0,0.25
healthy_maneuver,34,cusum_fgo,leader,post,1260,1260.0,0,0,0,0,0.0,0.0,0,0,0,0.0,0.0,E1,h5_k0p25,5.0,0.25
healthy_maneuver,34,cusum_fgo,follower,all,1755,1755.0,0,3,495,0,0.28205128205128205,6.153846153846154,0,0,0,0.0,0.0,E1,h5_k0p25,5.0,0.25
healthy_maneuver,34,cusum_fgo,follower,pre,732,732.0,0,0,0,0,0.0,0.0,0,0,0,0.0,0.0,E1,h5_k0p25,5.0,0.25
healthy_maneuver,34,cusum_fgo,follower,maneuver,603,603.0,0,3,215,0,0.35655058043117743,17.91044776119403,0,0,0,0.0,0.0,E1,h5_k0p25,5.0,0.25
healthy_maneuver,34,cusum_fgo,follower,post,420,420.0,0,0,280,0,0.6666666666666666,0.0,0,0,0,0.0,0.0,E1,h5_k0p25,5.0,0.25
healthy_maneuver,35,cusum_fgo,leader,all,5265,5265.0,0,3,228,0,0.043304843304843306,2.0512820512820515,4,139,0,0.026400759734093067,2.735042735042735,E1,h5_k0p25,5.0,0.25
healthy_maneuver,35,cusum_fgo,leader,pre,2196,2196.0,0,0,0,0,0.0,0.0,0,0,0,0.0,0.0,E1,h5_k0p25,5.0,0.25
healthy_maneuver,35,cusum_fgo,leader,maneuver,1809,1809.0,0,3,228,0,0.12603648424543948,5.970149253731344,4,139,0,0.07683803206191266,7.9601990049751254,E1,h5_k0p25,5.0,0.25
healthy_maneuver,35,cusum_fgo,leader,post,1260,1260.0,0,0,0,0,0.0,0.0,0,0,0,0.0,0.0,E1,h5_k0p25,5.0,0.25
healthy_maneuver,35,cusum_fgo,follower,all,1755,1755.0,0,3,403,0,0.22962962962962963,6.153846153846154,0,0,0,0.0,0.0,E1,h5_k0p25,5.0,0.25
healthy_maneuver,35,cusum_fgo,follower,pre,732,732.0,0,0,0,0,0.0,0.0,0,0,0,0.0,0.0,E1,h5_k0p25,5.0,0.25
healthy_maneuver,35,cusum_fgo,follower,maneuver,603,603.0,0,3,263,0,0.4361525704809287,17.91044776119403,0,0,0,0.0,0.0,E1,h5_k0p25,5.0,0.25
healthy_maneuver,35,cusum_fgo,follower,post,420,420.0,0,0,140,0,0.3333333333333333,0.0,0,0,0,0.0,0.0,E1,h5_k0p25,5.0,0.25
healthy_maneuver,36,cusum_fgo,leader,all,5265,5265.0,0,7,280,0,0.05318138651471985,4.786324786324786,10,264,0,0.05014245014245014,6.837606837606838,E1,h5_k0p25,5.0,0.25
healthy_maneuver,36,cusum_fgo,leader,pre,2196,2196.0,0,0,0,0,0.0,0.0,0,0,0,0.0,0.0,E1,h5_k0p25,5.0,0.25
healthy_maneuver,36,cusum_fgo,leader,maneuver,1809,1809.0,0,6,149,0,0.08236594803758983,11.940298507462687,5,148,0,0.08181315644002211,9.950248756218906,E1,h5_k0p25,5.0,0.25
healthy_maneuver,36,cusum_fgo,leader,post,1260,1260.0,0,1,131,0,0.10396825396825397,2.857142857142857,5,116,0,0.09206349206349207,14.285714285714286,E1,h5_k0p25,5.0,0.25
healthy_maneuver,36,cusum_fgo,follower,all,1755,1755.0,0,2,406,0,0.23133903133903133,4.102564102564103,0,0,0,0.0,0.0,E1,h5_k0p25,5.0,0.25
healthy_maneuver,36,cusum_fgo,follower,pre,732,732.0,0,0,0,0,0.0,0.0,0,0,0,0.0,0.0,E1,h5_k0p25,5.0,0.25
healthy_maneuver,36,cusum_fgo,follower,maneuver,603,603.0,0,2,266,0,0.44112769485903813,11.940298507462686,0,0,0,0.0,0.0,E1,h5_k0p25,5.0,0.25
healthy_maneuver,36,cusum_fgo,follower,post,420,420.0,0,0,140,0,0.3333333333333333,0.0,0,0,0,0.0,0.0,E1,h5_k0p25,5.0,0.25
healthy_maneuver,37,cusum_fgo,leader,all,5265,5265.0,0,4,358,0,0.06799620132953467,2.735042735042735,5,312,0,0.05925925925925926,3.418803418803419,E1,h5_k0p25,5.0,0.25
healthy_maneuver,37,cusum_fgo,leader,pre,2196,2196.0,0,0,0,0,0.0,0.0,0,0,0,0.0,0.0,E1,h5_k0p25,5.0,0.25
healthy_maneuver,37,cusum_fgo,leader,maneuver,1809,1809.0,0,4,218,0,0.1205085682697623,7.9601990049751254,5,172,0,0.09508015478164732,9.950248756218906,E1,h5_k0p25,5.0,0.25
healthy_maneuver,37,cusum_fgo,leader,post,1260,1260.0,0,0,140,0,0.1111111111111111,0.0,0,140,0,0.1111111111111111,0.0,E1,h5_k0p25,5.0,0.25
healthy_maneuver,37,cusum_fgo,follower,all,1755,1755.0,0,2,405,0,0.23076923076923078,4.102564102564103,0,0,0,0.0,0.0,E1,h5_k0p25,5.0,0.25
healthy_maneuver,37,cusum_fgo,follower,pre,732,732.0,0,0,0,0,0.0,0.0,0,0,0,0.0,0.0,E1,h5_k0p25,5.0,0.25
healthy_maneuver,37,cusum_fgo,follower,maneuver,603,603.0,0,2,265,0,0.439469320066335,11.940298507462686,0,0,0,0.0,0.0,E1,h5_k0p25,5.0,0.25
healthy_maneuver,37,cusum_fgo,follower,post,420,420.0,0,0,140,0,0.3333333333333333,0.0,0,0,0,0.0,0.0,E1,h5_k0p25,5.0,0.25
healthy_maneuver,38,cusum_fgo,leader,all,5265,5265.0,0,2,148,0,0.028110161443494777,1.3675213675213675,2,148,0,0.028110161443494777,1.3675213675213675,E1,h5_k0p25,5.0,0.25
healthy_maneuver,38,cusum_fgo,leader,pre,2196,2196.0,0,0,0,0,0.0,0.0,0,0,0,0.0,0.0,E1,h5_k0p25,5.0,0.25
healthy_maneuver,38,cusum_fgo,leader,maneuver,1809,1809.0,0,2,148,0,0.08181315644002211,3.9800995024875627,2,148,0,0.08181315644002211,3.9800995024875627,E1,h5_k0p25,5.0,0.25
healthy_maneuver,38,cusum_fgo,leader,post,1260,1260.0,0,0,0,0,0.0,0.0,0,0,0,0.0,0.0,E1,h5_k0p25,5.0,0.25
healthy_maneuver,38,cusum_fgo,follower,all,1755,1755.0,0,2,416,0,0.23703703703703705,4.102564102564103,0,0,0,0.0,0.0,E1,h5_k0p25,5.0,0.25
healthy_maneuver,38,cusum_fgo,follower,pre,732,732.0,0,0,0,0,0.0,0.0,0,0,0,0.0,0.0,E1,h5_k0p25,5.0,0.25
healthy_maneuver,38,cusum_fgo,follower,maneuver,603,603.0,0,2,276,0,0.4577114427860697,11.940298507462686,0,0,0,0.0,0.0,E1,h5_k0p25,5.0,0.25
healthy_maneuver,38,cusum_fgo,follower,post,420,420.0,0,0,140,0,0.3333333333333333,0.0,0,0,0,0.0,0.0,E1,h5_k0p25,5.0,0.25
healthy_maneuver,39,cusum_fgo,leader,all,5265,5265.0,0,3,417,0,0.07920227920227921,2.0512820512820515,2,330,0,0.06267806267806268,1.3675213675213675,E1,h5_k0p25,5.0,0.25
healthy_maneuver,39,cusum_fgo,leader,pre,2196,2196.0,0,0,0,0,0.0,0.0,0,0,0,0.0,0.0,E1,h5_k0p25,5.0,0.25
healthy_maneuver,39,cusum_fgo,leader,maneuver,1809,1809.0,0,3,277,0,0.1531232725262576,5.970149253731344,2,190,0,0.10503040353786622,3.9800995024875627,E1,h5_k0p25,5.0,0.25
healthy_maneuver,39,cusum_fgo,leader,post,1260,1260.0,0,0,140,0,0.1111111111111111,0.0,0,140,0,0.1111111111111111,0.0,E1,h5_k0p25,5.0,0.25
healthy_maneuver,39,cusum_fgo,follower,all,1755,1755.0,0,5,256,0,0.14586894586894586,10.256410256410257,0,0,0,0.0,0.0,E1,h5_k0p25,5.0,0.25
healthy_maneuver,39,cusum_fgo,follower,pre,732,732.0,0,0,0,0,0.0,0.0,0,0,0,0.0,0.0,E1,h5_k0p25,5.0,0.25
healthy_maneuver,39,cusum_fgo,follower,maneuver,603,603.0,0,2,242,0,0.4013266998341625,11.940298507462686,0,0,0,0.0,0.0,E1,h5_k0p25,5.0,0.25
healthy_maneuver,39,cusum_fgo,follower,post,420,420.0,0,3,14,0,0.03333333333333333,25.714285714285715,0,0,0,0.0,0.0,E1,h5_k0p25,5.0,0.25
healthy_maneuver,40,cusum_fgo,leader,all,5265,5265.0,0,3,260,0,0.04938271604938271,2.0512820512820515,4,165,0,0.03133903133903134,2.735042735042735,E1,h5_k0p25,5.0,0.25
healthy_maneuver,40,cusum_fgo,leader,pre,2196,2196.0,0,0,0,0,0.0,0.0,0,0,0,0.0,0.0,E1,h5_k0p25,5.0,0.25
healthy_maneuver,40,cusum_fgo,leader,maneuver,1809,1809.0,0,3,260,0,0.14372581536760642,5.970149253731344,4,165,0,0.0912106135986733,7.9601990049751254,E1,h5_k0p25,5.0,0.25
healthy_maneuver,40,cusum_fgo,leader,post,1260,1260.0,0,0,0,0,0.0,0.0,0,0,0,0.0,0.0,E1,h5_k0p25,5.0,0.25
healthy_maneuver,40,cusum_fgo,follower,all,1755,1755.0,0,3,396,0,0.22564102564102564,6.153846153846154,0,0,0,0.0,0.0,E1,h5_k0p25,5.0,0.25
healthy_maneuver,40,cusum_fgo,follower,pre,732,732.0,0,0,0,0,0.0,0.0,0,0,0,0.0,0.0,E1,h5_k0p25,5.0,0.25
healthy_maneuver,40,cusum_fgo,follower,maneuver,603,603.0,0,2,264,0,0.43781094527363185,11.940298507462686,0,0,0,0.0,0.0,E1,h5_k0p25,5.0,0.25
healthy_maneuver,40,cusum_fgo,follower,post,420,420.0,0,1,132,0,0.3142857142857143,8.571428571428571,0,0,0,0.0,0.0,E1,h5_k0p25,5.0,0.25
healthy_maneuver,41,cusum_fgo,leader,all,5265,5265.0,0,2,171,0,0.03247863247863248,1.3675213675213675,2,171,0,0.03247863247863248,1.3675213675213675,E1,h5_k0p25,5.0,0.25
healthy_maneuver,41,cusum_fgo,leader,pre,2196,2196.0,0,0,0,0,0.0,0.0,0,0,0,0.0,0.0,E1,h5_k0p25,5.0,0.25
healthy_maneuver,41,cusum_fgo,leader,maneuver,1809,1809.0,0,2,171,0,0.0945273631840796,3.9800995024875627,2,171,0,0.0945273631840796,3.9800995024875627,E1,h5_k0p25,5.0,0.25
healthy_maneuver,41,cusum_fgo,leader,post,1260,1260.0,0,0,0,0,0.0,0.0,0,0,0,0.0,0.0,E1,h5_k0p25,5.0,0.25
healthy_maneuver,41,cusum_fgo,follower,all,1755,1755.0,0,3,229,0,0.13048433048433047,6.153846153846154,0,0,0,0.0,0.0,E1,h5_k0p25,5.0,0.25
healthy_maneuver,41,cusum_fgo,follower,pre,732,732.0,0,0,0,0,0.0,0.0,0,0,0,0.0,0.0,E1,h5_k0p25,5.0,0.25
healthy_maneuver,41,cusum_fgo,follower,maneuver,603,603.0,0,2,223,0,0.36981757877280264,11.940298507462686,0,0,0,0.0,0.0,E1,h5_k0p25,5.0,0.25
healthy_maneuver,41,cusum_fgo,follower,post,420,420.0,0,1,6,0,0.014285714285714285,8.571428571428571,0,0,0,0.0,0.0,E1,h5_k0p25,5.0,0.25
healthy_maneuver,42,cusum_fgo,leader,all,5265,5265.0,0,3,195,0,0.037037037037037035,2.0512820512820515,3,164,0,0.03114909781576448,2.0512820512820515,E1,h5_k0p25,5.0,0.25
healthy_maneuver,42,cusum_fgo,leader,pre,2196,2196.0,0,0,0,0,0.0,0.0,0,0,0,0.0,0.0,E1,h5_k0p25,5.0,0.25
healthy_maneuver,42,cusum_fgo,leader,maneuver,1809,1809.0,0,3,195,0,0.1077943615257048,5.970149253731344,3,164,0,0.09065782200110559,5.970149253731344,E1,h5_k0p25,5.0,0.25
healthy_maneuver,42,cusum_fgo,leader,post,1260,1260.0,0,0,0,0,0.0,0.0,0,0,0,0.0,0.0,E1,h5_k0p25,5.0,0.25
healthy_maneuver,42,cusum_fgo,follower,all,1755,1755.0,0,2,239,0,0.1361823361823362,4.102564102564103,0,0,0,0.0,0.0,E1,h5_k0p25,5.0,0.25
healthy_maneuver,42,cusum_fgo,follower,pre,732,732.0,0,0,0,0,0.0,0.0,0,0,0,0.0,0.0,E1,h5_k0p25,5.0,0.25
healthy_maneuver,42,cusum_fgo,follower,maneuver,603,603.0,0,2,239,0,0.3963515754560531,11.940298507462686,0,0,0,0.0,0.0,E1,h5_k0p25,5.0,0.25
healthy_maneuver,42,cusum_fgo,follower,post,420,420.0,0,0,0,0,0.0,0.0,0,0,0,0.0,0.0,E1,h5_k0p25,5.0,0.25
healthy_maneuver,43,cusum_fgo,leader,all,5265,5265.0,0,3,270,0,0.05128205128205128,2.0512820512820515,7,170,0,0.032288698955365625,4.786324786324786,E1,h5_k0p25,5.0,0.25
healthy_maneuver,43,cusum_fgo,leader,pre,2196,2196.0,0,0,0,0,0.0,0.0,0,0,0,0.0,0.0,E1,h5_k0p25,5.0,0.25
healthy_maneuver,43,cusum_fgo,leader,maneuver,1809,1809.0,0,3,270,0,0.14925373134328357,5.970149253731344,7,170,0,0.09397457158651189,13.93034825870647,E1,h5_k0p25,5.0,0.25
healthy_maneuver,43,cusum_fgo,leader,post,1260,1260.0,0,0,0,0,0.0,0.0,0,0,0,0.0,0.0,E1,h5_k0p25,5.0,0.25
healthy_maneuver,43,cusum_fgo,follower,all,1755,1755.0,0,4,273,0,0.15555555555555556,8.205128205128206,0,0,0,0.0,0.0,E1,h5_k0p25,5.0,0.25
healthy_maneuver,43,cusum_fgo,follower,pre,732,732.0,0,0,0,0,0.0,0.0,0,0,0,0.0,0.0,E1,h5_k0p25,5.0,0.25
healthy_maneuver,43,cusum_fgo,follower,maneuver,603,603.0,0,3,255,0,0.4228855721393035,17.91044776119403,0,0,0,0.0,0.0,E1,h5_k0p25,5.0,0.25
healthy_maneuver,43,cusum_fgo,follower,post,420,420.0,0,1,18,0,0.04285714285714286,8.571428571428571,0,0,0,0.0,0.0,E1,h5_k0p25,5.0,0.25
healthy_maneuver,44,cusum_fgo,leader,all,5265,5265.0,0,4,317,0,0.060208926875593545,2.735042735042735,4,317,0,0.060208926875593545,2.735042735042735,E1,h5_k0p25,5.0,0.25
healthy_maneuver,44,cusum_fgo,leader,pre,2196,2196.0,0,0,0,0,0.0,0.0,0,0,0,0.0,0.0,E1,h5_k0p25,5.0,0.25
healthy_maneuver,44,cusum_fgo,leader,maneuver,1809,1809.0,0,3,185,0,0.10226644555002765,5.970149253731344,3,185,0,0.10226644555002765,5.970149253731344,E1,h5_k0p25,5.0,0.25
healthy_maneuver,44,cusum_fgo,leader,post,1260,1260.0,0,1,132,0,0.10476190476190476,2.857142857142857,1,132,0,0.10476190476190476,2.857142857142857,E1,h5_k0p25,5.0,0.25
healthy_maneuver,44,cusum_fgo,follower,all,1755,1755.0,0,2,425,0,0.24216524216524216,4.102564102564103,0,0,0,0.0,0.0,E1,h5_k0p25,5.0,0.25
healthy_maneuver,44,cusum_fgo,follower,pre,732,732.0,0,0,0,0,0.0,0.0,0,0,0,0.0,0.0,E1,h5_k0p25,5.0,0.25
healthy_maneuver,44,cusum_fgo,follower,maneuver,603,603.0,0,2,280,0,0.46434494195688225,11.940298507462686,0,0,0,0.0,0.0,E1,h5_k0p25,5.0,0.25
healthy_maneuver,44,cusum_fgo,follower,post,420,420.0,0,0,145,0,0.34523809523809523,0.0,0,0,0,0.0,0.0,E1,h5_k0p25,5.0,0.25
healthy_maneuver,45,cusum_fgo,leader,all,5265,5265.0,0,3,271,0,0.05147198480531814,2.0512820512820515,3,271,0,0.05147198480531814,2.0512820512820515,E1,h5_k0p25,5.0,0.25
healthy_maneuver,45,cusum_fgo,leader,pre,2196,2196.0,0,0,0,0,0.0,0.0,0,0,0,0.0,0.0,E1,h5_k0p25,5.0,0.25
healthy_maneuver,45,cusum_fgo,leader,maneuver,1809,1809.0,0,3,131,0,0.07241569928137093,5.970149253731344,3,131,0,0.07241569928137093,5.970149253731344,E1,h5_k0p25,5.0,0.25
healthy_maneuver,45,cusum_fgo,leader,post,1260,1260.0,0,0,140,0,0.1111111111111111,0.0,0,140,0,0.1111111111111111,0.0,E1,h5_k0p25,5.0,0.25
healthy_maneuver,45,cusum_fgo,follower,all,1755,1755.0,0,5,533,0,0.3037037037037037,10.256410256410257,0,0,0,0.0,0.0,E1,h5_k0p25,5.0,0.25
healthy_maneuver,45,cusum_fgo,follower,pre,732,732.0,0,0,0,0,0.0,0.0,0,0,0,0.0,0.0,E1,h5_k0p25,5.0,0.25
healthy_maneuver,45,cusum_fgo,follower,maneuver,603,603.0,0,2,279,0,0.4626865671641791,11.940298507462686,0,0,0,0.0,0.0,E1,h5_k0p25,5.0,0.25
healthy_maneuver,45,cusum_fgo,follower,post,420,420.0,0,3,254,0,0.6047619047619047,25.714285714285715,0,0,0,0.0,0.0,E1,h5_k0p25,5.0,0.25
healthy_maneuver,46,cusum_fgo,leader,all,5265,5265.0,0,6,255,0,0.04843304843304843,4.102564102564103,5,170,0,0.032288698955365625,3.418803418803419,E1,h5_k0p25,5.0,0.25
healthy_maneuver,46,cusum_fgo,leader,pre,2196,2196.0,0,0,0,0,0.0,0.0,0,0,0,0.0,0.0,E1,h5_k0p25,5.0,0.25
healthy_maneuver,46,cusum_fgo,leader,maneuver,1809,1809.0,0,5,248,0,0.1370923161967938,9.950248756218906,4,163,0,0.09010503040353787,7.9601990049751254,E1,h5_k0p25,5.0,0.25
healthy_maneuver,46,cusum_fgo,leader,post,1260,1260.0,0,1,7,0,0.005555555555555556,2.857142857142857,1,7,0,0.005555555555555556,2.857142857142857,E1,h5_k0p25,5.0,0.25
healthy_maneuver,46,cusum_fgo,follower,all,1755,1755.0,0,2,411,0,0.2341880341880342,4.102564102564103,0,0,0,0.0,0.0,E1,h5_k0p25,5.0,0.25
healthy_maneuver,46,cusum_fgo,follower,pre,732,732.0,0,0,0,0,0.0,0.0,0,0,0,0.0,0.0,E1,h5_k0p25,5.0,0.25
healthy_maneuver,46,cusum_fgo,follower,maneuver,603,603.0,0,2,271,0,0.4494195688225539,11.940298507462686,0,0,0,0.0,0.0,E1,h5_k0p25,5.0,0.25
healthy_maneuver,46,cusum_fgo,follower,post,420,420.0,0,0,140,0,0.3333333333333333,0.0,0,0,0,0.0,0.0,E1,h5_k0p25,5.0,0.25
healthy_maneuver,47,cusum_fgo,leader,all,5265,5265.0,0,3,230,0,0.04368471035137702,2.0512820512820515,6,163,0,0.030959164292497624,4.102564102564103,E1,h5_k0p25,5.0,0.25
healthy_maneuver,47,cusum_fgo,leader,pre,2196,2196.0,0,0,0,0,0.0,0.0,0,0,0,0.0,0.0,E1,h5_k0p25,5.0,0.25
healthy_maneuver,47,cusum_fgo,leader,maneuver,1809,1809.0,0,3,230,0,0.1271420674405749,5.970149253731344,6,163,0,0.09010503040353787,11.940298507462687,E1,h5_k0p25,5.0,0.25
healthy_maneuver,47,cusum_fgo,leader,post,1260,1260.0,0,0,0,0,0.0,0.0,0,0,0,0.0,0.0,E1,h5_k0p25,5.0,0.25
healthy_maneuver,47,cusum_fgo,follower,all,1755,1755.0,0,3,475,0,0.2706552706552707,6.153846153846154,0,0,0,0.0,0.0,E1,h5_k0p25,5.0,0.25
healthy_maneuver,47,cusum_fgo,follower,pre,732,732.0,0,0,0,0,0.0,0.0,0,0,0,0.0,0.0,E1,h5_k0p25,5.0,0.25
healthy_maneuver,47,cusum_fgo,follower,maneuver,603,603.0,0,3,335,0,0.5555555555555556,17.91044776119403,0,0,0,0.0,0.0,E1,h5_k0p25,5.0,0.25
healthy_maneuver,47,cusum_fgo,follower,post,420,420.0,0,0,140,0,0.3333333333333333,0.0,0,0,0,0.0,0.0,E1,h5_k0p25,5.0,0.25
healthy_maneuver,48,cusum_fgo,leader,all,5265,5265.0,0,1,58,0,0.011016144349477683,0.6837606837606838,1,58,0,0.011016144349477683,0.6837606837606838,E1,h5_k0p25,5.0,0.25
healthy_maneuver,48,cusum_fgo,leader,pre,2196,2196.0,0,0,0,0,0.0,0.0,0,0,0,0.0,0.0,E1,h5_k0p25,5.0,0.25
healthy_maneuver,48,cusum_fgo,leader,maneuver,1809,1809.0,0,1,58,0,0.032061912658927584,1.9900497512437814,1,58,0,0.032061912658927584,1.9900497512437814,E1,h5_k0p25,5.0,0.25
healthy_maneuver,48,cusum_fgo,leader,post,1260,1260.0,0,0,0,0,0.0,0.0,0,0,0,0.0,0.0,E1,h5_k0p25,5.0,0.25
healthy_maneuver,48,cusum_fgo,follower,all,1755,1755.0,0,5,259,0,0.1475783475783476,10.256410256410257,0,0,0,0.0,0.0,E1,h5_k0p25,5.0,0.25
healthy_maneuver,48,cusum_fgo,follower,pre,732,732.0,0,0,0,0,0.0,0.0,0,0,0,0.0,0.0,E1,h5_k0p25,5.0,0.25
healthy_maneuver,48,cusum_fgo,follower,maneuver,603,603.0,0,3,240,0,0.39800995024875624,17.91044776119403,0,0,0,0.0,0.0,E1,h5_k0p25,5.0,0.25
healthy_maneuver,48,cusum_fgo,follower,post,420,420.0,0,2,19,0,0.04523809523809524,17.142857142857142,0,0,0,0.0,0.0,E1,h5_k0p25,5.0,0.25
healthy_maneuver,49,cusum_fgo,leader,all,5265,5265.0,0,2,164,0,0.03114909781576448,1.3675213675213675,2,164,0,0.03114909781576448,1.3675213675213675,E1,h5_k0p25,5.0,0.25
healthy_maneuver,49,cusum_fgo,leader,pre,2196,2196.0,0,0,0,0,0.0,0.0,0,0,0,0.0,0.0,E1,h5_k0p25,5.0,0.25
healthy_maneuver,49,cusum_fgo,leader,maneuver,1809,1809.0,0,2,164,0,0.09065782200110559,3.9800995024875627,2,164,0,0.09065782200110559,3.9800995024875627,E1,h5_k0p25,5.0,0.25
healthy_maneuver,49,cusum_fgo,leader,post,1260,1260.0,0,0,0,0,0.0,0.0,0,0,0,0.0,0.0,E1,h5_k0p25,5.0,0.25
healthy_maneuver,49,cusum_fgo,follower,all,1755,1755.0,0,3,415,0,0.23646723646723647,6.153846153846154,0,0,0,0.0,0.0,E1,h5_k0p25,5.0,0.25
healthy_maneuver,49,cusum_fgo,follower,pre,732,732.0,0,0,0,0,0.0,0.0,0,0,0,0.0,0.0,E1,h5_k0p25,5.0,0.25
healthy_maneuver,49,cusum_fgo,follower,maneuver,603,603.0,0,2,272,0,0.45107794361525705,11.940298507462686,0,0,0,0.0,0.0,E1,h5_k0p25,5.0,0.25
healthy_maneuver,49,cusum_fgo,follower,post,420,420.0,0,1,143,0,0.3404761904761905,8.571428571428571,0,0,0,0.0,0.0,E1,h5_k0p25,5.0,0.25
healthy_maneuver,50,cusum_fgo,leader,all,5265,5265.0,0,6,482,0,0.09154795821462489,4.102564102564103,18,340,0,0.06457739791073125,12.307692307692308,E1,h5_k0p25,5.0,0.25
healthy_maneuver,50,cusum_fgo,leader,pre,2196,2196.0,0,0,0,0,0.0,0.0,0,0,0,0.0,0.0,E1,h5_k0p25,5.0,0.25
healthy_maneuver,50,cusum_fgo,leader,maneuver,1809,1809.0,0,5,210,0,0.11608623548922056,9.950248756218906,4,200,0,0.11055831951354339,7.9601990049751254,E1,h5_k0p25,5.0,0.25
healthy_maneuver,50,cusum_fgo,leader,post,1260,1260.0,0,1,272,0,0.21587301587301588,2.857142857142857,14,140,0,0.1111111111111111,40.0,E1,h5_k0p25,5.0,0.25
healthy_maneuver,50,cusum_fgo,follower,all,1755,1755.0,0,3,416,0,0.23703703703703705,6.153846153846154,0,0,0,0.0,0.0,E1,h5_k0p25,5.0,0.25
healthy_maneuver,50,cusum_fgo,follower,pre,732,732.0,0,0,0,0,0.0,0.0,0,0,0,0.0,0.0,E1,h5_k0p25,5.0,0.25
healthy_maneuver,50,cusum_fgo,follower,maneuver,603,603.0,0,2,273,0,0.4527363184079602,11.940298507462686,0,0,0,0.0,0.0,E1,h5_k0p25,5.0,0.25
healthy_maneuver,50,cusum_fgo,follower,post,420,420.0,0,1,143,0,0.3404761904761905,8.571428571428571,0,0,0,0.0,0.0,E1,h5_k0p25,5.0,0.25
baseline_3f,1,cusum_fgo,leader,all,5044,5044.0,0,0,28,28,0.0055511498810467885,0.0,0,28,28,0.0055511498810467885,0.0,E1,h5_k0p5,5.0,0.5
baseline_3f,1,cusum_fgo,follower,all,1755,1755.0,0,0,0,0,0.0,0.0,0,0,0,0.0,0.0,E1,h5_k0p5,5.0,0.5
baseline_3f,2,cusum_fgo,leader,all,5044,5044.0,0,0,26,26,0.005154639175257732,0.0,0,26,26,0.005154639175257732,0.0,E1,h5_k0p5,5.0,0.5
baseline_3f,2,cusum_fgo,follower,all,1755,1755.0,0,0,0,0,0.0,0.0,0,0,0,0.0,0.0,E1,h5_k0p5,5.0,0.5
baseline_3f,3,cusum_fgo,leader,all,5044,5044.0,0,0,26,26,0.005154639175257732,0.0,0,26,26,0.005154639175257732,0.0,E1,h5_k0p5,5.0,0.5
baseline_3f,3,cusum_fgo,follower,all,1755,1755.0,0,0,0,0,0.0,0.0,0,0,0,0.0,0.0,E1,h5_k0p5,5.0,0.5
baseline_3f,4,cusum_fgo,leader,all,5044,5044.0,0,0,26,26,0.005154639175257732,0.0,0,26,26,0.005154639175257732,0.0,E1,h5_k0p5,5.0,0.5
baseline_3f,4,cusum_fgo,follower,all,1755,1755.0,0,0,0,0,0.0,0.0,0,0,0,0.0,0.0,E1,h5_k0p5,5.0,0.5
baseline_3f,5,cusum_fgo,leader,all,5044,5044.0,0,1,508,474,0.1007137192704203,0.7137192704203013,5,417,137,0.08267248215701824,3.5685963521015065,E1,h5_k0p5,5.0,0.5
baseline_3f,5,cusum_fgo,follower,all,1755,1755.0,0,0,0,0,0.0,0.0,0,0,0,0.0,0.0,E1,h5_k0p5,5.0,0.5
baseline_3f,6,cusum_fgo,leader,all,5044,5044.0,0,0,28,28,0.0055511498810467885,0.0,0,28,28,0.0055511498810467885,0.0,E1,h5_k0p5,5.0,0.5
baseline_3f,6,cusum_fgo,follower,all,1755,1755.0,0,0,0,0,0.0,0.0,0,0,0,0.0,0.0,E1,h5_k0p5,5.0,0.5
baseline_3f,7,cusum_fgo,leader,all,5044,5044.0,0,0,36,36,0.007137192704203013,0.0,0,36,36,0.007137192704203013,0.0,E1,h5_k0p5,5.0,0.5
baseline_3f,7,cusum_fgo,follower,all,1755,1755.0,0,0,0,0,0.0,0.0,0,0,0,0.0,0.0,E1,h5_k0p5,5.0,0.5
baseline_3f,8,cusum_fgo,leader,all,5044,5044.0,0,0,26,26,0.005154639175257732,0.0,0,26,26,0.005154639175257732,0.0,E1,h5_k0p5,5.0,0.5
baseline_3f,8,cusum_fgo,follower,all,1755,1755.0,0,0,0,0,0.0,0.0,0,0,0,0.0,0.0,E1,h5_k0p5,5.0,0.5
baseline_3f,9,cusum_fgo,leader,all,5044,5044.0,0,0,26,26,0.005154639175257732,0.0,0,26,26,0.005154639175257732,0.0,E1,h5_k0p5,5.0,0.5
baseline_3f,9,cusum_fgo,follower,all,1755,1755.0,0,0,0,0,0.0,0.0,0,0,0,0.0,0.0,E1,h5_k0p5,5.0,0.5
baseline_3f,10,cusum_fgo,leader,all,5044,5044.0,0,0,79,79,0.015662172878667724,0.0,0,79,79,0.015662172878667724,0.0,E1,h5_k0p5,5.0,0.5
baseline_3f,10,cusum_fgo,follower,all,1755,1755.0,0,0,0,0,0.0,0.0,0,0,0,0.0,0.0,E1,h5_k0p5,5.0,0.5
baseline_3f,11,cusum_fgo,leader,all,5044,5044.0,0,0,26,26,0.005154639175257732,0.0,0,26,26,0.005154639175257732,0.0,E1,h5_k0p5,5.0,0.5
baseline_3f,11,cusum_fgo,follower,all,1755,1755.0,0,0,0,0,0.0,0.0,0,0,0,0.0,0.0,E1,h5_k0p5,5.0,0.5
baseline_3f,12,cusum_fgo,leader,all,5044,5044.0,0,0,29,29,0.005749405233941317,0.0,0,29,29,0.005749405233941317,0.0,E1,h5_k0p5,5.0,0.5
baseline_3f,12,cusum_fgo,follower,all,1755,1755.0,0,0,0,0,0.0,0.0,0,0,0,0.0,0.0,E1,h5_k0p5,5.0,0.5
baseline_3f,13,cusum_fgo,leader,all,5044,5044.0,0,0,26,26,0.005154639175257732,0.0,0,26,26,0.005154639175257732,0.0,E1,h5_k0p5,5.0,0.5
baseline_3f,13,cusum_fgo,follower,all,1755,1755.0,0,0,0,0,0.0,0.0,0,0,0,0.0,0.0,E1,h5_k0p5,5.0,0.5
baseline_3f,14,cusum_fgo,leader,all,5044,5044.0,0,0,26,26,0.005154639175257732,0.0,0,26,26,0.005154639175257732,0.0,E1,h5_k0p5,5.0,0.5
baseline_3f,14,cusum_fgo,follower,all,1755,1755.0,0,0,0,0,0.0,0.0,0,0,0,0.0,0.0,E1,h5_k0p5,5.0,0.5
baseline_3f,15,cusum_fgo,leader,all,5044,5044.0,0,0,26,26,0.005154639175257732,0.0,0,26,26,0.005154639175257732,0.0,E1,h5_k0p5,5.0,0.5
baseline_3f,15,cusum_fgo,follower,all,1755,1755.0,0,0,0,0,0.0,0.0,0,0,0,0.0,0.0,E1,h5_k0p5,5.0,0.5
baseline_3f,16,cusum_fgo,leader,all,5044,5044.0,0,0,29,29,0.005749405233941317,0.0,0,29,29,0.005749405233941317,0.0,E1,h5_k0p5,5.0,0.5
baseline_3f,16,cusum_fgo,follower,all,1755,1755.0,0,0,0,0,0.0,0.0,0,0,0,0.0,0.0,E1,h5_k0p5,5.0,0.5
baseline_3f,17,cusum_fgo,leader,all,5044,5044.0,0,0,79,79,0.015662172878667724,0.0,0,79,79,0.015662172878667724,0.0,E1,h5_k0p5,5.0,0.5
baseline_3f,17,cusum_fgo,follower,all,1755,1755.0,0,0,0,0,0.0,0.0,0,0,0,0.0,0.0,E1,h5_k0p5,5.0,0.5
baseline_3f,18,cusum_fgo,leader,all,5044,5044.0,0,2,480,129,0.09516256938937351,1.4274385408406025,4,447,129,0.08862014274385409,2.854877081681205,E1,h5_k0p5,5.0,0.5
baseline_3f,18,cusum_fgo,follower,all,1755,1755.0,0,0,0,0,0.0,0.0,0,0,0,0.0,0.0,E1,h5_k0p5,5.0,0.5
baseline_3f,19,cusum_fgo,leader,all,5044,5044.0,0,0,26,26,0.005154639175257732,0.0,0,26,26,0.005154639175257732,0.0,E1,h5_k0p5,5.0,0.5
baseline_3f,19,cusum_fgo,follower,all,1755,1755.0,0,0,0,0,0.0,0.0,0,0,0,0.0,0.0,E1,h5_k0p5,5.0,0.5
baseline_3f,20,cusum_fgo,leader,all,5044,5044.0,0,0,26,26,0.005154639175257732,0.0,0,26,26,0.005154639175257732,0.0,E1,h5_k0p5,5.0,0.5
baseline_3f,20,cusum_fgo,follower,all,1755,1755.0,0,0,0,0,0.0,0.0,0,0,0,0.0,0.0,E1,h5_k0p5,5.0,0.5
baseline_3f,21,cusum_fgo,leader,all,5044,5044.0,0,0,300,300,0.05947660586835844,0.0,2,264,132,0.052339413164155434,1.4274385408406025,E1,h5_k0p5,5.0,0.5
baseline_3f,21,cusum_fgo,follower,all,1755,1755.0,0,0,0,0,0.0,0.0,0,0,0,0.0,0.0,E1,h5_k0p5,5.0,0.5
baseline_3f,22,cusum_fgo,leader,all,5044,5044.0,0,0,298,298,0.05908009516256939,0.0,2,270,132,0.0535289452815226,1.4274385408406025,E1,h5_k0p5,5.0,0.5
baseline_3f,22,cusum_fgo,follower,all,1755,1755.0,0,0,0,0,0.0,0.0,0,0,0,0.0,0.0,E1,h5_k0p5,5.0,0.5
baseline_3f,23,cusum_fgo,leader,all,5044,5044.0,0,0,29,29,0.005749405233941317,0.0,0,29,29,0.005749405233941317,0.0,E1,h5_k0p5,5.0,0.5
baseline_3f,23,cusum_fgo,follower,all,1755,1755.0,0,0,0,0,0.0,0.0,0,0,0,0.0,0.0,E1,h5_k0p5,5.0,0.5
baseline_3f,24,cusum_fgo,leader,all,5044,5044.0,0,0,26,26,0.005154639175257732,0.0,0,26,26,0.005154639175257732,0.0,E1,h5_k0p5,5.0,0.5
baseline_3f,24,cusum_fgo,follower,all,1755,1755.0,0,0,0,0,0.0,0.0,0,0,0,0.0,0.0,E1,h5_k0p5,5.0,0.5
baseline_3f,25,cusum_fgo,leader,all,5044,5044.0,0,0,26,26,0.005154639175257732,0.0,0,26,26,0.005154639175257732,0.0,E1,h5_k0p5,5.0,0.5
baseline_3f,25,cusum_fgo,follower,all,1755,1755.0,0,0,0,0,0.0,0.0,0,0,0,0.0,0.0,E1,h5_k0p5,5.0,0.5
baseline_3f,26,cusum_fgo,leader,all,5044,5044.0,0,0,26,26,0.005154639175257732,0.0,0,26,26,0.005154639175257732,0.0,E1,h5_k0p5,5.0,0.5
baseline_3f,26,cusum_fgo,follower,all,1755,1755.0,0,0,0,0,0.0,0.0,0,0,0,0.0,0.0,E1,h5_k0p5,5.0,0.5
baseline_3f,27,cusum_fgo,leader,all,5044,5044.0,0,0,462,462,0.091593973037272,0.0,2,431,225,0.08544805709754164,1.4274385408406025,E1,h5_k0p5,5.0,0.5
baseline_3f,27,cusum_fgo,follower,all,1755,1755.0,0,0,0,0,0.0,0.0,0,0,0,0.0,0.0,E1,h5_k0p5,5.0,0.5
baseline_3f,28,cusum_fgo,leader,all,5044,5044.0,0,0,29,29,0.005749405233941317,0.0,0,29,29,0.005749405233941317,0.0,E1,h5_k0p5,5.0,0.5
baseline_3f,28,cusum_fgo,follower,all,1755,1755.0,0,0,0,0,0.0,0.0,0,0,0,0.0,0.0,E1,h5_k0p5,5.0,0.5
baseline_3f,29,cusum_fgo,leader,all,5044,5044.0,0,0,26,26,0.005154639175257732,0.0,0,26,26,0.005154639175257732,0.0,E1,h5_k0p5,5.0,0.5
baseline_3f,29,cusum_fgo,follower,all,1755,1755.0,0,0,0,0,0.0,0.0,0,0,0,0.0,0.0,E1,h5_k0p5,5.0,0.5
baseline_3f,30,cusum_fgo,leader,all,5044,5044.0,0,0,64,64,0.012688342585249802,0.0,0,64,64,0.012688342585249802,0.0,E1,h5_k0p5,5.0,0.5
baseline_3f,30,cusum_fgo,follower,all,1755,1755.0,0,0,0,0,0.0,0.0,0,0,0,0.0,0.0,E1,h5_k0p5,5.0,0.5
baseline_3f,31,cusum_fgo,leader,all,5044,5044.0,0,0,29,29,0.005749405233941317,0.0,0,29,29,0.005749405233941317,0.0,E1,h5_k0p5,5.0,0.5
baseline_3f,31,cusum_fgo,follower,all,1755,1755.0,0,0,0,0,0.0,0.0,0,0,0,0.0,0.0,E1,h5_k0p5,5.0,0.5
baseline_3f,32,cusum_fgo,leader,all,5044,5044.0,0,0,177,177,0.03509119746233148,0.0,1,159,113,0.031522601110229975,0.7137192704203013,E1,h5_k0p5,5.0,0.5
baseline_3f,32,cusum_fgo,follower,all,1755,1755.0,0,0,0,0,0.0,0.0,0,0,0,0.0,0.0,E1,h5_k0p5,5.0,0.5
baseline_3f,33,cusum_fgo,leader,all,5044,5044.0,0,0,387,387,0.0767248215701824,0.0,2,353,155,0.06998413957176844,1.4274385408406025,E1,h5_k0p5,5.0,0.5
baseline_3f,33,cusum_fgo,follower,all,1755,1755.0,0,0,0,0,0.0,0.0,0,0,0,0.0,0.0,E1,h5_k0p5,5.0,0.5
baseline_3f,34,cusum_fgo,leader,all,5044,5044.0,0,0,362,362,0.07176843774781919,0.0,2,328,127,0.06502775574940524,1.4274385408406025,E1,h5_k0p5,5.0,0.5
baseline_3f,34,cusum_fgo,follower,all,1755,1755.0,0,0,0,0,0.0,0.0,0,0,0,0.0,0.0,E1,h5_k0p5,5.0,0.5
baseline_3f,35,cusum_fgo,leader,all,5044,5044.0,0,0,26,26,0.005154639175257732,0.0,0,26,26,0.005154639175257732,0.0,E1,h5_k0p5,5.0,0.5
baseline_3f,35,cusum_fgo,follower,all,1755,1755.0,0,0,0,0,0.0,0.0,0,0,0,0.0,0.0,E1,h5_k0p5,5.0,0.5
baseline_3f,36,cusum_fgo,leader,all,5044,5044.0,0,0,26,26,0.005154639175257732,0.0,0,26,26,0.005154639175257732,0.0,E1,h5_k0p5,5.0,0.5
baseline_3f,36,cusum_fgo,follower,all,1755,1755.0,0,0,0,0,0.0,0.0,0,0,0,0.0,0.0,E1,h5_k0p5,5.0,0.5
baseline_3f,37,cusum_fgo,leader,all,5044,5044.0,0,0,325,325,0.06443298969072164,0.0,2,289,91,0.057295796986518634,1.4274385408406025,E1,h5_k0p5,5.0,0.5
baseline_3f,37,cusum_fgo,follower,all,1755,1755.0,0,0,0,0,0.0,0.0,0,0,0,0.0,0.0,E1,h5_k0p5,5.0,0.5
baseline_3f,38,cusum_fgo,leader,all,5044,5044.0,0,0,104,104,0.020618556701030927,0.0,0,104,104,0.020618556701030927,0.0,E1,h5_k0p5,5.0,0.5
baseline_3f,38,cusum_fgo,follower,all,1755,1755.0,0,0,0,0,0.0,0.0,0,0,0,0.0,0.0,E1,h5_k0p5,5.0,0.5
baseline_3f,39,cusum_fgo,leader,all,5044,5044.0,0,0,26,26,0.005154639175257732,0.0,0,26,26,0.005154639175257732,0.0,E1,h5_k0p5,5.0,0.5
baseline_3f,39,cusum_fgo,follower,all,1755,1755.0,0,0,0,0,0.0,0.0,0,0,0,0.0,0.0,E1,h5_k0p5,5.0,0.5
baseline_3f,40,cusum_fgo,leader,all,5044,5044.0,0,1,512,362,0.10150674068199841,0.7137192704203013,3,428,131,0.08485329103885805,2.141157811260904,E1,h5_k0p5,5.0,0.5
baseline_3f,40,cusum_fgo,follower,all,1755,1755.0,0,0,0,0,0.0,0.0,0,0,0,0.0,0.0,E1,h5_k0p5,5.0,0.5
baseline_3f,41,cusum_fgo,leader,all,5044,5044.0,0,0,138,138,0.027359238699444885,0.0,1,121,114,0.023988897700237908,0.7137192704203013,E1,h5_k0p5,5.0,0.5
baseline_3f,41,cusum_fgo,follower,all,1755,1755.0,0,0,0,0,0.0,0.0,0,0,0,0.0,0.0,E1,h5_k0p5,5.0,0.5
baseline_3f,42,cusum_fgo,leader,all,5044,5044.0,0,0,78,78,0.015463917525773196,0.0,0,78,78,0.015463917525773196,0.0,E1,h5_k0p5,5.0,0.5
baseline_3f,42,cusum_fgo,follower,all,1755,1755.0,0,0,0,0,0.0,0.0,0,0,0,0.0,0.0,E1,h5_k0p5,5.0,0.5
baseline_3f,43,cusum_fgo,leader,all,5044,5044.0,0,0,26,26,0.005154639175257732,0.0,0,26,26,0.005154639175257732,0.0,E1,h5_k0p5,5.0,0.5
baseline_3f,43,cusum_fgo,follower,all,1755,1755.0,0,0,0,0,0.0,0.0,0,0,0,0.0,0.0,E1,h5_k0p5,5.0,0.5
baseline_3f,44,cusum_fgo,leader,all,5044,5044.0,0,0,79,79,0.015662172878667724,0.0,0,79,79,0.015662172878667724,0.0,E1,h5_k0p5,5.0,0.5
baseline_3f,44,cusum_fgo,follower,all,1755,1755.0,0,0,0,0,0.0,0.0,0,0,0,0.0,0.0,E1,h5_k0p5,5.0,0.5
baseline_3f,45,cusum_fgo,leader,all,5044,5044.0,0,0,26,26,0.005154639175257732,0.0,0,26,26,0.005154639175257732,0.0,E1,h5_k0p5,5.0,0.5
baseline_3f,45,cusum_fgo,follower,all,1755,1755.0,0,0,0,0,0.0,0.0,0,0,0,0.0,0.0,E1,h5_k0p5,5.0,0.5
baseline_3f,46,cusum_fgo,leader,all,5044,5044.0,0,0,32,32,0.006344171292624901,0.0,0,32,32,0.006344171292624901,0.0,E1,h5_k0p5,5.0,0.5
baseline_3f,46,cusum_fgo,follower,all,1755,1755.0,0,0,0,0,0.0,0.0,0,0,0,0.0,0.0,E1,h5_k0p5,5.0,0.5
baseline_3f,47,cusum_fgo,leader,all,5044,5044.0,0,0,28,28,0.0055511498810467885,0.0,0,28,28,0.0055511498810467885,0.0,E1,h5_k0p5,5.0,0.5
baseline_3f,47,cusum_fgo,follower,all,1755,1755.0,0,0,0,0,0.0,0.0,0,0,0,0.0,0.0,E1,h5_k0p5,5.0,0.5
baseline_3f,48,cusum_fgo,leader,all,5044,5044.0,0,0,26,26,0.005154639175257732,0.0,0,26,26,0.005154639175257732,0.0,E1,h5_k0p5,5.0,0.5
baseline_3f,48,cusum_fgo,follower,all,1755,1755.0,0,0,0,0,0.0,0.0,0,0,0,0.0,0.0,E1,h5_k0p5,5.0,0.5
baseline_3f,49,cusum_fgo,leader,all,5044,5044.0,0,0,28,28,0.0055511498810467885,0.0,0,28,28,0.0055511498810467885,0.0,E1,h5_k0p5,5.0,0.5
baseline_3f,49,cusum_fgo,follower,all,1755,1755.0,0,0,0,0,0.0,0.0,0,0,0,0.0,0.0,E1,h5_k0p5,5.0,0.5
baseline_3f,50,cusum_fgo,leader,all,5044,5044.0,0,0,29,29,0.005749405233941317,0.0,0,29,29,0.005749405233941317,0.0,E1,h5_k0p5,5.0,0.5
baseline_3f,50,cusum_fgo,follower,all,1755,1755.0,0,0,0,0,0.0,0.0,0,0,0,0.0,0.0,E1,h5_k0p5,5.0,0.5
healthy_maneuver,1,cusum_fgo,leader,all,5265,5265.0,0,0,0,0,0.0,0.0,0,0,0,0.0,0.0,E1,h5_k0p5,5.0,0.5
healthy_maneuver,1,cusum_fgo,leader,pre,2196,2196.0,0,0,0,0,0.0,0.0,0,0,0,0.0,0.0,E1,h5_k0p5,5.0,0.5
healthy_maneuver,1,cusum_fgo,leader,maneuver,1809,1809.0,0,0,0,0,0.0,0.0,0,0,0,0.0,0.0,E1,h5_k0p5,5.0,0.5
healthy_maneuver,1,cusum_fgo,leader,post,1260,1260.0,0,0,0,0,0.0,0.0,0,0,0,0.0,0.0,E1,h5_k0p5,5.0,0.5
healthy_maneuver,1,cusum_fgo,follower,all,1755,1755.0,0,2,287,0,0.16353276353276353,4.102564102564103,0,0,0,0.0,0.0,E1,h5_k0p5,5.0,0.5
healthy_maneuver,1,cusum_fgo,follower,pre,732,732.0,0,0,0,0,0.0,0.0,0,0,0,0.0,0.0,E1,h5_k0p5,5.0,0.5
healthy_maneuver,1,cusum_fgo,follower,maneuver,603,603.0,0,2,147,0,0.24378109452736318,11.940298507462686,0,0,0,0.0,0.0,E1,h5_k0p5,5.0,0.5
healthy_maneuver,1,cusum_fgo,follower,post,420,420.0,0,0,140,0,0.3333333333333333,0.0,0,0,0,0.0,0.0,E1,h5_k0p5,5.0,0.5
healthy_maneuver,2,cusum_fgo,leader,all,5265,5265.0,0,1,277,0,0.05261158594491928,0.6837606837606838,1,277,0,0.05261158594491928,0.6837606837606838,E1,h5_k0p5,5.0,0.5
healthy_maneuver,2,cusum_fgo,leader,pre,2196,2196.0,0,0,0,0,0.0,0.0,0,0,0,0.0,0.0,E1,h5_k0p5,5.0,0.5
healthy_maneuver,2,cusum_fgo,leader,maneuver,1809,1809.0,0,1,137,0,0.07573244886677723,1.9900497512437814,1,137,0,0.07573244886677723,1.9900497512437814,E1,h5_k0p5,5.0,0.5
healthy_maneuver,2,cusum_fgo,leader,post,1260,1260.0,0,0,140,0,0.1111111111111111,0.0,0,140,0,0.1111111111111111,0.0,E1,h5_k0p5,5.0,0.5
healthy_maneuver,2,cusum_fgo,follower,all,1755,1755.0,0,2,291,0,0.1658119658119658,4.102564102564103,0,0,0,0.0,0.0,E1,h5_k0p5,5.0,0.5
healthy_maneuver,2,cusum_fgo,follower,pre,732,732.0,0,0,0,0,0.0,0.0,0,0,0,0.0,0.0,E1,h5_k0p5,5.0,0.5
healthy_maneuver,2,cusum_fgo,follower,maneuver,603,603.0,0,2,151,0,0.2504145936981758,11.940298507462686,0,0,0,0.0,0.0,E1,h5_k0p5,5.0,0.5
healthy_maneuver,2,cusum_fgo,follower,post,420,420.0,0,0,140,0,0.3333333333333333,0.0,0,0,0,0.0,0.0,E1,h5_k0p5,5.0,0.5
healthy_maneuver,3,cusum_fgo,leader,all,5265,5265.0,0,0,0,0,0.0,0.0,0,0,0,0.0,0.0,E1,h5_k0p5,5.0,0.5
healthy_maneuver,3,cusum_fgo,leader,pre,2196,2196.0,0,0,0,0,0.0,0.0,0,0,0,0.0,0.0,E1,h5_k0p5,5.0,0.5
healthy_maneuver,3,cusum_fgo,leader,maneuver,1809,1809.0,0,0,0,0,0.0,0.0,0,0,0,0.0,0.0,E1,h5_k0p5,5.0,0.5
healthy_maneuver,3,cusum_fgo,leader,post,1260,1260.0,0,0,0,0,0.0,0.0,0,0,0,0.0,0.0,E1,h5_k0p5,5.0,0.5
healthy_maneuver,3,cusum_fgo,follower,all,1755,1755.0,0,2,558,0,0.31794871794871793,4.102564102564103,0,0,0,0.0,0.0,E1,h5_k0p5,5.0,0.5
healthy_maneuver,3,cusum_fgo,follower,pre,732,732.0,0,0,0,0,0.0,0.0,0,0,0,0.0,0.0,E1,h5_k0p5,5.0,0.5
healthy_maneuver,3,cusum_fgo,follower,maneuver,603,603.0,0,2,278,0,0.46102819237147596,11.940298507462686,0,0,0,0.0,0.0,E1,h5_k0p5,5.0,0.5
healthy_maneuver,3,cusum_fgo,follower,post,420,420.0,0,0,280,0,0.6666666666666666,0.0,0,0,0,0.0,0.0,E1,h5_k0p5,5.0,0.5
healthy_maneuver,4,cusum_fgo,leader,all,5265,5265.0,0,1,103,0,0.01956315289648623,0.6837606837606838,1,103,0,0.01956315289648623,0.6837606837606838,E1,h5_k0p5,5.0,0.5
healthy_maneuver,4,cusum_fgo,leader,pre,2196,2196.0,0,0,0,0,0.0,0.0,0,0,0,0.0,0.0,E1,h5_k0p5,5.0,0.5
healthy_maneuver,4,cusum_fgo,leader,maneuver,1809,1809.0,0,1,103,0,0.056937534549474846,1.9900497512437814,1,103,0,0.056937534549474846,1.9900497512437814,E1,h5_k0p5,5.0,0.5
healthy_maneuver,4,cusum_fgo,leader,post,1260,1260.0,0,0,0,0,0.0,0.0,0,0,0,0.0,0.0,E1,h5_k0p5,5.0,0.5
healthy_maneuver,4,cusum_fgo,follower,all,1755,1755.0,0,2,317,0,0.18062678062678061,4.102564102564103,0,0,0,0.0,0.0,E1,h5_k0p5,5.0,0.5
healthy_maneuver,4,cusum_fgo,follower,pre,732,732.0,0,0,0,0,0.0,0.0,0,0,0,0.0,0.0,E1,h5_k0p5,5.0,0.5
healthy_maneuver,4,cusum_fgo,follower,maneuver,603,603.0,0,2,177,0,0.2935323383084577,11.940298507462686,0,0,0,0.0,0.0,E1,h5_k0p5,5.0,0.5
healthy_maneuver,4,cusum_fgo,follower,post,420,420.0,0,0,140,0,0.3333333333333333,0.0,0,0,0,0.0,0.0,E1,h5_k0p5,5.0,0.5
healthy_maneuver,5,cusum_fgo,leader,all,5265,5265.0,0,0,0,0,0.0,0.0,0,0,0,0.0,0.0,E1,h5_k0p5,5.0,0.5
healthy_maneuver,5,cusum_fgo,leader,pre,2196,2196.0,0,0,0,0,0.0,0.0,0,0,0,0.0,0.0,E1,h5_k0p5,5.0,0.5
healthy_maneuver,5,cusum_fgo,leader,maneuver,1809,1809.0,0,0,0,0,0.0,0.0,0,0,0,0.0,0.0,E1,h5_k0p5,5.0,0.5
healthy_maneuver,5,cusum_fgo,leader,post,1260,1260.0,0,0,0,0,0.0,0.0,0,0,0,0.0,0.0,E1,h5_k0p5,5.0,0.5
healthy_maneuver,5,cusum_fgo,follower,all,1755,1755.0,0,2,302,0,0.17207977207977207,4.102564102564103,0,0,0,0.0,0.0,E1,h5_k0p5,5.0,0.5
healthy_maneuver,5,cusum_fgo,follower,pre,732,732.0,0,0,0,0,0.0,0.0,0,0,0,0.0,0.0,E1,h5_k0p5,5.0,0.5
healthy_maneuver,5,cusum_fgo,follower,maneuver,603,603.0,0,2,162,0,0.26865671641791045,11.940298507462686,0,0,0,0.0,0.0,E1,h5_k0p5,5.0,0.5
healthy_maneuver,5,cusum_fgo,follower,post,420,420.0,0,0,140,0,0.3333333333333333,0.0,0,0,0,0.0,0.0,E1,h5_k0p5,5.0,0.5
healthy_maneuver,6,cusum_fgo,leader,all,5265,5265.0,0,1,117,0,0.022222222222222223,0.6837606837606838,1,117,0,0.022222222222222223,0.6837606837606838,E1,h5_k0p5,5.0,0.5
healthy_maneuver,6,cusum_fgo,leader,pre,2196,2196.0,0,0,0,0,0.0,0.0,0,0,0,0.0,0.0,E1,h5_k0p5,5.0,0.5
healthy_maneuver,6,cusum_fgo,leader,maneuver,1809,1809.0,0,1,117,0,0.06467661691542288,1.9900497512437814,1,117,0,0.06467661691542288,1.9900497512437814,E1,h5_k0p5,5.0,0.5
healthy_maneuver,6,cusum_fgo,leader,post,1260,1260.0,0,0,0,0,0.0,0.0,0,0,0,0.0,0.0,E1,h5_k0p5,5.0,0.5
healthy_maneuver,6,cusum_fgo,follower,all,1755,1755.0,0,2,289,0,0.16467236467236468,4.102564102564103,0,0,0,0.0,0.0,E1,h5_k0p5,5.0,0.5
healthy_maneuver,6,cusum_fgo,follower,pre,732,732.0,0,0,0,0,0.0,0.0,0,0,0,0.0,0.0,E1,h5_k0p5,5.0,0.5
healthy_maneuver,6,cusum_fgo,follower,maneuver,603,603.0,0,2,149,0,0.2470978441127695,11.940298507462686,0,0,0,0.0,0.0,E1,h5_k0p5,5.0,0.5
healthy_maneuver,6,cusum_fgo,follower,post,420,420.0,0,0,140,0,0.3333333333333333,0.0,0,0,0,0.0,0.0,E1,h5_k0p5,5.0,0.5
healthy_maneuver,7,cusum_fgo,leader,all,5265,5265.0,0,0,0,0,0.0,0.0,0,0,0,0.0,0.0,E1,h5_k0p5,5.0,0.5
healthy_maneuver,7,cusum_fgo,leader,pre,2196,2196.0,0,0,0,0,0.0,0.0,0,0,0,0.0,0.0,E1,h5_k0p5,5.0,0.5
healthy_maneuver,7,cusum_fgo,leader,maneuver,1809,1809.0,0,0,0,0,0.0,0.0,0,0,0,0.0,0.0,E1,h5_k0p5,5.0,0.5
healthy_maneuver,7,cusum_fgo,leader,post,1260,1260.0,0,0,0,0,0.0,0.0,0,0,0,0.0,0.0,E1,h5_k0p5,5.0,0.5
healthy_maneuver,7,cusum_fgo,follower,all,1755,1755.0,0,2,293,0,0.16695156695156696,4.102564102564103,0,0,0,0.0,0.0,E1,h5_k0p5,5.0,0.5
healthy_maneuver,7,cusum_fgo,follower,pre,732,732.0,0,0,0,0,0.0,0.0,0,0,0,0.0,0.0,E1,h5_k0p5,5.0,0.5
healthy_maneuver,7,cusum_fgo,follower,maneuver,603,603.0,0,2,153,0,0.2537313432835821,11.940298507462686,0,0,0,0.0,0.0,E1,h5_k0p5,5.0,0.5
healthy_maneuver,7,cusum_fgo,follower,post,420,420.0,0,0,140,0,0.3333333333333333,0.0,0,0,0,0.0,0.0,E1,h5_k0p5,5.0,0.5
healthy_maneuver,8,cusum_fgo,leader,all,5265,5265.0,0,0,0,0,0.0,0.0,0,0,0,0.0,0.0,E1,h5_k0p5,5.0,0.5
healthy_maneuver,8,cusum_fgo,leader,pre,2196,2196.0,0,0,0,0,0.0,0.0,0,0,0,0.0,0.0,E1,h5_k0p5,5.0,0.5
healthy_maneuver,8,cusum_fgo,leader,maneuver,1809,1809.0,0,0,0,0,0.0,0.0,0,0,0,0.0,0.0,E1,h5_k0p5,5.0,0.5
healthy_maneuver,8,cusum_fgo,leader,post,1260,1260.0,0,0,0,0,0.0,0.0,0,0,0,0.0,0.0,E1,h5_k0p5,5.0,0.5
healthy_maneuver,8,cusum_fgo,follower,all,1755,1755.0,0,2,120,0,0.06837606837606838,4.102564102564103,0,0,0,0.0,0.0,E1,h5_k0p5,5.0,0.5
healthy_maneuver,8,cusum_fgo,follower,pre,732,732.0,0,0,0,0,0.0,0.0,0,0,0,0.0,0.0,E1,h5_k0p5,5.0,0.5
healthy_maneuver,8,cusum_fgo,follower,maneuver,603,603.0,0,2,120,0,0.19900497512437812,11.940298507462686,0,0,0,0.0,0.0,E1,h5_k0p5,5.0,0.5
healthy_maneuver,8,cusum_fgo,follower,post,420,420.0,0,0,0,0,0.0,0.0,0,0,0,0.0,0.0,E1,h5_k0p5,5.0,0.5
healthy_maneuver,9,cusum_fgo,leader,all,5265,5265.0,0,1,97,0,0.01842355175688509,0.6837606837606838,1,97,0,0.01842355175688509,0.6837606837606838,E1,h5_k0p5,5.0,0.5
healthy_maneuver,9,cusum_fgo,leader,pre,2196,2196.0,0,0,0,0,0.0,0.0,0,0,0,0.0,0.0,E1,h5_k0p5,5.0,0.5
healthy_maneuver,9,cusum_fgo,leader,maneuver,1809,1809.0,0,1,97,0,0.053620784964068545,1.9900497512437814,1,97,0,0.053620784964068545,1.9900497512437814,E1,h5_k0p5,5.0,0.5
healthy_maneuver,9,cusum_fgo,leader,post,1260,1260.0,0,0,0,0,0.0,0.0,0,0,0,0.0,0.0,E1,h5_k0p5,5.0,0.5
healthy_maneuver,9,cusum_fgo,follower,all,1755,1755.0,0,2,198,0,0.11282051282051282,4.102564102564103,0,0,0,0.0,0.0,E1,h5_k0p5,5.0,0.5
healthy_maneuver,9,cusum_fgo,follower,pre,732,732.0,0,0,0,0,0.0,0.0,0,0,0,0.0,0.0,E1,h5_k0p5,5.0,0.5
healthy_maneuver,9,cusum_fgo,follower,maneuver,603,603.0,0,2,198,0,0.3283582089552239,11.940298507462686,0,0,0,0.0,0.0,E1,h5_k0p5,5.0,0.5
healthy_maneuver,9,cusum_fgo,follower,post,420,420.0,0,0,0,0,0.0,0.0,0,0,0,0.0,0.0,E1,h5_k0p5,5.0,0.5
healthy_maneuver,10,cusum_fgo,leader,all,5265,5265.0,0,0,0,0,0.0,0.0,0,0,0,0.0,0.0,E1,h5_k0p5,5.0,0.5
healthy_maneuver,10,cusum_fgo,leader,pre,2196,2196.0,0,0,0,0,0.0,0.0,0,0,0,0.0,0.0,E1,h5_k0p5,5.0,0.5
healthy_maneuver,10,cusum_fgo,leader,maneuver,1809,1809.0,0,0,0,0,0.0,0.0,0,0,0,0.0,0.0,E1,h5_k0p5,5.0,0.5
healthy_maneuver,10,cusum_fgo,leader,post,1260,1260.0,0,0,0,0,0.0,0.0,0,0,0,0.0,0.0,E1,h5_k0p5,5.0,0.5
healthy_maneuver,10,cusum_fgo,follower,all,1755,1755.0,0,2,294,0,0.1675213675213675,4.102564102564103,0,0,0,0.0,0.0,E1,h5_k0p5,5.0,0.5
healthy_maneuver,10,cusum_fgo,follower,pre,732,732.0,0,0,0,0,0.0,0.0,0,0,0,0.0,0.0,E1,h5_k0p5,5.0,0.5
healthy_maneuver,10,cusum_fgo,follower,maneuver,603,603.0,0,2,154,0,0.25538971807628524,11.940298507462686,0,0,0,0.0,0.0,E1,h5_k0p5,5.0,0.5
healthy_maneuver,10,cusum_fgo,follower,post,420,420.0,0,0,140,0,0.3333333333333333,0.0,0,0,0,0.0,0.0,E1,h5_k0p5,5.0,0.5
healthy_maneuver,11,cusum_fgo,leader,all,5265,5265.0,0,0,0,0,0.0,0.0,0,0,0,0.0,0.0,E1,h5_k0p5,5.0,0.5
healthy_maneuver,11,cusum_fgo,leader,pre,2196,2196.0,0,0,0,0,0.0,0.0,0,0,0,0.0,0.0,E1,h5_k0p5,5.0,0.5
healthy_maneuver,11,cusum_fgo,leader,maneuver,1809,1809.0,0,0,0,0,0.0,0.0,0,0,0,0.0,0.0,E1,h5_k0p5,5.0,0.5
healthy_maneuver,11,cusum_fgo,leader,post,1260,1260.0,0,0,0,0,0.0,0.0,0,0,0,0.0,0.0,E1,h5_k0p5,5.0,0.5
healthy_maneuver,11,cusum_fgo,follower,all,1755,1755.0,0,2,376,0,0.21424501424501424,4.102564102564103,0,0,0,0.0,0.0,E1,h5_k0p5,5.0,0.5
healthy_maneuver,11,cusum_fgo,follower,pre,732,732.0,0,0,0,0,0.0,0.0,0,0,0,0.0,0.0,E1,h5_k0p5,5.0,0.5
healthy_maneuver,11,cusum_fgo,follower,maneuver,603,603.0,0,2,236,0,0.3913764510779436,11.940298507462686,0,0,0,0.0,0.0,E1,h5_k0p5,5.0,0.5
healthy_maneuver,11,cusum_fgo,follower,post,420,420.0,0,0,140,0,0.3333333333333333,0.0,0,0,0,0.0,0.0,E1,h5_k0p5,5.0,0.5
healthy_maneuver,12,cusum_fgo,leader,all,5265,5265.0,0,0,0,0,0.0,0.0,0,0,0,0.0,0.0,E1,h5_k0p5,5.0,0.5
healthy_maneuver,12,cusum_fgo,leader,pre,2196,2196.0,0,0,0,0,0.0,0.0,0,0,0,0.0,0.0,E1,h5_k0p5,5.0,0.5
healthy_maneuver,12,cusum_fgo,leader,maneuver,1809,1809.0,0,0,0,0,0.0,0.0,0,0,0,0.0,0.0,E1,h5_k0p5,5.0,0.5
healthy_maneuver,12,cusum_fgo,leader,post,1260,1260.0,0,0,0,0,0.0,0.0,0,0,0,0.0,0.0,E1,h5_k0p5,5.0,0.5
healthy_maneuver,12,cusum_fgo,follower,all,1755,1755.0,0,2,275,0,0.15669515669515668,4.102564102564103,0,0,0,0.0,0.0,E1,h5_k0p5,5.0,0.5
healthy_maneuver,12,cusum_fgo,follower,pre,732,732.0,0,0,0,0,0.0,0.0,0,0,0,0.0,0.0,E1,h5_k0p5,5.0,0.5
healthy_maneuver,12,cusum_fgo,follower,maneuver,603,603.0,0,2,135,0,0.22388059701492538,11.940298507462686,0,0,0,0.0,0.0,E1,h5_k0p5,5.0,0.5
healthy_maneuver,12,cusum_fgo,follower,post,420,420.0,0,0,140,0,0.3333333333333333,0.0,0,0,0,0.0,0.0,E1,h5_k0p5,5.0,0.5
healthy_maneuver,13,cusum_fgo,leader,all,5265,5265.0,0,0,0,0,0.0,0.0,0,0,0,0.0,0.0,E1,h5_k0p5,5.0,0.5
healthy_maneuver,13,cusum_fgo,leader,pre,2196,2196.0,0,0,0,0,0.0,0.0,0,0,0,0.0,0.0,E1,h5_k0p5,5.0,0.5
healthy_maneuver,13,cusum_fgo,leader,maneuver,1809,1809.0,0,0,0,0,0.0,0.0,0,0,0,0.0,0.0,E1,h5_k0p5,5.0,0.5
healthy_maneuver,13,cusum_fgo,leader,post,1260,1260.0,0,0,0,0,0.0,0.0,0,0,0,0.0,0.0,E1,h5_k0p5,5.0,0.5
healthy_maneuver,13,cusum_fgo,follower,all,1755,1755.0,0,2,286,0,0.16296296296296298,4.102564102564103,0,0,0,0.0,0.0,E1,h5_k0p5,5.0,0.5
healthy_maneuver,13,cusum_fgo,follower,pre,732,732.0,0,0,0,0,0.0,0.0,0,0,0,0.0,0.0,E1,h5_k0p5,5.0,0.5
healthy_maneuver,13,cusum_fgo,follower,maneuver,603,603.0,0,2,146,0,0.24212271973466004,11.940298507462686,0,0,0,0.0,0.0,E1,h5_k0p5,5.0,0.5
healthy_maneuver,13,cusum_fgo,follower,post,420,420.0,0,0,140,0,0.3333333333333333,0.0,0,0,0,0.0,0.0,E1,h5_k0p5,5.0,0.5
healthy_maneuver,14,cusum_fgo,leader,all,5265,5265.0,0,0,0,0,0.0,0.0,0,0,0,0.0,0.0,E1,h5_k0p5,5.0,0.5
healthy_maneuver,14,cusum_fgo,leader,pre,2196,2196.0,0,0,0,0,0.0,0.0,0,0,0,0.0,0.0,E1,h5_k0p5,5.0,0.5
healthy_maneuver,14,cusum_fgo,leader,maneuver,1809,1809.0,0,0,0,0,0.0,0.0,0,0,0,0.0,0.0,E1,h5_k0p5,5.0,0.5
healthy_maneuver,14,cusum_fgo,leader,post,1260,1260.0,0,0,0,0,0.0,0.0,0,0,0,0.0,0.0,E1,h5_k0p5,5.0,0.5
healthy_maneuver,14,cusum_fgo,follower,all,1755,1755.0,0,3,281,0,0.16011396011396012,6.153846153846154,0,0,0,0.0,0.0,E1,h5_k0p5,5.0,0.5
healthy_maneuver,14,cusum_fgo,follower,pre,732,732.0,0,0,0,0,0.0,0.0,0,0,0,0.0,0.0,E1,h5_k0p5,5.0,0.5
healthy_maneuver,14,cusum_fgo,follower,maneuver,603,603.0,0,3,236,0,0.3913764510779436,17.91044776119403,0,0,0,0.0,0.0,E1,h5_k0p5,5.0,0.5
healthy_maneuver,14,cusum_fgo,follower,post,420,420.0,0,0,45,0,0.10714285714285714,0.0,0,0,0,0.0,0.0,E1,h5_k0p5,5.0,0.5
healthy_maneuver,15,cusum_fgo,leader,all,5265,5265.0,0,0,0,0,0.0,0.0,0,0,0,0.0,0.0,E1,h5_k0p5,5.0,0.5
healthy_maneuver,15,cusum_fgo,leader,pre,2196,2196.0,0,0,0,0,0.0,0.0,0,0,0,0.0,0.0,E1,h5_k0p5,5.0,0.5
healthy_maneuver,15,cusum_fgo,leader,maneuver,1809,1809.0,0,0,0,0,0.0,0.0,0,0,0,0.0,0.0,E1,h5_k0p5,5.0,0.5
healthy_maneuver,15,cusum_fgo,leader,post,1260,1260.0,0,0,0,0,0.0,0.0,0,0,0,0.0,0.0,E1,h5_k0p5,5.0,0.5
healthy_maneuver,15,cusum_fgo,follower,all,1755,1755.0,0,2,370,0,0.21082621082621084,4.102564102564103,0,0,0,0.0,0.0,E1,h5_k0p5,5.0,0.5
healthy_maneuver,15,cusum_fgo,follower,pre,732,732.0,0,0,0,0,0.0,0.0,0,0,0,0.0,0.0,E1,h5_k0p5,5.0,0.5
healthy_maneuver,15,cusum_fgo,follower,maneuver,603,603.0,0,2,230,0,0.3814262023217247,11.940298507462686,0,0,0,0.0,0.0,E1,h5_k0p5,5.0,0.5
healthy_maneuver,15,cusum_fgo,follower,post,420,420.0,0,0,140,0,0.3333333333333333,0.0,0,0,0,0.0,0.0,E1,h5_k0p5,5.0,0.5
healthy_maneuver,16,cusum_fgo,leader,all,5265,5265.0,0,0,0,0,0.0,0.0,0,0,0,0.0,0.0,E1,h5_k0p5,5.0,0.5
healthy_maneuver,16,cusum_fgo,leader,pre,2196,2196.0,0,0,0,0,0.0,0.0,0,0,0,0.0,0.0,E1,h5_k0p5,5.0,0.5
healthy_maneuver,16,cusum_fgo,leader,maneuver,1809,1809.0,0,0,0,0,0.0,0.0,0,0,0,0.0,0.0,E1,h5_k0p5,5.0,0.5
healthy_maneuver,16,cusum_fgo,leader,post,1260,1260.0,0,0,0,0,0.0,0.0,0,0,0,0.0,0.0,E1,h5_k0p5,5.0,0.5
healthy_maneuver,16,cusum_fgo,follower,all,1755,1755.0,0,2,300,0,0.17094017094017094,4.102564102564103,0,0,0,0.0,0.0,E1,h5_k0p5,5.0,0.5
healthy_maneuver,16,cusum_fgo,follower,pre,732,732.0,0,0,0,0,0.0,0.0,0,0,0,0.0,0.0,E1,h5_k0p5,5.0,0.5
healthy_maneuver,16,cusum_fgo,follower,maneuver,603,603.0,0,2,160,0,0.26533996683250416,11.940298507462686,0,0,0,0.0,0.0,E1,h5_k0p5,5.0,0.5
healthy_maneuver,16,cusum_fgo,follower,post,420,420.0,0,0,140,0,0.3333333333333333,0.0,0,0,0,0.0,0.0,E1,h5_k0p5,5.0,0.5
healthy_maneuver,17,cusum_fgo,leader,all,5265,5265.0,0,1,97,0,0.01842355175688509,0.6837606837606838,1,97,0,0.01842355175688509,0.6837606837606838,E1,h5_k0p5,5.0,0.5
healthy_maneuver,17,cusum_fgo,leader,pre,2196,2196.0,0,0,0,0,0.0,0.0,0,0,0,0.0,0.0,E1,h5_k0p5,5.0,0.5
healthy_maneuver,17,cusum_fgo,leader,maneuver,1809,1809.0,0,1,97,0,0.053620784964068545,1.9900497512437814,1,97,0,0.053620784964068545,1.9900497512437814,E1,h5_k0p5,5.0,0.5
healthy_maneuver,17,cusum_fgo,leader,post,1260,1260.0,0,0,0,0,0.0,0.0,0,0,0,0.0,0.0,E1,h5_k0p5,5.0,0.5
healthy_maneuver,17,cusum_fgo,follower,all,1755,1755.0,0,2,310,0,0.17663817663817663,4.102564102564103,0,0,0,0.0,0.0,E1,h5_k0p5,5.0,0.5
healthy_maneuver,17,cusum_fgo,follower,pre,732,732.0,0,0,0,0,0.0,0.0,0,0,0,0.0,0.0,E1,h5_k0p5,5.0,0.5
healthy_maneuver,17,cusum_fgo,follower,maneuver,603,603.0,0,2,170,0,0.28192371475953565,11.940298507462686,0,0,0,0.0,0.0,E1,h5_k0p5,5.0,0.5
healthy_maneuver,17,cusum_fgo,follower,post,420,420.0,0,0,140,0,0.3333333333333333,0.0,0,0,0,0.0,0.0,E1,h5_k0p5,5.0,0.5
healthy_maneuver,18,cusum_fgo,leader,all,5265,5265.0,0,1,74,0,0.014055080721747389,0.6837606837606838,1,74,0,0.014055080721747389,0.6837606837606838,E1,h5_k0p5,5.0,0.5
healthy_maneuver,18,cusum_fgo,leader,pre,2196,2196.0,0,0,0,0,0.0,0.0,0,0,0,0.0,0.0,E1,h5_k0p5,5.0,0.5
healthy_maneuver,18,cusum_fgo,leader,maneuver,1809,1809.0,0,1,74,0,0.04090657822001106,1.9900497512437814,1,74,0,0.04090657822001106,1.9900497512437814,E1,h5_k0p5,5.0,0.5
healthy_maneuver,18,cusum_fgo,leader,post,1260,1260.0,0,0,0,0,0.0,0.0,0,0,0,0.0,0.0,E1,h5_k0p5,5.0,0.5
healthy_maneuver,18,cusum_fgo,follower,all,1755,1755.0,0,2,313,0,0.17834757834757833,4.102564102564103,0,0,0,0.0,0.0,E1,h5_k0p5,5.0,0.5
healthy_maneuver,18,cusum_fgo,follower,pre,732,732.0,0,0,0,0,0.0,0.0,0,0,0,0.0,0.0,E1,h5_k0p5,5.0,0.5
healthy_maneuver,18,cusum_fgo,follower,maneuver,603,603.0,0,2,173,0,0.28689883913764513,11.940298507462686,0,0,0,0.0,0.0,E1,h5_k0p5,5.0,0.5
healthy_maneuver,18,cusum_fgo,follower,post,420,420.0,0,0,140,0,0.3333333333333333,0.0,0,0,0,0.0,0.0,E1,h5_k0p5,5.0,0.5
healthy_maneuver,19,cusum_fgo,leader,all,5265,5265.0,0,0,0,0,0.0,0.0,0,0,0,0.0,0.0,E1,h5_k0p5,5.0,0.5
healthy_maneuver,19,cusum_fgo,leader,pre,2196,2196.0,0,0,0,0,0.0,0.0,0,0,0,0.0,0.0,E1,h5_k0p5,5.0,0.5
healthy_maneuver,19,cusum_fgo,leader,maneuver,1809,1809.0,0,0,0,0,0.0,0.0,0,0,0,0.0,0.0,E1,h5_k0p5,5.0,0.5
healthy_maneuver,19,cusum_fgo,leader,post,1260,1260.0,0,0,0,0,0.0,0.0,0,0,0,0.0,0.0,E1,h5_k0p5,5.0,0.5
healthy_maneuver,19,cusum_fgo,follower,all,1755,1755.0,0,2,187,0,0.10655270655270656,4.102564102564103,0,0,0,0.0,0.0,E1,h5_k0p5,5.0,0.5
healthy_maneuver,19,cusum_fgo,follower,pre,732,732.0,0,0,0,0,0.0,0.0,0,0,0,0.0,0.0,E1,h5_k0p5,5.0,0.5
healthy_maneuver,19,cusum_fgo,follower,maneuver,603,603.0,0,2,120,0,0.19900497512437812,11.940298507462686,0,0,0,0.0,0.0,E1,h5_k0p5,5.0,0.5
healthy_maneuver,19,cusum_fgo,follower,post,420,420.0,0,0,67,0,0.1595238095238095,0.0,0,0,0,0.0,0.0,E1,h5_k0p5,5.0,0.5
healthy_maneuver,20,cusum_fgo,leader,all,5265,5265.0,0,0,0,0,0.0,0.0,0,0,0,0.0,0.0,E1,h5_k0p5,5.0,0.5
healthy_maneuver,20,cusum_fgo,leader,pre,2196,2196.0,0,0,0,0,0.0,0.0,0,0,0,0.0,0.0,E1,h5_k0p5,5.0,0.5
healthy_maneuver,20,cusum_fgo,leader,maneuver,1809,1809.0,0,0,0,0,0.0,0.0,0,0,0,0.0,0.0,E1,h5_k0p5,5.0,0.5
healthy_maneuver,20,cusum_fgo,leader,post,1260,1260.0,0,0,0,0,0.0,0.0,0,0,0,0.0,0.0,E1,h5_k0p5,5.0,0.5
healthy_maneuver,20,cusum_fgo,follower,all,1755,1755.0,0,3,369,0,0.21025641025641026,6.153846153846154,0,0,0,0.0,0.0,E1,h5_k0p5,5.0,0.5
healthy_maneuver,20,cusum_fgo,follower,pre,732,732.0,0,0,0,0,0.0,0.0,0,0,0,0.0,0.0,E1,h5_k0p5,5.0,0.5
healthy_maneuver,20,cusum_fgo,follower,maneuver,603,603.0,0,2,239,0,0.3963515754560531,11.940298507462686,0,0,0,0.0,0.0,E1,h5_k0p5,5.0,0.5
healthy_maneuver,20,cusum_fgo,follower,post,420,420.0,0,1,130,0,0.30952380952380953,8.571428571428571,0,0,0,0.0,0.0,E1,h5_k0p5,5.0,0.5
healthy_maneuver,21,cusum_fgo,leader,all,5265,5265.0,0,0,0,0,0.0,0.0,0,0,0,0.0,0.0,E1,h5_k0p5,5.0,0.5
healthy_maneuver,21,cusum_fgo,leader,pre,2196,2196.0,0,0,0,0,0.0,0.0,0,0,0,0.0,0.0,E1,h5_k0p5,5.0,0.5
healthy_maneuver,21,cusum_fgo,leader,maneuver,1809,1809.0,0,0,0,0,0.0,0.0,0,0,0,0.0,0.0,E1,h5_k0p5,5.0,0.5
healthy_maneuver,21,cusum_fgo,leader,post,1260,1260.0,0,0,0,0,0.0,0.0,0,0,0,0.0,0.0,E1,h5_k0p5,5.0,0.5
healthy_maneuver,21,cusum_fgo,follower,all,1755,1755.0,0,2,419,0,0.23874643874643875,4.102564102564103,0,0,0,0.0,0.0,E1,h5_k0p5,5.0,0.5
healthy_maneuver,21,cusum_fgo,follower,pre,732,732.0,0,0,0,0,0.0,0.0,0,0,0,0.0,0.0,E1,h5_k0p5,5.0,0.5
healthy_maneuver,21,cusum_fgo,follower,maneuver,603,603.0,0,2,275,0,0.4560530679933665,11.940298507462686,0,0,0,0.0,0.0,E1,h5_k0p5,5.0,0.5
healthy_maneuver,21,cusum_fgo,follower,post,420,420.0,0,0,144,0,0.34285714285714286,0.0,0,0,0,0.0,0.0,E1,h5_k0p5,5.0,0.5
healthy_maneuver,22,cusum_fgo,leader,all,5265,5265.0,0,0,0,0,0.0,0.0,0,0,0,0.0,0.0,E1,h5_k0p5,5.0,0.5
healthy_maneuver,22,cusum_fgo,leader,pre,2196,2196.0,0,0,0,0,0.0,0.0,0,0,0,0.0,0.0,E1,h5_k0p5,5.0,0.5
healthy_maneuver,22,cusum_fgo,leader,maneuver,1809,1809.0,0,0,0,0,0.0,0.0,0,0,0,0.0,0.0,E1,h5_k0p5,5.0,0.5
healthy_maneuver,22,cusum_fgo,leader,post,1260,1260.0,0,0,0,0,0.0,0.0,0,0,0,0.0,0.0,E1,h5_k0p5,5.0,0.5
healthy_maneuver,22,cusum_fgo,follower,all,1755,1755.0,0,2,537,0,0.305982905982906,4.102564102564103,0,0,0,0.0,0.0,E1,h5_k0p5,5.0,0.5
healthy_maneuver,22,cusum_fgo,follower,pre,732,732.0,0,0,0,0,0.0,0.0,0,0,0,0.0,0.0,E1,h5_k0p5,5.0,0.5
healthy_maneuver,22,cusum_fgo,follower,maneuver,603,603.0,0,2,257,0,0.4262023217247098,11.940298507462686,0,0,0,0.0,0.0,E1,h5_k0p5,5.0,0.5
healthy_maneuver,22,cusum_fgo,follower,post,420,420.0,0,0,280,0,0.6666666666666666,0.0,0,0,0,0.0,0.0,E1,h5_k0p5,5.0,0.5
healthy_maneuver,23,cusum_fgo,leader,all,5265,5265.0,0,0,0,0,0.0,0.0,0,0,0,0.0,0.0,E1,h5_k0p5,5.0,0.5
healthy_maneuver,23,cusum_fgo,leader,pre,2196,2196.0,0,0,0,0,0.0,0.0,0,0,0,0.0,0.0,E1,h5_k0p5,5.0,0.5
healthy_maneuver,23,cusum_fgo,leader,maneuver,1809,1809.0,0,0,0,0,0.0,0.0,0,0,0,0.0,0.0,E1,h5_k0p5,5.0,0.5
healthy_maneuver,23,cusum_fgo,leader,post,1260,1260.0,0,0,0,0,0.0,0.0,0,0,0,0.0,0.0,E1,h5_k0p5,5.0,0.5
healthy_maneuver,23,cusum_fgo,follower,all,1755,1755.0,0,2,264,0,0.15042735042735042,4.102564102564103,0,0,0,0.0,0.0,E1,h5_k0p5,5.0,0.5
healthy_maneuver,23,cusum_fgo,follower,pre,732,732.0,0,0,0,0,0.0,0.0,0,0,0,0.0,0.0,E1,h5_k0p5,5.0,0.5
healthy_maneuver,23,cusum_fgo,follower,maneuver,603,603.0,0,2,260,0,0.4311774461028192,11.940298507462686,0,0,0,0.0,0.0,E1,h5_k0p5,5.0,0.5
healthy_maneuver,23,cusum_fgo,follower,post,420,420.0,0,0,4,0,0.009523809523809525,0.0,0,0,0,0.0,0.0,E1,h5_k0p5,5.0,0.5
healthy_maneuver,24,cusum_fgo,leader,all,5265,5265.0,0,0,0,0,0.0,0.0,0,0,0,0.0,0.0,E1,h5_k0p5,5.0,0.5
healthy_maneuver,24,cusum_fgo,leader,pre,2196,2196.0,0,0,0,0,0.0,0.0,0,0,0,0.0,0.0,E1,h5_k0p5,5.0,0.5
healthy_maneuver,24,cusum_fgo,leader,maneuver,1809,1809.0,0,0,0,0,0.0,0.0,0,0,0,0.0,0.0,E1,h5_k0p5,5.0,0.5
healthy_maneuver,24,cusum_fgo,leader,post,1260,1260.0,0,0,0,0,0.0,0.0,0,0,0,0.0,0.0,E1,h5_k0p5,5.0,0.5
healthy_maneuver,24,cusum_fgo,follower,all,1755,1755.0,0,2,246,0,0.14017094017094017,4.102564102564103,0,0,0,0.0,0.0,E1,h5_k0p5,5.0,0.5
healthy_maneuver,24,cusum_fgo,follower,pre,732,732.0,0,0,0,0,0.0,0.0,0,0,0,0.0,0.0,E1,h5_k0p5,5.0,0.5
healthy_maneuver,24,cusum_fgo,follower,maneuver,603,603.0,0,2,246,0,0.4079601990049751,11.940298507462686,0,0,0,0.0,0.0,E1,h5_k0p5,5.0,0.5
healthy_maneuver,24,cusum_fgo,follower,post,420,420.0,0,0,0,0,0.0,0.0,0,0,0,0.0,0.0,E1,h5_k0p5,5.0,0.5
healthy_maneuver,25,cusum_fgo,leader,all,5265,5265.0,0,1,273,0,0.05185185185185185,0.6837606837606838,1,273,0,0.05185185185185185,0.6837606837606838,E1,h5_k0p5,5.0,0.5
healthy_maneuver,25,cusum_fgo,leader,pre,2196,2196.0,0,0,0,0,0.0,0.0,0,0,0,0.0,0.0,E1,h5_k0p5,5.0,0.5
healthy_maneuver,25,cusum_fgo,leader,maneuver,1809,1809.0,0,1,133,0,0.07352128247650636,1.9900497512437814,1,133,0,0.07352128247650636,1.9900497512437814,E1,h5_k0p5,5.0,0.5
healthy_maneuver,25,cusum_fgo,leader,post,1260,1260.0,0,0,140,0,0.1111111111111111,0.0,0,140,0,0.1111111111111111,0.0,E1,h5_k0p5,5.0,0.5
healthy_maneuver,25,cusum_fgo,follower,all,1755,1755.0,0,2,289,0,0.16467236467236468,4.102564102564103,0,0,0,0.0,0.0,E1,h5_k0p5,5.0,0.5
healthy_maneuver,25,cusum_fgo,follower,pre,732,732.0,0,0,0,0,0.0,0.0,0,0,0,0.0,0.0,E1,h5_k0p5,5.0,0.5
healthy_maneuver,25,cusum_fgo,follower,maneuver,603,603.0,0,2,272,0,0.45107794361525705,11.940298507462686,0,0,0,0.0,0.0,E1,h5_k0p5,5.0,0.5
healthy_maneuver,25,cusum_fgo,follower,post,420,420.0,0,0,17,0,0.04047619047619048,0.0,0,0,0,0.0,0.0,E1,h5_k0p5,5.0,0.5
healthy_maneuver,26,cusum_fgo,leader,all,5265,5265.0,0,0,0,0,0.0,0.0,0,0,0,0.0,0.0,E1,h5_k0p5,5.0,0.5
healthy_maneuver,26,cusum_fgo,leader,pre,2196,2196.0,0,0,0,0,0.0,0.0,0,0,0,0.0,0.0,E1,h5_k0p5,5.0,0.5
healthy_maneuver,26,cusum_fgo,leader,maneuver,1809,1809.0,0,0,0,0,0.0,0.0,0,0,0,0.0,0.0,E1,h5_k0p5,5.0,0.5
healthy_maneuver,26,cusum_fgo,leader,post,1260,1260.0,0,0,0,0,0.0,0.0,0,0,0,0.0,0.0,E1,h5_k0p5,5.0,0.5
healthy_maneuver,26,cusum_fgo,follower,all,1755,1755.0,0,2,451,0,0.256980056980057,4.102564102564103,0,0,0,0.0,0.0,E1,h5_k0p5,5.0,0.5
healthy_maneuver,26,cusum_fgo,follower,pre,732,732.0,0,0,0,0,0.0,0.0,0,0,0,0.0,0.0,E1,h5_k0p5,5.0,0.5
healthy_maneuver,26,cusum_fgo,follower,maneuver,603,603.0,0,2,171,0,0.2835820895522388,11.940298507462686,0,0,0,0.0,0.0,E1,h5_k0p5,5.0,0.5
healthy_maneuver,26,cusum_fgo,follower,post,420,420.0,0,0,280,0,0.6666666666666666,0.0,0,0,0,0.0,0.0,E1,h5_k0p5,5.0,0.5
healthy_maneuver,27,cusum_fgo,leader,all,5265,5265.0,0,1,105,0,0.019943019943019943,0.6837606837606838,1,105,0,0.019943019943019943,0.6837606837606838,E1,h5_k0p5,5.0,0.5
healthy_maneuver,27,cusum_fgo,leader,pre,2196,2196.0,0,0,0,0,0.0,0.0,0,0,0,0.0,0.0,E1,h5_k0p5,5.0,0.5
healthy_maneuver,27,cusum_fgo,leader,maneuver,1809,1809.0,0,1,105,0,0.05804311774461028,1.9900497512437814,1,105,0,0.05804311774461028,1.9900497512437814,E1,h5_k0p5,5.0,0.5
healthy_maneuver,27,cusum_fgo,leader,post,1260,1260.0,0,0,0,0,0.0,0.0,0,0,0,0.0,0.0,E1,h5_k0p5,5.0,0.5
healthy_maneuver,27,cusum_fgo,follower,all,1755,1755.0,0,2,231,0,0.13162393162393163,4.102564102564103,0,0,0,0.0,0.0,E1,h5_k0p5,5.0,0.5
healthy_maneuver,27,cusum_fgo,follower,pre,732,732.0,0,0,0,0,0.0,0.0,0,0,0,0.0,0.0,E1,h5_k0p5,5.0,0.5
healthy_maneuver,27,cusum_fgo,follower,maneuver,603,603.0,0,2,231,0,0.38308457711442784,11.940298507462686,0,0,0,0.0,0.0,E1,h5_k0p5,5.0,0.5
healthy_maneuver,27,cusum_fgo,follower,post,420,420.0,0,0,0,0,0.0,0.0,0,0,0,0.0,0.0,E1,h5_k0p5,5.0,0.5
healthy_maneuver,28,cusum_fgo,leader,all,5265,5265.0,0,1,90,0,0.017094017094017096,0.6837606837606838,1,90,0,0.017094017094017096,0.6837606837606838,E1,h5_k0p5,5.0,0.5
healthy_maneuver,28,cusum_fgo,leader,pre,2196,2196.0,0,0,0,0,0.0,0.0,0,0,0,0.0,0.0,E1,h5_k0p5,5.0,0.5
healthy_maneuver,28,cusum_fgo,leader,maneuver,1809,1809.0,0,1,90,0,0.04975124378109453,1.9900497512437814,1,90,0,0.04975124378109453,1.9900497512437814,E1,h5_k0p5,5.0,0.5
healthy_maneuver,28,cusum_fgo,leader,post,1260,1260.0,0,0,0,0,0.0,0.0,0,0,0,0.0,0.0,E1,h5_k0p5,5.0,0.5
healthy_maneuver,28,cusum_fgo,follower,all,1755,1755.0,0,2,230,0,0.13105413105413105,4.102564102564103,0,0,0,0.0,0.0,E1,h5_k0p5,5.0,0.5
healthy_maneuver,28,cusum_fgo,follower,pre,732,732.0,0,0,0,0,0.0,0.0,0,0,0,0.0,0.0,E1,h5_k0p5,5.0,0.5
healthy_maneuver,28,cusum_fgo,follower,maneuver,603,603.0,0,2,230,0,0.3814262023217247,11.940298507462686,0,0,0,0.0,0.0,E1,h5_k0p5,5.0,0.5
healthy_maneuver,28,cusum_fgo,follower,post,420,420.0,0,0,0,0,0.0,0.0,0,0,0,0.0,0.0,E1,h5_k0p5,5.0,0.5
healthy_maneuver,29,cusum_fgo,leader,all,5265,5265.0,0,1,97,0,0.01842355175688509,0.6837606837606838,1,97,0,0.01842355175688509,0.6837606837606838,E1,h5_k0p5,5.0,0.5
healthy_maneuver,29,cusum_fgo,leader,pre,2196,2196.0,0,0,0,0,0.0,0.0,0,0,0,0.0,0.0,E1,h5_k0p5,5.0,0.5
healthy_maneuver,29,cusum_fgo,leader,maneuver,1809,1809.0,0,1,97,0,0.053620784964068545,1.9900497512437814,1,97,0,0.053620784964068545,1.9900497512437814,E1,h5_k0p5,5.0,0.5
healthy_maneuver,29,cusum_fgo,leader,post,1260,1260.0,0,0,0,0,0.0,0.0,0,0,0,0.0,0.0,E1,h5_k0p5,5.0,0.5
healthy_maneuver,29,cusum_fgo,follower,all,1755,1755.0,0,2,458,0,0.26096866096866095,4.102564102564103,0,0,0,0.0,0.0,E1,h5_k0p5,5.0,0.5
healthy_maneuver,29,cusum_fgo,follower,pre,732,732.0,0,0,0,0,0.0,0.0,0,0,0,0.0,0.0,E1,h5_k0p5,5.0,0.5
healthy_maneuver,29,cusum_fgo,follower,maneuver,603,603.0,0,2,178,0,0.29519071310116085,11.940298507462686,0,0,0,0.0,0.0,E1,h5_k0p5,5.0,0.5
healthy_maneuver,29,cusum_fgo,follower,post,420,420.0,0,0,280,0,0.6666666666666666,0.0,0,0,0,0.0,0.0,E1,h5_k0p5,5.0,0.5
healthy_maneuver,30,cusum_fgo,leader,all,5265,5265.0,0,0,0,0,0.0,0.0,0,0,0,0.0,0.0,E1,h5_k0p5,5.0,0.5
healthy_maneuver,30,cusum_fgo,leader,pre,2196,2196.0,0,0,0,0,0.0,0.0,0,0,0,0.0,0.0,E1,h5_k0p5,5.0,0.5
healthy_maneuver,30,cusum_fgo,leader,maneuver,1809,1809.0,0,0,0,0,0.0,0.0,0,0,0,0.0,0.0,E1,h5_k0p5,5.0,0.5
healthy_maneuver,30,cusum_fgo,leader,post,1260,1260.0,0,0,0,0,0.0,0.0,0,0,0,0.0,0.0,E1,h5_k0p5,5.0,0.5
healthy_maneuver,30,cusum_fgo,follower,all,1755,1755.0,0,2,268,0,0.1527065527065527,4.102564102564103,0,0,0,0.0,0.0,E1,h5_k0p5,5.0,0.5
healthy_maneuver,30,cusum_fgo,follower,pre,732,732.0,0,0,0,0,0.0,0.0,0,0,0,0.0,0.0,E1,h5_k0p5,5.0,0.5
healthy_maneuver,30,cusum_fgo,follower,maneuver,603,603.0,0,2,248,0,0.41127694859038144,11.940298507462686,0,0,0,0.0,0.0,E1,h5_k0p5,5.0,0.5
healthy_maneuver,30,cusum_fgo,follower,post,420,420.0,0,0,20,0,0.047619047619047616,0.0,0,0,0,0.0,0.0,E1,h5_k0p5,5.0,0.5
healthy_maneuver,31,cusum_fgo,leader,all,5265,5265.0,0,0,0,0,0.0,0.0,0,0,0,0.0,0.0,E1,h5_k0p5,5.0,0.5
healthy_maneuver,31,cusum_fgo,leader,pre,2196,2196.0,0,0,0,0,0.0,0.0,0,0,0,0.0,0.0,E1,h5_k0p5,5.0,0.5
healthy_maneuver,31,cusum_fgo,leader,maneuver,1809,1809.0,0,0,0,0,0.0,0.0,0,0,0,0.0,0.0,E1,h5_k0p5,5.0,0.5
healthy_maneuver,31,cusum_fgo,leader,post,1260,1260.0,0,0,0,0,0.0,0.0,0,0,0,0.0,0.0,E1,h5_k0p5,5.0,0.5
healthy_maneuver,31,cusum_fgo,follower,all,1755,1755.0,0,2,303,0,0.17264957264957265,4.102564102564103,0,0,0,0.0,0.0,E1,h5_k0p5,5.0,0.5
healthy_maneuver,31,cusum_fgo,follower,pre,732,732.0,0,0,0,0,0.0,0.0,0,0,0,0.0,0.0,E1,h5_k0p5,5.0,0.5
healthy_maneuver,31,cusum_fgo,follower,maneuver,603,603.0,0,2,163,0,0.2703150912106136,11.940298507462686,0,0,0,0.0,0.0,E1,h5_k0p5,5.0,0.5
healthy_maneuver,31,cusum_fgo,follower,post,420,420.0,0,0,140,0,0.3333333333333333,0.0,0,0,0,0.0,0.0,E1,h5_k0p5,5.0,0.5
healthy_maneuver,32,cusum_fgo,leader,all,5265,5265.0,0,0,0,0,0.0,0.0,0,0,0,0.0,0.0,E1,h5_k0p5,5.0,0.5
healthy_maneuver,32,cusum_fgo,leader,pre,2196,2196.0,0,0,0,0,0.0,0.0,0,0,0,0.0,0.0,E1,h5_k0p5,5.0,0.5
healthy_maneuver,32,cusum_fgo,leader,maneuver,1809,1809.0,0,0,0,0,0.0,0.0,0,0,0,0.0,0.0,E1,h5_k0p5,5.0,0.5
healthy_maneuver,32,cusum_fgo,leader,post,1260,1260.0,0,0,0,0,0.0,0.0,0,0,0,0.0,0.0,E1,h5_k0p5,5.0,0.5
healthy_maneuver,32,cusum_fgo,follower,all,1755,1755.0,0,2,384,0,0.2188034188034188,4.102564102564103,0,0,0,0.0,0.0,E1,h5_k0p5,5.0,0.5
healthy_maneuver,32,cusum_fgo,follower,pre,732,732.0,0,0,0,0,0.0,0.0,0,0,0,0.0,0.0,E1,h5_k0p5,5.0,0.5
healthy_maneuver,32,cusum_fgo,follower,maneuver,603,603.0,0,2,244,0,0.4046434494195688,11.940298507462686,0,0,0,0.0,0.0,E1,h5_k0p5,5.0,0.5
healthy_maneuver,32,cusum_fgo,follower,post,420,420.0,0,0,140,0,0.3333333333333333,0.0,0,0,0,0.0,0.0,E1,h5_k0p5,5.0,0.5
healthy_maneuver,33,cusum_fgo,leader,all,5265,5265.0,0,0,0,0,0.0,0.0,0,0,0,0.0,0.0,E1,h5_k0p5,5.0,0.5
healthy_maneuver,33,cusum_fgo,leader,pre,2196,2196.0,0,0,0,0,0.0,0.0,0,0,0,0.0,0.0,E1,h5_k0p5,5.0,0.5
healthy_maneuver,33,cusum_fgo,leader,maneuver,1809,1809.0,0,0,0,0,0.0,0.0,0,0,0,0.0,0.0,E1,h5_k0p5,5.0,0.5
healthy_maneuver,33,cusum_fgo,leader,post,1260,1260.0,0,0,0,0,0.0,0.0,0,0,0,0.0,0.0,E1,h5_k0p5,5.0,0.5
healthy_maneuver,33,cusum_fgo,follower,all,1755,1755.0,0,2,552,0,0.3145299145299145,4.102564102564103,0,0,0,0.0,0.0,E1,h5_k0p5,5.0,0.5
healthy_maneuver,33,cusum_fgo,follower,pre,732,732.0,0,0,0,0,0.0,0.0,0,0,0,0.0,0.0,E1,h5_k0p5,5.0,0.5
healthy_maneuver,33,cusum_fgo,follower,maneuver,603,603.0,0,2,272,0,0.45107794361525705,11.940298507462686,0,0,0,0.0,0.0,E1,h5_k0p5,5.0,0.5
healthy_maneuver,33,cusum_fgo,follower,post,420,420.0,0,0,280,0,0.6666666666666666,0.0,0,0,0,0.0,0.0,E1,h5_k0p5,5.0,0.5
healthy_maneuver,34,cusum_fgo,leader,all,5265,5265.0,0,1,102,0,0.019373219373219373,0.6837606837606838,1,102,0,0.019373219373219373,0.6837606837606838,E1,h5_k0p5,5.0,0.5
healthy_maneuver,34,cusum_fgo,leader,pre,2196,2196.0,0,0,0,0,0.0,0.0,0,0,0,0.0,0.0,E1,h5_k0p5,5.0,0.5
healthy_maneuver,34,cusum_fgo,leader,maneuver,1809,1809.0,0,1,102,0,0.05638474295190713,1.9900497512437814,1,102,0,0.05638474295190713,1.9900497512437814,E1,h5_k0p5,5.0,0.5
healthy_maneuver,34,cusum_fgo,leader,post,1260,1260.0,0,0,0,0,0.0,0.0,0,0,0,0.0,0.0,E1,h5_k0p5,5.0,0.5
healthy_maneuver,34,cusum_fgo,follower,all,1755,1755.0,0,2,456,0,0.25982905982905985,4.102564102564103,0,0,0,0.0,0.0,E1,h5_k0p5,5.0,0.5
healthy_maneuver,34,cusum_fgo,follower,pre,732,732.0,0,0,0,0,0.0,0.0,0,0,0,0.0,0.0,E1,h5_k0p5,5.0,0.5
healthy_maneuver,34,cusum_fgo,follower,maneuver,603,603.0,0,2,176,0,0.29187396351575456,11.940298507462686,0,0,0,0.0,0.0,E1,h5_k0p5,5.0,0.5
healthy_maneuver,34,cusum_fgo,follower,post,420,420.0,0,0,280,0,0.6666666666666666,0.0,0,0,0,0.0,0.0,E1,h5_k0p5,5.0,0.5
healthy_maneuver,35,cusum_fgo,leader,all,5265,5265.0,0,0,0,0,0.0,0.0,0,0,0,0.0,0.0,E1,h5_k0p5,5.0,0.5
healthy_maneuver,35,cusum_fgo,leader,pre,2196,2196.0,0,0,0,0,0.0,0.0,0,0,0,0.0,0.0,E1,h5_k0p5,5.0,0.5
healthy_maneuver,35,cusum_fgo,leader,maneuver,1809,1809.0,0,0,0,0,0.0,0.0,0,0,0,0.0,0.0,E1,h5_k0p5,5.0,0.5
healthy_maneuver,35,cusum_fgo,leader,post,1260,1260.0,0,0,0,0,0.0,0.0,0,0,0,0.0,0.0,E1,h5_k0p5,5.0,0.5
healthy_maneuver,35,cusum_fgo,follower,all,1755,1755.0,0,2,223,0,0.12706552706552707,4.102564102564103,0,0,0,0.0,0.0,E1,h5_k0p5,5.0,0.5
healthy_maneuver,35,cusum_fgo,follower,pre,732,732.0,0,0,0,0,0.0,0.0,0,0,0,0.0,0.0,E1,h5_k0p5,5.0,0.5
healthy_maneuver,35,cusum_fgo,follower,maneuver,603,603.0,0,2,153,0,0.2537313432835821,11.940298507462686,0,0,0,0.0,0.0,E1,h5_k0p5,5.0,0.5
healthy_maneuver,35,cusum_fgo,follower,post,420,420.0,0,0,70,0,0.16666666666666666,0.0,0,0,0,0.0,0.0,E1,h5_k0p5,5.0,0.5
healthy_maneuver,36,cusum_fgo,leader,all,5265,5265.0,0,1,85,0,0.016144349477682812,0.6837606837606838,1,85,0,0.016144349477682812,0.6837606837606838,E1,h5_k0p5,5.0,0.5
healthy_maneuver,36,cusum_fgo,leader,pre,2196,2196.0,0,0,0,0,0.0,0.0,0,0,0,0.0,0.0,E1,h5_k0p5,5.0,0.5
healthy_maneuver,36,cusum_fgo,leader,maneuver,1809,1809.0,0,1,85,0,0.046987285793255944,1.9900497512437814,1,85,0,0.046987285793255944,1.9900497512437814,E1,h5_k0p5,5.0,0.5
healthy_maneuver,36,cusum_fgo,leader,post,1260,1260.0,0,0,0,0,0.0,0.0,0,0,0,0.0,0.0,E1,h5_k0p5,5.0,0.5
healthy_maneuver,36,cusum_fgo,follower,all,1755,1755.0,0,2,399,0,0.22735042735042735,4.102564102564103,0,0,0,0.0,0.0,E1,h5_k0p5,5.0,0.5
healthy_maneuver,36,cusum_fgo,follower,pre,732,732.0,0,0,0,0,0.0,0.0,0,0,0,0.0,0.0,E1,h5_k0p5,5.0,0.5
healthy_maneuver,36,cusum_fgo,follower,maneuver,603,603.0,0,2,259,0,0.4295190713101161,11.940298507462686,0,0,0,0.0,0.0,E1,h5_k0p5,5.0,0.5
healthy_maneuver,36,cusum_fgo,follower,post,420,420.0,0,0,140,0,0.3333333333333333,0.0,0,0,0,0.0,0.0,E1,h5_k0p5,5.0,0.5
healthy_maneuver,37,cusum_fgo,leader,all,5265,5265.0,0,0,0,0,0.0,0.0,0,0,0,0.0,0.0,E1,h5_k0p5,5.0,0.5
healthy_maneuver,37,cusum_fgo,leader,pre,2196,2196.0,0,0,0,0,0.0,0.0,0,0,0,0.0,0.0,E1,h5_k0p5,5.0,0.5
healthy_maneuver,37,cusum_fgo,leader,maneuver,1809,1809.0,0,0,0,0,0.0,0.0,0,0,0,0.0,0.0,E1,h5_k0p5,5.0,0.5
healthy_maneuver,37,cusum_fgo,leader,post,1260,1260.0,0,0,0,0,0.0,0.0,0,0,0,0.0,0.0,E1,h5_k0p5,5.0,0.5
healthy_maneuver,37,cusum_fgo,follower,all,1755,1755.0,0,3,369,0,0.21025641025641026,6.153846153846154,0,0,0,0.0,0.0,E1,h5_k0p5,5.0,0.5
healthy_maneuver,37,cusum_fgo,follower,pre,732,732.0,0,0,0,0,0.0,0.0,0,0,0,0.0,0.0,E1,h5_k0p5,5.0,0.5
healthy_maneuver,37,cusum_fgo,follower,maneuver,603,603.0,0,2,246,0,0.4079601990049751,11.940298507462686,0,0,0,0.0,0.0,E1,h5_k0p5,5.0,0.5
healthy_maneuver,37,cusum_fgo,follower,post,420,420.0,0,1,123,0,0.29285714285714287,8.571428571428571,0,0,0,0.0,0.0,E1,h5_k0p5,5.0,0.5
healthy_maneuver,38,cusum_fgo,leader,all,5265,5265.0,0,0,0,0,0.0,0.0,0,0,0,0.0,0.0,E1,h5_k0p5,5.0,0.5
healthy_maneuver,38,cusum_fgo,leader,pre,2196,2196.0,0,0,0,0,0.0,0.0,0,0,0,0.0,0.0,E1,h5_k0p5,5.0,0.5
healthy_maneuver,38,cusum_fgo,leader,maneuver,1809,1809.0,0,0,0,0,0.0,0.0,0,0,0,0.0,0.0,E1,h5_k0p5,5.0,0.5
healthy_maneuver,38,cusum_fgo,leader,post,1260,1260.0,0,0,0,0,0.0,0.0,0,0,0,0.0,0.0,E1,h5_k0p5,5.0,0.5
healthy_maneuver,38,cusum_fgo,follower,all,1755,1755.0,0,2,308,0,0.1754985754985755,4.102564102564103,0,0,0,0.0,0.0,E1,h5_k0p5,5.0,0.5
healthy_maneuver,38,cusum_fgo,follower,pre,732,732.0,0,0,0,0,0.0,0.0,0,0,0,0.0,0.0,E1,h5_k0p5,5.0,0.5
healthy_maneuver,38,cusum_fgo,follower,maneuver,603,603.0,0,2,168,0,0.27860696517412936,11.940298507462686,0,0,0,0.0,0.0,E1,h5_k0p5,5.0,0.5
healthy_maneuver,38,cusum_fgo,follower,post,420,420.0,0,0,140,0,0.3333333333333333,0.0,0,0,0,0.0,0.0,E1,h5_k0p5,5.0,0.5
healthy_maneuver,39,cusum_fgo,leader,all,5265,5265.0,0,1,277,0,0.05261158594491928,0.6837606837606838,1,277,0,0.05261158594491928,0.6837606837606838,E1,h5_k0p5,5.0,0.5
healthy_maneuver,39,cusum_fgo,leader,pre,2196,2196.0,0,0,0,0,0.0,0.0,0,0,0,0.0,0.0,E1,h5_k0p5,5.0,0.5
healthy_maneuver,39,cusum_fgo,leader,maneuver,1809,1809.0,0,1,137,0,0.07573244886677723,1.9900497512437814,1,137,0,0.07573244886677723,1.9900497512437814,E1,h5_k0p5,5.0,0.5
healthy_maneuver,39,cusum_fgo,leader,post,1260,1260.0,0,0,140,0,0.1111111111111111,0.0,0,140,0,0.1111111111111111,0.0,E1,h5_k0p5,5.0,0.5
healthy_maneuver,39,cusum_fgo,follower,all,1755,1755.0,0,2,229,0,0.13048433048433047,4.102564102564103,0,0,0,0.0,0.0,E1,h5_k0p5,5.0,0.5
healthy_maneuver,39,cusum_fgo,follower,pre,732,732.0,0,0,0,0,0.0,0.0,0,0,0,0.0,0.0,E1,h5_k0p5,5.0,0.5
healthy_maneuver,39,cusum_fgo,follower,maneuver,603,603.0,0,2,229,0,0.37976782752902155,11.940298507462686,0,0,0,0.0,0.0,E1,h5_k0p5,5.0,0.5
healthy_maneuver,39,cusum_fgo,follower,post,420,420.0,0,0,0,0,0.0,0.0,0,0,0,0.0,0.0,E1,h5_k0p5,5.0,0.5
healthy_maneuver,40,cusum_fgo,leader,all,5265,5265.0,0,1,181,0,0.03437796771130104,0.6837606837606838,1,181,0,0.03437796771130104,0.6837606837606838,E1,h5_k0p5,5.0,0.5
healthy_maneuver,40,cusum_fgo,leader,pre,2196,2196.0,0,0,0,0,0.0,0.0,0,0,0,0.0,0.0,E1,h5_k0p5,5.0,0.5
healthy_maneuver,40,cusum_fgo,leader,maneuver,1809,1809.0,0,1,41,0,0.022664455500276397,1.9900497512437814,1,41,0,0.022664455500276397,1.9900497512437814,E1,h5_k0p5,5.0,0.5
healthy_maneuver,40,cusum_fgo,leader,post,1260,1260.0,0,0,140,0,0.1111111111111111,0.0,0,140,0,0.1111111111111111,0.0,E1,h5_k0p5,5.0,0.5
healthy_maneuver,40,cusum_fgo,follower,all,1755,1755.0,0,2,287,0,0.16353276353276353,4.102564102564103,0,0,0,0.0,0.0,E1,h5_k0p5,5.0,0.5
healthy_maneuver,40,cusum_fgo,follower,pre,732,732.0,0,0,0,0,0.0,0.0,0,0,0,0.0,0.0,E1,h5_k0p5,5.0,0.5
healthy_maneuver,40,cusum_fgo,follower,maneuver,603,603.0,0,2,147,0,0.24378109452736318,11.940298507462686,0,0,0,0.0,0.0,E1,h5_k0p5,5.0,0.5
healthy_maneuver,40,cusum_fgo,follower,post,420,420.0,0,0,140,0,0.3333333333333333,0.0,0,0,0,0.0,0.0,E1,h5_k0p5,5.0,0.5
healthy_maneuver,41,cusum_fgo,leader,all,5265,5265.0,0,1,88,0,0.016714150047483382,0.6837606837606838,1,88,0,0.016714150047483382,0.6837606837606838,E1,h5_k0p5,5.0,0.5
healthy_maneuver,41,cusum_fgo,leader,pre,2196,2196.0,0,0,0,0,0.0,0.0,0,0,0,0.0,0.0,E1,h5_k0p5,5.0,0.5
healthy_maneuver,41,cusum_fgo,leader,maneuver,1809,1809.0,0,1,88,0,0.048645660585959094,1.9900497512437814,1,88,0,0.048645660585959094,1.9900497512437814,E1,h5_k0p5,5.0,0.5
healthy_maneuver,41,cusum_fgo,leader,post,1260,1260.0,0,0,0,0,0.0,0.0,0,0,0,0.0,0.0,E1,h5_k0p5,5.0,0.5
healthy_maneuver,41,cusum_fgo,follower,all,1755,1755.0,0,2,294,0,0.1675213675213675,4.102564102564103,0,0,0,0.0,0.0,E1,h5_k0p5,5.0,0.5
healthy_maneuver,41,cusum_fgo,follower,pre,732,732.0,0,0,0,0,0.0,0.0,0,0,0,0.0,0.0,E1,h5_k0p5,5.0,0.5
healthy_maneuver,41,cusum_fgo,follower,maneuver,603,603.0,0,2,154,0,0.25538971807628524,11.940298507462686,0,0,0,0.0,0.0,E1,h5_k0p5,5.0,0.5
healthy_maneuver,41,cusum_fgo,follower,post,420,420.0,0,0,140,0,0.3333333333333333,0.0,0,0,0,0.0,0.0,E1,h5_k0p5,5.0,0.5
healthy_maneuver,42,cusum_fgo,leader,all,5265,5265.0,0,1,37,0,0.007027540360873694,0.6837606837606838,1,37,0,0.007027540360873694,0.6837606837606838,E1,h5_k0p5,5.0,0.5
healthy_maneuver,42,cusum_fgo,leader,pre,2196,2196.0,0,0,0,0,0.0,0.0,0,0,0,0.0,0.0,E1,h5_k0p5,5.0,0.5
healthy_maneuver,42,cusum_fgo,leader,maneuver,1809,1809.0,0,1,37,0,0.02045328911000553,1.9900497512437814,1,37,0,0.02045328911000553,1.9900497512437814,E1,h5_k0p5,5.0,0.5
healthy_maneuver,42,cusum_fgo,leader,post,1260,1260.0,0,0,0,0,0.0,0.0,0,0,0,0.0,0.0,E1,h5_k0p5,5.0,0.5
healthy_maneuver,42,cusum_fgo,follower,all,1755,1755.0,0,3,214,0,0.12193732193732194,6.153846153846154,0,0,0,0.0,0.0,E1,h5_k0p5,5.0,0.5
healthy_maneuver,42,cusum_fgo,follower,pre,732,732.0,0,0,0,0,0.0,0.0,0,0,0,0.0,0.0,E1,h5_k0p5,5.0,0.5
healthy_maneuver,42,cusum_fgo,follower,maneuver,603,603.0,0,2,211,0,0.34991708126036486,11.940298507462686,0,0,0,0.0,0.0,E1,h5_k0p5,5.0,0.5
healthy_maneuver,42,cusum_fgo,follower,post,420,420.0,0,1,3,0,0.007142857142857143,8.571428571428571,0,0,0,0.0,0.0,E1,h5_k0p5,5.0,0.5
healthy_maneuver,43,cusum_fgo,leader,all,5265,5265.0,0,0,0,0,0.0,0.0,0,0,0,0.0,0.0,E1,h5_k0p5,5.0,0.5
healthy_maneuver,43,cusum_fgo,leader,pre,2196,2196.0,0,0,0,0,0.0,0.0,0,0,0,0.0,0.0,E1,h5_k0p5,5.0,0.5
healthy_maneuver,43,cusum_fgo,leader,maneuver,1809,1809.0,0,0,0,0,0.0,0.0,0,0,0,0.0,0.0,E1,h5_k0p5,5.0,0.5
healthy_maneuver,43,cusum_fgo,leader,post,1260,1260.0,0,0,0,0,0.0,0.0,0,0,0,0.0,0.0,E1,h5_k0p5,5.0,0.5
healthy_maneuver,43,cusum_fgo,follower,all,1755,1755.0,0,2,298,0,0.1698005698005698,4.102564102564103,0,0,0,0.0,0.0,E1,h5_k0p5,5.0,0.5
healthy_maneuver,43,cusum_fgo,follower,pre,732,732.0,0,0,0,0,0.0,0.0,0,0,0,0.0,0.0,E1,h5_k0p5,5.0,0.5
healthy_maneuver,43,cusum_fgo,follower,maneuver,603,603.0,0,2,158,0,0.2620232172470978,11.940298507462686,0,0,0,0.0,0.0,E1,h5_k0p5,5.0,0.5
healthy_maneuver,43,cusum_fgo,follower,post,420,420.0,0,0,140,0,0.3333333333333333,0.0,0,0,0,0.0,0.0,E1,h5_k0p5,5.0,0.5
healthy_maneuver,44,cusum_fgo,leader,all,5265,5265.0,0,0,0,0,0.0,0.0,0,0,0,0.0,0.0,E1,h5_k0p5,5.0,0.5
healthy_maneuver,44,cusum_fgo,leader,pre,2196,2196.0,0,0,0,0,0.0,0.0,0,0,0,0.0,0.0,E1,h5_k0p5,5.0,0.5
healthy_maneuver,44,cusum_fgo,leader,maneuver,1809,1809.0,0,0,0,0,0.0,0.0,0,0,0,0.0,0.0,E1,h5_k0p5,5.0,0.5
healthy_maneuver,44,cusum_fgo,leader,post,1260,1260.0,0,0,0,0,0.0,0.0,0,0,0,0.0,0.0,E1,h5_k0p5,5.0,0.5
healthy_maneuver,44,cusum_fgo,follower,all,1755,1755.0,0,2,245,0,0.1396011396011396,4.102564102564103,0,0,0,0.0,0.0,E1,h5_k0p5,5.0,0.5
healthy_maneuver,44,cusum_fgo,follower,pre,732,732.0,0,0,0,0,0.0,0.0,0,0,0,0.0,0.0,E1,h5_k0p5,5.0,0.5
healthy_maneuver,44,cusum_fgo,follower,maneuver,603,603.0,0,2,245,0,0.40630182421227196,11.940298507462686,0,0,0,0.0,0.0,E1,h5_k0p5,5.0,0.5
healthy_maneuver,44,cusum_fgo,follower,post,420,420.0,0,0,0,0,0.0,0.0,0,0,0,0.0,0.0,E1,h5_k0p5,5.0,0.5
healthy_maneuver,45,cusum_fgo,leader,all,5265,5265.0,0,0,0,0,0.0,0.0,0,0,0,0.0,0.0,E1,h5_k0p5,5.0,0.5
healthy_maneuver,45,cusum_fgo,leader,pre,2196,2196.0,0,0,0,0,0.0,0.0,0,0,0,0.0,0.0,E1,h5_k0p5,5.0,0.5
healthy_maneuver,45,cusum_fgo,leader,maneuver,1809,1809.0,0,0,0,0,0.0,0.0,0,0,0,0.0,0.0,E1,h5_k0p5,5.0,0.5
healthy_maneuver,45,cusum_fgo,leader,post,1260,1260.0,0,0,0,0,0.0,0.0,0,0,0,0.0,0.0,E1,h5_k0p5,5.0,0.5
healthy_maneuver,45,cusum_fgo,follower,all,1755,1755.0,0,2,396,0,0.22564102564102564,4.102564102564103,0,0,0,0.0,0.0,E1,h5_k0p5,5.0,0.5
healthy_maneuver,45,cusum_fgo,follower,pre,732,732.0,0,0,0,0,0.0,0.0,0,0,0,0.0,0.0,E1,h5_k0p5,5.0,0.5
healthy_maneuver,45,cusum_fgo,follower,maneuver,603,603.0,0,2,256,0,0.42454394693200664,11.940298507462686,0,0,0,0.0,0.0,E1,h5_k0p5,5.0,0.5
healthy_maneuver,45,cusum_fgo,follower,post,420,420.0,0,0,140,0,0.3333333333333333,0.0,0,0,0,0.0,0.0,E1,h5_k0p5,5.0,0.5
healthy_maneuver,46,cusum_fgo,leader,all,5265,5265.0,0,0,0,0,0.0,0.0,0,0,0,0.0,0.0,E1,h5_k0p5,5.0,0.5
healthy_maneuver,46,cusum_fgo,leader,pre,2196,2196.0,0,0,0,0,0.0,0.0,0,0,0,0.0,0.0,E1,h5_k0p5,5.0,0.5
healthy_maneuver,46,cusum_fgo,leader,maneuver,1809,1809.0,0,0,0,0,0.0,0.0,0,0,0,0.0,0.0,E1,h5_k0p5,5.0,0.5
healthy_maneuver,46,cusum_fgo,leader,post,1260,1260.0,0,0,0,0,0.0,0.0,0,0,0,0.0,0.0,E1,h5_k0p5,5.0,0.5
healthy_maneuver,46,cusum_fgo,follower,all,1755,1755.0,0,2,387,0,0.2205128205128205,4.102564102564103,0,0,0,0.0,0.0,E1,h5_k0p5,5.0,0.5
healthy_maneuver,46,cusum_fgo,follower,pre,732,732.0,0,0,0,0,0.0,0.0,0,0,0,0.0,0.0,E1,h5_k0p5,5.0,0.5
healthy_maneuver,46,cusum_fgo,follower,maneuver,603,603.0,0,2,247,0,0.4096185737976783,11.940298507462686,0,0,0,0.0,0.0,E1,h5_k0p5,5.0,0.5
healthy_maneuver,46,cusum_fgo,follower,post,420,420.0,0,0,140,0,0.3333333333333333,0.0,0,0,0,0.0,0.0,E1,h5_k0p5,5.0,0.5
healthy_maneuver,47,cusum_fgo,leader,all,5265,5265.0,0,0,0,0,0.0,0.0,0,0,0,0.0,0.0,E1,h5_k0p5,5.0,0.5
healthy_maneuver,47,cusum_fgo,leader,pre,2196,2196.0,0,0,0,0,0.0,0.0,0,0,0,0.0,0.0,E1,h5_k0p5,5.0,0.5
healthy_maneuver,47,cusum_fgo,leader,maneuver,1809,1809.0,0,0,0,0,0.0,0.0,0,0,0,0.0,0.0,E1,h5_k0p5,5.0,0.5
healthy_maneuver,47,cusum_fgo,leader,post,1260,1260.0,0,0,0,0,0.0,0.0,0,0,0,0.0,0.0,E1,h5_k0p5,5.0,0.5
healthy_maneuver,47,cusum_fgo,follower,all,1755,1755.0,0,2,304,0,0.17321937321937322,4.102564102564103,0,0,0,0.0,0.0,E1,h5_k0p5,5.0,0.5
healthy_maneuver,47,cusum_fgo,follower,pre,732,732.0,0,0,0,0,0.0,0.0,0,0,0,0.0,0.0,E1,h5_k0p5,5.0,0.5
healthy_maneuver,47,cusum_fgo,follower,maneuver,603,603.0,0,2,164,0,0.27197346600331673,11.940298507462686,0,0,0,0.0,0.0,E1,h5_k0p5,5.0,0.5
healthy_maneuver,47,cusum_fgo,follower,post,420,420.0,0,0,140,0,0.3333333333333333,0.0,0,0,0,0.0,0.0,E1,h5_k0p5,5.0,0.5
healthy_maneuver,48,cusum_fgo,leader,all,5265,5265.0,0,0,0,0,0.0,0.0,0,0,0,0.0,0.0,E1,h5_k0p5,5.0,0.5
healthy_maneuver,48,cusum_fgo,leader,pre,2196,2196.0,0,0,0,0,0.0,0.0,0,0,0,0.0,0.0,E1,h5_k0p5,5.0,0.5
healthy_maneuver,48,cusum_fgo,leader,maneuver,1809,1809.0,0,0,0,0,0.0,0.0,0,0,0,0.0,0.0,E1,h5_k0p5,5.0,0.5
healthy_maneuver,48,cusum_fgo,leader,post,1260,1260.0,0,0,0,0,0.0,0.0,0,0,0,0.0,0.0,E1,h5_k0p5,5.0,0.5
healthy_maneuver,48,cusum_fgo,follower,all,1755,1755.0,0,2,379,0,0.21595441595441595,4.102564102564103,0,0,0,0.0,0.0,E1,h5_k0p5,5.0,0.5
healthy_maneuver,48,cusum_fgo,follower,pre,732,732.0,0,0,0,0,0.0,0.0,0,0,0,0.0,0.0,E1,h5_k0p5,5.0,0.5
healthy_maneuver,48,cusum_fgo,follower,maneuver,603,603.0,0,2,239,0,0.3963515754560531,11.940298507462686,0,0,0,0.0,0.0,E1,h5_k0p5,5.0,0.5
healthy_maneuver,48,cusum_fgo,follower,post,420,420.0,0,0,140,0,0.3333333333333333,0.0,0,0,0,0.0,0.0,E1,h5_k0p5,5.0,0.5
healthy_maneuver,49,cusum_fgo,leader,all,5265,5265.0,0,0,0,0,0.0,0.0,0,0,0,0.0,0.0,E1,h5_k0p5,5.0,0.5
healthy_maneuver,49,cusum_fgo,leader,pre,2196,2196.0,0,0,0,0,0.0,0.0,0,0,0,0.0,0.0,E1,h5_k0p5,5.0,0.5
healthy_maneuver,49,cusum_fgo,leader,maneuver,1809,1809.0,0,0,0,0,0.0,0.0,0,0,0,0.0,0.0,E1,h5_k0p5,5.0,0.5
healthy_maneuver,49,cusum_fgo,leader,post,1260,1260.0,0,0,0,0,0.0,0.0,0,0,0,0.0,0.0,E1,h5_k0p5,5.0,0.5
healthy_maneuver,49,cusum_fgo,follower,all,1755,1755.0,0,2,405,0,0.23076923076923078,4.102564102564103,0,0,0,0.0,0.0,E1,h5_k0p5,5.0,0.5
healthy_maneuver,49,cusum_fgo,follower,pre,732,732.0,0,0,0,0,0.0,0.0,0,0,0,0.0,0.0,E1,h5_k0p5,5.0,0.5
healthy_maneuver,49,cusum_fgo,follower,maneuver,603,603.0,0,2,265,0,0.439469320066335,11.940298507462686,0,0,0,0.0,0.0,E1,h5_k0p5,5.0,0.5
healthy_maneuver,49,cusum_fgo,follower,post,420,420.0,0,0,140,0,0.3333333333333333,0.0,0,0,0,0.0,0.0,E1,h5_k0p5,5.0,0.5
healthy_maneuver,50,cusum_fgo,leader,all,5265,5265.0,0,0,0,0,0.0,0.0,0,0,0,0.0,0.0,E1,h5_k0p5,5.0,0.5
healthy_maneuver,50,cusum_fgo,leader,pre,2196,2196.0,0,0,0,0,0.0,0.0,0,0,0,0.0,0.0,E1,h5_k0p5,5.0,0.5
healthy_maneuver,50,cusum_fgo,leader,maneuver,1809,1809.0,0,0,0,0,0.0,0.0,0,0,0,0.0,0.0,E1,h5_k0p5,5.0,0.5
healthy_maneuver,50,cusum_fgo,leader,post,1260,1260.0,0,0,0,0,0.0,0.0,0,0,0,0.0,0.0,E1,h5_k0p5,5.0,0.5
healthy_maneuver,50,cusum_fgo,follower,all,1755,1755.0,0,2,387,0,0.2205128205128205,4.102564102564103,0,0,0,0.0,0.0,E1,h5_k0p5,5.0,0.5
healthy_maneuver,50,cusum_fgo,follower,pre,732,732.0,0,0,0,0,0.0,0.0,0,0,0,0.0,0.0,E1,h5_k0p5,5.0,0.5
healthy_maneuver,50,cusum_fgo,follower,maneuver,603,603.0,0,2,247,0,0.4096185737976783,11.940298507462686,0,0,0,0.0,0.0,E1,h5_k0p5,5.0,0.5
healthy_maneuver,50,cusum_fgo,follower,post,420,420.0,0,0,140,0,0.3333333333333333,0.0,0,0,0,0.0,0.0,E1,h5_k0p5,5.0,0.5
baseline_3f,1,cusum_fgo,leader,all,5044,5044.0,0,0,28,28,0.0055511498810467885,0.0,0,28,28,0.0055511498810467885,0.0,E1,h5_k0p75,5.0,0.75
baseline_3f,1,cusum_fgo,follower,all,1755,1755.0,0,0,0,0,0.0,0.0,0,0,0,0.0,0.0,E1,h5_k0p75,5.0,0.75
baseline_3f,2,cusum_fgo,leader,all,5044,5044.0,0,0,26,26,0.005154639175257732,0.0,0,26,26,0.005154639175257732,0.0,E1,h5_k0p75,5.0,0.75
baseline_3f,2,cusum_fgo,follower,all,1755,1755.0,0,0,0,0,0.0,0.0,0,0,0,0.0,0.0,E1,h5_k0p75,5.0,0.75
baseline_3f,3,cusum_fgo,leader,all,5044,5044.0,0,0,26,26,0.005154639175257732,0.0,0,26,26,0.005154639175257732,0.0,E1,h5_k0p75,5.0,0.75
baseline_3f,3,cusum_fgo,follower,all,1755,1755.0,0,0,0,0,0.0,0.0,0,0,0,0.0,0.0,E1,h5_k0p75,5.0,0.75
baseline_3f,4,cusum_fgo,leader,all,5044,5044.0,0,0,26,26,0.005154639175257732,0.0,0,26,26,0.005154639175257732,0.0,E1,h5_k0p75,5.0,0.75
baseline_3f,4,cusum_fgo,follower,all,1755,1755.0,0,0,0,0,0.0,0.0,0,0,0,0.0,0.0,E1,h5_k0p75,5.0,0.75
baseline_3f,5,cusum_fgo,leader,all,5044,5044.0,0,0,474,474,0.09397303727200634,0.0,3,416,137,0.08247422680412371,2.141157811260904,E1,h5_k0p75,5.0,0.75
baseline_3f,5,cusum_fgo,follower,all,1755,1755.0,0,0,0,0,0.0,0.0,0,0,0,0.0,0.0,E1,h5_k0p75,5.0,0.75
baseline_3f,6,cusum_fgo,leader,all,5044,5044.0,0,0,28,28,0.0055511498810467885,0.0,0,28,28,0.0055511498810467885,0.0,E1,h5_k0p75,5.0,0.75
baseline_3f,6,cusum_fgo,follower,all,1755,1755.0,0,0,0,0,0.0,0.0,0,0,0,0.0,0.0,E1,h5_k0p75,5.0,0.75
baseline_3f,7,cusum_fgo,leader,all,5044,5044.0,0,0,36,36,0.007137192704203013,0.0,0,36,36,0.007137192704203013,0.0,E1,h5_k0p75,5.0,0.75
baseline_3f,7,cusum_fgo,follower,all,1755,1755.0,0,0,0,0,0.0,0.0,0,0,0,0.0,0.0,E1,h5_k0p75,5.0,0.75
baseline_3f,8,cusum_fgo,leader,all,5044,5044.0,0,0,26,26,0.005154639175257732,0.0,0,26,26,0.005154639175257732,0.0,E1,h5_k0p75,5.0,0.75
baseline_3f,8,cusum_fgo,follower,all,1755,1755.0,0,0,0,0,0.0,0.0,0,0,0,0.0,0.0,E1,h5_k0p75,5.0,0.75
baseline_3f,9,cusum_fgo,leader,all,5044,5044.0,0,0,26,26,0.005154639175257732,0.0,0,26,26,0.005154639175257732,0.0,E1,h5_k0p75,5.0,0.75
baseline_3f,9,cusum_fgo,follower,all,1755,1755.0,0,0,0,0,0.0,0.0,0,0,0,0.0,0.0,E1,h5_k0p75,5.0,0.75
baseline_3f,10,cusum_fgo,leader,all,5044,5044.0,0,0,79,79,0.015662172878667724,0.0,0,79,79,0.015662172878667724,0.0,E1,h5_k0p75,5.0,0.75
baseline_3f,10,cusum_fgo,follower,all,1755,1755.0,0,0,0,0,0.0,0.0,0,0,0,0.0,0.0,E1,h5_k0p75,5.0,0.75
baseline_3f,11,cusum_fgo,leader,all,5044,5044.0,0,0,26,26,0.005154639175257732,0.0,0,26,26,0.005154639175257732,0.0,E1,h5_k0p75,5.0,0.75
baseline_3f,11,cusum_fgo,follower,all,1755,1755.0,0,0,0,0,0.0,0.0,0,0,0,0.0,0.0,E1,h5_k0p75,5.0,0.75
baseline_3f,12,cusum_fgo,leader,all,5044,5044.0,0,0,29,29,0.005749405233941317,0.0,0,29,29,0.005749405233941317,0.0,E1,h5_k0p75,5.0,0.75
baseline_3f,12,cusum_fgo,follower,all,1755,1755.0,0,0,0,0,0.0,0.0,0,0,0,0.0,0.0,E1,h5_k0p75,5.0,0.75
baseline_3f,13,cusum_fgo,leader,all,5044,5044.0,0,0,26,26,0.005154639175257732,0.0,0,26,26,0.005154639175257732,0.0,E1,h5_k0p75,5.0,0.75
baseline_3f,13,cusum_fgo,follower,all,1755,1755.0,0,0,0,0,0.0,0.0,0,0,0,0.0,0.0,E1,h5_k0p75,5.0,0.75
baseline_3f,14,cusum_fgo,leader,all,5044,5044.0,0,0,26,26,0.005154639175257732,0.0,0,26,26,0.005154639175257732,0.0,E1,h5_k0p75,5.0,0.75
baseline_3f,14,cusum_fgo,follower,all,1755,1755.0,0,0,0,0,0.0,0.0,0,0,0,0.0,0.0,E1,h5_k0p75,5.0,0.75
baseline_3f,15,cusum_fgo,leader,all,5044,5044.0,0,0,26,26,0.005154639175257732,0.0,0,26,26,0.005154639175257732,0.0,E1,h5_k0p75,5.0,0.75
baseline_3f,15,cusum_fgo,follower,all,1755,1755.0,0,0,0,0,0.0,0.0,0,0,0,0.0,0.0,E1,h5_k0p75,5.0,0.75
baseline_3f,16,cusum_fgo,leader,all,5044,5044.0,0,0,29,29,0.005749405233941317,0.0,0,29,29,0.005749405233941317,0.0,E1,h5_k0p75,5.0,0.75
baseline_3f,16,cusum_fgo,follower,all,1755,1755.0,0,0,0,0,0.0,0.0,0,0,0,0.0,0.0,E1,h5_k0p75,5.0,0.75
baseline_3f,17,cusum_fgo,leader,all,5044,5044.0,0,0,79,79,0.015662172878667724,0.0,0,79,79,0.015662172878667724,0.0,E1,h5_k0p75,5.0,0.75
baseline_3f,17,cusum_fgo,follower,all,1755,1755.0,0,0,0,0,0.0,0.0,0,0,0,0.0,0.0,E1,h5_k0p75,5.0,0.75
baseline_3f,18,cusum_fgo,leader,all,5044,5044.0,0,0,31,31,0.006145915939730373,0.0,0,31,31,0.006145915939730373,0.0,E1,h5_k0p75,5.0,0.75
baseline_3f,18,cusum_fgo,follower,all,1755,1755.0,0,0,0,0,0.0,0.0,0,0,0,0.0,0.0,E1,h5_k0p75,5.0,0.75
baseline_3f,19,cusum_fgo,leader,all,5044,5044.0,0,0,26,26,0.005154639175257732,0.0,0,26,26,0.005154639175257732,0.0,E1,h5_k0p75,5.0,0.75
baseline_3f,19,cusum_fgo,follower,all,1755,1755.0,0,0,0,0,0.0,0.0,0,0,0,0.0,0.0,E1,h5_k0p75,5.0,0.75
baseline_3f,20,cusum_fgo,leader,all,5044,5044.0,0,0,26,26,0.005154639175257732,0.0,0,26,26,0.005154639175257732,0.0,E1,h5_k0p75,5.0,0.75
baseline_3f,20,cusum_fgo,follower,all,1755,1755.0,0,0,0,0,0.0,0.0,0,0,0,0.0,0.0,E1,h5_k0p75,5.0,0.75
baseline_3f,21,cusum_fgo,leader,all,5044,5044.0,0,0,300,300,0.05947660586835844,0.0,2,264,132,0.052339413164155434,1.4274385408406025,E1,h5_k0p75,5.0,0.75
baseline_3f,21,cusum_fgo,follower,all,1755,1755.0,0,0,0,0,0.0,0.0,0,0,0,0.0,0.0,E1,h5_k0p75,5.0,0.75
baseline_3f,22,cusum_fgo,leader,all,5044,5044.0,0,0,298,298,0.05908009516256939,0.0,2,268,131,0.05313243457573354,1.4274385408406025,E1,h5_k0p75,5.0,0.75
baseline_3f,22,cusum_fgo,follower,all,1755,1755.0,0,0,0,0,0.0,0.0,0,0,0,0.0,0.0,E1,h5_k0p75,5.0,0.75
baseline_3f,23,cusum_fgo,leader,all,5044,5044.0,0,0,29,29,0.005749405233941317,0.0,0,29,29,0.005749405233941317,0.0,E1,h5_k0p75,5.0,0.75
baseline_3f,23,cusum_fgo,follower,all,1755,1755.0,0,0,0,0,0.0,0.0,0,0,0,0.0,0.0,E1,h5_k0p75,5.0,0.75
baseline_3f,24,cusum_fgo,leader,all,5044,5044.0,0,0,26,26,0.005154639175257732,0.0,0,26,26,0.005154639175257732,0.0,E1,h5_k0p75,5.0,0.75
baseline_3f,24,cusum_fgo,follower,all,1755,1755.0,0,0,0,0,0.0,0.0,0,0,0,0.0,0.0,E1,h5_k0p75,5.0,0.75
baseline_3f,25,cusum_fgo,leader,all,5044,5044.0,0,0,26,26,0.005154639175257732,0.0,0,26,26,0.005154639175257732,0.0,E1,h5_k0p75,5.0,0.75
baseline_3f,25,cusum_fgo,follower,all,1755,1755.0,0,0,0,0,0.0,0.0,0,0,0,0.0,0.0,E1,h5_k0p75,5.0,0.75
baseline_3f,26,cusum_fgo,leader,all,5044,5044.0,0,0,26,26,0.005154639175257732,0.0,0,26,26,0.005154639175257732,0.0,E1,h5_k0p75,5.0,0.75
baseline_3f,26,cusum_fgo,follower,all,1755,1755.0,0,0,0,0,0.0,0.0,0,0,0,0.0,0.0,E1,h5_k0p75,5.0,0.75
baseline_3f,27,cusum_fgo,leader,all,5044,5044.0,0,0,462,462,0.091593973037272,0.0,2,430,224,0.08524980174464711,1.4274385408406025,E1,h5_k0p75,5.0,0.75
baseline_3f,27,cusum_fgo,follower,all,1755,1755.0,0,0,0,0,0.0,0.0,0,0,0,0.0,0.0,E1,h5_k0p75,5.0,0.75
baseline_3f,28,cusum_fgo,leader,all,5044,5044.0,0,0,29,29,0.005749405233941317,0.0,0,29,29,0.005749405233941317,0.0,E1,h5_k0p75,5.0,0.75
baseline_3f,28,cusum_fgo,follower,all,1755,1755.0,0,0,0,0,0.0,0.0,0,0,0,0.0,0.0,E1,h5_k0p75,5.0,0.75
baseline_3f,29,cusum_fgo,leader,all,5044,5044.0,0,0,26,26,0.005154639175257732,0.0,0,26,26,0.005154639175257732,0.0,E1,h5_k0p75,5.0,0.75
baseline_3f,29,cusum_fgo,follower,all,1755,1755.0,0,0,0,0,0.0,0.0,0,0,0,0.0,0.0,E1,h5_k0p75,5.0,0.75
baseline_3f,30,cusum_fgo,leader,all,5044,5044.0,0,0,64,64,0.012688342585249802,0.0,0,64,64,0.012688342585249802,0.0,E1,h5_k0p75,5.0,0.75
baseline_3f,30,cusum_fgo,follower,all,1755,1755.0,0,0,0,0,0.0,0.0,0,0,0,0.0,0.0,E1,h5_k0p75,5.0,0.75
baseline_3f,31,cusum_fgo,leader,all,5044,5044.0,0,0,29,29,0.005749405233941317,0.0,0,29,29,0.005749405233941317,0.0,E1,h5_k0p75,5.0,0.75
baseline_3f,31,cusum_fgo,follower,all,1755,1755.0,0,0,0,0,0.0,0.0,0,0,0,0.0,0.0,E1,h5_k0p75,5.0,0.75
baseline_3f,32,cusum_fgo,leader,all,5044,5044.0,0,0,177,177,0.03509119746233148,0.0,1,159,113,0.031522601110229975,0.7137192704203013,E1,h5_k0p75,5.0,0.75
baseline_3f,32,cusum_fgo,follower,all,1755,1755.0,0,0,0,0,0.0,0.0,0,0,0,0.0,0.0,E1,h5_k0p75,5.0,0.75
baseline_3f,33,cusum_fgo,leader,all,5044,5044.0,0,0,387,387,0.0767248215701824,0.0,2,352,155,0.06978588421887391,1.4274385408406025,E1,h5_k0p75,5.0,0.75
baseline_3f,33,cusum_fgo,follower,all,1755,1755.0,0,0,0,0,0.0,0.0,0,0,0,0.0,0.0,E1,h5_k0p75,5.0,0.75
baseline_3f,34,cusum_fgo,leader,all,5044,5044.0,0,0,362,362,0.07176843774781919,0.0,2,328,127,0.06502775574940524,1.4274385408406025,E1,h5_k0p75,5.0,0.75
baseline_3f,34,cusum_fgo,follower,all,1755,1755.0,0,0,0,0,0.0,0.0,0,0,0,0.0,0.0,E1,h5_k0p75,5.0,0.75
baseline_3f,35,cusum_fgo,leader,all,5044,5044.0,0,0,26,26,0.005154639175257732,0.0,0,26,26,0.005154639175257732,0.0,E1,h5_k0p75,5.0,0.75
baseline_3f,35,cusum_fgo,follower,all,1755,1755.0,0,0,0,0,0.0,0.0,0,0,0,0.0,0.0,E1,h5_k0p75,5.0,0.75
baseline_3f,36,cusum_fgo,leader,all,5044,5044.0,0,0,26,26,0.005154639175257732,0.0,0,26,26,0.005154639175257732,0.0,E1,h5_k0p75,5.0,0.75
baseline_3f,36,cusum_fgo,follower,all,1755,1755.0,0,0,0,0,0.0,0.0,0,0,0,0.0,0.0,E1,h5_k0p75,5.0,0.75
baseline_3f,37,cusum_fgo,leader,all,5044,5044.0,0,0,325,325,0.06443298969072164,0.0,2,289,91,0.057295796986518634,1.4274385408406025,E1,h5_k0p75,5.0,0.75
baseline_3f,37,cusum_fgo,follower,all,1755,1755.0,0,0,0,0,0.0,0.0,0,0,0,0.0,0.0,E1,h5_k0p75,5.0,0.75
baseline_3f,38,cusum_fgo,leader,all,5044,5044.0,0,0,104,104,0.020618556701030927,0.0,0,104,104,0.020618556701030927,0.0,E1,h5_k0p75,5.0,0.75
baseline_3f,38,cusum_fgo,follower,all,1755,1755.0,0,0,0,0,0.0,0.0,0,0,0,0.0,0.0,E1,h5_k0p75,5.0,0.75
baseline_3f,39,cusum_fgo,leader,all,5044,5044.0,0,0,26,26,0.005154639175257732,0.0,0,26,26,0.005154639175257732,0.0,E1,h5_k0p75,5.0,0.75
baseline_3f,39,cusum_fgo,follower,all,1755,1755.0,0,0,0,0,0.0,0.0,0,0,0,0.0,0.0,E1,h5_k0p75,5.0,0.75
baseline_3f,40,cusum_fgo,leader,all,5044,5044.0,0,1,512,362,0.10150674068199841,0.7137192704203013,3,427,130,0.08465503568596353,2.141157811260904,E1,h5_k0p75,5.0,0.75
baseline_3f,40,cusum_fgo,follower,all,1755,1755.0,0,0,0,0,0.0,0.0,0,0,0,0.0,0.0,E1,h5_k0p75,5.0,0.75
baseline_3f,41,cusum_fgo,leader,all,5044,5044.0,0,0,138,138,0.027359238699444885,0.0,1,121,114,0.023988897700237908,0.7137192704203013,E1,h5_k0p75,5.0,0.75
baseline_3f,41,cusum_fgo,follower,all,1755,1755.0,0,0,0,0,0.0,0.0,0,0,0,0.0,0.0,E1,h5_k0p75,5.0,0.75
baseline_3f,42,cusum_fgo,leader,all,5044,5044.0,0,0,78,78,0.015463917525773196,0.0,0,78,78,0.015463917525773196,0.0,E1,h5_k0p75,5.0,0.75
baseline_3f,42,cusum_fgo,follower,all,1755,1755.0,0,0,0,0,0.0,0.0,0,0,0,0.0,0.0,E1,h5_k0p75,5.0,0.75
baseline_3f,43,cusum_fgo,leader,all,5044,5044.0,0,0,26,26,0.005154639175257732,0.0,0,26,26,0.005154639175257732,0.0,E1,h5_k0p75,5.0,0.75
baseline_3f,43,cusum_fgo,follower,all,1755,1755.0,0,0,0,0,0.0,0.0,0,0,0,0.0,0.0,E1,h5_k0p75,5.0,0.75
baseline_3f,44,cusum_fgo,leader,all,5044,5044.0,0,0,79,79,0.015662172878667724,0.0,0,79,79,0.015662172878667724,0.0,E1,h5_k0p75,5.0,0.75
baseline_3f,44,cusum_fgo,follower,all,1755,1755.0,0,0,0,0,0.0,0.0,0,0,0,0.0,0.0,E1,h5_k0p75,5.0,0.75
baseline_3f,45,cusum_fgo,leader,all,5044,5044.0,0,0,26,26,0.005154639175257732,0.0,0,26,26,0.005154639175257732,0.0,E1,h5_k0p75,5.0,0.75
baseline_3f,45,cusum_fgo,follower,all,1755,1755.0,0,0,0,0,0.0,0.0,0,0,0,0.0,0.0,E1,h5_k0p75,5.0,0.75
baseline_3f,46,cusum_fgo,leader,all,5044,5044.0,0,0,32,32,0.006344171292624901,0.0,0,32,32,0.006344171292624901,0.0,E1,h5_k0p75,5.0,0.75
baseline_3f,46,cusum_fgo,follower,all,1755,1755.0,0,0,0,0,0.0,0.0,0,0,0,0.0,0.0,E1,h5_k0p75,5.0,0.75
baseline_3f,47,cusum_fgo,leader,all,5044,5044.0,0,0,28,28,0.0055511498810467885,0.0,0,28,28,0.0055511498810467885,0.0,E1,h5_k0p75,5.0,0.75
baseline_3f,47,cusum_fgo,follower,all,1755,1755.0,0,0,0,0,0.0,0.0,0,0,0,0.0,0.0,E1,h5_k0p75,5.0,0.75
baseline_3f,48,cusum_fgo,leader,all,5044,5044.0,0,0,26,26,0.005154639175257732,0.0,0,26,26,0.005154639175257732,0.0,E1,h5_k0p75,5.0,0.75
baseline_3f,48,cusum_fgo,follower,all,1755,1755.0,0,0,0,0,0.0,0.0,0,0,0,0.0,0.0,E1,h5_k0p75,5.0,0.75
baseline_3f,49,cusum_fgo,leader,all,5044,5044.0,0,0,28,28,0.0055511498810467885,0.0,0,28,28,0.0055511498810467885,0.0,E1,h5_k0p75,5.0,0.75
baseline_3f,49,cusum_fgo,follower,all,1755,1755.0,0,0,0,0,0.0,0.0,0,0,0,0.0,0.0,E1,h5_k0p75,5.0,0.75
baseline_3f,50,cusum_fgo,leader,all,5044,5044.0,0,0,29,29,0.005749405233941317,0.0,0,29,29,0.005749405233941317,0.0,E1,h5_k0p75,5.0,0.75
baseline_3f,50,cusum_fgo,follower,all,1755,1755.0,0,0,0,0,0.0,0.0,0,0,0,0.0,0.0,E1,h5_k0p75,5.0,0.75
healthy_maneuver,1,cusum_fgo,leader,all,5265,5265.0,0,0,0,0,0.0,0.0,0,0,0,0.0,0.0,E1,h5_k0p75,5.0,0.75
healthy_maneuver,1,cusum_fgo,leader,pre,2196,2196.0,0,0,0,0,0.0,0.0,0,0,0,0.0,0.0,E1,h5_k0p75,5.0,0.75
healthy_maneuver,1,cusum_fgo,leader,maneuver,1809,1809.0,0,0,0,0,0.0,0.0,0,0,0,0.0,0.0,E1,h5_k0p75,5.0,0.75
healthy_maneuver,1,cusum_fgo,leader,post,1260,1260.0,0,0,0,0,0.0,0.0,0,0,0,0.0,0.0,E1,h5_k0p75,5.0,0.75
healthy_maneuver,1,cusum_fgo,follower,all,1755,1755.0,0,0,0,0,0.0,0.0,0,0,0,0.0,0.0,E1,h5_k0p75,5.0,0.75
healthy_maneuver,1,cusum_fgo,follower,pre,732,732.0,0,0,0,0,0.0,0.0,0,0,0,0.0,0.0,E1,h5_k0p75,5.0,0.75
healthy_maneuver,1,cusum_fgo,follower,maneuver,603,603.0,0,0,0,0,0.0,0.0,0,0,0,0.0,0.0,E1,h5_k0p75,5.0,0.75
healthy_maneuver,1,cusum_fgo,follower,post,420,420.0,0,0,0,0,0.0,0.0,0,0,0,0.0,0.0,E1,h5_k0p75,5.0,0.75
healthy_maneuver,2,cusum_fgo,leader,all,5265,5265.0,0,0,0,0,0.0,0.0,0,0,0,0.0,0.0,E1,h5_k0p75,5.0,0.75
healthy_maneuver,2,cusum_fgo,leader,pre,2196,2196.0,0,0,0,0,0.0,0.0,0,0,0,0.0,0.0,E1,h5_k0p75,5.0,0.75
healthy_maneuver,2,cusum_fgo,leader,maneuver,1809,1809.0,0,0,0,0,0.0,0.0,0,0,0,0.0,0.0,E1,h5_k0p75,5.0,0.75
healthy_maneuver,2,cusum_fgo,leader,post,1260,1260.0,0,0,0,0,0.0,0.0,0,0,0,0.0,0.0,E1,h5_k0p75,5.0,0.75
healthy_maneuver,2,cusum_fgo,follower,all,1755,1755.0,0,0,0,0,0.0,0.0,0,0,0,0.0,0.0,E1,h5_k0p75,5.0,0.75
healthy_maneuver,2,cusum_fgo,follower,pre,732,732.0,0,0,0,0,0.0,0.0,0,0,0,0.0,0.0,E1,h5_k0p75,5.0,0.75
healthy_maneuver,2,cusum_fgo,follower,maneuver,603,603.0,0,0,0,0,0.0,0.0,0,0,0,0.0,0.0,E1,h5_k0p75,5.0,0.75
healthy_maneuver,2,cusum_fgo,follower,post,420,420.0,0,0,0,0,0.0,0.0,0,0,0,0.0,0.0,E1,h5_k0p75,5.0,0.75
healthy_maneuver,3,cusum_fgo,leader,all,5265,5265.0,0,0,0,0,0.0,0.0,0,0,0,0.0,0.0,E1,h5_k0p75,5.0,0.75
healthy_maneuver,3,cusum_fgo,leader,pre,2196,2196.0,0,0,0,0,0.0,0.0,0,0,0,0.0,0.0,E1,h5_k0p75,5.0,0.75
healthy_maneuver,3,cusum_fgo,leader,maneuver,1809,1809.0,0,0,0,0,0.0,0.0,0,0,0,0.0,0.0,E1,h5_k0p75,5.0,0.75
healthy_maneuver,3,cusum_fgo,leader,post,1260,1260.0,0,0,0,0,0.0,0.0,0,0,0,0.0,0.0,E1,h5_k0p75,5.0,0.75
healthy_maneuver,3,cusum_fgo,follower,all,1755,1755.0,0,1,106,0,0.0603988603988604,2.0512820512820515,0,0,0,0.0,0.0,E1,h5_k0p75,5.0,0.75
healthy_maneuver,3,cusum_fgo,follower,pre,732,732.0,0,0,0,0,0.0,0.0,0,0,0,0.0,0.0,E1,h5_k0p75,5.0,0.75
healthy_maneuver,3,cusum_fgo,follower,maneuver,603,603.0,0,1,106,0,0.175787728026534,5.970149253731343,0,0,0,0.0,0.0,E1,h5_k0p75,5.0,0.75
healthy_maneuver,3,cusum_fgo,follower,post,420,420.0,0,0,0,0,0.0,0.0,0,0,0,0.0,0.0,E1,h5_k0p75,5.0,0.75
healthy_maneuver,4,cusum_fgo,leader,all,5265,5265.0,0,0,0,0,0.0,0.0,0,0,0,0.0,0.0,E1,h5_k0p75,5.0,0.75
healthy_maneuver,4,cusum_fgo,leader,pre,2196,2196.0,0,0,0,0,0.0,0.0,0,0,0,0.0,0.0,E1,h5_k0p75,5.0,0.75
healthy_maneuver,4,cusum_fgo,leader,maneuver,1809,1809.0,0,0,0,0,0.0,0.0,0,0,0,0.0,0.0,E1,h5_k0p75,5.0,0.75
healthy_maneuver,4,cusum_fgo,leader,post,1260,1260.0,0,0,0,0,0.0,0.0,0,0,0,0.0,0.0,E1,h5_k0p75,5.0,0.75
healthy_maneuver,4,cusum_fgo,follower,all,1755,1755.0,0,1,172,0,0.098005698005698,2.0512820512820515,0,0,0,0.0,0.0,E1,h5_k0p75,5.0,0.75
healthy_maneuver,4,cusum_fgo,follower,pre,732,732.0,0,0,0,0,0.0,0.0,0,0,0,0.0,0.0,E1,h5_k0p75,5.0,0.75
healthy_maneuver,4,cusum_fgo,follower,maneuver,603,603.0,0,1,32,0,0.05306799336650083,5.970149253731343,0,0,0,0.0,0.0,E1,h5_k0p75,5.0,0.75
healthy_maneuver,4,cusum_fgo,follower,post,420,420.0,0,0,140,0,0.3333333333333333,0.0,0,0,0,0.0,0.0,E1,h5_k0p75,5.0,0.75
healthy_maneuver,5,cusum_fgo,leader,all,5265,5265.0,0,0,0,0,0.0,0.0,0,0,0,0.0,0.0,E1,h5_k0p75,5.0,0.75
healthy_maneuver,5,cusum_fgo,leader,pre,2196,2196.0,0,0,0,0,0.0,0.0,0,0,0,0.0,0.0,E1,h5_k0p75,5.0,0.75
healthy_maneuver,5,cusum_fgo,leader,maneuver,1809,1809.0,0,0,0,0,0.0,0.0,0,0,0,0.0,0.0,E1,h5_k0p75,5.0,0.75
healthy_maneuver,5,cusum_fgo,leader,post,1260,1260.0,0,0,0,0,0.0,0.0,0,0,0,0.0,0.0,E1,h5_k0p75,5.0,0.75
healthy_maneuver,5,cusum_fgo,follower,all,1755,1755.0,0,2,281,0,0.16011396011396012,4.102564102564103,0,0,0,0.0,0.0,E1,h5_k0p75,5.0,0.75
healthy_maneuver,5,cusum_fgo,follower,pre,732,732.0,0,0,0,0,0.0,0.0,0,0,0,0.0,0.0,E1,h5_k0p75,5.0,0.75
healthy_maneuver,5,cusum_fgo,follower,maneuver,603,603.0,0,2,141,0,0.23383084577114427,11.940298507462686,0,0,0,0.0,0.0,E1,h5_k0p75,5.0,0.75
healthy_maneuver,5,cusum_fgo,follower,post,420,420.0,0,0,140,0,0.3333333333333333,0.0,0,0,0,0.0,0.0,E1,h5_k0p75,5.0,0.75
healthy_maneuver,6,cusum_fgo,leader,all,5265,5265.0,0,0,0,0,0.0,0.0,0,0,0,0.0,0.0,E1,h5_k0p75,5.0,0.75
healthy_maneuver,6,cusum_fgo,leader,pre,2196,2196.0,0,0,0,0,0.0,0.0,0,0,0,0.0,0.0,E1,h5_k0p75,5.0,0.75
healthy_maneuver,6,cusum_fgo,leader,maneuver,1809,1809.0,0,0,0,0,0.0,0.0,0,0,0,0.0,0.0,E1,h5_k0p75,5.0,0.75
healthy_maneuver,6,cusum_fgo,leader,post,1260,1260.0,0,0,0,0,0.0,0.0,0,0,0,0.0,0.0,E1,h5_k0p75,5.0,0.75
healthy_maneuver,6,cusum_fgo,follower,all,1755,1755.0,0,0,0,0,0.0,0.0,0,0,0,0.0,0.0,E1,h5_k0p75,5.0,0.75
healthy_maneuver,6,cusum_fgo,follower,pre,732,732.0,0,0,0,0,0.0,0.0,0,0,0,0.0,0.0,E1,h5_k0p75,5.0,0.75
healthy_maneuver,6,cusum_fgo,follower,maneuver,603,603.0,0,0,0,0,0.0,0.0,0,0,0,0.0,0.0,E1,h5_k0p75,5.0,0.75
healthy_maneuver,6,cusum_fgo,follower,post,420,420.0,0,0,0,0,0.0,0.0,0,0,0,0.0,0.0,E1,h5_k0p75,5.0,0.75
healthy_maneuver,7,cusum_fgo,leader,all,5265,5265.0,0,0,0,0,0.0,0.0,0,0,0,0.0,0.0,E1,h5_k0p75,5.0,0.75
healthy_maneuver,7,cusum_fgo,leader,pre,2196,2196.0,0,0,0,0,0.0,0.0,0,0,0,0.0,0.0,E1,h5_k0p75,5.0,0.75
healthy_maneuver,7,cusum_fgo,leader,maneuver,1809,1809.0,0,0,0,0,0.0,0.0,0,0,0,0.0,0.0,E1,h5_k0p75,5.0,0.75
healthy_maneuver,7,cusum_fgo,leader,post,1260,1260.0,0,0,0,0,0.0,0.0,0,0,0,0.0,0.0,E1,h5_k0p75,5.0,0.75
healthy_maneuver,7,cusum_fgo,follower,all,1755,1755.0,0,0,0,0,0.0,0.0,0,0,0,0.0,0.0,E1,h5_k0p75,5.0,0.75
healthy_maneuver,7,cusum_fgo,follower,pre,732,732.0,0,0,0,0,0.0,0.0,0,0,0,0.0,0.0,E1,h5_k0p75,5.0,0.75
healthy_maneuver,7,cusum_fgo,follower,maneuver,603,603.0,0,0,0,0,0.0,0.0,0,0,0,0.0,0.0,E1,h5_k0p75,5.0,0.75
healthy_maneuver,7,cusum_fgo,follower,post,420,420.0,0,0,0,0,0.0,0.0,0,0,0,0.0,0.0,E1,h5_k0p75,5.0,0.75
healthy_maneuver,8,cusum_fgo,leader,all,5265,5265.0,0,0,0,0,0.0,0.0,0,0,0,0.0,0.0,E1,h5_k0p75,5.0,0.75
healthy_maneuver,8,cusum_fgo,leader,pre,2196,2196.0,0,0,0,0,0.0,0.0,0,0,0,0.0,0.0,E1,h5_k0p75,5.0,0.75
healthy_maneuver,8,cusum_fgo,leader,maneuver,1809,1809.0,0,0,0,0,0.0,0.0,0,0,0,0.0,0.0,E1,h5_k0p75,5.0,0.75
healthy_maneuver,8,cusum_fgo,leader,post,1260,1260.0,0,0,0,0,0.0,0.0,0,0,0,0.0,0.0,E1,h5_k0p75,5.0,0.75
healthy_maneuver,8,cusum_fgo,follower,all,1755,1755.0,0,1,4,0,0.002279202279202279,2.0512820512820515,0,0,0,0.0,0.0,E1,h5_k0p75,5.0,0.75
healthy_maneuver,8,cusum_fgo,follower,pre,732,732.0,0,0,0,0,0.0,0.0,0,0,0,0.0,0.0,E1,h5_k0p75,5.0,0.75
healthy_maneuver,8,cusum_fgo,follower,maneuver,603,603.0,0,1,4,0,0.006633499170812604,5.970149253731343,0,0,0,0.0,0.0,E1,h5_k0p75,5.0,0.75
healthy_maneuver,8,cusum_fgo,follower,post,420,420.0,0,0,0,0,0.0,0.0,0,0,0,0.0,0.0,E1,h5_k0p75,5.0,0.75
healthy_maneuver,9,cusum_fgo,leader,all,5265,5265.0,0,0,0,0,0.0,0.0,0,0,0,0.0,0.0,E1,h5_k0p75,5.0,0.75
healthy_maneuver,9,cusum_fgo,leader,pre,2196,2196.0,0,0,0,0,0.0,0.0,0,0,0,0.0,0.0,E1,h5_k0p75,5.0,0.75
healthy_maneuver,9,cusum_fgo,leader,maneuver,1809,1809.0,0,0,0,0,0.0,0.0,0,0,0,0.0,0.0,E1,h5_k0p75,5.0,0.75
healthy_maneuver,9,cusum_fgo,leader,post,1260,1260.0,0,0,0,0,0.0,0.0,0,0,0,0.0,0.0,E1,h5_k0p75,5.0,0.75
healthy_maneuver,9,cusum_fgo,follower,all,1755,1755.0,0,1,108,0,0.06153846153846154,2.0512820512820515,0,0,0,0.0,0.0,E1,h5_k0p75,5.0,0.75
healthy_maneuver,9,cusum_fgo,follower,pre,732,732.0,0,0,0,0,0.0,0.0,0,0,0,0.0,0.0,E1,h5_k0p75,5.0,0.75
healthy_maneuver,9,cusum_fgo,follower,maneuver,603,603.0,0,1,108,0,0.1791044776119403,5.970149253731343,0,0,0,0.0,0.0,E1,h5_k0p75,5.0,0.75
healthy_maneuver,9,cusum_fgo,follower,post,420,420.0,0,0,0,0,0.0,0.0,0,0,0,0.0,0.0,E1,h5_k0p75,5.0,0.75
healthy_maneuver,10,cusum_fgo,leader,all,5265,5265.0,0,0,0,0,0.0,0.0,0,0,0,0.0,0.0,E1,h5_k0p75,5.0,0.75
healthy_maneuver,10,cusum_fgo,leader,pre,2196,2196.0,0,0,0,0,0.0,0.0,0,0,0,0.0,0.0,E1,h5_k0p75,5.0,0.75
healthy_maneuver,10,cusum_fgo,leader,maneuver,1809,1809.0,0,0,0,0,0.0,0.0,0,0,0,0.0,0.0,E1,h5_k0p75,5.0,0.75
healthy_maneuver,10,cusum_fgo,leader,post,1260,1260.0,0,0,0,0,0.0,0.0,0,0,0,0.0,0.0,E1,h5_k0p75,5.0,0.75
healthy_maneuver,10,cusum_fgo,follower,all,1755,1755.0,0,1,118,0,0.06723646723646724,2.0512820512820515,0,0,0,0.0,0.0,E1,h5_k0p75,5.0,0.75
healthy_maneuver,10,cusum_fgo,follower,pre,732,732.0,0,0,0,0,0.0,0.0,0,0,0,0.0,0.0,E1,h5_k0p75,5.0,0.75
healthy_maneuver,10,cusum_fgo,follower,maneuver,603,603.0,0,1,118,0,0.1956882255389718,5.970149253731343,0,0,0,0.0,0.0,E1,h5_k0p75,5.0,0.75
healthy_maneuver,10,cusum_fgo,follower,post,420,420.0,0,0,0,0,0.0,0.0,0,0,0,0.0,0.0,E1,h5_k0p75,5.0,0.75
healthy_maneuver,11,cusum_fgo,leader,all,5265,5265.0,0,0,0,0,0.0,0.0,0,0,0,0.0,0.0,E1,h5_k0p75,5.0,0.75
healthy_maneuver,11,cusum_fgo,leader,pre,2196,2196.0,0,0,0,0,0.0,0.0,0,0,0,0.0,0.0,E1,h5_k0p75,5.0,0.75
healthy_maneuver,11,cusum_fgo,leader,maneuver,1809,1809.0,0,0,0,0,0.0,0.0,0,0,0,0.0,0.0,E1,h5_k0p75,5.0,0.75
healthy_maneuver,11,cusum_fgo,leader,post,1260,1260.0,0,0,0,0,0.0,0.0,0,0,0,0.0,0.0,E1,h5_k0p75,5.0,0.75
healthy_maneuver,11,cusum_fgo,follower,all,1755,1755.0,0,1,101,0,0.05754985754985755,2.0512820512820515,0,0,0,0.0,0.0,E1,h5_k0p75,5.0,0.75
healthy_maneuver,11,cusum_fgo,follower,pre,732,732.0,0,0,0,0,0.0,0.0,0,0,0,0.0,0.0,E1,h5_k0p75,5.0,0.75
healthy_maneuver,11,cusum_fgo,follower,maneuver,603,603.0,0,1,101,0,0.16749585406301823,5.970149253731343,0,0,0,0.0,0.0,E1,h5_k0p75,5.0,0.75
healthy_maneuver,11,cusum_fgo,follower,post,420,420.0,0,0,0,0,0.0,0.0,0,0,0,0.0,0.0,E1,h5_k0p75,5.0,0.75
healthy_maneuver,12,cusum_fgo,leader,all,5265,5265.0,0,0,0,0,0.0,0.0,0,0,0,0.0,0.0,E1,h5_k0p75,5.0,0.75
healthy_maneuver,12,cusum_fgo,leader,pre,2196,2196.0,0,0,0,0,0.0,0.0,0,0,0,0.0,0.0,E1,h5_k0p75,5.0,0.75
healthy_maneuver,12,cusum_fgo,leader,maneuver,1809,1809.0,0,0,0,0,0.0,0.0,0,0,0,0.0,0.0,E1,h5_k0p75,5.0,0.75
healthy_maneuver,12,cusum_fgo,leader,post,1260,1260.0,0,0,0,0,0.0,0.0,0,0,0,0.0,0.0,E1,h5_k0p75,5.0,0.75
healthy_maneuver,12,cusum_fgo,follower,all,1755,1755.0,0,1,75,0,0.042735042735042736,2.0512820512820515,0,0,0,0.0,0.0,E1,h5_k0p75,5.0,0.75
healthy_maneuver,12,cusum_fgo,follower,pre,732,732.0,0,0,0,0,0.0,0.0,0,0,0,0.0,0.0,E1,h5_k0p75,5.0,0.75
healthy_maneuver,12,cusum_fgo,follower,maneuver,603,603.0,0,1,75,0,0.12437810945273632,5.970149253731343,0,0,0,0.0,0.0,E1,h5_k0p75,5.0,0.75
healthy_maneuver,12,cusum_fgo,follower,post,420,420.0,0,0,0,0,0.0,0.0,0,0,0,0.0,0.0,E1,h5_k0p75,5.0,0.75
healthy_maneuver,13,cusum_fgo,leader,all,5265,5265.0,0,0,0,0,0.0,0.0,0,0,0,0.0,0.0,E1,h5_k0p75,5.0,0.75
healthy_maneuver,13,cusum_fgo,leader,pre,2196,2196.0,0,0,0,0,0.0,0.0,0,0,0,0.0,0.0,E1,h5_k0p75,5.0,0.75
healthy_maneuver,13,cusum_fgo,leader,maneuver,1809,1809.0,0,0,0,0,0.0,0.0,0,0,0,0.0,0.0,E1,h5_k0p75,5.0,0.75
healthy_maneuver,13,cusum_fgo,leader,post,1260,1260.0,0,0,0,0,0.0,0.0,0,0,0,0.0,0.0,E1,h5_k0p75,5.0,0.75
healthy_maneuver,13,cusum_fgo,follower,all,1755,1755.0,0,1,106,0,0.0603988603988604,2.0512820512820515,0,0,0,0.0,0.0,E1,h5_k0p75,5.0,0.75
healthy_maneuver,13,cusum_fgo,follower,pre,732,732.0,0,0,0,0,0.0,0.0,0,0,0,0.0,0.0,E1,h5_k0p75,5.0,0.75
healthy_maneuver,13,cusum_fgo,follower,maneuver,603,603.0,0,1,106,0,0.175787728026534,5.970149253731343,0,0,0,0.0,0.0,E1,h5_k0p75,5.0,0.75
healthy_maneuver,13,cusum_fgo,follower,post,420,420.0,0,0,0,0,0.0,0.0,0,0,0,0.0,0.0,E1,h5_k0p75,5.0,0.75
healthy_maneuver,14,cusum_fgo,leader,all,5265,5265.0,0,0,0,0,0.0,0.0,0,0,0,0.0,0.0,E1,h5_k0p75,5.0,0.75
healthy_maneuver,14,cusum_fgo,leader,pre,2196,2196.0,0,0,0,0,0.0,0.0,0,0,0,0.0,0.0,E1,h5_k0p75,5.0,0.75
healthy_maneuver,14,cusum_fgo,leader,maneuver,1809,1809.0,0,0,0,0,0.0,0.0,0,0,0,0.0,0.0,E1,h5_k0p75,5.0,0.75
healthy_maneuver,14,cusum_fgo,leader,post,1260,1260.0,0,0,0,0,0.0,0.0,0,0,0,0.0,0.0,E1,h5_k0p75,5.0,0.75
healthy_maneuver,14,cusum_fgo,follower,all,1755,1755.0,0,1,174,0,0.09914529914529914,2.0512820512820515,0,0,0,0.0,0.0,E1,h5_k0p75,5.0,0.75
healthy_maneuver,14,cusum_fgo,follower,pre,732,732.0,0,0,0,0,0.0,0.0,0,0,0,0.0,0.0,E1,h5_k0p75,5.0,0.75
healthy_maneuver,14,cusum_fgo,follower,maneuver,603,603.0,0,1,34,0,0.05638474295190713,5.970149253731343,0,0,0,0.0,0.0,E1,h5_k0p75,5.0,0.75
healthy_maneuver,14,cusum_fgo,follower,post,420,420.0,0,0,140,0,0.3333333333333333,0.0,0,0,0,0.0,0.0,E1,h5_k0p75,5.0,0.75
healthy_maneuver,15,cusum_fgo,leader,all,5265,5265.0,0,0,0,0,0.0,0.0,0,0,0,0.0,0.0,E1,h5_k0p75,5.0,0.75
healthy_maneuver,15,cusum_fgo,leader,pre,2196,2196.0,0,0,0,0,0.0,0.0,0,0,0,0.0,0.0,E1,h5_k0p75,5.0,0.75
healthy_maneuver,15,cusum_fgo,leader,maneuver,1809,1809.0,0,0,0,0,0.0,0.0,0,0,0,0.0,0.0,E1,h5_k0p75,5.0,0.75
healthy_maneuver,15,cusum_fgo,leader,post,1260,1260.0,0,0,0,0,0.0,0.0,0,0,0,0.0,0.0,E1,h5_k0p75,5.0,0.75
healthy_maneuver,15,cusum_fgo,follower,all,1755,1755.0,0,0,0,0,0.0,0.0,0,0,0,0.0,0.0,E1,h5_k0p75,5.0,0.75
healthy_maneuver,15,cusum_fgo,follower,pre,732,732.0,0,0,0,0,0.0,0.0,0,0,0,0.0,0.0,E1,h5_k0p75,5.0,0.75
healthy_maneuver,15,cusum_fgo,follower,maneuver,603,603.0,0,0,0,0,0.0,0.0,0,0,0,0.0,0.0,E1,h5_k0p75,5.0,0.75
healthy_maneuver,15,cusum_fgo,follower,post,420,420.0,0,0,0,0,0.0,0.0,0,0,0,0.0,0.0,E1,h5_k0p75,5.0,0.75
healthy_maneuver,16,cusum_fgo,leader,all,5265,5265.0,0,0,0,0,0.0,0.0,0,0,0,0.0,0.0,E1,h5_k0p75,5.0,0.75
healthy_maneuver,16,cusum_fgo,leader,pre,2196,2196.0,0,0,0,0,0.0,0.0,0,0,0,0.0,0.0,E1,h5_k0p75,5.0,0.75
healthy_maneuver,16,cusum_fgo,leader,maneuver,1809,1809.0,0,0,0,0,0.0,0.0,0,0,0,0.0,0.0,E1,h5_k0p75,5.0,0.75
healthy_maneuver,16,cusum_fgo,leader,post,1260,1260.0,0,0,0,0,0.0,0.0,0,0,0,0.0,0.0,E1,h5_k0p75,5.0,0.75
healthy_maneuver,16,cusum_fgo,follower,all,1755,1755.0,0,1,105,0,0.05982905982905983,2.0512820512820515,0,0,0,0.0,0.0,E1,h5_k0p75,5.0,0.75
healthy_maneuver,16,cusum_fgo,follower,pre,732,732.0,0,0,0,0,0.0,0.0,0,0,0,0.0,0.0,E1,h5_k0p75,5.0,0.75
healthy_maneuver,16,cusum_fgo,follower,maneuver,603,603.0,0,1,105,0,0.17412935323383086,5.970149253731343,0,0,0,0.0,0.0,E1,h5_k0p75,5.0,0.75
healthy_maneuver,16,cusum_fgo,follower,post,420,420.0,0,0,0,0,0.0,0.0,0,0,0,0.0,0.0,E1,h5_k0p75,5.0,0.75
healthy_maneuver,17,cusum_fgo,leader,all,5265,5265.0,0,0,0,0,0.0,0.0,0,0,0,0.0,0.0,E1,h5_k0p75,5.0,0.75
healthy_maneuver,17,cusum_fgo,leader,pre,2196,2196.0,0,0,0,0,0.0,0.0,0,0,0,0.0,0.0,E1,h5_k0p75,5.0,0.75
healthy_maneuver,17,cusum_fgo,leader,maneuver,1809,1809.0,0,0,0,0,0.0,0.0,0,0,0,0.0,0.0,E1,h5_k0p75,5.0,0.75
healthy_maneuver,17,cusum_fgo,leader,post,1260,1260.0,0,0,0,0,0.0,0.0,0,0,0,0.0,0.0,E1,h5_k0p75,5.0,0.75
healthy_maneuver,17,cusum_fgo,follower,all,1755,1755.0,0,0,0,0,0.0,0.0,0,0,0,0.0,0.0,E1,h5_k0p75,5.0,0.75
healthy_maneuver,17,cusum_fgo,follower,pre,732,732.0,0,0,0,0,0.0,0.0,0,0,0,0.0,0.0,E1,h5_k0p75,5.0,0.75
healthy_maneuver,17,cusum_fgo,follower,maneuver,603,603.0,0,0,0,0,0.0,0.0,0,0,0,0.0,0.0,E1,h5_k0p75,5.0,0.75
healthy_maneuver,17,cusum_fgo,follower,post,420,420.0,0,0,0,0,0.0,0.0,0,0,0,0.0,0.0,E1,h5_k0p75,5.0,0.75
healthy_maneuver,18,cusum_fgo,leader,all,5265,5265.0,0,0,0,0,0.0,0.0,0,0,0,0.0,0.0,E1,h5_k0p75,5.0,0.75
healthy_maneuver,18,cusum_fgo,leader,pre,2196,2196.0,0,0,0,0,0.0,0.0,0,0,0,0.0,0.0,E1,h5_k0p75,5.0,0.75
healthy_maneuver,18,cusum_fgo,leader,maneuver,1809,1809.0,0,0,0,0,0.0,0.0,0,0,0,0.0,0.0,E1,h5_k0p75,5.0,0.75
healthy_maneuver,18,cusum_fgo,leader,post,1260,1260.0,0,0,0,0,0.0,0.0,0,0,0,0.0,0.0,E1,h5_k0p75,5.0,0.75
healthy_maneuver,18,cusum_fgo,follower,all,1755,1755.0,0,0,0,0,0.0,0.0,0,0,0,0.0,0.0,E1,h5_k0p75,5.0,0.75
healthy_maneuver,18,cusum_fgo,follower,pre,732,732.0,0,0,0,0,0.0,0.0,0,0,0,0.0,0.0,E1,h5_k0p75,5.0,0.75
healthy_maneuver,18,cusum_fgo,follower,maneuver,603,603.0,0,0,0,0,0.0,0.0,0,0,0,0.0,0.0,E1,h5_k0p75,5.0,0.75
healthy_maneuver,18,cusum_fgo,follower,post,420,420.0,0,0,0,0,0.0,0.0,0,0,0,0.0,0.0,E1,h5_k0p75,5.0,0.75
healthy_maneuver,19,cusum_fgo,leader,all,5265,5265.0,0,0,0,0,0.0,0.0,0,0,0,0.0,0.0,E1,h5_k0p75,5.0,0.75
healthy_maneuver,19,cusum_fgo,leader,pre,2196,2196.0,0,0,0,0,0.0,0.0,0,0,0,0.0,0.0,E1,h5_k0p75,5.0,0.75
healthy_maneuver,19,cusum_fgo,leader,maneuver,1809,1809.0,0,0,0,0,0.0,0.0,0,0,0,0.0,0.0,E1,h5_k0p75,5.0,0.75
healthy_maneuver,19,cusum_fgo,leader,post,1260,1260.0,0,0,0,0,0.0,0.0,0,0,0,0.0,0.0,E1,h5_k0p75,5.0,0.75
healthy_maneuver,19,cusum_fgo,follower,all,1755,1755.0,0,0,0,0,0.0,0.0,0,0,0,0.0,0.0,E1,h5_k0p75,5.0,0.75
healthy_maneuver,19,cusum_fgo,follower,pre,732,732.0,0,0,0,0,0.0,0.0,0,0,0,0.0,0.0,E1,h5_k0p75,5.0,0.75
healthy_maneuver,19,cusum_fgo,follower,maneuver,603,603.0,0,0,0,0,0.0,0.0,0,0,0,0.0,0.0,E1,h5_k0p75,5.0,0.75
healthy_maneuver,19,cusum_fgo,follower,post,420,420.0,0,0,0,0,0.0,0.0,0,0,0,0.0,0.0,E1,h5_k0p75,5.0,0.75
healthy_maneuver,20,cusum_fgo,leader,all,5265,5265.0,0,0,0,0,0.0,0.0,0,0,0,0.0,0.0,E1,h5_k0p75,5.0,0.75
healthy_maneuver,20,cusum_fgo,leader,pre,2196,2196.0,0,0,0,0,0.0,0.0,0,0,0,0.0,0.0,E1,h5_k0p75,5.0,0.75
healthy_maneuver,20,cusum_fgo,leader,maneuver,1809,1809.0,0,0,0,0,0.0,0.0,0,0,0,0.0,0.0,E1,h5_k0p75,5.0,0.75
healthy_maneuver,20,cusum_fgo,leader,post,1260,1260.0,0,0,0,0,0.0,0.0,0,0,0,0.0,0.0,E1,h5_k0p75,5.0,0.75
healthy_maneuver,20,cusum_fgo,follower,all,1755,1755.0,0,1,118,0,0.06723646723646724,2.0512820512820515,0,0,0,0.0,0.0,E1,h5_k0p75,5.0,0.75
healthy_maneuver,20,cusum_fgo,follower,pre,732,732.0,0,0,0,0,0.0,0.0,0,0,0,0.0,0.0,E1,h5_k0p75,5.0,0.75
healthy_maneuver,20,cusum_fgo,follower,maneuver,603,603.0,0,1,118,0,0.1956882255389718,5.970149253731343,0,0,0,0.0,0.0,E1,h5_k0p75,5.0,0.75
healthy_maneuver,20,cusum_fgo,follower,post,420,420.0,0,0,0,0,0.0,0.0,0,0,0,0.0,0.0,E1,h5_k0p75,5.0,0.75
healthy_maneuver,21,cusum_fgo,leader,all,5265,5265.0,0,0,0,0,0.0,0.0,0,0,0,0.0,0.0,E1,h5_k0p75,5.0,0.75
healthy_maneuver,21,cusum_fgo,leader,pre,2196,2196.0,0,0,0,0,0.0,0.0,0,0,0,0.0,0.0,E1,h5_k0p75,5.0,0.75
healthy_maneuver,21,cusum_fgo,leader,maneuver,1809,1809.0,0,0,0,0,0.0,0.0,0,0,0,0.0,0.0,E1,h5_k0p75,5.0,0.75
healthy_maneuver,21,cusum_fgo,leader,post,1260,1260.0,0,0,0,0,0.0,0.0,0,0,0,0.0,0.0,E1,h5_k0p75,5.0,0.75
healthy_maneuver,21,cusum_fgo,follower,all,1755,1755.0,0,1,142,0,0.08091168091168091,2.0512820512820515,0,0,0,0.0,0.0,E1,h5_k0p75,5.0,0.75
healthy_maneuver,21,cusum_fgo,follower,pre,732,732.0,0,0,0,0,0.0,0.0,0,0,0,0.0,0.0,E1,h5_k0p75,5.0,0.75
healthy_maneuver,21,cusum_fgo,follower,maneuver,603,603.0,0,1,138,0,0.22885572139303484,5.970149253731343,0,0,0,0.0,0.0,E1,h5_k0p75,5.0,0.75
healthy_maneuver,21,cusum_fgo,follower,post,420,420.0,0,0,4,0,0.009523809523809525,0.0,0,0,0,0.0,0.0,E1,h5_k0p75,5.0,0.75
healthy_maneuver,22,cusum_fgo,leader,all,5265,5265.0,0,0,0,0,0.0,0.0,0,0,0,0.0,0.0,E1,h5_k0p75,5.0,0.75
healthy_maneuver,22,cusum_fgo,leader,pre,2196,2196.0,0,0,0,0,0.0,0.0,0,0,0,0.0,0.0,E1,h5_k0p75,5.0,0.75
healthy_maneuver,22,cusum_fgo,leader,maneuver,1809,1809.0,0,0,0,0,0.0,0.0,0,0,0,0.0,0.0,E1,h5_k0p75,5.0,0.75
healthy_maneuver,22,cusum_fgo,leader,post,1260,1260.0,0,0,0,0,0.0,0.0,0,0,0,0.0,0.0,E1,h5_k0p75,5.0,0.75
healthy_maneuver,22,cusum_fgo,follower,all,1755,1755.0,0,1,275,0,0.15669515669515668,2.0512820512820515,0,0,0,0.0,0.0,E1,h5_k0p75,5.0,0.75
healthy_maneuver,22,cusum_fgo,follower,pre,732,732.0,0,0,0,0,0.0,0.0,0,0,0,0.0,0.0,E1,h5_k0p75,5.0,0.75
healthy_maneuver,22,cusum_fgo,follower,maneuver,603,603.0,0,1,135,0,0.22388059701492538,5.970149253731343,0,0,0,0.0,0.0,E1,h5_k0p75,5.0,0.75
healthy_maneuver,22,cusum_fgo,follower,post,420,420.0,0,0,140,0,0.3333333333333333,0.0,0,0,0,0.0,0.0,E1,h5_k0p75,5.0,0.75
healthy_maneuver,23,cusum_fgo,leader,all,5265,5265.0,0,0,0,0,0.0,0.0,0,0,0,0.0,0.0,E1,h5_k0p75,5.0,0.75
healthy_maneuver,23,cusum_fgo,leader,pre,2196,2196.0,0,0,0,0,0.0,0.0,0,0,0,0.0,0.0,E1,h5_k0p75,5.0,0.75
healthy_maneuver,23,cusum_fgo,leader,maneuver,1809,1809.0,0,0,0,0,0.0,0.0,0,0,0,0.0,0.0,E1,h5_k0p75,5.0,0.75
healthy_maneuver,23,cusum_fgo,leader,post,1260,1260.0,0,0,0,0,0.0,0.0,0,0,0,0.0,0.0,E1,h5_k0p75,5.0,0.75
healthy_maneuver,23,cusum_fgo,follower,all,1755,1755.0,0,0,0,0,0.0,0.0,0,0,0,0.0,0.0,E1,h5_k0p75,5.0,0.75
healthy_maneuver,23,cusum_fgo,follower,pre,732,732.0,0,0,0,0,0.0,0.0,0,0,0,0.0,0.0,E1,h5_k0p75,5.0,0.75
healthy_maneuver,23,cusum_fgo,follower,maneuver,603,603.0,0,0,0,0,0.0,0.0,0,0,0,0.0,0.0,E1,h5_k0p75,5.0,0.75
healthy_maneuver,23,cusum_fgo,follower,post,420,420.0,0,0,0,0,0.0,0.0,0,0,0,0.0,0.0,E1,h5_k0p75,5.0,0.75
healthy_maneuver,24,cusum_fgo,leader,all,5265,5265.0,0,0,0,0,0.0,0.0,0,0,0,0.0,0.0,E1,h5_k0p75,5.0,0.75
healthy_maneuver,24,cusum_fgo,leader,pre,2196,2196.0,0,0,0,0,0.0,0.0,0,0,0,0.0,0.0,E1,h5_k0p75,5.0,0.75
healthy_maneuver,24,cusum_fgo,leader,maneuver,1809,1809.0,0,0,0,0,0.0,0.0,0,0,0,0.0,0.0,E1,h5_k0p75,5.0,0.75
healthy_maneuver,24,cusum_fgo,leader,post,1260,1260.0,0,0,0,0,0.0,0.0,0,0,0,0.0,0.0,E1,h5_k0p75,5.0,0.75
healthy_maneuver,24,cusum_fgo,follower,all,1755,1755.0,0,0,0,0,0.0,0.0,0,0,0,0.0,0.0,E1,h5_k0p75,5.0,0.75
healthy_maneuver,24,cusum_fgo,follower,pre,732,732.0,0,0,0,0,0.0,0.0,0,0,0,0.0,0.0,E1,h5_k0p75,5.0,0.75
healthy_maneuver,24,cusum_fgo,follower,maneuver,603,603.0,0,0,0,0,0.0,0.0,0,0,0,0.0,0.0,E1,h5_k0p75,5.0,0.75
healthy_maneuver,24,cusum_fgo,follower,post,420,420.0,0,0,0,0,0.0,0.0,0,0,0,0.0,0.0,E1,h5_k0p75,5.0,0.75
healthy_maneuver,25,cusum_fgo,leader,all,5265,5265.0,0,0,0,0,0.0,0.0,0,0,0,0.0,0.0,E1,h5_k0p75,5.0,0.75
healthy_maneuver,25,cusum_fgo,leader,pre,2196,2196.0,0,0,0,0,0.0,0.0,0,0,0,0.0,0.0,E1,h5_k0p75,5.0,0.75
healthy_maneuver,25,cusum_fgo,leader,maneuver,1809,1809.0,0,0,0,0,0.0,0.0,0,0,0,0.0,0.0,E1,h5_k0p75,5.0,0.75
healthy_maneuver,25,cusum_fgo,leader,post,1260,1260.0,0,0,0,0,0.0,0.0,0,0,0,0.0,0.0,E1,h5_k0p75,5.0,0.75
healthy_maneuver,25,cusum_fgo,follower,all,1755,1755.0,0,0,0,0,0.0,0.0,0,0,0,0.0,0.0,E1,h5_k0p75,5.0,0.75
healthy_maneuver,25,cusum_fgo,follower,pre,732,732.0,0,0,0,0,0.0,0.0,0,0,0,0.0,0.0,E1,h5_k0p75,5.0,0.75
healthy_maneuver,25,cusum_fgo,follower,maneuver,603,603.0,0,0,0,0,0.0,0.0,0,0,0,0.0,0.0,E1,h5_k0p75,5.0,0.75
healthy_maneuver,25,cusum_fgo,follower,post,420,420.0,0,0,0,0,0.0,0.0,0,0,0,0.0,0.0,E1,h5_k0p75,5.0,0.75
healthy_maneuver,26,cusum_fgo,leader,all,5265,5265.0,0,0,0,0,0.0,0.0,0,0,0,0.0,0.0,E1,h5_k0p75,5.0,0.75
healthy_maneuver,26,cusum_fgo,leader,pre,2196,2196.0,0,0,0,0,0.0,0.0,0,0,0,0.0,0.0,E1,h5_k0p75,5.0,0.75
healthy_maneuver,26,cusum_fgo,leader,maneuver,1809,1809.0,0,0,0,0,0.0,0.0,0,0,0,0.0,0.0,E1,h5_k0p75,5.0,0.75
healthy_maneuver,26,cusum_fgo,leader,post,1260,1260.0,0,0,0,0,0.0,0.0,0,0,0,0.0,0.0,E1,h5_k0p75,5.0,0.75
healthy_maneuver,26,cusum_fgo,follower,all,1755,1755.0,0,1,272,0,0.15498575498575498,2.0512820512820515,0,0,0,0.0,0.0,E1,h5_k0p75,5.0,0.75
healthy_maneuver,26,cusum_fgo,follower,pre,732,732.0,0,0,0,0,0.0,0.0,0,0,0,0.0,0.0,E1,h5_k0p75,5.0,0.75
healthy_maneuver,26,cusum_fgo,follower,maneuver,603,603.0,0,1,132,0,0.21890547263681592,5.970149253731343,0,0,0,0.0,0.0,E1,h5_k0p75,5.0,0.75
healthy_maneuver,26,cusum_fgo,follower,post,420,420.0,0,0,140,0,0.3333333333333333,0.0,0,0,0,0.0,0.0,E1,h5_k0p75,5.0,0.75
healthy_maneuver,27,cusum_fgo,leader,all,5265,5265.0,0,0,0,0,0.0,0.0,0,0,0,0.0,0.0,E1,h5_k0p75,5.0,0.75
healthy_maneuver,27,cusum_fgo,leader,pre,2196,2196.0,0,0,0,0,0.0,0.0,0,0,0,0.0,0.0,E1,h5_k0p75,5.0,0.75
healthy_maneuver,27,cusum_fgo,leader,maneuver,1809,1809.0,0,0,0,0,0.0,0.0,0,0,0,0.0,0.0,E1,h5_k0p75,5.0,0.75
healthy_maneuver,27,cusum_fgo,leader,post,1260,1260.0,0,0,0,0,0.0,0.0,0,0,0,0.0,0.0,E1,h5_k0p75,5.0,0.75
healthy_maneuver,27,cusum_fgo,follower,all,1755,1755.0,0,1,116,0,0.0660968660968661,2.0512820512820515,0,0,0,0.0,0.0,E1,h5_k0p75,5.0,0.75
healthy_maneuver,27,cusum_fgo,follower,pre,732,732.0,0,0,0,0,0.0,0.0,0,0,0,0.0,0.0,E1,h5_k0p75,5.0,0.75
healthy_maneuver,27,cusum_fgo,follower,maneuver,603,603.0,0,1,116,0,0.19237147595356552,5.970149253731343,0,0,0,0.0,0.0,E1,h5_k0p75,5.0,0.75
healthy_maneuver,27,cusum_fgo,follower,post,420,420.0,0,0,0,0,0.0,0.0,0,0,0,0.0,0.0,E1,h5_k0p75,5.0,0.75
healthy_maneuver,28,cusum_fgo,leader,all,5265,5265.0,0,0,0,0,0.0,0.0,0,0,0,0.0,0.0,E1,h5_k0p75,5.0,0.75
healthy_maneuver,28,cusum_fgo,leader,pre,2196,2196.0,0,0,0,0,0.0,0.0,0,0,0,0.0,0.0,E1,h5_k0p75,5.0,0.75
healthy_maneuver,28,cusum_fgo,leader,maneuver,1809,1809.0,0,0,0,0,0.0,0.0,0,0,0,0.0,0.0,E1,h5_k0p75,5.0,0.75
healthy_maneuver,28,cusum_fgo,leader,post,1260,1260.0,0,0,0,0,0.0,0.0,0,0,0,0.0,0.0,E1,h5_k0p75,5.0,0.75
healthy_maneuver,28,cusum_fgo,follower,all,1755,1755.0,0,1,103,0,0.05868945868945869,2.0512820512820515,0,0,0,0.0,0.0,E1,h5_k0p75,5.0,0.75
healthy_maneuver,28,cusum_fgo,follower,pre,732,732.0,0,0,0,0,0.0,0.0,0,0,0,0.0,0.0,E1,h5_k0p75,5.0,0.75
healthy_maneuver,28,cusum_fgo,follower,maneuver,603,603.0,0,1,103,0,0.17081260364842454,5.970149253731343,0,0,0,0.0,0.0,E1,h5_k0p75,5.0,0.75
healthy_maneuver,28,cusum_fgo,follower,post,420,420.0,0,0,0,0,0.0,0.0,0,0,0,0.0,0.0,E1,h5_k0p75,5.0,0.75
healthy_maneuver,29,cusum_fgo,leader,all,5265,5265.0,0,0,0,0,0.0,0.0,0,0,0,0.0,0.0,E1,h5_k0p75,5.0,0.75
healthy_maneuver,29,cusum_fgo,leader,pre,2196,2196.0,0,0,0,0,0.0,0.0,0,0,0,0.0,0.0,E1,h5_k0p75,5.0,0.75
healthy_maneuver,29,cusum_fgo,leader,maneuver,1809,1809.0,0,0,0,0,0.0,0.0,0,0,0,0.0,0.0,E1,h5_k0p75,5.0,0.75
healthy_maneuver,29,cusum_fgo,leader,post,1260,1260.0,0,0,0,0,0.0,0.0,0,0,0,0.0,0.0,E1,h5_k0p75,5.0,0.75
healthy_maneuver,29,cusum_fgo,follower,all,1755,1755.0,0,1,86,0,0.049002849002849,2.0512820512820515,0,0,0,0.0,0.0,E1,h5_k0p75,5.0,0.75
healthy_maneuver,29,cusum_fgo,follower,pre,732,732.0,0,0,0,0,0.0,0.0,0,0,0,0.0,0.0,E1,h5_k0p75,5.0,0.75
healthy_maneuver,29,cusum_fgo,follower,maneuver,603,603.0,0,1,86,0,0.14262023217247097,5.970149253731343,0,0,0,0.0,0.0,E1,h5_k0p75,5.0,0.75
healthy_maneuver,29,cusum_fgo,follower,post,420,420.0,0,0,0,0,0.0,0.0,0,0,0,0.0,0.0,E1,h5_k0p75,5.0,0.75
healthy_maneuver,30,cusum_fgo,leader,all,5265,5265.0,0,0,0,0,0.0,0.0,0,0,0,0.0,0.0,E1,h5_k0p75,5.0,0.75
healthy_maneuver,30,cusum_fgo,leader,pre,2196,2196.0,0,0,0,0,0.0,0.0,0,0,0,0.0,0.0,E1,h5_k0p75,5.0,0.75
healthy_maneuver,30,cusum_fgo,leader,maneuver,1809,1809.0,0,0,0,0,0.0,0.0,0,0,0,0.0,0.0,E1,h5_k0p75,5.0,0.75
healthy_maneuver,30,cusum_fgo,leader,post,1260,1260.0,0,0,0,0,0.0,0.0,0,0,0,0.0,0.0,E1,h5_k0p75,5.0,0.75
healthy_maneuver,30,cusum_fgo,follower,all,1755,1755.0,0,1,93,0,0.05299145299145299,2.0512820512820515,0,0,0,0.0,0.0,E1,h5_k0p75,5.0,0.75
healthy_maneuver,30,cusum_fgo,follower,pre,732,732.0,0,0,0,0,0.0,0.0,0,0,0,0.0,0.0,E1,h5_k0p75,5.0,0.75
healthy_maneuver,30,cusum_fgo,follower,maneuver,603,603.0,0,1,93,0,0.15422885572139303,5.970149253731343,0,0,0,0.0,0.0,E1,h5_k0p75,5.0,0.75
healthy_maneuver,30,cusum_fgo,follower,post,420,420.0,0,0,0,0,0.0,0.0,0,0,0,0.0,0.0,E1,h5_k0p75,5.0,0.75
healthy_maneuver,31,cusum_fgo,leader,all,5265,5265.0,0,0,0,0,0.0,0.0,0,0,0,0.0,0.0,E1,h5_k0p75,5.0,0.75
healthy_maneuver,31,cusum_fgo,leader,pre,2196,2196.0,0,0,0,0,0.0,0.0,0,0,0,0.0,0.0,E1,h5_k0p75,5.0,0.75
healthy_maneuver,31,cusum_fgo,leader,maneuver,1809,1809.0,0,0,0,0,0.0,0.0,0,0,0,0.0,0.0,E1,h5_k0p75,5.0,0.75
healthy_maneuver,31,cusum_fgo,leader,post,1260,1260.0,0,0,0,0,0.0,0.0,0,0,0,0.0,0.0,E1,h5_k0p75,5.0,0.75
healthy_maneuver,31,cusum_fgo,follower,all,1755,1755.0,0,0,0,0,0.0,0.0,0,0,0,0.0,0.0,E1,h5_k0p75,5.0,0.75
healthy_maneuver,31,cusum_fgo,follower,pre,732,732.0,0,0,0,0,0.0,0.0,0,0,0,0.0,0.0,E1,h5_k0p75,5.0,0.75
healthy_maneuver,31,cusum_fgo,follower,maneuver,603,603.0,0,0,0,0,0.0,0.0,0,0,0,0.0,0.0,E1,h5_k0p75,5.0,0.75
healthy_maneuver,31,cusum_fgo,follower,post,420,420.0,0,0,0,0,0.0,0.0,0,0,0,0.0,0.0,E1,h5_k0p75,5.0,0.75
healthy_maneuver,32,cusum_fgo,leader,all,5265,5265.0,0,0,0,0,0.0,0.0,0,0,0,0.0,0.0,E1,h5_k0p75,5.0,0.75
healthy_maneuver,32,cusum_fgo,leader,pre,2196,2196.0,0,0,0,0,0.0,0.0,0,0,0,0.0,0.0,E1,h5_k0p75,5.0,0.75
healthy_maneuver,32,cusum_fgo,leader,maneuver,1809,1809.0,0,0,0,0,0.0,0.0,0,0,0,0.0,0.0,E1,h5_k0p75,5.0,0.75
healthy_maneuver,32,cusum_fgo,leader,post,1260,1260.0,0,0,0,0,0.0,0.0,0,0,0,0.0,0.0,E1,h5_k0p75,5.0,0.75
healthy_maneuver,32,cusum_fgo,follower,all,1755,1755.0,0,1,275,0,0.15669515669515668,2.0512820512820515,0,0,0,0.0,0.0,E1,h5_k0p75,5.0,0.75
healthy_maneuver,32,cusum_fgo,follower,pre,732,732.0,0,0,0,0,0.0,0.0,0,0,0,0.0,0.0,E1,h5_k0p75,5.0,0.75
healthy_maneuver,32,cusum_fgo,follower,maneuver,603,603.0,0,1,135,0,0.22388059701492538,5.970149253731343,0,0,0,0.0,0.0,E1,h5_k0p75,5.0,0.75
healthy_maneuver,32,cusum_fgo,follower,post,420,420.0,0,0,140,0,0.3333333333333333,0.0,0,0,0,0.0,0.0,E1,h5_k0p75,5.0,0.75
healthy_maneuver,33,cusum_fgo,leader,all,5265,5265.0,0,0,0,0,0.0,0.0,0,0,0,0.0,0.0,E1,h5_k0p75,5.0,0.75
healthy_maneuver,33,cusum_fgo,leader,pre,2196,2196.0,0,0,0,0,0.0,0.0,0,0,0,0.0,0.0,E1,h5_k0p75,5.0,0.75
healthy_maneuver,33,cusum_fgo,leader,maneuver,1809,1809.0,0,0,0,0,0.0,0.0,0,0,0,0.0,0.0,E1,h5_k0p75,5.0,0.75
healthy_maneuver,33,cusum_fgo,leader,post,1260,1260.0,0,0,0,0,0.0,0.0,0,0,0,0.0,0.0,E1,h5_k0p75,5.0,0.75
healthy_maneuver,33,cusum_fgo,follower,all,1755,1755.0,0,1,277,0,0.15783475783475784,2.0512820512820515,0,0,0,0.0,0.0,E1,h5_k0p75,5.0,0.75
healthy_maneuver,33,cusum_fgo,follower,pre,732,732.0,0,0,0,0,0.0,0.0,0,0,0,0.0,0.0,E1,h5_k0p75,5.0,0.75
healthy_maneuver,33,cusum_fgo,follower,maneuver,603,603.0,0,1,137,0,0.22719734660033167,5.970149253731343,0,0,0,0.0,0.0,E1,h5_k0p75,5.0,0.75
healthy_maneuver,33,cusum_fgo,follower,post,420,420.0,0,0,140,0,0.3333333333333333,0.0,0,0,0,0.0,0.0,E1,h5_k0p75,5.0,0.75
healthy_maneuver,34,cusum_fgo,leader,all,5265,5265.0,0,0,0,0,0.0,0.0,0,0,0,0.0,0.0,E1,h5_k0p75,5.0,0.75
healthy_maneuver,34,cusum_fgo,leader,pre,2196,2196.0,0,0,0,0,0.0,0.0,0,0,0,0.0,0.0,E1,h5_k0p75,5.0,0.75
healthy_maneuver,34,cusum_fgo,leader,maneuver,1809,1809.0,0,0,0,0,0.0,0.0,0,0,0,0.0,0.0,E1,h5_k0p75,5.0,0.75
healthy_maneuver,34,cusum_fgo,leader,post,1260,1260.0,0,0,0,0,0.0,0.0,0,0,0,0.0,0.0,E1,h5_k0p75,5.0,0.75
healthy_maneuver,34,cusum_fgo,follower,all,1755,1755.0,0,0,0,0,0.0,0.0,0,0,0,0.0,0.0,E1,h5_k0p75,5.0,0.75
healthy_maneuver,34,cusum_fgo,follower,pre,732,732.0,0,0,0,0,0.0,0.0,0,0,0,0.0,0.0,E1,h5_k0p75,5.0,0.75
healthy_maneuver,34,cusum_fgo,follower,maneuver,603,603.0,0,0,0,0,0.0,0.0,0,0,0,0.0,0.0,E1,h5_k0p75,5.0,0.75
healthy_maneuver,34,cusum_fgo,follower,post,420,420.0,0,0,0,0,0.0,0.0,0,0,0,0.0,0.0,E1,h5_k0p75,5.0,0.75
healthy_maneuver,35,cusum_fgo,leader,all,5265,5265.0,0,0,0,0,0.0,0.0,0,0,0,0.0,0.0,E1,h5_k0p75,5.0,0.75
healthy_maneuver,35,cusum_fgo,leader,pre,2196,2196.0,0,0,0,0,0.0,0.0,0,0,0,0.0,0.0,E1,h5_k0p75,5.0,0.75
healthy_maneuver,35,cusum_fgo,leader,maneuver,1809,1809.0,0,0,0,0,0.0,0.0,0,0,0,0.0,0.0,E1,h5_k0p75,5.0,0.75
healthy_maneuver,35,cusum_fgo,leader,post,1260,1260.0,0,0,0,0,0.0,0.0,0,0,0,0.0,0.0,E1,h5_k0p75,5.0,0.75
healthy_maneuver,35,cusum_fgo,follower,all,1755,1755.0,0,0,0,0,0.0,0.0,0,0,0,0.0,0.0,E1,h5_k0p75,5.0,0.75
healthy_maneuver,35,cusum_fgo,follower,pre,732,732.0,0,0,0,0,0.0,0.0,0,0,0,0.0,0.0,E1,h5_k0p75,5.0,0.75
healthy_maneuver,35,cusum_fgo,follower,maneuver,603,603.0,0,0,0,0,0.0,0.0,0,0,0,0.0,0.0,E1,h5_k0p75,5.0,0.75
healthy_maneuver,35,cusum_fgo,follower,post,420,420.0,0,0,0,0,0.0,0.0,0,0,0,0.0,0.0,E1,h5_k0p75,5.0,0.75
healthy_maneuver,36,cusum_fgo,leader,all,5265,5265.0,0,0,0,0,0.0,0.0,0,0,0,0.0,0.0,E1,h5_k0p75,5.0,0.75
healthy_maneuver,36,cusum_fgo,leader,pre,2196,2196.0,0,0,0,0,0.0,0.0,0,0,0,0.0,0.0,E1,h5_k0p75,5.0,0.75
healthy_maneuver,36,cusum_fgo,leader,maneuver,1809,1809.0,0,0,0,0,0.0,0.0,0,0,0,0.0,0.0,E1,h5_k0p75,5.0,0.75
healthy_maneuver,36,cusum_fgo,leader,post,1260,1260.0,0,0,0,0,0.0,0.0,0,0,0,0.0,0.0,E1,h5_k0p75,5.0,0.75
healthy_maneuver,36,cusum_fgo,follower,all,1755,1755.0,0,1,88,0,0.05014245014245014,2.0512820512820515,0,0,0,0.0,0.0,E1,h5_k0p75,5.0,0.75
healthy_maneuver,36,cusum_fgo,follower,pre,732,732.0,0,0,0,0,0.0,0.0,0,0,0,0.0,0.0,E1,h5_k0p75,5.0,0.75
healthy_maneuver,36,cusum_fgo,follower,maneuver,603,603.0,0,1,88,0,0.14593698175787728,5.970149253731343,0,0,0,0.0,0.0,E1,h5_k0p75,5.0,0.75
healthy_maneuver,36,cusum_fgo,follower,post,420,420.0,0,0,0,0,0.0,0.0,0,0,0,0.0,0.0,E1,h5_k0p75,5.0,0.75
healthy_maneuver,37,cusum_fgo,leader,all,5265,5265.0,0,0,0,0,0.0,0.0,0,0,0,0.0,0.0,E1,h5_k0p75,5.0,0.75
healthy_maneuver,37,cusum_fgo,leader,pre,2196,2196.0,0,0,0,0,0.0,0.0,0,0,0,0.0,0.0,E1,h5_k0p75,5.0,0.75
healthy_maneuver,37,cusum_fgo,leader,maneuver,1809,1809.0,0,0,0,0,0.0,0.0,0,0,0,0.0,0.0,E1,h5_k0p75,5.0,0.75
healthy_maneuver,37,cusum_fgo,leader,post,1260,1260.0,0,0,0,0,0.0,0.0,0,0,0,0.0,0.0,E1,h5_k0p75,5.0,0.75
healthy_maneuver,37,cusum_fgo,follower,all,1755,1755.0,0,1,115,0,0.06552706552706553,2.0512820512820515,0,0,0,0.0,0.0,E1,h5_k0p75,5.0,0.75
healthy_maneuver,37,cusum_fgo,follower,pre,732,732.0,0,0,0,0,0.0,0.0,0,0,0,0.0,0.0,E1,h5_k0p75,5.0,0.75
healthy_maneuver,37,cusum_fgo,follower,maneuver,603,603.0,0,1,115,0,0.19071310116086235,5.970149253731343,0,0,0,0.0,0.0,E1,h5_k0p75,5.0,0.75
healthy_maneuver,37,cusum_fgo,follower,post,420,420.0,0,0,0,0,0.0,0.0,0,0,0,0.0,0.0,E1,h5_k0p75,5.0,0.75
healthy_maneuver,38,cusum_fgo,leader,all,5265,5265.0,0,0,0,0,0.0,0.0,0,0,0,0.0,0.0,E1,h5_k0p75,5.0,0.75
healthy_maneuver,38,cusum_fgo,leader,pre,2196,2196.0,0,0,0,0,0.0,0.0,0,0,0,0.0,0.0,E1,h5_k0p75,5.0,0.75
healthy_maneuver,38,cusum_fgo,leader,maneuver,1809,1809.0,0,0,0,0,0.0,0.0,0,0,0,0.0,0.0,E1,h5_k0p75,5.0,0.75
healthy_maneuver,38,cusum_fgo,leader,post,1260,1260.0,0,0,0,0,0.0,0.0,0,0,0,0.0,0.0,E1,h5_k0p75,5.0,0.75
healthy_maneuver,38,cusum_fgo,follower,all,1755,1755.0,0,0,0,0,0.0,0.0,0,0,0,0.0,0.0,E1,h5_k0p75,5.0,0.75
healthy_maneuver,38,cusum_fgo,follower,pre,732,732.0,0,0,0,0,0.0,0.0,0,0,0,0.0,0.0,E1,h5_k0p75,5.0,0.75
healthy_maneuver,38,cusum_fgo,follower,maneuver,603,603.0,0,0,0,0,0.0,0.0,0,0,0,0.0,0.0,E1,h5_k0p75,5.0,0.75
healthy_maneuver,38,cusum_fgo,follower,post,420,420.0,0,0,0,0,0.0,0.0,0,0,0,0.0,0.0,E1,h5_k0p75,5.0,0.75
healthy_maneuver,39,cusum_fgo,leader,all,5265,5265.0,0,0,0,0,0.0,0.0,0,0,0,0.0,0.0,E1,h5_k0p75,5.0,0.75
healthy_maneuver,39,cusum_fgo,leader,pre,2196,2196.0,0,0,0,0,0.0,0.0,0,0,0,0.0,0.0,E1,h5_k0p75,5.0,0.75
healthy_maneuver,39,cusum_fgo,leader,maneuver,1809,1809.0,0,0,0,0,0.0,0.0,0,0,0,0.0,0.0,E1,h5_k0p75,5.0,0.75
healthy_maneuver,39,cusum_fgo,leader,post,1260,1260.0,0,0,0,0,0.0,0.0,0,0,0,0.0,0.0,E1,h5_k0p75,5.0,0.75
healthy_maneuver,39,cusum_fgo,follower,all,1755,1755.0,0,0,0,0,0.0,0.0,0,0,0,0.0,0.0,E1,h5_k0p75,5.0,0.75
healthy_maneuver,39,cusum_fgo,follower,pre,732,732.0,0,0,0,0,0.0,0.0,0,0,0,0.0,0.0,E1,h5_k0p75,5.0,0.75
healthy_maneuver,39,cusum_fgo,follower,maneuver,603,603.0,0,0,0,0,0.0,0.0,0,0,0,0.0,0.0,E1,h5_k0p75,5.0,0.75
healthy_maneuver,39,cusum_fgo,follower,post,420,420.0,0,0,0,0,0.0,0.0,0,0,0,0.0,0.0,E1,h5_k0p75,5.0,0.75
healthy_maneuver,40,cusum_fgo,leader,all,5265,5265.0,0,0,0,0,0.0,0.0,0,0,0,0.0,0.0,E1,h5_k0p75,5.0,0.75
healthy_maneuver,40,cusum_fgo,leader,pre,2196,2196.0,0,0,0,0,0.0,0.0,0,0,0,0.0,0.0,E1,h5_k0p75,5.0,0.75
healthy_maneuver,40,cusum_fgo,leader,maneuver,1809,1809.0,0,0,0,0,0.0,0.0,0,0,0,0.0,0.0,E1,h5_k0p75,5.0,0.75
healthy_maneuver,40,cusum_fgo,leader,post,1260,1260.0,0,0,0,0,0.0,0.0,0,0,0,0.0,0.0,E1,h5_k0p75,5.0,0.75
healthy_maneuver,40,cusum_fgo,follower,all,1755,1755.0,0,0,0,0,0.0,0.0,0,0,0,0.0,0.0,E1,h5_k0p75,5.0,0.75
healthy_maneuver,40,cusum_fgo,follower,pre,732,732.0,0,0,0,0,0.0,0.0,0,0,0,0.0,0.0,E1,h5_k0p75,5.0,0.75
healthy_maneuver,40,cusum_fgo,follower,maneuver,603,603.0,0,0,0,0,0.0,0.0,0,0,0,0.0,0.0,E1,h5_k0p75,5.0,0.75
healthy_maneuver,40,cusum_fgo,follower,post,420,420.0,0,0,0,0,0.0,0.0,0,0,0,0.0,0.0,E1,h5_k0p75,5.0,0.75
healthy_maneuver,41,cusum_fgo,leader,all,5265,5265.0,0,0,0,0,0.0,0.0,0,0,0,0.0,0.0,E1,h5_k0p75,5.0,0.75
healthy_maneuver,41,cusum_fgo,leader,pre,2196,2196.0,0,0,0,0,0.0,0.0,0,0,0,0.0,0.0,E1,h5_k0p75,5.0,0.75
healthy_maneuver,41,cusum_fgo,leader,maneuver,1809,1809.0,0,0,0,0,0.0,0.0,0,0,0,0.0,0.0,E1,h5_k0p75,5.0,0.75
healthy_maneuver,41,cusum_fgo,leader,post,1260,1260.0,0,0,0,0,0.0,0.0,0,0,0,0.0,0.0,E1,h5_k0p75,5.0,0.75
healthy_maneuver,41,cusum_fgo,follower,all,1755,1755.0,0,1,114,0,0.06495726495726496,2.0512820512820515,0,0,0,0.0,0.0,E1,h5_k0p75,5.0,0.75
healthy_maneuver,41,cusum_fgo,follower,pre,732,732.0,0,0,0,0,0.0,0.0,0,0,0,0.0,0.0,E1,h5_k0p75,5.0,0.75
healthy_maneuver,41,cusum_fgo,follower,maneuver,603,603.0,0,1,114,0,0.1890547263681592,5.970149253731343,0,0,0,0.0,0.0,E1,h5_k0p75,5.0,0.75
healthy_maneuver,41,cusum_fgo,follower,post,420,420.0,0,0,0,0,0.0,0.0,0,0,0,0.0,0.0,E1,h5_k0p75,5.0,0.75
healthy_maneuver,42,cusum_fgo,leader,all,5265,5265.0,0,0,0,0,0.0,0.0,0,0,0,0.0,0.0,E1,h5_k0p75,5.0,0.75
healthy_maneuver,42,cusum_fgo,leader,pre,2196,2196.0,0,0,0,0,0.0,0.0,0,0,0,0.0,0.0,E1,h5_k0p75,5.0,0.75
healthy_maneuver,42,cusum_fgo,leader,maneuver,1809,1809.0,0,0,0,0,0.0,0.0,0,0,0,0.0,0.0,E1,h5_k0p75,5.0,0.75
healthy_maneuver,42,cusum_fgo,leader,post,1260,1260.0,0,0,0,0,0.0,0.0,0,0,0,0.0,0.0,E1,h5_k0p75,5.0,0.75
healthy_maneuver,42,cusum_fgo,follower,all,1755,1755.0,0,0,0,0,0.0,0.0,0,0,0,0.0,0.0,E1,h5_k0p75,5.0,0.75
healthy_maneuver,42,cusum_fgo,follower,pre,732,732.0,0,0,0,0,0.0,0.0,0,0,0,0.0,0.0,E1,h5_k0p75,5.0,0.75
healthy_maneuver,42,cusum_fgo,follower,maneuver,603,603.0,0,0,0,0,0.0,0.0,0,0,0,0.0,0.0,E1,h5_k0p75,5.0,0.75
healthy_maneuver,42,cusum_fgo,follower,post,420,420.0,0,0,0,0,0.0,0.0,0,0,0,0.0,0.0,E1,h5_k0p75,5.0,0.75
healthy_maneuver,43,cusum_fgo,leader,all,5265,5265.0,0,0,0,0,0.0,0.0,0,0,0,0.0,0.0,E1,h5_k0p75,5.0,0.75
healthy_maneuver,43,cusum_fgo,leader,pre,2196,2196.0,0,0,0,0,0.0,0.0,0,0,0,0.0,0.0,E1,h5_k0p75,5.0,0.75
healthy_maneuver,43,cusum_fgo,leader,maneuver,1809,1809.0,0,0,0,0,0.0,0.0,0,0,0,0.0,0.0,E1,h5_k0p75,5.0,0.75
healthy_maneuver,43,cusum_fgo,leader,post,1260,1260.0,0,0,0,0,0.0,0.0,0,0,0,0.0,0.0,E1,h5_k0p75,5.0,0.75
healthy_maneuver,43,cusum_fgo,follower,all,1755,1755.0,0,0,0,0,0.0,0.0,0,0,0,0.0,0.0,E1,h5_k0p75,5.0,0.75
healthy_maneuver,43,cusum_fgo,follower,pre,732,732.0,0,0,0,0,0.0,0.0,0,0,0,0.0,0.0,E1,h5_k0p75,5.0,0.75
healthy_maneuver,43,cusum_fgo,follower,maneuver,603,603.0,0,0,0,0,0.0,0.0,0,0,0,0.0,0.0,E1,h5_k0p75,5.0,0.75
healthy_maneuver,43,cusum_fgo,follower,post,420,420.0,0,0,0,0,0.0,0.0,0,0,0,0.0,0.0,E1,h5_k0p75,5.0,0.75
healthy_maneuver,44,cusum_fgo,leader,all,5265,5265.0,0,0,0,0,0.0,0.0,0,0,0,0.0,0.0,E1,h5_k0p75,5.0,0.75
healthy_maneuver,44,cusum_fgo,leader,pre,2196,2196.0,0,0,0,0,0.0,0.0,0,0,0,0.0,0.0,E1,h5_k0p75,5.0,0.75
healthy_maneuver,44,cusum_fgo,leader,maneuver,1809,1809.0,0,0,0,0,0.0,0.0,0,0,0,0.0,0.0,E1,h5_k0p75,5.0,0.75
healthy_maneuver,44,cusum_fgo,leader,post,1260,1260.0,0,0,0,0,0.0,0.0,0,0,0,0.0,0.0,E1,h5_k0p75,5.0,0.75
healthy_maneuver,44,cusum_fgo,follower,all,1755,1755.0,0,1,121,0,0.06894586894586895,2.0512820512820515,0,0,0,0.0,0.0,E1,h5_k0p75,5.0,0.75
healthy_maneuver,44,cusum_fgo,follower,pre,732,732.0,0,0,0,0,0.0,0.0,0,0,0,0.0,0.0,E1,h5_k0p75,5.0,0.75
healthy_maneuver,44,cusum_fgo,follower,maneuver,603,603.0,0,1,121,0,0.20066334991708126,5.970149253731343,0,0,0,0.0,0.0,E1,h5_k0p75,5.0,0.75
healthy_maneuver,44,cusum_fgo,follower,post,420,420.0,0,0,0,0,0.0,0.0,0,0,0,0.0,0.0,E1,h5_k0p75,5.0,0.75
healthy_maneuver,45,cusum_fgo,leader,all,5265,5265.0,0,0,0,0,0.0,0.0,0,0,0,0.0,0.0,E1,h5_k0p75,5.0,0.75
healthy_maneuver,45,cusum_fgo,leader,pre,2196,2196.0,0,0,0,0,0.0,0.0,0,0,0,0.0,0.0,E1,h5_k0p75,5.0,0.75
healthy_maneuver,45,cusum_fgo,leader,maneuver,1809,1809.0,0,0,0,0,0.0,0.0,0,0,0,0.0,0.0,E1,h5_k0p75,5.0,0.75
healthy_maneuver,45,cusum_fgo,leader,post,1260,1260.0,0,0,0,0,0.0,0.0,0,0,0,0.0,0.0,E1,h5_k0p75,5.0,0.75
healthy_maneuver,45,cusum_fgo,follower,all,1755,1755.0,0,0,0,0,0.0,0.0,0,0,0,0.0,0.0,E1,h5_k0p75,5.0,0.75
healthy_maneuver,45,cusum_fgo,follower,pre,732,732.0,0,0,0,0,0.0,0.0,0,0,0,0.0,0.0,E1,h5_k0p75,5.0,0.75
healthy_maneuver,45,cusum_fgo,follower,maneuver,603,603.0,0,0,0,0,0.0,0.0,0,0,0,0.0,0.0,E1,h5_k0p75,5.0,0.75
healthy_maneuver,45,cusum_fgo,follower,post,420,420.0,0,0,0,0,0.0,0.0,0,0,0,0.0,0.0,E1,h5_k0p75,5.0,0.75
healthy_maneuver,46,cusum_fgo,leader,all,5265,5265.0,0,0,0,0,0.0,0.0,0,0,0,0.0,0.0,E1,h5_k0p75,5.0,0.75
healthy_maneuver,46,cusum_fgo,leader,pre,2196,2196.0,0,0,0,0,0.0,0.0,0,0,0,0.0,0.0,E1,h5_k0p75,5.0,0.75
healthy_maneuver,46,cusum_fgo,leader,maneuver,1809,1809.0,0,0,0,0,0.0,0.0,0,0,0,0.0,0.0,E1,h5_k0p75,5.0,0.75
healthy_maneuver,46,cusum_fgo,leader,post,1260,1260.0,0,0,0,0,0.0,0.0,0,0,0,0.0,0.0,E1,h5_k0p75,5.0,0.75
healthy_maneuver,46,cusum_fgo,follower,all,1755,1755.0,0,1,113,0,0.06438746438746439,2.0512820512820515,0,0,0,0.0,0.0,E1,h5_k0p75,5.0,0.75
healthy_maneuver,46,cusum_fgo,follower,pre,732,732.0,0,0,0,0,0.0,0.0,0,0,0,0.0,0.0,E1,h5_k0p75,5.0,0.75
healthy_maneuver,46,cusum_fgo,follower,maneuver,603,603.0,0,1,113,0,0.18739635157545606,5.970149253731343,0,0,0,0.0,0.0,E1,h5_k0p75,5.0,0.75
healthy_maneuver,46,cusum_fgo,follower,post,420,420.0,0,0,0,0,0.0,0.0,0,0,0,0.0,0.0,E1,h5_k0p75,5.0,0.75
healthy_maneuver,47,cusum_fgo,leader,all,5265,5265.0,0,0,0,0,0.0,0.0,0,0,0,0.0,0.0,E1,h5_k0p75,5.0,0.75
healthy_maneuver,47,cusum_fgo,leader,pre,2196,2196.0,0,0,0,0,0.0,0.0,0,0,0,0.0,0.0,E1,h5_k0p75,5.0,0.75
healthy_maneuver,47,cusum_fgo,leader,maneuver,1809,1809.0,0,0,0,0,0.0,0.0,0,0,0,0.0,0.0,E1,h5_k0p75,5.0,0.75
healthy_maneuver,47,cusum_fgo,leader,post,1260,1260.0,0,0,0,0,0.0,0.0,0,0,0,0.0,0.0,E1,h5_k0p75,5.0,0.75
healthy_maneuver,47,cusum_fgo,follower,all,1755,1755.0,0,0,0,0,0.0,0.0,0,0,0,0.0,0.0,E1,h5_k0p75,5.0,0.75
healthy_maneuver,47,cusum_fgo,follower,pre,732,732.0,0,0,0,0,0.0,0.0,0,0,0,0.0,0.0,E1,h5_k0p75,5.0,0.75
healthy_maneuver,47,cusum_fgo,follower,maneuver,603,603.0,0,0,0,0,0.0,0.0,0,0,0,0.0,0.0,E1,h5_k0p75,5.0,0.75
healthy_maneuver,47,cusum_fgo,follower,post,420,420.0,0,0,0,0,0.0,0.0,0,0,0,0.0,0.0,E1,h5_k0p75,5.0,0.75
healthy_maneuver,48,cusum_fgo,leader,all,5265,5265.0,0,0,0,0,0.0,0.0,0,0,0,0.0,0.0,E1,h5_k0p75,5.0,0.75
healthy_maneuver,48,cusum_fgo,leader,pre,2196,2196.0,0,0,0,0,0.0,0.0,0,0,0,0.0,0.0,E1,h5_k0p75,5.0,0.75
healthy_maneuver,48,cusum_fgo,leader,maneuver,1809,1809.0,0,0,0,0,0.0,0.0,0,0,0,0.0,0.0,E1,h5_k0p75,5.0,0.75
healthy_maneuver,48,cusum_fgo,leader,post,1260,1260.0,0,0,0,0,0.0,0.0,0,0,0,0.0,0.0,E1,h5_k0p75,5.0,0.75
healthy_maneuver,48,cusum_fgo,follower,all,1755,1755.0,0,2,450,0,0.2564102564102564,4.102564102564103,0,0,0,0.0,0.0,E1,h5_k0p75,5.0,0.75
healthy_maneuver,48,cusum_fgo,follower,pre,732,732.0,0,0,0,0,0.0,0.0,0,0,0,0.0,0.0,E1,h5_k0p75,5.0,0.75
healthy_maneuver,48,cusum_fgo,follower,maneuver,603,603.0,0,2,170,0,0.28192371475953565,11.940298507462686,0,0,0,0.0,0.0,E1,h5_k0p75,5.0,0.75
healthy_maneuver,48,cusum_fgo,follower,post,420,420.0,0,0,280,0,0.6666666666666666,0.0,0,0,0,0.0,0.0,E1,h5_k0p75,5.0,0.75
healthy_maneuver,49,cusum_fgo,leader,all,5265,5265.0,0,0,0,0,0.0,0.0,0,0,0,0.0,0.0,E1,h5_k0p75,5.0,0.75
healthy_maneuver,49,cusum_fgo,leader,pre,2196,2196.0,0,0,0,0,0.0,0.0,0,0,0,0.0,0.0,E1,h5_k0p75,5.0,0.75
healthy_maneuver,49,cusum_fgo,leader,maneuver,1809,1809.0,0,0,0,0,0.0,0.0,0,0,0,0.0,0.0,E1,h5_k0p75,5.0,0.75
healthy_maneuver,49,cusum_fgo,leader,post,1260,1260.0,0,0,0,0,0.0,0.0,0,0,0,0.0,0.0,E1,h5_k0p75,5.0,0.75
healthy_maneuver,49,cusum_fgo,follower,all,1755,1755.0,0,0,0,0,0.0,0.0,0,0,0,0.0,0.0,E1,h5_k0p75,5.0,0.75
healthy_maneuver,49,cusum_fgo,follower,pre,732,732.0,0,0,0,0,0.0,0.0,0,0,0,0.0,0.0,E1,h5_k0p75,5.0,0.75
healthy_maneuver,49,cusum_fgo,follower,maneuver,603,603.0,0,0,0,0,0.0,0.0,0,0,0,0.0,0.0,E1,h5_k0p75,5.0,0.75
healthy_maneuver,49,cusum_fgo,follower,post,420,420.0,0,0,0,0,0.0,0.0,0,0,0,0.0,0.0,E1,h5_k0p75,5.0,0.75
healthy_maneuver,50,cusum_fgo,leader,all,5265,5265.0,0,0,0,0,0.0,0.0,0,0,0,0.0,0.0,E1,h5_k0p75,5.0,0.75
healthy_maneuver,50,cusum_fgo,leader,pre,2196,2196.0,0,0,0,0,0.0,0.0,0,0,0,0.0,0.0,E1,h5_k0p75,5.0,0.75
healthy_maneuver,50,cusum_fgo,leader,maneuver,1809,1809.0,0,0,0,0,0.0,0.0,0,0,0,0.0,0.0,E1,h5_k0p75,5.0,0.75
healthy_maneuver,50,cusum_fgo,leader,post,1260,1260.0,0,0,0,0,0.0,0.0,0,0,0,0.0,0.0,E1,h5_k0p75,5.0,0.75
healthy_maneuver,50,cusum_fgo,follower,all,1755,1755.0,0,0,0,0,0.0,0.0,0,0,0,0.0,0.0,E1,h5_k0p75,5.0,0.75
healthy_maneuver,50,cusum_fgo,follower,pre,732,732.0,0,0,0,0,0.0,0.0,0,0,0,0.0,0.0,E1,h5_k0p75,5.0,0.75
healthy_maneuver,50,cusum_fgo,follower,maneuver,603,603.0,0,0,0,0,0.0,0.0,0,0,0,0.0,0.0,E1,h5_k0p75,5.0,0.75
healthy_maneuver,50,cusum_fgo,follower,post,420,420.0,0,0,0,0,0.0,0.0,0,0,0,0.0,0.0,E1,h5_k0p75,5.0,0.75
baseline_3f,1,cusum_fgo,leader,all,5044,5044.0,0,0,28,28,0.0055511498810467885,0.0,0,28,28,0.0055511498810467885,0.0,E1,h7_k0p25,7.0,0.25
baseline_3f,1,cusum_fgo,follower,all,1755,1755.0,0,0,0,0,0.0,0.0,0,0,0,0.0,0.0,E1,h7_k0p25,7.0,0.25
baseline_3f,2,cusum_fgo,leader,all,5044,5044.0,0,0,26,26,0.005154639175257732,0.0,0,26,26,0.005154639175257732,0.0,E1,h7_k0p25,7.0,0.25
baseline_3f,2,cusum_fgo,follower,all,1755,1755.0,0,0,0,0,0.0,0.0,0,0,0,0.0,0.0,E1,h7_k0p25,7.0,0.25
baseline_3f,3,cusum_fgo,leader,all,5044,5044.0,0,0,26,26,0.005154639175257732,0.0,0,26,26,0.005154639175257732,0.0,E1,h7_k0p25,7.0,0.25
baseline_3f,3,cusum_fgo,follower,all,1755,1755.0,0,0,0,0,0.0,0.0,0,0,0,0.0,0.0,E1,h7_k0p25,7.0,0.25
baseline_3f,4,cusum_fgo,leader,all,5044,5044.0,0,0,26,26,0.005154639175257732,0.0,0,26,26,0.005154639175257732,0.0,E1,h7_k0p25,7.0,0.25
baseline_3f,4,cusum_fgo,follower,all,1755,1755.0,0,0,0,0,0.0,0.0,0,0,0,0.0,0.0,E1,h7_k0p25,7.0,0.25
baseline_3f,5,cusum_fgo,leader,all,5044,5044.0,0,2,586,474,0.1161776367961935,1.4274385408406025,5,418,137,0.08287073750991276,3.5685963521015065,E1,h7_k0p25,7.0,0.25
baseline_3f,5,cusum_fgo,follower,all,1755,1755.0,0,0,0,0,0.0,0.0,0,0,0,0.0,0.0,E1,h7_k0p25,7.0,0.25
baseline_3f,6,cusum_fgo,leader,all,5044,5044.0,0,0,28,28,0.0055511498810467885,0.0,0,28,28,0.0055511498810467885,0.0,E1,h7_k0p25,7.0,0.25
baseline_3f,6,cusum_fgo,follower,all,1755,1755.0,0,0,0,0,0.0,0.0,0,0,0,0.0,0.0,E1,h7_k0p25,7.0,0.25
baseline_3f,7,cusum_fgo,leader,all,5044,5044.0,0,1,209,36,0.04143536875495638,0.7137192704203013,2,196,36,0.03885804916732752,1.4274385408406025,E1,h7_k0p25,7.0,0.25
baseline_3f,7,cusum_fgo,follower,all,1755,1755.0,0,0,0,0,0.0,0.0,0,0,0,0.0,0.0,E1,h7_k0p25,7.0,0.25
baseline_3f,8,cusum_fgo,leader,all,5044,5044.0,0,2,43,26,0.00852498017446471,1.4274385408406025,2,36,26,0.007137192704203013,1.4274385408406025,E1,h7_k0p25,7.0,0.25
baseline_3f,8,cusum_fgo,follower,all,1755,1755.0,0,0,0,0,0.0,0.0,0,0,0,0.0,0.0,E1,h7_k0p25,7.0,0.25
baseline_3f,9,cusum_fgo,leader,all,5044,5044.0,0,1,63,26,0.012490087232355274,0.7137192704203013,1,63,26,0.012490087232355274,0.7137192704203013,E1,h7_k0p25,7.0,0.25
baseline_3f,9,cusum_fgo,follower,all,1755,1755.0,0,0,0,0,0.0,0.0,0,0,0,0.0,0.0,E1,h7_k0p25,7.0,0.25
baseline_3f,10,cusum_fgo,leader,all,5044,5044.0,0,0,79,79,0.015662172878667724,0.0,0,79,79,0.015662172878667724,0.0,E1,h7_k0p25,7.0,0.25
baseline_3f,10,cusum_fgo,follower,all,1755,1755.0,0,0,0,0,0.0,0.0,0,0,0,0.0,0.0,E1,h7_k0p25,7.0,0.25
baseline_3f,11,cusum_fgo,leader,all,5044,5044.0,0,2,309,22,0.061260904044409197,1.4274385408406025,3,190,27,0.03766851704996035,2.141157811260904,E1,h7_k0p25,7.0,0.25
baseline_3f,11,cusum_fgo,follower,all,1755,1755.0,0,0,0,0,0.0,0.0,0,0,0,0.0,0.0,E1,h7_k0p25,7.0,0.25
baseline_3f,12,cusum_fgo,leader,all,5044,5044.0,0,0,29,29,0.005749405233941317,0.0,0,29,29,0.005749405233941317,0.0,E1,h7_k0p25,7.0,0.25
baseline_3f,12,cusum_fgo,follower,all,1755,1755.0,0,0,0,0,0.0,0.0,0,0,0,0.0,0.0,E1,h7_k0p25,7.0,0.25
baseline_3f,13,cusum_fgo,leader,all,5044,5044.0,0,0,26,26,0.005154639175257732,0.0,0,26,26,0.005154639175257732,0.0,E1,h7_k0p25,7.0,0.25
baseline_3f,13,cusum_fgo,follower,all,1755,1755.0,0,0,0,0,0.0,0.0,0,0,0,0.0,0.0,E1,h7_k0p25,7.0,0.25
baseline_3f,14,cusum_fgo,leader,all,5044,5044.0,0,0,26,26,0.005154639175257732,0.0,0,26,26,0.005154639175257732,0.0,E1,h7_k0p25,7.0,0.25
baseline_3f,14,cusum_fgo,follower,all,1755,1755.0,0,0,0,0,0.0,0.0,0,0,0,0.0,0.0,E1,h7_k0p25,7.0,0.25
baseline_3f,15,cusum_fgo,leader,all,5044,5044.0,0,0,26,26,0.005154639175257732,0.0,0,26,26,0.005154639175257732,0.0,E1,h7_k0p25,7.0,0.25
baseline_3f,15,cusum_fgo,follower,all,1755,1755.0,0,0,0,0,0.0,0.0,0,0,0,0.0,0.0,E1,h7_k0p25,7.0,0.25
baseline_3f,16,cusum_fgo,leader,all,5044,5044.0,0,0,29,29,0.005749405233941317,0.0,0,29,29,0.005749405233941317,0.0,E1,h7_k0p25,7.0,0.25
baseline_3f,16,cusum_fgo,follower,all,1755,1755.0,0,0,0,0,0.0,0.0,0,0,0,0.0,0.0,E1,h7_k0p25,7.0,0.25
baseline_3f,17,cusum_fgo,leader,all,5044,5044.0,0,0,79,79,0.015662172878667724,0.0,0,79,79,0.015662172878667724,0.0,E1,h7_k0p25,7.0,0.25
baseline_3f,17,cusum_fgo,follower,all,1755,1755.0,0,0,0,0,0.0,0.0,0,0,0,0.0,0.0,E1,h7_k0p25,7.0,0.25
baseline_3f,18,cusum_fgo,leader,all,5044,5044.0,0,1,507,29,0.10051546391752578,0.7137192704203013,3,480,29,0.09516256938937351,2.141157811260904,E1,h7_k0p25,7.0,0.25
baseline_3f,18,cusum_fgo,follower,all,1755,1755.0,0,0,0,0,0.0,0.0,0,0,0,0.0,0.0,E1,h7_k0p25,7.0,0.25
baseline_3f,19,cusum_fgo,leader,all,5044,5044.0,0,1,340,26,0.06740681998413957,0.7137192704203013,3,314,26,0.06225218080888184,2.141157811260904,E1,h7_k0p25,7.0,0.25
baseline_3f,19,cusum_fgo,follower,all,1755,1755.0,0,0,0,0,0.0,0.0,0,0,0,0.0,0.0,E1,h7_k0p25,7.0,0.25
baseline_3f,20,cusum_fgo,leader,all,5044,5044.0,0,0,26,26,0.005154639175257732,0.0,0,26,26,0.005154639175257732,0.0,E1,h7_k0p25,7.0,0.25
baseline_3f,20,cusum_fgo,follower,all,1755,1755.0,0,0,0,0,0.0,0.0,0,0,0,0.0,0.0,E1,h7_k0p25,7.0,0.25
baseline_3f,21,cusum_fgo,leader,all,5044,5044.0,0,1,328,300,0.06502775574940524,0.7137192704203013,3,293,133,0.05808881839809675,2.141157811260904,E1,h7_k0p25,7.0,0.25
baseline_3f,21,cusum_fgo,follower,all,1755,1755.0,0,0,0,0,0.0,0.0,0,0,0,0.0,0.0,E1,h7_k0p25,7.0,0.25
baseline_3f,22,cusum_fgo,leader,all,5044,5044.0,0,0,298,298,0.05908009516256939,0.0,2,271,132,0.05372720063441713,1.4274385408406025,E1,h7_k0p25,7.0,0.25
baseline_3f,22,cusum_fgo,follower,all,1755,1755.0,0,0,0,0,0.0,0.0,0,0,0,0.0,0.0,E1,h7_k0p25,7.0,0.25
baseline_3f,23,cusum_fgo,leader,all,5044,5044.0,0,0,29,29,0.005749405233941317,0.0,0,29,29,0.005749405233941317,0.0,E1,h7_k0p25,7.0,0.25
baseline_3f,23,cusum_fgo,follower,all,1755,1755.0,0,0,0,0,0.0,0.0,0,0,0,0.0,0.0,E1,h7_k0p25,7.0,0.25
baseline_3f,24,cusum_fgo,leader,all,5044,5044.0,0,0,26,26,0.005154639175257732,0.0,0,26,26,0.005154639175257732,0.0,E1,h7_k0p25,7.0,0.25
baseline_3f,24,cusum_fgo,follower,all,1755,1755.0,0,0,0,0,0.0,0.0,0,0,0,0.0,0.0,E1,h7_k0p25,7.0,0.25
baseline_3f,25,cusum_fgo,leader,all,5044,5044.0,0,0,26,26,0.005154639175257732,0.0,0,26,26,0.005154639175257732,0.0,E1,h7_k0p25,7.0,0.25
baseline_3f,25,cusum_fgo,follower,all,1755,1755.0,0,0,0,0,0.0,0.0,0,0,0,0.0,0.0,E1,h7_k0p25,7.0,0.25
baseline_3f,26,cusum_fgo,leader,all,5044,5044.0,0,0,26,26,0.005154639175257732,0.0,0,26,26,0.005154639175257732,0.0,E1,h7_k0p25,7.0,0.25
baseline_3f,26,cusum_fgo,follower,all,1755,1755.0,0,0,0,0,0.0,0.0,0,0,0,0.0,0.0,E1,h7_k0p25,7.0,0.25
baseline_3f,27,cusum_fgo,leader,all,5044,5044.0,0,0,462,462,0.091593973037272,0.0,2,432,226,0.08564631245043616,1.4274385408406025,E1,h7_k0p25,7.0,0.25
baseline_3f,27,cusum_fgo,follower,all,1755,1755.0,0,0,0,0,0.0,0.0,0,0,0,0.0,0.0,E1,h7_k0p25,7.0,0.25
baseline_3f,28,cusum_fgo,leader,all,5044,5044.0,0,1,226,29,0.04480570975416336,0.7137192704203013,2,211,29,0.04183187946074544,1.4274385408406025,E1,h7_k0p25,7.0,0.25
baseline_3f,28,cusum_fgo,follower,all,1755,1755.0,0,0,0,0,0.0,0.0,0,0,0,0.0,0.0,E1,h7_k0p25,7.0,0.25
baseline_3f,29,cusum_fgo,leader,all,5044,5044.0,0,0,26,26,0.005154639175257732,0.0,0,26,26,0.005154639175257732,0.0,E1,h7_k0p25,7.0,0.25
baseline_3f,29,cusum_fgo,follower,all,1755,1755.0,0,0,0,0,0.0,0.0,0,0,0,0.0,0.0,E1,h7_k0p25,7.0,0.25
baseline_3f,30,cusum_fgo,leader,all,5044,5044.0,0,2,105,64,0.020816812053925455,1.4274385408406025,2,96,64,0.0190325138778747,1.4274385408406025,E1,h7_k0p25,7.0,0.25
baseline_3f,30,cusum_fgo,follower,all,1755,1755.0,0,0,0,0,0.0,0.0,0,0,0,0.0,0.0,E1,h7_k0p25,7.0,0.25
baseline_3f,31,cusum_fgo,leader,all,5044,5044.0,0,1,436,27,0.08643933386201427,0.7137192704203013,4,385,27,0.07632831086439335,2.854877081681205,E1,h7_k0p25,7.0,0.25
baseline_3f,31,cusum_fgo,follower,all,1755,1755.0,0,0,0,0,0.0,0.0,0,0,0,0.0,0.0,E1,h7_k0p25,7.0,0.25
baseline_3f,32,cusum_fgo,leader,all,5044,5044.0,0,0,177,177,0.03509119746233148,0.0,1,160,114,0.0317208564631245,0.7137192704203013,E1,h7_k0p25,7.0,0.25
baseline_3f,32,cusum_fgo,follower,all,1755,1755.0,0,0,0,0,0.0,0.0,0,0,0,0.0,0.0,E1,h7_k0p25,7.0,0.25
baseline_3f,33,cusum_fgo,leader,all,5044,5044.0,0,0,387,387,0.0767248215701824,0.0,2,355,156,0.0703806502775575,1.4274385408406025,E1,h7_k0p25,7.0,0.25
baseline_3f,33,cusum_fgo,follower,all,1755,1755.0,0,0,0,0,0.0,0.0,0,0,0,0.0,0.0,E1,h7_k0p25,7.0,0.25
baseline_3f,34,cusum_fgo,leader,all,5044,5044.0,0,1,672,360,0.13322759714512292,0.7137192704203013,6,626,123,0.12410785091197463,4.282315622521808,E1,h7_k0p25,7.0,0.25
baseline_3f,34,cusum_fgo,follower,all,1755,1755.0,0,0,0,0,0.0,0.0,0,0,0,0.0,0.0,E1,h7_k0p25,7.0,0.25
baseline_3f,35,cusum_fgo,leader,all,5044,5044.0,0,0,26,26,0.005154639175257732,0.0,0,26,26,0.005154639175257732,0.0,E1,h7_k0p25,7.0,0.25
baseline_3f,35,cusum_fgo,follower,all,1755,1755.0,0,0,0,0,0.0,0.0,0,0,0,0.0,0.0,E1,h7_k0p25,7.0,0.25
baseline_3f,36,cusum_fgo,leader,all,5044,5044.0,0,0,26,26,0.005154639175257732,0.0,0,26,26,0.005154639175257732,0.0,E1,h7_k0p25,7.0,0.25
baseline_3f,36,cusum_fgo,follower,all,1755,1755.0,0,0,0,0,0.0,0.0,0,0,0,0.0,0.0,E1,h7_k0p25,7.0,0.25
baseline_3f,37,cusum_fgo,leader,all,5044,5044.0,0,0,325,325,0.06443298969072164,0.0,2,290,91,0.05749405233941316,1.4274385408406025,E1,h7_k0p25,7.0,0.25
baseline_3f,37,cusum_fgo,follower,all,1755,1755.0,0,0,0,0,0.0,0.0,0,0,0,0.0,0.0,E1,h7_k0p25,7.0,0.25
baseline_3f,38,cusum_fgo,leader,all,5044,5044.0,0,3,604,102,0.11974623314829501,2.141157811260904,8,478,29,0.09476605868358445,5.70975416336241,E1,h7_k0p25,7.0,0.25
baseline_3f,38,cusum_fgo,follower,all,1755,1755.0,0,0,0,0,0.0,0.0,0,0,0,0.0,0.0,E1,h7_k0p25,7.0,0.25
baseline_3f,39,cusum_fgo,leader,all,5044,5044.0,0,0,26,26,0.005154639175257732,0.0,0,26,26,0.005154639175257732,0.0,E1,h7_k0p25,7.0,0.25
baseline_3f,39,cusum_fgo,follower,all,1755,1755.0,0,0,0,0,0.0,0.0,0,0,0,0.0,0.0,E1,h7_k0p25,7.0,0.25
baseline_3f,40,cusum_fgo,leader,all,5044,5044.0,0,1,511,362,0.10130848532910389,0.7137192704203013,3,428,131,0.08485329103885805,2.141157811260904,E1,h7_k0p25,7.0,0.25
baseline_3f,40,cusum_fgo,follower,all,1755,1755.0,0,0,0,0,0.0,0.0,0,0,0,0.0,0.0,E1,h7_k0p25,7.0,0.25
baseline_3f,41,cusum_fgo,leader,all,5044,5044.0,0,1,149,138,0.029540047581284694,0.7137192704203013,2,132,114,0.026169706582077717,1.4274385408406025,E1,h7_k0p25,7.0,0.25
baseline_3f,41,cusum_fgo,follower,all,1755,1755.0,0,0,0,0,0.0,0.0,0,0,0,0.0,0.0,E1,h7_k0p25,7.0,0.25
baseline_3f,42,cusum_fgo,leader,all,5044,5044.0,0,1,91,78,0.01804123711340206,0.7137192704203013,1,91,78,0.01804123711340206,0.7137192704203013,E1,h7_k0p25,7.0,0.25
baseline_3f,42,cusum_fgo,follower,all,1755,1755.0,0,0,0,0,0.0,0.0,0,0,0,0.0,0.0,E1,h7_k0p25,7.0,0.25
baseline_3f,43,cusum_fgo,leader,all,5044,5044.0,0,0,26,26,0.005154639175257732,0.0,0,26,26,0.005154639175257732,0.0,E1,h7_k0p25,7.0,0.25
baseline_3f,43,cusum_fgo,follower,all,1755,1755.0,0,0,0,0,0.0,0.0,0,0,0,0.0,0.0,E1,h7_k0p25,7.0,0.25
baseline_3f,44,cusum_fgo,leader,all,5044,5044.0,0,2,348,79,0.0689928628072958,1.4274385408406025,4,323,79,0.06403647898493259,2.854877081681205,E1,h7_k0p25,7.0,0.25
baseline_3f,44,cusum_fgo,follower,all,1755,1755.0,0,0,0,0,0.0,0.0,0,0,0,0.0,0.0,E1,h7_k0p25,7.0,0.25
baseline_3f,45,cusum_fgo,leader,all,5044,5044.0,0,0,26,26,0.005154639175257732,0.0,0,26,26,0.005154639175257732,0.0,E1,h7_k0p25,7.0,0.25
baseline_3f,45,cusum_fgo,follower,all,1755,1755.0,0,0,0,0,0.0,0.0,0,0,0,0.0,0.0,E1,h7_k0p25,7.0,0.25
baseline_3f,46,cusum_fgo,leader,all,5044,5044.0,0,1,84,32,0.016653449643140365,0.7137192704203013,1,84,32,0.016653449643140365,0.7137192704203013,E1,h7_k0p25,7.0,0.25
baseline_3f,46,cusum_fgo,follower,all,1755,1755.0,0,0,0,0,0.0,0.0,0,0,0,0.0,0.0,E1,h7_k0p25,7.0,0.25
baseline_3f,47,cusum_fgo,leader,all,5044,5044.0,0,0,28,28,0.0055511498810467885,0.0,0,28,28,0.0055511498810467885,0.0,E1,h7_k0p25,7.0,0.25
baseline_3f,47,cusum_fgo,follower,all,1755,1755.0,0,0,0,0,0.0,0.0,0,0,0,0.0,0.0,E1,h7_k0p25,7.0,0.25
baseline_3f,48,cusum_fgo,leader,all,5044,5044.0,0,0,26,26,0.005154639175257732,0.0,0,26,26,0.005154639175257732,0.0,E1,h7_k0p25,7.0,0.25
baseline_3f,48,cusum_fgo,follower,all,1755,1755.0,0,0,0,0,0.0,0.0,0,0,0,0.0,0.0,E1,h7_k0p25,7.0,0.25
baseline_3f,49,cusum_fgo,leader,all,5044,5044.0,0,0,28,28,0.0055511498810467885,0.0,0,28,28,0.0055511498810467885,0.0,E1,h7_k0p25,7.0,0.25
baseline_3f,49,cusum_fgo,follower,all,1755,1755.0,0,0,0,0,0.0,0.0,0,0,0,0.0,0.0,E1,h7_k0p25,7.0,0.25
baseline_3f,50,cusum_fgo,leader,all,5044,5044.0,0,0,29,29,0.005749405233941317,0.0,0,29,29,0.005749405233941317,0.0,E1,h7_k0p25,7.0,0.25
baseline_3f,50,cusum_fgo,follower,all,1755,1755.0,0,0,0,0,0.0,0.0,0,0,0,0.0,0.0,E1,h7_k0p25,7.0,0.25
healthy_maneuver,1,cusum_fgo,leader,all,5265,5265.0,0,3,401,0,0.0761633428300095,2.0512820512820515,2,326,0,0.06191832858499525,1.3675213675213675,E1,h7_k0p25,7.0,0.25
healthy_maneuver,1,cusum_fgo,leader,pre,2196,2196.0,0,0,0,0,0.0,0.0,0,0,0,0.0,0.0,E1,h7_k0p25,7.0,0.25
healthy_maneuver,1,cusum_fgo,leader,maneuver,1809,1809.0,0,3,261,0,0.14427860696517414,5.970149253731344,2,186,0,0.10281923714759536,3.9800995024875627,E1,h7_k0p25,7.0,0.25
healthy_maneuver,1,cusum_fgo,leader,post,1260,1260.0,0,0,140,0,0.1111111111111111,0.0,0,140,0,0.1111111111111111,0.0,E1,h7_k0p25,7.0,0.25
healthy_maneuver,1,cusum_fgo,follower,all,1755,1755.0,0,3,325,0,0.18518518518518517,6.153846153846154,0,0,0,0.0,0.0,E1,h7_k0p25,7.0,0.25
healthy_maneuver,1,cusum_fgo,follower,pre,732,732.0,0,0,0,0,0.0,0.0,0,0,0,0.0,0.0,E1,h7_k0p25,7.0,0.25
healthy_maneuver,1,cusum_fgo,follower,maneuver,603,603.0,0,2,250,0,0.41459369817578773,11.940298507462686,0,0,0,0.0,0.0,E1,h7_k0p25,7.0,0.25
healthy_maneuver,1,cusum_fgo,follower,post,420,420.0,0,1,75,0,0.17857142857142858,8.571428571428571,0,0,0,0.0,0.0,E1,h7_k0p25,7.0,0.25
healthy_maneuver,2,cusum_fgo,leader,all,5265,5265.0,0,2,348,0,0.0660968660968661,1.3675213675213675,1,280,0,0.05318138651471985,0.6837606837606838,E1,h7_k0p25,7.0,0.25
healthy_maneuver,2,cusum_fgo,leader,pre,2196,2196.0,0,0,0,0,0.0,0.0,0,0,0,0.0,0.0,E1,h7_k0p25,7.0,0.25
healthy_maneuver,2,cusum_fgo,leader,maneuver,1809,1809.0,0,2,208,0,0.11498065229408513,3.9800995024875627,1,140,0,0.07739082365948037,1.9900497512437814,E1,h7_k0p25,7.0,0.25
healthy_maneuver,2,cusum_fgo,leader,post,1260,1260.0,0,0,140,0,0.1111111111111111,0.0,0,140,0,0.1111111111111111,0.0,E1,h7_k0p25,7.0,0.25
healthy_maneuver,2,cusum_fgo,follower,all,1755,1755.0,0,3,374,0,0.21310541310541312,6.153846153846154,0,0,0,0.0,0.0,E1,h7_k0p25,7.0,0.25
healthy_maneuver,2,cusum_fgo,follower,pre,732,732.0,0,0,0,0,0.0,0.0,0,0,0,0.0,0.0,E1,h7_k0p25,7.0,0.25
healthy_maneuver,2,cusum_fgo,follower,maneuver,603,603.0,0,3,234,0,0.3880597014925373,17.91044776119403,0,0,0,0.0,0.0,E1,h7_k0p25,7.0,0.25
healthy_maneuver,2,cusum_fgo,follower,post,420,420.0,0,0,140,0,0.3333333333333333,0.0,0,0,0,0.0,0.0,E1,h7_k0p25,7.0,0.25
healthy_maneuver,3,cusum_fgo,leader,all,5265,5265.0,0,3,260,0,0.04938271604938271,2.0512820512820515,5,160,0,0.030389363722697058,3.418803418803419,E1,h7_k0p25,7.0,0.25
healthy_maneuver,3,cusum_fgo,leader,pre,2196,2196.0,0,0,0,0,0.0,0.0,0,0,0,0.0,0.0,E1,h7_k0p25,7.0,0.25
healthy_maneuver,3,cusum_fgo,leader,maneuver,1809,1809.0,0,3,260,0,0.14372581536760642,5.970149253731344,5,160,0,0.08844665561083472,9.950248756218906,E1,h7_k0p25,7.0,0.25
healthy_maneuver,3,cusum_fgo,leader,post,1260,1260.0,0,0,0,0,0.0,0.0,0,0,0,0.0,0.0,E1,h7_k0p25,7.0,0.25
healthy_maneuver,3,cusum_fgo,follower,all,1755,1755.0,0,2,557,0,0.3173789173789174,4.102564102564103,0,0,0,0.0,0.0,E1,h7_k0p25,7.0,0.25
healthy_maneuver,3,cusum_fgo,follower,pre,732,732.0,0,0,0,0,0.0,0.0,0,0,0,0.0,0.0,E1,h7_k0p25,7.0,0.25
healthy_maneuver,3,cusum_fgo,follower,maneuver,603,603.0,0,2,277,0,0.4593698175787728,11.940298507462686,0,0,0,0.0,0.0,E1,h7_k0p25,7.0,0.25
healthy_maneuver,3,cusum_fgo,follower,post,420,420.0,0,0,280,0,0.6666666666666666,0.0,0,0,0,0.0,0.0,E1,h7_k0p25,7.0,0.25
healthy_maneuver,4,cusum_fgo,leader,all,5265,5265.0,0,3,230,0,0.04368471035137702,2.0512820512820515,6,154,0,0.029249762583095917,4.102564102564103,E1,h7_k0p25,7.0,0.25
healthy_maneuver,4,cusum_fgo,leader,pre,2196,2196.0,0,0,0,0,0.0,0.0,0,0,0,0.0,0.0,E1,h7_k0p25,7.0,0.25
healthy_maneuver,4,cusum_fgo,leader,maneuver,1809,1809.0,0,3,230,0,0.1271420674405749,5.970149253731344,6,154,0,0.08512990602542841,11.940298507462687,E1,h7_k0p25,7.0,0.25
healthy_maneuver,4,cusum_fgo,leader,post,1260,1260.0,0,0,0,0,0.0,0.0,0,0,0,0.0,0.0,E1,h7_k0p25,7.0,0.25
healthy_maneuver,4,cusum_fgo,follower,all,1755,1755.0,0,2,320,0,0.18233618233618235,4.102564102564103,0,0,0,0.0,0.0,E1,h7_k0p25,7.0,0.25
healthy_maneuver,4,cusum_fgo,follower,pre,732,732.0,0,0,0,0,0.0,0.0,0,0,0,0.0,0.0,E1,h7_k0p25,7.0,0.25
healthy_maneuver,4,cusum_fgo,follower,maneuver,603,603.0,0,2,273,0,0.4527363184079602,11.940298507462686,0,0,0,0.0,0.0,E1,h7_k0p25,7.0,0.25
healthy_maneuver,4,cusum_fgo,follower,post,420,420.0,0,0,47,0,0.11190476190476191,0.0,0,0,0,0.0,0.0,E1,h7_k0p25,7.0,0.25
healthy_maneuver,5,cusum_fgo,leader,all,5265,5265.0,0,2,117,0,0.022222222222222223,1.3675213675213675,2,117,0,0.022222222222222223,1.3675213675213675,E1,h7_k0p25,7.0,0.25
healthy_maneuver,5,cusum_fgo,leader,pre,2196,2196.0,0,0,0,0,0.0,0.0,0,0,0,0.0,0.0,E1,h7_k0p25,7.0,0.25
healthy_maneuver,5,cusum_fgo,leader,maneuver,1809,1809.0,0,2,117,0,0.06467661691542288,3.9800995024875627,2,117,0,0.06467661691542288,3.9800995024875627,E1,h7_k0p25,7.0,0.25
healthy_maneuver,5,cusum_fgo,leader,post,1260,1260.0,0,0,0,0,0.0,0.0,0,0,0,0.0,0.0,E1,h7_k0p25,7.0,0.25
healthy_maneuver,5,cusum_fgo,follower,all,1755,1755.0,0,2,399,0,0.22735042735042735,4.102564102564103,0,0,0,0.0,0.0,E1,h7_k0p25,7.0,0.25
healthy_maneuver,5,cusum_fgo,follower,pre,732,732.0,0,0,0,0,0.0,0.0,0,0,0,0.0,0.0,E1,h7_k0p25,7.0,0.25
healthy_maneuver,5,cusum_fgo,follower,maneuver,603,603.0,0,2,259,0,0.4295190713101161,11.940298507462686,0,0,0,0.0,0.0,E1,h7_k0p25,7.0,0.25
healthy_maneuver,5,cusum_fgo,follower,post,420,420.0,0,0,140,0,0.3333333333333333,0.0,0,0,0,0.0,0.0,E1,h7_k0p25,7.0,0.25
healthy_maneuver,6,cusum_fgo,leader,all,5265,5265.0,0,4,312,0,0.05925925925925926,2.735042735042735,5,214,0,0.04064577397910731,3.418803418803419,E1,h7_k0p25,7.0,0.25
healthy_maneuver,6,cusum_fgo,leader,pre,2196,2196.0,0,0,0,0,0.0,0.0,0,0,0,0.0,0.0,E1,h7_k0p25,7.0,0.25
healthy_maneuver,6,cusum_fgo,leader,maneuver,1809,1809.0,0,3,266,0,0.1470425649530127,5.970149253731344,4,168,0,0.09286898839137644,7.9601990049751254,E1,h7_k0p25,7.0,0.25
healthy_maneuver,6,cusum_fgo,leader,post,1260,1260.0,0,1,46,0,0.03650793650793651,2.857142857142857,1,46,0,0.03650793650793651,2.857142857142857,E1,h7_k0p25,7.0,0.25
healthy_maneuver,6,cusum_fgo,follower,all,1755,1755.0,0,2,402,0,0.22905982905982905,4.102564102564103,0,0,0,0.0,0.0,E1,h7_k0p25,7.0,0.25
healthy_maneuver,6,cusum_fgo,follower,pre,732,732.0,0,0,0,0,0.0,0.0,0,0,0,0.0,0.0,E1,h7_k0p25,7.0,0.25
healthy_maneuver,6,cusum_fgo,follower,maneuver,603,603.0,0,2,262,0,0.43449419568822556,11.940298507462686,0,0,0,0.0,0.0,E1,h7_k0p25,7.0,0.25
healthy_maneuver,6,cusum_fgo,follower,post,420,420.0,0,0,140,0,0.3333333333333333,0.0,0,0,0,0.0,0.0,E1,h7_k0p25,7.0,0.25
healthy_maneuver,7,cusum_fgo,leader,all,5265,5265.0,0,3,234,0,0.044444444444444446,2.0512820512820515,4,146,0,0.027730294396961064,2.735042735042735,E1,h7_k0p25,7.0,0.25
healthy_maneuver,7,cusum_fgo,leader,pre,2196,2196.0,0,0,0,0,0.0,0.0,0,0,0,0.0,0.0,E1,h7_k0p25,7.0,0.25
healthy_maneuver,7,cusum_fgo,leader,maneuver,1809,1809.0,0,3,234,0,0.12935323383084577,5.970149253731344,4,146,0,0.08070757324488667,7.9601990049751254,E1,h7_k0p25,7.0,0.25
healthy_maneuver,7,cusum_fgo,leader,post,1260,1260.0,0,0,0,0,0.0,0.0,0,0,0,0.0,0.0,E1,h7_k0p25,7.0,0.25
healthy_maneuver,7,cusum_fgo,follower,all,1755,1755.0,0,2,234,0,0.13333333333333333,4.102564102564103,0,0,0,0.0,0.0,E1,h7_k0p25,7.0,0.25
healthy_maneuver,7,cusum_fgo,follower,pre,732,732.0,0,0,0,0,0.0,0.0,0,0,0,0.0,0.0,E1,h7_k0p25,7.0,0.25
healthy_maneuver,7,cusum_fgo,follower,maneuver,603,603.0,0,2,234,0,0.3880597014925373,11.940298507462686,0,0,0,0.0,0.0,E1,h7_k0p25,7.0,0.25
healthy_maneuver,7,cusum_fgo,follower,post,420,420.0,0,0,0,0,0.0,0.0,0,0,0,0.0,0.0,E1,h7_k0p25,7.0,0.25
healthy_maneuver,8,cusum_fgo,leader,all,5265,5265.0,0,3,328,0,0.06229819563152896,2.0512820512820515,3,328,0,0.06229819563152896,2.0512820512820515,E1,h7_k0p25,7.0,0.25
healthy_maneuver,8,cusum_fgo,leader,pre,2196,2196.0,0,0,0,0,0.0,0.0,0,0,0,0.0,0.0,E1,h7_k0p25,7.0,0.25
healthy_maneuver,8,cusum_fgo,leader,maneuver,1809,1809.0,0,3,188,0,0.10392482034273079,5.970149253731344,3,188,0,0.10392482034273079,5.970149253731344,E1,h7_k0p25,7.0,0.25
healthy_maneuver,8,cusum_fgo,leader,post,1260,1260.0,0,0,140,0,0.1111111111111111,0.0,0,140,0,0.1111111111111111,0.0,E1,h7_k0p25,7.0,0.25
healthy_maneuver,8,cusum_fgo,follower,all,1755,1755.0,0,3,431,0,0.2455840455840456,6.153846153846154,0,0,0,0.0,0.0,E1,h7_k0p25,7.0,0.25
healthy_maneuver,8,cusum_fgo,follower,pre,732,732.0,0,0,0,0,0.0,0.0,0,0,0,0.0,0.0,E1,h7_k0p25,7.0,0.25
healthy_maneuver,8,cusum_fgo,follower,maneuver,603,603.0,0,2,236,0,0.3913764510779436,11.940298507462686,0,0,0,0.0,0.0,E1,h7_k0p25,7.0,0.25
healthy_maneuver,8,cusum_fgo,follower,post,420,420.0,0,1,195,0,0.4642857142857143,8.571428571428571,0,0,0,0.0,0.0,E1,h7_k0p25,7.0,0.25
healthy_maneuver,9,cusum_fgo,leader,all,5265,5265.0,0,2,165,0,0.03133903133903134,1.3675213675213675,2,165,0,0.03133903133903134,1.3675213675213675,E1,h7_k0p25,7.0,0.25
healthy_maneuver,9,cusum_fgo,leader,pre,2196,2196.0,0,0,0,0,0.0,0.0,0,0,0,0.0,0.0,E1,h7_k0p25,7.0,0.25
healthy_maneuver,9,cusum_fgo,leader,maneuver,1809,1809.0,0,2,165,0,0.0912106135986733,3.9800995024875627,2,165,0,0.0912106135986733,3.9800995024875627,E1,h7_k0p25,7.0,0.25
healthy_maneuver,9,cusum_fgo,leader,post,1260,1260.0,0,0,0,0,0.0,0.0,0,0,0,0.0,0.0,E1,h7_k0p25,7.0,0.25
healthy_maneuver,9,cusum_fgo,follower,all,1755,1755.0,0,2,231,0,0.13162393162393163,4.102564102564103,0,0,0,0.0,0.0,E1,h7_k0p25,7.0,0.25
healthy_maneuver,9,cusum_fgo,follower,pre,732,732.0,0,0,0,0,0.0,0.0,0,0,0,0.0,0.0,E1,h7_k0p25,7.0,0.25
healthy_maneuver,9,cusum_fgo,follower,maneuver,603,603.0,0,2,231,0,0.38308457711442784,11.940298507462686,0,0,0,0.0,0.0,E1,h7_k0p25,7.0,0.25
healthy_maneuver,9,cusum_fgo,follower,post,420,420.0,0,0,0,0,0.0,0.0,0,0,0,0.0,0.0,E1,h7_k0p25,7.0,0.25
healthy_maneuver,10,cusum_fgo,leader,all,5265,5265.0,0,4,235,0,0.0446343779677113,2.735042735042735,4,235,0,0.0446343779677113,2.735042735042735,E1,h7_k0p25,7.0,0.25
healthy_maneuver,10,cusum_fgo,leader,pre,2196,2196.0,0,0,0,0,0.0,0.0,0,0,0,0.0,0.0,E1,h7_k0p25,7.0,0.25
healthy_maneuver,10,cusum_fgo,leader,maneuver,1809,1809.0,0,3,124,0,0.0685461580983969,5.970149253731344,3,124,0,0.0685461580983969,5.970149253731344,E1,h7_k0p25,7.0,0.25
healthy_maneuver,10,cusum_fgo,leader,post,1260,1260.0,0,1,111,0,0.0880952380952381,2.857142857142857,1,111,0,0.0880952380952381,2.857142857142857,E1,h7_k0p25,7.0,0.25
healthy_maneuver,10,cusum_fgo,follower,all,1755,1755.0,0,2,558,0,0.31794871794871793,4.102564102564103,0,0,0,0.0,0.0,E1,h7_k0p25,7.0,0.25
healthy_maneuver,10,cusum_fgo,follower,pre,732,732.0,0,0,0,0,0.0,0.0,0,0,0,0.0,0.0,E1,h7_k0p25,7.0,0.25
healthy_maneuver,10,cusum_fgo,follower,maneuver,603,603.0,0,2,278,0,0.46102819237147596,11.940298507462686,0,0,0,0.0,0.0,E1,h7_k0p25,7.0,0.25
healthy_maneuver,10,cusum_fgo,follower,post,420,420.0,0,0,280,0,0.6666666666666666,0.0,0,0,0,0.0,0.0,E1,h7_k0p25,7.0,0.25
healthy_maneuver,11,cusum_fgo,leader,all,5265,5265.0,0,5,546,0,0.1037037037037037,3.418803418803419,7,350,0,0.06647673314339982,4.786324786324786,E1,h7_k0p25,7.0,0.25
healthy_maneuver,11,cusum_fgo,leader,pre,2196,2196.0,0,0,0,0,0.0,0.0,0,0,0,0.0,0.0,E1,h7_k0p25,7.0,0.25
healthy_maneuver,11,cusum_fgo,leader,maneuver,1809,1809.0,0,5,306,0,0.1691542288557214,9.950248756218906,6,210,0,0.11608623548922056,11.940298507462687,E1,h7_k0p25,7.0,0.25
healthy_maneuver,11,cusum_fgo,leader,post,1260,1260.0,0,0,240,0,0.19047619047619047,0.0,1,140,0,0.1111111111111111,2.857142857142857,E1,h7_k0p25,7.0,0.25
healthy_maneuver,11,cusum_fgo,follower,all,1755,1755.0,0,2,379,0,0.21595441595441595,4.102564102564103,0,0,0,0.0,0.0,E1,h7_k0p25,7.0,0.25
healthy_maneuver,11,cusum_fgo,follower,pre,732,732.0,0,0,0,0,0.0,0.0,0,0,0,0.0,0.0,E1,h7_k0p25,7.0,0.25
healthy_maneuver,11,cusum_fgo,follower,maneuver,603,603.0,0,2,239,0,0.3963515754560531,11.940298507462686,0,0,0,0.0,0.0,E1,h7_k0p25,7.0,0.25
healthy_maneuver,11,cusum_fgo,follower,post,420,420.0,0,0,140,0,0.3333333333333333,0.0,0,0,0,0.0,0.0,E1,h7_k0p25,7.0,0.25
healthy_maneuver,12,cusum_fgo,leader,all,5265,5265.0,0,4,402,0,0.07635327635327635,2.735042735042735,4,309,0,0.05868945868945869,2.735042735042735,E1,h7_k0p25,7.0,0.25
healthy_maneuver,12,cusum_fgo,leader,pre,2196,2196.0,0,0,0,0,0.0,0.0,0,0,0,0.0,0.0,E1,h7_k0p25,7.0,0.25
healthy_maneuver,12,cusum_fgo,leader,maneuver,1809,1809.0,0,3,264,0,0.14593698175787728,5.970149253731344,3,171,0,0.0945273631840796,5.970149253731344,E1,h7_k0p25,7.0,0.25
healthy_maneuver,12,cusum_fgo,leader,post,1260,1260.0,0,1,138,0,0.10952380952380952,2.857142857142857,1,138,0,0.10952380952380952,2.857142857142857,E1,h7_k0p25,7.0,0.25
healthy_maneuver,12,cusum_fgo,follower,all,1755,1755.0,0,3,310,0,0.17663817663817663,6.153846153846154,0,0,0,0.0,0.0,E1,h7_k0p25,7.0,0.25
healthy_maneuver,12,cusum_fgo,follower,pre,732,732.0,0,0,0,0,0.0,0.0,0,0,0,0.0,0.0,E1,h7_k0p25,7.0,0.25
healthy_maneuver,12,cusum_fgo,follower,maneuver,603,603.0,0,2,202,0,0.33499170812603646,11.940298507462686,0,0,0,0.0,0.0,E1,h7_k0p25,7.0,0.25
healthy_maneuver,12,cusum_fgo,follower,post,420,420.0,0,1,108,0,0.2571428571428571,8.571428571428571,0,0,0,0.0,0.0,E1,h7_k0p25,7.0,0.25
healthy_maneuver,13,cusum_fgo,leader,all,5265,5265.0,0,3,232,0,0.04406457739791073,2.0512820512820515,3,132,0,0.02507122507122507,2.0512820512820515,E1,h7_k0p25,7.0,0.25
healthy_maneuver,13,cusum_fgo,leader,pre,2196,2196.0,0,0,0,0,0.0,0.0,0,0,0,0.0,0.0,E1,h7_k0p25,7.0,0.25
healthy_maneuver,13,cusum_fgo,leader,maneuver,1809,1809.0,0,2,229,0,0.1265892758430072,3.9800995024875627,2,129,0,0.07131011608623548,3.9800995024875627,E1,h7_k0p25,7.0,0.25
healthy_maneuver,13,cusum_fgo,leader,post,1260,1260.0,0,1,3,0,0.002380952380952381,2.857142857142857,1,3,0,0.002380952380952381,2.857142857142857,E1,h7_k0p25,7.0,0.25
healthy_maneuver,13,cusum_fgo,follower,all,1755,1755.0,0,3,400,0,0.22792022792022792,6.153846153846154,0,0,0,0.0,0.0,E1,h7_k0p25,7.0,0.25
healthy_maneuver,13,cusum_fgo,follower,pre,732,732.0,0,0,0,0,0.0,0.0,0,0,0,0.0,0.0,E1,h7_k0p25,7.0,0.25
healthy_maneuver,13,cusum_fgo,follower,maneuver,603,603.0,0,2,274,0,0.45439469320066334,11.940298507462686,0,0,0,0.0,0.0,E1,h7_k0p25,7.0,0.25
healthy_maneuver,13,cusum_fgo,follower,post,420,420.0,0,1,126,0,0.3,8.571428571428571,0,0,0,0.0,0.0,E1,h7_k0p25,7.0,0.25
healthy_maneuver,14,cusum_fgo,leader,all,5265,5265.0,0,4,185,0,0.03513770180436847,2.735042735042735,5,117,0,0.022222222222222223,3.418803418803419,E1,h7_k0p25,7.0,0.25
healthy_maneuver,14,cusum_fgo,leader,pre,2196,2196.0,0,0,0,0,0.0,0.0,0,0,0,0.0,0.0,E1,h7_k0p25,7.0,0.25
healthy_maneuver,14,cusum_fgo,leader,maneuver,1809,1809.0,0,4,185,0,0.10226644555002765,7.9601990049751254,5,117,0,0.06467661691542288,9.950248756218906,E1,h7_k0p25,7.0,0.25
healthy_maneuver,14,cusum_fgo,leader,post,1260,1260.0,0,0,0,0,0.0,0.0,0,0,0,0.0,0.0,E1,h7_k0p25,7.0,0.25
healthy_maneuver,14,cusum_fgo,follower,all,1755,1755.0,0,2,386,0,0.21994301994301993,4.102564102564103,0,0,0,0.0,0.0,E1,h7_k0p25,7.0,0.25
healthy_maneuver,14,cusum_fgo,follower,pre,732,732.0,0,0,0,0,0.0,0.0,0,0,0,0.0,0.0,E1,h7_k0p25,7.0,0.25
healthy_maneuver,14,cusum_fgo,follower,maneuver,603,603.0,0,2,246,0,0.4079601990049751,11.940298507462686,0,0,0,0.0,0.0,E1,h7_k0p25,7.0,0.25
healthy_maneuver,14,cusum_fgo,follower,post,420,420.0,0,0,140,0,0.3333333333333333,0.0,0,0,0,0.0,0.0,E1,h7_k0p25,7.0,0.25
healthy_maneuver,15,cusum_fgo,leader,all,5265,5265.0,0,3,289,0,0.05489078822412156,2.0512820512820515,3,289,0,0.05489078822412156,2.0512820512820515,E1,h7_k0p25,7.0,0.25
healthy_maneuver,15,cusum_fgo,leader,pre,2196,2196.0,0,0,0,0,0.0,0.0,0,0,0,0.0,0.0,E1,h7_k0p25,7.0,0.25
healthy_maneuver,15,cusum_fgo,leader,maneuver,1809,1809.0,0,3,149,0,0.08236594803758983,5.970149253731344,3,149,0,0.08236594803758983,5.970149253731344,E1,h7_k0p25,7.0,0.25
healthy_maneuver,15,cusum_fgo,leader,post,1260,1260.0,0,0,140,0,0.1111111111111111,0.0,0,140,0,0.1111111111111111,0.0,E1,h7_k0p25,7.0,0.25
healthy_maneuver,15,cusum_fgo,follower,all,1755,1755.0,0,3,535,0,0.30484330484330485,6.153846153846154,0,0,0,0.0,0.0,E1,h7_k0p25,7.0,0.25
healthy_maneuver,15,cusum_fgo,follower,pre,732,732.0,0,0,0,0,0.0,0.0,0,0,0,0.0,0.0,E1,h7_k0p25,7.0,0.25
healthy_maneuver,15,cusum_fgo,follower,maneuver,603,603.0,0,3,255,0,0.4228855721393035,17.91044776119403,0,0,0,0.0,0.0,E1,h7_k0p25,7.0,0.25
healthy_maneuver,15,cusum_fgo,follower,post,420,420.0,0,0,280,0,0.6666666666666666,0.0,0,0,0,0.0,0.0,E1,h7_k0p25,7.0,0.25
healthy_maneuver,16,cusum_fgo,leader,all,5265,5265.0,0,4,404,0,0.07673314339981006,2.735042735042735,3,336,0,0.06381766381766382,2.0512820512820515,E1,h7_k0p25,7.0,0.25
healthy_maneuver,16,cusum_fgo,leader,pre,2196,2196.0,0,0,0,0,0.0,0.0,0,0,0,0.0,0.0,E1,h7_k0p25,7.0,0.25
healthy_maneuver,16,cusum_fgo,leader,maneuver,1809,1809.0,0,4,264,0,0.14593698175787728,7.9601990049751254,3,196,0,0.10834715312327253,5.970149253731344,E1,h7_k0p25,7.0,0.25
healthy_maneuver,16,cusum_fgo,leader,post,1260,1260.0,0,0,140,0,0.1111111111111111,0.0,0,140,0,0.1111111111111111,0.0,E1,h7_k0p25,7.0,0.25
healthy_maneuver,16,cusum_fgo,follower,all,1755,1755.0,0,4,504,0,0.28717948717948716,8.205128205128206,0,0,0,0.0,0.0,E1,h7_k0p25,7.0,0.25
healthy_maneuver,16,cusum_fgo,follower,pre,732,732.0,0,0,0,0,0.0,0.0,0,0,0,0.0,0.0,E1,h7_k0p25,7.0,0.25
healthy_maneuver,16,cusum_fgo,follower,maneuver,603,603.0,0,2,277,0,0.4593698175787728,11.940298507462686,0,0,0,0.0,0.0,E1,h7_k0p25,7.0,0.25
healthy_maneuver,16,cusum_fgo,follower,post,420,420.0,0,2,227,0,0.5404761904761904,17.142857142857142,0,0,0,0.0,0.0,E1,h7_k0p25,7.0,0.25
healthy_maneuver,17,cusum_fgo,leader,all,5265,5265.0,0,4,412,0,0.07825261158594492,2.735042735042735,7,330,0,0.06267806267806268,4.786324786324786,E1,h7_k0p25,7.0,0.25
healthy_maneuver,17,cusum_fgo,leader,pre,2196,2196.0,0,0,0,0,0.0,0.0,0,0,0,0.0,0.0,E1,h7_k0p25,7.0,0.25
healthy_maneuver,17,cusum_fgo,leader,maneuver,1809,1809.0,0,4,272,0,0.15035931453841903,7.9601990049751254,7,190,0,0.10503040353786622,13.93034825870647,E1,h7_k0p25,7.0,0.25
healthy_maneuver,17,cusum_fgo,leader,post,1260,1260.0,0,0,140,0,0.1111111111111111,0.0,0,140,0,0.1111111111111111,0.0,E1,h7_k0p25,7.0,0.25
healthy_maneuver,17,cusum_fgo,follower,all,1755,1755.0,0,5,260,0,0.14814814814814814,10.256410256410257,0,0,0,0.0,0.0,E1,h7_k0p25,7.0,0.25
healthy_maneuver,17,cusum_fgo,follower,pre,732,732.0,0,0,0,0,0.0,0.0,0,0,0,0.0,0.0,E1,h7_k0p25,7.0,0.25
healthy_maneuver,17,cusum_fgo,follower,maneuver,603,603.0,0,3,230,0,0.3814262023217247,17.91044776119403,0,0,0,0.0,0.0,E1,h7_k0p25,7.0,0.25
healthy_maneuver,17,cusum_fgo,follower,post,420,420.0,0,2,30,0,0.07142857142857142,17.142857142857142,0,0,0,0.0,0.0,E1,h7_k0p25,7.0,0.25
healthy_maneuver,18,cusum_fgo,leader,all,5265,5265.0,0,3,332,0,0.0630579297245964,2.0512820512820515,3,330,0,0.06267806267806268,2.0512820512820515,E1,h7_k0p25,7.0,0.25
healthy_maneuver,18,cusum_fgo,leader,pre,2196,2196.0,0,0,0,0,0.0,0.0,0,0,0,0.0,0.0,E1,h7_k0p25,7.0,0.25
healthy_maneuver,18,cusum_fgo,leader,maneuver,1809,1809.0,0,3,192,0,0.10613598673300166,5.970149253731344,3,190,0,0.10503040353786622,5.970149253731344,E1,h7_k0p25,7.0,0.25
healthy_maneuver,18,cusum_fgo,leader,post,1260,1260.0,0,0,140,0,0.1111111111111111,0.0,0,140,0,0.1111111111111111,0.0,E1,h7_k0p25,7.0,0.25
healthy_maneuver,18,cusum_fgo,follower,all,1755,1755.0,0,2,293,0,0.16695156695156696,4.102564102564103,0,0,0,0.0,0.0,E1,h7_k0p25,7.0,0.25
healthy_maneuver,18,cusum_fgo,follower,pre,732,732.0,0,0,0,0,0.0,0.0,0,0,0,0.0,0.0,E1,h7_k0p25,7.0,0.25
healthy_maneuver,18,cusum_fgo,follower,maneuver,603,603.0,0,2,254,0,0.42122719734660036,11.940298507462686,0,0,0,0.0,0.0,E1,h7_k0p25,7.0,0.25
healthy_maneuver,18,cusum_fgo,follower,post,420,420.0,0,0,39,0,0.09285714285714286,0.0,0,0,0,0.0,0.0,E1,h7_k0p25,7.0,0.25
healthy_maneuver,19,cusum_fgo,leader,all,5265,5265.0,0,4,181,0,0.03437796771130104,2.735042735042735,4,181,0,0.03437796771130104,2.735042735042735,E1,h7_k0p25,7.0,0.25
healthy_maneuver,19,cusum_fgo,leader,pre,2196,2196.0,0,0,0,0,0.0,0.0,0,0,0,0.0,0.0,E1,h7_k0p25,7.0,0.25
healthy_maneuver,19,cusum_fgo,leader,maneuver,1809,1809.0,0,3,162,0,0.08955223880597014,5.970149253731344,3,162,0,0.08955223880597014,5.970149253731344,E1,h7_k0p25,7.0,0.25
healthy_maneuver,19,cusum_fgo,leader,post,1260,1260.0,0,1,19,0,0.01507936507936508,2.857142857142857,1,19,0,0.01507936507936508,2.857142857142857,E1,h7_k0p25,7.0,0.25
healthy_maneuver,19,cusum_fgo,follower,all,1755,1755.0,0,3,327,0,0.18632478632478633,6.153846153846154,0,0,0,0.0,0.0,E1,h7_k0p25,7.0,0.25
healthy_maneuver,19,cusum_fgo,follower,pre,732,732.0,0,0,0,0,0.0,0.0,0,0,0,0.0,0.0,E1,h7_k0p25,7.0,0.25
healthy_maneuver,19,cusum_fgo,follower,maneuver,603,603.0,0,3,187,0,0.3101160862354892,17.91044776119403,0,0,0,0.0,0.0,E1,h7_k0p25,7.0,0.25
healthy_maneuver,19,cusum_fgo,follower,post,420,420.0,0,0,140,0,0.3333333333333333,0.0,0,0,0,0.0,0.0,E1,h7_k0p25,7.0,0.25
healthy_maneuver,20,cusum_fgo,leader,all,5265,5265.0,0,3,358,0,0.06799620132953467,2.0512820512820515,4,291,0,0.05527065527065527,2.735042735042735,E1,h7_k0p25,7.0,0.25
healthy_maneuver,20,cusum_fgo,leader,pre,2196,2196.0,0,0,0,0,0.0,0.0,0,0,0,0.0,0.0,E1,h7_k0p25,7.0,0.25
healthy_maneuver,20,cusum_fgo,leader,maneuver,1809,1809.0,0,3,218,0,0.1205085682697623,5.970149253731344,4,151,0,0.08347153123272526,7.9601990049751254,E1,h7_k0p25,7.0,0.25
healthy_maneuver,20,cusum_fgo,leader,post,1260,1260.0,0,0,140,0,0.1111111111111111,0.0,0,140,0,0.1111111111111111,0.0,E1,h7_k0p25,7.0,0.25
healthy_maneuver,20,cusum_fgo,follower,all,1755,1755.0,0,2,407,0,0.2319088319088319,4.102564102564103,0,0,0,0.0,0.0,E1,h7_k0p25,7.0,0.25
healthy_maneuver,20,cusum_fgo,follower,pre,732,732.0,0,0,0,0,0.0,0.0,0,0,0,0.0,0.0,E1,h7_k0p25,7.0,0.25
healthy_maneuver,20,cusum_fgo,follower,maneuver,603,603.0,0,2,267,0,0.4427860696517413,11.940298507462686,0,0,0,0.0,0.0,E1,h7_k0p25,7.0,0.25
healthy_maneuver,20,cusum_fgo,follower,post,420,420.0,0,0,140,0,0.3333333333333333,0.0,0,0,0,0.0,0.0,E1,h7_k0p25,7.0,0.25
healthy_maneuver,21,cusum_fgo,leader,all,5265,5265.0,0,3,304,0,0.05773979107312441,2.0512820512820515,3,304,0,0.05773979107312441,2.0512820512820515,E1,h7_k0p25,7.0,0.25
healthy_maneuver,21,cusum_fgo,leader,pre,2196,2196.0,0,0,0,0,0.0,0.0,0,0,0,0.0,0.0,E1,h7_k0p25,7.0,0.25
healthy_maneuver,21,cusum_fgo,leader,maneuver,1809,1809.0,0,3,164,0,0.09065782200110559,5.970149253731344,3,164,0,0.09065782200110559,5.970149253731344,E1,h7_k0p25,7.0,0.25
healthy_maneuver,21,cusum_fgo,leader,post,1260,1260.0,0,0,140,0,0.1111111111111111,0.0,0,140,0,0.1111111111111111,0.0,E1,h7_k0p25,7.0,0.25
healthy_maneuver,21,cusum_fgo,follower,all,1755,1755.0,0,2,392,0,0.22336182336182336,4.102564102564103,0,0,0,0.0,0.0,E1,h7_k0p25,7.0,0.25
healthy_maneuver,21,cusum_fgo,follower,pre,732,732.0,0,0,0,0,0.0,0.0,0,0,0,0.0,0.0,E1,h7_k0p25,7.0,0.25
healthy_maneuver,21,cusum_fgo,follower,maneuver,603,603.0,0,2,252,0,0.417910447761194,11.940298507462686,0,0,0,0.0,0.0,E1,h7_k0p25,7.0,0.25
healthy_maneuver,21,cusum_fgo,follower,post,420,420.0,0,0,140,0,0.3333333333333333,0.0,0,0,0,0.0,0.0,E1,h7_k0p25,7.0,0.25
healthy_maneuver,22,cusum_fgo,leader,all,5265,5265.0,0,5,488,0,0.09268755935422603,3.418803418803419,4,429,0,0.08148148148148149,2.735042735042735,E1,h7_k0p25,7.0,0.25
healthy_maneuver,22,cusum_fgo,leader,pre,2196,2196.0,0,0,0,0,0.0,0.0,0,0,0,0.0,0.0,E1,h7_k0p25,7.0,0.25
healthy_maneuver,22,cusum_fgo,leader,maneuver,1809,1809.0,0,4,249,0,0.13764510779436154,7.9601990049751254,3,190,0,0.10503040353786622,5.970149253731344,E1,h7_k0p25,7.0,0.25
healthy_maneuver,22,cusum_fgo,leader,post,1260,1260.0,0,1,239,0,0.18968253968253967,2.857142857142857,1,239,0,0.18968253968253967,2.857142857142857,E1,h7_k0p25,7.0,0.25
healthy_maneuver,22,cusum_fgo,follower,all,1755,1755.0,0,2,554,0,0.3156695156695157,4.102564102564103,0,0,0,0.0,0.0,E1,h7_k0p25,7.0,0.25
healthy_maneuver,22,cusum_fgo,follower,pre,732,732.0,0,0,0,0,0.0,0.0,0,0,0,0.0,0.0,E1,h7_k0p25,7.0,0.25
healthy_maneuver,22,cusum_fgo,follower,maneuver,603,603.0,0,2,274,0,0.45439469320066334,11.940298507462686,0,0,0,0.0,0.0,E1,h7_k0p25,7.0,0.25
healthy_maneuver,22,cusum_fgo,follower,post,420,420.0,0,0,280,0,0.6666666666666666,0.0,0,0,0,0.0,0.0,E1,h7_k0p25,7.0,0.25
healthy_maneuver,23,cusum_fgo,leader,all,5265,5265.0,0,4,438,0,0.08319088319088319,2.735042735042735,2,312,0,0.05925925925925926,1.3675213675213675,E1,h7_k0p25,7.0,0.25
healthy_maneuver,23,cusum_fgo,leader,pre,2196,2196.0,0,0,0,0,0.0,0.0,0,0,0,0.0,0.0,E1,h7_k0p25,7.0,0.25
healthy_maneuver,23,cusum_fgo,leader,maneuver,1809,1809.0,0,3,187,0,0.10337202874516307,5.970149253731344,2,172,0,0.09508015478164732,3.9800995024875627,E1,h7_k0p25,7.0,0.25
healthy_maneuver,23,cusum_fgo,leader,post,1260,1260.0,0,1,251,0,0.1992063492063492,2.857142857142857,0,140,0,0.1111111111111111,0.0,E1,h7_k0p25,7.0,0.25
healthy_maneuver,23,cusum_fgo,follower,all,1755,1755.0,0,4,523,0,0.298005698005698,8.205128205128206,0,0,0,0.0,0.0,E1,h7_k0p25,7.0,0.25
healthy_maneuver,23,cusum_fgo,follower,pre,732,732.0,0,0,0,0,0.0,0.0,0,0,0,0.0,0.0,E1,h7_k0p25,7.0,0.25
healthy_maneuver,23,cusum_fgo,follower,maneuver,603,603.0,0,2,277,0,0.4593698175787728,11.940298507462686,0,0,0,0.0,0.0,E1,h7_k0p25,7.0,0.25
healthy_maneuver,23,cusum_fgo,follower,post,420,420.0,0,2,246,0,0.5857142857142857,17.142857142857142,0,0,0,0.0,0.0,E1,h7_k0p25,7.0,0.25
healthy_maneuver,24,cusum_fgo,leader,all,5265,5265.0,0,4,584,0,0.11092117758784426,2.735042735042735,2,340,0,0.06457739791073125,1.3675213675213675,E1,h7_k0p25,7.0,0.25
healthy_maneuver,24,cusum_fgo,leader,pre,2196,2196.0,0,0,0,0,0.0,0.0,0,0,0,0.0,0.0,E1,h7_k0p25,7.0,0.25
healthy_maneuver,24,cusum_fgo,leader,maneuver,1809,1809.0,0,3,307,0,0.16970702045328911,5.970149253731344,2,200,0,0.11055831951354339,3.9800995024875627,E1,h7_k0p25,7.0,0.25
healthy_maneuver,24,cusum_fgo,leader,post,1260,1260.0,0,1,277,0,0.21984126984126984,2.857142857142857,0,140,0,0.1111111111111111,0.0,E1,h7_k0p25,7.0,0.25
healthy_maneuver,24,cusum_fgo,follower,all,1755,1755.0,0,2,557,0,0.3173789173789174,4.102564102564103,0,0,0,0.0,0.0,E1,h7_k0p25,7.0,0.25
healthy_maneuver,24,cusum_fgo,follower,pre,732,732.0,0,0,0,0,0.0,0.0,0,0,0,0.0,0.0,E1,h7_k0p25,7.0,0.25
healthy_maneuver,24,cusum_fgo,follower,maneuver,603,603.0,0,2,277,0,0.4593698175787728,11.940298507462686,0,0,0,0.0,0.0,E1,h7_k0p25,7.0,0.25
healthy_maneuver,24,cusum_fgo,follower,post,420,420.0,0,0,280,0,0.6666666666666666,0.0,0,0,0,0.0,0.0,E1,h7_k0p25,7.0,0.25
healthy_maneuver,25,cusum_fgo,leader,all,5265,5265.0,0,2,441,0,0.08376068376068375,1.3675213675213675,1,275,0,0.052231718898385564,0.6837606837606838,E1,h7_k0p25,7.0,0.25
healthy_maneuver,25,cusum_fgo,leader,pre,2196,2196.0,0,0,0,0,0.0,0.0,0,0,0,0.0,0.0,E1,h7_k0p25,7.0,0.25
healthy_maneuver,25,cusum_fgo,leader,maneuver,1809,1809.0,0,2,161,0,0.08899944720840243,3.9800995024875627,1,135,0,0.07462686567164178,1.9900497512437814,E1,h7_k0p25,7.0,0.25
healthy_maneuver,25,cusum_fgo,leader,post,1260,1260.0,0,0,280,0,0.2222222222222222,0.0,0,140,0,0.1111111111111111,0.0,E1,h7_k0p25,7.0,0.25
healthy_maneuver,25,cusum_fgo,follower,all,1755,1755.0,0,3,417,0,0.2376068376068376,6.153846153846154,0,0,0,0.0,0.0,E1,h7_k0p25,7.0,0.25
healthy_maneuver,25,cusum_fgo,follower,pre,732,732.0,0,0,0,0,0.0,0.0,0,0,0,0.0,0.0,E1,h7_k0p25,7.0,0.25
healthy_maneuver,25,cusum_fgo,follower,maneuver,603,603.0,0,2,274,0,0.45439469320066334,11.940298507462686,0,0,0,0.0,0.0,E1,h7_k0p25,7.0,0.25
healthy_maneuver,25,cusum_fgo,follower,post,420,420.0,0,1,143,0,0.3404761904761905,8.571428571428571,0,0,0,0.0,0.0,E1,h7_k0p25,7.0,0.25
healthy_maneuver,26,cusum_fgo,leader,all,5265,5265.0,0,4,225,0,0.042735042735042736,2.735042735042735,3,149,0,0.028300094966761634,2.0512820512820515,E1,h7_k0p25,7.0,0.25
healthy_maneuver,26,cusum_fgo,leader,pre,2196,2196.0,0,0,0,0,0.0,0.0,0,0,0,0.0,0.0,E1,h7_k0p25,7.0,0.25
healthy_maneuver,26,cusum_fgo,leader,maneuver,1809,1809.0,0,4,225,0,0.12437810945273632,7.9601990049751254,3,149,0,0.08236594803758983,5.970149253731344,E1,h7_k0p25,7.0,0.25
healthy_maneuver,26,cusum_fgo,leader,post,1260,1260.0,0,0,0,0,0.0,0.0,0,0,0,0.0,0.0,E1,h7_k0p25,7.0,0.25
healthy_maneuver,26,cusum_fgo,follower,all,1755,1755.0,0,2,556,0,0.31680911680911683,4.102564102564103,0,0,0,0.0,0.0,E1,h7_k0p25,7.0,0.25
healthy_maneuver,26,cusum_fgo,follower,pre,732,732.0,0,0,0,0,0.0,0.0,0,0,0,0.0,0.0,E1,h7_k0p25,7.0,0.25
healthy_maneuver,26,cusum_fgo,follower,maneuver,603,603.0,0,2,276,0,0.4577114427860697,11.940298507462686,0,0,0,0.0,0.0,E1,h7_k0p25,7.0,0.25
healthy_maneuver,26,cusum_fgo,follower,post,420,420.0,0,0,280,0,0.6666666666666666,0.0,0,0,0,0.0,0.0,E1,h7_k0p25,7.0,0.25
healthy_maneuver,27,cusum_fgo,leader,all,5265,5265.0,0,2,162,0,0.03076923076923077,1.3675213675213675,2,162,0,0.03076923076923077,1.3675213675213675,E1,h7_k0p25,7.0,0.25
healthy_maneuver,27,cusum_fgo,leader,pre,2196,2196.0,0,0,0,0,0.0,0.0,0,0,0,0.0,0.0,E1,h7_k0p25,7.0,0.25
healthy_maneuver,27,cusum_fgo,leader,maneuver,1809,1809.0,0,2,162,0,0.08955223880597014,3.9800995024875627,2,162,0,0.08955223880597014,3.9800995024875627,E1,h7_k0p25,7.0,0.25
healthy_maneuver,27,cusum_fgo,leader,post,1260,1260.0,0,0,0,0,0.0,0.0,0,0,0,0.0,0.0,E1,h7_k0p25,7.0,0.25
healthy_maneuver,27,cusum_fgo,follower,all,1755,1755.0,0,2,397,0,0.22621082621082622,4.102564102564103,0,0,0,0.0,0.0,E1,h7_k0p25,7.0,0.25
healthy_maneuver,27,cusum_fgo,follower,pre,732,732.0,0,0,0,0,0.0,0.0,0,0,0,0.0,0.0,E1,h7_k0p25,7.0,0.25
healthy_maneuver,27,cusum_fgo,follower,maneuver,603,603.0,0,2,257,0,0.4262023217247098,11.940298507462686,0,0,0,0.0,0.0,E1,h7_k0p25,7.0,0.25
healthy_maneuver,27,cusum_fgo,follower,post,420,420.0,0,0,140,0,0.3333333333333333,0.0,0,0,0,0.0,0.0,E1,h7_k0p25,7.0,0.25
healthy_maneuver,28,cusum_fgo,leader,all,5265,5265.0,0,4,235,0,0.0446343779677113,2.735042735042735,7,179,0,0.033998100664767335,4.786324786324786,E1,h7_k0p25,7.0,0.25
healthy_maneuver,28,cusum_fgo,leader,pre,2196,2196.0,0,0,0,0,0.0,0.0,0,0,0,0.0,0.0,E1,h7_k0p25,7.0,0.25
healthy_maneuver,28,cusum_fgo,leader,maneuver,1809,1809.0,0,4,235,0,0.12990602542841348,7.9601990049751254,7,179,0,0.09894969596462133,13.93034825870647,E1,h7_k0p25,7.0,0.25
healthy_maneuver,28,cusum_fgo,leader,post,1260,1260.0,0,0,0,0,0.0,0.0,0,0,0,0.0,0.0,E1,h7_k0p25,7.0,0.25
healthy_maneuver,28,cusum_fgo,follower,all,1755,1755.0,0,5,473,0,0.2695156695156695,10.256410256410257,0,0,0,0.0,0.0,E1,h7_k0p25,7.0,0.25
healthy_maneuver,28,cusum_fgo,follower,pre,732,732.0,0,0,0,0,0.0,0.0,0,0,0,0.0,0.0,E1,h7_k0p25,7.0,0.25
healthy_maneuver,28,cusum_fgo,follower,maneuver,603,603.0,0,2,275,0,0.4560530679933665,11.940298507462686,0,0,0,0.0,0.0,E1,h7_k0p25,7.0,0.25
healthy_maneuver,28,cusum_fgo,follower,post,420,420.0,0,3,198,0,0.4714285714285714,25.714285714285715,0,0,0,0.0,0.0,E1,h7_k0p25,7.0,0.25
healthy_maneuver,29,cusum_fgo,leader,all,5265,5265.0,0,5,330,0,0.06267806267806268,3.418803418803419,7,230,0,0.04368471035137702,4.786324786324786,E1,h7_k0p25,7.0,0.25
healthy_maneuver,29,cusum_fgo,leader,pre,2196,2196.0,0,0,0,0,0.0,0.0,0,0,0,0.0,0.0,E1,h7_k0p25,7.0,0.25
healthy_maneuver,29,cusum_fgo,leader,maneuver,1809,1809.0,0,3,303,0,0.16749585406301823,5.970149253731344,5,203,0,0.11221669430624655,9.950248756218906,E1,h7_k0p25,7.0,0.25
healthy_maneuver,29,cusum_fgo,leader,post,1260,1260.0,0,2,27,0,0.02142857142857143,5.714285714285714,2,27,0,0.02142857142857143,5.714285714285714,E1,h7_k0p25,7.0,0.25
healthy_maneuver,29,cusum_fgo,follower,all,1755,1755.0,0,3,467,0,0.2660968660968661,6.153846153846154,0,0,0,0.0,0.0,E1,h7_k0p25,7.0,0.25
healthy_maneuver,29,cusum_fgo,follower,pre,732,732.0,0,0,0,0,0.0,0.0,0,0,0,0.0,0.0,E1,h7_k0p25,7.0,0.25
healthy_maneuver,29,cusum_fgo,follower,maneuver,603,603.0,0,2,265,0,0.439469320066335,11.940298507462686,0,0,0,0.0,0.0,E1,h7_k0p25,7.0,0.25
healthy_maneuver,29,cusum_fgo,follower,post,420,420.0,0,1,202,0,0.48095238095238096,8.571428571428571,0,0,0,0.0,0.0,E1,h7_k0p25,7.0,0.25
healthy_maneuver,30,cusum_fgo,leader,all,5265,5265.0,0,2,385,0,0.0731244064577398,1.3675213675213675,2,385,0,0.0731244064577398,1.3675213675213675,E1,h7_k0p25,7.0,0.25
healthy_maneuver,30,cusum_fgo,leader,pre,2196,2196.0,0,0,0,0,0.0,0.0,0,0,0,0.0,0.0,E1,h7_k0p25,7.0,0.25
healthy_maneuver,30,cusum_fgo,leader,maneuver,1809,1809.0,0,2,245,0,0.13543394140409065,3.9800995024875627,2,245,0,0.13543394140409065,3.9800995024875627,E1,h7_k0p25,7.0,0.25
healthy_maneuver,30,cusum_fgo,leader,post,1260,1260.0,0,0,140,0,0.1111111111111111,0.0,0,140,0,0.1111111111111111,0.0,E1,h7_k0p25,7.0,0.25
healthy_maneuver,30,cusum_fgo,follower,all,1755,1755.0,0,3,303,0,0.17264957264957265,6.153846153846154,0,0,0,0.0,0.0,E1,h7_k0p25,7.0,0.25
healthy_maneuver,30,cusum_fgo,follower,pre,732,732.0,0,0,0,0,0.0,0.0,0,0,0,0.0,0.0,E1,h7_k0p25,7.0,0.25
healthy_maneuver,30,cusum_fgo,follower,maneuver,603,603.0,0,3,163,0,0.2703150912106136,17.91044776119403,0,0,0,0.0,0.0,E1,h7_k0p25,7.0,0.25
healthy_maneuver,30,cusum_fgo,follower,post,420,420.0,0,0,140,0,0.3333333333333333,0.0,0,0,0,0.0,0.0,E1,h7_k0p25,7.0,0.25
healthy_maneuver,31,cusum_fgo,leader,all,5265,5265.0,0,4,179,0,0.033998100664767335,2.735042735042735,4,179,0,0.033998100664767335,2.735042735042735,E1,h7_k0p25,7.0,0.25
healthy_maneuver,31,cusum_fgo,leader,pre,2196,2196.0,0,0,0,0,0.0,0.0,0,0,0,0.0,0.0,E1,h7_k0p25,7.0,0.25
healthy_maneuver,31,cusum_fgo,leader,maneuver,1809,1809.0,0,4,179,0,0.09894969596462133,7.9601990049751254,4,179,0,0.09894969596462133,7.9601990049751254,E1,h7_k0p25,7.0,0.25
healthy_maneuver,31,cusum_fgo,leader,post,1260,1260.0,0,0,0,0,0.0,0.0,0,0,0,0.0,0.0,E1,h7_k0p25,7.0,0.25
healthy_maneuver,31,cusum_fgo,follower,all,1755,1755.0,0,2,556,0,0.31680911680911683,4.102564102564103,0,0,0,0.0,0.0,E1,h7_k0p25,7.0,0.25
healthy_maneuver,31,cusum_fgo,follower,pre,732,732.0,0,0,0,0,0.0,0.0,0,0,0,0.0,0.0,E1,h7_k0p25,7.0,0.25
healthy_maneuver,31,cusum_fgo,follower,maneuver,603,603.0,0,2,283,0,0.4693200663349917,11.940298507462686,0,0,0,0.0,0.0,E1,h7_k0p25,7.0,0.25
healthy_maneuver,31,cusum_fgo,follower,post,420,420.0,0,0,273,0,0.65,0.0,0,0,0,0.0,0.0,E1,h7_k0p25,7.0,0.25
healthy_maneuver,32,cusum_fgo,leader,all,5265,5265.0,0,3,229,0,0.04349477682811016,2.0512820512820515,4,149,0,0.028300094966761634,2.735042735042735,E1,h7_k0p25,7.0,0.25
healthy_maneuver,32,cusum_fgo,leader,pre,2196,2196.0,0,0,0,0,0.0,0.0,0,0,0,0.0,0.0,E1,h7_k0p25,7.0,0.25
healthy_maneuver,32,cusum_fgo,leader,maneuver,1809,1809.0,0,3,229,0,0.1265892758430072,5.970149253731344,4,149,0,0.08236594803758983,7.9601990049751254,E1,h7_k0p25,7.0,0.25
healthy_maneuver,32,cusum_fgo,leader,post,1260,1260.0,0,0,0,0,0.0,0.0,0,0,0,0.0,0.0,E1,h7_k0p25,7.0,0.25
healthy_maneuver,32,cusum_fgo,follower,all,1755,1755.0,0,2,558,0,0.31794871794871793,4.102564102564103,0,0,0,0.0,0.0,E1,h7_k0p25,7.0,0.25
healthy_maneuver,32,cusum_fgo,follower,pre,732,732.0,0,0,0,0,0.0,0.0,0,0,0,0.0,0.0,E1,h7_k0p25,7.0,0.25
healthy_maneuver,32,cusum_fgo,follower,maneuver,603,603.0,0,2,278,0,0.46102819237147596,11.940298507462686,0,0,0,0.0,0.0,E1,h7_k0p25,7.0,0.25
healthy_maneuver,32,cusum_fgo,follower,post,420,420.0,0,0,280,0,0.6666666666666666,0.0,0,0,0,0.0,0.0,E1,h7_k0p25,7.0,0.25
healthy_maneuver,33,cusum_fgo,leader,all,5265,5265.0,0,2,103,0,0.01956315289648623,1.3675213675213675,2,103,0,0.01956315289648623,1.3675213675213675,E1,h7_k0p25,7.0,0.25
healthy_maneuver,33,cusum_fgo,leader,pre,2196,2196.0,0,0,0,0,0.0,0.0,0,0,0,0.0,0.0,E1,h7_k0p25,7.0,0.25
healthy_maneuver,33,cusum_fgo,leader,maneuver,1809,1809.0,0,2,103,0,0.056937534549474846,3.9800995024875627,2,103,0,0.056937534549474846,3.9800995024875627,E1,h7_k0p25,7.0,0.25
healthy_maneuver,33,cusum_fgo,leader,post,1260,1260.0,0,0,0,0,0.0,0.0,0,0,0,0.0,0.0,E1,h7_k0p25,7.0,0.25
healthy_maneuver,33,cusum_fgo,follower,all,1755,1755.0,0,2,558,0,0.31794871794871793,4.102564102564103,0,0,0,0.0,0.0,E1,h7_k0p25,7.0,0.25
healthy_maneuver,33,cusum_fgo,follower,pre,732,732.0,0,0,0,0,0.0,0.0,0,0,0,0.0,0.0,E1,h7_k0p25,7.0,0.25
healthy_maneuver,33,cusum_fgo,follower,maneuver,603,603.0,0,2,278,0,0.46102819237147596,11.940298507462686,0,0,0,0.0,0.0,E1,h7_k0p25,7.0,0.25
healthy_maneuver,33,cusum_fgo,follower,post,420,420.0,0,0,280,0,0.6666666666666666,0.0,0,0,0,0.0,0.0,E1,h7_k0p25,7.0,0.25
healthy_maneuver,34,cusum_fgo,leader,all,5265,5265.0,0,4,229,0,0.04349477682811016,2.735042735042735,4,229,0,0.04349477682811016,2.735042735042735,E1,h7_k0p25,7.0,0.25
healthy_maneuver,34,cusum_fgo,leader,pre,2196,2196.0,0,0,0,0,0.0,0.0,0,0,0,0.0,0.0,E1,h7_k0p25,7.0,0.25
healthy_maneuver,34,cusum_fgo,leader,maneuver,1809,1809.0,0,3,179,0,0.09894969596462133,5.970149253731344,3,179,0,0.09894969596462133,5.970149253731344,E1,h7_k0p25,7.0,0.25
healthy_maneuver,34,cusum_fgo,leader,post,1260,1260.0,0,1,50,0,0.03968253968253968,2.857142857142857,1,50,0,0.03968253968253968,2.857142857142857,E1,h7_k0p25,7.0,0.25
healthy_maneuver,34,cusum_fgo,follower,all,1755,1755.0,0,3,487,0,0.2774928774928775,6.153846153846154,0,0,0,0.0,0.0,E1,h7_k0p25,7.0,0.25
healthy_maneuver,34,cusum_fgo,follower,pre,732,732.0,0,0,0,0,0.0,0.0,0,0,0,0.0,0.0,E1,h7_k0p25,7.0,0.25
healthy_maneuver,34,cusum_fgo,follower,maneuver,603,603.0,0,3,207,0,0.34328358208955223,17.91044776119403,0,0,0,0.0,0.0,E1,h7_k0p25,7.0,0.25
healthy_maneuver,34,cusum_fgo,follower,post,420,420.0,0,0,280,0,0.6666666666666666,0.0,0,0,0,0.0,0.0,E1,h7_k0p25,7.0,0.25
healthy_maneuver,35,cusum_fgo,leader,all,5265,5265.0,0,3,201,0,0.038176638176638175,2.0512820512820515,4,123,0,0.023361823361823363,2.735042735042735,E1,h7_k0p25,7.0,0.25
healthy_maneuver,35,cusum_fgo,leader,pre,2196,2196.0,0,0,0,0,0.0,0.0,0,0,0,0.0,0.0,E1,h7_k0p25,7.0,0.25
healthy_maneuver,35,cusum_fgo,leader,maneuver,1809,1809.0,0,3,201,0,0.1111111111111111,5.970149253731344,4,123,0,0.06799336650082918,7.9601990049751254,E1,h7_k0p25,7.0,0.25
healthy_maneuver,35,cusum_fgo,leader,post,1260,1260.0,0,0,0,0,0.0,0.0,0,0,0,0.0,0.0,E1,h7_k0p25,7.0,0.25
healthy_maneuver,35,cusum_fgo,follower,all,1755,1755.0,0,2,395,0,0.22507122507122507,4.102564102564103,0,0,0,0.0,0.0,E1,h7_k0p25,7.0,0.25
healthy_maneuver,35,cusum_fgo,follower,pre,732,732.0,0,0,0,0,0.0,0.0,0,0,0,0.0,0.0,E1,h7_k0p25,7.0,0.25
healthy_maneuver,35,cusum_fgo,follower,maneuver,603,603.0,0,2,255,0,0.4228855721393035,11.940298507462686,0,0,0,0.0,0.0,E1,h7_k0p25,7.0,0.25
healthy_maneuver,35,cusum_fgo,follower,post,420,420.0,0,0,140,0,0.3333333333333333,0.0,0,0,0,0.0,0.0,E1,h7_k0p25,7.0,0.25
healthy_maneuver,36,cusum_fgo,leader,all,5265,5265.0,0,3,272,0,0.051661918328584994,2.0512820512820515,3,272,0,0.051661918328584994,2.0512820512820515,E1,h7_k0p25,7.0,0.25
healthy_maneuver,36,cusum_fgo,leader,pre,2196,2196.0,0,0,0,0,0.0,0.0,0,0,0,0.0,0.0,E1,h7_k0p25,7.0,0.25
healthy_maneuver,36,cusum_fgo,leader,maneuver,1809,1809.0,0,3,132,0,0.07296849087893864,5.970149253731344,3,132,0,0.07296849087893864,5.970149253731344,E1,h7_k0p25,7.0,0.25
healthy_maneuver,36,cusum_fgo,leader,post,1260,1260.0,0,0,140,0,0.1111111111111111,0.0,0,140,0,0.1111111111111111,0.0,E1,h7_k0p25,7.0,0.25
healthy_maneuver,36,cusum_fgo,follower,all,1755,1755.0,0,2,402,0,0.22905982905982905,4.102564102564103,0,0,0,0.0,0.0,E1,h7_k0p25,7.0,0.25
healthy_maneuver,36,cusum_fgo,follower,pre,732,732.0,0,0,0,0,0.0,0.0,0,0,0,0.0,0.0,E1,h7_k0p25,7.0,0.25
healthy_maneuver,36,cusum_fgo,follower,maneuver,603,603.0,0,2,262,0,0.43449419568822556,11.940298507462686,0,0,0,0.0,0.0,E1,h7_k0p25,7.0,0.25
healthy_maneuver,36,cusum_fgo,follower,post,420,420.0,0,0,140,0,0.3333333333333333,0.0,0,0,0,0.0,0.0,E1,h7_k0p25,7.0,0.25
healthy_maneuver,37,cusum_fgo,leader,all,5265,5265.0,0,4,336,0,0.06381766381766382,2.735042735042735,5,295,0,0.0560303893637227,3.418803418803419,E1,h7_k0p25,7.0,0.25
healthy_maneuver,37,cusum_fgo,leader,pre,2196,2196.0,0,0,0,0,0.0,0.0,0,0,0,0.0,0.0,E1,h7_k0p25,7.0,0.25
healthy_maneuver,37,cusum_fgo,leader,maneuver,1809,1809.0,0,4,196,0,0.10834715312327253,7.9601990049751254,5,155,0,0.08568269762299613,9.950248756218906,E1,h7_k0p25,7.0,0.25
healthy_maneuver,37,cusum_fgo,leader,post,1260,1260.0,0,0,140,0,0.1111111111111111,0.0,0,140,0,0.1111111111111111,0.0,E1,h7_k0p25,7.0,0.25
healthy_maneuver,37,cusum_fgo,follower,all,1755,1755.0,0,2,400,0,0.22792022792022792,4.102564102564103,0,0,0,0.0,0.0,E1,h7_k0p25,7.0,0.25
healthy_maneuver,37,cusum_fgo,follower,pre,732,732.0,0,0,0,0,0.0,0.0,0,0,0,0.0,0.0,E1,h7_k0p25,7.0,0.25
healthy_maneuver,37,cusum_fgo,follower,maneuver,603,603.0,0,2,260,0,0.4311774461028192,11.940298507462686,0,0,0,0.0,0.0,E1,h7_k0p25,7.0,0.25
healthy_maneuver,37,cusum_fgo,follower,post,420,420.0,0,0,140,0,0.3333333333333333,0.0,0,0,0,0.0,0.0,E1,h7_k0p25,7.0,0.25
healthy_maneuver,38,cusum_fgo,leader,all,5265,5265.0,0,2,136,0,0.025830959164292497,1.3675213675213675,2,136,0,0.025830959164292497,1.3675213675213675,E1,h7_k0p25,7.0,0.25
healthy_maneuver,38,cusum_fgo,leader,pre,2196,2196.0,0,0,0,0,0.0,0.0,0,0,0,0.0,0.0,E1,h7_k0p25,7.0,0.25
healthy_maneuver,38,cusum_fgo,leader,maneuver,1809,1809.0,0,2,136,0,0.07517965726920951,3.9800995024875627,2,136,0,0.07517965726920951,3.9800995024875627,E1,h7_k0p25,7.0,0.25
healthy_maneuver,38,cusum_fgo,leader,post,1260,1260.0,0,0,0,0,0.0,0.0,0,0,0,0.0,0.0,E1,h7_k0p25,7.0,0.25
healthy_maneuver,38,cusum_fgo,follower,all,1755,1755.0,0,2,409,0,0.23304843304843303,4.102564102564103,0,0,0,0.0,0.0,E1,h7_k0p25,7.0,0.25
healthy_maneuver,38,cusum_fgo,follower,pre,732,732.0,0,0,0,0,0.0,0.0,0,0,0,0.0,0.0,E1,h7_k0p25,7.0,0.25
healthy_maneuver,38,cusum_fgo,follower,maneuver,603,603.0,0,2,269,0,0.4461028192371476,11.940298507462686,0,0,0,0.0,0.0,E1,h7_k0p25,7.0,0.25
healthy_maneuver,38,cusum_fgo,follower,post,420,420.0,0,0,140,0,0.3333333333333333,0.0,0,0,0,0.0,0.0,E1,h7_k0p25,7.0,0.25
healthy_maneuver,39,cusum_fgo,leader,all,5265,5265.0,0,3,403,0,0.07654320987654321,2.0512820512820515,2,324,0,0.06153846153846154,1.3675213675213675,E1,h7_k0p25,7.0,0.25
healthy_maneuver,39,cusum_fgo,leader,pre,2196,2196.0,0,0,0,0,0.0,0.0,0,0,0,0.0,0.0,E1,h7_k0p25,7.0,0.25
healthy_maneuver,39,cusum_fgo,leader,maneuver,1809,1809.0,0,3,263,0,0.14538419016030957,5.970149253731344,2,184,0,0.10171365395245992,3.9800995024875627,E1,h7_k0p25,7.0,0.25
healthy_maneuver,39,cusum_fgo,leader,post,1260,1260.0,0,0,140,0,0.1111111111111111,0.0,0,140,0,0.1111111111111111,0.0,E1,h7_k0p25,7.0,0.25
healthy_maneuver,39,cusum_fgo,follower,all,1755,1755.0,0,3,242,0,0.1378917378917379,6.153846153846154,0,0,0,0.0,0.0,E1,h7_k0p25,7.0,0.25
healthy_maneuver,39,cusum_fgo,follower,pre,732,732.0,0,0,0,0,0.0,0.0,0,0,0,0.0,0.0,E1,h7_k0p25,7.0,0.25
healthy_maneuver,39,cusum_fgo,follower,maneuver,603,603.0,0,2,238,0,0.3946932006633499,11.940298507462686,0,0,0,0.0,0.0,E1,h7_k0p25,7.0,0.25
healthy_maneuver,39,cusum_fgo,follower,post,420,420.0,0,1,4,0,0.009523809523809525,8.571428571428571,0,0,0,0.0,0.0,E1,h7_k0p25,7.0,0.25
healthy_maneuver,40,cusum_fgo,leader,all,5265,5265.0,0,3,250,0,0.04748338081671415,2.0512820512820515,4,159,0,0.0301994301994302,2.735042735042735,E1,h7_k0p25,7.0,0.25
healthy_maneuver,40,cusum_fgo,leader,pre,2196,2196.0,0,0,0,0,0.0,0.0,0,0,0,0.0,0.0,E1,h7_k0p25,7.0,0.25
healthy_maneuver,40,cusum_fgo,leader,maneuver,1809,1809.0,0,3,250,0,0.13819789939192925,5.970149253731344,4,159,0,0.087893864013267,7.9601990049751254,E1,h7_k0p25,7.0,0.25
healthy_maneuver,40,cusum_fgo,leader,post,1260,1260.0,0,0,0,0,0.0,0.0,0,0,0,0.0,0.0,E1,h7_k0p25,7.0,0.25
healthy_maneuver,40,cusum_fgo,follower,all,1755,1755.0,0,3,385,0,0.21937321937321938,6.153846153846154,0,0,0,0.0,0.0,E1,h7_k0p25,7.0,0.25
healthy_maneuver,40,cusum_fgo,follower,pre,732,732.0,0,0,0,0,0.0,0.0,0,0,0,0.0,0.0,E1,h7_k0p25,7.0,0.25
healthy_maneuver,40,cusum_fgo,follower,maneuver,603,603.0,0,2,259,0,0.4295190713101161,11.940298507462686,0,0,0,0.0,0.0,E1,h7_k0p25,7.0,0.25
healthy_maneuver,40,cusum_fgo,follower,post,420,420.0,0,1,126,0,0.3,8.571428571428571,0,0,0,0.0,0.0,E1,h7_k0p25,7.0,0.25
healthy_maneuver,41,cusum_fgo,leader,all,5265,5265.0,0,2,163,0,0.030959164292497624,1.3675213675213675,2,163,0,0.030959164292497624,1.3675213675213675,E1,h7_k0p25,7.0,0.25
healthy_maneuver,41,cusum_fgo,leader,pre,2196,2196.0,0,0,0,0,0.0,0.0,0,0,0,0.0,0.0,E1,h7_k0p25,7.0,0.25
healthy_maneuver,41,cusum_fgo,leader,maneuver,1809,1809.0,0,2,163,0,0.09010503040353787,3.9800995024875627,2,163,0,0.09010503040353787,3.9800995024875627,E1,h7_k0p25,7.0,0.25
healthy_maneuver,41,cusum_fgo,leader,post,1260,1260.0,0,0,0,0,0.0,0.0,0,0,0,0.0,0.0,E1,h7_k0p25,7.0,0.25
healthy_maneuver,41,cusum_fgo,follower,all,1755,1755.0,0,2,217,0,0.12364672364672365,4.102564102564103,0,0,0,0.0,0.0,E1,h7_k0p25,7.0,0.25
healthy_maneuver,41,cusum_fgo,follower,pre,732,732.0,0,0,0,0,0.0,0.0,0,0,0,0.0,0.0,E1,h7_k0p25,7.0,0.25
healthy_maneuver,41,cusum_fgo,follower,maneuver,603,603.0,0,2,217,0,0.3598673300165838,11.940298507462686,0,0,0,0.0,0.0,E1,h7_k0p25,7.0,0.25
healthy_maneuver,41,cusum_fgo,follower,post,420,420.0,0,0,0,0,0.0,0.0,0,0,0,0.0,0.0,E1,h7_k0p25,7.0,0.25
healthy_maneuver,42,cusum_fgo,leader,all,5265,5265.0,0,3,180,0,0.03418803418803419,2.0512820512820515,3,156,0,0.02962962962962963,2.0512820512820515,E1,h7_k0p25,7.0,0.25
healthy_maneuver,42,cusum_fgo,leader,pre,2196,2196.0,0,0,0,0,0.0,0.0,0,0,0,0.0,0.0,E1,h7_k0p25,7.0,0.25
healthy_maneuver,42,cusum_fgo,leader,maneuver,1809,1809.0,0,3,180,0,0.09950248756218906,5.970149253731344,3,156,0,0.08623548922056384,5.970149253731344,E1,h7_k0p25,7.0,0.25
healthy_maneuver,42,cusum_fgo,leader,post,1260,1260.0,0,0,0,0,0.0,0.0,0,0,0,0.0,0.0,E1,h7_k0p25,7.0,0.25
healthy_maneuver,42,cusum_fgo,follower,all,1755,1755.0,0,2,234,0,0.13333333333333333,4.102564102564103,0,0,0,0.0,0.0,E1,h7_k0p25,7.0,0.25
healthy_maneuver,42,cusum_fgo,follower,pre,732,732.0,0,0,0,0,0.0,0.0,0,0,0,0.0,0.0,E1,h7_k0p25,7.0,0.25
healthy_maneuver,42,cusum_fgo,follower,maneuver,603,603.0,0,2,234,0,0.3880597014925373,11.940298507462686,0,0,0,0.0,0.0,E1,h7_k0p25,7.0,0.25
healthy_maneuver,42,cusum_fgo,follower,post,420,420.0,0,0,0,0,0.0,0.0,0,0,0,0.0,0.0,E1,h7_k0p25,7.0,0.25
healthy_maneuver,43,cusum_fgo,leader,all,5265,5265.0,0,3,253,0,0.048053181386514716,2.0512820512820515,7,164,0,0.03114909781576448,4.786324786324786,E1,h7_k0p25,7.0,0.25
healthy_maneuver,43,cusum_fgo,leader,pre,2196,2196.0,0,0,0,0,0.0,0.0,0,0,0,0.0,0.0,E1,h7_k0p25,7.0,0.25
healthy_maneuver,43,cusum_fgo,leader,maneuver,1809,1809.0,0,3,253,0,0.1398562741846324,5.970149253731344,7,164,0,0.09065782200110559,13.93034825870647,E1,h7_k0p25,7.0,0.25
healthy_maneuver,43,cusum_fgo,leader,post,1260,1260.0,0,0,0,0,0.0,0.0,0,0,0,0.0,0.0,E1,h7_k0p25,7.0,0.25
healthy_maneuver,43,cusum_fgo,follower,all,1755,1755.0,0,4,263,0,0.14985754985754987,8.205128205128206,0,0,0,0.0,0.0,E1,h7_k0p25,7.0,0.25
healthy_maneuver,43,cusum_fgo,follower,pre,732,732.0,0,0,0,0,0.0,0.0,0,0,0,0.0,0.0,E1,h7_k0p25,7.0,0.25
healthy_maneuver,43,cusum_fgo,follower,maneuver,603,603.0,0,2,246,0,0.4079601990049751,11.940298507462686,0,0,0,0.0,0.0,E1,h7_k0p25,7.0,0.25
healthy_maneuver,43,cusum_fgo,follower,post,420,420.0,0,2,17,0,0.04047619047619048,17.142857142857142,0,0,0,0.0,0.0,E1,h7_k0p25,7.0,0.25
healthy_maneuver,44,cusum_fgo,leader,all,5265,5265.0,0,4,299,0,0.056790123456790124,2.735042735042735,4,299,0,0.056790123456790124,2.735042735042735,E1,h7_k0p25,7.0,0.25
healthy_maneuver,44,cusum_fgo,leader,pre,2196,2196.0,0,0,0,0,0.0,0.0,0,0,0,0.0,0.0,E1,h7_k0p25,7.0,0.25
healthy_maneuver,44,cusum_fgo,leader,maneuver,1809,1809.0,0,3,171,0,0.0945273631840796,5.970149253731344,3,171,0,0.0945273631840796,5.970149253731344,E1,h7_k0p25,7.0,0.25
healthy_maneuver,44,cusum_fgo,leader,post,1260,1260.0,0,1,128,0,0.10158730158730159,2.857142857142857,1,128,0,0.10158730158730159,2.857142857142857,E1,h7_k0p25,7.0,0.25
healthy_maneuver,44,cusum_fgo,follower,all,1755,1755.0,0,2,421,0,0.23988603988603988,4.102564102564103,0,0,0,0.0,0.0,E1,h7_k0p25,7.0,0.25
healthy_maneuver,44,cusum_fgo,follower,pre,732,732.0,0,0,0,0,0.0,0.0,0,0,0,0.0,0.0,E1,h7_k0p25,7.0,0.25
healthy_maneuver,44,cusum_fgo,follower,maneuver,603,603.0,0,2,276,0,0.4577114427860697,11.940298507462686,0,0,0,0.0,0.0,E1,h7_k0p25,7.0,0.25
healthy_maneuver,44,cusum_fgo,follower,post,420,420.0,0,0,145,0,0.34523809523809523,0.0,0,0,0,0.0,0.0,E1,h7_k0p25,7.0,0.25
healthy_maneuver,45,cusum_fgo,leader,all,5265,5265.0,0,3,245,0,0.04653371320037987,2.0512820512820515,3,245,0,0.04653371320037987,2.0512820512820515,E1,h7_k0p25,7.0,0.25
healthy_maneuver,45,cusum_fgo,leader,pre,2196,2196.0,0,0,0,0,0.0,0.0,0,0,0,0.0,0.0,E1,h7_k0p25,7.0,0.25
healthy_maneuver,45,cusum_fgo,leader,maneuver,1809,1809.0,0,3,105,0,0.05804311774461028,5.970149253731344,3,105,0,0.05804311774461028,5.970149253731344,E1,h7_k0p25,7.0,0.25
healthy_maneuver,45,cusum_fgo,leader,post,1260,1260.0,0,0,140,0,0.1111111111111111,0.0,0,140,0,0.1111111111111111,0.0,E1,h7_k0p25,7.0,0.25
healthy_maneuver,45,cusum_fgo,follower,all,1755,1755.0,0,5,503,0,0.2866096866096866,10.256410256410257,0,0,0,0.0,0.0,E1,h7_k0p25,7.0,0.25
healthy_maneuver,45,cusum_fgo,follower,pre,732,732.0,0,0,0,0,0.0,0.0,0,0,0,0.0,0.0,E1,h7_k0p25,7.0,0.25
healthy_maneuver,45,cusum_fgo,follower,maneuver,603,603.0,0,2,272,0,0.45107794361525705,11.940298507462686,0,0,0,0.0,0.0,E1,h7_k0p25,7.0,0.25
healthy_maneuver,45,cusum_fgo,follower,post,420,420.0,0,3,231,0,0.55,25.714285714285715,0,0,0,0.0,0.0,E1,h7_k0p25,7.0,0.25
healthy_maneuver,46,cusum_fgo,leader,all,5265,5265.0,0,7,396,0,0.07521367521367521,4.786324786324786,6,321,0,0.06096866096866097,4.102564102564103,E1,h7_k0p25,7.0,0.25
healthy_maneuver,46,cusum_fgo,leader,pre,2196,2196.0,0,0,0,0,0.0,0.0,0,0,0,0.0,0.0,E1,h7_k0p25,7.0,0.25
healthy_maneuver,46,cusum_fgo,leader,maneuver,1809,1809.0,0,6,307,0,0.16970702045328911,11.940298507462687,5,232,0,0.12824765063571034,9.950248756218906,E1,h7_k0p25,7.0,0.25
healthy_maneuver,46,cusum_fgo,leader,post,1260,1260.0,0,1,89,0,0.07063492063492063,2.857142857142857,1,89,0,0.07063492063492063,2.857142857142857,E1,h7_k0p25,7.0,0.25
healthy_maneuver,46,cusum_fgo,follower,all,1755,1755.0,0,2,405,0,0.23076923076923078,4.102564102564103,0,0,0,0.0,0.0,E1,h7_k0p25,7.0,0.25
healthy_maneuver,46,cusum_fgo,follower,pre,732,732.0,0,0,0,0,0.0,0.0,0,0,0,0.0,0.0,E1,h7_k0p25,7.0,0.25
healthy_maneuver,46,cusum_fgo,follower,maneuver,603,603.0,0,2,265,0,0.439469320066335,11.940298507462686,0,0,0,0.0,0.0,E1,h7_k0p25,7.0,0.25
healthy_maneuver,46,cusum_fgo,follower,post,420,420.0,0,0,140,0,0.3333333333333333,0.0,0,0,0,0.0,0.0,E1,h7_k0p25,7.0,0.25
healthy_maneuver,47,cusum_fgo,leader,all,5265,5265.0,0,3,217,0,0.04121557454890788,2.0512820512820515,6,155,0,0.029439696106362774,4.102564102564103,E1,h7_k0p25,7.0,0.25
healthy_maneuver,47,cusum_fgo,leader,pre,2196,2196.0,0,0,0,0,0.0,0.0,0,0,0,0.0,0.0,E1,h7_k0p25,7.0,0.25
healthy_maneuver,47,cusum_fgo,leader,maneuver,1809,1809.0,0,3,217,0,0.11995577667219458,5.970149253731344,6,155,0,0.08568269762299613,11.940298507462687,E1,h7_k0p25,7.0,0.25
healthy_maneuver,47,cusum_fgo,leader,post,1260,1260.0,0,0,0,0,0.0,0.0,0,0,0,0.0,0.0,E1,h7_k0p25,7.0,0.25
healthy_maneuver,47,cusum_fgo,follower,all,1755,1755.0,0,3,465,0,0.26495726495726496,6.153846153846154,0,0,0,0.0,0.0,E1,h7_k0p25,7.0,0.25
healthy_maneuver,47,cusum_fgo,follower,pre,732,732.0,0,0,0,0,0.0,0.0,0,0,0,0.0,0.0,E1,h7_k0p25,7.0,0.25
healthy_maneuver,47,cusum_fgo,follower,maneuver,603,603.0,0,3,325,0,0.538971807628524,17.91044776119403,0,0,0,0.0,0.0,E1,h7_k0p25,7.0,0.25
healthy_maneuver,47,cusum_fgo,follower,post,420,420.0,0,0,140,0,0.3333333333333333,0.0,0,0,0,0.0,0.0,E1,h7_k0p25,7.0,0.25
healthy_maneuver,48,cusum_fgo,leader,all,5265,5265.0,0,1,54,0,0.010256410256410256,0.6837606837606838,1,54,0,0.010256410256410256,0.6837606837606838,E1,h7_k0p25,7.0,0.25
healthy_maneuver,48,cusum_fgo,leader,pre,2196,2196.0,0,0,0,0,0.0,0.0,0,0,0,0.0,0.0,E1,h7_k0p25,7.0,0.25
healthy_maneuver,48,cusum_fgo,leader,maneuver,1809,1809.0,0,1,54,0,0.029850746268656716,1.9900497512437814,1,54,0,0.029850746268656716,1.9900497512437814,E1,h7_k0p25,7.0,0.25
healthy_maneuver,48,cusum_fgo,leader,post,1260,1260.0,0,0,0,0,0.0,0.0,0,0,0,0.0,0.0,E1,h7_k0p25,7.0,0.25
healthy_maneuver,48,cusum_fgo,follower,all,1755,1755.0,0,3,242,0,0.1378917378917379,6.153846153846154,0,0,0,0.0,0.0,E1,h7_k0p25,7.0,0.25
healthy_maneuver,48,cusum_fgo,follower,pre,732,732.0,0,0,0,0,0.0,0.0,0,0,0,0.0,0.0,E1,h7_k0p25,7.0,0.25
healthy_maneuver,48,cusum_fgo,follower,maneuver,603,603.0,0,2,233,0,0.3864013266998342,11.940298507462686,0,0,0,0.0,0.0,E1,h7_k0p25,7.0,0.25
healthy_maneuver,48,cusum_fgo,follower,post,420,420.0,0,1,9,0,0.02142857142857143,8.571428571428571,0,0,0,0.0,0.0,E1,h7_k0p25,7.0,0.25
healthy_maneuver,49,cusum_fgo,leader,all,5265,5265.0,0,2,156,0,0.02962962962962963,1.3675213675213675,2,156,0,0.02962962962962963,1.3675213675213675,E1,h7_k0p25,7.0,0.25
healthy_maneuver,49,cusum_fgo,leader,pre,2196,2196.0,0,0,0,0,0.0,0.0,0,0,0,0.0,0.0,E1,h7_k0p25,7.0,0.25
healthy_maneuver,49,cusum_fgo,leader,maneuver,1809,1809.0,0,2,156,0,0.08623548922056384,3.9800995024875627,2,156,0,0.08623548922056384,3.9800995024875627,E1,h7_k0p25,7.0,0.25
healthy_maneuver,49,cusum_fgo,leader,post,1260,1260.0,0,0,0,0,0.0,0.0,0,0,0,0.0,0.0,E1,h7_k0p25,7.0,0.25
healthy_maneuver,49,cusum_fgo,follower,all,1755,1755.0,0,2,407,0,0.2319088319088319,4.102564102564103,0,0,0,0.0,0.0,E1,h7_k0p25,7.0,0.25
healthy_maneuver,49,cusum_fgo,follower,pre,732,732.0,0,0,0,0,0.0,0.0,0,0,0,0.0,0.0,E1,h7_k0p25,7.0,0.25
healthy_maneuver,49,cusum_fgo,follower,maneuver,603,603.0,0,2,267,0,0.4427860696517413,11.940298507462686,0,0,0,0.0,0.0,E1,h7_k0p25,7.0,0.25
healthy_maneuver,49,cusum_fgo,follower,post,420,420.0,0,0,140,0,0.3333333333333333,0.0,0,0,0,0.0,0.0,E1,h7_k0p25,7.0,0.25
healthy_maneuver,50,cusum_fgo,leader,all,5265,5265.0,0,5,442,0,0.08395061728395062,3.418803418803419,17,311,0,0.059069325735992405,11.623931623931625,E1,h7_k0p25,7.0,0.25
healthy_maneuver,50,cusum_fgo,leader,pre,2196,2196.0,0,0,0,0,0.0,0.0,0,0,0,0.0,0.0,E1,h7_k0p25,7.0,0.25
healthy_maneuver,50,cusum_fgo,leader,maneuver,1809,1809.0,0,4,175,0,0.09673852957435047,7.9601990049751254,3,171,0,0.0945273631840796,5.970149253731344,E1,h7_k0p25,7.0,0.25
healthy_maneuver,50,cusum_fgo,leader,post,1260,1260.0,0,1,267,0,0.2119047619047619,2.857142857142857,14,140,0,0.1111111111111111,40.0,E1,h7_k0p25,7.0,0.25
healthy_maneuver,50,cusum_fgo,follower,all,1755,1755.0,0,2,405,0,0.23076923076923078,4.102564102564103,0,0,0,0.0,0.0,E1,h7_k0p25,7.0,0.25
healthy_maneuver,50,cusum_fgo,follower,pre,732,732.0,0,0,0,0,0.0,0.0,0,0,0,0.0,0.0,E1,h7_k0p25,7.0,0.25
healthy_maneuver,50,cusum_fgo,follower,maneuver,603,603.0,0,2,265,0,0.439469320066335,11.940298507462686,0,0,0,0.0,0.0,E1,h7_k0p25,7.0,0.25
healthy_maneuver,50,cusum_fgo,follower,post,420,420.0,0,0,140,0,0.3333333333333333,0.0,0,0,0,0.0,0.0,E1,h7_k0p25,7.0,0.25
baseline_3f,1,cusum_fgo,leader,all,5044,5044.0,0,0,28,28,0.0055511498810467885,0.0,0,28,28,0.0055511498810467885,0.0,E1,h7_k0p5,7.0,0.5
baseline_3f,1,cusum_fgo,follower,all,1755,1755.0,0,0,0,0,0.0,0.0,0,0,0,0.0,0.0,E1,h7_k0p5,7.0,0.5
baseline_3f,2,cusum_fgo,leader,all,5044,5044.0,0,0,26,26,0.005154639175257732,0.0,0,26,26,0.005154639175257732,0.0,E1,h7_k0p5,7.0,0.5
baseline_3f,2,cusum_fgo,follower,all,1755,1755.0,0,0,0,0,0.0,0.0,0,0,0,0.0,0.0,E1,h7_k0p5,7.0,0.5
baseline_3f,3,cusum_fgo,leader,all,5044,5044.0,0,0,26,26,0.005154639175257732,0.0,0,26,26,0.005154639175257732,0.0,E1,h7_k0p5,7.0,0.5
baseline_3f,3,cusum_fgo,follower,all,1755,1755.0,0,0,0,0,0.0,0.0,0,0,0,0.0,0.0,E1,h7_k0p5,7.0,0.5
baseline_3f,4,cusum_fgo,leader,all,5044,5044.0,0,0,26,26,0.005154639175257732,0.0,0,26,26,0.005154639175257732,0.0,E1,h7_k0p5,7.0,0.5
baseline_3f,4,cusum_fgo,follower,all,1755,1755.0,0,0,0,0,0.0,0.0,0,0,0,0.0,0.0,E1,h7_k0p5,7.0,0.5
baseline_3f,5,cusum_fgo,leader,all,5044,5044.0,0,0,474,474,0.09397303727200634,0.0,3,417,137,0.08267248215701824,2.141157811260904,E1,h7_k0p5,7.0,0.5
baseline_3f,5,cusum_fgo,follower,all,1755,1755.0,0,0,0,0,0.0,0.0,0,0,0,0.0,0.0,E1,h7_k0p5,7.0,0.5
baseline_3f,6,cusum_fgo,leader,all,5044,5044.0,0,0,28,28,0.0055511498810467885,0.0,0,28,28,0.0055511498810467885,0.0,E1,h7_k0p5,7.0,0.5
baseline_3f,6,cusum_fgo,follower,all,1755,1755.0,0,0,0,0,0.0,0.0,0,0,0,0.0,0.0,E1,h7_k0p5,7.0,0.5
baseline_3f,7,cusum_fgo,leader,all,5044,5044.0,0,0,36,36,0.007137192704203013,0.0,0,36,36,0.007137192704203013,0.0,E1,h7_k0p5,7.0,0.5
baseline_3f,7,cusum_fgo,follower,all,1755,1755.0,0,0,0,0,0.0,0.0,0,0,0,0.0,0.0,E1,h7_k0p5,7.0,0.5
baseline_3f,8,cusum_fgo,leader,all,5044,5044.0,0,0,26,26,0.005154639175257732,0.0,0,26,26,0.005154639175257732,0.0,E1,h7_k0p5,7.0,0.5
baseline_3f,8,cusum_fgo,follower,all,1755,1755.0,0,0,0,0,0.0,0.0,0,0,0,0.0,0.0,E1,h7_k0p5,7.0,0.5
baseline_3f,9,cusum_fgo,leader,all,5044,5044.0,0,0,26,26,0.005154639175257732,0.0,0,26,26,0.005154639175257732,0.0,E1,h7_k0p5,7.0,0.5
baseline_3f,9,cusum_fgo,follower,all,1755,1755.0,0,0,0,0,0.0,0.0,0,0,0,0.0,0.0,E1,h7_k0p5,7.0,0.5
baseline_3f,10,cusum_fgo,leader,all,5044,5044.0,0,0,79,79,0.015662172878667724,0.0,0,79,79,0.015662172878667724,0.0,E1,h7_k0p5,7.0,0.5
baseline_3f,10,cusum_fgo,follower,all,1755,1755.0,0,0,0,0,0.0,0.0,0,0,0,0.0,0.0,E1,h7_k0p5,7.0,0.5
baseline_3f,11,cusum_fgo,leader,all,5044,5044.0,0,0,26,26,0.005154639175257732,0.0,0,26,26,0.005154639175257732,0.0,E1,h7_k0p5,7.0,0.5
baseline_3f,11,cusum_fgo,follower,all,1755,1755.0,0,0,0,0,0.0,0.0,0,0,0,0.0,0.0,E1,h7_k0p5,7.0,0.5
baseline_3f,12,cusum_fgo,leader,all,5044,5044.0,0,0,29,29,0.005749405233941317,0.0,0,29,29,0.005749405233941317,0.0,E1,h7_k0p5,7.0,0.5
baseline_3f,12,cusum_fgo,follower,all,1755,1755.0,0,0,0,0,0.0,0.0,0,0,0,0.0,0.0,E1,h7_k0p5,7.0,0.5
baseline_3f,13,cusum_fgo,leader,all,5044,5044.0,0,0,26,26,0.005154639175257732,0.0,0,26,26,0.005154639175257732,0.0,E1,h7_k0p5,7.0,0.5
baseline_3f,13,cusum_fgo,follower,all,1755,1755.0,0,0,0,0,0.0,0.0,0,0,0,0.0,0.0,E1,h7_k0p5,7.0,0.5
baseline_3f,14,cusum_fgo,leader,all,5044,5044.0,0,0,26,26,0.005154639175257732,0.0,0,26,26,0.005154639175257732,0.0,E1,h7_k0p5,7.0,0.5
baseline_3f,14,cusum_fgo,follower,all,1755,1755.0,0,0,0,0,0.0,0.0,0,0,0,0.0,0.0,E1,h7_k0p5,7.0,0.5
baseline_3f,15,cusum_fgo,leader,all,5044,5044.0,0,0,26,26,0.005154639175257732,0.0,0,26,26,0.005154639175257732,0.0,E1,h7_k0p5,7.0,0.5
baseline_3f,15,cusum_fgo,follower,all,1755,1755.0,0,0,0,0,0.0,0.0,0,0,0,0.0,0.0,E1,h7_k0p5,7.0,0.5
baseline_3f,16,cusum_fgo,leader,all,5044,5044.0,0,0,29,29,0.005749405233941317,0.0,0,29,29,0.005749405233941317,0.0,E1,h7_k0p5,7.0,0.5
baseline_3f,16,cusum_fgo,follower,all,1755,1755.0,0,0,0,0,0.0,0.0,0,0,0,0.0,0.0,E1,h7_k0p5,7.0,0.5
baseline_3f,17,cusum_fgo,leader,all,5044,5044.0,0,0,79,79,0.015662172878667724,0.0,0,79,79,0.015662172878667724,0.0,E1,h7_k0p5,7.0,0.5
baseline_3f,17,cusum_fgo,follower,all,1755,1755.0,0,0,0,0,0.0,0.0,0,0,0,0.0,0.0,E1,h7_k0p5,7.0,0.5
baseline_3f,18,cusum_fgo,leader,all,5044,5044.0,0,2,416,129,0.08247422680412371,1.4274385408406025,3,394,129,0.07811260904044409,2.141157811260904,E1,h7_k0p5,7.0,0.5
baseline_3f,18,cusum_fgo,follower,all,1755,1755.0,0,0,0,0,0.0,0.0,0,0,0,0.0,0.0,E1,h7_k0p5,7.0,0.5
baseline_3f,19,cusum_fgo,leader,all,5044,5044.0,0,0,26,26,0.005154639175257732,0.0,0,26,26,0.005154639175257732,0.0,E1,h7_k0p5,7.0,0.5
baseline_3f,19,cusum_fgo,follower,all,1755,1755.0,0,0,0,0,0.0,0.0,0,0,0,0.0,0.0,E1,h7_k0p5,7.0,0.5
baseline_3f,20,cusum_fgo,leader,all,5044,5044.0,0,0,26,26,0.005154639175257732,0.0,0,26,26,0.005154639175257732,0.0,E1,h7_k0p5,7.0,0.5
baseline_3f,20,cusum_fgo,follower,all,1755,1755.0,0,0,0,0,0.0,0.0,0,0,0,0.0,0.0,E1,h7_k0p5,7.0,0.5
baseline_3f,21,cusum_fgo,leader,all,5044,5044.0,0,0,300,300,0.05947660586835844,0.0,2,265,133,0.05253766851704996,1.4274385408406025,E1,h7_k0p5,7.0,0.5
baseline_3f,21,cusum_fgo,follower,all,1755,1755.0,0,0,0,0,0.0,0.0,0,0,0,0.0,0.0,E1,h7_k0p5,7.0,0.5
baseline_3f,22,cusum_fgo,leader,all,5044,5044.0,0,0,298,298,0.05908009516256939,0.0,2,270,132,0.0535289452815226,1.4274385408406025,E1,h7_k0p5,7.0,0.5
baseline_3f,22,cusum_fgo,follower,all,1755,1755.0,0,0,0,0,0.0,0.0,0,0,0,0.0,0.0,E1,h7_k0p5,7.0,0.5
baseline_3f,23,cusum_fgo,leader,all,5044,5044.0,0,0,29,29,0.005749405233941317,0.0,0,29,29,0.005749405233941317,0.0,E1,h7_k0p5,7.0,0.5
baseline_3f,23,cusum_fgo,follower,all,1755,1755.0,0,0,0,0,0.0,0.0,0,0,0,0.0,0.0,E1,h7_k0p5,7.0,0.5
baseline_3f,24,cusum_fgo,leader,all,5044,5044.0,0,0,26,26,0.005154639175257732,0.0,0,26,26,0.005154639175257732,0.0,E1,h7_k0p5,7.0,0.5
baseline_3f,24,cusum_fgo,follower,all,1755,1755.0,0,0,0,0,0.0,0.0,0,0,0,0.0,0.0,E1,h7_k0p5,7.0,0.5
baseline_3f,25,cusum_fgo,leader,all,5044,5044.0,0,0,26,26,0.005154639175257732,0.0,0,26,26,0.005154639175257732,0.0,E1,h7_k0p5,7.0,0.5
baseline_3f,25,cusum_fgo,follower,all,1755,1755.0,0,0,0,0,0.0,0.0,0,0,0,0.0,0.0,E1,h7_k0p5,7.0,0.5
baseline_3f,26,cusum_fgo,leader,all,5044,5044.0,0,0,26,26,0.005154639175257732,0.0,0,26,26,0.005154639175257732,0.0,E1,h7_k0p5,7.0,0.5
baseline_3f,26,cusum_fgo,follower,all,1755,1755.0,0,0,0,0,0.0,0.0,0,0,0,0.0,0.0,E1,h7_k0p5,7.0,0.5
baseline_3f,27,cusum_fgo,leader,all,5044,5044.0,0,0,462,462,0.091593973037272,0.0,2,431,225,0.08544805709754164,1.4274385408406025,E1,h7_k0p5,7.0,0.5
baseline_3f,27,cusum_fgo,follower,all,1755,1755.0,0,0,0,0,0.0,0.0,0,0,0,0.0,0.0,E1,h7_k0p5,7.0,0.5
baseline_3f,28,cusum_fgo,leader,all,5044,5044.0,0,0,29,29,0.005749405233941317,0.0,0,29,29,0.005749405233941317,0.0,E1,h7_k0p5,7.0,0.5
baseline_3f,28,cusum_fgo,follower,all,1755,1755.0,0,0,0,0,0.0,0.0,0,0,0,0.0,0.0,E1,h7_k0p5,7.0,0.5
baseline_3f,29,cusum_fgo,leader,all,5044,5044.0,0,0,26,26,0.005154639175257732,0.0,0,26,26,0.005154639175257732,0.0,E1,h7_k0p5,7.0,0.5
baseline_3f,29,cusum_fgo,follower,all,1755,1755.0,0,0,0,0,0.0,0.0,0,0,0,0.0,0.0,E1,h7_k0p5,7.0,0.5
baseline_3f,30,cusum_fgo,leader,all,5044,5044.0,0,0,64,64,0.012688342585249802,0.0,0,64,64,0.012688342585249802,0.0,E1,h7_k0p5,7.0,0.5
baseline_3f,30,cusum_fgo,follower,all,1755,1755.0,0,0,0,0,0.0,0.0,0,0,0,0.0,0.0,E1,h7_k0p5,7.0,0.5
baseline_3f,31,cusum_fgo,leader,all,5044,5044.0,0,0,29,29,0.005749405233941317,0.0,0,29,29,0.005749405233941317,0.0,E1,h7_k0p5,7.0,0.5
baseline_3f,31,cusum_fgo,follower,all,1755,1755.0,0,0,0,0,0.0,0.0,0,0,0,0.0,0.0,E1,h7_k0p5,7.0,0.5
baseline_3f,32,cusum_fgo,leader,all,5044,5044.0,0,0,177,177,0.03509119746233148,0.0,1,159,113,0.031522601110229975,0.7137192704203013,E1,h7_k0p5,7.0,0.5
baseline_3f,32,cusum_fgo,follower,all,1755,1755.0,0,0,0,0,0.0,0.0,0,0,0,0.0,0.0,E1,h7_k0p5,7.0,0.5
baseline_3f,33,cusum_fgo,leader,all,5044,5044.0,0,0,387,387,0.0767248215701824,0.0,2,353,155,0.06998413957176844,1.4274385408406025,E1,h7_k0p5,7.0,0.5
baseline_3f,33,cusum_fgo,follower,all,1755,1755.0,0,0,0,0,0.0,0.0,0,0,0,0.0,0.0,E1,h7_k0p5,7.0,0.5
baseline_3f,34,cusum_fgo,leader,all,5044,5044.0,0,0,362,362,0.07176843774781919,0.0,2,329,127,0.06522601110229977,1.4274385408406025,E1,h7_k0p5,7.0,0.5
baseline_3f,34,cusum_fgo,follower,all,1755,1755.0,0,0,0,0,0.0,0.0,0,0,0,0.0,0.0,E1,h7_k0p5,7.0,0.5
baseline_3f,35,cusum_fgo,leader,all,5044,5044.0,0,0,26,26,0.005154639175257732,0.0,0,26,26,0.005154639175257732,0.0,E1,h7_k0p5,7.0,0.5
baseline_3f,35,cusum_fgo,follower,all,1755,1755.0,0,0,0,0,0.0,0.0,0,0,0,0.0,0.0,E1,h7_k0p5,7.0,0.5
baseline_3f,36,cusum_fgo,leader,all,5044,5044.0,0,0,26,26,0.005154639175257732,0.0,0,26,26,0.005154639175257732,0.0,E1,h7_k0p5,7.0,0.5
baseline_3f,36,cusum_fgo,follower,all,1755,1755.0,0,0,0,0,0.0,0.0,0,0,0,0.0,0.0,E1,h7_k0p5,7.0,0.5
baseline_3f,37,cusum_fgo,leader,all,5044,5044.0,0,0,325,325,0.06443298969072164,0.0,2,291,92,0.057692307692307696,1.4274385408406025,E1,h7_k0p5,7.0,0.5
baseline_3f,37,cusum_fgo,follower,all,1755,1755.0,0,0,0,0,0.0,0.0,0,0,0,0.0,0.0,E1,h7_k0p5,7.0,0.5
baseline_3f,38,cusum_fgo,leader,all,5044,5044.0,0,0,104,104,0.020618556701030927,0.0,0,104,104,0.020618556701030927,0.0,E1,h7_k0p5,7.0,0.5
baseline_3f,38,cusum_fgo,follower,all,1755,1755.0,0,0,0,0,0.0,0.0,0,0,0,0.0,0.0,E1,h7_k0p5,7.0,0.5
baseline_3f,39,cusum_fgo,leader,all,5044,5044.0,0,0,26,26,0.005154639175257732,0.0,0,26,26,0.005154639175257732,0.0,E1,h7_k0p5,7.0,0.5
baseline_3f,39,cusum_fgo,follower,all,1755,1755.0,0,0,0,0,0.0,0.0,0,0,0,0.0,0.0,E1,h7_k0p5,7.0,0.5
baseline_3f,40,cusum_fgo,leader,all,5044,5044.0,0,1,511,362,0.10130848532910389,0.7137192704203013,3,427,131,0.08465503568596353,2.141157811260904,E1,h7_k0p5,7.0,0.5
baseline_3f,40,cusum_fgo,follower,all,1755,1755.0,0,0,0,0,0.0,0.0,0,0,0,0.0,0.0,E1,h7_k0p5,7.0,0.5
baseline_3f,41,cusum_fgo,leader,all,5044,5044.0,0,0,138,138,0.027359238699444885,0.0,1,122,115,0.024187153053132435,0.7137192704203013,E1,h7_k0p5,7.0,0.5
baseline_3f,41,cusum_fgo,follower,all,1755,1755.0,0,0,0,0,0.0,0.0,0,0,0,0.0,0.0,E1,h7_k0p5,7.0,0.5
baseline_3f,42,cusum_fgo,leader,all,5044,5044.0,0,0,78,78,0.015463917525773196,0.0,0,78,78,0.015463917525773196,0.0,E1,h7_k0p5,7.0,0.5
baseline_3f,42,cusum_fgo,follower,all,1755,1755.0,0,0,0,0,0.0,0.0,0,0,0,0.0,0.0,E1,h7_k0p5,7.0,0.5
baseline_3f,43,cusum_fgo,leader,all,5044,5044.0,0,0,26,26,0.005154639175257732,0.0,0,26,26,0.005154639175257732,0.0,E1,h7_k0p5,7.0,0.5
baseline_3f,43,cusum_fgo,follower,all,1755,1755.0,0,0,0,0,0.0,0.0,0,0,0,0.0,0.0,E1,h7_k0p5,7.0,0.5
baseline_3f,44,cusum_fgo,leader,all,5044,5044.0,0,0,79,79,0.015662172878667724,0.0,0,79,79,0.015662172878667724,0.0,E1,h7_k0p5,7.0,0.5
baseline_3f,44,cusum_fgo,follower,all,1755,1755.0,0,0,0,0,0.0,0.0,0,0,0,0.0,0.0,E1,h7_k0p5,7.0,0.5
baseline_3f,45,cusum_fgo,leader,all,5044,5044.0,0,0,26,26,0.005154639175257732,0.0,0,26,26,0.005154639175257732,0.0,E1,h7_k0p5,7.0,0.5
baseline_3f,45,cusum_fgo,follower,all,1755,1755.0,0,0,0,0,0.0,0.0,0,0,0,0.0,0.0,E1,h7_k0p5,7.0,0.5
baseline_3f,46,cusum_fgo,leader,all,5044,5044.0,0,0,32,32,0.006344171292624901,0.0,0,32,32,0.006344171292624901,0.0,E1,h7_k0p5,7.0,0.5
baseline_3f,46,cusum_fgo,follower,all,1755,1755.0,0,0,0,0,0.0,0.0,0,0,0,0.0,0.0,E1,h7_k0p5,7.0,0.5
baseline_3f,47,cusum_fgo,leader,all,5044,5044.0,0,0,28,28,0.0055511498810467885,0.0,0,28,28,0.0055511498810467885,0.0,E1,h7_k0p5,7.0,0.5
baseline_3f,47,cusum_fgo,follower,all,1755,1755.0,0,0,0,0,0.0,0.0,0,0,0,0.0,0.0,E1,h7_k0p5,7.0,0.5
baseline_3f,48,cusum_fgo,leader,all,5044,5044.0,0,0,26,26,0.005154639175257732,0.0,0,26,26,0.005154639175257732,0.0,E1,h7_k0p5,7.0,0.5
baseline_3f,48,cusum_fgo,follower,all,1755,1755.0,0,0,0,0,0.0,0.0,0,0,0,0.0,0.0,E1,h7_k0p5,7.0,0.5
baseline_3f,49,cusum_fgo,leader,all,5044,5044.0,0,0,28,28,0.0055511498810467885,0.0,0,28,28,0.0055511498810467885,0.0,E1,h7_k0p5,7.0,0.5
baseline_3f,49,cusum_fgo,follower,all,1755,1755.0,0,0,0,0,0.0,0.0,0,0,0,0.0,0.0,E1,h7_k0p5,7.0,0.5
baseline_3f,50,cusum_fgo,leader,all,5044,5044.0,0,0,29,29,0.005749405233941317,0.0,0,29,29,0.005749405233941317,0.0,E1,h7_k0p5,7.0,0.5
baseline_3f,50,cusum_fgo,follower,all,1755,1755.0,0,0,0,0,0.0,0.0,0,0,0,0.0,0.0,E1,h7_k0p5,7.0,0.5
healthy_maneuver,1,cusum_fgo,leader,all,5265,5265.0,0,0,0,0,0.0,0.0,0,0,0,0.0,0.0,E1,h7_k0p5,7.0,0.5
healthy_maneuver,1,cusum_fgo,leader,pre,2196,2196.0,0,0,0,0,0.0,0.0,0,0,0,0.0,0.0,E1,h7_k0p5,7.0,0.5
healthy_maneuver,1,cusum_fgo,leader,maneuver,1809,1809.0,0,0,0,0,0.0,0.0,0,0,0,0.0,0.0,E1,h7_k0p5,7.0,0.5
healthy_maneuver,1,cusum_fgo,leader,post,1260,1260.0,0,0,0,0,0.0,0.0,0,0,0,0.0,0.0,E1,h7_k0p5,7.0,0.5
healthy_maneuver,1,cusum_fgo,follower,all,1755,1755.0,0,2,281,0,0.16011396011396012,4.102564102564103,0,0,0,0.0,0.0,E1,h7_k0p5,7.0,0.5
healthy_maneuver,1,cusum_fgo,follower,pre,732,732.0,0,0,0,0,0.0,0.0,0,0,0,0.0,0.0,E1,h7_k0p5,7.0,0.5
healthy_maneuver,1,cusum_fgo,follower,maneuver,603,603.0,0,2,141,0,0.23383084577114427,11.940298507462686,0,0,0,0.0,0.0,E1,h7_k0p5,7.0,0.5
healthy_maneuver,1,cusum_fgo,follower,post,420,420.0,0,0,140,0,0.3333333333333333,0.0,0,0,0,0.0,0.0,E1,h7_k0p5,7.0,0.5
healthy_maneuver,2,cusum_fgo,leader,all,5265,5265.0,0,1,272,0,0.051661918328584994,0.6837606837606838,1,272,0,0.051661918328584994,0.6837606837606838,E1,h7_k0p5,7.0,0.5
healthy_maneuver,2,cusum_fgo,leader,pre,2196,2196.0,0,0,0,0,0.0,0.0,0,0,0,0.0,0.0,E1,h7_k0p5,7.0,0.5
healthy_maneuver,2,cusum_fgo,leader,maneuver,1809,1809.0,0,1,132,0,0.07296849087893864,1.9900497512437814,1,132,0,0.07296849087893864,1.9900497512437814,E1,h7_k0p5,7.0,0.5
healthy_maneuver,2,cusum_fgo,leader,post,1260,1260.0,0,0,140,0,0.1111111111111111,0.0,0,140,0,0.1111111111111111,0.0,E1,h7_k0p5,7.0,0.5
healthy_maneuver,2,cusum_fgo,follower,all,1755,1755.0,0,2,285,0,0.1623931623931624,4.102564102564103,0,0,0,0.0,0.0,E1,h7_k0p5,7.0,0.5
healthy_maneuver,2,cusum_fgo,follower,pre,732,732.0,0,0,0,0,0.0,0.0,0,0,0,0.0,0.0,E1,h7_k0p5,7.0,0.5
healthy_maneuver,2,cusum_fgo,follower,maneuver,603,603.0,0,2,145,0,0.24046434494195687,11.940298507462686,0,0,0,0.0,0.0,E1,h7_k0p5,7.0,0.5
healthy_maneuver,2,cusum_fgo,follower,post,420,420.0,0,0,140,0,0.3333333333333333,0.0,0,0,0,0.0,0.0,E1,h7_k0p5,7.0,0.5
healthy_maneuver,3,cusum_fgo,leader,all,5265,5265.0,0,0,0,0,0.0,0.0,0,0,0,0.0,0.0,E1,h7_k0p5,7.0,0.5
healthy_maneuver,3,cusum_fgo,leader,pre,2196,2196.0,0,0,0,0,0.0,0.0,0,0,0,0.0,0.0,E1,h7_k0p5,7.0,0.5
healthy_maneuver,3,cusum_fgo,leader,maneuver,1809,1809.0,0,0,0,0,0.0,0.0,0,0,0,0.0,0.0,E1,h7_k0p5,7.0,0.5
healthy_maneuver,3,cusum_fgo,leader,post,1260,1260.0,0,0,0,0,0.0,0.0,0,0,0,0.0,0.0,E1,h7_k0p5,7.0,0.5
healthy_maneuver,3,cusum_fgo,follower,all,1755,1755.0,0,2,551,0,0.313960113960114,4.102564102564103,0,0,0,0.0,0.0,E1,h7_k0p5,7.0,0.5
healthy_maneuver,3,cusum_fgo,follower,pre,732,732.0,0,0,0,0,0.0,0.0,0,0,0,0.0,0.0,E1,h7_k0p5,7.0,0.5
healthy_maneuver,3,cusum_fgo,follower,maneuver,603,603.0,0,2,271,0,0.4494195688225539,11.940298507462686,0,0,0,0.0,0.0,E1,h7_k0p5,7.0,0.5
healthy_maneuver,3,cusum_fgo,follower,post,420,420.0,0,0,280,0,0.6666666666666666,0.0,0,0,0,0.0,0.0,E1,h7_k0p5,7.0,0.5
healthy_maneuver,4,cusum_fgo,leader,all,5265,5265.0,0,1,98,0,0.018613485280151946,0.6837606837606838,1,98,0,0.018613485280151946,0.6837606837606838,E1,h7_k0p5,7.0,0.5
healthy_maneuver,4,cusum_fgo,leader,pre,2196,2196.0,0,0,0,0,0.0,0.0,0,0,0,0.0,0.0,E1,h7_k0p5,7.0,0.5
healthy_maneuver,4,cusum_fgo,leader,maneuver,1809,1809.0,0,1,98,0,0.054173576561636266,1.9900497512437814,1,98,0,0.054173576561636266,1.9900497512437814,E1,h7_k0p5,7.0,0.5
healthy_maneuver,4,cusum_fgo,leader,post,1260,1260.0,0,0,0,0,0.0,0.0,0,0,0,0.0,0.0,E1,h7_k0p5,7.0,0.5
healthy_maneuver,4,cusum_fgo,follower,all,1755,1755.0,0,2,310,0,0.17663817663817663,4.102564102564103,0,0,0,0.0,0.0,E1,h7_k0p5,7.0,0.5
healthy_maneuver,4,cusum_fgo,follower,pre,732,732.0,0,0,0,0,0.0,0.0,0,0,0,0.0,0.0,E1,h7_k0p5,7.0,0.5
healthy_maneuver,4,cusum_fgo,follower,maneuver,603,603.0,0,2,170,0,0.28192371475953565,11.940298507462686,0,0,0,0.0,0.0,E1,h7_k0p5,7.0,0.5
healthy_maneuver,4,cusum_fgo,follower,post,420,420.0,0,0,140,0,0.3333333333333333,0.0,0,0,0,0.0,0.0,E1,h7_k0p5,7.0,0.5
healthy_maneuver,5,cusum_fgo,leader,all,5265,5265.0,0,0,0,0,0.0,0.0,0,0,0,0.0,0.0,E1,h7_k0p5,7.0,0.5
healthy_maneuver,5,cusum_fgo,leader,pre,2196,2196.0,0,0,0,0,0.0,0.0,0,0,0,0.0,0.0,E1,h7_k0p5,7.0,0.5
healthy_maneuver,5,cusum_fgo,leader,maneuver,1809,1809.0,0,0,0,0,0.0,0.0,0,0,0,0.0,0.0,E1,h7_k0p5,7.0,0.5
healthy_maneuver,5,cusum_fgo,leader,post,1260,1260.0,0,0,0,0,0.0,0.0,0,0,0,0.0,0.0,E1,h7_k0p5,7.0,0.5
healthy_maneuver,5,cusum_fgo,follower,all,1755,1755.0,0,2,295,0,0.16809116809116809,4.102564102564103,0,0,0,0.0,0.0,E1,h7_k0p5,7.0,0.5
healthy_maneuver,5,cusum_fgo,follower,pre,732,732.0,0,0,0,0,0.0,0.0,0,0,0,0.0,0.0,E1,h7_k0p5,7.0,0.5
healthy_maneuver,5,cusum_fgo,follower,maneuver,603,603.0,0,2,155,0,0.2570480928689884,11.940298507462686,0,0,0,0.0,0.0,E1,h7_k0p5,7.0,0.5
healthy_maneuver,5,cusum_fgo,follower,post,420,420.0,0,0,140,0,0.3333333333333333,0.0,0,0,0,0.0,0.0,E1,h7_k0p5,7.0,0.5
healthy_maneuver,6,cusum_fgo,leader,all,5265,5265.0,0,1,114,0,0.021652421652421653,0.6837606837606838,1,114,0,0.021652421652421653,0.6837606837606838,E1,h7_k0p5,7.0,0.5
healthy_maneuver,6,cusum_fgo,leader,pre,2196,2196.0,0,0,0,0,0.0,0.0,0,0,0,0.0,0.0,E1,h7_k0p5,7.0,0.5
healthy_maneuver,6,cusum_fgo,leader,maneuver,1809,1809.0,0,1,114,0,0.06301824212271974,1.9900497512437814,1,114,0,0.06301824212271974,1.9900497512437814,E1,h7_k0p5,7.0,0.5
healthy_maneuver,6,cusum_fgo,leader,post,1260,1260.0,0,0,0,0,0.0,0.0,0,0,0,0.0,0.0,E1,h7_k0p5,7.0,0.5
healthy_maneuver,6,cusum_fgo,follower,all,1755,1755.0,0,2,283,0,0.16125356125356125,4.102564102564103,0,0,0,0.0,0.0,E1,h7_k0p5,7.0,0.5
healthy_maneuver,6,cusum_fgo,follower,pre,732,732.0,0,0,0,0,0.0,0.0,0,0,0,0.0,0.0,E1,h7_k0p5,7.0,0.5
healthy_maneuver,6,cusum_fgo,follower,maneuver,603,603.0,0,2,143,0,0.23714759535655058,11.940298507462686,0,0,0,0.0,0.0,E1,h7_k0p5,7.0,0.5
healthy_maneuver,6,cusum_fgo,follower,post,420,420.0,0,0,140,0,0.3333333333333333,0.0,0,0,0,0.0,0.0,E1,h7_k0p5,7.0,0.5
healthy_maneuver,7,cusum_fgo,leader,all,5265,5265.0,0,0,0,0,0.0,0.0,0,0,0,0.0,0.0,E1,h7_k0p5,7.0,0.5
healthy_maneuver,7,cusum_fgo,leader,pre,2196,2196.0,0,0,0,0,0.0,0.0,0,0,0,0.0,0.0,E1,h7_k0p5,7.0,0.5
healthy_maneuver,7,cusum_fgo,leader,maneuver,1809,1809.0,0,0,0,0,0.0,0.0,0,0,0,0.0,0.0,E1,h7_k0p5,7.0,0.5
healthy_maneuver,7,cusum_fgo,leader,post,1260,1260.0,0,0,0,0,0.0,0.0,0,0,0,0.0,0.0,E1,h7_k0p5,7.0,0.5
healthy_maneuver,7,cusum_fgo,follower,all,1755,1755.0,0,2,287,0,0.16353276353276353,4.102564102564103,0,0,0,0.0,0.0,E1,h7_k0p5,7.0,0.5
healthy_maneuver,7,cusum_fgo,follower,pre,732,732.0,0,0,0,0,0.0,0.0,0,0,0,0.0,0.0,E1,h7_k0p5,7.0,0.5
healthy_maneuver,7,cusum_fgo,follower,maneuver,603,603.0,0,2,147,0,0.24378109452736318,11.940298507462686,0,0,0,0.0,0.0,E1,h7_k0p5,7.0,0.5
healthy_maneuver,7,cusum_fgo,follower,post,420,420.0,0,0,140,0,0.3333333333333333,0.0,0,0,0,0.0,0.0,E1,h7_k0p5,7.0,0.5
healthy_maneuver,8,cusum_fgo,leader,all,5265,5265.0,0,0,0,0,0.0,0.0,0,0,0,0.0,0.0,E1,h7_k0p5,7.0,0.5
healthy_maneuver,8,cusum_fgo,leader,pre,2196,2196.0,0,0,0,0,0.0,0.0,0,0,0,0.0,0.0,E1,h7_k0p5,7.0,0.5
healthy_maneuver,8,cusum_fgo,leader,maneuver,1809,1809.0,0,0,0,0,0.0,0.0,0,0,0,0.0,0.0,E1,h7_k0p5,7.0,0.5
healthy_maneuver,8,cusum_fgo,leader,post,1260,1260.0,0,0,0,0,0.0,0.0,0,0,0,0.0,0.0,E1,h7_k0p5,7.0,0.5
healthy_maneuver,8,cusum_fgo,follower,all,1755,1755.0,0,2,114,0,0.06495726495726496,4.102564102564103,0,0,0,0.0,0.0,E1,h7_k0p5,7.0,0.5
healthy_maneuver,8,cusum_fgo,follower,pre,732,732.0,0,0,0,0,0.0,0.0,0,0,0,0.0,0.0,E1,h7_k0p5,7.0,0.5
healthy_maneuver,8,cusum_fgo,follower,maneuver,603,603.0,0,2,114,0,0.1890547263681592,11.940298507462686,0,0,0,0.0,0.0,E1,h7_k0p5,7.0,0.5
healthy_maneuver,8,cusum_fgo,follower,post,420,420.0,0,0,0,0,0.0,0.0,0,0,0,0.0,0.0,E1,h7_k0p5,7.0,0.5
healthy_maneuver,9,cusum_fgo,leader,all,5265,5265.0,0,1,91,0,0.01728395061728395,0.6837606837606838,1,91,0,0.01728395061728395,0.6837606837606838,E1,h7_k0p5,7.0,0.5
healthy_maneuver,9,cusum_fgo,leader,pre,2196,2196.0,0,0,0,0,0.0,0.0,0,0,0,0.0,0.0,E1,h7_k0p5,7.0,0.5
healthy_maneuver,9,cusum_fgo,leader,maneuver,1809,1809.0,0,1,91,0,0.050304035378662244,1.9900497512437814,1,91,0,0.050304035378662244,1.9900497512437814,E1,h7_k0p5,7.0,0.5
healthy_maneuver,9,cusum_fgo,leader,post,1260,1260.0,0,0,0,0,0.0,0.0,0,0,0,0.0,0.0,E1,h7_k0p5,7.0,0.5
healthy_maneuver,9,cusum_fgo,follower,all,1755,1755.0,0,2,192,0,0.1094017094017094,4.102564102564103,0,0,0,0.0,0.0,E1,h7_k0p5,7.0,0.5
healthy_maneuver,9,cusum_fgo,follower,pre,732,732.0,0,0,0,0,0.0,0.0,0,0,0,0.0,0.0,E1,h7_k0p5,7.0,0.5
healthy_maneuver,9,cusum_fgo,follower,maneuver,603,603.0,0,2,192,0,0.31840796019900497,11.940298507462686,0,0,0,0.0,0.0,E1,h7_k0p5,7.0,0.5
healthy_maneuver,9,cusum_fgo,follower,post,420,420.0,0,0,0,0,0.0,0.0,0,0,0,0.0,0.0,E1,h7_k0p5,7.0,0.5
healthy_maneuver,10,cusum_fgo,leader,all,5265,5265.0,0,0,0,0,0.0,0.0,0,0,0,0.0,0.0,E1,h7_k0p5,7.0,0.5
healthy_maneuver,10,cusum_fgo,leader,pre,2196,2196.0,0,0,0,0,0.0,0.0,0,0,0,0.0,0.0,E1,h7_k0p5,7.0,0.5
healthy_maneuver,10,cusum_fgo,leader,maneuver,1809,1809.0,0,0,0,0,0.0,0.0,0,0,0,0.0,0.0,E1,h7_k0p5,7.0,0.5
healthy_maneuver,10,cusum_fgo,leader,post,1260,1260.0,0,0,0,0,0.0,0.0,0,0,0,0.0,0.0,E1,h7_k0p5,7.0,0.5
healthy_maneuver,10,cusum_fgo,follower,all,1755,1755.0,0,2,287,0,0.16353276353276353,4.102564102564103,0,0,0,0.0,0.0,E1,h7_k0p5,7.0,0.5
healthy_maneuver,10,cusum_fgo,follower,pre,732,732.0,0,0,0,0,0.0,0.0,0,0,0,0.0,0.0,E1,h7_k0p5,7.0,0.5
healthy_maneuver,10,cusum_fgo,follower,maneuver,603,603.0,0,2,147,0,0.24378109452736318,11.940298507462686,0,0,0,0.0,0.0,E1,h7_k0p5,7.0,0.5
healthy_maneuver,10,cusum_fgo,follower,post,420,420.0,0,0,140,0,0.3333333333333333,0.0,0,0,0,0.0,0.0,E1,h7_k0p5,7.0,0.5
healthy_maneuver,11,cusum_fgo,leader,all,5265,5265.0,0,0,0,0,0.0,0.0,0,0,0,0.0,0.0,E1,h7_k0p5,7.0,0.5
healthy_maneuver,11,cusum_fgo,leader,pre,2196,2196.0,0,0,0,0,0.0,0.0,0,0,0,0.0,0.0,E1,h7_k0p5,7.0,0.5
healthy_maneuver,11,cusum_fgo,leader,maneuver,1809,1809.0,0,0,0,0,0.0,0.0,0,0,0,0.0,0.0,E1,h7_k0p5,7.0,0.5
healthy_maneuver,11,cusum_fgo,leader,post,1260,1260.0,0,0,0,0,0.0,0.0,0,0,0,0.0,0.0,E1,h7_k0p5,7.0,0.5
healthy_maneuver,11,cusum_fgo,follower,all,1755,1755.0,0,2,370,0,0.21082621082621084,4.102564102564103,0,0,0,0.0,0.0,E1,h7_k0p5,7.0,0.5
healthy_maneuver,11,cusum_fgo,follower,pre,732,732.0,0,0,0,0,0.0,0.0,0,0,0,0.0,0.0,E1,h7_k0p5,7.0,0.5
healthy_maneuver,11,cusum_fgo,follower,maneuver,603,603.0,0,2,230,0,0.3814262023217247,11.940298507462686,0,0,0,0.0,0.0,E1,h7_k0p5,7.0,0.5
healthy_maneuver,11,cusum_fgo,follower,post,420,420.0,0,0,140,0,0.3333333333333333,0.0,0,0,0,0.0,0.0,E1,h7_k0p5,7.0,0.5
healthy_maneuver,12,cusum_fgo,leader,all,5265,5265.0,0,0,0,0,0.0,0.0,0,0,0,0.0,0.0,E1,h7_k0p5,7.0,0.5
healthy_maneuver,12,cusum_fgo,leader,pre,2196,2196.0,0,0,0,0,0.0,0.0,0,0,0,0.0,0.0,E1,h7_k0p5,7.0,0.5
healthy_maneuver,12,cusum_fgo,leader,maneuver,1809,1809.0,0,0,0,0,0.0,0.0,0,0,0,0.0,0.0,E1,h7_k0p5,7.0,0.5
healthy_maneuver,12,cusum_fgo,leader,post,1260,1260.0,0,0,0,0,0.0,0.0,0,0,0,0.0,0.0,E1,h7_k0p5,7.0,0.5
healthy_maneuver,12,cusum_fgo,follower,all,1755,1755.0,0,2,269,0,0.15327635327635328,4.102564102564103,0,0,0,0.0,0.0,E1,h7_k0p5,7.0,0.5
healthy_maneuver,12,cusum_fgo,follower,pre,732,732.0,0,0,0,0,0.0,0.0,0,0,0,0.0,0.0,E1,h7_k0p5,7.0,0.5
healthy_maneuver,12,cusum_fgo,follower,maneuver,603,603.0,0,2,129,0,0.21393034825870647,11.940298507462686,0,0,0,0.0,0.0,E1,h7_k0p5,7.0,0.5
healthy_maneuver,12,cusum_fgo,follower,post,420,420.0,0,0,140,0,0.3333333333333333,0.0,0,0,0,0.0,0.0,E1,h7_k0p5,7.0,0.5
healthy_maneuver,13,cusum_fgo,leader,all,5265,5265.0,0,0,0,0,0.0,0.0,0,0,0,0.0,0.0,E1,h7_k0p5,7.0,0.5
healthy_maneuver,13,cusum_fgo,leader,pre,2196,2196.0,0,0,0,0,0.0,0.0,0,0,0,0.0,0.0,E1,h7_k0p5,7.0,0.5
healthy_maneuver,13,cusum_fgo,leader,maneuver,1809,1809.0,0,0,0,0,0.0,0.0,0,0,0,0.0,0.0,E1,h7_k0p5,7.0,0.5
healthy_maneuver,13,cusum_fgo,leader,post,1260,1260.0,0,0,0,0,0.0,0.0,0,0,0,0.0,0.0,E1,h7_k0p5,7.0,0.5
healthy_maneuver,13,cusum_fgo,follower,all,1755,1755.0,0,2,281,0,0.16011396011396012,4.102564102564103,0,0,0,0.0,0.0,E1,h7_k0p5,7.0,0.5
healthy_maneuver,13,cusum_fgo,follower,pre,732,732.0,0,0,0,0,0.0,0.0,0,0,0,0.0,0.0,E1,h7_k0p5,7.0,0.5
healthy_maneuver,13,cusum_fgo,follower,maneuver,603,603.0,0,2,141,0,0.23383084577114427,11.940298507462686,0,0,0,0.0,0.0,E1,h7_k0p5,7.0,0.5
healthy_maneuver,13,cusum_fgo,follower,post,420,420.0,0,0,140,0,0.3333333333333333,0.0,0,0,0,0.0,0.0,E1,h7_k0p5,7.0,0.5
healthy_maneuver,14,cusum_fgo,leader,all,5265,5265.0,0,0,0,0,0.0,0.0,0,0,0,0.0,0.0,E1,h7_k0p5,7.0,0.5
healthy_maneuver,14,cusum_fgo,leader,pre,2196,2196.0,0,0,0,0,0.0,0.0,0,0,0,0.0,0.0,E1,h7_k0p5,7.0,0.5
healthy_maneuver,14,cusum_fgo,leader,maneuver,1809,1809.0,0,0,0,0,0.0,0.0,0,0,0,0.0,0.0,E1,h7_k0p5,7.0,0.5
healthy_maneuver,14,cusum_fgo,leader,post,1260,1260.0,0,0,0,0,0.0,0.0,0,0,0,0.0,0.0,E1,h7_k0p5,7.0,0.5
healthy_maneuver,14,cusum_fgo,follower,all,1755,1755.0,0,3,263,0,0.14985754985754987,6.153846153846154,0,0,0,0.0,0.0,E1,h7_k0p5,7.0,0.5
healthy_maneuver,14,cusum_fgo,follower,pre,732,732.0,0,0,0,0,0.0,0.0,0,0,0,0.0,0.0,E1,h7_k0p5,7.0,0.5
healthy_maneuver,14,cusum_fgo,follower,maneuver,603,603.0,0,3,218,0,0.3615257048092869,17.91044776119403,0,0,0,0.0,0.0,E1,h7_k0p5,7.0,0.5
healthy_maneuver,14,cusum_fgo,follower,post,420,420.0,0,0,45,0,0.10714285714285714,0.0,0,0,0,0.0,0.0,E1,h7_k0p5,7.0,0.5
healthy_maneuver,15,cusum_fgo,leader,all,5265,5265.0,0,0,0,0,0.0,0.0,0,0,0,0.0,0.0,E1,h7_k0p5,7.0,0.5
healthy_maneuver,15,cusum_fgo,leader,pre,2196,2196.0,0,0,0,0,0.0,0.0,0,0,0,0.0,0.0,E1,h7_k0p5,7.0,0.5
healthy_maneuver,15,cusum_fgo,leader,maneuver,1809,1809.0,0,0,0,0,0.0,0.0,0,0,0,0.0,0.0,E1,h7_k0p5,7.0,0.5
healthy_maneuver,15,cusum_fgo,leader,post,1260,1260.0,0,0,0,0,0.0,0.0,0,0,0,0.0,0.0,E1,h7_k0p5,7.0,0.5
healthy_maneuver,15,cusum_fgo,follower,all,1755,1755.0,0,2,364,0,0.2074074074074074,4.102564102564103,0,0,0,0.0,0.0,E1,h7_k0p5,7.0,0.5
healthy_maneuver,15,cusum_fgo,follower,pre,732,732.0,0,0,0,0,0.0,0.0,0,0,0,0.0,0.0,E1,h7_k0p5,7.0,0.5
healthy_maneuver,15,cusum_fgo,follower,maneuver,603,603.0,0,2,224,0,0.3714759535655058,11.940298507462686,0,0,0,0.0,0.0,E1,h7_k0p5,7.0,0.5
healthy_maneuver,15,cusum_fgo,follower,post,420,420.0,0,0,140,0,0.3333333333333333,0.0,0,0,0,0.0,0.0,E1,h7_k0p5,7.0,0.5
healthy_maneuver,16,cusum_fgo,leader,all,5265,5265.0,0,0,0,0,0.0,0.0,0,0,0,0.0,0.0,E1,h7_k0p5,7.0,0.5
healthy_maneuver,16,cusum_fgo,leader,pre,2196,2196.0,0,0,0,0,0.0,0.0,0,0,0,0.0,0.0,E1,h7_k0p5,7.0,0.5
healthy_maneuver,16,cusum_fgo,leader,maneuver,1809,1809.0,0,0,0,0,0.0,0.0,0,0,0,0.0,0.0,E1,h7_k0p5,7.0,0.5
healthy_maneuver,16,cusum_fgo,leader,post,1260,1260.0,0,0,0,0,0.0,0.0,0,0,0,0.0,0.0,E1,h7_k0p5,7.0,0.5
healthy_maneuver,16,cusum_fgo,follower,all,1755,1755.0,0,2,292,0,0.16638176638176638,4.102564102564103,0,0,0,0.0,0.0,E1,h7_k0p5,7.0,0.5
healthy_maneuver,16,cusum_fgo,follower,pre,732,732.0,0,0,0,0,0.0,0.0,0,0,0,0.0,0.0,E1,h7_k0p5,7.0,0.5
healthy_maneuver,16,cusum_fgo,follower,maneuver,603,603.0,0,2,152,0,0.25207296849087896,11.940298507462686,0,0,0,0.0,0.0,E1,h7_k0p5,7.0,0.5
healthy_maneuver,16,cusum_fgo,follower,post,420,420.0,0,0,140,0,0.3333333333333333,0.0,0,0,0,0.0,0.0,E1,h7_k0p5,7.0,0.5
healthy_maneuver,17,cusum_fgo,leader,all,5265,5265.0,0,1,89,0,0.01690408357075024,0.6837606837606838,1,89,0,0.01690408357075024,0.6837606837606838,E1,h7_k0p5,7.0,0.5
healthy_maneuver,17,cusum_fgo,leader,pre,2196,2196.0,0,0,0,0,0.0,0.0,0,0,0,0.0,0.0,E1,h7_k0p5,7.0,0.5
healthy_maneuver,17,cusum_fgo,leader,maneuver,1809,1809.0,0,1,89,0,0.04919845218352681,1.9900497512437814,1,89,0,0.04919845218352681,1.9900497512437814,E1,h7_k0p5,7.0,0.5
healthy_maneuver,17,cusum_fgo,leader,post,1260,1260.0,0,0,0,0,0.0,0.0,0,0,0,0.0,0.0,E1,h7_k0p5,7.0,0.5
healthy_maneuver,17,cusum_fgo,follower,all,1755,1755.0,0,2,302,0,0.17207977207977207,4.102564102564103,0,0,0,0.0,0.0,E1,h7_k0p5,7.0,0.5
healthy_maneuver,17,cusum_fgo,follower,pre,732,732.0,0,0,0,0,0.0,0.0,0,0,0,0.0,0.0,E1,h7_k0p5,7.0,0.5
healthy_maneuver,17,cusum_fgo,follower,maneuver,603,603.0,0,2,162,0,0.26865671641791045,11.940298507462686,0,0,0,0.0,0.0,E1,h7_k0p5,7.0,0.5
healthy_maneuver,17,cusum_fgo,follower,post,420,420.0,0,0,140,0,0.3333333333333333,0.0,0,0,0,0.0,0.0,E1,h7_k0p5,7.0,0.5
healthy_maneuver,18,cusum_fgo,leader,all,5265,5265.0,0,1,67,0,0.012725546058879392,0.6837606837606838,1,67,0,0.012725546058879392,0.6837606837606838,E1,h7_k0p5,7.0,0.5
healthy_maneuver,18,cusum_fgo,leader,pre,2196,2196.0,0,0,0,0,0.0,0.0,0,0,0,0.0,0.0,E1,h7_k0p5,7.0,0.5
healthy_maneuver,18,cusum_fgo,leader,maneuver,1809,1809.0,0,1,67,0,0.037037037037037035,1.9900497512437814,1,67,0,0.037037037037037035,1.9900497512437814,E1,h7_k0p5,7.0,0.5
healthy_maneuver,18,cusum_fgo,leader,post,1260,1260.0,0,0,0,0,0.0,0.0,0,0,0,0.0,0.0,E1,h7_k0p5,7.0,0.5
healthy_maneuver,18,cusum_fgo,follower,all,1755,1755.0,0,2,307,0,0.17492877492877493,4.102564102564103,0,0,0,0.0,0.0,E1,h7_k0p5,7.0,0.5
healthy_maneuver,18,cusum_fgo,follower,pre,732,732.0,0,0,0,0,0.0,0.0,0,0,0,0.0,0.0,E1,h7_k0p5,7.0,0.5
healthy_maneuver,18,cusum_fgo,follower,maneuver,603,603.0,0,2,167,0,0.2769485903814262,11.940298507462686,0,0,0,0.0,0.0,E1,h7_k0p5,7.0,0.5
healthy_maneuver,18,cusum_fgo,follower,post,420,420.0,0,0,140,0,0.3333333333333333,0.0,0,0,0,0.0,0.0,E1,h7_k0p5,7.0,0.5
healthy_maneuver,19,cusum_fgo,leader,all,5265,5265.0,0,0,0,0,0.0,0.0,0,0,0,0.0,0.0,E1,h7_k0p5,7.0,0.5
healthy_maneuver,19,cusum_fgo,leader,pre,2196,2196.0,0,0,0,0,0.0,0.0,0,0,0,0.0,0.0,E1,h7_k0p5,7.0,0.5
healthy_maneuver,19,cusum_fgo,leader,maneuver,1809,1809.0,0,0,0,0,0.0,0.0,0,0,0,0.0,0.0,E1,h7_k0p5,7.0,0.5
healthy_maneuver,19,cusum_fgo,leader,post,1260,1260.0,0,0,0,0,0.0,0.0,0,0,0,0.0,0.0,E1,h7_k0p5,7.0,0.5
healthy_maneuver,19,cusum_fgo,follower,all,1755,1755.0,0,2,163,0,0.09287749287749288,4.102564102564103,0,0,0,0.0,0.0,E1,h7_k0p5,7.0,0.5
healthy_maneuver,19,cusum_fgo,follower,pre,732,732.0,0,0,0,0,0.0,0.0,0,0,0,0.0,0.0,E1,h7_k0p5,7.0,0.5
healthy_maneuver,19,cusum_fgo,follower,maneuver,603,603.0,0,1,97,0,0.16086235489220563,5.970149253731343,0,0,0,0.0,0.0,E1,h7_k0p5,7.0,0.5
healthy_maneuver,19,cusum_fgo,follower,post,420,420.0,0,1,66,0,0.15714285714285714,8.571428571428571,0,0,0,0.0,0.0,E1,h7_k0p5,7.0,0.5
healthy_maneuver,20,cusum_fgo,leader,all,5265,5265.0,0,0,0,0,0.0,0.0,0,0,0,0.0,0.0,E1,h7_k0p5,7.0,0.5
healthy_maneuver,20,cusum_fgo,leader,pre,2196,2196.0,0,0,0,0,0.0,0.0,0,0,0,0.0,0.0,E1,h7_k0p5,7.0,0.5
healthy_maneuver,20,cusum_fgo,leader,maneuver,1809,1809.0,0,0,0,0,0.0,0.0,0,0,0,0.0,0.0,E1,h7_k0p5,7.0,0.5
healthy_maneuver,20,cusum_fgo,leader,post,1260,1260.0,0,0,0,0,0.0,0.0,0,0,0,0.0,0.0,E1,h7_k0p5,7.0,0.5
healthy_maneuver,20,cusum_fgo,follower,all,1755,1755.0,0,3,288,0,0.1641025641025641,6.153846153846154,0,0,0,0.0,0.0,E1,h7_k0p5,7.0,0.5
healthy_maneuver,20,cusum_fgo,follower,pre,732,732.0,0,0,0,0,0.0,0.0,0,0,0,0.0,0.0,E1,h7_k0p5,7.0,0.5
healthy_maneuver,20,cusum_fgo,follower,maneuver,603,603.0,0,2,234,0,0.3880597014925373,11.940298507462686,0,0,0,0.0,0.0,E1,h7_k0p5,7.0,0.5
healthy_maneuver,20,cusum_fgo,follower,post,420,420.0,0,1,54,0,0.12857142857142856,8.571428571428571,0,0,0,0.0,0.0,E1,h7_k0p5,7.0,0.5
healthy_maneuver,21,cusum_fgo,leader,all,5265,5265.0,0,0,0,0,0.0,0.0,0,0,0,0.0,0.0,E1,h7_k0p5,7.0,0.5
healthy_maneuver,21,cusum_fgo,leader,pre,2196,2196.0,0,0,0,0,0.0,0.0,0,0,0,0.0,0.0,E1,h7_k0p5,7.0,0.5
healthy_maneuver,21,cusum_fgo,leader,maneuver,1809,1809.0,0,0,0,0,0.0,0.0,0,0,0,0.0,0.0,E1,h7_k0p5,7.0,0.5
healthy_maneuver,21,cusum_fgo,leader,post,1260,1260.0,0,0,0,0,0.0,0.0,0,0,0,0.0,0.0,E1,h7_k0p5,7.0,0.5
healthy_maneuver,21,cusum_fgo,follower,all,1755,1755.0,0,2,412,0,0.23475783475783477,4.102564102564103,0,0,0,0.0,0.0,E1,h7_k0p5,7.0,0.5
healthy_maneuver,21,cusum_fgo,follower,pre,732,732.0,0,0,0,0,0.0,0.0,0,0,0,0.0,0.0,E1,h7_k0p5,7.0,0.5
healthy_maneuver,21,cusum_fgo,follower,maneuver,603,603.0,0,2,268,0,0.4444444444444444,11.940298507462686,0,0,0,0.0,0.0,E1,h7_k0p5,7.0,0.5
healthy_maneuver,21,cusum_fgo,follower,post,420,420.0,0,0,144,0,0.34285714285714286,0.0,0,0,0,0.0,0.0,E1,h7_k0p5,7.0,0.5
healthy_maneuver,22,cusum_fgo,leader,all,5265,5265.0,0,0,0,0,0.0,0.0,0,0,0,0.0,0.0,E1,h7_k0p5,7.0,0.5
healthy_maneuver,22,cusum_fgo,leader,pre,2196,2196.0,0,0,0,0,0.0,0.0,0,0,0,0.0,0.0,E1,h7_k0p5,7.0,0.5
healthy_maneuver,22,cusum_fgo,leader,maneuver,1809,1809.0,0,0,0,0,0.0,0.0,0,0,0,0.0,0.0,E1,h7_k0p5,7.0,0.5
healthy_maneuver,22,cusum_fgo,leader,post,1260,1260.0,0,0,0,0,0.0,0.0,0,0,0,0.0,0.0,E1,h7_k0p5,7.0,0.5
healthy_maneuver,22,cusum_fgo,follower,all,1755,1755.0,0,2,532,0,0.30313390313390315,4.102564102564103,0,0,0,0.0,0.0,E1,h7_k0p5,7.0,0.5
healthy_maneuver,22,cusum_fgo,follower,pre,732,732.0,0,0,0,0,0.0,0.0,0,0,0,0.0,0.0,E1,h7_k0p5,7.0,0.5
healthy_maneuver,22,cusum_fgo,follower,maneuver,603,603.0,0,2,252,0,0.417910447761194,11.940298507462686,0,0,0,0.0,0.0,E1,h7_k0p5,7.0,0.5
healthy_maneuver,22,cusum_fgo,follower,post,420,420.0,0,0,280,0,0.6666666666666666,0.0,0,0,0,0.0,0.0,E1,h7_k0p5,7.0,0.5
healthy_maneuver,23,cusum_fgo,leader,all,5265,5265.0,0,0,0,0,0.0,0.0,0,0,0,0.0,0.0,E1,h7_k0p5,7.0,0.5
healthy_maneuver,23,cusum_fgo,leader,pre,2196,2196.0,0,0,0,0,0.0,0.0,0,0,0,0.0,0.0,E1,h7_k0p5,7.0,0.5
healthy_maneuver,23,cusum_fgo,leader,maneuver,1809,1809.0,0,0,0,0,0.0,0.0,0,0,0,0.0,0.0,E1,h7_k0p5,7.0,0.5
healthy_maneuver,23,cusum_fgo,leader,post,1260,1260.0,0,0,0,0,0.0,0.0,0,0,0,0.0,0.0,E1,h7_k0p5,7.0,0.5
healthy_maneuver,23,cusum_fgo,follower,all,1755,1755.0,0,2,258,0,0.147008547008547,4.102564102564103,0,0,0,0.0,0.0,E1,h7_k0p5,7.0,0.5
healthy_maneuver,23,cusum_fgo,follower,pre,732,732.0,0,0,0,0,0.0,0.0,0,0,0,0.0,0.0,E1,h7_k0p5,7.0,0.5
healthy_maneuver,23,cusum_fgo,follower,maneuver,603,603.0,0,2,254,0,0.42122719734660036,11.940298507462686,0,0,0,0.0,0.0,E1,h7_k0p5,7.0,0.5
healthy_maneuver,23,cusum_fgo,follower,post,420,420.0,0,0,4,0,0.009523809523809525,0.0,0,0,0,0.0,0.0,E1,h7_k0p5,7.0,0.5
healthy_maneuver,24,cusum_fgo,leader,all,5265,5265.0,0,0,0,0,0.0,0.0,0,0,0,0.0,0.0,E1,h7_k0p5,7.0,0.5
healthy_maneuver,24,cusum_fgo,leader,pre,2196,2196.0,0,0,0,0,0.0,0.0,0,0,0,0.0,0.0,E1,h7_k0p5,7.0,0.5
healthy_maneuver,24,cusum_fgo,leader,maneuver,1809,1809.0,0,0,0,0,0.0,0.0,0,0,0,0.0,0.0,E1,h7_k0p5,7.0,0.5
healthy_maneuver,24,cusum_fgo,leader,post,1260,1260.0,0,0,0,0,0.0,0.0,0,0,0,0.0,0.0,E1,h7_k0p5,7.0,0.5
healthy_maneuver,24,cusum_fgo,follower,all,1755,1755.0,0,2,236,0,0.13447293447293449,4.102564102564103,0,0,0,0.0,0.0,E1,h7_k0p5,7.0,0.5
healthy_maneuver,24,cusum_fgo,follower,pre,732,732.0,0,0,0,0,0.0,0.0,0,0,0,0.0,0.0,E1,h7_k0p5,7.0,0.5
healthy_maneuver,24,cusum_fgo,follower,maneuver,603,603.0,0,2,236,0,0.3913764510779436,11.940298507462686,0,0,0,0.0,0.0,E1,h7_k0p5,7.0,0.5
healthy_maneuver,24,cusum_fgo,follower,post,420,420.0,0,0,0,0,0.0,0.0,0,0,0,0.0,0.0,E1,h7_k0p5,7.0,0.5
healthy_maneuver,25,cusum_fgo,leader,all,5265,5265.0,0,1,267,0,0.05071225071225071,0.6837606837606838,1,267,0,0.05071225071225071,0.6837606837606838,E1,h7_k0p5,7.0,0.5
healthy_maneuver,25,cusum_fgo,leader,pre,2196,2196.0,0,0,0,0,0.0,0.0,0,0,0,0.0,0.0,E1,h7_k0p5,7.0,0.5
healthy_maneuver,25,cusum_fgo,leader,maneuver,1809,1809.0,0,1,127,0,0.07020453289110005,1.9900497512437814,1,127,0,0.07020453289110005,1.9900497512437814,E1,h7_k0p5,7.0,0.5
healthy_maneuver,25,cusum_fgo,leader,post,1260,1260.0,0,0,140,0,0.1111111111111111,0.0,0,140,0,0.1111111111111111,0.0,E1,h7_k0p5,7.0,0.5
healthy_maneuver,25,cusum_fgo,follower,all,1755,1755.0,0,2,283,0,0.16125356125356125,4.102564102564103,0,0,0,0.0,0.0,E1,h7_k0p5,7.0,0.5
healthy_maneuver,25,cusum_fgo,follower,pre,732,732.0,0,0,0,0,0.0,0.0,0,0,0,0.0,0.0,E1,h7_k0p5,7.0,0.5
healthy_maneuver,25,cusum_fgo,follower,maneuver,603,603.0,0,2,266,0,0.44112769485903813,11.940298507462686,0,0,0,0.0,0.0,E1,h7_k0p5,7.0,0.5
healthy_maneuver,25,cusum_fgo,follower,post,420,420.0,0,0,17,0,0.04047619047619048,0.0,0,0,0,0.0,0.0,E1,h7_k0p5,7.0,0.5
healthy_maneuver,26,cusum_fgo,leader,all,5265,5265.0,0,0,0,0,0.0,0.0,0,0,0,0.0,0.0,E1,h7_k0p5,7.0,0.5
healthy_maneuver,26,cusum_fgo,leader,pre,2196,2196.0,0,0,0,0,0.0,0.0,0,0,0,0.0,0.0,E1,h7_k0p5,7.0,0.5
healthy_maneuver,26,cusum_fgo,leader,maneuver,1809,1809.0,0,0,0,0,0.0,0.0,0,0,0,0.0,0.0,E1,h7_k0p5,7.0,0.5
healthy_maneuver,26,cusum_fgo,leader,post,1260,1260.0,0,0,0,0,0.0,0.0,0,0,0,0.0,0.0,E1,h7_k0p5,7.0,0.5
healthy_maneuver,26,cusum_fgo,follower,all,1755,1755.0,0,2,444,0,0.252991452991453,4.102564102564103,0,0,0,0.0,0.0,E1,h7_k0p5,7.0,0.5
healthy_maneuver,26,cusum_fgo,follower,pre,732,732.0,0,0,0,0,0.0,0.0,0,0,0,0.0,0.0,E1,h7_k0p5,7.0,0.5
healthy_maneuver,26,cusum_fgo,follower,maneuver,603,603.0,0,2,164,0,0.27197346600331673,11.940298507462686,0,0,0,0.0,0.0,E1,h7_k0p5,7.0,0.5
healthy_maneuver,26,cusum_fgo,follower,post,420,420.0,0,0,280,0,0.6666666666666666,0.0,0,0,0,0.0,0.0,E1,h7_k0p5,7.0,0.5
healthy_maneuver,27,cusum_fgo,leader,all,5265,5265.0,0,1,101,0,0.019183285849952516,0.6837606837606838,1,101,0,0.019183285849952516,0.6837606837606838,E1,h7_k0p5,7.0,0.5
healthy_maneuver,27,cusum_fgo,leader,pre,2196,2196.0,0,0,0,0,0.0,0.0,0,0,0,0.0,0.0,E1,h7_k0p5,7.0,0.5
healthy_maneuver,27,cusum_fgo,leader,maneuver,1809,1809.0,0,1,101,0,0.05583195135433942,1.9900497512437814,1,101,0,0.05583195135433942,1.9900497512437814,E1,h7_k0p5,7.0,0.5
healthy_maneuver,27,cusum_fgo,leader,post,1260,1260.0,0,0,0,0,0.0,0.0,0,0,0,0.0,0.0,E1,h7_k0p5,7.0,0.5
healthy_maneuver,27,cusum_fgo,follower,all,1755,1755.0,0,2,224,0,0.12763532763532764,4.102564102564103,0,0,0,0.0,0.0,E1,h7_k0p5,7.0,0.5
healthy_maneuver,27,cusum_fgo,follower,pre,732,732.0,0,0,0,0,0.0,0.0,0,0,0,0.0,0.0,E1,h7_k0p5,7.0,0.5
healthy_maneuver,27,cusum_fgo,follower,maneuver,603,603.0,0,2,224,0,0.3714759535655058,11.940298507462686,0,0,0,0.0,0.0,E1,h7_k0p5,7.0,0.5
healthy_maneuver,27,cusum_fgo,follower,post,420,420.0,0,0,0,0,0.0,0.0,0,0,0,0.0,0.0,E1,h7_k0p5,7.0,0.5
healthy_maneuver,28,cusum_fgo,leader,all,5265,5265.0,0,1,86,0,0.01633428300094967,0.6837606837606838,1,86,0,0.01633428300094967,0.6837606837606838,E1,h7_k0p5,7.0,0.5
healthy_maneuver,28,cusum_fgo,leader,pre,2196,2196.0,0,0,0,0,0.0,0.0,0,0,0,0.0,0.0,E1,h7_k0p5,7.0,0.5
healthy_maneuver,28,cusum_fgo,leader,maneuver,1809,1809.0,0,1,86,0,0.04754007739082366,1.9900497512437814,1,86,0,0.04754007739082366,1.9900497512437814,E1,h7_k0p5,7.0,0.5
healthy_maneuver,28,cusum_fgo,leader,post,1260,1260.0,0,0,0,0,0.0,0.0,0,0,0,0.0,0.0,E1,h7_k0p5,7.0,0.5
healthy_maneuver,28,cusum_fgo,follower,all,1755,1755.0,0,2,223,0,0.12706552706552707,4.102564102564103,0,0,0,0.0,0.0,E1,h7_k0p5,7.0,0.5
healthy_maneuver,28,cusum_fgo,follower,pre,732,732.0,0,0,0,0,0.0,0.0,0,0,0,0.0,0.0,E1,h7_k0p5,7.0,0.5
healthy_maneuver,28,cusum_fgo,follower,maneuver,603,603.0,0,2,223,0,0.36981757877280264,11.940298507462686,0,0,0,0.0,0.0,E1,h7_k0p5,7.0,0.5
healthy_maneuver,28,cusum_fgo,follower,post,420,420.0,0,0,0,0,0.0,0.0,0,0,0,0.0,0.0,E1,h7_k0p5,7.0,0.5
healthy_maneuver,29,cusum_fgo,leader,all,5265,5265.0,0,1,92,0,0.017473884140550806,0.6837606837606838,1,92,0,0.017473884140550806,0.6837606837606838,E1,h7_k0p5,7.0,0.5
healthy_maneuver,29,cusum_fgo,leader,pre,2196,2196.0,0,0,0,0,0.0,0.0,0,0,0,0.0,0.0,E1,h7_k0p5,7.0,0.5
healthy_maneuver,29,cusum_fgo,leader,maneuver,1809,1809.0,0,1,92,0,0.05085682697622996,1.9900497512437814,1,92,0,0.05085682697622996,1.9900497512437814,E1,h7_k0p5,7.0,0.5
healthy_maneuver,29,cusum_fgo,leader,post,1260,1260.0,0,0,0,0,0.0,0.0,0,0,0,0.0,0.0,E1,h7_k0p5,7.0,0.5
healthy_maneuver,29,cusum_fgo,follower,all,1755,1755.0,0,2,454,0,0.2586894586894587,4.102564102564103,0,0,0,0.0,0.0,E1,h7_k0p5,7.0,0.5
healthy_maneuver,29,cusum_fgo,follower,pre,732,732.0,0,0,0,0,0.0,0.0,0,0,0,0.0,0.0,E1,h7_k0p5,7.0,0.5
healthy_maneuver,29,cusum_fgo,follower,maneuver,603,603.0,0,2,174,0,0.2885572139303483,11.940298507462686,0,0,0,0.0,0.0,E1,h7_k0p5,7.0,0.5
healthy_maneuver,29,cusum_fgo,follower,post,420,420.0,0,0,280,0,0.6666666666666666,0.0,0,0,0,0.0,0.0,E1,h7_k0p5,7.0,0.5
healthy_maneuver,30,cusum_fgo,leader,all,5265,5265.0,0,0,0,0,0.0,0.0,0,0,0,0.0,0.0,E1,h7_k0p5,7.0,0.5
healthy_maneuver,30,cusum_fgo,leader,pre,2196,2196.0,0,0,0,0,0.0,0.0,0,0,0,0.0,0.0,E1,h7_k0p5,7.0,0.5
healthy_maneuver,30,cusum_fgo,leader,maneuver,1809,1809.0,0,0,0,0,0.0,0.0,0,0,0,0.0,0.0,E1,h7_k0p5,7.0,0.5
healthy_maneuver,30,cusum_fgo,leader,post,1260,1260.0,0,0,0,0,0.0,0.0,0,0,0,0.0,0.0,E1,h7_k0p5,7.0,0.5
healthy_maneuver,30,cusum_fgo,follower,all,1755,1755.0,0,2,260,0,0.14814814814814814,4.102564102564103,0,0,0,0.0,0.0,E1,h7_k0p5,7.0,0.5
healthy_maneuver,30,cusum_fgo,follower,pre,732,732.0,0,0,0,0,0.0,0.0,0,0,0,0.0,0.0,E1,h7_k0p5,7.0,0.5
healthy_maneuver,30,cusum_fgo,follower,maneuver,603,603.0,0,2,240,0,0.39800995024875624,11.940298507462686,0,0,0,0.0,0.0,E1,h7_k0p5,7.0,0.5
healthy_maneuver,30,cusum_fgo,follower,post,420,420.0,0,0,20,0,0.047619047619047616,0.0,0,0,0,0.0,0.0,E1,h7_k0p5,7.0,0.5
healthy_maneuver,31,cusum_fgo,leader,all,5265,5265.0,0,0,0,0,0.0,0.0,0,0,0,0.0,0.0,E1,h7_k0p5,7.0,0.5
healthy_maneuver,31,cusum_fgo,leader,pre,2196,2196.0,0,0,0,0,0.0,0.0,0,0,0,0.0,0.0,E1,h7_k0p5,7.0,0.5
healthy_maneuver,31,cusum_fgo,leader,maneuver,1809,1809.0,0,0,0,0,0.0,0.0,0,0,0,0.0,0.0,E1,h7_k0p5,7.0,0.5
healthy_maneuver,31,cusum_fgo,leader,post,1260,1260.0,0,0,0,0,0.0,0.0,0,0,0,0.0,0.0,E1,h7_k0p5,7.0,0.5
healthy_maneuver,31,cusum_fgo,follower,all,1755,1755.0,0,2,299,0,0.17037037037037037,4.102564102564103,0,0,0,0.0,0.0,E1,h7_k0p5,7.0,0.5
healthy_maneuver,31,cusum_fgo,follower,pre,732,732.0,0,0,0,0,0.0,0.0,0,0,0,0.0,0.0,E1,h7_k0p5,7.0,0.5
healthy_maneuver,31,cusum_fgo,follower,maneuver,603,603.0,0,2,159,0,0.263681592039801,11.940298507462686,0,0,0,0.0,0.0,E1,h7_k0p5,7.0,0.5
healthy_maneuver,31,cusum_fgo,follower,post,420,420.0,0,0,140,0,0.3333333333333333,0.0,0,0,0,0.0,0.0,E1,h7_k0p5,7.0,0.5
healthy_maneuver,32,cusum_fgo,leader,all,5265,5265.0,0,0,0,0,0.0,0.0,0,0,0,0.0,0.0,E1,h7_k0p5,7.0,0.5
healthy_maneuver,32,cusum_fgo,leader,pre,2196,2196.0,0,0,0,0,0.0,0.0,0,0,0,0.0,0.0,E1,h7_k0p5,7.0,0.5
healthy_maneuver,32,cusum_fgo,leader,maneuver,1809,1809.0,0,0,0,0,0.0,0.0,0,0,0,0.0,0.0,E1,h7_k0p5,7.0,0.5
healthy_maneuver,32,cusum_fgo,leader,post,1260,1260.0,0,0,0,0,0.0,0.0,0,0,0,0.0,0.0,E1,h7_k0p5,7.0,0.5
healthy_maneuver,32,cusum_fgo,follower,all,1755,1755.0,0,2,378,0,0.2153846153846154,4.102564102564103,0,0,0,0.0,0.0,E1,h7_k0p5,7.0,0.5
healthy_maneuver,32,cusum_fgo,follower,pre,732,732.0,0,0,0,0,0.0,0.0,0,0,0,0.0,0.0,E1,h7_k0p5,7.0,0.5
healthy_maneuver,32,cusum_fgo,follower,maneuver,603,603.0,0,2,238,0,0.3946932006633499,11.940298507462686,0,0,0,0.0,0.0,E1,h7_k0p5,7.0,0.5
healthy_maneuver,32,cusum_fgo,follower,post,420,420.0,0,0,140,0,0.3333333333333333,0.0,0,0,0,0.0,0.0,E1,h7_k0p5,7.0,0.5
healthy_maneuver,33,cusum_fgo,leader,all,5265,5265.0,0,0,0,0,0.0,0.0,0,0,0,0.0,0.0,E1,h7_k0p5,7.0,0.5
healthy_maneuver,33,cusum_fgo,leader,pre,2196,2196.0,0,0,0,0,0.0,0.0,0,0,0,0.0,0.0,E1,h7_k0p5,7.0,0.5
healthy_maneuver,33,cusum_fgo,leader,maneuver,1809,1809.0,0,0,0,0,0.0,0.0,0,0,0,0.0,0.0,E1,h7_k0p5,7.0,0.5
healthy_maneuver,33,cusum_fgo,leader,post,1260,1260.0,0,0,0,0,0.0,0.0,0,0,0,0.0,0.0,E1,h7_k0p5,7.0,0.5
healthy_maneuver,33,cusum_fgo,follower,all,1755,1755.0,0,2,546,0,0.3111111111111111,4.102564102564103,0,0,0,0.0,0.0,E1,h7_k0p5,7.0,0.5
healthy_maneuver,33,cusum_fgo,follower,pre,732,732.0,0,0,0,0,0.0,0.0,0,0,0,0.0,0.0,E1,h7_k0p5,7.0,0.5
healthy_maneuver,33,cusum_fgo,follower,maneuver,603,603.0,0,2,266,0,0.44112769485903813,11.940298507462686,0,0,0,0.0,0.0,E1,h7_k0p5,7.0,0.5
healthy_maneuver,33,cusum_fgo,follower,post,420,420.0,0,0,280,0,0.6666666666666666,0.0,0,0,0,0.0,0.0,E1,h7_k0p5,7.0,0.5
healthy_maneuver,34,cusum_fgo,leader,all,5265,5265.0,0,1,97,0,0.01842355175688509,0.6837606837606838,1,97,0,0.01842355175688509,0.6837606837606838,E1,h7_k0p5,7.0,0.5
healthy_maneuver,34,cusum_fgo,leader,pre,2196,2196.0,0,0,0,0,0.0,0.0,0,0,0,0.0,0.0,E1,h7_k0p5,7.0,0.5
healthy_maneuver,34,cusum_fgo,leader,maneuver,1809,1809.0,0,1,97,0,0.053620784964068545,1.9900497512437814,1,97,0,0.053620784964068545,1.9900497512437814,E1,h7_k0p5,7.0,0.5
healthy_maneuver,34,cusum_fgo,leader,post,1260,1260.0,0,0,0,0,0.0,0.0,0,0,0,0.0,0.0,E1,h7_k0p5,7.0,0.5
healthy_maneuver,34,cusum_fgo,follower,all,1755,1755.0,0,2,449,0,0.25584045584045584,4.102564102564103,0,0,0,0.0,0.0,E1,h7_k0p5,7.0,0.5
healthy_maneuver,34,cusum_fgo,follower,pre,732,732.0,0,0,0,0,0.0,0.0,0,0,0,0.0,0.0,E1,h7_k0p5,7.0,0.5
healthy_maneuver,34,cusum_fgo,follower,maneuver,603,603.0,0,2,169,0,0.2802653399668325,11.940298507462686,0,0,0,0.0,0.0,E1,h7_k0p5,7.0,0.5
healthy_maneuver,34,cusum_fgo,follower,post,420,420.0,0,0,280,0,0.6666666666666666,0.0,0,0,0,0.0,0.0,E1,h7_k0p5,7.0,0.5
healthy_maneuver,35,cusum_fgo,leader,all,5265,5265.0,0,0,0,0,0.0,0.0,0,0,0,0.0,0.0,E1,h7_k0p5,7.0,0.5
healthy_maneuver,35,cusum_fgo,leader,pre,2196,2196.0,0,0,0,0,0.0,0.0,0,0,0,0.0,0.0,E1,h7_k0p5,7.0,0.5
healthy_maneuver,35,cusum_fgo,leader,maneuver,1809,1809.0,0,0,0,0,0.0,0.0,0,0,0,0.0,0.0,E1,h7_k0p5,7.0,0.5
healthy_maneuver,35,cusum_fgo,leader,post,1260,1260.0,0,0,0,0,0.0,0.0,0,0,0,0.0,0.0,E1,h7_k0p5,7.0,0.5
healthy_maneuver,35,cusum_fgo,follower,all,1755,1755.0,0,2,217,0,0.12364672364672365,4.102564102564103,0,0,0,0.0,0.0,E1,h7_k0p5,7.0,0.5
healthy_maneuver,35,cusum_fgo,follower,pre,732,732.0,0,0,0,0,0.0,0.0,0,0,0,0.0,0.0,E1,h7_k0p5,7.0,0.5
healthy_maneuver,35,cusum_fgo,follower,maneuver,603,603.0,0,2,147,0,0.24378109452736318,11.940298507462686,0,0,0,0.0,0.0,E1,h7_k0p5,7.0,0.5
healthy_maneuver,35,cusum_fgo,follower,post,420,420.0,0,0,70,0,0.16666666666666666,0.0,0,0,0,0.0,0.0,E1,h7_k0p5,7.0,0.5
healthy_maneuver,36,cusum_fgo,leader,all,5265,5265.0,0,1,75,0,0.014245014245014245,0.6837606837606838,1,75,0,0.014245014245014245,0.6837606837606838,E1,h7_k0p5,7.0,0.5
healthy_maneuver,36,cusum_fgo,leader,pre,2196,2196.0,0,0,0,0,0.0,0.0,0,0,0,0.0,0.0,E1,h7_k0p5,7.0,0.5
healthy_maneuver,36,cusum_fgo,leader,maneuver,1809,1809.0,0,1,75,0,0.04145936981757877,1.9900497512437814,1,75,0,0.04145936981757877,1.9900497512437814,E1,h7_k0p5,7.0,0.5
healthy_maneuver,36,cusum_fgo,leader,post,1260,1260.0,0,0,0,0,0.0,0.0,0,0,0,0.0,0.0,E1,h7_k0p5,7.0,0.5
healthy_maneuver,36,cusum_fgo,follower,all,1755,1755.0,0,2,394,0,0.2245014245014245,4.102564102564103,0,0,0,0.0,0.0,E1,h7_k0p5,7.0,0.5
healthy_maneuver,36,cusum_fgo,follower,pre,732,732.0,0,0,0,0,0.0,0.0,0,0,0,0.0,0.0,E1,h7_k0p5,7.0,0.5
healthy_maneuver,36,cusum_fgo,follower,maneuver,603,603.0,0,2,254,0,0.42122719734660036,11.940298507462686,0,0,0,0.0,0.0,E1,h7_k0p5,7.0,0.5
healthy_maneuver,36,cusum_fgo,follower,post,420,420.0,0,0,140,0,0.3333333333333333,0.0,0,0,0,0.0,0.0,E1,h7_k0p5,7.0,0.5
healthy_maneuver,37,cusum_fgo,leader,all,5265,5265.0,0,0,0,0,0.0,0.0,0,0,0,0.0,0.0,E1,h7_k0p5,7.0,0.5
healthy_maneuver,37,cusum_fgo,leader,pre,2196,2196.0,0,0,0,0,0.0,0.0,0,0,0,0.0,0.0,E1,h7_k0p5,7.0,0.5
healthy_maneuver,37,cusum_fgo,leader,maneuver,1809,1809.0,0,0,0,0,0.0,0.0,0,0,0,0.0,0.0,E1,h7_k0p5,7.0,0.5
healthy_maneuver,37,cusum_fgo,leader,post,1260,1260.0,0,0,0,0,0.0,0.0,0,0,0,0.0,0.0,E1,h7_k0p5,7.0,0.5
healthy_maneuver,37,cusum_fgo,follower,all,1755,1755.0,0,2,246,0,0.14017094017094017,4.102564102564103,0,0,0,0.0,0.0,E1,h7_k0p5,7.0,0.5
healthy_maneuver,37,cusum_fgo,follower,pre,732,732.0,0,0,0,0,0.0,0.0,0,0,0,0.0,0.0,E1,h7_k0p5,7.0,0.5
healthy_maneuver,37,cusum_fgo,follower,maneuver,603,603.0,0,2,240,0,0.39800995024875624,11.940298507462686,0,0,0,0.0,0.0,E1,h7_k0p5,7.0,0.5
healthy_maneuver,37,cusum_fgo,follower,post,420,420.0,0,0,6,0,0.014285714285714285,0.0,0,0,0,0.0,0.0,E1,h7_k0p5,7.0,0.5
healthy_maneuver,38,cusum_fgo,leader,all,5265,5265.0,0,0,0,0,0.0,0.0,0,0,0,0.0,0.0,E1,h7_k0p5,7.0,0.5
healthy_maneuver,38,cusum_fgo,leader,pre,2196,2196.0,0,0,0,0,0.0,0.0,0,0,0,0.0,0.0,E1,h7_k0p5,7.0,0.5
healthy_maneuver,38,cusum_fgo,leader,maneuver,1809,1809.0,0,0,0,0,0.0,0.0,0,0,0,0.0,0.0,E1,h7_k0p5,7.0,0.5
healthy_maneuver,38,cusum_fgo,leader,post,1260,1260.0,0,0,0,0,0.0,0.0,0,0,0,0.0,0.0,E1,h7_k0p5,7.0,0.5
healthy_maneuver,38,cusum_fgo,follower,all,1755,1755.0,0,2,301,0,0.17150997150997152,4.102564102564103,0,0,0,0.0,0.0,E1,h7_k0p5,7.0,0.5
healthy_maneuver,38,cusum_fgo,follower,pre,732,732.0,0,0,0,0,0.0,0.0,0,0,0,0.0,0.0,E1,h7_k0p5,7.0,0.5
healthy_maneuver,38,cusum_fgo,follower,maneuver,603,603.0,0,2,161,0,0.2669983416252073,11.940298507462686,0,0,0,0.0,0.0,E1,h7_k0p5,7.0,0.5
healthy_maneuver,38,cusum_fgo,follower,post,420,420.0,0,0,140,0,0.3333333333333333,0.0,0,0,0,0.0,0.0,E1,h7_k0p5,7.0,0.5
healthy_maneuver,39,cusum_fgo,leader,all,5265,5265.0,0,1,273,0,0.05185185185185185,0.6837606837606838,1,273,0,0.05185185185185185,0.6837606837606838,E1,h7_k0p5,7.0,0.5
healthy_maneuver,39,cusum_fgo,leader,pre,2196,2196.0,0,0,0,0,0.0,0.0,0,0,0,0.0,0.0,E1,h7_k0p5,7.0,0.5
healthy_maneuver,39,cusum_fgo,leader,maneuver,1809,1809.0,0,1,133,0,0.07352128247650636,1.9900497512437814,1,133,0,0.07352128247650636,1.9900497512437814,E1,h7_k0p5,7.0,0.5
healthy_maneuver,39,cusum_fgo,leader,post,1260,1260.0,0,0,140,0,0.1111111111111111,0.0,0,140,0,0.1111111111111111,0.0,E1,h7_k0p5,7.0,0.5
healthy_maneuver,39,cusum_fgo,follower,all,1755,1755.0,0,2,226,0,0.12877492877492877,4.102564102564103,0,0,0,0.0,0.0,E1,h7_k0p5,7.0,0.5
healthy_maneuver,39,cusum_fgo,follower,pre,732,732.0,0,0,0,0,0.0,0.0,0,0,0,0.0,0.0,E1,h7_k0p5,7.0,0.5
healthy_maneuver,39,cusum_fgo,follower,maneuver,603,603.0,0,2,226,0,0.3747927031509121,11.940298507462686,0,0,0,0.0,0.0,E1,h7_k0p5,7.0,0.5
healthy_maneuver,39,cusum_fgo,follower,post,420,420.0,0,0,0,0,0.0,0.0,0,0,0,0.0,0.0,E1,h7_k0p5,7.0,0.5
healthy_maneuver,40,cusum_fgo,leader,all,5265,5265.0,0,1,179,0,0.033998100664767335,0.6837606837606838,1,179,0,0.033998100664767335,0.6837606837606838,E1,h7_k0p5,7.0,0.5
healthy_maneuver,40,cusum_fgo,leader,pre,2196,2196.0,0,0,0,0,0.0,0.0,0,0,0,0.0,0.0,E1,h7_k0p5,7.0,0.5
healthy_maneuver,40,cusum_fgo,leader,maneuver,1809,1809.0,0,1,39,0,0.02155887230514096,1.9900497512437814,1,39,0,0.02155887230514096,1.9900497512437814,E1,h7_k0p5,7.0,0.5
healthy_maneuver,40,cusum_fgo,leader,post,1260,1260.0,0,0,140,0,0.1111111111111111,0.0,0,140,0,0.1111111111111111,0.0,E1,h7_k0p5,7.0,0.5
healthy_maneuver,40,cusum_fgo,follower,all,1755,1755.0,0,2,283,0,0.16125356125356125,4.102564102564103,0,0,0,0.0,0.0,E1,h7_k0p5,7.0,0.5
healthy_maneuver,40,cusum_fgo,follower,pre,732,732.0,0,0,0,0,0.0,0.0,0,0,0,0.0,0.0,E1,h7_k0p5,7.0,0.5
healthy_maneuver,40,cusum_fgo,follower,maneuver,603,603.0,0,2,143,0,0.23714759535655058,11.940298507462686,0,0,0,0.0,0.0,E1,h7_k0p5,7.0,0.5
healthy_maneuver,40,cusum_fgo,follower,post,420,420.0,0,0,140,0,0.3333333333333333,0.0,0,0,0,0.0,0.0,E1,h7_k0p5,7.0,0.5
healthy_maneuver,41,cusum_fgo,leader,all,5265,5265.0,0,1,82,0,0.01557454890788224,0.6837606837606838,1,82,0,0.01557454890788224,0.6837606837606838,E1,h7_k0p5,7.0,0.5
healthy_maneuver,41,cusum_fgo,leader,pre,2196,2196.0,0,0,0,0,0.0,0.0,0,0,0,0.0,0.0,E1,h7_k0p5,7.0,0.5
healthy_maneuver,41,cusum_fgo,leader,maneuver,1809,1809.0,0,1,82,0,0.04532891100055279,1.9900497512437814,1,82,0,0.04532891100055279,1.9900497512437814,E1,h7_k0p5,7.0,0.5
healthy_maneuver,41,cusum_fgo,leader,post,1260,1260.0,0,0,0,0,0.0,0.0,0,0,0,0.0,0.0,E1,h7_k0p5,7.0,0.5
healthy_maneuver,41,cusum_fgo,follower,all,1755,1755.0,0,2,289,0,0.16467236467236468,4.102564102564103,0,0,0,0.0,0.0,E1,h7_k0p5,7.0,0.5
healthy_maneuver,41,cusum_fgo,follower,pre,732,732.0,0,0,0,0,0.0,0.0,0,0,0,0.0,0.0,E1,h7_k0p5,7.0,0.5
healthy_maneuver,41,cusum_fgo,follower,maneuver,603,603.0,0,2,149,0,0.2470978441127695,11.940298507462686,0,0,0,0.0,0.0,E1,h7_k0p5,7.0,0.5
healthy_maneuver,41,cusum_fgo,follower,post,420,420.0,0,0,140,0,0.3333333333333333,0.0,0,0,0,0.0,0.0,E1,h7_k0p5,7.0,0.5
healthy_maneuver,42,cusum_fgo,leader,all,5265,5265.0,0,1,32,0,0.006077872744539411,0.6837606837606838,1,32,0,0.006077872744539411,0.6837606837606838,E1,h7_k0p5,7.0,0.5
healthy_maneuver,42,cusum_fgo,leader,pre,2196,2196.0,0,0,0,0,0.0,0.0,0,0,0,0.0,0.0,E1,h7_k0p5,7.0,0.5
healthy_maneuver,42,cusum_fgo,leader,maneuver,1809,1809.0,0,1,32,0,0.017689331122166942,1.9900497512437814,1,32,0,0.017689331122166942,1.9900497512437814,E1,h7_k0p5,7.0,0.5
healthy_maneuver,42,cusum_fgo,leader,post,1260,1260.0,0,0,0,0,0.0,0.0,0,0,0,0.0,0.0,E1,h7_k0p5,7.0,0.5
healthy_maneuver,42,cusum_fgo,follower,all,1755,1755.0,0,2,206,0,0.11737891737891738,4.102564102564103,0,0,0,0.0,0.0,E1,h7_k0p5,7.0,0.5
healthy_maneuver,42,cusum_fgo,follower,pre,732,732.0,0,0,0,0,0.0,0.0,0,0,0,0.0,0.0,E1,h7_k0p5,7.0,0.5
healthy_maneuver,42,cusum_fgo,follower,maneuver,603,603.0,0,2,206,0,0.3416252072968491,11.940298507462686,0,0,0,0.0,0.0,E1,h7_k0p5,7.0,0.5
healthy_maneuver,42,cusum_fgo,follower,post,420,420.0,0,0,0,0,0.0,0.0,0,0,0,0.0,0.0,E1,h7_k0p5,7.0,0.5
healthy_maneuver,43,cusum_fgo,leader,all,5265,5265.0,0,0,0,0,0.0,0.0,0,0,0,0.0,0.0,E1,h7_k0p5,7.0,0.5
healthy_maneuver,43,cusum_fgo,leader,pre,2196,2196.0,0,0,0,0,0.0,0.0,0,0,0,0.0,0.0,E1,h7_k0p5,7.0,0.5
healthy_maneuver,43,cusum_fgo,leader,maneuver,1809,1809.0,0,0,0,0,0.0,0.0,0,0,0,0.0,0.0,E1,h7_k0p5,7.0,0.5
healthy_maneuver,43,cusum_fgo,leader,post,1260,1260.0,0,0,0,0,0.0,0.0,0,0,0,0.0,0.0,E1,h7_k0p5,7.0,0.5
healthy_maneuver,43,cusum_fgo,follower,all,1755,1755.0,0,2,294,0,0.1675213675213675,4.102564102564103,0,0,0,0.0,0.0,E1,h7_k0p5,7.0,0.5
healthy_maneuver,43,cusum_fgo,follower,pre,732,732.0,0,0,0,0,0.0,0.0,0,0,0,0.0,0.0,E1,h7_k0p5,7.0,0.5
healthy_maneuver,43,cusum_fgo,follower,maneuver,603,603.0,0,2,154,0,0.25538971807628524,11.940298507462686,0,0,0,0.0,0.0,E1,h7_k0p5,7.0,0.5
healthy_maneuver,43,cusum_fgo,follower,post,420,420.0,0,0,140,0,0.3333333333333333,0.0,0,0,0,0.0,0.0,E1,h7_k0p5,7.0,0.5
healthy_maneuver,44,cusum_fgo,leader,all,5265,5265.0,0,0,0,0,0.0,0.0,0,0,0,0.0,0.0,E1,h7_k0p5,7.0,0.5
healthy_maneuver,44,cusum_fgo,leader,pre,2196,2196.0,0,0,0,0,0.0,0.0,0,0,0,0.0,0.0,E1,h7_k0p5,7.0,0.5
healthy_maneuver,44,cusum_fgo,leader,maneuver,1809,1809.0,0,0,0,0,0.0,0.0,0,0,0,0.0,0.0,E1,h7_k0p5,7.0,0.5
healthy_maneuver,44,cusum_fgo,leader,post,1260,1260.0,0,0,0,0,0.0,0.0,0,0,0,0.0,0.0,E1,h7_k0p5,7.0,0.5
healthy_maneuver,44,cusum_fgo,follower,all,1755,1755.0,0,2,238,0,0.1356125356125356,4.102564102564103,0,0,0,0.0,0.0,E1,h7_k0p5,7.0,0.5
healthy_maneuver,44,cusum_fgo,follower,pre,732,732.0,0,0,0,0,0.0,0.0,0,0,0,0.0,0.0,E1,h7_k0p5,7.0,0.5
healthy_maneuver,44,cusum_fgo,follower,maneuver,603,603.0,0,2,238,0,0.3946932006633499,11.940298507462686,0,0,0,0.0,0.0,E1,h7_k0p5,7.0,0.5
healthy_maneuver,44,cusum_fgo,follower,post,420,420.0,0,0,0,0,0.0,0.0,0,0,0,0.0,0.0,E1,h7_k0p5,7.0,0.5
healthy_maneuver,45,cusum_fgo,leader,all,5265,5265.0,0,0,0,0,0.0,0.0,0,0,0,0.0,0.0,E1,h7_k0p5,7.0,0.5
healthy_maneuver,45,cusum_fgo,leader,pre,2196,2196.0,0,0,0,0,0.0,0.0,0,0,0,0.0,0.0,E1,h7_k0p5,7.0,0.5
healthy_maneuver,45,cusum_fgo,leader,maneuver,1809,1809.0,0,0,0,0,0.0,0.0,0,0,0,0.0,0.0,E1,h7_k0p5,7.0,0.5
healthy_maneuver,45,cusum_fgo,leader,post,1260,1260.0,0,0,0,0,0.0,0.0,0,0,0,0.0,0.0,E1,h7_k0p5,7.0,0.5
healthy_maneuver,45,cusum_fgo,follower,all,1755,1755.0,0,2,390,0,0.2222222222222222,4.102564102564103,0,0,0,0.0,0.0,E1,h7_k0p5,7.0,0.5
healthy_maneuver,45,cusum_fgo,follower,pre,732,732.0,0,0,0,0,0.0,0.0,0,0,0,0.0,0.0,E1,h7_k0p5,7.0,0.5
healthy_maneuver,45,cusum_fgo,follower,maneuver,603,603.0,0,2,250,0,0.41459369817578773,11.940298507462686,0,0,0,0.0,0.0,E1,h7_k0p5,7.0,0.5
healthy_maneuver,45,cusum_fgo,follower,post,420,420.0,0,0,140,0,0.3333333333333333,0.0,0,0,0,0.0,0.0,E1,h7_k0p5,7.0,0.5
healthy_maneuver,46,cusum_fgo,leader,all,5265,5265.0,0,0,0,0,0.0,0.0,0,0,0,0.0,0.0,E1,h7_k0p5,7.0,0.5
healthy_maneuver,46,cusum_fgo,leader,pre,2196,2196.0,0,0,0,0,0.0,0.0,0,0,0,0.0,0.0,E1,h7_k0p5,7.0,0.5
healthy_maneuver,46,cusum_fgo,leader,maneuver,1809,1809.0,0,0,0,0,0.0,0.0,0,0,0,0.0,0.0,E1,h7_k0p5,7.0,0.5
healthy_maneuver,46,cusum_fgo,leader,post,1260,1260.0,0,0,0,0,0.0,0.0,0,0,0,0.0,0.0,E1,h7_k0p5,7.0,0.5
healthy_maneuver,46,cusum_fgo,follower,all,1755,1755.0,0,2,381,0,0.2170940170940171,4.102564102564103,0,0,0,0.0,0.0,E1,h7_k0p5,7.0,0.5
healthy_maneuver,46,cusum_fgo,follower,pre,732,732.0,0,0,0,0,0.0,0.0,0,0,0,0.0,0.0,E1,h7_k0p5,7.0,0.5
healthy_maneuver,46,cusum_fgo,follower,maneuver,603,603.0,0,2,241,0,0.3996683250414594,11.940298507462686,0,0,0,0.0,0.0,E1,h7_k0p5,7.0,0.5
healthy_maneuver,46,cusum_fgo,follower,post,420,420.0,0,0,140,0,0.3333333333333333,0.0,0,0,0,0.0,0.0,E1,h7_k0p5,7.0,0.5
healthy_maneuver,47,cusum_fgo,leader,all,5265,5265.0,0,0,0,0,0.0,0.0,0,0,0,0.0,0.0,E1,h7_k0p5,7.0,0.5
healthy_maneuver,47,cusum_fgo,leader,pre,2196,2196.0,0,0,0,0,0.0,0.0,0,0,0,0.0,0.0,E1,h7_k0p5,7.0,0.5
healthy_maneuver,47,cusum_fgo,leader,maneuver,1809,1809.0,0,0,0,0,0.0,0.0,0,0,0,0.0,0.0,E1,h7_k0p5,7.0,0.5
healthy_maneuver,47,cusum_fgo,leader,post,1260,1260.0,0,0,0,0,0.0,0.0,0,0,0,0.0,0.0,E1,h7_k0p5,7.0,0.5
healthy_maneuver,47,cusum_fgo,follower,all,1755,1755.0,0,2,297,0,0.16923076923076924,4.102564102564103,0,0,0,0.0,0.0,E1,h7_k0p5,7.0,0.5
healthy_maneuver,47,cusum_fgo,follower,pre,732,732.0,0,0,0,0,0.0,0.0,0,0,0,0.0,0.0,E1,h7_k0p5,7.0,0.5
healthy_maneuver,47,cusum_fgo,follower,maneuver,603,603.0,0,2,157,0,0.2603648424543947,11.940298507462686,0,0,0,0.0,0.0,E1,h7_k0p5,7.0,0.5
healthy_maneuver,47,cusum_fgo,follower,post,420,420.0,0,0,140,0,0.3333333333333333,0.0,0,0,0,0.0,0.0,E1,h7_k0p5,7.0,0.5
healthy_maneuver,48,cusum_fgo,leader,all,5265,5265.0,0,0,0,0,0.0,0.0,0,0,0,0.0,0.0,E1,h7_k0p5,7.0,0.5
healthy_maneuver,48,cusum_fgo,leader,pre,2196,2196.0,0,0,0,0,0.0,0.0,0,0,0,0.0,0.0,E1,h7_k0p5,7.0,0.5
healthy_maneuver,48,cusum_fgo,leader,maneuver,1809,1809.0,0,0,0,0,0.0,0.0,0,0,0,0.0,0.0,E1,h7_k0p5,7.0,0.5
healthy_maneuver,48,cusum_fgo,leader,post,1260,1260.0,0,0,0,0,0.0,0.0,0,0,0,0.0,0.0,E1,h7_k0p5,7.0,0.5
healthy_maneuver,48,cusum_fgo,follower,all,1755,1755.0,0,2,372,0,0.21196581196581196,4.102564102564103,0,0,0,0.0,0.0,E1,h7_k0p5,7.0,0.5
healthy_maneuver,48,cusum_fgo,follower,pre,732,732.0,0,0,0,0,0.0,0.0,0,0,0,0.0,0.0,E1,h7_k0p5,7.0,0.5
healthy_maneuver,48,cusum_fgo,follower,maneuver,603,603.0,0,2,232,0,0.38474295190713104,11.940298507462686,0,0,0,0.0,0.0,E1,h7_k0p5,7.0,0.5
healthy_maneuver,48,cusum_fgo,follower,post,420,420.0,0,0,140,0,0.3333333333333333,0.0,0,0,0,0.0,0.0,E1,h7_k0p5,7.0,0.5
healthy_maneuver,49,cusum_fgo,leader,all,5265,5265.0,0,0,0,0,0.0,0.0,0,0,0,0.0,0.0,E1,h7_k0p5,7.0,0.5
healthy_maneuver,49,cusum_fgo,leader,pre,2196,2196.0,0,0,0,0,0.0,0.0,0,0,0,0.0,0.0,E1,h7_k0p5,7.0,0.5
healthy_maneuver,49,cusum_fgo,leader,maneuver,1809,1809.0,0,0,0,0,0.0,0.0,0,0,0,0.0,0.0,E1,h7_k0p5,7.0,0.5
healthy_maneuver,49,cusum_fgo,leader,post,1260,1260.0,0,0,0,0,0.0,0.0,0,0,0,0.0,0.0,E1,h7_k0p5,7.0,0.5
healthy_maneuver,49,cusum_fgo,follower,all,1755,1755.0,0,2,400,0,0.22792022792022792,4.102564102564103,0,0,0,0.0,0.0,E1,h7_k0p5,7.0,0.5
healthy_maneuver,49,cusum_fgo,follower,pre,732,732.0,0,0,0,0,0.0,0.0,0,0,0,0.0,0.0,E1,h7_k0p5,7.0,0.5
healthy_maneuver,49,cusum_fgo,follower,maneuver,603,603.0,0,2,260,0,0.4311774461028192,11.940298507462686,0,0,0,0.0,0.0,E1,h7_k0p5,7.0,0.5
healthy_maneuver,49,cusum_fgo,follower,post,420,420.0,0,0,140,0,0.3333333333333333,0.0,0,0,0,0.0,0.0,E1,h7_k0p5,7.0,0.5
healthy_maneuver,50,cusum_fgo,leader,all,5265,5265.0,0,0,0,0,0.0,0.0,0,0,0,0.0,0.0,E1,h7_k0p5,7.0,0.5
healthy_maneuver,50,cusum_fgo,leader,pre,2196,2196.0,0,0,0,0,0.0,0.0,0,0,0,0.0,0.0,E1,h7_k0p5,7.0,0.5
healthy_maneuver,50,cusum_fgo,leader,maneuver,1809,1809.0,0,0,0,0,0.0,0.0,0,0,0,0.0,0.0,E1,h7_k0p5,7.0,0.5
healthy_maneuver,50,cusum_fgo,leader,post,1260,1260.0,0,0,0,0,0.0,0.0,0,0,0,0.0,0.0,E1,h7_k0p5,7.0,0.5
healthy_maneuver,50,cusum_fgo,follower,all,1755,1755.0,0,2,380,0,0.21652421652421652,4.102564102564103,0,0,0,0.0,0.0,E1,h7_k0p5,7.0,0.5
healthy_maneuver,50,cusum_fgo,follower,pre,732,732.0,0,0,0,0,0.0,0.0,0,0,0,0.0,0.0,E1,h7_k0p5,7.0,0.5
healthy_maneuver,50,cusum_fgo,follower,maneuver,603,603.0,0,2,240,0,0.39800995024875624,11.940298507462686,0,0,0,0.0,0.0,E1,h7_k0p5,7.0,0.5
healthy_maneuver,50,cusum_fgo,follower,post,420,420.0,0,0,140,0,0.3333333333333333,0.0,0,0,0,0.0,0.0,E1,h7_k0p5,7.0,0.5
baseline_3f,1,cusum_fgo,leader,all,5044,5044.0,0,0,28,28,0.0055511498810467885,0.0,0,28,28,0.0055511498810467885,0.0,E1,h7_k0p75,7.0,0.75
baseline_3f,1,cusum_fgo,follower,all,1755,1755.0,0,0,0,0,0.0,0.0,0,0,0,0.0,0.0,E1,h7_k0p75,7.0,0.75
baseline_3f,2,cusum_fgo,leader,all,5044,5044.0,0,0,26,26,0.005154639175257732,0.0,0,26,26,0.005154639175257732,0.0,E1,h7_k0p75,7.0,0.75
baseline_3f,2,cusum_fgo,follower,all,1755,1755.0,0,0,0,0,0.0,0.0,0,0,0,0.0,0.0,E1,h7_k0p75,7.0,0.75
baseline_3f,3,cusum_fgo,leader,all,5044,5044.0,0,0,26,26,0.005154639175257732,0.0,0,26,26,0.005154639175257732,0.0,E1,h7_k0p75,7.0,0.75
baseline_3f,3,cusum_fgo,follower,all,1755,1755.0,0,0,0,0,0.0,0.0,0,0,0,0.0,0.0,E1,h7_k0p75,7.0,0.75
baseline_3f,4,cusum_fgo,leader,all,5044,5044.0,0,0,26,26,0.005154639175257732,0.0,0,26,26,0.005154639175257732,0.0,E1,h7_k0p75,7.0,0.75
baseline_3f,4,cusum_fgo,follower,all,1755,1755.0,0,0,0,0,0.0,0.0,0,0,0,0.0,0.0,E1,h7_k0p75,7.0,0.75
baseline_3f,5,cusum_fgo,leader,all,5044,5044.0,0,0,474,474,0.09397303727200634,0.0,3,416,137,0.08247422680412371,2.141157811260904,E1,h7_k0p75,7.0,0.75
baseline_3f,5,cusum_fgo,follower,all,1755,1755.0,0,0,0,0,0.0,0.0,0,0,0,0.0,0.0,E1,h7_k0p75,7.0,0.75
baseline_3f,6,cusum_fgo,leader,all,5044,5044.0,0,0,28,28,0.0055511498810467885,0.0,0,28,28,0.0055511498810467885,0.0,E1,h7_k0p75,7.0,0.75
baseline_3f,6,cusum_fgo,follower,all,1755,1755.0,0,0,0,0,0.0,0.0,0,0,0,0.0,0.0,E1,h7_k0p75,7.0,0.75
baseline_3f,7,cusum_fgo,leader,all,5044,5044.0,0,0,36,36,0.007137192704203013,0.0,0,36,36,0.007137192704203013,0.0,E1,h7_k0p75,7.0,0.75
baseline_3f,7,cusum_fgo,follower,all,1755,1755.0,0,0,0,0,0.0,0.0,0,0,0,0.0,0.0,E1,h7_k0p75,7.0,0.75
baseline_3f,8,cusum_fgo,leader,all,5044,5044.0,0,0,26,26,0.005154639175257732,0.0,0,26,26,0.005154639175257732,0.0,E1,h7_k0p75,7.0,0.75
baseline_3f,8,cusum_fgo,follower,all,1755,1755.0,0,0,0,0,0.0,0.0,0,0,0,0.0,0.0,E1,h7_k0p75,7.0,0.75
baseline_3f,9,cusum_fgo,leader,all,5044,5044.0,0,0,26,26,0.005154639175257732,0.0,0,26,26,0.005154639175257732,0.0,E1,h7_k0p75,7.0,0.75
baseline_3f,9,cusum_fgo,follower,all,1755,1755.0,0,0,0,0,0.0,0.0,0,0,0,0.0,0.0,E1,h7_k0p75,7.0,0.75
baseline_3f,10,cusum_fgo,leader,all,5044,5044.0,0,0,79,79,0.015662172878667724,0.0,0,79,79,0.015662172878667724,0.0,E1,h7_k0p75,7.0,0.75
baseline_3f,10,cusum_fgo,follower,all,1755,1755.0,0,0,0,0,0.0,0.0,0,0,0,0.0,0.0,E1,h7_k0p75,7.0,0.75
baseline_3f,11,cusum_fgo,leader,all,5044,5044.0,0,0,26,26,0.005154639175257732,0.0,0,26,26,0.005154639175257732,0.0,E1,h7_k0p75,7.0,0.75
baseline_3f,11,cusum_fgo,follower,all,1755,1755.0,0,0,0,0,0.0,0.0,0,0,0,0.0,0.0,E1,h7_k0p75,7.0,0.75
baseline_3f,12,cusum_fgo,leader,all,5044,5044.0,0,0,29,29,0.005749405233941317,0.0,0,29,29,0.005749405233941317,0.0,E1,h7_k0p75,7.0,0.75
baseline_3f,12,cusum_fgo,follower,all,1755,1755.0,0,0,0,0,0.0,0.0,0,0,0,0.0,0.0,E1,h7_k0p75,7.0,0.75
baseline_3f,13,cusum_fgo,leader,all,5044,5044.0,0,0,26,26,0.005154639175257732,0.0,0,26,26,0.005154639175257732,0.0,E1,h7_k0p75,7.0,0.75
baseline_3f,13,cusum_fgo,follower,all,1755,1755.0,0,0,0,0,0.0,0.0,0,0,0,0.0,0.0,E1,h7_k0p75,7.0,0.75
baseline_3f,14,cusum_fgo,leader,all,5044,5044.0,0,0,26,26,0.005154639175257732,0.0,0,26,26,0.005154639175257732,0.0,E1,h7_k0p75,7.0,0.75
baseline_3f,14,cusum_fgo,follower,all,1755,1755.0,0,0,0,0,0.0,0.0,0,0,0,0.0,0.0,E1,h7_k0p75,7.0,0.75
baseline_3f,15,cusum_fgo,leader,all,5044,5044.0,0,0,26,26,0.005154639175257732,0.0,0,26,26,0.005154639175257732,0.0,E1,h7_k0p75,7.0,0.75
baseline_3f,15,cusum_fgo,follower,all,1755,1755.0,0,0,0,0,0.0,0.0,0,0,0,0.0,0.0,E1,h7_k0p75,7.0,0.75
baseline_3f,16,cusum_fgo,leader,all,5044,5044.0,0,0,29,29,0.005749405233941317,0.0,0,29,29,0.005749405233941317,0.0,E1,h7_k0p75,7.0,0.75
baseline_3f,16,cusum_fgo,follower,all,1755,1755.0,0,0,0,0,0.0,0.0,0,0,0,0.0,0.0,E1,h7_k0p75,7.0,0.75
baseline_3f,17,cusum_fgo,leader,all,5044,5044.0,0,0,79,79,0.015662172878667724,0.0,0,79,79,0.015662172878667724,0.0,E1,h7_k0p75,7.0,0.75
baseline_3f,17,cusum_fgo,follower,all,1755,1755.0,0,0,0,0,0.0,0.0,0,0,0,0.0,0.0,E1,h7_k0p75,7.0,0.75
baseline_3f,18,cusum_fgo,leader,all,5044,5044.0,0,0,31,31,0.006145915939730373,0.0,0,31,31,0.006145915939730373,0.0,E1,h7_k0p75,7.0,0.75
baseline_3f,18,cusum_fgo,follower,all,1755,1755.0,0,0,0,0,0.0,0.0,0,0,0,0.0,0.0,E1,h7_k0p75,7.0,0.75
baseline_3f,19,cusum_fgo,leader,all,5044,5044.0,0,0,26,26,0.005154639175257732,0.0,0,26,26,0.005154639175257732,0.0,E1,h7_k0p75,7.0,0.75
baseline_3f,19,cusum_fgo,follower,all,1755,1755.0,0,0,0,0,0.0,0.0,0,0,0,0.0,0.0,E1,h7_k0p75,7.0,0.75
baseline_3f,20,cusum_fgo,leader,all,5044,5044.0,0,0,26,26,0.005154639175257732,0.0,0,26,26,0.005154639175257732,0.0,E1,h7_k0p75,7.0,0.75
baseline_3f,20,cusum_fgo,follower,all,1755,1755.0,0,0,0,0,0.0,0.0,0,0,0,0.0,0.0,E1,h7_k0p75,7.0,0.75
baseline_3f,21,cusum_fgo,leader,all,5044,5044.0,0,0,300,300,0.05947660586835844,0.0,2,265,133,0.05253766851704996,1.4274385408406025,E1,h7_k0p75,7.0,0.75
baseline_3f,21,cusum_fgo,follower,all,1755,1755.0,0,0,0,0,0.0,0.0,0,0,0,0.0,0.0,E1,h7_k0p75,7.0,0.75
baseline_3f,22,cusum_fgo,leader,all,5044,5044.0,0,0,298,298,0.05908009516256939,0.0,2,268,131,0.05313243457573354,1.4274385408406025,E1,h7_k0p75,7.0,0.75
baseline_3f,22,cusum_fgo,follower,all,1755,1755.0,0,0,0,0,0.0,0.0,0,0,0,0.0,0.0,E1,h7_k0p75,7.0,0.75
baseline_3f,23,cusum_fgo,leader,all,5044,5044.0,0,0,29,29,0.005749405233941317,0.0,0,29,29,0.005749405233941317,0.0,E1,h7_k0p75,7.0,0.75
baseline_3f,23,cusum_fgo,follower,all,1755,1755.0,0,0,0,0,0.0,0.0,0,0,0,0.0,0.0,E1,h7_k0p75,7.0,0.75
baseline_3f,24,cusum_fgo,leader,all,5044,5044.0,0,0,26,26,0.005154639175257732,0.0,0,26,26,0.005154639175257732,0.0,E1,h7_k0p75,7.0,0.75
baseline_3f,24,cusum_fgo,follower,all,1755,1755.0,0,0,0,0,0.0,0.0,0,0,0,0.0,0.0,E1,h7_k0p75,7.0,0.75
baseline_3f,25,cusum_fgo,leader,all,5044,5044.0,0,0,26,26,0.005154639175257732,0.0,0,26,26,0.005154639175257732,0.0,E1,h7_k0p75,7.0,0.75
baseline_3f,25,cusum_fgo,follower,all,1755,1755.0,0,0,0,0,0.0,0.0,0,0,0,0.0,0.0,E1,h7_k0p75,7.0,0.75
baseline_3f,26,cusum_fgo,leader,all,5044,5044.0,0,0,26,26,0.005154639175257732,0.0,0,26,26,0.005154639175257732,0.0,E1,h7_k0p75,7.0,0.75
baseline_3f,26,cusum_fgo,follower,all,1755,1755.0,0,0,0,0,0.0,0.0,0,0,0,0.0,0.0,E1,h7_k0p75,7.0,0.75
baseline_3f,27,cusum_fgo,leader,all,5044,5044.0,0,0,462,462,0.091593973037272,0.0,2,431,225,0.08544805709754164,1.4274385408406025,E1,h7_k0p75,7.0,0.75
baseline_3f,27,cusum_fgo,follower,all,1755,1755.0,0,0,0,0,0.0,0.0,0,0,0,0.0,0.0,E1,h7_k0p75,7.0,0.75
baseline_3f,28,cusum_fgo,leader,all,5044,5044.0,0,0,29,29,0.005749405233941317,0.0,0,29,29,0.005749405233941317,0.0,E1,h7_k0p75,7.0,0.75
baseline_3f,28,cusum_fgo,follower,all,1755,1755.0,0,0,0,0,0.0,0.0,0,0,0,0.0,0.0,E1,h7_k0p75,7.0,0.75
baseline_3f,29,cusum_fgo,leader,all,5044,5044.0,0,0,26,26,0.005154639175257732,0.0,0,26,26,0.005154639175257732,0.0,E1,h7_k0p75,7.0,0.75
baseline_3f,29,cusum_fgo,follower,all,1755,1755.0,0,0,0,0,0.0,0.0,0,0,0,0.0,0.0,E1,h7_k0p75,7.0,0.75
baseline_3f,30,cusum_fgo,leader,all,5044,5044.0,0,0,64,64,0.012688342585249802,0.0,0,64,64,0.012688342585249802,0.0,E1,h7_k0p75,7.0,0.75
baseline_3f,30,cusum_fgo,follower,all,1755,1755.0,0,0,0,0,0.0,0.0,0,0,0,0.0,0.0,E1,h7_k0p75,7.0,0.75
baseline_3f,31,cusum_fgo,leader,all,5044,5044.0,0,0,29,29,0.005749405233941317,0.0,0,29,29,0.005749405233941317,0.0,E1,h7_k0p75,7.0,0.75
baseline_3f,31,cusum_fgo,follower,all,1755,1755.0,0,0,0,0,0.0,0.0,0,0,0,0.0,0.0,E1,h7_k0p75,7.0,0.75
baseline_3f,32,cusum_fgo,leader,all,5044,5044.0,0,0,177,177,0.03509119746233148,0.0,1,159,113,0.031522601110229975,0.7137192704203013,E1,h7_k0p75,7.0,0.75
baseline_3f,32,cusum_fgo,follower,all,1755,1755.0,0,0,0,0,0.0,0.0,0,0,0,0.0,0.0,E1,h7_k0p75,7.0,0.75
baseline_3f,33,cusum_fgo,leader,all,5044,5044.0,0,0,387,387,0.0767248215701824,0.0,2,354,156,0.07018239492466297,1.4274385408406025,E1,h7_k0p75,7.0,0.75
baseline_3f,33,cusum_fgo,follower,all,1755,1755.0,0,0,0,0,0.0,0.0,0,0,0,0.0,0.0,E1,h7_k0p75,7.0,0.75
baseline_3f,34,cusum_fgo,leader,all,5044,5044.0,0,0,362,362,0.07176843774781919,0.0,2,330,128,0.0654242664551943,1.4274385408406025,E1,h7_k0p75,7.0,0.75
baseline_3f,34,cusum_fgo,follower,all,1755,1755.0,0,0,0,0,0.0,0.0,0,0,0,0.0,0.0,E1,h7_k0p75,7.0,0.75
baseline_3f,35,cusum_fgo,leader,all,5044,5044.0,0,0,26,26,0.005154639175257732,0.0,0,26,26,0.005154639175257732,0.0,E1,h7_k0p75,7.0,0.75
baseline_3f,35,cusum_fgo,follower,all,1755,1755.0,0,0,0,0,0.0,0.0,0,0,0,0.0,0.0,E1,h7_k0p75,7.0,0.75
baseline_3f,36,cusum_fgo,leader,all,5044,5044.0,0,0,26,26,0.005154639175257732,0.0,0,26,26,0.005154639175257732,0.0,E1,h7_k0p75,7.0,0.75
baseline_3f,36,cusum_fgo,follower,all,1755,1755.0,0,0,0,0,0.0,0.0,0,0,0,0.0,0.0,E1,h7_k0p75,7.0,0.75
baseline_3f,37,cusum_fgo,leader,all,5044,5044.0,0,0,325,325,0.06443298969072164,0.0,2,292,92,0.05789056304520222,1.4274385408406025,E1,h7_k0p75,7.0,0.75
baseline_3f,37,cusum_fgo,follower,all,1755,1755.0,0,0,0,0,0.0,0.0,0,0,0,0.0,0.0,E1,h7_k0p75,7.0,0.75
baseline_3f,38,cusum_fgo,leader,all,5044,5044.0,0,0,104,104,0.020618556701030927,0.0,0,104,104,0.020618556701030927,0.0,E1,h7_k0p75,7.0,0.75
baseline_3f,38,cusum_fgo,follower,all,1755,1755.0,0,0,0,0,0.0,0.0,0,0,0,0.0,0.0,E1,h7_k0p75,7.0,0.75
baseline_3f,39,cusum_fgo,leader,all,5044,5044.0,0,0,26,26,0.005154639175257732,0.0,0,26,26,0.005154639175257732,0.0,E1,h7_k0p75,7.0,0.75
baseline_3f,39,cusum_fgo,follower,all,1755,1755.0,0,0,0,0,0.0,0.0,0,0,0,0.0,0.0,E1,h7_k0p75,7.0,0.75
baseline_3f,40,cusum_fgo,leader,all,5044,5044.0,0,1,510,362,0.10111022997620936,0.7137192704203013,3,425,130,0.08425852498017447,2.141157811260904,E1,h7_k0p75,7.0,0.75
baseline_3f,40,cusum_fgo,follower,all,1755,1755.0,0,0,0,0,0.0,0.0,0,0,0,0.0,0.0,E1,h7_k0p75,7.0,0.75
baseline_3f,41,cusum_fgo,leader,all,5044,5044.0,0,0,138,138,0.027359238699444885,0.0,1,122,115,0.024187153053132435,0.7137192704203013,E1,h7_k0p75,7.0,0.75
baseline_3f,41,cusum_fgo,follower,all,1755,1755.0,0,0,0,0,0.0,0.0,0,0,0,0.0,0.0,E1,h7_k0p75,7.0,0.75
baseline_3f,42,cusum_fgo,leader,all,5044,5044.0,0,0,78,78,0.015463917525773196,0.0,0,78,78,0.015463917525773196,0.0,E1,h7_k0p75,7.0,0.75
baseline_3f,42,cusum_fgo,follower,all,1755,1755.0,0,0,0,0,0.0,0.0,0,0,0,0.0,0.0,E1,h7_k0p75,7.0,0.75
baseline_3f,43,cusum_fgo,leader,all,5044,5044.0,0,0,26,26,0.005154639175257732,0.0,0,26,26,0.005154639175257732,0.0,E1,h7_k0p75,7.0,0.75
baseline_3f,43,cusum_fgo,follower,all,1755,1755.0,0,0,0,0,0.0,0.0,0,0,0,0.0,0.0,E1,h7_k0p75,7.0,0.75
baseline_3f,44,cusum_fgo,leader,all,5044,5044.0,0,0,79,79,0.015662172878667724,0.0,0,79,79,0.015662172878667724,0.0,E1,h7_k0p75,7.0,0.75
baseline_3f,44,cusum_fgo,follower,all,1755,1755.0,0,0,0,0,0.0,0.0,0,0,0,0.0,0.0,E1,h7_k0p75,7.0,0.75
baseline_3f,45,cusum_fgo,leader,all,5044,5044.0,0,0,26,26,0.005154639175257732,0.0,0,26,26,0.005154639175257732,0.0,E1,h7_k0p75,7.0,0.75
baseline_3f,45,cusum_fgo,follower,all,1755,1755.0,0,0,0,0,0.0,0.0,0,0,0,0.0,0.0,E1,h7_k0p75,7.0,0.75
baseline_3f,46,cusum_fgo,leader,all,5044,5044.0,0,0,32,32,0.006344171292624901,0.0,0,32,32,0.006344171292624901,0.0,E1,h7_k0p75,7.0,0.75
baseline_3f,46,cusum_fgo,follower,all,1755,1755.0,0,0,0,0,0.0,0.0,0,0,0,0.0,0.0,E1,h7_k0p75,7.0,0.75
baseline_3f,47,cusum_fgo,leader,all,5044,5044.0,0,0,28,28,0.0055511498810467885,0.0,0,28,28,0.0055511498810467885,0.0,E1,h7_k0p75,7.0,0.75
baseline_3f,47,cusum_fgo,follower,all,1755,1755.0,0,0,0,0,0.0,0.0,0,0,0,0.0,0.0,E1,h7_k0p75,7.0,0.75
baseline_3f,48,cusum_fgo,leader,all,5044,5044.0,0,0,26,26,0.005154639175257732,0.0,0,26,26,0.005154639175257732,0.0,E1,h7_k0p75,7.0,0.75
baseline_3f,48,cusum_fgo,follower,all,1755,1755.0,0,0,0,0,0.0,0.0,0,0,0,0.0,0.0,E1,h7_k0p75,7.0,0.75
baseline_3f,49,cusum_fgo,leader,all,5044,5044.0,0,0,28,28,0.0055511498810467885,0.0,0,28,28,0.0055511498810467885,0.0,E1,h7_k0p75,7.0,0.75
baseline_3f,49,cusum_fgo,follower,all,1755,1755.0,0,0,0,0,0.0,0.0,0,0,0,0.0,0.0,E1,h7_k0p75,7.0,0.75
baseline_3f,50,cusum_fgo,leader,all,5044,5044.0,0,0,29,29,0.005749405233941317,0.0,0,29,29,0.005749405233941317,0.0,E1,h7_k0p75,7.0,0.75
baseline_3f,50,cusum_fgo,follower,all,1755,1755.0,0,0,0,0,0.0,0.0,0,0,0,0.0,0.0,E1,h7_k0p75,7.0,0.75
healthy_maneuver,1,cusum_fgo,leader,all,5265,5265.0,0,0,0,0,0.0,0.0,0,0,0,0.0,0.0,E1,h7_k0p75,7.0,0.75
healthy_maneuver,1,cusum_fgo,leader,pre,2196,2196.0,0,0,0,0,0.0,0.0,0,0,0,0.0,0.0,E1,h7_k0p75,7.0,0.75
healthy_maneuver,1,cusum_fgo,leader,maneuver,1809,1809.0,0,0,0,0,0.0,0.0,0,0,0,0.0,0.0,E1,h7_k0p75,7.0,0.75
healthy_maneuver,1,cusum_fgo,leader,post,1260,1260.0,0,0,0,0,0.0,0.0,0,0,0,0.0,0.0,E1,h7_k0p75,7.0,0.75
healthy_maneuver,1,cusum_fgo,follower,all,1755,1755.0,0,0,0,0,0.0,0.0,0,0,0,0.0,0.0,E1,h7_k0p75,7.0,0.75
healthy_maneuver,1,cusum_fgo,follower,pre,732,732.0,0,0,0,0,0.0,0.0,0,0,0,0.0,0.0,E1,h7_k0p75,7.0,0.75
healthy_maneuver,1,cusum_fgo,follower,maneuver,603,603.0,0,0,0,0,0.0,0.0,0,0,0,0.0,0.0,E1,h7_k0p75,7.0,0.75
healthy_maneuver,1,cusum_fgo,follower,post,420,420.0,0,0,0,0,0.0,0.0,0,0,0,0.0,0.0,E1,h7_k0p75,7.0,0.75
healthy_maneuver,2,cusum_fgo,leader,all,5265,5265.0,0,0,0,0,0.0,0.0,0,0,0,0.0,0.0,E1,h7_k0p75,7.0,0.75
healthy_maneuver,2,cusum_fgo,leader,pre,2196,2196.0,0,0,0,0,0.0,0.0,0,0,0,0.0,0.0,E1,h7_k0p75,7.0,0.75
healthy_maneuver,2,cusum_fgo,leader,maneuver,1809,1809.0,0,0,0,0,0.0,0.0,0,0,0,0.0,0.0,E1,h7_k0p75,7.0,0.75
healthy_maneuver,2,cusum_fgo,leader,post,1260,1260.0,0,0,0,0,0.0,0.0,0,0,0,0.0,0.0,E1,h7_k0p75,7.0,0.75
healthy_maneuver,2,cusum_fgo,follower,all,1755,1755.0,0,0,0,0,0.0,0.0,0,0,0,0.0,0.0,E1,h7_k0p75,7.0,0.75
healthy_maneuver,2,cusum_fgo,follower,pre,732,732.0,0,0,0,0,0.0,0.0,0,0,0,0.0,0.0,E1,h7_k0p75,7.0,0.75
healthy_maneuver,2,cusum_fgo,follower,maneuver,603,603.0,0,0,0,0,0.0,0.0,0,0,0,0.0,0.0,E1,h7_k0p75,7.0,0.75
healthy_maneuver,2,cusum_fgo,follower,post,420,420.0,0,0,0,0,0.0,0.0,0,0,0,0.0,0.0,E1,h7_k0p75,7.0,0.75
healthy_maneuver,3,cusum_fgo,leader,all,5265,5265.0,0,0,0,0,0.0,0.0,0,0,0,0.0,0.0,E1,h7_k0p75,7.0,0.75
healthy_maneuver,3,cusum_fgo,leader,pre,2196,2196.0,0,0,0,0,0.0,0.0,0,0,0,0.0,0.0,E1,h7_k0p75,7.0,0.75
healthy_maneuver,3,cusum_fgo,leader,maneuver,1809,1809.0,0,0,0,0,0.0,0.0,0,0,0,0.0,0.0,E1,h7_k0p75,7.0,0.75
healthy_maneuver,3,cusum_fgo,leader,post,1260,1260.0,0,0,0,0,0.0,0.0,0,0,0,0.0,0.0,E1,h7_k0p75,7.0,0.75
healthy_maneuver,3,cusum_fgo,follower,all,1755,1755.0,0,1,102,0,0.05811965811965812,2.0512820512820515,0,0,0,0.0,0.0,E1,h7_k0p75,7.0,0.75
healthy_maneuver,3,cusum_fgo,follower,pre,732,732.0,0,0,0,0,0.0,0.0,0,0,0,0.0,0.0,E1,h7_k0p75,7.0,0.75
healthy_maneuver,3,cusum_fgo,follower,maneuver,603,603.0,0,1,102,0,0.1691542288557214,5.970149253731343,0,0,0,0.0,0.0,E1,h7_k0p75,7.0,0.75
healthy_maneuver,3,cusum_fgo,follower,post,420,420.0,0,0,0,0,0.0,0.0,0,0,0,0.0,0.0,E1,h7_k0p75,7.0,0.75
healthy_maneuver,4,cusum_fgo,leader,all,5265,5265.0,0,0,0,0,0.0,0.0,0,0,0,0.0,0.0,E1,h7_k0p75,7.0,0.75
healthy_maneuver,4,cusum_fgo,leader,pre,2196,2196.0,0,0,0,0,0.0,0.0,0,0,0,0.0,0.0,E1,h7_k0p75,7.0,0.75
healthy_maneuver,4,cusum_fgo,leader,maneuver,1809,1809.0,0,0,0,0,0.0,0.0,0,0,0,0.0,0.0,E1,h7_k0p75,7.0,0.75
healthy_maneuver,4,cusum_fgo,leader,post,1260,1260.0,0,0,0,0,0.0,0.0,0,0,0,0.0,0.0,E1,h7_k0p75,7.0,0.75
healthy_maneuver,4,cusum_fgo,follower,all,1755,1755.0,0,1,167,0,0.09515669515669516,2.0512820512820515,0,0,0,0.0,0.0,E1,h7_k0p75,7.0,0.75
healthy_maneuver,4,cusum_fgo,follower,pre,732,732.0,0,0,0,0,0.0,0.0,0,0,0,0.0,0.0,E1,h7_k0p75,7.0,0.75
healthy_maneuver,4,cusum_fgo,follower,maneuver,603,603.0,0,1,27,0,0.04477611940298507,5.970149253731343,0,0,0,0.0,0.0,E1,h7_k0p75,7.0,0.75
healthy_maneuver,4,cusum_fgo,follower,post,420,420.0,0,0,140,0,0.3333333333333333,0.0,0,0,0,0.0,0.0,E1,h7_k0p75,7.0,0.75
healthy_maneuver,5,cusum_fgo,leader,all,5265,5265.0,0,0,0,0,0.0,0.0,0,0,0,0.0,0.0,E1,h7_k0p75,7.0,0.75
healthy_maneuver,5,cusum_fgo,leader,pre,2196,2196.0,0,0,0,0,0.0,0.0,0,0,0,0.0,0.0,E1,h7_k0p75,7.0,0.75
healthy_maneuver,5,cusum_fgo,leader,maneuver,1809,1809.0,0,0,0,0,0.0,0.0,0,0,0,0.0,0.0,E1,h7_k0p75,7.0,0.75
healthy_maneuver,5,cusum_fgo,leader,post,1260,1260.0,0,0,0,0,0.0,0.0,0,0,0,0.0,0.0,E1,h7_k0p75,7.0,0.75
healthy_maneuver,5,cusum_fgo,follower,all,1755,1755.0,0,2,272,0,0.15498575498575498,4.102564102564103,0,0,0,0.0,0.0,E1,h7_k0p75,7.0,0.75
healthy_maneuver,5,cusum_fgo,follower,pre,732,732.0,0,0,0,0,0.0,0.0,0,0,0,0.0,0.0,E1,h7_k0p75,7.0,0.75
healthy_maneuver,5,cusum_fgo,follower,maneuver,603,603.0,0,2,132,0,0.21890547263681592,11.940298507462686,0,0,0,0.0,0.0,E1,h7_k0p75,7.0,0.75
healthy_maneuver,5,cusum_fgo,follower,post,420,420.0,0,0,140,0,0.3333333333333333,0.0,0,0,0,0.0,0.0,E1,h7_k0p75,7.0,0.75
healthy_maneuver,6,cusum_fgo,leader,all,5265,5265.0,0,0,0,0,0.0,0.0,0,0,0,0.0,0.0,E1,h7_k0p75,7.0,0.75
healthy_maneuver,6,cusum_fgo,leader,pre,2196,2196.0,0,0,0,0,0.0,0.0,0,0,0,0.0,0.0,E1,h7_k0p75,7.0,0.75
healthy_maneuver,6,cusum_fgo,leader,maneuver,1809,1809.0,0,0,0,0,0.0,0.0,0,0,0,0.0,0.0,E1,h7_k0p75,7.0,0.75
healthy_maneuver,6,cusum_fgo,leader,post,1260,1260.0,0,0,0,0,0.0,0.0,0,0,0,0.0,0.0,E1,h7_k0p75,7.0,0.75
healthy_maneuver,6,cusum_fgo,follower,all,1755,1755.0,0,0,0,0,0.0,0.0,0,0,0,0.0,0.0,E1,h7_k0p75,7.0,0.75
healthy_maneuver,6,cusum_fgo,follower,pre,732,732.0,0,0,0,0,0.0,0.0,0,0,0,0.0,0.0,E1,h7_k0p75,7.0,0.75
healthy_maneuver,6,cusum_fgo,follower,maneuver,603,603.0,0,0,0,0,0.0,0.0,0,0,0,0.0,0.0,E1,h7_k0p75,7.0,0.75
healthy_maneuver,6,cusum_fgo,follower,post,420,420.0,0,0,0,0,0.0,0.0,0,0,0,0.0,0.0,E1,h7_k0p75,7.0,0.75
healthy_maneuver,7,cusum_fgo,leader,all,5265,5265.0,0,0,0,0,0.0,0.0,0,0,0,0.0,0.0,E1,h7_k0p75,7.0,0.75
healthy_maneuver,7,cusum_fgo,leader,pre,2196,2196.0,0,0,0,0,0.0,0.0,0,0,0,0.0,0.0,E1,h7_k0p75,7.0,0.75
healthy_maneuver,7,cusum_fgo,leader,maneuver,1809,1809.0,0,0,0,0,0.0,0.0,0,0,0,0.0,0.0,E1,h7_k0p75,7.0,0.75
healthy_maneuver,7,cusum_fgo,leader,post,1260,1260.0,0,0,0,0,0.0,0.0,0,0,0,0.0,0.0,E1,h7_k0p75,7.0,0.75
healthy_maneuver,7,cusum_fgo,follower,all,1755,1755.0,0,0,0,0,0.0,0.0,0,0,0,0.0,0.0,E1,h7_k0p75,7.0,0.75
healthy_maneuver,7,cusum_fgo,follower,pre,732,732.0,0,0,0,0,0.0,0.0,0,0,0,0.0,0.0,E1,h7_k0p75,7.0,0.75
healthy_maneuver,7,cusum_fgo,follower,maneuver,603,603.0,0,0,0,0,0.0,0.0,0,0,0,0.0,0.0,E1,h7_k0p75,7.0,0.75
healthy_maneuver,7,cusum_fgo,follower,post,420,420.0,0,0,0,0,0.0,0.0,0,0,0,0.0,0.0,E1,h7_k0p75,7.0,0.75
healthy_maneuver,8,cusum_fgo,leader,all,5265,5265.0,0,0,0,0,0.0,0.0,0,0,0,0.0,0.0,E1,h7_k0p75,7.0,0.75
healthy_maneuver,8,cusum_fgo,leader,pre,2196,2196.0,0,0,0,0,0.0,0.0,0,0,0,0.0,0.0,E1,h7_k0p75,7.0,0.75
healthy_maneuver,8,cusum_fgo,leader,maneuver,1809,1809.0,0,0,0,0,0.0,0.0,0,0,0,0.0,0.0,E1,h7_k0p75,7.0,0.75
healthy_maneuver,8,cusum_fgo,leader,post,1260,1260.0,0,0,0,0,0.0,0.0,0,0,0,0.0,0.0,E1,h7_k0p75,7.0,0.75
healthy_maneuver,8,cusum_fgo,follower,all,1755,1755.0,0,0,0,0,0.0,0.0,0,0,0,0.0,0.0,E1,h7_k0p75,7.0,0.75
healthy_maneuver,8,cusum_fgo,follower,pre,732,732.0,0,0,0,0,0.0,0.0,0,0,0,0.0,0.0,E1,h7_k0p75,7.0,0.75
healthy_maneuver,8,cusum_fgo,follower,maneuver,603,603.0,0,0,0,0,0.0,0.0,0,0,0,0.0,0.0,E1,h7_k0p75,7.0,0.75
healthy_maneuver,8,cusum_fgo,follower,post,420,420.0,0,0,0,0,0.0,0.0,0,0,0,0.0,0.0,E1,h7_k0p75,7.0,0.75
healthy_maneuver,9,cusum_fgo,leader,all,5265,5265.0,0,0,0,0,0.0,0.0,0,0,0,0.0,0.0,E1,h7_k0p75,7.0,0.75
healthy_maneuver,9,cusum_fgo,leader,pre,2196,2196.0,0,0,0,0,0.0,0.0,0,0,0,0.0,0.0,E1,h7_k0p75,7.0,0.75
healthy_maneuver,9,cusum_fgo,leader,maneuver,1809,1809.0,0,0,0,0,0.0,0.0,0,0,0,0.0,0.0,E1,h7_k0p75,7.0,0.75
healthy_maneuver,9,cusum_fgo,leader,post,1260,1260.0,0,0,0,0,0.0,0.0,0,0,0,0.0,0.0,E1,h7_k0p75,7.0,0.75
healthy_maneuver,9,cusum_fgo,follower,all,1755,1755.0,0,1,105,0,0.05982905982905983,2.0512820512820515,0,0,0,0.0,0.0,E1,h7_k0p75,7.0,0.75
healthy_maneuver,9,cusum_fgo,follower,pre,732,732.0,0,0,0,0,0.0,0.0,0,0,0,0.0,0.0,E1,h7_k0p75,7.0,0.75
healthy_maneuver,9,cusum_fgo,follower,maneuver,603,603.0,0,1,105,0,0.17412935323383086,5.970149253731343,0,0,0,0.0,0.0,E1,h7_k0p75,7.0,0.75
healthy_maneuver,9,cusum_fgo,follower,post,420,420.0,0,0,0,0,0.0,0.0,0,0,0,0.0,0.0,E1,h7_k0p75,7.0,0.75
healthy_maneuver,10,cusum_fgo,leader,all,5265,5265.0,0,0,0,0,0.0,0.0,0,0,0,0.0,0.0,E1,h7_k0p75,7.0,0.75
healthy_maneuver,10,cusum_fgo,leader,pre,2196,2196.0,0,0,0,0,0.0,0.0,0,0,0,0.0,0.0,E1,h7_k0p75,7.0,0.75
healthy_maneuver,10,cusum_fgo,leader,maneuver,1809,1809.0,0,0,0,0,0.0,0.0,0,0,0,0.0,0.0,E1,h7_k0p75,7.0,0.75
healthy_maneuver,10,cusum_fgo,leader,post,1260,1260.0,0,0,0,0,0.0,0.0,0,0,0,0.0,0.0,E1,h7_k0p75,7.0,0.75
healthy_maneuver,10,cusum_fgo,follower,all,1755,1755.0,0,1,116,0,0.0660968660968661,2.0512820512820515,0,0,0,0.0,0.0,E1,h7_k0p75,7.0,0.75
healthy_maneuver,10,cusum_fgo,follower,pre,732,732.0,0,0,0,0,0.0,0.0,0,0,0,0.0,0.0,E1,h7_k0p75,7.0,0.75
healthy_maneuver,10,cusum_fgo,follower,maneuver,603,603.0,0,1,116,0,0.19237147595356552,5.970149253731343,0,0,0,0.0,0.0,E1,h7_k0p75,7.0,0.75
healthy_maneuver,10,cusum_fgo,follower,post,420,420.0,0,0,0,0,0.0,0.0,0,0,0,0.0,0.0,E1,h7_k0p75,7.0,0.75
healthy_maneuver,11,cusum_fgo,leader,all,5265,5265.0,0,0,0,0,0.0,0.0,0,0,0,0.0,0.0,E1,h7_k0p75,7.0,0.75
healthy_maneuver,11,cusum_fgo,leader,pre,2196,2196.0,0,0,0,0,0.0,0.0,0,0,0,0.0,0.0,E1,h7_k0p75,7.0,0.75
healthy_maneuver,11,cusum_fgo,leader,maneuver,1809,1809.0,0,0,0,0,0.0,0.0,0,0,0,0.0,0.0,E1,h7_k0p75,7.0,0.75
healthy_maneuver,11,cusum_fgo,leader,post,1260,1260.0,0,0,0,0,0.0,0.0,0,0,0,0.0,0.0,E1,h7_k0p75,7.0,0.75
healthy_maneuver,11,cusum_fgo,follower,all,1755,1755.0,0,1,99,0,0.05641025641025641,2.0512820512820515,0,0,0,0.0,0.0,E1,h7_k0p75,7.0,0.75
healthy_maneuver,11,cusum_fgo,follower,pre,732,732.0,0,0,0,0,0.0,0.0,0,0,0,0.0,0.0,E1,h7_k0p75,7.0,0.75
healthy_maneuver,11,cusum_fgo,follower,maneuver,603,603.0,0,1,99,0,0.16417910447761194,5.970149253731343,0,0,0,0.0,0.0,E1,h7_k0p75,7.0,0.75
healthy_maneuver,11,cusum_fgo,follower,post,420,420.0,0,0,0,0,0.0,0.0,0,0,0,0.0,0.0,E1,h7_k0p75,7.0,0.75
healthy_maneuver,12,cusum_fgo,leader,all,5265,5265.0,0,0,0,0,0.0,0.0,0,0,0,0.0,0.0,E1,h7_k0p75,7.0,0.75
healthy_maneuver,12,cusum_fgo,leader,pre,2196,2196.0,0,0,0,0,0.0,0.0,0,0,0,0.0,0.0,E1,h7_k0p75,7.0,0.75
healthy_maneuver,12,cusum_fgo,leader,maneuver,1809,1809.0,0,0,0,0,0.0,0.0,0,0,0,0.0,0.0,E1,h7_k0p75,7.0,0.75
healthy_maneuver,12,cusum_fgo,leader,post,1260,1260.0,0,0,0,0,0.0,0.0,0,0,0,0.0,0.0,E1,h7_k0p75,7.0,0.75
healthy_maneuver,12,cusum_fgo,follower,all,1755,1755.0,0,1,71,0,0.040455840455840456,2.0512820512820515,0,0,0,0.0,0.0,E1,h7_k0p75,7.0,0.75
healthy_maneuver,12,cusum_fgo,follower,pre,732,732.0,0,0,0,0,0.0,0.0,0,0,0,0.0,0.0,E1,h7_k0p75,7.0,0.75
healthy_maneuver,12,cusum_fgo,follower,maneuver,603,603.0,0,1,71,0,0.11774461028192372,5.970149253731343,0,0,0,0.0,0.0,E1,h7_k0p75,7.0,0.75
healthy_maneuver,12,cusum_fgo,follower,post,420,420.0,0,0,0,0,0.0,0.0,0,0,0,0.0,0.0,E1,h7_k0p75,7.0,0.75
healthy_maneuver,13,cusum_fgo,leader,all,5265,5265.0,0,0,0,0,0.0,0.0,0,0,0,0.0,0.0,E1,h7_k0p75,7.0,0.75
healthy_maneuver,13,cusum_fgo,leader,pre,2196,2196.0,0,0,0,0,0.0,0.0,0,0,0,0.0,0.0,E1,h7_k0p75,7.0,0.75
healthy_maneuver,13,cusum_fgo,leader,maneuver,1809,1809.0,0,0,0,0,0.0,0.0,0,0,0,0.0,0.0,E1,h7_k0p75,7.0,0.75
healthy_maneuver,13,cusum_fgo,leader,post,1260,1260.0,0,0,0,0,0.0,0.0,0,0,0,0.0,0.0,E1,h7_k0p75,7.0,0.75
healthy_maneuver,13,cusum_fgo,follower,all,1755,1755.0,0,1,104,0,0.05925925925925926,2.0512820512820515,0,0,0,0.0,0.0,E1,h7_k0p75,7.0,0.75
healthy_maneuver,13,cusum_fgo,follower,pre,732,732.0,0,0,0,0,0.0,0.0,0,0,0,0.0,0.0,E1,h7_k0p75,7.0,0.75
healthy_maneuver,13,cusum_fgo,follower,maneuver,603,603.0,0,1,104,0,0.1724709784411277,5.970149253731343,0,0,0,0.0,0.0,E1,h7_k0p75,7.0,0.75
healthy_maneuver,13,cusum_fgo,follower,post,420,420.0,0,0,0,0,0.0,0.0,0,0,0,0.0,0.0,E1,h7_k0p75,7.0,0.75
healthy_maneuver,14,cusum_fgo,leader,all,5265,5265.0,0,0,0,0,0.0,0.0,0,0,0,0.0,0.0,E1,h7_k0p75,7.0,0.75
healthy_maneuver,14,cusum_fgo,leader,pre,2196,2196.0,0,0,0,0,0.0,0.0,0,0,0,0.0,0.0,E1,h7_k0p75,7.0,0.75
healthy_maneuver,14,cusum_fgo,leader,maneuver,1809,1809.0,0,0,0,0,0.0,0.0,0,0,0,0.0,0.0,E1,h7_k0p75,7.0,0.75
healthy_maneuver,14,cusum_fgo,leader,post,1260,1260.0,0,0,0,0,0.0,0.0,0,0,0,0.0,0.0,E1,h7_k0p75,7.0,0.75
healthy_maneuver,14,cusum_fgo,follower,all,1755,1755.0,0,1,171,0,0.09743589743589744,2.0512820512820515,0,0,0,0.0,0.0,E1,h7_k0p75,7.0,0.75
healthy_maneuver,14,cusum_fgo,follower,pre,732,732.0,0,0,0,0,0.0,0.0,0,0,0,0.0,0.0,E1,h7_k0p75,7.0,0.75
healthy_maneuver,14,cusum_fgo,follower,maneuver,603,603.0,0,1,31,0,0.05140961857379768,5.970149253731343,0,0,0,0.0,0.0,E1,h7_k0p75,7.0,0.75
healthy_maneuver,14,cusum_fgo,follower,post,420,420.0,0,0,140,0,0.3333333333333333,0.0,0,0,0,0.0,0.0,E1,h7_k0p75,7.0,0.75
healthy_maneuver,15,cusum_fgo,leader,all,5265,5265.0,0,0,0,0,0.0,0.0,0,0,0,0.0,0.0,E1,h7_k0p75,7.0,0.75
healthy_maneuver,15,cusum_fgo,leader,pre,2196,2196.0,0,0,0,0,0.0,0.0,0,0,0,0.0,0.0,E1,h7_k0p75,7.0,0.75
healthy_maneuver,15,cusum_fgo,leader,maneuver,1809,1809.0,0,0,0,0,0.0,0.0,0,0,0,0.0,0.0,E1,h7_k0p75,7.0,0.75
healthy_maneuver,15,cusum_fgo,leader,post,1260,1260.0,0,0,0,0,0.0,0.0,0,0,0,0.0,0.0,E1,h7_k0p75,7.0,0.75
healthy_maneuver,15,cusum_fgo,follower,all,1755,1755.0,0,0,0,0,0.0,0.0,0,0,0,0.0,0.0,E1,h7_k0p75,7.0,0.75
healthy_maneuver,15,cusum_fgo,follower,pre,732,732.0,0,0,0,0,0.0,0.0,0,0,0,0.0,0.0,E1,h7_k0p75,7.0,0.75
healthy_maneuver,15,cusum_fgo,follower,maneuver,603,603.0,0,0,0,0,0.0,0.0,0,0,0,0.0,0.0,E1,h7_k0p75,7.0,0.75
healthy_maneuver,15,cusum_fgo,follower,post,420,420.0,0,0,0,0,0.0,0.0,0,0,0,0.0,0.0,E1,h7_k0p75,7.0,0.75
healthy_maneuver,16,cusum_fgo,leader,all,5265,5265.0,0,0,0,0,0.0,0.0,0,0,0,0.0,0.0,E1,h7_k0p75,7.0,0.75
healthy_maneuver,16,cusum_fgo,leader,pre,2196,2196.0,0,0,0,0,0.0,0.0,0,0,0,0.0,0.0,E1,h7_k0p75,7.0,0.75
healthy_maneuver,16,cusum_fgo,leader,maneuver,1809,1809.0,0,0,0,0,0.0,0.0,0,0,0,0.0,0.0,E1,h7_k0p75,7.0,0.75
healthy_maneuver,16,cusum_fgo,leader,post,1260,1260.0,0,0,0,0,0.0,0.0,0,0,0,0.0,0.0,E1,h7_k0p75,7.0,0.75
healthy_maneuver,16,cusum_fgo,follower,all,1755,1755.0,0,1,101,0,0.05754985754985755,2.0512820512820515,0,0,0,0.0,0.0,E1,h7_k0p75,7.0,0.75
healthy_maneuver,16,cusum_fgo,follower,pre,732,732.0,0,0,0,0,0.0,0.0,0,0,0,0.0,0.0,E1,h7_k0p75,7.0,0.75
healthy_maneuver,16,cusum_fgo,follower,maneuver,603,603.0,0,1,101,0,0.16749585406301823,5.970149253731343,0,0,0,0.0,0.0,E1,h7_k0p75,7.0,0.75
healthy_maneuver,16,cusum_fgo,follower,post,420,420.0,0,0,0,0,0.0,0.0,0,0,0,0.0,0.0,E1,h7_k0p75,7.0,0.75
healthy_maneuver,17,cusum_fgo,leader,all,5265,5265.0,0,0,0,0,0.0,0.0,0,0,0,0.0,0.0,E1,h7_k0p75,7.0,0.75
healthy_maneuver,17,cusum_fgo,leader,pre,2196,2196.0,0,0,0,0,0.0,0.0,0,0,0,0.0,0.0,E1,h7_k0p75,7.0,0.75
healthy_maneuver,17,cusum_fgo,leader,maneuver,1809,1809.0,0,0,0,0,0.0,0.0,0,0,0,0.0,0.0,E1,h7_k0p75,7.0,0.75
healthy_maneuver,17,cusum_fgo,leader,post,1260,1260.0,0,0,0,0,0.0,0.0,0,0,0,0.0,0.0,E1,h7_k0p75,7.0,0.75
healthy_maneuver,17,cusum_fgo,follower,all,1755,1755.0,0,0,0,0,0.0,0.0,0,0,0,0.0,0.0,E1,h7_k0p75,7.0,0.75
healthy_maneuver,17,cusum_fgo,follower,pre,732,732.0,0,0,0,0,0.0,0.0,0,0,0,0.0,0.0,E1,h7_k0p75,7.0,0.75
healthy_maneuver,17,cusum_fgo,follower,maneuver,603,603.0,0,0,0,0,0.0,0.0,0,0,0,0.0,0.0,E1,h7_k0p75,7.0,0.75
healthy_maneuver,17,cusum_fgo,follower,post,420,420.0,0,0,0,0,0.0,0.0,0,0,0,0.0,0.0,E1,h7_k0p75,7.0,0.75
healthy_maneuver,18,cusum_fgo,leader,all,5265,5265.0,0,0,0,0,0.0,0.0,0,0,0,0.0,0.0,E1,h7_k0p75,7.0,0.75
healthy_maneuver,18,cusum_fgo,leader,pre,2196,2196.0,0,0,0,0,0.0,0.0,0,0,0,0.0,0.0,E1,h7_k0p75,7.0,0.75
healthy_maneuver,18,cusum_fgo,leader,maneuver,1809,1809.0,0,0,0,0,0.0,0.0,0,0,0,0.0,0.0,E1,h7_k0p75,7.0,0.75
healthy_maneuver,18,cusum_fgo,leader,post,1260,1260.0,0,0,0,0,0.0,0.0,0,0,0,0.0,0.0,E1,h7_k0p75,7.0,0.75
healthy_maneuver,18,cusum_fgo,follower,all,1755,1755.0,0,0,0,0,0.0,0.0,0,0,0,0.0,0.0,E1,h7_k0p75,7.0,0.75
healthy_maneuver,18,cusum_fgo,follower,pre,732,732.0,0,0,0,0,0.0,0.0,0,0,0,0.0,0.0,E1,h7_k0p75,7.0,0.75
healthy_maneuver,18,cusum_fgo,follower,maneuver,603,603.0,0,0,0,0,0.0,0.0,0,0,0,0.0,0.0,E1,h7_k0p75,7.0,0.75
healthy_maneuver,18,cusum_fgo,follower,post,420,420.0,0,0,0,0,0.0,0.0,0,0,0,0.0,0.0,E1,h7_k0p75,7.0,0.75
healthy_maneuver,19,cusum_fgo,leader,all,5265,5265.0,0,0,0,0,0.0,0.0,0,0,0,0.0,0.0,E1,h7_k0p75,7.0,0.75
healthy_maneuver,19,cusum_fgo,leader,pre,2196,2196.0,0,0,0,0,0.0,0.0,0,0,0,0.0,0.0,E1,h7_k0p75,7.0,0.75
healthy_maneuver,19,cusum_fgo,leader,maneuver,1809,1809.0,0,0,0,0,0.0,0.0,0,0,0,0.0,0.0,E1,h7_k0p75,7.0,0.75
healthy_maneuver,19,cusum_fgo,leader,post,1260,1260.0,0,0,0,0,0.0,0.0,0,0,0,0.0,0.0,E1,h7_k0p75,7.0,0.75
healthy_maneuver,19,cusum_fgo,follower,all,1755,1755.0,0,0,0,0,0.0,0.0,0,0,0,0.0,0.0,E1,h7_k0p75,7.0,0.75
healthy_maneuver,19,cusum_fgo,follower,pre,732,732.0,0,0,0,0,0.0,0.0,0,0,0,0.0,0.0,E1,h7_k0p75,7.0,0.75
healthy_maneuver,19,cusum_fgo,follower,maneuver,603,603.0,0,0,0,0,0.0,0.0,0,0,0,0.0,0.0,E1,h7_k0p75,7.0,0.75
healthy_maneuver,19,cusum_fgo,follower,post,420,420.0,0,0,0,0,0.0,0.0,0,0,0,0.0,0.0,E1,h7_k0p75,7.0,0.75
healthy_maneuver,20,cusum_fgo,leader,all,5265,5265.0,0,0,0,0,0.0,0.0,0,0,0,0.0,0.0,E1,h7_k0p75,7.0,0.75
healthy_maneuver,20,cusum_fgo,leader,pre,2196,2196.0,0,0,0,0,0.0,0.0,0,0,0,0.0,0.0,E1,h7_k0p75,7.0,0.75
healthy_maneuver,20,cusum_fgo,leader,maneuver,1809,1809.0,0,0,0,0,0.0,0.0,0,0,0,0.0,0.0,E1,h7_k0p75,7.0,0.75
healthy_maneuver,20,cusum_fgo,leader,post,1260,1260.0,0,0,0,0,0.0,0.0,0,0,0,0.0,0.0,E1,h7_k0p75,7.0,0.75
healthy_maneuver,20,cusum_fgo,follower,all,1755,1755.0,0,1,115,0,0.06552706552706553,2.0512820512820515,0,0,0,0.0,0.0,E1,h7_k0p75,7.0,0.75
healthy_maneuver,20,cusum_fgo,follower,pre,732,732.0,0,0,0,0,0.0,0.0,0,0,0,0.0,0.0,E1,h7_k0p75,7.0,0.75
healthy_maneuver,20,cusum_fgo,follower,maneuver,603,603.0,0,1,115,0,0.19071310116086235,5.970149253731343,0,0,0,0.0,0.0,E1,h7_k0p75,7.0,0.75
healthy_maneuver,20,cusum_fgo,follower,post,420,420.0,0,0,0,0,0.0,0.0,0,0,0,0.0,0.0,E1,h7_k0p75,7.0,0.75
healthy_maneuver,21,cusum_fgo,leader,all,5265,5265.0,0,0,0,0,0.0,0.0,0,0,0,0.0,0.0,E1,h7_k0p75,7.0,0.75
healthy_maneuver,21,cusum_fgo,leader,pre,2196,2196.0,0,0,0,0,0.0,0.0,0,0,0,0.0,0.0,E1,h7_k0p75,7.0,0.75
healthy_maneuver,21,cusum_fgo,leader,maneuver,1809,1809.0,0,0,0,0,0.0,0.0,0,0,0,0.0,0.0,E1,h7_k0p75,7.0,0.75
healthy_maneuver,21,cusum_fgo,leader,post,1260,1260.0,0,0,0,0,0.0,0.0,0,0,0,0.0,0.0,E1,h7_k0p75,7.0,0.75
healthy_maneuver,21,cusum_fgo,follower,all,1755,1755.0,0,1,140,0,0.07977207977207977,2.0512820512820515,0,0,0,0.0,0.0,E1,h7_k0p75,7.0,0.75
healthy_maneuver,21,cusum_fgo,follower,pre,732,732.0,0,0,0,0,0.0,0.0,0,0,0,0.0,0.0,E1,h7_k0p75,7.0,0.75
healthy_maneuver,21,cusum_fgo,follower,maneuver,603,603.0,0,1,136,0,0.22553897180762852,5.970149253731343,0,0,0,0.0,0.0,E1,h7_k0p75,7.0,0.75
healthy_maneuver,21,cusum_fgo,follower,post,420,420.0,0,0,4,0,0.009523809523809525,0.0,0,0,0,0.0,0.0,E1,h7_k0p75,7.0,0.75
healthy_maneuver,22,cusum_fgo,leader,all,5265,5265.0,0,0,0,0,0.0,0.0,0,0,0,0.0,0.0,E1,h7_k0p75,7.0,0.75
healthy_maneuver,22,cusum_fgo,leader,pre,2196,2196.0,0,0,0,0,0.0,0.0,0,0,0,0.0,0.0,E1,h7_k0p75,7.0,0.75
healthy_maneuver,22,cusum_fgo,leader,maneuver,1809,1809.0,0,0,0,0,0.0,0.0,0,0,0,0.0,0.0,E1,h7_k0p75,7.0,0.75
healthy_maneuver,22,cusum_fgo,leader,post,1260,1260.0,0,0,0,0,0.0,0.0,0,0,0,0.0,0.0,E1,h7_k0p75,7.0,0.75
healthy_maneuver,22,cusum_fgo,follower,all,1755,1755.0,0,1,273,0,0.15555555555555556,2.0512820512820515,0,0,0,0.0,0.0,E1,h7_k0p75,7.0,0.75
healthy_maneuver,22,cusum_fgo,follower,pre,732,732.0,0,0,0,0,0.0,0.0,0,0,0,0.0,0.0,E1,h7_k0p75,7.0,0.75
healthy_maneuver,22,cusum_fgo,follower,maneuver,603,603.0,0,1,133,0,0.22056384742951907,5.970149253731343,0,0,0,0.0,0.0,E1,h7_k0p75,7.0,0.75
healthy_maneuver,22,cusum_fgo,follower,post,420,420.0,0,0,140,0,0.3333333333333333,0.0,0,0,0,0.0,0.0,E1,h7_k0p75,7.0,0.75
healthy_maneuver,23,cusum_fgo,leader,all,5265,5265.0,0,0,0,0,0.0,0.0,0,0,0,0.0,0.0,E1,h7_k0p75,7.0,0.75
healthy_maneuver,23,cusum_fgo,leader,pre,2196,2196.0,0,0,0,0,0.0,0.0,0,0,0,0.0,0.0,E1,h7_k0p75,7.0,0.75
healthy_maneuver,23,cusum_fgo,leader,maneuver,1809,1809.0,0,0,0,0,0.0,0.0,0,0,0,0.0,0.0,E1,h7_k0p75,7.0,0.75
healthy_maneuver,23,cusum_fgo,leader,post,1260,1260.0,0,0,0,0,0.0,0.0,0,0,0,0.0,0.0,E1,h7_k0p75,7.0,0.75
healthy_maneuver,23,cusum_fgo,follower,all,1755,1755.0,0,0,0,0,0.0,0.0,0,0,0,0.0,0.0,E1,h7_k0p75,7.0,0.75
healthy_maneuver,23,cusum_fgo,follower,pre,732,732.0,0,0,0,0,0.0,0.0,0,0,0,0.0,0.0,E1,h7_k0p75,7.0,0.75
healthy_maneuver,23,cusum_fgo,follower,maneuver,603,603.0,0,0,0,0,0.0,0.0,0,0,0,0.0,0.0,E1,h7_k0p75,7.0,0.75
healthy_maneuver,23,cusum_fgo,follower,post,420,420.0,0,0,0,0,0.0,0.0,0,0,0,0.0,0.0,E1,h7_k0p75,7.0,0.75
healthy_maneuver,24,cusum_fgo,leader,all,5265,5265.0,0,0,0,0,0.0,0.0,0,0,0,0.0,0.0,E1,h7_k0p75,7.0,0.75
healthy_maneuver,24,cusum_fgo,leader,pre,2196,2196.0,0,0,0,0,0.0,0.0,0,0,0,0.0,0.0,E1,h7_k0p75,7.0,0.75
healthy_maneuver,24,cusum_fgo,leader,maneuver,1809,1809.0,0,0,0,0,0.0,0.0,0,0,0,0.0,0.0,E1,h7_k0p75,7.0,0.75
healthy_maneuver,24,cusum_fgo,leader,post,1260,1260.0,0,0,0,0,0.0,0.0,0,0,0,0.0,0.0,E1,h7_k0p75,7.0,0.75
healthy_maneuver,24,cusum_fgo,follower,all,1755,1755.0,0,0,0,0,0.0,0.0,0,0,0,0.0,0.0,E1,h7_k0p75,7.0,0.75
healthy_maneuver,24,cusum_fgo,follower,pre,732,732.0,0,0,0,0,0.0,0.0,0,0,0,0.0,0.0,E1,h7_k0p75,7.0,0.75
healthy_maneuver,24,cusum_fgo,follower,maneuver,603,603.0,0,0,0,0,0.0,0.0,0,0,0,0.0,0.0,E1,h7_k0p75,7.0,0.75
healthy_maneuver,24,cusum_fgo,follower,post,420,420.0,0,0,0,0,0.0,0.0,0,0,0,0.0,0.0,E1,h7_k0p75,7.0,0.75
healthy_maneuver,25,cusum_fgo,leader,all,5265,5265.0,0,0,0,0,0.0,0.0,0,0,0,0.0,0.0,E1,h7_k0p75,7.0,0.75
healthy_maneuver,25,cusum_fgo,leader,pre,2196,2196.0,0,0,0,0,0.0,0.0,0,0,0,0.0,0.0,E1,h7_k0p75,7.0,0.75
healthy_maneuver,25,cusum_fgo,leader,maneuver,1809,1809.0,0,0,0,0,0.0,0.0,0,0,0,0.0,0.0,E1,h7_k0p75,7.0,0.75
healthy_maneuver,25,cusum_fgo,leader,post,1260,1260.0,0,0,0,0,0.0,0.0,0,0,0,0.0,0.0,E1,h7_k0p75,7.0,0.75
healthy_maneuver,25,cusum_fgo,follower,all,1755,1755.0,0,0,0,0,0.0,0.0,0,0,0,0.0,0.0,E1,h7_k0p75,7.0,0.75
healthy_maneuver,25,cusum_fgo,follower,pre,732,732.0,0,0,0,0,0.0,0.0,0,0,0,0.0,0.0,E1,h7_k0p75,7.0,0.75
healthy_maneuver,25,cusum_fgo,follower,maneuver,603,603.0,0,0,0,0,0.0,0.0,0,0,0,0.0,0.0,E1,h7_k0p75,7.0,0.75
healthy_maneuver,25,cusum_fgo,follower,post,420,420.0,0,0,0,0,0.0,0.0,0,0,0,0.0,0.0,E1,h7_k0p75,7.0,0.75
healthy_maneuver,26,cusum_fgo,leader,all,5265,5265.0,0,0,0,0,0.0,0.0,0,0,0,0.0,0.0,E1,h7_k0p75,7.0,0.75
healthy_maneuver,26,cusum_fgo,leader,pre,2196,2196.0,0,0,0,0,0.0,0.0,0,0,0,0.0,0.0,E1,h7_k0p75,7.0,0.75
healthy_maneuver,26,cusum_fgo,leader,maneuver,1809,1809.0,0,0,0,0,0.0,0.0,0,0,0,0.0,0.0,E1,h7_k0p75,7.0,0.75
healthy_maneuver,26,cusum_fgo,leader,post,1260,1260.0,0,0,0,0,0.0,0.0,0,0,0,0.0,0.0,E1,h7_k0p75,7.0,0.75
healthy_maneuver,26,cusum_fgo,follower,all,1755,1755.0,0,1,268,0,0.1527065527065527,2.0512820512820515,0,0,0,0.0,0.0,E1,h7_k0p75,7.0,0.75
healthy_maneuver,26,cusum_fgo,follower,pre,732,732.0,0,0,0,0,0.0,0.0,0,0,0,0.0,0.0,E1,h7_k0p75,7.0,0.75
healthy_maneuver,26,cusum_fgo,follower,maneuver,603,603.0,0,1,128,0,0.21227197346600332,5.970149253731343,0,0,0,0.0,0.0,E1,h7_k0p75,7.0,0.75
healthy_maneuver,26,cusum_fgo,follower,post,420,420.0,0,0,140,0,0.3333333333333333,0.0,0,0,0,0.0,0.0,E1,h7_k0p75,7.0,0.75
healthy_maneuver,27,cusum_fgo,leader,all,5265,5265.0,0,0,0,0,0.0,0.0,0,0,0,0.0,0.0,E1,h7_k0p75,7.0,0.75
healthy_maneuver,27,cusum_fgo,leader,pre,2196,2196.0,0,0,0,0,0.0,0.0,0,0,0,0.0,0.0,E1,h7_k0p75,7.0,0.75
healthy_maneuver,27,cusum_fgo,leader,maneuver,1809,1809.0,0,0,0,0,0.0,0.0,0,0,0,0.0,0.0,E1,h7_k0p75,7.0,0.75
healthy_maneuver,27,cusum_fgo,leader,post,1260,1260.0,0,0,0,0,0.0,0.0,0,0,0,0.0,0.0,E1,h7_k0p75,7.0,0.75
healthy_maneuver,27,cusum_fgo,follower,all,1755,1755.0,0,1,112,0,0.06381766381766382,2.0512820512820515,0,0,0,0.0,0.0,E1,h7_k0p75,7.0,0.75
healthy_maneuver,27,cusum_fgo,follower,pre,732,732.0,0,0,0,0,0.0,0.0,0,0,0,0.0,0.0,E1,h7_k0p75,7.0,0.75
healthy_maneuver,27,cusum_fgo,follower,maneuver,603,603.0,0,1,112,0,0.1857379767827529,5.970149253731343,0,0,0,0.0,0.0,E1,h7_k0p75,7.0,0.75
healthy_maneuver,27,cusum_fgo,follower,post,420,420.0,0,0,0,0,0.0,0.0,0,0,0,0.0,0.0,E1,h7_k0p75,7.0,0.75
healthy_maneuver,28,cusum_fgo,leader,all,5265,5265.0,0,0,0,0,0.0,0.0,0,0,0,0.0,0.0,E1,h7_k0p75,7.0,0.75
healthy_maneuver,28,cusum_fgo,leader,pre,2196,2196.0,0,0,0,0,0.0,0.0,0,0,0,0.0,0.0,E1,h7_k0p75,7.0,0.75
healthy_maneuver,28,cusum_fgo,leader,maneuver,1809,1809.0,0,0,0,0,0.0,0.0,0,0,0,0.0,0.0,E1,h7_k0p75,7.0,0.75
healthy_maneuver,28,cusum_fgo,leader,post,1260,1260.0,0,0,0,0,0.0,0.0,0,0,0,0.0,0.0,E1,h7_k0p75,7.0,0.75
healthy_maneuver,28,cusum_fgo,follower,all,1755,1755.0,0,1,99,0,0.05641025641025641,2.0512820512820515,0,0,0,0.0,0.0,E1,h7_k0p75,7.0,0.75
healthy_maneuver,28,cusum_fgo,follower,pre,732,732.0,0,0,0,0,0.0,0.0,0,0,0,0.0,0.0,E1,h7_k0p75,7.0,0.75
healthy_maneuver,28,cusum_fgo,follower,maneuver,603,603.0,0,1,99,0,0.16417910447761194,5.970149253731343,0,0,0,0.0,0.0,E1,h7_k0p75,7.0,0.75
healthy_maneuver,28,cusum_fgo,follower,post,420,420.0,0,0,0,0,0.0,0.0,0,0,0,0.0,0.0,E1,h7_k0p75,7.0,0.75
healthy_maneuver,29,cusum_fgo,leader,all,5265,5265.0,0,0,0,0,0.0,0.0,0,0,0,0.0,0.0,E1,h7_k0p75,7.0,0.75
healthy_maneuver,29,cusum_fgo,leader,pre,2196,2196.0,0,0,0,0,0.0,0.0,0,0,0,0.0,0.0,E1,h7_k0p75,7.0,0.75
healthy_maneuver,29,cusum_fgo,leader,maneuver,1809,1809.0,0,0,0,0,0.0,0.0,0,0,0,0.0,0.0,E1,h7_k0p75,7.0,0.75
healthy_maneuver,29,cusum_fgo,leader,post,1260,1260.0,0,0,0,0,0.0,0.0,0,0,0,0.0,0.0,E1,h7_k0p75,7.0,0.75
healthy_maneuver,29,cusum_fgo,follower,all,1755,1755.0,0,1,81,0,0.046153846153846156,2.0512820512820515,0,0,0,0.0,0.0,E1,h7_k0p75,7.0,0.75
healthy_maneuver,29,cusum_fgo,follower,pre,732,732.0,0,0,0,0,0.0,0.0,0,0,0,0.0,0.0,E1,h7_k0p75,7.0,0.75
healthy_maneuver,29,cusum_fgo,follower,maneuver,603,603.0,0,1,81,0,0.13432835820895522,5.970149253731343,0,0,0,0.0,0.0,E1,h7_k0p75,7.0,0.75
healthy_maneuver,29,cusum_fgo,follower,post,420,420.0,0,0,0,0,0.0,0.0,0,0,0,0.0,0.0,E1,h7_k0p75,7.0,0.75
healthy_maneuver,30,cusum_fgo,leader,all,5265,5265.0,0,0,0,0,0.0,0.0,0,0,0,0.0,0.0,E1,h7_k0p75,7.0,0.75
healthy_maneuver,30,cusum_fgo,leader,pre,2196,2196.0,0,0,0,0,0.0,0.0,0,0,0,0.0,0.0,E1,h7_k0p75,7.0,0.75
healthy_maneuver,30,cusum_fgo,leader,maneuver,1809,1809.0,0,0,0,0,0.0,0.0,0,0,0,0.0,0.0,E1,h7_k0p75,7.0,0.75
healthy_maneuver,30,cusum_fgo,leader,post,1260,1260.0,0,0,0,0,0.0,0.0,0,0,0,0.0,0.0,E1,h7_k0p75,7.0,0.75
healthy_maneuver,30,cusum_fgo,follower,all,1755,1755.0,0,1,90,0,0.05128205128205128,2.0512820512820515,0,0,0,0.0,0.0,E1,h7_k0p75,7.0,0.75
healthy_maneuver,30,cusum_fgo,follower,pre,732,732.0,0,0,0,0,0.0,0.0,0,0,0,0.0,0.0,E1,h7_k0p75,7.0,0.75
healthy_maneuver,30,cusum_fgo,follower,maneuver,603,603.0,0,1,90,0,0.14925373134328357,5.970149253731343,0,0,0,0.0,0.0,E1,h7_k0p75,7.0,0.75
healthy_maneuver,30,cusum_fgo,follower,post,420,420.0,0,0,0,0,0.0,0.0,0,0,0,0.0,0.0,E1,h7_k0p75,7.0,0.75
healthy_maneuver,31,cusum_fgo,leader,all,5265,5265.0,0,0,0,0,0.0,0.0,0,0,0,0.0,0.0,E1,h7_k0p75,7.0,0.75
healthy_maneuver,31,cusum_fgo,leader,pre,2196,2196.0,0,0,0,0,0.0,0.0,0,0,0,0.0,0.0,E1,h7_k0p75,7.0,0.75
healthy_maneuver,31,cusum_fgo,leader,maneuver,1809,1809.0,0,0,0,0,0.0,0.0,0,0,0,0.0,0.0,E1,h7_k0p75,7.0,0.75
healthy_maneuver,31,cusum_fgo,leader,post,1260,1260.0,0,0,0,0,0.0,0.0,0,0,0,0.0,0.0,E1,h7_k0p75,7.0,0.75
healthy_maneuver,31,cusum_fgo,follower,all,1755,1755.0,0,0,0,0,0.0,0.0,0,0,0,0.0,0.0,E1,h7_k0p75,7.0,0.75
healthy_maneuver,31,cusum_fgo,follower,pre,732,732.0,0,0,0,0,0.0,0.0,0,0,0,0.0,0.0,E1,h7_k0p75,7.0,0.75
healthy_maneuver,31,cusum_fgo,follower,maneuver,603,603.0,0,0,0,0,0.0,0.0,0,0,0,0.0,0.0,E1,h7_k0p75,7.0,0.75
healthy_maneuver,31,cusum_fgo,follower,post,420,420.0,0,0,0,0,0.0,0.0,0,0,0,0.0,0.0,E1,h7_k0p75,7.0,0.75
healthy_maneuver,32,cusum_fgo,leader,all,5265,5265.0,0,0,0,0,0.0,0.0,0,0,0,0.0,0.0,E1,h7_k0p75,7.0,0.75
healthy_maneuver,32,cusum_fgo,leader,pre,2196,2196.0,0,0,0,0,0.0,0.0,0,0,0,0.0,0.0,E1,h7_k0p75,7.0,0.75
healthy_maneuver,32,cusum_fgo,leader,maneuver,1809,1809.0,0,0,0,0,0.0,0.0,0,0,0,0.0,0.0,E1,h7_k0p75,7.0,0.75
healthy_maneuver,32,cusum_fgo,leader,post,1260,1260.0,0,0,0,0,0.0,0.0,0,0,0,0.0,0.0,E1,h7_k0p75,7.0,0.75
healthy_maneuver,32,cusum_fgo,follower,all,1755,1755.0,0,1,273,0,0.15555555555555556,2.0512820512820515,0,0,0,0.0,0.0,E1,h7_k0p75,7.0,0.75
healthy_maneuver,32,cusum_fgo,follower,pre,732,732.0,0,0,0,0,0.0,0.0,0,0,0,0.0,0.0,E1,h7_k0p75,7.0,0.75
healthy_maneuver,32,cusum_fgo,follower,maneuver,603,603.0,0,1,133,0,0.22056384742951907,5.970149253731343,0,0,0,0.0,0.0,E1,h7_k0p75,7.0,0.75
healthy_maneuver,32,cusum_fgo,follower,post,420,420.0,0,0,140,0,0.3333333333333333,0.0,0,0,0,0.0,0.0,E1,h7_k0p75,7.0,0.75
healthy_maneuver,33,cusum_fgo,leader,all,5265,5265.0,0,0,0,0,0.0,0.0,0,0,0,0.0,0.0,E1,h7_k0p75,7.0,0.75
healthy_maneuver,33,cusum_fgo,leader,pre,2196,2196.0,0,0,0,0,0.0,0.0,0,0,0,0.0,0.0,E1,h7_k0p75,7.0,0.75
healthy_maneuver,33,cusum_fgo,leader,maneuver,1809,1809.0,0,0,0,0,0.0,0.0,0,0,0,0.0,0.0,E1,h7_k0p75,7.0,0.75
healthy_maneuver,33,cusum_fgo,leader,post,1260,1260.0,0,0,0,0,0.0,0.0,0,0,0,0.0,0.0,E1,h7_k0p75,7.0,0.75
healthy_maneuver,33,cusum_fgo,follower,all,1755,1755.0,0,1,275,0,0.15669515669515668,2.0512820512820515,0,0,0,0.0,0.0,E1,h7_k0p75,7.0,0.75
healthy_maneuver,33,cusum_fgo,follower,pre,732,732.0,0,0,0,0,0.0,0.0,0,0,0,0.0,0.0,E1,h7_k0p75,7.0,0.75
healthy_maneuver,33,cusum_fgo,follower,maneuver,603,603.0,0,1,135,0,0.22388059701492538,5.970149253731343,0,0,0,0.0,0.0,E1,h7_k0p75,7.0,0.75
healthy_maneuver,33,cusum_fgo,follower,post,420,420.0,0,0,140,0,0.3333333333333333,0.0,0,0,0,0.0,0.0,E1,h7_k0p75,7.0,0.75
healthy_maneuver,34,cusum_fgo,leader,all,5265,5265.0,0,0,0,0,0.0,0.0,0,0,0,0.0,0.0,E1,h7_k0p75,7.0,0.75
healthy_maneuver,34,cusum_fgo,leader,pre,2196,2196.0,0,0,0,0,0.0,0.0,0,0,0,0.0,0.0,E1,h7_k0p75,7.0,0.75
healthy_maneuver,34,cusum_fgo,leader,maneuver,1809,1809.0,0,0,0,0,0.0,0.0,0,0,0,0.0,0.0,E1,h7_k0p75,7.0,0.75
healthy_maneuver,34,cusum_fgo,leader,post,1260,1260.0,0,0,0,0,0.0,0.0,0,0,0,0.0,0.0,E1,h7_k0p75,7.0,0.75
healthy_maneuver,34,cusum_fgo,follower,all,1755,1755.0,0,0,0,0,0.0,0.0,0,0,0,0.0,0.0,E1,h7_k0p75,7.0,0.75
healthy_maneuver,34,cusum_fgo,follower,pre,732,732.0,0,0,0,0,0.0,0.0,0,0,0,0.0,0.0,E1,h7_k0p75,7.0,0.75
healthy_maneuver,34,cusum_fgo,follower,maneuver,603,603.0,0,0,0,0,0.0,0.0,0,0,0,0.0,0.0,E1,h7_k0p75,7.0,0.75
healthy_maneuver,34,cusum_fgo,follower,post,420,420.0,0,0,0,0,0.0,0.0,0,0,0,0.0,0.0,E1,h7_k0p75,7.0,0.75
healthy_maneuver,35,cusum_fgo,leader,all,5265,5265.0,0,0,0,0,0.0,0.0,0,0,0,0.0,0.0,E1,h7_k0p75,7.0,0.75
healthy_maneuver,35,cusum_fgo,leader,pre,2196,2196.0,0,0,0,0,0.0,0.0,0,0,0,0.0,0.0,E1,h7_k0p75,7.0,0.75
healthy_maneuver,35,cusum_fgo,leader,maneuver,1809,1809.0,0,0,0,0,0.0,0.0,0,0,0,0.0,0.0,E1,h7_k0p75,7.0,0.75
healthy_maneuver,35,cusum_fgo,leader,post,1260,1260.0,0,0,0,0,0.0,0.0,0,0,0,0.0,0.0,E1,h7_k0p75,7.0,0.75
healthy_maneuver,35,cusum_fgo,follower,all,1755,1755.0,0,0,0,0,0.0,0.0,0,0,0,0.0,0.0,E1,h7_k0p75,7.0,0.75
healthy_maneuver,35,cusum_fgo,follower,pre,732,732.0,0,0,0,0,0.0,0.0,0,0,0,0.0,0.0,E1,h7_k0p75,7.0,0.75
healthy_maneuver,35,cusum_fgo,follower,maneuver,603,603.0,0,0,0,0,0.0,0.0,0,0,0,0.0,0.0,E1,h7_k0p75,7.0,0.75
healthy_maneuver,35,cusum_fgo,follower,post,420,420.0,0,0,0,0,0.0,0.0,0,0,0,0.0,0.0,E1,h7_k0p75,7.0,0.75
healthy_maneuver,36,cusum_fgo,leader,all,5265,5265.0,0,0,0,0,0.0,0.0,0,0,0,0.0,0.0,E1,h7_k0p75,7.0,0.75
healthy_maneuver,36,cusum_fgo,leader,pre,2196,2196.0,0,0,0,0,0.0,0.0,0,0,0,0.0,0.0,E1,h7_k0p75,7.0,0.75
healthy_maneuver,36,cusum_fgo,leader,maneuver,1809,1809.0,0,0,0,0,0.0,0.0,0,0,0,0.0,0.0,E1,h7_k0p75,7.0,0.75
healthy_maneuver,36,cusum_fgo,leader,post,1260,1260.0,0,0,0,0,0.0,0.0,0,0,0,0.0,0.0,E1,h7_k0p75,7.0,0.75
healthy_maneuver,36,cusum_fgo,follower,all,1755,1755.0,0,1,84,0,0.04786324786324787,2.0512820512820515,0,0,0,0.0,0.0,E1,h7_k0p75,7.0,0.75
healthy_maneuver,36,cusum_fgo,follower,pre,732,732.0,0,0,0,0,0.0,0.0,0,0,0,0.0,0.0,E1,h7_k0p75,7.0,0.75
healthy_maneuver,36,cusum_fgo,follower,maneuver,603,603.0,0,1,84,0,0.13930348258706468,5.970149253731343,0,0,0,0.0,0.0,E1,h7_k0p75,7.0,0.75
healthy_maneuver,36,cusum_fgo,follower,post,420,420.0,0,0,0,0,0.0,0.0,0,0,0,0.0,0.0,E1,h7_k0p75,7.0,0.75
healthy_maneuver,37,cusum_fgo,leader,all,5265,5265.0,0,0,0,0,0.0,0.0,0,0,0,0.0,0.0,E1,h7_k0p75,7.0,0.75
healthy_maneuver,37,cusum_fgo,leader,pre,2196,2196.0,0,0,0,0,0.0,0.0,0,0,0,0.0,0.0,E1,h7_k0p75,7.0,0.75
healthy_maneuver,37,cusum_fgo,leader,maneuver,1809,1809.0,0,0,0,0,0.0,0.0,0,0,0,0.0,0.0,E1,h7_k0p75,7.0,0.75
healthy_maneuver,37,cusum_fgo,leader,post,1260,1260.0,0,0,0,0,0.0,0.0,0,0,0,0.0,0.0,E1,h7_k0p75,7.0,0.75
healthy_maneuver,37,cusum_fgo,follower,all,1755,1755.0,0,1,112,0,0.06381766381766382,2.0512820512820515,0,0,0,0.0,0.0,E1,h7_k0p75,7.0,0.75
healthy_maneuver,37,cusum_fgo,follower,pre,732,732.0,0,0,0,0,0.0,0.0,0,0,0,0.0,0.0,E1,h7_k0p75,7.0,0.75
healthy_maneuver,37,cusum_fgo,follower,maneuver,603,603.0,0,1,112,0,0.1857379767827529,5.970149253731343,0,0,0,0.0,0.0,E1,h7_k0p75,7.0,0.75
healthy_maneuver,37,cusum_fgo,follower,post,420,420.0,0,0,0,0,0.0,0.0,0,0,0,0.0,0.0,E1,h7_k0p75,7.0,0.75
healthy_maneuver,38,cusum_fgo,leader,all,5265,5265.0,0,0,0,0,0.0,0.0,0,0,0,0.0,0.0,E1,h7_k0p75,7.0,0.75
healthy_maneuver,38,cusum_fgo,leader,pre,2196,2196.0,0,0,0,0,0.0,0.0,0,0,0,0.0,0.0,E1,h7_k0p75,7.0,0.75
healthy_maneuver,38,cusum_fgo,leader,maneuver,1809,1809.0,0,0,0,0,0.0,0.0,0,0,0,0.0,0.0,E1,h7_k0p75,7.0,0.75
healthy_maneuver,38,cusum_fgo,leader,post,1260,1260.0,0,0,0,0,0.0,0.0,0,0,0,0.0,0.0,E1,h7_k0p75,7.0,0.75
healthy_maneuver,38,cusum_fgo,follower,all,1755,1755.0,0,0,0,0,0.0,0.0,0,0,0,0.0,0.0,E1,h7_k0p75,7.0,0.75
healthy_maneuver,38,cusum_fgo,follower,pre,732,732.0,0,0,0,0,0.0,0.0,0,0,0,0.0,0.0,E1,h7_k0p75,7.0,0.75
healthy_maneuver,38,cusum_fgo,follower,maneuver,603,603.0,0,0,0,0,0.0,0.0,0,0,0,0.0,0.0,E1,h7_k0p75,7.0,0.75
healthy_maneuver,38,cusum_fgo,follower,post,420,420.0,0,0,0,0,0.0,0.0,0,0,0,0.0,0.0,E1,h7_k0p75,7.0,0.75
healthy_maneuver,39,cusum_fgo,leader,all,5265,5265.0,0,0,0,0,0.0,0.0,0,0,0,0.0,0.0,E1,h7_k0p75,7.0,0.75
healthy_maneuver,39,cusum_fgo,leader,pre,2196,2196.0,0,0,0,0,0.0,0.0,0,0,0,0.0,0.0,E1,h7_k0p75,7.0,0.75
healthy_maneuver,39,cusum_fgo,leader,maneuver,1809,1809.0,0,0,0,0,0.0,0.0,0,0,0,0.0,0.0,E1,h7_k0p75,7.0,0.75
healthy_maneuver,39,cusum_fgo,leader,post,1260,1260.0,0,0,0,0,0.0,0.0,0,0,0,0.0,0.0,E1,h7_k0p75,7.0,0.75
healthy_maneuver,39,cusum_fgo,follower,all,1755,1755.0,0,0,0,0,0.0,0.0,0,0,0,0.0,0.0,E1,h7_k0p75,7.0,0.75
healthy_maneuver,39,cusum_fgo,follower,pre,732,732.0,0,0,0,0,0.0,0.0,0,0,0,0.0,0.0,E1,h7_k0p75,7.0,0.75
healthy_maneuver,39,cusum_fgo,follower,maneuver,603,603.0,0,0,0,0,0.0,0.0,0,0,0,0.0,0.0,E1,h7_k0p75,7.0,0.75
healthy_maneuver,39,cusum_fgo,follower,post,420,420.0,0,0,0,0,0.0,0.0,0,0,0,0.0,0.0,E1,h7_k0p75,7.0,0.75
healthy_maneuver,40,cusum_fgo,leader,all,5265,5265.0,0,0,0,0,0.0,0.0,0,0,0,0.0,0.0,E1,h7_k0p75,7.0,0.75
healthy_maneuver,40,cusum_fgo,leader,pre,2196,2196.0,0,0,0,0,0.0,0.0,0,0,0,0.0,0.0,E1,h7_k0p75,7.0,0.75
healthy_maneuver,40,cusum_fgo,leader,maneuver,1809,1809.0,0,0,0,0,0.0,0.0,0,0,0,0.0,0.0,E1,h7_k0p75,7.0,0.75
healthy_maneuver,40,cusum_fgo,leader,post,1260,1260.0,0,0,0,0,0.0,0.0,0,0,0,0.0,0.0,E1,h7_k0p75,7.0,0.75
healthy_maneuver,40,cusum_fgo,follower,all,1755,1755.0,0,0,0,0,0.0,0.0,0,0,0,0.0,0.0,E1,h7_k0p75,7.0,0.75
healthy_maneuver,40,cusum_fgo,follower,pre,732,732.0,0,0,0,0,0.0,0.0,0,0,0,0.0,0.0,E1,h7_k0p75,7.0,0.75
healthy_maneuver,40,cusum_fgo,follower,maneuver,603,603.0,0,0,0,0,0.0,0.0,0,0,0,0.0,0.0,E1,h7_k0p75,7.0,0.75
healthy_maneuver,40,cusum_fgo,follower,post,420,420.0,0,0,0,0,0.0,0.0,0,0,0,0.0,0.0,E1,h7_k0p75,7.0,0.75
healthy_maneuver,41,cusum_fgo,leader,all,5265,5265.0,0,0,0,0,0.0,0.0,0,0,0,0.0,0.0,E1,h7_k0p75,7.0,0.75
healthy_maneuver,41,cusum_fgo,leader,pre,2196,2196.0,0,0,0,0,0.0,0.0,0,0,0,0.0,0.0,E1,h7_k0p75,7.0,0.75
healthy_maneuver,41,cusum_fgo,leader,maneuver,1809,1809.0,0,0,0,0,0.0,0.0,0,0,0,0.0,0.0,E1,h7_k0p75,7.0,0.75
healthy_maneuver,41,cusum_fgo,leader,post,1260,1260.0,0,0,0,0,0.0,0.0,0,0,0,0.0,0.0,E1,h7_k0p75,7.0,0.75
healthy_maneuver,41,cusum_fgo,follower,all,1755,1755.0,0,1,111,0,0.06324786324786325,2.0512820512820515,0,0,0,0.0,0.0,E1,h7_k0p75,7.0,0.75
healthy_maneuver,41,cusum_fgo,follower,pre,732,732.0,0,0,0,0,0.0,0.0,0,0,0,0.0,0.0,E1,h7_k0p75,7.0,0.75
healthy_maneuver,41,cusum_fgo,follower,maneuver,603,603.0,0,1,111,0,0.18407960199004975,5.970149253731343,0,0,0,0.0,0.0,E1,h7_k0p75,7.0,0.75
healthy_maneuver,41,cusum_fgo,follower,post,420,420.0,0,0,0,0,0.0,0.0,0,0,0,0.0,0.0,E1,h7_k0p75,7.0,0.75
healthy_maneuver,42,cusum_fgo,leader,all,5265,5265.0,0,0,0,0,0.0,0.0,0,0,0,0.0,0.0,E1,h7_k0p75,7.0,0.75
healthy_maneuver,42,cusum_fgo,leader,pre,2196,2196.0,0,0,0,0,0.0,0.0,0,0,0,0.0,0.0,E1,h7_k0p75,7.0,0.75
healthy_maneuver,42,cusum_fgo,leader,maneuver,1809,1809.0,0,0,0,0,0.0,0.0,0,0,0,0.0,0.0,E1,h7_k0p75,7.0,0.75
healthy_maneuver,42,cusum_fgo,leader,post,1260,1260.0,0,0,0,0,0.0,0.0,0,0,0,0.0,0.0,E1,h7_k0p75,7.0,0.75
healthy_maneuver,42,cusum_fgo,follower,all,1755,1755.0,0,0,0,0,0.0,0.0,0,0,0,0.0,0.0,E1,h7_k0p75,7.0,0.75
healthy_maneuver,42,cusum_fgo,follower,pre,732,732.0,0,0,0,0,0.0,0.0,0,0,0,0.0,0.0,E1,h7_k0p75,7.0,0.75
healthy_maneuver,42,cusum_fgo,follower,maneuver,603,603.0,0,0,0,0,0.0,0.0,0,0,0,0.0,0.0,E1,h7_k0p75,7.0,0.75
healthy_maneuver,42,cusum_fgo,follower,post,420,420.0,0,0,0,0,0.0,0.0,0,0,0,0.0,0.0,E1,h7_k0p75,7.0,0.75
healthy_maneuver,43,cusum_fgo,leader,all,5265,5265.0,0,0,0,0,0.0,0.0,0,0,0,0.0,0.0,E1,h7_k0p75,7.0,0.75
healthy_maneuver,43,cusum_fgo,leader,pre,2196,2196.0,0,0,0,0,0.0,0.0,0,0,0,0.0,0.0,E1,h7_k0p75,7.0,0.75
healthy_maneuver,43,cusum_fgo,leader,maneuver,1809,1809.0,0,0,0,0,0.0,0.0,0,0,0,0.0,0.0,E1,h7_k0p75,7.0,0.75
healthy_maneuver,43,cusum_fgo,leader,post,1260,1260.0,0,0,0,0,0.0,0.0,0,0,0,0.0,0.0,E1,h7_k0p75,7.0,0.75
healthy_maneuver,43,cusum_fgo,follower,all,1755,1755.0,0,0,0,0,0.0,0.0,0,0,0,0.0,0.0,E1,h7_k0p75,7.0,0.75
healthy_maneuver,43,cusum_fgo,follower,pre,732,732.0,0,0,0,0,0.0,0.0,0,0,0,0.0,0.0,E1,h7_k0p75,7.0,0.75
healthy_maneuver,43,cusum_fgo,follower,maneuver,603,603.0,0,0,0,0,0.0,0.0,0,0,0,0.0,0.0,E1,h7_k0p75,7.0,0.75
healthy_maneuver,43,cusum_fgo,follower,post,420,420.0,0,0,0,0,0.0,0.0,0,0,0,0.0,0.0,E1,h7_k0p75,7.0,0.75
healthy_maneuver,44,cusum_fgo,leader,all,5265,5265.0,0,0,0,0,0.0,0.0,0,0,0,0.0,0.0,E1,h7_k0p75,7.0,0.75
healthy_maneuver,44,cusum_fgo,leader,pre,2196,2196.0,0,0,0,0,0.0,0.0,0,0,0,0.0,0.0,E1,h7_k0p75,7.0,0.75
healthy_maneuver,44,cusum_fgo,leader,maneuver,1809,1809.0,0,0,0,0,0.0,0.0,0,0,0,0.0,0.0,E1,h7_k0p75,7.0,0.75
healthy_maneuver,44,cusum_fgo,leader,post,1260,1260.0,0,0,0,0,0.0,0.0,0,0,0,0.0,0.0,E1,h7_k0p75,7.0,0.75
healthy_maneuver,44,cusum_fgo,follower,all,1755,1755.0,0,1,118,0,0.06723646723646724,2.0512820512820515,0,0,0,0.0,0.0,E1,h7_k0p75,7.0,0.75
healthy_maneuver,44,cusum_fgo,follower,pre,732,732.0,0,0,0,0,0.0,0.0,0,0,0,0.0,0.0,E1,h7_k0p75,7.0,0.75
healthy_maneuver,44,cusum_fgo,follower,maneuver,603,603.0,0,1,118,0,0.1956882255389718,5.970149253731343,0,0,0,0.0,0.0,E1,h7_k0p75,7.0,0.75
healthy_maneuver,44,cusum_fgo,follower,post,420,420.0,0,0,0,0,0.0,0.0,0,0,0,0.0,0.0,E1,h7_k0p75,7.0,0.75
healthy_maneuver,45,cusum_fgo,leader,all,5265,5265.0,0,0,0,0,0.0,0.0,0,0,0,0.0,0.0,E1,h7_k0p75,7.0,0.75
healthy_maneuver,45,cusum_fgo,leader,pre,2196,2196.0,0,0,0,0,0.0,0.0,0,0,0,0.0,0.0,E1,h7_k0p75,7.0,0.75
healthy_maneuver,45,cusum_fgo,leader,maneuver,1809,1809.0,0,0,0,0,0.0,0.0,0,0,0,0.0,0.0,E1,h7_k0p75,7.0,0.75
healthy_maneuver,45,cusum_fgo,leader,post,1260,1260.0,0,0,0,0,0.0,0.0,0,0,0,0.0,0.0,E1,h7_k0p75,7.0,0.75
healthy_maneuver,45,cusum_fgo,follower,all,1755,1755.0,0,0,0,0,0.0,0.0,0,0,0,0.0,0.0,E1,h7_k0p75,7.0,0.75
healthy_maneuver,45,cusum_fgo,follower,pre,732,732.0,0,0,0,0,0.0,0.0,0,0,0,0.0,0.0,E1,h7_k0p75,7.0,0.75
healthy_maneuver,45,cusum_fgo,follower,maneuver,603,603.0,0,0,0,0,0.0,0.0,0,0,0,0.0,0.0,E1,h7_k0p75,7.0,0.75
healthy_maneuver,45,cusum_fgo,follower,post,420,420.0,0,0,0,0,0.0,0.0,0,0,0,0.0,0.0,E1,h7_k0p75,7.0,0.75
healthy_maneuver,46,cusum_fgo,leader,all,5265,5265.0,0,0,0,0,0.0,0.0,0,0,0,0.0,0.0,E1,h7_k0p75,7.0,0.75
healthy_maneuver,46,cusum_fgo,leader,pre,2196,2196.0,0,0,0,0,0.0,0.0,0,0,0,0.0,0.0,E1,h7_k0p75,7.0,0.75
healthy_maneuver,46,cusum_fgo,leader,maneuver,1809,1809.0,0,0,0,0,0.0,0.0,0,0,0,0.0,0.0,E1,h7_k0p75,7.0,0.75
healthy_maneuver,46,cusum_fgo,leader,post,1260,1260.0,0,0,0,0,0.0,0.0,0,0,0,0.0,0.0,E1,h7_k0p75,7.0,0.75
healthy_maneuver,46,cusum_fgo,follower,all,1755,1755.0,0,1,109,0,0.062108262108262105,2.0512820512820515,0,0,0,0.0,0.0,E1,h7_k0p75,7.0,0.75
healthy_maneuver,46,cusum_fgo,follower,pre,732,732.0,0,0,0,0,0.0,0.0,0,0,0,0.0,0.0,E1,h7_k0p75,7.0,0.75
healthy_maneuver,46,cusum_fgo,follower,maneuver,603,603.0,0,1,109,0,0.18076285240464346,5.970149253731343,0,0,0,0.0,0.0,E1,h7_k0p75,7.0,0.75
healthy_maneuver,46,cusum_fgo,follower,post,420,420.0,0,0,0,0,0.0,0.0,0,0,0,0.0,0.0,E1,h7_k0p75,7.0,0.75
healthy_maneuver,47,cusum_fgo,leader,all,5265,5265.0,0,0,0,0,0.0,0.0,0,0,0,0.0,0.0,E1,h7_k0p75,7.0,0.75
healthy_maneuver,47,cusum_fgo,leader,pre,2196,2196.0,0,0,0,0,0.0,0.0,0,0,0,0.0,0.0,E1,h7_k0p75,7.0,0.75
healthy_maneuver,47,cusum_fgo,leader,maneuver,1809,1809.0,0,0,0,0,0.0,0.0,0,0,0,0.0,0.0,E1,h7_k0p75,7.0,0.75
healthy_maneuver,47,cusum_fgo,leader,post,1260,1260.0,0,0,0,0,0.0,0.0,0,0,0,0.0,0.0,E1,h7_k0p75,7.0,0.75
healthy_maneuver,47,cusum_fgo,follower,all,1755,1755.0,0,0,0,0,0.0,0.0,0,0,0,0.0,0.0,E1,h7_k0p75,7.0,0.75
healthy_maneuver,47,cusum_fgo,follower,pre,732,732.0,0,0,0,0,0.0,0.0,0,0,0,0.0,0.0,E1,h7_k0p75,7.0,0.75
healthy_maneuver,47,cusum_fgo,follower,maneuver,603,603.0,0,0,0,0,0.0,0.0,0,0,0,0.0,0.0,E1,h7_k0p75,7.0,0.75
healthy_maneuver,47,cusum_fgo,follower,post,420,420.0,0,0,0,0,0.0,0.0,0,0,0,0.0,0.0,E1,h7_k0p75,7.0,0.75
healthy_maneuver,48,cusum_fgo,leader,all,5265,5265.0,0,0,0,0,0.0,0.0,0,0,0,0.0,0.0,E1,h7_k0p75,7.0,0.75
healthy_maneuver,48,cusum_fgo,leader,pre,2196,2196.0,0,0,0,0,0.0,0.0,0,0,0,0.0,0.0,E1,h7_k0p75,7.0,0.75
healthy_maneuver,48,cusum_fgo,leader,maneuver,1809,1809.0,0,0,0,0,0.0,0.0,0,0,0,0.0,0.0,E1,h7_k0p75,7.0,0.75
healthy_maneuver,48,cusum_fgo,leader,post,1260,1260.0,0,0,0,0,0.0,0.0,0,0,0,0.0,0.0,E1,h7_k0p75,7.0,0.75
healthy_maneuver,48,cusum_fgo,follower,all,1755,1755.0,0,2,445,0,0.2535612535612536,4.102564102564103,0,0,0,0.0,0.0,E1,h7_k0p75,7.0,0.75
healthy_maneuver,48,cusum_fgo,follower,pre,732,732.0,0,0,0,0,0.0,0.0,0,0,0,0.0,0.0,E1,h7_k0p75,7.0,0.75
healthy_maneuver,48,cusum_fgo,follower,maneuver,603,603.0,0,2,165,0,0.2736318407960199,11.940298507462686,0,0,0,0.0,0.0,E1,h7_k0p75,7.0,0.75
healthy_maneuver,48,cusum_fgo,follower,post,420,420.0,0,0,280,0,0.6666666666666666,0.0,0,0,0,0.0,0.0,E1,h7_k0p75,7.0,0.75
healthy_maneuver,49,cusum_fgo,leader,all,5265,5265.0,0,0,0,0,0.0,0.0,0,0,0,0.0,0.0,E1,h7_k0p75,7.0,0.75
healthy_maneuver,49,cusum_fgo,leader,pre,2196,2196.0,0,0,0,0,0.0,0.0,0,0,0,0.0,0.0,E1,h7_k0p75,7.0,0.75
healthy_maneuver,49,cusum_fgo,leader,maneuver,1809,1809.0,0,0,0,0,0.0,0.0,0,0,0,0.0,0.0,E1,h7_k0p75,7.0,0.75
healthy_maneuver,49,cusum_fgo,leader,post,1260,1260.0,0,0,0,0,0.0,0.0,0,0,0,0.0,0.0,E1,h7_k0p75,7.0,0.75
healthy_maneuver,49,cusum_fgo,follower,all,1755,1755.0,0,0,0,0,0.0,0.0,0,0,0,0.0,0.0,E1,h7_k0p75,7.0,0.75
healthy_maneuver,49,cusum_fgo,follower,pre,732,732.0,0,0,0,0,0.0,0.0,0,0,0,0.0,0.0,E1,h7_k0p75,7.0,0.75
healthy_maneuver,49,cusum_fgo,follower,maneuver,603,603.0,0,0,0,0,0.0,0.0,0,0,0,0.0,0.0,E1,h7_k0p75,7.0,0.75
healthy_maneuver,49,cusum_fgo,follower,post,420,420.0,0,0,0,0,0.0,0.0,0,0,0,0.0,0.0,E1,h7_k0p75,7.0,0.75
healthy_maneuver,50,cusum_fgo,leader,all,5265,5265.0,0,0,0,0,0.0,0.0,0,0,0,0.0,0.0,E1,h7_k0p75,7.0,0.75
healthy_maneuver,50,cusum_fgo,leader,pre,2196,2196.0,0,0,0,0,0.0,0.0,0,0,0,0.0,0.0,E1,h7_k0p75,7.0,0.75
healthy_maneuver,50,cusum_fgo,leader,maneuver,1809,1809.0,0,0,0,0,0.0,0.0,0,0,0,0.0,0.0,E1,h7_k0p75,7.0,0.75
healthy_maneuver,50,cusum_fgo,leader,post,1260,1260.0,0,0,0,0,0.0,0.0,0,0,0,0.0,0.0,E1,h7_k0p75,7.0,0.75
healthy_maneuver,50,cusum_fgo,follower,all,1755,1755.0,0,0,0,0,0.0,0.0,0,0,0,0.0,0.0,E1,h7_k0p75,7.0,0.75
healthy_maneuver,50,cusum_fgo,follower,pre,732,732.0,0,0,0,0,0.0,0.0,0,0,0,0.0,0.0,E1,h7_k0p75,7.0,0.75
healthy_maneuver,50,cusum_fgo,follower,maneuver,603,603.0,0,0,0,0,0.0,0.0,0,0,0,0.0,0.0,E1,h7_k0p75,7.0,0.75
healthy_maneuver,50,cusum_fgo,follower,post,420,420.0,0,0,0,0,0.0,0.0,0,0,0,0.0,0.0,E1,h7_k0p75,7.0,0.75
