Stage,Point,Scenario,Seed,h,kappa,Method,Aggregation,Follower,Samples,Maximum,Mean,CDF95,RMSE3D
E1,h3_k0p25,baseline_3f,1,3.0,0.25,cusum_fgo,follower,1,30001,3.395389283035797,0.9594423438140957,1.5896904193852457,1.040574609515452
E1,h3_k0p25,baseline_3f,1,3.0,0.25,cusum_fgo,follower,2,30001,2.110394954260796,0.80529285837633,1.2860729153192558,0.8566196813276684
E1,h3_k0p25,baseline_3f,1,3.0,0.25,cusum_fgo,follower,3,30001,1.7050038676382409,0.8572041204978575,1.3080118205146942,0.9044767329083397
E1,h3_k0p25,baseline_3f,1,3.0,0.25,cusum_fgo,pooled,0,90003,3.395389283035797,0.873979774229428,1.4100429225088318,0.9371358771595318
E1,h3_k0p25,baseline_3f,1,3.0,0.25,cusum_fgo,macro,0,90003,2.403596034978278,0.8739797742294279,1.3945917184063985,0.9338903412504868
E1,h3_k0p25,baseline_3f,2,3.0,0.25,cusum_fgo,follower,1,30001,2.3127080920935006,0.8170035832664415,1.4573489045569947,0.8873758915423202
E1,h3_k0p25,baseline_3f,2,3.0,0.25,cusum_fgo,follower,2,30001,3.8225762751261216,1.4130794857440576,2.1518135933804863,1.503672729295096
E1,h3_k0p25,baseline_3f,2,3.0,0.25,cusum_fgo,follower,3,30001,2.6879370797193958,0.9818594725003701,1.5496646599868502,1.0473108151759019
E1,h3_k0p25,baseline_3f,2,3.0,0.25,cusum_fgo,pooled,0,90003,3.8225762751261216,1.0706475138369564,1.9007720337579468,1.1754896275312547
E1,h3_k0p25,baseline_3f,2,3.0,0.25,cusum_fgo,macro,0,90003,2.941073815646339,1.0706475138369564,1.7196090526414436,1.1461198120044394
E1,h3_k0p25,baseline_3f,3,3.0,0.25,cusum_fgo,follower,1,30001,2.196323301358088,0.6770515537313749,1.3728257622884847,0.7629858984755035
E1,h3_k0p25,baseline_3f,3,3.0,0.25,cusum_fgo,follower,2,30001,1.8178610444057735,0.810141526789257,1.303019080663611,0.8651649651237091
E1,h3_k0p25,baseline_3f,3,3.0,0.25,cusum_fgo,follower,3,30001,1.4149717349534054,0.45791513779990195,0.832281381826504,0.5020334827870151
E1,h3_k0p25,baseline_3f,3,3.0,0.25,cusum_fgo,pooled,0,90003,2.196323301358088,0.6483694061068447,1.232678863891211,0.7263368171836075
E1,h3_k0p25,baseline_3f,3,3.0,0.25,cusum_fgo,macro,0,90003,1.809718693572422,0.6483694061068447,1.1693754082595333,0.7100614487954092
E1,h3_k0p25,baseline_3f,4,3.0,0.25,cusum_fgo,follower,1,30001,4.039357757717145,1.4129829555940212,2.0487682278482846,1.4820004433352405
E1,h3_k0p25,baseline_3f,4,3.0,0.25,cusum_fgo,follower,2,30001,2.432255531411942,0.9932222384394095,1.5670330173850426,1.040048010805363
E1,h3_k0p25,baseline_3f,4,3.0,0.25,cusum_fgo,follower,3,30001,2.431619527296127,0.8822854373493891,1.5630127105491054,0.9654236172237312
E1,h3_k0p25,baseline_3f,4,3.0,0.25,cusum_fgo,pooled,0,90003,4.039357757717145,1.0961635437942732,1.8186042174243047,1.1846332680791123
E1,h3_k0p25,baseline_3f,4,3.0,0.25,cusum_fgo,macro,0,90003,2.9677442721417377,1.0961635437942732,1.7262713185941443,1.162490690454778
E1,h3_k0p25,baseline_3f,5,3.0,0.25,cusum_fgo,follower,1,30001,4.715198605701594,1.6820326559458065,2.839239094986212,1.832232335487146
E1,h3_k0p25,baseline_3f,5,3.0,0.25,cusum_fgo,follower,2,30001,4.403549755428127,0.6972637861766032,1.6292762605045665,0.8699867552369099
E1,h3_k0p25,baseline_3f,5,3.0,0.25,cusum_fgo,follower,3,30001,2.5045047099900644,0.8794663150982536,1.2928535591656056,0.9216391879123181
E1,h3_k0p25,baseline_3f,5,3.0,0.25,cusum_fgo,pooled,0,90003,4.715198605701594,1.0862542524068877,2.3011492357561867,1.2862569829014219
E1,h3_k0p25,baseline_3f,5,3.0,0.25,cusum_fgo,macro,0,90003,3.874417690373262,1.0862542524068879,1.9204563048854613,1.207952759545458
E1,h3_k0p25,baseline_3f,6,3.0,0.25,cusum_fgo,follower,1,30001,2.6676646569151288,1.1127701284299372,1.8850444740330925,1.19863326193462
E1,h3_k0p25,baseline_3f,6,3.0,0.25,cusum_fgo,follower,2,30001,2.8592294940641296,1.4911038674606816,2.22199365154568,1.5804239499629429
E1,h3_k0p25,baseline_3f,6,3.0,0.25,cusum_fgo,follower,3,30001,1.8674411864499518,0.7802047169109309,1.2698978578995705,0.8201443193880723
E1,h3_k0p25,baseline_3f,6,3.0,0.25,cusum_fgo,pooled,0,90003,2.8592294940641296,1.1280262376005163,2.015248783045092,1.2392334005151493
E1,h3_k0p25,baseline_3f,6,3.0,0.25,cusum_fgo,macro,0,90003,2.4647784458097366,1.1280262376005166,1.792311994492781,1.1997338437618785
E1,h3_k0p25,baseline_3f,7,3.0,0.25,cusum_fgo,follower,1,30001,2.3159132849278325,0.8255539725715478,1.6481048628109898,0.9211123129798006
E1,h3_k0p25,baseline_3f,7,3.0,0.25,cusum_fgo,follower,2,30001,3.068016098602231,1.2903974109694867,1.9518853676615222,1.3577536019588656
E1,h3_k0p25,baseline_3f,7,3.0,0.25,cusum_fgo,follower,3,30001,1.5124862100577139,0.5205382307244094,0.9893453994183027,0.5738641696748391
E1,h3_k0p25,baseline_3f,7,3.0,0.25,cusum_fgo,pooled,0,90003,3.068016098602231,0.8788298714218147,1.7567015809119857,1.0035375465475227
E1,h3_k0p25,baseline_3f,7,3.0,0.25,cusum_fgo,macro,0,90003,2.2988051978625923,0.8788298714218147,1.5297785432969384,0.9509100282045018
E1,h3_k0p25,baseline_3f,8,3.0,0.25,cusum_fgo,follower,1,30001,6.4453056359492455,1.1883401954151853,1.9667993628201716,1.4150459747064381
E1,h3_k0p25,baseline_3f,8,3.0,0.25,cusum_fgo,follower,2,30001,2.9831789490727085,0.6104863018402131,1.1974924071589141,0.7188614087086604
E1,h3_k0p25,baseline_3f,8,3.0,0.25,cusum_fgo,follower,3,30001,2.3764735200285494,0.8656279336842395,1.3461958803268068,0.9226420176121115
E1,h3_k0p25,baseline_3f,8,3.0,0.25,cusum_fgo,pooled,0,90003,6.4453056359492455,0.8881514769798793,1.6842616396996872,1.059934766566138
E1,h3_k0p25,baseline_3f,8,3.0,0.25,cusum_fgo,macro,0,90003,3.934986035016834,0.8881514769798793,1.5034958834352974,1.0188498003424034
E1,h3_k0p25,baseline_3f,9,3.0,0.25,cusum_fgo,follower,1,30001,2.122798307460442,0.844864296467129,1.4229364079802354,0.9103104924367391
E1,h3_k0p25,baseline_3f,9,3.0,0.25,cusum_fgo,follower,2,30001,2.2898450938786223,0.7202574154900776,1.5114346583546736,0.8090176908291717
E1,h3_k0p25,baseline_3f,9,3.0,0.25,cusum_fgo,follower,3,30001,1.8810112243548578,0.7394104550120447,1.2943851790766883,0.795958782046746
E1,h3_k0p25,baseline_3f,9,3.0,0.25,cusum_fgo,pooled,0,90003,2.2898450938786223,0.7681773889897504,1.3979921302145186,0.8399851584864111
E1,h3_k0p25,baseline_3f,9,3.0,0.25,cusum_fgo,macro,0,90003,2.097884875231307,0.7681773889897504,1.4095854151371991,0.8384289884375523
E1,h3_k0p25,baseline_3f,10,3.0,0.25,cusum_fgo,follower,1,30001,1.921977815440943,0.6274118499830796,1.0899153974840656,0.6745313947262614
E1,h3_k0p25,baseline_3f,10,3.0,0.25,cusum_fgo,follower,2,30001,1.9127150652689924,0.9913235939497697,1.5829715923242746,1.0548895776768705
E1,h3_k0p25,baseline_3f,10,3.0,0.25,cusum_fgo,follower,3,30001,1.2419724388701383,0.40516785951838347,0.7802401166729145,0.45292185068419905
E1,h3_k0p25,baseline_3f,10,3.0,0.25,cusum_fgo,pooled,0,90003,1.921977815440943,0.6746344344837443,1.4182248328666363,0.7687485124950034
E1,h3_k0p25,baseline_3f,10,3.0,0.25,cusum_fgo,macro,0,90003,1.692221773193358,0.6746344344837443,1.151042368827085,0.727447607695777
E1,h3_k0p25,baseline_3f,11,3.0,0.25,cusum_fgo,follower,1,30001,2.6590066780537707,0.9921560942673749,1.7966005932410598,1.0712841483069857
E1,h3_k0p25,baseline_3f,11,3.0,0.25,cusum_fgo,follower,2,30001,6.268970966716633,1.3053880268674574,2.312267928831192,1.4448738053143757
E1,h3_k0p25,baseline_3f,11,3.0,0.25,cusum_fgo,follower,3,30001,2.3395436148285538,0.6421049226588604,1.2402805035949316,0.7184847718626743
E1,h3_k0p25,baseline_3f,11,3.0,0.25,cusum_fgo,pooled,0,90003,6.268970966716633,0.9798830145978977,1.9027182090016648,1.1182621050982082
E1,h3_k0p25,baseline_3f,11,3.0,0.25,cusum_fgo,macro,0,90003,3.755840419866319,0.9798830145978975,1.7830496752223943,1.0782142418280118
E1,h3_k0p25,baseline_3f,12,3.0,0.25,cusum_fgo,follower,1,30001,2.8776425394915623,0.9374083663491154,1.7061316121086036,1.0256515705140428
E1,h3_k0p25,baseline_3f,12,3.0,0.25,cusum_fgo,follower,2,30001,1.715441336407719,0.6532118808743459,1.1508312600490096,0.7081395565013623
E1,h3_k0p25,baseline_3f,12,3.0,0.25,cusum_fgo,follower,3,30001,1.8904981396603717,1.0055050222042892,1.4236586784028753,1.0397306817834737
E1,h3_k0p25,baseline_3f,12,3.0,0.25,cusum_fgo,pooled,0,90003,2.8776425394915623,0.8653750898092502,1.461745714571143,0.9370988326072826
E1,h3_k0p25,baseline_3f,12,3.0,0.25,cusum_fgo,macro,0,90003,2.1611940051865512,0.86537508980925,1.4268738501868292,0.9245072695996263
E1,h3_k0p25,baseline_3f,13,3.0,0.25,cusum_fgo,follower,1,30001,4.386018308729543,1.3041990362839428,1.8700280820818442,1.3901422672529558
E1,h3_k0p25,baseline_3f,13,3.0,0.25,cusum_fgo,follower,2,30001,2.0695243978262092,0.7469420787670054,1.3134416385122627,0.8083283898877102
E1,h3_k0p25,baseline_3f,13,3.0,0.25,cusum_fgo,follower,3,30001,2.85910652724448,0.9680031522904572,1.7034002173325844,1.0760096823705723
E1,h3_k0p25,baseline_3f,13,3.0,0.25,cusum_fgo,pooled,0,90003,4.386018308729543,1.006381422447135,1.717316026847413,1.1170925275996415
E1,h3_k0p25,baseline_3f,13,3.0,0.25,cusum_fgo,macro,0,90003,3.1048830779334105,1.006381422447135,1.6289566459755636,1.091493446503746
E1,h3_k0p25,baseline_3f,14,3.0,0.25,cusum_fgo,follower,1,30001,4.187236357526659,0.8100648952915627,1.5289984954036708,0.9241944592146469
E1,h3_k0p25,baseline_3f,14,3.0,0.25,cusum_fgo,follower,2,30001,3.2112133670480314,0.862413653994941,1.773342025459291,1.0076160428756373
E1,h3_k0p25,baseline_3f,14,3.0,0.25,cusum_fgo,follower,3,30001,2.0796586330774653,1.041978134595761,1.6424321593078486,1.0997469362924717
E1,h3_k0p25,baseline_3f,14,3.0,0.25,cusum_fgo,pooled,0,90003,4.187236357526659,0.9048188946274216,1.6832575137948997,1.01305952641624
E1,h3_k0p25,baseline_3f,14,3.0,0.25,cusum_fgo,macro,0,90003,3.159369452550719,0.9048188946274216,1.648257560056937,1.0105191461275853
E1,h3_k0p25,baseline_3f,15,3.0,0.25,cusum_fgo,follower,1,30001,2.9618591571681736,1.181468428419267,2.0117263013253504,1.2663620406205345
E1,h3_k0p25,baseline_3f,15,3.0,0.25,cusum_fgo,follower,2,30001,2.866252713005868,1.2504655719199833,1.9062381105203856,1.3112474250427983
E1,h3_k0p25,baseline_3f,15,3.0,0.25,cusum_fgo,follower,3,30001,1.2164882656377962,0.5311707167834198,0.9688047170076565,0.5808026339990625
E1,h3_k0p25,baseline_3f,15,3.0,0.25,cusum_fgo,pooled,0,90003,2.9618591571681736,0.9877015723742233,1.7963281740251158,1.104592583605108
E1,h3_k0p25,baseline_3f,15,3.0,0.25,cusum_fgo,macro,0,90003,2.3482000452706124,0.9877015723742234,1.6289230429511308,1.0528040332207984
E1,h3_k0p25,baseline_3f,16,3.0,0.25,cusum_fgo,follower,1,30001,2.4062339416421348,0.7449224023900257,1.4282543911780945,0.8361066823896391
E1,h3_k0p25,baseline_3f,16,3.0,0.25,cusum_fgo,follower,2,30001,2.146390267478443,0.7274647577763942,1.1386092822803517,0.7708997748836248
E1,h3_k0p25,baseline_3f,16,3.0,0.25,cusum_fgo,follower,3,30001,1.5143760536625497,0.6322047971042666,1.100720622633521,0.686567692213911
E1,h3_k0p25,baseline_3f,16,3.0,0.25,cusum_fgo,pooled,0,90003,2.4062339416421348,0.7015306524235622,1.2512101451341007,0.7669715429845204
E1,h3_k0p25,baseline_3f,16,3.0,0.25,cusum_fgo,macro,0,90003,2.0223334209277093,0.7015306524235623,1.2225280986973224,0.7645247164957251
E1,h3_k0p25,baseline_3f,17,3.0,0.25,cusum_fgo,follower,1,30001,2.814184511415134,1.3047136497527592,1.8920915562715384,1.3526997889216352
E1,h3_k0p25,baseline_3f,17,3.0,0.25,cusum_fgo,follower,2,30001,2.220830806706803,0.9713447722984972,1.5492117823762857,1.0237934447819925
E1,h3_k0p25,baseline_3f,17,3.0,0.25,cusum_fgo,follower,3,30001,1.6968846963418343,0.9817273821736039,1.3971496961242271,1.0222448243504842
E1,h3_k0p25,baseline_3f,17,3.0,0.25,cusum_fgo,pooled,0,90003,2.814184511415134,1.085928601408287,1.6719479368118249,1.1435229508611486
E1,h3_k0p25,baseline_3f,17,3.0,0.25,cusum_fgo,macro,0,90003,2.243966671487924,1.0859286014082867,1.6128176782573505,1.1329126860180374
E1,h3_k0p25,baseline_3f,18,3.0,0.25,cusum_fgo,follower,1,30001,4.661973308037901,1.523513143796707,3.051804360166779,1.6856298301687243
E1,h3_k0p25,baseline_3f,18,3.0,0.25,cusum_fgo,follower,2,30001,4.613085686770036,1.316356070343318,2.556111830139535,1.4534539489251481
E1,h3_k0p25,baseline_3f,18,3.0,0.25,cusum_fgo,follower,3,30001,1.4789618511565894,0.528951761662433,1.0891434367528345,0.5957830131088621
E1,h3_k0p25,baseline_3f,18,3.0,0.25,cusum_fgo,pooled,0,90003,4.661973308037901,1.1229403252674859,2.505984780830076,1.3302673546709602
E1,h3_k0p25,baseline_3f,18,3.0,0.25,cusum_fgo,macro,0,90003,3.5846736153215084,1.1229403252674859,2.2323532090197165,1.2449555974009114
E1,h3_k0p25,baseline_3f,19,3.0,0.25,cusum_fgo,follower,1,30001,8.647616217598014,1.3272141635945236,3.0526515439798456,1.593927861849535
E1,h3_k0p25,baseline_3f,19,3.0,0.25,cusum_fgo,follower,2,30001,3.5638707151309093,0.9403094425563397,2.012837379632249,1.07227172282538
E1,h3_k0p25,baseline_3f,19,3.0,0.25,cusum_fgo,follower,3,30001,1.779030917916269,0.4809249013468923,0.909522244269947,0.5399512561853835
E1,h3_k0p25,baseline_3f,19,3.0,0.25,cusum_fgo,pooled,0,90003,8.647616217598014,0.9161495024992519,2.2680346394564572,1.1520879647271314
E1,h3_k0p25,baseline_3f,19,3.0,0.25,cusum_fgo,macro,0,90003,4.663505950215064,0.9161495024992519,1.991670389294014,1.0687169469534328
E1,h3_k0p25,baseline_3f,20,3.0,0.25,cusum_fgo,follower,1,30001,3.7029423431680555,1.3395442046734287,2.0650035957750617,1.4188994605264689
E1,h3_k0p25,baseline_3f,20,3.0,0.25,cusum_fgo,follower,2,30001,2.086330874590772,0.8329012533118983,1.4036187163062221,0.8916225484403938
E1,h3_k0p25,baseline_3f,20,3.0,0.25,cusum_fgo,follower,3,30001,1.9650560636357501,0.6585321930077981,1.2278162627042062,0.7169238567713847
E1,h3_k0p25,baseline_3f,20,3.0,0.25,cusum_fgo,pooled,0,90003,3.7029423431680555,0.9436592169977084,1.754912882567768,1.0523380737477863
E1,h3_k0p25,baseline_3f,20,3.0,0.25,cusum_fgo,macro,0,90003,2.584776427131526,0.9436592169977084,1.5654795249284967,1.0091486219127492
E1,h3_k0p25,baseline_3f,21,3.0,0.25,cusum_fgo,follower,1,30001,5.1218935690908465,1.7159900019012149,2.5817506949255193,1.8623120412060397
E1,h3_k0p25,baseline_3f,21,3.0,0.25,cusum_fgo,follower,2,30001,5.635125384727442,1.227801940954985,1.9665560767557468,1.3934666348832747
E1,h3_k0p25,baseline_3f,21,3.0,0.25,cusum_fgo,follower,3,30001,7.436886807764515,0.6676690763553936,1.3193276548779864,1.1256967920535332
E1,h3_k0p25,baseline_3f,21,3.0,0.25,cusum_fgo,pooled,0,90003,7.436886807764515,1.203820339737198,2.378761311285758,1.4918834481948804
E1,h3_k0p25,baseline_3f,21,3.0,0.25,cusum_fgo,macro,0,90003,6.064635253860935,1.2038203397371978,1.9558781421864175,1.4604918227142827
E1,h3_k0p25,baseline_3f,22,3.0,0.25,cusum_fgo,follower,1,30001,3.74577880880221,0.9131371709513311,1.8723576640882094,1.0355492762831704
E1,h3_k0p25,baseline_3f,22,3.0,0.25,cusum_fgo,follower,2,30001,5.986334781039755,1.1679184612333806,2.1925009864158778,1.3159789139594222
E1,h3_k0p25,baseline_3f,22,3.0,0.25,cusum_fgo,follower,3,30001,6.26378679829328,1.1928632437033864,1.6649546190917286,1.2981917898997442
E1,h3_k0p25,baseline_3f,22,3.0,0.25,cusum_fgo,pooled,0,90003,6.26378679829328,1.0913062919626995,2.0248993706064287,1.2233103624945334
E1,h3_k0p25,baseline_3f,22,3.0,0.25,cusum_fgo,macro,0,90003,5.331966796045082,1.0913062919626995,1.9099377565319386,1.2165733267141121
E1,h3_k0p25,baseline_3f,23,3.0,0.25,cusum_fgo,follower,1,30001,2.484924265113561,0.8541970952839164,1.5079215879334473,0.9352010438969544
E1,h3_k0p25,baseline_3f,23,3.0,0.25,cusum_fgo,follower,2,30001,2.149575319330726,1.1148877866670854,1.619150685580049,1.153869593575056
E1,h3_k0p25,baseline_3f,23,3.0,0.25,cusum_fgo,follower,3,30001,1.6358798387184204,0.541824544064267,0.8880934551710189,0.5783788242246355
E1,h3_k0p25,baseline_3f,23,3.0,0.25,cusum_fgo,pooled,0,90003,2.484924265113561,0.8369698086717563,1.48277680043449,0.9202423767309876
E1,h3_k0p25,baseline_3f,23,3.0,0.25,cusum_fgo,macro,0,90003,2.090126474387569,0.8369698086717564,1.3383885762281718,0.8891498205655486
E1,h3_k0p25,baseline_3f,24,3.0,0.25,cusum_fgo,follower,1,30001,2.4690382092225027,0.8037963371641411,1.488894883345389,0.882202914001714
E1,h3_k0p25,baseline_3f,24,3.0,0.25,cusum_fgo,follower,2,30001,3.1422974909504955,0.6552625017768415,1.106182923759386,0.704890265518525
E1,h3_k0p25,baseline_3f,24,3.0,0.25,cusum_fgo,follower,3,30001,2.2168042162016315,0.8428118743274315,1.328731535868337,0.8874302766349439
E1,h3_k0p25,baseline_3f,24,3.0,0.25,cusum_fgo,pooled,0,90003,3.1422974909504955,0.767290237756138,1.3187599080907093,0.8291933356751539
E1,h3_k0p25,baseline_3f,24,3.0,0.25,cusum_fgo,macro,0,90003,2.6093799721248767,0.767290237756138,1.3079364476577038,0.8248411520517277
E1,h3_k0p25,baseline_3f,25,3.0,0.25,cusum_fgo,follower,1,30001,1.8842044359570684,0.6965441549104806,1.3813236080493572,0.7831313373929062
E1,h3_k0p25,baseline_3f,25,3.0,0.25,cusum_fgo,follower,2,30001,1.8857605030561495,0.6828896890788498,1.149228230565008,0.7375536305837184
E1,h3_k0p25,baseline_3f,25,3.0,0.25,cusum_fgo,follower,3,30001,1.5108587299208303,0.5318467649352362,1.0025160394971648,0.5893495299290183
E1,h3_k0p25,baseline_3f,25,3.0,0.25,cusum_fgo,pooled,0,90003,1.8857605030561495,0.6370935363081889,1.1996875695245837,0.7081932217555651
E1,h3_k0p25,baseline_3f,25,3.0,0.25,cusum_fgo,macro,0,90003,1.7602745563113495,0.637093536308189,1.1776892927038434,0.7033448326352142
E1,h3_k0p25,baseline_3f,26,3.0,0.25,cusum_fgo,follower,1,30001,4.6437269653899635,0.9356440613597742,1.683976235559858,1.0756397215701832
E1,h3_k0p25,baseline_3f,26,3.0,0.25,cusum_fgo,follower,2,30001,2.122718967765719,0.815579754742609,1.4086104638895791,0.8786116659565147
E1,h3_k0p25,baseline_3f,26,3.0,0.25,cusum_fgo,follower,3,30001,1.9481890061561102,0.8067826642455656,1.4025917200102846,0.8604181466520203
E1,h3_k0p25,baseline_3f,26,3.0,0.25,cusum_fgo,pooled,0,90003,4.6437269653899635,0.8526688267826495,1.470157744620814,0.9432706676351458
E1,h3_k0p25,baseline_3f,26,3.0,0.25,cusum_fgo,macro,0,90003,2.904878313103931,0.8526688267826495,1.4983928064865737,0.9382231780595728
E1,h3_k0p25,baseline_3f,27,3.0,0.25,cusum_fgo,follower,1,30001,6.082278948082519,1.8017716988778505,3.0001681191886513,1.9900668549332852
E1,h3_k0p25,baseline_3f,27,3.0,0.25,cusum_fgo,follower,2,30001,3.5771812934536635,1.018746378237101,2.181919280120937,1.1349482216981068
E1,h3_k0p25,baseline_3f,27,3.0,0.25,cusum_fgo,follower,3,30001,2.0254920312792866,0.7686652147769488,1.2644325314955032,0.826273766989616
E1,h3_k0p25,baseline_3f,27,3.0,0.25,cusum_fgo,pooled,0,90003,6.082278948082519,1.196394430630633,2.5574204468005806,1.406082251156852
E1,h3_k0p25,baseline_3f,27,3.0,0.25,cusum_fgo,macro,0,90003,3.8949840909384896,1.1963944306306333,2.1488399769350304,1.3170962812070026
E1,h3_k0p25,baseline_3f,28,3.0,0.25,cusum_fgo,follower,1,30001,4.011736120331668,1.1241896882742417,1.9434631305867602,1.238199006120531
E1,h3_k0p25,baseline_3f,28,3.0,0.25,cusum_fgo,follower,2,30001,3.2708501564555785,1.2890204247999697,1.7931291843234256,1.3382370197270195
E1,h3_k0p25,baseline_3f,28,3.0,0.25,cusum_fgo,follower,3,30001,2.3558097336313826,0.8674464438943295,1.3902901920239181,0.9333015468061236
E1,h3_k0p25,baseline_3f,28,3.0,0.25,cusum_fgo,pooled,0,90003,4.011736120331668,1.0935521856561803,1.7833794444224143,1.1825208774755211
E1,h3_k0p25,baseline_3f,28,3.0,0.25,cusum_fgo,macro,0,90003,3.2127986701395432,1.0935521856561803,1.7089608356447012,1.1699125242178914
E1,h3_k0p25,baseline_3f,29,3.0,0.25,cusum_fgo,follower,1,30001,3.70502935457235,1.5098322302291003,2.1808993764949456,1.5846377141662094
E1,h3_k0p25,baseline_3f,29,3.0,0.25,cusum_fgo,follower,2,30001,1.8586440741171715,0.6101465815543254,1.188186047478024,0.6872249169265324
E1,h3_k0p25,baseline_3f,29,3.0,0.25,cusum_fgo,follower,3,30001,2.068743032745623,0.7946536350753114,1.387426470781448,0.8581039731351163
E1,h3_k0p25,baseline_3f,29,3.0,0.25,cusum_fgo,pooled,0,90003,3.70502935457235,0.9715441489529123,1.8846029050096844,1.1135075512860042
E1,h3_k0p25,baseline_3f,29,3.0,0.25,cusum_fgo,macro,0,90003,2.544138820478381,0.9715441489529124,1.5855039649181393,1.043322201409286
E1,h3_k0p25,baseline_3f,30,3.0,0.25,cusum_fgo,follower,1,30001,3.0551572493530443,1.1872756856300046,1.9171082960286465,1.253231425163514
E1,h3_k0p25,baseline_3f,30,3.0,0.25,cusum_fgo,follower,2,30001,2.0319597590813747,1.008563363985952,1.5913383546293192,1.0599206272122879
E1,h3_k0p25,baseline_3f,30,3.0,0.25,cusum_fgo,follower,3,30001,2.8110576140625723,0.6297081006934757,1.2384001208750537,0.7192180583019826
E1,h3_k0p25,baseline_3f,30,3.0,0.25,cusum_fgo,pooled,0,90003,3.0551572493530443,0.9418490501031441,1.6659285720813646,1.0346167336096228
E1,h3_k0p25,baseline_3f,30,3.0,0.25,cusum_fgo,macro,0,90003,2.6327248741656635,0.9418490501031441,1.5822822571776731,1.0107900368925948
E1,h3_k0p25,baseline_3f,31,3.0,0.25,cusum_fgo,follower,1,30001,6.0636380539420625,1.910029281276349,3.04166237567086,2.094356811897791
E1,h3_k0p25,baseline_3f,31,3.0,0.25,cusum_fgo,follower,2,30001,2.4253179943875427,1.4066722618828043,1.93383919373677,1.4558252840657526
E1,h3_k0p25,baseline_3f,31,3.0,0.25,cusum_fgo,follower,3,30001,2.113891479501923,0.8932995013313259,1.543674854753026,0.9727669575888737
E1,h3_k0p25,baseline_3f,31,3.0,0.25,cusum_fgo,pooled,0,90003,6.0636380539420625,1.4033336814968265,2.6450779458852858,1.576074582313553
E1,h3_k0p25,baseline_3f,31,3.0,0.25,cusum_fgo,macro,0,90003,3.534282509277176,1.4033336814968262,2.173058808053552,1.5076496845174725
E1,h3_k0p25,baseline_3f,32,3.0,0.25,cusum_fgo,follower,1,30001,2.213802696569821,0.8179934040068697,1.4814254784375434,0.8890652592226271
E1,h3_k0p25,baseline_3f,32,3.0,0.25,cusum_fgo,follower,2,30001,5.83074555116396,1.0990921232485762,2.04144394885887,1.261578347292969
E1,h3_k0p25,baseline_3f,32,3.0,0.25,cusum_fgo,follower,3,30001,2.7193052006683223,0.992532114502177,1.5522802321654174,1.0544126282983564
E1,h3_k0p25,baseline_3f,32,3.0,0.25,cusum_fgo,pooled,0,90003,5.83074555116396,0.969872547252541,1.7434196563803643,1.0791668008592097
E1,h3_k0p25,baseline_3f,32,3.0,0.25,cusum_fgo,macro,0,90003,3.5879511494673673,0.969872547252541,1.6917165531539435,1.0683520782713174
E1,h3_k0p25,baseline_3f,33,3.0,0.25,cusum_fgo,follower,1,30001,4.403029266218268,2.023470109670352,3.1032616435497866,2.1686192030620624
E1,h3_k0p25,baseline_3f,33,3.0,0.25,cusum_fgo,follower,2,30001,2.6176695305862605,1.1176092805393143,1.5793084645534636,1.170224862521983
E1,h3_k0p25,baseline_3f,33,3.0,0.25,cusum_fgo,follower,3,30001,2.507339506934755,0.7199043383462322,1.445137038928855,0.8097219948922081
E1,h3_k0p25,baseline_3f,33,3.0,0.25,cusum_fgo,pooled,0,90003,4.403029266218268,1.2869945761852994,2.7394104160066384,1.4975519118176779
E1,h3_k0p25,baseline_3f,33,3.0,0.25,cusum_fgo,macro,0,90003,3.1760127679130945,1.2869945761852994,2.0425690490107016,1.3828553534920847
E1,h3_k0p25,baseline_3f,34,3.0,0.25,cusum_fgo,follower,1,30001,4.6742515799499005,1.4326591682157495,3.2835333026803233,1.626049259605343
E1,h3_k0p25,baseline_3f,34,3.0,0.25,cusum_fgo,follower,2,30001,3.0415300268411047,0.8817043667557963,1.747721547392007,0.9832697665133218
E1,h3_k0p25,baseline_3f,34,3.0,0.25,cusum_fgo,follower,3,30001,1.7829989832108115,1.1028079691686203,1.4813994382366513,1.1317667507830336
E1,h3_k0p25,baseline_3f,34,3.0,0.25,cusum_fgo,pooled,0,90003,4.6742515799499005,1.1390571680467223,2.1013206775365543,1.2769431737004109
E1,h3_k0p25,baseline_3f,34,3.0,0.25,cusum_fgo,macro,0,90003,3.166260196667272,1.139057168046722,2.1708847627696604,1.2470285923005662
E1,h3_k0p25,baseline_3f,35,3.0,0.25,cusum_fgo,follower,1,30001,2.5483412142296946,0.6650038388676139,1.328330433802555,0.7664527086242078
E1,h3_k0p25,baseline_3f,35,3.0,0.25,cusum_fgo,follower,2,30001,2.437634663020037,0.9448372347811839,1.6634911393344118,1.0324371861061972
E1,h3_k0p25,baseline_3f,35,3.0,0.25,cusum_fgo,follower,3,30001,2.169898552084002,0.75652187789634,1.481259075616143,0.8376203772243123
E1,h3_k0p25,baseline_3f,35,3.0,0.25,cusum_fgo,pooled,0,90003,2.5483412142296946,0.7887876505150461,1.5425081006280308,0.8859992840767738
E1,h3_k0p25,baseline_3f,35,3.0,0.25,cusum_fgo,macro,0,90003,2.385291476444578,0.788787650515046,1.4910268829177034,0.878836757318239
E1,h3_k0p25,baseline_3f,36,3.0,0.25,cusum_fgo,follower,1,30001,4.884500021319148,1.8419477858194433,2.611590485391506,1.9479990576568365
E1,h3_k0p25,baseline_3f,36,3.0,0.25,cusum_fgo,follower,2,30001,3.111409234722987,1.522402390190627,2.3214355486336355,1.618519994359396
E1,h3_k0p25,baseline_3f,36,3.0,0.25,cusum_fgo,follower,3,30001,2.9107847161290836,0.7277197332205767,1.4433473312593212,0.828763710826957
E1,h3_k0p25,baseline_3f,36,3.0,0.25,cusum_fgo,pooled,0,90003,4.884500021319148,1.3640233030768825,2.4149341483186757,1.538522731839077
E1,h3_k0p25,baseline_3f,36,3.0,0.25,cusum_fgo,macro,0,90003,3.635564657390406,1.3640233030768822,2.1254577884281542,1.4650942542810632
E1,h3_k0p25,baseline_3f,37,3.0,0.25,cusum_fgo,follower,1,30001,2.2973037867436115,0.9662732517386772,1.6038548966121338,1.0471630273364694
E1,h3_k0p25,baseline_3f,37,3.0,0.25,cusum_fgo,follower,2,30001,3.2152470296965032,1.182066305844191,1.798812927191421,1.2512253495941477
E1,h3_k0p25,baseline_3f,37,3.0,0.25,cusum_fgo,follower,3,30001,3.006961705030403,0.9536978228626068,1.7263802649778568,1.0496612759613733
E1,h3_k0p25,baseline_3f,37,3.0,0.25,cusum_fgo,pooled,0,90003,3.2152470296965032,1.0340124601484915,1.7201770150067452,1.120104768245711
E1,h3_k0p25,baseline_3f,37,3.0,0.25,cusum_fgo,macro,0,90003,2.839837507156839,1.0340124601484917,1.7096826962604705,1.1160165509639968
E1,h3_k0p25,baseline_3f,38,3.0,0.25,cusum_fgo,follower,1,30001,2.0831844091143816,0.9874496061259349,1.4198392573853098,1.0228381023316697
E1,h3_k0p25,baseline_3f,38,3.0,0.25,cusum_fgo,follower,2,30001,2.3906139450832318,0.690900416622482,1.2814181361358732,0.7713643899307339
E1,h3_k0p25,baseline_3f,38,3.0,0.25,cusum_fgo,follower,3,30001,2.6196704851322328,0.909540471404971,1.4396641597759319,0.9608115286968695
E1,h3_k0p25,baseline_3f,38,3.0,0.25,cusum_fgo,pooled,0,90003,2.6196704851322328,0.862630164717796,1.4142875775964292,0.9245466635621085
E1,h3_k0p25,baseline_3f,38,3.0,0.25,cusum_fgo,macro,0,90003,2.364489613109949,0.862630164717796,1.3803071844323715,0.9183380069864243
E1,h3_k0p25,baseline_3f,39,3.0,0.25,cusum_fgo,follower,1,30001,3.0292331810701723,1.1287647529491045,1.8394240071304417,1.2166356683266324
E1,h3_k0p25,baseline_3f,39,3.0,0.25,cusum_fgo,follower,2,30001,1.9838481025011514,0.904174975607518,1.3947272210873334,0.9441957997509038
E1,h3_k0p25,baseline_3f,39,3.0,0.25,cusum_fgo,follower,3,30001,2.046959594960101,0.7312138967402786,1.1855342999045682,0.7812773217212559
E1,h3_k0p25,baseline_3f,39,3.0,0.25,cusum_fgo,pooled,0,90003,3.0292331810701723,0.9213845417656337,1.5845538494111073,0.9970125895473568
E1,h3_k0p25,baseline_3f,39,3.0,0.25,cusum_fgo,macro,0,90003,2.353346959510475,0.9213845417656336,1.4732285093741144,0.9807029299329306
E1,h3_k0p25,baseline_3f,40,3.0,0.25,cusum_fgo,follower,1,30001,3.597325384602675,0.7730618148039808,1.463586981556438,0.8698253581721664
E1,h3_k0p25,baseline_3f,40,3.0,0.25,cusum_fgo,follower,2,30001,5.8754950863446185,1.5197502417605047,3.303713952082596,1.7497370279759443
E1,h3_k0p25,baseline_3f,40,3.0,0.25,cusum_fgo,follower,3,30001,3.5481354221130257,0.5365601829092803,0.982998859664538,0.6187260230410311
E1,h3_k0p25,baseline_3f,40,3.0,0.25,cusum_fgo,pooled,0,90003,5.8754950863446185,0.9431240798245886,2.2356596645392504,1.1833564850849185
E1,h3_k0p25,baseline_3f,40,3.0,0.25,cusum_fgo,macro,0,90003,4.340318631020106,0.9431240798245887,1.9167665977678574,1.079429469729714
E1,h3_k0p25,baseline_3f,41,3.0,0.25,cusum_fgo,follower,1,30001,3.476692546602019,1.4087047717672543,2.2533257729671416,1.5002862399799366
E1,h3_k0p25,baseline_3f,41,3.0,0.25,cusum_fgo,follower,2,30001,2.618892638463388,0.702682260311469,1.4929503777445536,0.8026875838205247
E1,h3_k0p25,baseline_3f,41,3.0,0.25,cusum_fgo,follower,3,30001,2.2370854695818583,0.827067078217215,1.4586228244756034,0.8926170967708933
E1,h3_k0p25,baseline_3f,41,3.0,0.25,cusum_fgo,pooled,0,90003,3.476692546602019,0.9794847034319794,1.9470647557414897,1.1093438662170936
E1,h3_k0p25,baseline_3f,41,3.0,0.25,cusum_fgo,macro,0,90003,2.777556884882422,0.9794847034319795,1.734966325062433,1.0651969735237847
E1,h3_k0p25,baseline_3f,42,3.0,0.25,cusum_fgo,follower,1,30001,4.305204748323976,1.057476675796034,1.7332035752415758,1.1461340657399801
E1,h3_k0p25,baseline_3f,42,3.0,0.25,cusum_fgo,follower,2,30001,2.3670676837651348,0.7889372891029576,1.426266391670904,0.848800246283784
E1,h3_k0p25,baseline_3f,42,3.0,0.25,cusum_fgo,follower,3,30001,1.8459641153707833,0.6919803281134069,1.3559242633920068,0.7754409708901286
E1,h3_k0p25,baseline_3f,42,3.0,0.25,cusum_fgo,pooled,0,90003,4.305204748323976,0.846131431004133,1.527128223801594,0.9372644333513168
E1,h3_k0p25,baseline_3f,42,3.0,0.25,cusum_fgo,macro,0,90003,2.8394121824866314,0.8461314310041329,1.5051314101014954,0.9234584276379643
E1,h3_k0p25,baseline_3f,43,3.0,0.25,cusum_fgo,follower,1,30001,4.225723827503481,0.8818396642232033,1.3990494483111213,0.9892318487061955
E1,h3_k0p25,baseline_3f,43,3.0,0.25,cusum_fgo,follower,2,30001,2.760201817780375,1.1426209668833924,1.6708069866443003,1.1978894366157937
E1,h3_k0p25,baseline_3f,43,3.0,0.25,cusum_fgo,follower,3,30001,1.9503788741771846,0.5103972047985358,0.9345171654870588,0.5570096679490704
E1,h3_k0p25,baseline_3f,43,3.0,0.25,cusum_fgo,pooled,0,90003,4.225723827503481,0.8449526119683771,1.5197027006216164,0.9528516014292947
E1,h3_k0p25,baseline_3f,43,3.0,0.25,cusum_fgo,macro,0,90003,2.9787681731536804,0.8449526119683771,1.3347912001474935,0.9147103177570198
E1,h3_k0p25,baseline_3f,44,3.0,0.25,cusum_fgo,follower,1,30001,2.1843390997430587,1.1072685310506485,1.7473679016193187,1.1635853467165387
E1,h3_k0p25,baseline_3f,44,3.0,0.25,cusum_fgo,follower,2,30001,2.0560392779988548,1.024705425653438,1.5475153490825837,1.0867990706996282
E1,h3_k0p25,baseline_3f,44,3.0,0.25,cusum_fgo,follower,3,30001,2.7479101908104355,0.931167090811193,1.3718404021487214,0.9731059851037144
E1,h3_k0p25,baseline_3f,44,3.0,0.25,cusum_fgo,pooled,0,90003,2.7479101908104355,1.0210470158384266,1.565305914781734,1.0773421519974815
E1,h3_k0p25,baseline_3f,44,3.0,0.25,cusum_fgo,macro,0,90003,2.329429522850783,1.0210470158384266,1.555574550950208,1.0744968008399605
E1,h3_k0p25,baseline_3f,45,3.0,0.25,cusum_fgo,follower,1,30001,4.446915534502194,1.7574596199422095,2.6754993314164195,1.8908671952533993
E1,h3_k0p25,baseline_3f,45,3.0,0.25,cusum_fgo,follower,2,30001,2.2536190313007816,0.7965566695104319,1.3596816535815461,0.8676269611461103
E1,h3_k0p25,baseline_3f,45,3.0,0.25,cusum_fgo,follower,3,30001,2.7059660858563395,1.2079702051459618,1.6146679671706272,1.245681162244889
E1,h3_k0p25,baseline_3f,45,3.0,0.25,cusum_fgo,pooled,0,90003,4.446915534502194,1.2539954981995343,2.343344448857745,1.399985339419056
E1,h3_k0p25,baseline_3f,45,3.0,0.25,cusum_fgo,macro,0,90003,3.1355002172197715,1.2539954981995345,1.8832829840561975,1.3347251062147993
E1,h3_k0p25,baseline_3f,46,3.0,0.25,cusum_fgo,follower,1,30001,2.77945866622924,1.119998370268732,1.7414320749157546,1.1850589154550375
E1,h3_k0p25,baseline_3f,46,3.0,0.25,cusum_fgo,follower,2,30001,2.547721945550129,1.2179646009947414,1.823747896047103,1.2700285859437774
E1,h3_k0p25,baseline_3f,46,3.0,0.25,cusum_fgo,follower,3,30001,2.223612292329808,0.885409257638963,1.4063693304344234,0.9366846373725719
E1,h3_k0p25,baseline_3f,46,3.0,0.25,cusum_fgo,pooled,0,90003,2.77945866622924,1.0744574096341453,1.6967128476143016,1.139402672763761
E1,h3_k0p25,baseline_3f,46,3.0,0.25,cusum_fgo,macro,0,90003,2.5169309680363923,1.0744574096341455,1.6571831004657602,1.1305907129237955
E1,h3_k0p25,baseline_3f,47,3.0,0.25,cusum_fgo,follower,1,30001,4.329653758062616,0.9355002563444774,1.524375278521143,1.0600509817651365
E1,h3_k0p25,baseline_3f,47,3.0,0.25,cusum_fgo,follower,2,30001,2.070253243535265,0.8258164463220307,1.3815825676505453,0.8816186574131961
E1,h3_k0p25,baseline_3f,47,3.0,0.25,cusum_fgo,follower,3,30001,1.8943141615441068,0.7353922240292028,1.207722280698286,0.7894876571896261
E1,h3_k0p25,baseline_3f,47,3.0,0.25,cusum_fgo,pooled,0,90003,4.329653758062616,0.8322363088985701,1.38209683994407,0.9172877232898884
E1,h3_k0p25,baseline_3f,47,3.0,0.25,cusum_fgo,macro,0,90003,2.7647403877139958,0.8322363088985703,1.371226708956658,0.9103857654559863
E1,h3_k0p25,baseline_3f,48,3.0,0.25,cusum_fgo,follower,1,30001,3.95894463133264,0.8596986819347621,1.8305630796428813,1.0206271433066856
E1,h3_k0p25,baseline_3f,48,3.0,0.25,cusum_fgo,follower,2,30001,2.7194161700172854,0.6784742558011592,1.2069853106531623,0.7447728404363267
E1,h3_k0p25,baseline_3f,48,3.0,0.25,cusum_fgo,follower,3,30001,1.6089578099718707,0.4245724829013536,0.8169448779113808,0.4722108426926033
E1,h3_k0p25,baseline_3f,48,3.0,0.25,cusum_fgo,pooled,0,90003,3.95894463133264,0.6542484735457583,1.343537036359842,0.7787488746834925
E1,h3_k0p25,baseline_3f,48,3.0,0.25,cusum_fgo,macro,0,90003,2.7624395371072654,0.6542484735457582,1.2848310894024748,0.7458702754785386
E1,h3_k0p25,baseline_3f,49,3.0,0.25,cusum_fgo,follower,1,30001,3.6497636318538937,1.2459451447804701,1.8362062730237938,1.3357790871558608
E1,h3_k0p25,baseline_3f,49,3.0,0.25,cusum_fgo,follower,2,30001,2.2887940231916493,0.9288817155022094,1.4648354723335733,0.9764119444295418
E1,h3_k0p25,baseline_3f,49,3.0,0.25,cusum_fgo,follower,3,30001,2.9356874737017704,1.1381546109405982,1.7222306023620448,1.2056056582713486
E1,h3_k0p25,baseline_3f,49,3.0,0.25,cusum_fgo,pooled,0,90003,3.6497636318538937,1.1043271570744257,1.7334429812578784,1.181971666068116
E1,h3_k0p25,baseline_3f,49,3.0,0.25,cusum_fgo,macro,0,90003,2.9580817095824377,1.104327157074426,1.6744241159064706,1.172598896618917
E1,h3_k0p25,baseline_3f,50,3.0,0.25,cusum_fgo,follower,1,30001,2.340551415839539,1.0907836582939991,1.6711257369168249,1.1411292738706387
E1,h3_k0p25,baseline_3f,50,3.0,0.25,cusum_fgo,follower,2,30001,2.4641038604274934,1.038780903995142,1.6031840310878276,1.0983009656991796
E1,h3_k0p25,baseline_3f,50,3.0,0.25,cusum_fgo,follower,3,30001,2.209831061765506,0.8974181327430795,1.3826013511517798,0.9416848955696642
E1,h3_k0p25,baseline_3f,50,3.0,0.25,cusum_fgo,pooled,0,90003,2.4641038604274934,1.008994231677407,1.600781714642049,1.0638313577950738
E1,h3_k0p25,baseline_3f,50,3.0,0.25,cusum_fgo,macro,0,90003,2.3381621126775127,1.0089942316774068,1.5523037063854774,1.0603717117131608
E1,h3_k0p25,healthy_maneuver,1,3.0,0.25,cusum_fgo,follower,1,30001,2.266116464551638,0.918353579672582,1.4637637706447533,0.9746624059576484
E1,h3_k0p25,healthy_maneuver,1,3.0,0.25,cusum_fgo,follower,2,30001,2.0183240420660318,0.8517850202721372,1.3682670799477128,0.912564888890746
E1,h3_k0p25,healthy_maneuver,1,3.0,0.25,cusum_fgo,follower,3,30001,1.9139365790710876,0.86147889636689,1.3430422310412835,0.9140317726489403
E1,h3_k0p25,healthy_maneuver,1,3.0,0.25,cusum_fgo,pooled,0,90003,2.266116464551638,0.8772058321038698,1.394852648972599,0.9342011852263757
E1,h3_k0p25,healthy_maneuver,1,3.0,0.25,cusum_fgo,macro,0,90003,2.066125695229586,0.8772058321038697,1.39169102721125,0.9337530224991116
E1,h3_k0p25,healthy_maneuver,2,3.0,0.25,cusum_fgo,follower,1,30001,2.2355993776055323,0.7978009213290729,1.3870200082229065,0.8573510440336799
E1,h3_k0p25,healthy_maneuver,2,3.0,0.25,cusum_fgo,follower,2,30001,2.5767161946989035,1.4130895425670682,2.0222755638278223,1.473549659987176
E1,h3_k0p25,healthy_maneuver,2,3.0,0.25,cusum_fgo,follower,3,30001,2.3324430124165225,1.0131848636927565,1.6658549288344842,1.0809958502604307
E1,h3_k0p25,healthy_maneuver,2,3.0,0.25,cusum_fgo,pooled,0,90003,2.5767161946989035,1.074691775862966,1.863505826597167,1.1654686384217916
E1,h3_k0p25,healthy_maneuver,2,3.0,0.25,cusum_fgo,macro,0,90003,2.381586194906986,1.0746917758629657,1.6917168336284043,1.1372988514270956
E1,h3_k0p25,healthy_maneuver,3,3.0,0.25,cusum_fgo,follower,1,30001,1.942577092922134,0.624976661004531,1.1907802541239394,0.6969097519586385
E1,h3_k0p25,healthy_maneuver,3,3.0,0.25,cusum_fgo,follower,2,30001,2.2252351412905482,0.8606063171976787,1.6203656667900352,0.9455965447251841
E1,h3_k0p25,healthy_maneuver,3,3.0,0.25,cusum_fgo,follower,3,30001,1.4149717242265074,0.43076506052231694,0.7621838022270973,0.4692410662261737
E1,h3_k0p25,healthy_maneuver,3,3.0,0.25,cusum_fgo,pooled,0,90003,2.2252351412905482,0.6387826795748422,1.3389904136486537,0.7303020393427034
E1,h3_k0p25,healthy_maneuver,3,3.0,0.25,cusum_fgo,macro,0,90003,1.8609279861463968,0.6387826795748422,1.1911099077136906,0.7039157876366654
E1,h3_k0p25,healthy_maneuver,4,3.0,0.25,cusum_fgo,follower,1,30001,2.660201834508401,1.351692377784897,1.8664136942180454,1.3917169846456912
E1,h3_k0p25,healthy_maneuver,4,3.0,0.25,cusum_fgo,follower,2,30001,2.255579815093283,0.9763903053091082,1.4389881650231033,1.0161653631354548
E1,h3_k0p25,healthy_maneuver,4,3.0,0.25,cusum_fgo,follower,3,30001,1.953756229055659,0.8777959758989509,1.4734557042841032,0.9441774511692861
E1,h3_k0p25,healthy_maneuver,4,3.0,0.25,cusum_fgo,pooled,0,90003,2.660201834508401,1.0686262196643188,1.6988150824592667,1.134451302008161
E1,h3_k0p25,healthy_maneuver,4,3.0,0.25,cusum_fgo,macro,0,90003,2.2898459595524474,1.0686262196643186,1.592952521175084,1.1173532663168106
E1,h3_k0p25,healthy_maneuver,5,3.0,0.25,cusum_fgo,follower,1,30001,2.599324356198581,1.5518180169554088,2.237173156717641,1.6404007343501217
E1,h3_k0p25,healthy_maneuver,5,3.0,0.25,cusum_fgo,follower,2,30001,1.6192594696140226,0.47064935264977453,0.844477277041129,0.512385222437297
E1,h3_k0p25,healthy_maneuver,5,3.0,0.25,cusum_fgo,follower,3,30001,1.5279132003575948,0.8328891653052742,1.1646880436506186,0.8540894781637062
E1,h3_k0p25,healthy_maneuver,5,3.0,0.25,cusum_fgo,pooled,0,90003,2.599324356198581,0.9517855116368191,2.0813069958282804,1.107989473797546
E1,h3_k0p25,healthy_maneuver,5,3.0,0.25,cusum_fgo,macro,0,90003,1.9154990087233994,0.9517855116368191,1.4154461591364627,1.002291811650375
E1,h3_k0p25,healthy_maneuver,6,3.0,0.25,cusum_fgo,follower,1,30001,2.5945489539428004,1.0552800782424996,1.864627706979808,1.1493691334320009
E1,h3_k0p25,healthy_maneuver,6,3.0,0.25,cusum_fgo,follower,2,30001,2.804634071234939,1.5169734870504115,2.18104575227001,1.5952374045969535
E1,h3_k0p25,healthy_maneuver,6,3.0,0.25,cusum_fgo,follower,3,30001,2.1635970516640075,0.7732429958673608,1.2633686036995972,0.8172641908684678
E1,h3_k0p25,healthy_maneuver,6,3.0,0.25,cusum_fgo,pooled,0,90003,2.804634071234939,1.1151655203867572,1.9983994978948492,1.2293294296197073
E1,h3_k0p25,healthy_maneuver,6,3.0,0.25,cusum_fgo,macro,0,90003,2.5209266922805824,1.1151655203867572,1.7696806876498048,1.1872902429658074
E1,h3_k0p25,healthy_maneuver,7,3.0,0.25,cusum_fgo,follower,1,30001,1.9914564517048179,0.770148857733246,1.3510505677288756,0.8329445243369747
E1,h3_k0p25,healthy_maneuver,7,3.0,0.25,cusum_fgo,follower,2,30001,2.6394387188040773,1.3229708556509667,2.0999769694003376,1.3960674545105933
E1,h3_k0p25,healthy_maneuver,7,3.0,0.25,cusum_fgo,follower,3,30001,1.4428827371477915,0.5097552201117931,1.0338580699326065,0.5665543551685164
E1,h3_k0p25,healthy_maneuver,7,3.0,0.25,cusum_fgo,pooled,0,90003,2.6394387188040773,0.8676249778320019,1.786879161066677,0.9939457992478011
E1,h3_k0p25,healthy_maneuver,7,3.0,0.25,cusum_fgo,macro,0,90003,2.024592635885562,0.8676249778320019,1.4949618690206066,0.9318554446720282
E1,h3_k0p25,healthy_maneuver,8,3.0,0.25,cusum_fgo,follower,1,30001,2.537888930792906,1.0657056144303136,1.7663426641504365,1.1404563729126982
E1,h3_k0p25,healthy_maneuver,8,3.0,0.25,cusum_fgo,follower,2,30001,2.0624353560576645,0.5857694937057168,1.125412660080432,0.6554643773769275
E1,h3_k0p25,healthy_maneuver,8,3.0,0.25,cusum_fgo,follower,3,30001,2.160356834639831,0.8261531712244723,1.260647857840107,0.8703892907644974
E1,h3_k0p25,healthy_maneuver,8,3.0,0.25,cusum_fgo,pooled,0,90003,2.537888930792906,0.8258760931201675,1.5687861006280406,0.910650281576273
E1,h3_k0p25,healthy_maneuver,8,3.0,0.25,cusum_fgo,macro,0,90003,2.2535603738301337,0.8258760931201676,1.3841343940236586,0.8887700136847076
E1,h3_k0p25,healthy_maneuver,9,3.0,0.25,cusum_fgo,follower,1,30001,2.1088048543249087,0.8027956909884827,1.3420971878637409,0.8640180482014417
E1,h3_k0p25,healthy_maneuver,9,3.0,0.25,cusum_fgo,follower,2,30001,1.9512690012223948,0.70511003861173,1.40283875351201,0.788859570469012
E1,h3_k0p25,healthy_maneuver,9,3.0,0.25,cusum_fgo,follower,3,30001,1.7199718304425655,0.7327228090089681,1.2772026676865134,0.787155033554245
E1,h3_k0p25,healthy_maneuver,9,3.0,0.25,cusum_fgo,pooled,0,90003,2.1088048543249087,0.7468761795363937,1.3388319277516276,0.8141334158453735
E1,h3_k0p25,healthy_maneuver,9,3.0,0.25,cusum_fgo,macro,0,90003,1.9266818953299563,0.7468761795363936,1.3407128696874213,0.8133442174082329
E1,h3_k0p25,healthy_maneuver,10,3.0,0.25,cusum_fgo,follower,1,30001,1.9219778180476146,0.6063910608138668,1.0575975440866208,0.6542634090058308
E1,h3_k0p25,healthy_maneuver,10,3.0,0.25,cusum_fgo,follower,2,30001,2.3265762386356985,1.0255420445137207,1.6475493303674984,1.0914094785499586
E1,h3_k0p25,healthy_maneuver,10,3.0,0.25,cusum_fgo,follower,3,30001,1.1865304139469965,0.381576467948418,0.7175383763604747,0.4249088614865533
E1,h3_k0p25,healthy_maneuver,10,3.0,0.25,cusum_fgo,pooled,0,90003,2.3265762386356985,0.6711698577586684,1.4652371064585734,0.7745499335748519
E1,h3_k0p25,healthy_maneuver,10,3.0,0.25,cusum_fgo,macro,0,90003,1.8116948235434365,0.6711698577586686,1.1408950836048646,0.7235272496807809
E1,h3_k0p25,healthy_maneuver,11,3.0,0.25,cusum_fgo,follower,1,30001,2.223835289144577,0.9368568816737475,1.511783613952296,0.9906644760826708
E1,h3_k0p25,healthy_maneuver,11,3.0,0.25,cusum_fgo,follower,2,30001,2.739023270015314,1.2079133715165367,2.032436774478887,1.2802913294841813
E1,h3_k0p25,healthy_maneuver,11,3.0,0.25,cusum_fgo,follower,3,30001,1.8499036410035565,0.6236247422385217,1.1572557088820392,0.6850299685788681
E1,h3_k0p25,healthy_maneuver,11,3.0,0.25,cusum_fgo,pooled,0,90003,2.739023270015314,0.9227983318096019,1.7176240349683451,1.0148609182831723
E1,h3_k0p25,healthy_maneuver,11,3.0,0.25,cusum_fgo,macro,0,90003,2.2709207333878156,0.9227983318096019,1.5671586991044073,0.9853285913819066
E1,h3_k0p25,healthy_maneuver,12,3.0,0.25,cusum_fgo,follower,1,30001,2.1839382356238626,0.918188437085864,1.5338924749030167,0.9858881377901993
E1,h3_k0p25,healthy_maneuver,12,3.0,0.25,cusum_fgo,follower,2,30001,1.9012174378671927,0.6432989666513482,1.159554578537472,0.7011839211038914
E1,h3_k0p25,healthy_maneuver,12,3.0,0.25,cusum_fgo,follower,3,30001,1.844974041703231,1.0020930976785207,1.3625609381516044,1.0328752049543173
E1,h3_k0p25,healthy_maneuver,12,3.0,0.25,cusum_fgo,pooled,0,90003,2.1839382356238626,0.8545268338052443,1.4052407707727872,0.9184163000258431
E1,h3_k0p25,healthy_maneuver,12,3.0,0.25,cusum_fgo,macro,0,90003,1.976709905064762,0.8545268338052443,1.352002663864031,0.9066490879494693
E1,h3_k0p25,healthy_maneuver,13,3.0,0.25,cusum_fgo,follower,1,30001,2.1902631029510116,1.2558902577596207,1.81096364903169,1.3016949817282655
E1,h3_k0p25,healthy_maneuver,13,3.0,0.25,cusum_fgo,follower,2,30001,2.228532599408157,0.7986016822511208,1.6437102801016024,0.8984401924283804
E1,h3_k0p25,healthy_maneuver,13,3.0,0.25,cusum_fgo,follower,3,30001,2.394476030086227,0.9398604803960364,1.6385669700260115,1.0280130050909286
E1,h3_k0p25,healthy_maneuver,13,3.0,0.25,cusum_fgo,pooled,0,90003,2.394476030086227,0.9981174734689261,1.7285930936436904,1.0890998337255982
E1,h3_k0p25,healthy_maneuver,13,3.0,0.25,cusum_fgo,macro,0,90003,2.2710905774817984,0.998117473468926,1.6977469663864346,1.0760493930825248
E1,h3_k0p25,healthy_maneuver,14,3.0,0.25,cusum_fgo,follower,1,30001,2.212085964670595,0.7470796857178204,1.358362755016921,0.8198904286041699
E1,h3_k0p25,healthy_maneuver,14,3.0,0.25,cusum_fgo,follower,2,30001,2.7168521804550885,0.87112359132783,2.126196136789845,1.0435858806139
E1,h3_k0p25,healthy_maneuver,14,3.0,0.25,cusum_fgo,follower,3,30001,2.004849112726167,1.0167342602191962,1.5373655175689454,1.0669354698293756
E1,h3_k0p25,healthy_maneuver,14,3.0,0.25,cusum_fgo,pooled,0,90003,2.7168521804550885,0.8783125124216155,1.7567284301398947,0.9831315784969052
E1,h3_k0p25,healthy_maneuver,14,3.0,0.25,cusum_fgo,macro,0,90003,2.3112624192839504,0.8783125124216156,1.673974803125237,0.9768039263491485
E1,h3_k0p25,healthy_maneuver,15,3.0,0.25,cusum_fgo,follower,1,30001,2.4851193822279836,1.1225972831547386,1.7921795901719826,1.1872575001359185
E1,h3_k0p25,healthy_maneuver,15,3.0,0.25,cusum_fgo,follower,2,30001,2.493958835773697,1.270575233105738,2.037613319496506,1.3358653487358925
E1,h3_k0p25,healthy_maneuver,15,3.0,0.25,cusum_fgo,follower,3,30001,1.3369529779042224,0.5307899375267181,0.9586386130191632,0.5784345081065262
E1,h3_k0p25,healthy_maneuver,15,3.0,0.25,cusum_fgo,pooled,0,90003,2.493958835773697,0.9746541512623982,1.8330600992066337,1.0845433880594937
E1,h3_k0p25,healthy_maneuver,15,3.0,0.25,cusum_fgo,macro,0,90003,2.105343731968634,0.9746541512623983,1.596143840895884,1.0338524523261123
E1,h3_k0p25,healthy_maneuver,16,3.0,0.25,cusum_fgo,follower,1,30001,2.3241138002928046,0.7647945671309778,1.5271043493828051,0.8655999014361287
E1,h3_k0p25,healthy_maneuver,16,3.0,0.25,cusum_fgo,follower,2,30001,2.0513180001537576,0.7844188425490624,1.2633568904016015,0.8359178056449359
E1,h3_k0p25,healthy_maneuver,16,3.0,0.25,cusum_fgo,follower,3,30001,1.6033257915455976,0.6696868231727557,1.194491407734077,0.7256202402033359
E1,h3_k0p25,healthy_maneuver,16,3.0,0.25,cusum_fgo,pooled,0,90003,2.3241138002928046,0.739633410950932,1.319492156179837,0.811284269980469
E1,h3_k0p25,healthy_maneuver,16,3.0,0.25,cusum_fgo,macro,0,90003,1.99291919733072,0.7396334109509319,1.3283175491728278,0.8090459824281336
E1,h3_k0p25,healthy_maneuver,17,3.0,0.25,cusum_fgo,follower,1,30001,2.3094870144807937,1.2589898917690374,1.7596197768922444,1.296969096849192
E1,h3_k0p25,healthy_maneuver,17,3.0,0.25,cusum_fgo,follower,2,30001,2.054138169945165,0.9453956512246465,1.3680382672780182,0.9835355896995089
E1,h3_k0p25,healthy_maneuver,17,3.0,0.25,cusum_fgo,follower,3,30001,1.798093444191659,0.9656189943177158,1.3831668468540392,1.0047355967075147
E1,h3_k0p25,healthy_maneuver,17,3.0,0.25,cusum_fgo,pooled,0,90003,2.3094870144807937,1.0566681791038,1.5828087634211705,1.1043798733042562
E1,h3_k0p25,healthy_maneuver,17,3.0,0.25,cusum_fgo,macro,0,90003,2.053906209539206,1.0566681791038,1.5036082970081006,1.0950800944187387
E1,h3_k0p25,healthy_maneuver,18,3.0,0.25,cusum_fgo,follower,1,30001,2.8079855247677257,1.33842223562445,2.216090821974435,1.4389787538498198
E1,h3_k0p25,healthy_maneuver,18,3.0,0.25,cusum_fgo,follower,2,30001,2.295604424262913,1.1836001970298042,1.7247258212179508,1.2287394773798896
E1,h3_k0p25,healthy_maneuver,18,3.0,0.25,cusum_fgo,follower,3,30001,1.163312576559893,0.4713014233731638,0.877172558268156,0.5173008982324296
E1,h3_k0p25,healthy_maneuver,18,3.0,0.25,cusum_fgo,pooled,0,90003,2.8079855247677257,0.997774618675806,1.9471389619778552,1.1325576919249432
E1,h3_k0p25,healthy_maneuver,18,3.0,0.25,cusum_fgo,macro,0,90003,2.088967508530177,0.997774618675806,1.6059964004868472,1.0616730431540464
E1,h3_k0p25,healthy_maneuver,19,3.0,0.25,cusum_fgo,follower,1,30001,1.734748768497697,0.9288388062184367,1.3746969640663254,0.9623835461223563
E1,h3_k0p25,healthy_maneuver,19,3.0,0.25,cusum_fgo,follower,2,30001,1.6361156101873537,0.8194447221639134,1.3195239283906899,0.869939453597343
E1,h3_k0p25,healthy_maneuver,19,3.0,0.25,cusum_fgo,follower,3,30001,1.3295463307862545,0.46355721403293715,0.8149686763736927,0.5074071255545862
E1,h3_k0p25,healthy_maneuver,19,3.0,0.25,cusum_fgo,pooled,0,90003,1.734748768497697,0.7372802474717626,1.2851440028513814,0.8042467974935416
E1,h3_k0p25,healthy_maneuver,19,3.0,0.25,cusum_fgo,macro,0,90003,1.5668035698237681,0.7372802474717624,1.1697298562769027,0.7799100417580952
E1,h3_k0p25,healthy_maneuver,20,3.0,0.25,cusum_fgo,follower,1,30001,2.565408772636586,1.2858186810238321,1.956038301649247,1.3518214313935883
E1,h3_k0p25,healthy_maneuver,20,3.0,0.25,cusum_fgo,follower,2,30001,2.212968269320802,0.9105173441766081,1.5963416593260158,0.9848109605548975
E1,h3_k0p25,healthy_maneuver,20,3.0,0.25,cusum_fgo,follower,3,30001,1.989678166075934,0.6520618309227437,1.2073544450282454,0.7144907636460608
E1,h3_k0p25,healthy_maneuver,20,3.0,0.25,cusum_fgo,pooled,0,90003,2.565408772636586,0.9494659520410613,1.7530073912500215,1.0500429930467292
E1,h3_k0p25,healthy_maneuver,20,3.0,0.25,cusum_fgo,macro,0,90003,2.256018402677774,0.9494659520410614,1.5865781353345028,1.017041051864849
E1,h3_k0p25,healthy_maneuver,21,3.0,0.25,cusum_fgo,follower,1,30001,3.2217315243505347,1.6233467495116976,2.3946209344694527,1.7188989313368273
E1,h3_k0p25,healthy_maneuver,21,3.0,0.25,cusum_fgo,follower,2,30001,3.0578253119397116,1.175393182234267,1.7488128263610285,1.2403628640272046
E1,h3_k0p25,healthy_maneuver,21,3.0,0.25,cusum_fgo,follower,3,30001,1.7489516077988099,0.49889275307968756,0.9943452052669284,0.5544171714016486
E1,h3_k0p25,healthy_maneuver,21,3.0,0.25,cusum_fgo,pooled,0,90003,3.2217315243505347,1.099210894941884,2.2055281706834764,1.2649758852185893
E1,h3_k0p25,healthy_maneuver,21,3.0,0.25,cusum_fgo,macro,0,90003,2.6761694813630186,1.099210894941884,1.7125929886991365,1.1712263222552268
E1,h3_k0p25,healthy_maneuver,22,3.0,0.25,cusum_fgo,follower,1,30001,2.701861575946058,0.8503195251553636,1.4931257277865486,0.9239106405108665
E1,h3_k0p25,healthy_maneuver,22,3.0,0.25,cusum_fgo,follower,2,30001,2.6870833281594027,1.0865828380266798,2.1309028983396807,1.1872123397363237
E1,h3_k0p25,healthy_maneuver,22,3.0,0.25,cusum_fgo,follower,3,30001,2.064778910137611,1.1111913997562435,1.540886243759421,1.1482349529515774
E1,h3_k0p25,healthy_maneuver,22,3.0,0.25,cusum_fgo,pooled,0,90003,2.701861575946058,1.0160312543127623,1.656431844982564,1.0926310018255794
E1,h3_k0p25,healthy_maneuver,22,3.0,0.25,cusum_fgo,macro,0,90003,2.484574604747691,1.0160312543127623,1.7216382899618834,1.0864526443995892
E1,h3_k0p25,healthy_maneuver,23,3.0,0.25,cusum_fgo,follower,1,30001,2.072263538194302,0.805379865271862,1.2650780482502746,0.8605469850590576
E1,h3_k0p25,healthy_maneuver,23,3.0,0.25,cusum_fgo,follower,2,30001,2.2694578035332906,1.1474099017478787,1.7171559433137857,1.1941976663204337
E1,h3_k0p25,healthy_maneuver,23,3.0,0.25,cusum_fgo,follower,3,30001,1.635879815152464,0.5538541593382776,0.9363157005323561,0.5926285399441793
E1,h3_k0p25,healthy_maneuver,23,3.0,0.25,cusum_fgo,pooled,0,90003,2.2694578035332906,0.8355479754526727,1.540683489151127,0.9161254946959637
E1,h3_k0p25,healthy_maneuver,23,3.0,0.25,cusum_fgo,macro,0,90003,1.9925337189600187,0.8355479754526728,1.3061832306988055,0.8824577304412236
E1,h3_k0p25,healthy_maneuver,24,3.0,0.25,cusum_fgo,follower,1,30001,2.4690382056649995,0.7469025183667536,1.3254821802252221,0.8234631601285377
E1,h3_k0p25,healthy_maneuver,24,3.0,0.25,cusum_fgo,follower,2,30001,3.142297464770318,0.6462444604517168,1.009846234358017,0.6867567254034396
E1,h3_k0p25,healthy_maneuver,24,3.0,0.25,cusum_fgo,follower,3,30001,1.9631335744943554,0.8395288471214741,1.3003345174659435,0.8817475022905423
E1,h3_k0p25,healthy_maneuver,24,3.0,0.25,cusum_fgo,pooled,0,90003,3.142297464770318,0.7442252753133148,1.2420961042975276,0.8014996431214308
E1,h3_k0p25,healthy_maneuver,24,3.0,0.25,cusum_fgo,macro,0,90003,2.524823081643224,0.7442252753133148,1.2118876440163941,0.7973224626075065
E1,h3_k0p25,healthy_maneuver,25,3.0,0.25,cusum_fgo,follower,1,30001,1.8853123261404912,0.6552688125775704,1.3460628891978343,0.7483684340158332
E1,h3_k0p25,healthy_maneuver,25,3.0,0.25,cusum_fgo,follower,2,30001,1.6632159954233472,0.6727869210364953,1.045657410798865,0.7151955187174052
E1,h3_k0p25,healthy_maneuver,25,3.0,0.25,cusum_fgo,follower,3,30001,1.5108594594914586,0.5500742904250756,0.9885551381755613,0.6012462685934208
E1,h3_k0p25,healthy_maneuver,25,3.0,0.25,cusum_fgo,pooled,0,90003,1.8853123261404912,0.6260433413463804,1.1486261817578742,0.6911480831491615
E1,h3_k0p25,healthy_maneuver,25,3.0,0.25,cusum_fgo,macro,0,90003,1.686462593685099,0.6260433413463805,1.1267584793907535,0.6882700737755529
E1,h3_k0p25,healthy_maneuver,26,3.0,0.25,cusum_fgo,follower,1,30001,2.2320158198209974,0.843084608937086,1.3981234884757285,0.8955375066680503
E1,h3_k0p25,healthy_maneuver,26,3.0,0.25,cusum_fgo,follower,2,30001,2.115827659751209,0.829024283429086,1.4158696246766154,0.8903181474281363
E1,h3_k0p25,healthy_maneuver,26,3.0,0.25,cusum_fgo,follower,3,30001,1.8758057278073401,0.8220645016191924,1.2949851847630336,0.8666413264025097
E1,h3_k0p25,healthy_maneuver,26,3.0,0.25,cusum_fgo,pooled,0,90003,2.2320158198209974,0.8313911313284548,1.3749489722110608,0.8842550571182877
E1,h3_k0p25,healthy_maneuver,26,3.0,0.25,cusum_fgo,macro,0,90003,2.0745497357931826,0.8313911313284548,1.369659432638459,0.8841656601662322
E1,h3_k0p25,healthy_maneuver,27,3.0,0.25,cusum_fgo,follower,1,30001,3.5957091231808866,1.670001900336286,2.5359864865984263,1.773184941229361
E1,h3_k0p25,healthy_maneuver,27,3.0,0.25,cusum_fgo,follower,2,30001,1.9207129190458756,0.8987178919020125,1.3422281668013554,0.9385457159554494
E1,h3_k0p25,healthy_maneuver,27,3.0,0.25,cusum_fgo,follower,3,30001,1.875095021980734,0.7548682879947773,1.2468147686633237,0.810310641433095
E1,h3_k0p25,healthy_maneuver,27,3.0,0.25,cusum_fgo,pooled,0,90003,3.5957091231808866,1.1078626934110252,2.250145080129166,1.2492205879881815
E1,h3_k0p25,healthy_maneuver,27,3.0,0.25,cusum_fgo,macro,0,90003,2.463839021402499,1.1078626934110254,1.7083431406877019,1.1740137662059684
E1,h3_k0p25,healthy_maneuver,28,3.0,0.25,cusum_fgo,follower,1,30001,2.532514829540927,1.0570739408758096,1.8270092609737998,1.150388782644877
E1,h3_k0p25,healthy_maneuver,28,3.0,0.25,cusum_fgo,follower,2,30001,2.193462634370949,1.281877502135517,1.7382505751152786,1.3145112705135427
E1,h3_k0p25,healthy_maneuver,28,3.0,0.25,cusum_fgo,follower,3,30001,1.8970574398700828,0.8742066503100941,1.3847097974004032,0.9374686540087113
E1,h3_k0p25,healthy_maneuver,28,3.0,0.25,cusum_fgo,pooled,0,90003,2.532514829540927,1.0710526977738068,1.7103479943083688,1.144578773871447
E1,h3_k0p25,healthy_maneuver,28,3.0,0.25,cusum_fgo,macro,0,90003,2.207678301260653,1.071052697773807,1.6499898778298272,1.1341229023890438
E1,h3_k0p25,healthy_maneuver,29,3.0,0.25,cusum_fgo,follower,1,30001,2.6598402347722536,1.430235984840786,2.0002486363479406,1.476592770033552
E1,h3_k0p25,healthy_maneuver,29,3.0,0.25,cusum_fgo,follower,2,30001,2.1979731086258285,0.662899245121217,1.361566359078876,0.7550862042015731
E1,h3_k0p25,healthy_maneuver,29,3.0,0.25,cusum_fgo,follower,3,30001,2.1353429563581416,0.7809655421580727,1.2891268240523708,0.8386656700949315
E1,h3_k0p25,healthy_maneuver,29,3.0,0.25,cusum_fgo,pooled,0,90003,2.6598402347722536,0.9580335907066919,1.7924566407337768,1.0729773980978783
E1,h3_k0p25,healthy_maneuver,29,3.0,0.25,cusum_fgo,macro,0,90003,2.331052099918741,0.9580335907066919,1.5503139398263956,1.0234482147766855
E1,h3_k0p25,healthy_maneuver,30,3.0,0.25,cusum_fgo,follower,1,30001,2.373587904277749,1.1417891828453106,1.644087373608829,1.1865211237881983
E1,h3_k0p25,healthy_maneuver,30,3.0,0.25,cusum_fgo,follower,2,30001,2.457290983620563,1.0272612463060629,1.7422146012321644,1.09230857262608
E1,h3_k0p25,healthy_maneuver,30,3.0,0.25,cusum_fgo,follower,3,30001,1.5803451856336153,0.6117476920013625,1.1111758557473763,0.6719346239269426
E1,h3_k0p25,healthy_maneuver,30,3.0,0.25,cusum_fgo,pooled,0,90003,2.457290983620563,0.9269327070509119,1.611390259221232,1.0087065205598493
E1,h3_k0p25,healthy_maneuver,30,3.0,0.25,cusum_fgo,macro,0,90003,2.137074691177309,0.9269327070509119,1.49915927686279,0.9835881067804069
E1,h3_k0p25,healthy_maneuver,31,3.0,0.25,cusum_fgo,follower,1,30001,3.5454999307521167,1.8447119876556701,2.8657021308482613,1.9688475975929736
E1,h3_k0p25,healthy_maneuver,31,3.0,0.25,cusum_fgo,follower,2,30001,2.8149138039407684,1.4008017283926884,1.9384895067443138,1.4544635069435599
E1,h3_k0p25,healthy_maneuver,31,3.0,0.25,cusum_fgo,follower,3,30001,1.7871490364396037,0.8855405571949708,1.4673702909533448,0.9529267655840057
E1,h3_k0p25,healthy_maneuver,31,3.0,0.25,cusum_fgo,pooled,0,90003,3.5454999307521167,1.3770180910811098,2.5385998962194796,1.5165634810479225
E1,h3_k0p25,healthy_maneuver,31,3.0,0.25,cusum_fgo,macro,0,90003,2.7158542570441626,1.3770180910811096,2.0905206428486403,1.4587459567068464
E1,h3_k0p25,healthy_maneuver,32,3.0,0.25,cusum_fgo,follower,1,30001,1.8565442544527122,0.7459248818933749,1.3116353543737445,0.8004380117763455
E1,h3_k0p25,healthy_maneuver,32,3.0,0.25,cusum_fgo,follower,2,30001,2.53240651663363,0.9968721435572359,1.8067044400800258,1.0879064334572452
E1,h3_k0p25,healthy_maneuver,32,3.0,0.25,cusum_fgo,follower,3,30001,1.9905411716141483,0.9499643561667926,1.4515192786694593,0.9945520989095636
E1,h3_k0p25,healthy_maneuver,32,3.0,0.25,cusum_fgo,pooled,0,90003,2.53240651663363,0.897587127205801,1.5565321026331211,0.9683964918185718
E1,h3_k0p25,healthy_maneuver,32,3.0,0.25,cusum_fgo,macro,0,90003,2.126497314233497,0.8975871272058011,1.5232863577077431,0.9609655147143848
E1,h3_k0p25,healthy_maneuver,33,3.0,0.25,cusum_fgo,follower,1,30001,3.7081440634587546,1.9116746327414729,2.890993087095879,2.0373199985676833
E1,h3_k0p25,healthy_maneuver,33,3.0,0.25,cusum_fgo,follower,2,30001,2.0772833259870285,1.0539385787853992,1.4702348319350178,1.092259097009975
E1,h3_k0p25,healthy_maneuver,33,3.0,0.25,cusum_fgo,follower,3,30001,1.7878272423920964,0.6719756762433802,1.1445644261999666,0.7261040023273544
E1,h3_k0p25,healthy_maneuver,33,3.0,0.25,cusum_fgo,pooled,0,90003,3.7081440634587546,1.212529629256751,2.57935008178932,1.3989197896663783
E1,h3_k0p25,healthy_maneuver,33,3.0,0.25,cusum_fgo,macro,0,90003,2.5244182106126263,1.2125296292567507,1.8352641150769546,1.285227699301671
E1,h3_k0p25,healthy_maneuver,34,3.0,0.25,cusum_fgo,follower,1,30001,2.2794267520707177,1.068384078616436,1.6641391458685175,1.1202225164842066
E1,h3_k0p25,healthy_maneuver,34,3.0,0.25,cusum_fgo,follower,2,30001,1.8246923411498082,0.7797094380482087,1.3172361386819986,0.8352064901549854
E1,h3_k0p25,healthy_maneuver,34,3.0,0.25,cusum_fgo,follower,3,30001,1.8794728125879896,1.0955608294227115,1.4882456895019642,1.124228648832553
E1,h3_k0p25,healthy_maneuver,34,3.0,0.25,cusum_fgo,pooled,0,90003,2.2794267520707177,0.981218115362452,1.5219450246157022,1.0354320229564542
E1,h3_k0p25,healthy_maneuver,34,3.0,0.25,cusum_fgo,macro,0,90003,1.994530635269505,0.9812181153624522,1.4898736580174934,1.026552551823915
E1,h3_k0p25,healthy_maneuver,35,3.0,0.25,cusum_fgo,follower,1,30001,1.9208970002114263,0.6166156933857897,1.15887976812198,0.689067366094752
E1,h3_k0p25,healthy_maneuver,35,3.0,0.25,cusum_fgo,follower,2,30001,2.5392953893751087,0.9536570719421151,1.8403387841498198,1.0562392156786593
E1,h3_k0p25,healthy_maneuver,35,3.0,0.25,cusum_fgo,follower,3,30001,1.8891604323274616,0.7303488174646338,1.4001886154508043,0.805337921115427
E1,h3_k0p25,healthy_maneuver,35,3.0,0.25,cusum_fgo,pooled,0,90003,2.5392953893751087,0.7668738609308463,1.5294002221584166,0.8639105437757519
E1,h3_k0p25,healthy_maneuver,35,3.0,0.25,cusum_fgo,macro,0,90003,2.1164509406379985,0.7668738609308461,1.4664690559075346,0.8502148342962794
E1,h3_k0p25,healthy_maneuver,36,3.0,0.25,cusum_fgo,follower,1,30001,3.079409501511892,1.7581457592257383,2.4489133322809242,1.8277515615200204
E1,h3_k0p25,healthy_maneuver,36,3.0,0.25,cusum_fgo,follower,2,30001,3.1038017417788275,1.5633300596759685,2.290145083580414,1.6461742127728187
E1,h3_k0p25,healthy_maneuver,36,3.0,0.25,cusum_fgo,follower,3,30001,1.8793923064151299,0.6983208642641658,1.3005974475913689,0.7652835395382525
E1,h3_k0p25,healthy_maneuver,36,3.0,0.25,cusum_fgo,pooled,0,90003,3.1038017417788275,1.3399322277219576,2.321542033562557,1.4873045199650359
E1,h3_k0p25,healthy_maneuver,36,3.0,0.25,cusum_fgo,macro,0,90003,2.687534516568616,1.3399322277219576,2.0132186211509024,1.4130697712770306
E1,h3_k0p25,healthy_maneuver,37,3.0,0.25,cusum_fgo,follower,1,30001,2.2973037868828694,0.9393612393458718,1.5517992823917555,1.016416109998357
E1,h3_k0p25,healthy_maneuver,37,3.0,0.25,cusum_fgo,follower,2,30001,2.503799349342589,1.235342849153198,1.8256962497781863,1.2908210538002387
E1,h3_k0p25,healthy_maneuver,37,3.0,0.25,cusum_fgo,follower,3,30001,1.815743864068249,0.8886888999600256,1.4330825445463709,0.9431677218159937
E1,h3_k0p25,healthy_maneuver,37,3.0,0.25,cusum_fgo,pooled,0,90003,2.503799349342589,1.0211309961530315,1.6713933159712104,1.0937528747503131
E1,h3_k0p25,healthy_maneuver,37,3.0,0.25,cusum_fgo,macro,0,90003,2.205615666764569,1.0211309961530317,1.6035260255721042,1.083468295204863
E1,h3_k0p25,healthy_maneuver,38,3.0,0.25,cusum_fgo,follower,1,30001,1.6553532517340566,0.9286524065339752,1.3192919440065596,0.9580467169899611
E1,h3_k0p25,healthy_maneuver,38,3.0,0.25,cusum_fgo,follower,2,30001,1.6859970394050425,0.68433464696346,1.2201329957314626,0.7488510992541803
E1,h3_k0p25,healthy_maneuver,38,3.0,0.25,cusum_fgo,follower,3,30001,1.6723492475922208,0.8109864644404038,1.2316002531652082,0.8437723786955605
E1,h3_k0p25,healthy_maneuver,38,3.0,0.25,cusum_fgo,pooled,0,90003,1.6859970394050425,0.8079911726459462,1.2740452594070086,0.8545141519871592
E1,h3_k0p25,healthy_maneuver,38,3.0,0.25,cusum_fgo,macro,0,90003,1.6712331795771067,0.8079911726459463,1.25700839763441,0.850223398313234
E1,h3_k0p25,healthy_maneuver,39,3.0,0.25,cusum_fgo,follower,1,30001,2.141455340022245,1.0859526005261741,1.6822291633615103,1.1466479618275451
E1,h3_k0p25,healthy_maneuver,39,3.0,0.25,cusum_fgo,follower,2,30001,1.746560221848286,0.9430104378853822,1.4041722894830366,0.9824032213889468
E1,h3_k0p25,healthy_maneuver,39,3.0,0.25,cusum_fgo,follower,3,30001,1.699602622672192,0.714158941928757,1.169068147583816,0.7611067921676052
E1,h3_k0p25,healthy_maneuver,39,3.0,0.25,cusum_fgo,pooled,0,90003,2.141455340022245,0.9143739934467712,1.5252046521489289,0.9762515363781858
E1,h3_k0p25,healthy_maneuver,39,3.0,0.25,cusum_fgo,macro,0,90003,1.8625393948475744,0.9143739934467711,1.4184898668094543,0.963385991794699
E1,h3_k0p25,healthy_maneuver,40,3.0,0.25,cusum_fgo,follower,1,30001,1.7263612019924,0.6623771576179376,1.1129468311962172,0.7087674044397853
E1,h3_k0p25,healthy_maneuver,40,3.0,0.25,cusum_fgo,follower,2,30001,2.4655477033789848,1.05077793960384,1.5206353092765572,1.0963948760913107
E1,h3_k0p25,healthy_maneuver,40,3.0,0.25,cusum_fgo,follower,3,30001,1.6761099226832104,0.47606796561660475,0.8542771721981827,0.5215693688501255
E1,h3_k0p25,healthy_maneuver,40,3.0,0.25,cusum_fgo,pooled,0,90003,2.4655477033789848,0.7297410209461275,1.362007425768635,0.8116788290200972
E1,h3_k0p25,healthy_maneuver,40,3.0,0.25,cusum_fgo,macro,0,90003,1.9560062760181982,0.7297410209461274,1.162619770890319,0.7755772164604071
E1,h3_k0p25,healthy_maneuver,41,3.0,0.25,cusum_fgo,follower,1,30001,2.7275400571229245,1.337510607614893,2.0680661965836715,1.4082579779027666
E1,h3_k0p25,healthy_maneuver,41,3.0,0.25,cusum_fgo,follower,2,30001,1.8916079131523522,0.5891550431871468,1.0094208099287751,0.6417179311070031
E1,h3_k0p25,healthy_maneuver,41,3.0,0.25,cusum_fgo,follower,3,30001,2.3556282687921493,0.8079185176343597,1.4013759962770351,0.8737782086340229
E1,h3_k0p25,healthy_maneuver,41,3.0,0.25,cusum_fgo,pooled,0,90003,2.7275400571229245,0.9115280561454664,1.8061867709433488,1.0260735505337362
E1,h3_k0p25,healthy_maneuver,41,3.0,0.25,cusum_fgo,macro,0,90003,2.3249254130224752,0.9115280561454666,1.4929543342631606,0.9745847058812641
E1,h3_k0p25,healthy_maneuver,42,3.0,0.25,cusum_fgo,follower,1,30001,2.337619614429177,1.0172279162314157,1.6168257105993358,1.0679029796883033
E1,h3_k0p25,healthy_maneuver,42,3.0,0.25,cusum_fgo,follower,2,30001,1.9437471119234706,0.7844907500354954,1.3157336595590494,0.8281428726662415
E1,h3_k0p25,healthy_maneuver,42,3.0,0.25,cusum_fgo,follower,3,30001,1.51016571809128,0.6501091211880399,1.1603004515097561,0.7125065253553564
E1,h3_k0p25,healthy_maneuver,42,3.0,0.25,cusum_fgo,pooled,0,90003,2.337619614429177,0.8172759291516503,1.3911249862409913,0.8820247427083162
E1,h3_k0p25,healthy_maneuver,42,3.0,0.25,cusum_fgo,macro,0,90003,1.9305108148146424,0.8172759291516503,1.3642866072227138,0.8695174592366337
E1,h3_k0p25,healthy_maneuver,43,3.0,0.25,cusum_fgo,follower,1,30001,1.8523857658571952,0.8052441818316096,1.313404079355713,0.8497071521136946
E1,h3_k0p25,healthy_maneuver,43,3.0,0.25,cusum_fgo,follower,2,30001,2.0730734062680156,1.1441338866588167,1.613469264065574,1.1873351134444288
E1,h3_k0p25,healthy_maneuver,43,3.0,0.25,cusum_fgo,follower,3,30001,1.214523728879863,0.48424772604931726,0.8070650528651924,0.5188952358613512
E1,h3_k0p25,healthy_maneuver,43,3.0,0.25,cusum_fgo,pooled,0,90003,2.0730734062680156,0.8112085981799145,1.4888930338106057,0.8946170841521839
E1,h3_k0p25,healthy_maneuver,43,3.0,0.25,cusum_fgo,macro,0,90003,1.713327633668358,0.8112085981799145,1.244646132095493,0.851979167139825
E1,h3_k0p25,healthy_maneuver,44,3.0,0.25,cusum_fgo,follower,1,30001,2.2644144220579467,1.0602309583259484,1.5584583609277787,1.1068219794031202
E1,h3_k0p25,healthy_maneuver,44,3.0,0.25,cusum_fgo,follower,2,30001,2.3705051550989453,1.1624589481717786,1.9055402887856272,1.2426920973435336
E1,h3_k0p25,healthy_maneuver,44,3.0,0.25,cusum_fgo,follower,3,30001,2.7479101664462307,0.9121814935355472,1.307431065485544,0.9516910465970124
E1,h3_k0p25,healthy_maneuver,44,3.0,0.25,cusum_fgo,pooled,0,90003,2.7479101664462307,1.0449571333444247,1.7171193237777849,1.1068053714878132
E1,h3_k0p25,healthy_maneuver,44,3.0,0.25,cusum_fgo,macro,0,90003,2.4609432478677076,1.0449571333444247,1.5904765717329834,1.100401707781222
E1,h3_k0p25,healthy_maneuver,45,3.0,0.25,cusum_fgo,follower,1,30001,3.062932681480492,1.6683886335020586,2.4914056549651846,1.7696798649270222
E1,h3_k0p25,healthy_maneuver,45,3.0,0.25,cusum_fgo,follower,2,30001,2.272701862569179,0.8069560620716532,1.3411240658941197,0.8708927945112717
E1,h3_k0p25,healthy_maneuver,45,3.0,0.25,cusum_fgo,follower,3,30001,1.9896732041256109,1.2128715216114418,1.6001016470375442,1.2439135863309985
E1,h3_k0p25,healthy_maneuver,45,3.0,0.25,cusum_fgo,pooled,0,90003,3.062932681480492,1.2294054057283845,2.2217249172324562,1.3462964128946027
E1,h3_k0p25,healthy_maneuver,45,3.0,0.25,cusum_fgo,macro,0,90003,2.441769249391761,1.2294054057283845,1.8108771226322828,1.294828748589764
E1,h3_k0p25,healthy_maneuver,46,3.0,0.25,cusum_fgo,follower,1,30001,2.1493603903798943,1.0475391021133666,1.5555612041909999,1.0937924494105145
E1,h3_k0p25,healthy_maneuver,46,3.0,0.25,cusum_fgo,follower,2,30001,3.1268478839589493,1.200907990291814,1.7441000299568596,1.253657122098582
E1,h3_k0p25,healthy_maneuver,46,3.0,0.25,cusum_fgo,follower,3,30001,1.9135587112567003,0.8548783043483268,1.3281569121105479,0.8991870363945774
E1,h3_k0p25,healthy_maneuver,46,3.0,0.25,cusum_fgo,pooled,0,90003,3.1268478839589493,1.0344417989178358,1.5930067713291132,1.0918753635520884
E1,h3_k0p25,healthy_maneuver,46,3.0,0.25,cusum_fgo,macro,0,90003,2.3965889951985146,1.0344417989178358,1.5426060487528026,1.082212202634558
E1,h3_k0p25,healthy_maneuver,47,3.0,0.25,cusum_fgo,follower,1,30001,2.053126450639465,0.8733032578442493,1.398171346263621,0.9256909583981402
E1,h3_k0p25,healthy_maneuver,47,3.0,0.25,cusum_fgo,follower,2,30001,1.7777128036202456,0.7997528786832293,1.264079286189852,0.8458659690832228
E1,h3_k0p25,healthy_maneuver,47,3.0,0.25,cusum_fgo,follower,3,30001,1.495151276157157,0.7345492714477093,1.1528265357214798,0.7796403866410619
E1,h3_k0p25,healthy_maneuver,47,3.0,0.25,cusum_fgo,pooled,0,90003,2.053126450639465,0.8025351359917292,1.2800713635167351,0.8524928387959224
E1,h3_k0p25,healthy_maneuver,47,3.0,0.25,cusum_fgo,macro,0,90003,1.7753301768056227,0.8025351359917293,1.271692389391651,0.850399104707475
E1,h3_k0p25,healthy_maneuver,48,3.0,0.25,cusum_fgo,follower,1,30001,2.606690311299438,0.7638246901384248,1.4391330963309428,0.8514021231037086
E1,h3_k0p25,healthy_maneuver,48,3.0,0.25,cusum_fgo,follower,2,30001,2.719416193462742,0.6367977530439729,1.1369240416628552,0.6947197955891303
E1,h3_k0p25,healthy_maneuver,48,3.0,0.25,cusum_fgo,follower,3,30001,1.60895789271181,0.4055490921314323,0.7162931483600518,0.4457151947360256
E1,h3_k0p25,healthy_maneuver,48,3.0,0.25,cusum_fgo,pooled,0,90003,2.719416193462742,0.6020571784379434,1.205382610775601,0.6846369364920064
E1,h3_k0p25,healthy_maneuver,48,3.0,0.25,cusum_fgo,macro,0,90003,2.31168813249133,0.6020571784379434,1.0974500954512834,0.6639457044762882
E1,h3_k0p25,healthy_maneuver,49,3.0,0.25,cusum_fgo,follower,1,30001,2.174539529921825,1.194166887619146,1.7240591662156626,1.2542938071372602
E1,h3_k0p25,healthy_maneuver,49,3.0,0.25,cusum_fgo,follower,2,30001,1.8983852349054335,0.9217979149673405,1.3466166139978761,0.9587371279982275
E1,h3_k0p25,healthy_maneuver,49,3.0,0.25,cusum_fgo,follower,3,30001,2.2259098384758556,1.1221103086806201,1.6985794730668151,1.1786711046736649
E1,h3_k0p25,healthy_maneuver,49,3.0,0.25,cusum_fgo,pooled,0,90003,2.2259098384758556,1.079358370422369,1.6587773669661015,1.1374965799535122
E1,h3_k0p25,healthy_maneuver,49,3.0,0.25,cusum_fgo,macro,0,90003,2.0996115344343713,1.079358370422369,1.5897517510934513,1.130567346603051
E1,h3_k0p25,healthy_maneuver,50,3.0,0.25,cusum_fgo,follower,1,30001,2.322413534546235,1.0701247442910278,1.6119742148291722,1.115711056460145
E1,h3_k0p25,healthy_maneuver,50,3.0,0.25,cusum_fgo,follower,2,30001,2.440317990423726,1.0775675295117277,1.6793156993457123,1.138540688167959
E1,h3_k0p25,healthy_maneuver,50,3.0,0.25,cusum_fgo,follower,3,30001,1.8120202685244966,0.8946151618244189,1.2818889963562003,0.9263587906212278
E1,h3_k0p25,healthy_maneuver,50,3.0,0.25,cusum_fgo,pooled,0,90003,2.440317990423726,1.0141024785423915,1.575856114681244,1.06446021830826
E1,h3_k0p25,healthy_maneuver,50,3.0,0.25,cusum_fgo,macro,0,90003,2.191583931164819,1.0141024785423915,1.5243929701770282,1.0602035117497772
E1,h3_k0p5,baseline_3f,1,3.0,0.5,cusum_fgo,follower,1,30001,3.3966556778575887,0.9598197537720067,1.585942789226535,1.0407266744903911
E1,h3_k0p5,baseline_3f,1,3.0,0.5,cusum_fgo,follower,2,30001,2.1135399995661084,0.8046601231844874,1.2783737943240039,0.8556392356229173
E1,h3_k0p5,baseline_3f,1,3.0,0.5,cusum_fgo,follower,3,30001,1.7067971500540504,0.8559765755948217,1.3085119955614217,0.9034101218815811
E1,h3_k0p5,baseline_3f,1,3.0,0.5,cusum_fgo,pooled,0,90003,3.3966556778575887,0.8734854841837719,1.4074863328368048,0.9365504721852584
E1,h3_k0p5,baseline_3f,1,3.0,0.5,cusum_fgo,macro,0,90003,2.405664275825916,0.8734854841837719,1.390942859703987,0.9332586773316299
E1,h3_k0p5,baseline_3f,2,3.0,0.5,cusum_fgo,follower,1,30001,2.3280715708964275,0.8213842360520286,1.4579771592954325,0.8914722973790868
E1,h3_k0p5,baseline_3f,2,3.0,0.5,cusum_fgo,follower,2,30001,3.8418970622616455,1.4178129241992254,2.267025641335615,1.5117164336296889
E1,h3_k0p5,baseline_3f,2,3.0,0.5,cusum_fgo,follower,3,30001,2.6879458208150337,0.9823101317061008,1.5500087299206993,1.047809479199508
E1,h3_k0p5,baseline_3f,2,3.0,0.5,cusum_fgo,pooled,0,90003,3.8418970622616455,1.0738357639857847,1.9039745442206548,1.1801008625538125
E1,h3_k0p5,baseline_3f,2,3.0,0.5,cusum_fgo,macro,0,90003,2.9526381513243685,1.073835763985785,1.7583371768505822,1.1503327367360947
E1,h3_k0p5,baseline_3f,3,3.0,0.5,cusum_fgo,follower,1,30001,2.197855609269491,0.6775264774372027,1.3717590115777683,0.7633123152397757
E1,h3_k0p5,baseline_3f,3,3.0,0.5,cusum_fgo,follower,2,30001,1.8163351278718014,0.8116634176778903,1.310032746641571,0.8674293223418797
E1,h3_k0p5,baseline_3f,3,3.0,0.5,cusum_fgo,follower,3,30001,1.4149717349534054,0.45838366222442234,0.8350713029676824,0.5028113611225309
E1,h3_k0p5,baseline_3f,3,3.0,0.5,cusum_fgo,pooled,0,90003,2.197855609269491,0.6491911857798385,1.2381585263366992,0.7275297438888877
E1,h3_k0p5,baseline_3f,3,3.0,0.5,cusum_fgo,macro,0,90003,1.8097208240315659,0.6491911857798385,1.1722876870623404,0.7111843329013955
E1,h3_k0p5,baseline_3f,4,3.0,0.5,cusum_fgo,follower,1,30001,4.036711908770725,1.4129528943681533,2.048460055574102,1.4819051625453337
E1,h3_k0p5,baseline_3f,4,3.0,0.5,cusum_fgo,follower,2,30001,2.466629387734459,0.9939246167760099,1.571274623652366,1.0411061493996798
E1,h3_k0p5,baseline_3f,4,3.0,0.5,cusum_fgo,follower,3,30001,2.431562964870498,0.8822957228359418,1.563694899268195,0.9654687864330109
E1,h3_k0p5,baseline_3f,4,3.0,0.5,cusum_fgo,pooled,0,90003,4.036711908770725,1.0963910779933683,1.819130604559272,1.1849155951195807
E1,h3_k0p5,baseline_3f,4,3.0,0.5,cusum_fgo,macro,0,90003,2.9783014204585605,1.0963910779933683,1.727809859498221,1.1628266994593413
E1,h3_k0p5,baseline_3f,5,3.0,0.5,cusum_fgo,follower,1,30001,4.712083026321346,1.6851114425278975,2.863555552891798,1.8355850469407302
E1,h3_k0p5,baseline_3f,5,3.0,0.5,cusum_fgo,follower,2,30001,4.083264074531899,0.6654782813352644,1.443636331681572,0.8063090184743591
E1,h3_k0p5,baseline_3f,5,3.0,0.5,cusum_fgo,follower,3,30001,2.423941803684171,0.8752390941568726,1.2835834363231644,0.9142651395379199
E1,h3_k0p5,baseline_3f,5,3.0,0.5,cusum_fgo,pooled,0,90003,4.712083026321346,1.0752762726733447,2.2877864509418755,1.2721880682770896
E1,h3_k0p5,baseline_3f,5,3.0,0.5,cusum_fgo,macro,0,90003,3.739762968179139,1.0752762726733447,1.863591773632178,1.185386401651003
E1,h3_k0p5,baseline_3f,6,3.0,0.5,cusum_fgo,follower,1,30001,2.6685621509502773,1.1070564371842395,1.8747152036112156,1.1939196114649577
E1,h3_k0p5,baseline_3f,6,3.0,0.5,cusum_fgo,follower,2,30001,2.638111665243541,1.4900441264039113,2.2209532566324817,1.5786355640968575
E1,h3_k0p5,baseline_3f,6,3.0,0.5,cusum_fgo,follower,3,30001,1.8674411864499518,0.7777774844233651,1.249036829987764,0.8174914594144438
E1,h3_k0p5,baseline_3f,6,3.0,0.5,cusum_fgo,pooled,0,90003,2.6685621509502773,1.124959349337172,2.0088691853036953,1.2363692233158072
E1,h3_k0p5,baseline_3f,6,3.0,0.5,cusum_fgo,macro,0,90003,2.3913716675479235,1.124959349337172,1.7815684300771537,1.196682211658753
E1,h3_k0p5,baseline_3f,7,3.0,0.5,cusum_fgo,follower,1,30001,2.337481321500396,0.8018699870902817,1.6071549988973162,0.8909591432903722
E1,h3_k0p5,baseline_3f,7,3.0,0.5,cusum_fgo,follower,2,30001,2.5057087555900956,1.2838834508237997,1.8707611707960468,1.344604107650425
E1,h3_k0p5,baseline_3f,7,3.0,0.5,cusum_fgo,follower,3,30001,1.512545108308617,0.5147999464686767,0.9863906065647942,0.569539777203451
E1,h3_k0p5,baseline_3f,7,3.0,0.5,cusum_fgo,pooled,0,90003,2.5057087555900956,0.866851128127586,1.7279857351554835,0.987613952773732
E1,h3_k0p5,baseline_3f,7,3.0,0.5,cusum_fgo,macro,0,90003,2.1185783951330364,0.866851128127586,1.488102258752719,0.9350343427147493
E1,h3_k0p5,baseline_3f,8,3.0,0.5,cusum_fgo,follower,1,30001,6.48865662948631,1.1704851398279283,1.873478675027496,1.3969775551767893
E1,h3_k0p5,baseline_3f,8,3.0,0.5,cusum_fgo,follower,2,30001,3.0147677693695343,0.620078946763325,1.2164668689617777,0.7328656935213106
E1,h3_k0p5,baseline_3f,8,3.0,0.5,cusum_fgo,follower,3,30001,2.3608978215056253,0.8674129419269134,1.3623998086808873,0.9247580261563836
E1,h3_k0p5,baseline_3f,8,3.0,0.5,cusum_fgo,pooled,0,90003,6.48865662948631,0.8859923428393889,1.6488604026488505,1.0557486792712303
E1,h3_k0p5,baseline_3f,8,3.0,0.5,cusum_fgo,macro,0,90003,3.9547740734538235,0.8859923428393889,1.4841151175567202,1.0182004249514944
E1,h3_k0p5,baseline_3f,9,3.0,0.5,cusum_fgo,follower,1,30001,2.1222466261684434,0.845328557135604,1.4172936803723428,0.9102230939334776
E1,h3_k0p5,baseline_3f,9,3.0,0.5,cusum_fgo,follower,2,30001,2.3140200161972615,0.7231416528269503,1.5103620866030367,0.8110605267972173
E1,h3_k0p5,baseline_3f,9,3.0,0.5,cusum_fgo,follower,3,30001,1.906582183620716,0.7476556959763386,1.303547352908471,0.8054345692912996
E1,h3_k0p5,baseline_3f,9,3.0,0.5,cusum_fgo,pooled,0,90003,2.3140200161972615,0.7720419686462975,1.4062934826362101,0.8436132811242905
E1,h3_k0p5,baseline_3f,9,3.0,0.5,cusum_fgo,macro,0,90003,2.114282941995474,0.7720419686462976,1.4104010399612836,0.8422393966739982
E1,h3_k0p5,baseline_3f,10,3.0,0.5,cusum_fgo,follower,1,30001,1.921977815440943,0.6289925989086923,1.0875218129495055,0.6761089241621355
E1,h3_k0p5,baseline_3f,10,3.0,0.5,cusum_fgo,follower,2,30001,2.072562515052281,0.9907657649366519,1.593099249379815,1.0554475810080863
E1,h3_k0p5,baseline_3f,10,3.0,0.5,cusum_fgo,follower,3,30001,1.431618521941908,0.4092009200023212,0.7836793057291944,0.45910902272960236
E1,h3_k0p5,baseline_3f,10,3.0,0.5,cusum_fgo,pooled,0,90003,2.072562515052281,0.6763197612825551,1.4238662544598855,0.7706866999283241
E1,h3_k0p5,baseline_3f,10,3.0,0.5,cusum_fgo,macro,0,90003,1.808719617478377,0.6763197612825551,1.1547667893528384,0.7302218426332748
E1,h3_k0p5,baseline_3f,11,3.0,0.5,cusum_fgo,follower,1,30001,2.6622309725819497,0.9622871796608737,1.622322150742447,1.029562700523318
E1,h3_k0p5,baseline_3f,11,3.0,0.5,cusum_fgo,follower,2,30001,2.9000796890730776,1.1647816347712345,1.7757781175520755,1.2219436711209473
E1,h3_k0p5,baseline_3f,11,3.0,0.5,cusum_fgo,follower,3,30001,2.34412856699445,0.6317528049809954,1.2316496350018424,0.7080600792005269
E1,h3_k0p5,baseline_3f,11,3.0,0.5,cusum_fgo,pooled,0,90003,2.9000796890730776,0.9196072064710344,1.6455246336761633,1.0090415857731636
E1,h3_k0p5,baseline_3f,11,3.0,0.5,cusum_fgo,macro,0,90003,2.635479742883159,0.9196072064710346,1.543249967765455,0.9865221502815974
E1,h3_k0p5,baseline_3f,12,3.0,0.5,cusum_fgo,follower,1,30001,2.8862674182236665,0.9425873451132174,1.7463529521362955,1.0326190783000906
E1,h3_k0p5,baseline_3f,12,3.0,0.5,cusum_fgo,follower,2,30001,1.715441336407719,0.6550377763656805,1.1561925024667496,0.7105948090469927
E1,h3_k0p5,baseline_3f,12,3.0,0.5,cusum_fgo,follower,3,30001,1.86047239065538,1.0050708626170528,1.4210162733317455,1.0391302264671303
E1,h3_k0p5,baseline_3f,12,3.0,0.5,cusum_fgo,pooled,0,90003,2.8862674182236665,0.8675653280319835,1.466884985074271,0.9400423343430674
E1,h3_k0p5,baseline_3f,12,3.0,0.5,cusum_fgo,macro,0,90003,2.154060381762255,0.8675653280319836,1.4411872426449301,0.9274480379380711
E1,h3_k0p5,baseline_3f,13,3.0,0.5,cusum_fgo,follower,1,30001,4.9944178464868205,1.3140990335657774,1.868380837044737,1.41582228556453
E1,h3_k0p5,baseline_3f,13,3.0,0.5,cusum_fgo,follower,2,30001,2.0516955532101657,0.7516260083693184,1.3298784762608982,0.8140974538519774
E1,h3_k0p5,baseline_3f,13,3.0,0.5,cusum_fgo,follower,3,30001,2.862062581627983,0.967144718561927,1.7033450414319602,1.0753329898587995
E1,h3_k0p5,baseline_3f,13,3.0,0.5,cusum_fgo,pooled,0,90003,4.9944178464868205,1.010956586832341,1.7186236114095357,1.1289594689725146
E1,h3_k0p5,baseline_3f,13,3.0,0.5,cusum_fgo,macro,0,90003,3.3027253271083232,1.010956586832341,1.633868118245865,1.1017509097584357
E1,h3_k0p5,baseline_3f,14,3.0,0.5,cusum_fgo,follower,1,30001,4.175485362391232,0.8115885134648358,1.5303927424721158,0.9254512962136422
E1,h3_k0p5,baseline_3f,14,3.0,0.5,cusum_fgo,follower,2,30001,3.2099085194659756,0.8631701926392764,1.7814822754505606,1.0089018422785745
E1,h3_k0p5,baseline_3f,14,3.0,0.5,cusum_fgo,follower,3,30001,2.089095341247821,1.0428426897200256,1.6439957605544158,1.1006808207160441
E1,h3_k0p5,baseline_3f,14,3.0,0.5,cusum_fgo,pooled,0,90003,4.175485362391232,0.9058671319413792,1.6881254252680122,1.01420597811108
E1,h3_k0p5,baseline_3f,14,3.0,0.5,cusum_fgo,macro,0,90003,3.1581630743683426,0.9058671319413794,1.6519569261590306,1.0116779864027536
E1,h3_k0p5,baseline_3f,15,3.0,0.5,cusum_fgo,follower,1,30001,2.9718158596199222,1.183125252728123,2.013648417081421,1.2685091451738375
E1,h3_k0p5,baseline_3f,15,3.0,0.5,cusum_fgo,follower,2,30001,2.8670552340438675,1.250522177139014,1.9079171303072016,1.3113937545978165
E1,h3_k0p5,baseline_3f,15,3.0,0.5,cusum_fgo,follower,3,30001,1.21914197060064,0.5315753450717288,0.9708569705062343,0.5813944835064583
E1,h3_k0p5,baseline_3f,15,3.0,0.5,cusum_fgo,pooled,0,90003,2.9718158596199222,0.9884075916462886,1.7974487825776542,1.10557505043598
E1,h3_k0p5,baseline_3f,15,3.0,0.5,cusum_fgo,macro,0,90003,2.3526710214214765,0.9884075916462886,1.6308075059649523,1.0537657944260375
E1,h3_k0p5,baseline_3f,16,3.0,0.5,cusum_fgo,follower,1,30001,2.419217461174336,0.7451222169872938,1.428883238644396,0.8364756283190488
E1,h3_k0p5,baseline_3f,16,3.0,0.5,cusum_fgo,follower,2,30001,2.1464750740266787,0.7338238366957676,1.162182002972362,0.7770112309298531
E1,h3_k0p5,baseline_3f,16,3.0,0.5,cusum_fgo,follower,3,30001,1.6234522004949075,0.6338594252838926,1.1075873795194662,0.6887002068452212
E1,h3_k0p5,baseline_3f,16,3.0,0.5,cusum_fgo,pooled,0,90003,2.419217461174336,0.7042684929889845,1.2531340341459913,0.7697934581586421
E1,h3_k0p5,baseline_3f,16,3.0,0.5,cusum_fgo,macro,0,90003,2.063048245231974,0.7042684929889846,1.232884207045408,0.767395688698041
E1,h3_k0p5,baseline_3f,17,3.0,0.5,cusum_fgo,follower,1,30001,2.6756010969248885,1.3019239167595955,1.8748411769442013,1.3478597745789092
E1,h3_k0p5,baseline_3f,17,3.0,0.5,cusum_fgo,follower,2,30001,2.395589550126189,0.975763583553109,1.5582253928200775,1.0317508691423587
E1,h3_k0p5,baseline_3f,17,3.0,0.5,cusum_fgo,follower,3,30001,1.698576081598374,0.9826774178901484,1.398277192959742,1.0233129998660502
E1,h3_k0p5,baseline_3f,17,3.0,0.5,cusum_fgo,pooled,0,90003,2.6756010969248885,1.0867883060676176,1.6730077290953362,1.1443200781248188
E1,h3_k0p5,baseline_3f,17,3.0,0.5,cusum_fgo,macro,0,90003,2.256588909549817,1.0867883060676176,1.6104479209080067,1.1343078811957727
E1,h3_k0p5,baseline_3f,18,3.0,0.5,cusum_fgo,follower,1,30001,4.018706904368081,1.3922912418651359,2.3634554854955128,1.518926692212998
E1,h3_k0p5,baseline_3f,18,3.0,0.5,cusum_fgo,follower,2,30001,2.565165779394388,1.180215927289812,1.794131061389359,1.2365266527253138
E1,h3_k0p5,baseline_3f,18,3.0,0.5,cusum_fgo,follower,3,30001,1.5111186833209018,0.5066280575833814,0.9969508447410084,0.5646442264607398
E1,h3_k0p5,baseline_3f,18,3.0,0.5,cusum_fgo,pooled,0,90003,4.018706904368081,1.0263784089127765,1.9989364659720112,1.1768545027165473
E1,h3_k0p5,baseline_3f,18,3.0,0.5,cusum_fgo,macro,0,90003,2.6983304556944567,1.0263784089127763,1.7181791305419603,1.1066991904663506
E1,h3_k0p5,baseline_3f,19,3.0,0.5,cusum_fgo,follower,1,30001,3.4114584985922303,0.9829468275836788,1.5156936998872923,1.0539962569200847
E1,h3_k0p5,baseline_3f,19,3.0,0.5,cusum_fgo,follower,2,30001,3.1848390564486038,0.8513842121832976,1.4079704781083098,0.9375014315587925
E1,h3_k0p5,baseline_3f,19,3.0,0.5,cusum_fgo,follower,3,30001,1.3216280580040272,0.4619846868829186,0.8031206639176374,0.5068063900226641
E1,h3_k0p5,baseline_3f,19,3.0,0.5,cusum_fgo,pooled,0,90003,3.4114584985922303,0.765438575549965,1.3363673174021515,0.8653842616133287
E1,h3_k0p5,baseline_3f,19,3.0,0.5,cusum_fgo,macro,0,90003,2.6393085376816203,0.7654385755499651,1.2422616139710796,0.8327680261671805
E1,h3_k0p5,baseline_3f,20,3.0,0.5,cusum_fgo,follower,1,30001,3.7080667320066234,1.3427941449884138,2.0674246955160673,1.4224048146417914
E1,h3_k0p5,baseline_3f,20,3.0,0.5,cusum_fgo,follower,2,30001,2.0874565008406614,0.8343835033486531,1.4050435576685074,0.8934001465876903
E1,h3_k0p5,baseline_3f,20,3.0,0.5,cusum_fgo,follower,3,30001,1.9980324387055224,0.6599394214496588,1.2315429986120283,0.718739661468467
E1,h3_k0p5,baseline_3f,20,3.0,0.5,cusum_fgo,pooled,0,90003,3.7080667320066234,0.9457056899289086,1.7595076464831823,1.054827944833795
E1,h3_k0p5,baseline_3f,20,3.0,0.5,cusum_fgo,macro,0,90003,2.5978518905176027,0.9457056899289086,1.5680037505988675,1.0115148742326496
E1,h3_k0p5,baseline_3f,21,3.0,0.5,cusum_fgo,follower,1,30001,5.127641649340714,1.7079056696926307,2.5689284691823238,1.8558556378255133
E1,h3_k0p5,baseline_3f,21,3.0,0.5,cusum_fgo,follower,2,30001,5.640320384263977,1.1989130794476393,1.871265373049976,1.3629605949643546
E1,h3_k0p5,baseline_3f,21,3.0,0.5,cusum_fgo,follower,3,30001,7.4561322251644615,0.6726649175876815,1.3399888360005103,1.1310768483178462
E1,h3_k0p5,baseline_3f,21,3.0,0.5,cusum_fgo,pooled,0,90003,7.4561322251644615,1.1931612222426504,2.3652162956583465,1.4811253119025145
E1,h3_k0p5,baseline_3f,21,3.0,0.5,cusum_fgo,macro,0,90003,6.074698086256384,1.1931612222426506,1.9267275594109368,1.449964360369238
E1,h3_k0p5,baseline_3f,22,3.0,0.5,cusum_fgo,follower,1,30001,3.932387336304271,0.9457255215387702,2.0292469813356724,1.1030124088306645
E1,h3_k0p5,baseline_3f,22,3.0,0.5,cusum_fgo,follower,2,30001,5.975183627834835,1.177063423646686,2.19858998516898,1.327310681098176
E1,h3_k0p5,baseline_3f,22,3.0,0.5,cusum_fgo,follower,3,30001,6.254387974047471,1.1966542610151916,1.6628236032195183,1.3020872575169344
E1,h3_k0p5,baseline_3f,22,3.0,0.5,cusum_fgo,pooled,0,90003,6.254387974047471,1.1064810687335491,2.0933165535147245,1.2481748334240814
E1,h3_k0p5,baseline_3f,22,3.0,0.5,cusum_fgo,macro,0,90003,5.387319646062192,1.1064810687335491,1.96355352324139,1.244136782481925
E1,h3_k0p5,baseline_3f,23,3.0,0.5,cusum_fgo,follower,1,30001,2.112544903415779,0.8427729075853324,1.4396756087337763,0.9110230434101424
E1,h3_k0p5,baseline_3f,23,3.0,0.5,cusum_fgo,follower,2,30001,2.149575319330726,1.1067063472337517,1.5757857664799864,1.1423474231290587
E1,h3_k0p5,baseline_3f,23,3.0,0.5,cusum_fgo,follower,3,30001,1.6358798387184204,0.5454343678527691,0.8975700089000079,0.5821630379148106
E1,h3_k0p5,baseline_3f,23,3.0,0.5,cusum_fgo,pooled,0,90003,2.149575319330726,0.8316378742239512,1.459901252684913,0.9080812047880741
E1,h3_k0p5,baseline_3f,23,3.0,0.5,cusum_fgo,macro,0,90003,1.9660000204883084,0.8316378742239511,1.3043437947045902,0.8785111681513372
E1,h3_k0p5,baseline_3f,24,3.0,0.5,cusum_fgo,follower,1,30001,2.4690382092225027,0.8046532615519856,1.4908300335909623,0.8826704267467609
E1,h3_k0p5,baseline_3f,24,3.0,0.5,cusum_fgo,follower,2,30001,3.1422974909504955,0.6566320613257005,1.1097876147522403,0.7064349205520231
E1,h3_k0p5,baseline_3f,24,3.0,0.5,cusum_fgo,follower,3,30001,2.216565514091254,0.8432645548619021,1.3310867737088545,0.8879959368358534
E1,h3_k0p5,baseline_3f,24,3.0,0.5,cusum_fgo,pooled,0,90003,3.1422974909504955,0.7681832925798628,1.3207280457282877,0.8299988279239993
E1,h3_k0p5,baseline_3f,24,3.0,0.5,cusum_fgo,macro,0,90003,2.609300404754751,0.7681832925798627,1.310568140684019,0.8257004280448791
E1,h3_k0p5,baseline_3f,25,3.0,0.5,cusum_fgo,follower,1,30001,1.8875485029821344,0.6977777752979887,1.3812243246806686,0.7846600588019824
E1,h3_k0p5,baseline_3f,25,3.0,0.5,cusum_fgo,follower,2,30001,1.8937305349455014,0.6835962788230453,1.1520349277874566,0.7385145557178884
E1,h3_k0p5,baseline_3f,25,3.0,0.5,cusum_fgo,follower,3,30001,1.5108587299208303,0.5323188731153536,1.00325265590336,0.5899819898495737
E1,h3_k0p5,baseline_3f,25,3.0,0.5,cusum_fgo,pooled,0,90003,1.8937305349455014,0.6378976424121291,1.2002386094000468,0.7092657953201049
E1,h3_k0p5,baseline_3f,25,3.0,0.5,cusum_fgo,macro,0,90003,1.7640459226161553,0.6378976424121292,1.1788373027904953,0.7043855347898148
E1,h3_k0p5,baseline_3f,26,3.0,0.5,cusum_fgo,follower,1,30001,4.643815235644531,0.9365278740614096,1.6843731134264628,1.0764271572899464
E1,h3_k0p5,baseline_3f,26,3.0,0.5,cusum_fgo,follower,2,30001,2.1227323044206816,0.817594522178004,1.4137811135012468,0.8812911624901008
E1,h3_k0p5,baseline_3f,26,3.0,0.5,cusum_fgo,follower,3,30001,1.8495633530063507,0.8053698033582156,1.3926819813631435,0.8574040053021914
E1,h3_k0p5,baseline_3f,26,3.0,0.5,cusum_fgo,pooled,0,90003,4.643815235644531,0.8531640665325431,1.4693324376553296,0.9434884147571198
E1,h3_k0p5,baseline_3f,26,3.0,0.5,cusum_fgo,macro,0,90003,2.8720369643571875,0.8531640665325431,1.4969454027636175,0.9383741083607462
E1,h3_k0p5,baseline_3f,27,3.0,0.5,cusum_fgo,follower,1,30001,6.111384753090669,1.8050584224783977,2.9982492622250163,1.9972283400477617
E1,h3_k0p5,baseline_3f,27,3.0,0.5,cusum_fgo,follower,2,30001,3.596425654374496,1.0174600628880766,2.1668724189192585,1.1331630320250503
E1,h3_k0p5,baseline_3f,27,3.0,0.5,cusum_fgo,follower,3,30001,2.0399340048330363,0.7704442867362036,1.2685156226860825,0.828453967086352
E1,h3_k0p5,baseline_3f,27,3.0,0.5,cusum_fgo,pooled,0,90003,6.111384753090669,1.197654257367559,2.5572230975597043,1.409410689498659
E1,h3_k0p5,baseline_3f,27,3.0,0.5,cusum_fgo,macro,0,90003,3.9159148040994,1.1976542573675593,2.1445457679434523,1.3196151130530547
E1,h3_k0p5,baseline_3f,28,3.0,0.5,cusum_fgo,follower,1,30001,4.017611051983446,1.1249971469840683,1.9449203442151892,1.2393565699334506
E1,h3_k0p5,baseline_3f,28,3.0,0.5,cusum_fgo,follower,2,30001,3.2727589433849746,1.2887729212870163,1.7973589059508062,1.3382448593302356
E1,h3_k0p5,baseline_3f,28,3.0,0.5,cusum_fgo,follower,3,30001,2.519942104726337,0.8717050923864302,1.393258523064244,0.9414272166427944
E1,h3_k0p5,baseline_3f,28,3.0,0.5,cusum_fgo,pooled,0,90003,4.017611051983446,1.0951583868858383,1.7999019949698836,1.1850723206056257
E1,h3_k0p5,baseline_3f,28,3.0,0.5,cusum_fgo,macro,0,90003,3.270104033364919,1.0951583868858383,1.7118459244100797,1.1730095486354937
E1,h3_k0p5,baseline_3f,29,3.0,0.5,cusum_fgo,follower,1,30001,3.7296894994252505,1.5140168692098894,2.1835836053622257,1.5894536428344874
E1,h3_k0p5,baseline_3f,29,3.0,0.5,cusum_fgo,follower,2,30001,1.8586440741171715,0.6116572928965478,1.1884422004684099,0.6888553549370701
E1,h3_k0p5,baseline_3f,29,3.0,0.5,cusum_fgo,follower,3,30001,2.067752365079046,0.7945795582675645,1.3861996987506315,0.8578889244624097
E1,h3_k0p5,baseline_3f,29,3.0,0.5,cusum_fgo,pooled,0,90003,3.7296894994252505,0.9734179067913339,1.8913109731610744,1.1160731740437944
E1,h3_k0p5,baseline_3f,29,3.0,0.5,cusum_fgo,macro,0,90003,2.5520286462071557,0.973417906791334,1.5860751681937557,1.0453993074113224
E1,h3_k0p5,baseline_3f,30,3.0,0.5,cusum_fgo,follower,1,30001,3.0589602298059537,1.188667687205286,1.9274326555817107,1.2555842846924672
E1,h3_k0p5,baseline_3f,30,3.0,0.5,cusum_fgo,follower,2,30001,2.045751601235808,1.00928675160638,1.5926337988794352,1.060718774029823
E1,h3_k0p5,baseline_3f,30,3.0,0.5,cusum_fgo,follower,3,30001,2.98317112333882,0.6328599485023877,1.2432364770384086,0.7282100530908038
E1,h3_k0p5,baseline_3f,30,3.0,0.5,cusum_fgo,pooled,0,90003,3.0589602298059537,0.9436047957713514,1.6794203955803089,1.0379316122250921
E1,h3_k0p5,baseline_3f,30,3.0,0.5,cusum_fgo,macro,0,90003,2.6959609847935275,0.9436047957713511,1.5877676438331847,1.0148377039376981
E1,h3_k0p5,baseline_3f,31,3.0,0.5,cusum_fgo,follower,1,30001,6.057467372603836,1.9075742417195947,3.040475329755033,2.0948675898152183
E1,h3_k0p5,baseline_3f,31,3.0,0.5,cusum_fgo,follower,2,30001,2.4273367885528554,1.4100378118464407,1.9639535818648204,1.460927604103667
E1,h3_k0p5,baseline_3f,31,3.0,0.5,cusum_fgo,follower,3,30001,2.1382642238481218,0.8918247414072679,1.5453077095729897,0.9723807386323261
E1,h3_k0p5,baseline_3f,31,3.0,0.5,cusum_fgo,pooled,0,90003,6.057467372603836,1.4031455983244345,2.6570926286942846,1.5777942392417599
E1,h3_k0p5,baseline_3f,31,3.0,0.5,cusum_fgo,macro,0,90003,3.5410227950016044,1.4031455983244345,2.1832455403976145,1.5093919775170705
E1,h3_k0p5,baseline_3f,32,3.0,0.5,cusum_fgo,follower,1,30001,2.212998676184384,0.8255333135490395,1.5037638506288447,0.8982291099831079
E1,h3_k0p5,baseline_3f,32,3.0,0.5,cusum_fgo,follower,2,30001,4.132318603292853,1.093577858358328,2.045151730065637,1.224820260649806
E1,h3_k0p5,baseline_3f,32,3.0,0.5,cusum_fgo,follower,3,30001,2.723947425915532,0.9948697997253279,1.5529254643559398,1.0570719630558685
E1,h3_k0p5,baseline_3f,32,3.0,0.5,cusum_fgo,pooled,0,90003,4.132318603292853,0.9713269905442318,1.773028876398319,1.0683946430662676
E1,h3_k0p5,baseline_3f,32,3.0,0.5,cusum_fgo,macro,0,90003,3.0230882351309227,0.9713269905442318,1.7006136816834738,1.0600404445629275
E1,h3_k0p5,baseline_3f,33,3.0,0.5,cusum_fgo,follower,1,30001,4.386726506562755,2.0215081721544332,3.099669340088799,2.166011846181966
E1,h3_k0p5,baseline_3f,33,3.0,0.5,cusum_fgo,follower,2,30001,2.635894202787728,1.118057817738026,1.5790924810473717,1.171033189020058
E1,h3_k0p5,baseline_3f,33,3.0,0.5,cusum_fgo,follower,3,30001,2.1709421799403548,0.7137936760849619,1.3857970017722105,0.7969105338444098
E1,h3_k0p5,baseline_3f,33,3.0,0.5,cusum_fgo,pooled,0,90003,4.386726506562755,1.2844532219924738,2.7367208062347252,1.4942102090557494
E1,h3_k0p5,baseline_3f,33,3.0,0.5,cusum_fgo,macro,0,90003,3.0645209630969457,1.2844532219924736,2.0215196076361273,1.3779851896821447
E1,h3_k0p5,baseline_3f,34,3.0,0.5,cusum_fgo,follower,1,30001,4.670936958246872,1.4337379910001211,3.3052182018589997,1.6287351968644321
E1,h3_k0p5,baseline_3f,34,3.0,0.5,cusum_fgo,follower,2,30001,3.072021278865609,0.88333060335841,1.7564905036570728,0.9861524192960542
E1,h3_k0p5,baseline_3f,34,3.0,0.5,cusum_fgo,follower,3,30001,1.7827008144514211,1.102050873015715,1.4814029786998584,1.131102455368624
E1,h3_k0p5,baseline_3f,34,3.0,0.5,cusum_fgo,pooled,0,90003,4.670936958246872,1.1397064891247486,2.1102067312337898,1.2786278713435237
E1,h3_k0p5,baseline_3f,34,3.0,0.5,cusum_fgo,macro,0,90003,3.175219683854634,1.1397064891247488,2.1810372280719768,1.2486633571763701
E1,h3_k0p5,baseline_3f,35,3.0,0.5,cusum_fgo,follower,1,30001,2.541930334485198,0.665094088686116,1.328679260445713,0.7665046822253536
E1,h3_k0p5,baseline_3f,35,3.0,0.5,cusum_fgo,follower,2,30001,2.468440911578789,0.9465118220679205,1.6663377589434674,1.034571254631307
E1,h3_k0p5,baseline_3f,35,3.0,0.5,cusum_fgo,follower,3,30001,2.169524401678815,0.756854479697626,1.4816973063015706,0.8380272319560926
E1,h3_k0p5,baseline_3f,35,3.0,0.5,cusum_fgo,pooled,0,90003,2.541930334485198,0.7894867968172209,1.542830372553862,0.8869717677361134
E1,h3_k0p5,baseline_3f,35,3.0,0.5,cusum_fgo,macro,0,90003,2.3932985492476004,0.7894867968172209,1.4922381085635836,0.8797010562709179
E1,h3_k0p5,baseline_3f,36,3.0,0.5,cusum_fgo,follower,1,30001,5.16419031593657,1.849429151336006,2.6196781935291096,1.962453946701924
E1,h3_k0p5,baseline_3f,36,3.0,0.5,cusum_fgo,follower,2,30001,3.156892832048811,1.5176295113614562,2.29598145665133,1.6120885904165994
E1,h3_k0p5,baseline_3f,36,3.0,0.5,cusum_fgo,follower,3,30001,2.914107727582087,0.7285177459242498,1.4470138702476127,0.8297712326863036
E1,h3_k0p5,baseline_3f,36,3.0,0.5,cusum_fgo,pooled,0,90003,5.16419031593657,1.3651921362072374,2.4108492922499063,1.542570950812429
E1,h3_k0p5,baseline_3f,36,3.0,0.5,cusum_fgo,macro,0,90003,3.7450636251891556,1.3651921362072372,2.1208911734760174,1.468104589934942
E1,h3_k0p5,baseline_3f,37,3.0,0.5,cusum_fgo,follower,1,30001,2.2973037867436115,0.9712083437599656,1.6154511006871326,1.0539385341223038
E1,h3_k0p5,baseline_3f,37,3.0,0.5,cusum_fgo,follower,2,30001,3.2249747542855114,1.1878166363507112,1.8289264423872127,1.26040307344576
E1,h3_k0p5,baseline_3f,37,3.0,0.5,cusum_fgo,follower,3,30001,3.0102837100929043,0.9509869049407722,1.7199550462709654,1.045032727620767
E1,h3_k0p5,baseline_3f,37,3.0,0.5,cusum_fgo,pooled,0,90003,3.2249747542855114,1.036670628350483,1.7315162722903055,1.1242027905821217
E1,h3_k0p5,baseline_3f,37,3.0,0.5,cusum_fgo,macro,0,90003,2.8441874170406756,1.036670628350483,1.7214441964484368,1.1197914450629438
E1,h3_k0p5,baseline_3f,38,3.0,0.5,cusum_fgo,follower,1,30001,2.2937687956151938,0.9705400486753374,1.4125846207015822,1.0078856578109219
E1,h3_k0p5,baseline_3f,38,3.0,0.5,cusum_fgo,follower,2,30001,1.966789146760568,0.6799529401893379,1.2860712295370187,0.7537023923466406
E1,h3_k0p5,baseline_3f,38,3.0,0.5,cusum_fgo,follower,3,30001,1.7588554593232333,0.8600425628515602,1.3860180086572023,0.9035896883005246
E1,h3_k0p5,baseline_3f,38,3.0,0.5,cusum_fgo,pooled,0,90003,2.2937687956151938,0.8368451839054118,1.3866463394466981,0.8944970878009317
E1,h3_k0p5,baseline_3f,38,3.0,0.5,cusum_fgo,macro,0,90003,2.006471133899665,0.8368451839054117,1.3615579529652677,0.888392579486029
E1,h3_k0p5,baseline_3f,39,3.0,0.5,cusum_fgo,follower,1,30001,3.1650782887784152,1.1262749156032479,1.8299442817488827,1.2104982228482144
E1,h3_k0p5,baseline_3f,39,3.0,0.5,cusum_fgo,follower,2,30001,2.0159461492933417,0.8991215952245997,1.3780081113946587,0.9384218035752595
E1,h3_k0p5,baseline_3f,39,3.0,0.5,cusum_fgo,follower,3,30001,2.0520674154083403,0.733007944487943,1.1910730943031775,0.7834442617617079
E1,h3_k0p5,baseline_3f,39,3.0,0.5,cusum_fgo,pooled,0,90003,3.1650782887784152,0.9194681517719302,1.584036645038865,0.9932650435527394
E1,h3_k0p5,baseline_3f,39,3.0,0.5,cusum_fgo,macro,0,90003,2.411030617826699,0.9194681517719302,1.4663418291489065,0.977454762728394
E1,h3_k0p5,baseline_3f,40,3.0,0.5,cusum_fgo,follower,1,30001,3.595561993379987,0.7722683271805544,1.438999485518613,0.8667788567734684
E1,h3_k0p5,baseline_3f,40,3.0,0.5,cusum_fgo,follower,2,30001,5.874857940625901,1.4967687105002971,3.1606867203003146,1.7260473632437536
E1,h3_k0p5,baseline_3f,40,3.0,0.5,cusum_fgo,follower,3,30001,2.1896220475277652,0.5350988987824901,1.0175800474491512,0.6020864581872881
E1,h3_k0p5,baseline_3f,40,3.0,0.5,cusum_fgo,pooled,0,90003,5.874857940625901,0.9347119788211139,2.1826947803361763,1.1680543922613005
E1,h3_k0p5,baseline_3f,40,3.0,0.5,cusum_fgo,macro,0,90003,3.886680660511218,0.9347119788211137,1.8724220844226929,1.0649708927348367
E1,h3_k0p5,baseline_3f,41,3.0,0.5,cusum_fgo,follower,1,30001,3.473117635738122,1.409047159449015,2.2538845513462125,1.5006329351798073
E1,h3_k0p5,baseline_3f,41,3.0,0.5,cusum_fgo,follower,2,30001,2.152651839662842,0.6944301624838323,1.4601897991786565,0.7880412670791869
E1,h3_k0p5,baseline_3f,41,3.0,0.5,cusum_fgo,follower,3,30001,2.240184784370277,0.8346890617070359,1.5206412267029534,0.9050594064926201
E1,h3_k0p5,baseline_3f,41,3.0,0.5,cusum_fgo,pooled,0,90003,3.473117635738122,0.9793887945466279,1.942912693877839,1.1093602922475798
E1,h3_k0p5,baseline_3f,41,3.0,0.5,cusum_fgo,macro,0,90003,2.6219847532570806,0.9793887945466278,1.7449051924092742,1.0645778695838715
E1,h3_k0p5,baseline_3f,42,3.0,0.5,cusum_fgo,follower,1,30001,4.308357536963088,1.0560338542575451,1.710691918663246,1.1444100772825698
E1,h3_k0p5,baseline_3f,42,3.0,0.5,cusum_fgo,follower,2,30001,2.4065020046362458,0.7895083616004058,1.427667221123809,0.8504227943617576
E1,h3_k0p5,baseline_3f,42,3.0,0.5,cusum_fgo,follower,3,30001,1.847636157433958,0.6914247577551433,1.3599303881620968,0.775170938008032
E1,h3_k0p5,baseline_3f,42,3.0,0.5,cusum_fgo,pooled,0,90003,4.308357536963088,0.8456556578710315,1.5266868043309483,0.936978003528402
E1,h3_k0p5,baseline_3f,42,3.0,0.5,cusum_fgo,macro,0,90003,2.854165233011097,0.8456556578710316,1.4994298426497172,0.9233346032174531
E1,h3_k0p5,baseline_3f,43,3.0,0.5,cusum_fgo,follower,1,30001,4.218123032010432,0.8818512300386121,1.3989201458429117,0.988877050672548
E1,h3_k0p5,baseline_3f,43,3.0,0.5,cusum_fgo,follower,2,30001,2.742022220175697,1.1422023173885845,1.670038168453733,1.1972252499443665
E1,h3_k0p5,baseline_3f,43,3.0,0.5,cusum_fgo,follower,3,30001,1.9487997754102395,0.5109203888335441,0.9369262157063946,0.5577371854157304
E1,h3_k0p5,baseline_3f,43,3.0,0.5,cusum_fgo,pooled,0,90003,4.218123032010432,0.8449913120869135,1.5195847743005555,0.9525924081940202
E1,h3_k0p5,baseline_3f,43,3.0,0.5,cusum_fgo,macro,0,90003,2.969648342532123,0.8449913120869135,1.3352948433343466,0.9146131620108816
E1,h3_k0p5,baseline_3f,44,3.0,0.5,cusum_fgo,follower,1,30001,2.185534530839483,1.096231567941239,1.6893817960929174,1.1495187445459984
E1,h3_k0p5,baseline_3f,44,3.0,0.5,cusum_fgo,follower,2,30001,2.0719510859190833,1.0238994848883183,1.5469470487934203,1.0860873015332464
E1,h3_k0p5,baseline_3f,44,3.0,0.5,cusum_fgo,follower,3,30001,2.7479101908104355,0.9316513870712566,1.3735091875548606,0.9737560937040376
E1,h3_k0p5,baseline_3f,44,3.0,0.5,cusum_fgo,pooled,0,90003,2.7479101908104355,1.0172608133002714,1.5494118888212725,1.0722530641349122
E1,h3_k0p5,baseline_3f,44,3.0,0.5,cusum_fgo,macro,0,90003,2.335131935856334,1.0172608133002712,1.5366126774803994,1.0697873799277609
E1,h3_k0p5,baseline_3f,45,3.0,0.5,cusum_fgo,follower,1,30001,4.435968796633715,1.7591891175851897,2.6754903615682886,1.8924171369229499
E1,h3_k0p5,baseline_3f,45,3.0,0.5,cusum_fgo,follower,2,30001,2.623260125762661,0.8030912636036219,1.3721237346186768,0.8798246830850386
E1,h3_k0p5,baseline_3f,45,3.0,0.5,cusum_fgo,follower,3,30001,2.7054805419950614,1.2081857710466666,1.6154084759392289,1.2459421722099944
E1,h3_k0p5,baseline_3f,45,3.0,0.5,cusum_fgo,pooled,0,90003,4.435968796633715,1.2568220507451595,2.348753554936547,1.403294455864093
E1,h3_k0p5,baseline_3f,45,3.0,0.5,cusum_fgo,macro,0,90003,3.254903154797146,1.2568220507451595,1.8876741907087313,1.339394664072661
E1,h3_k0p5,baseline_3f,46,3.0,0.5,cusum_fgo,follower,1,30001,2.761592907307967,1.115999858644435,1.7439758553555862,1.18209832469026
E1,h3_k0p5,baseline_3f,46,3.0,0.5,cusum_fgo,follower,2,30001,2.5817557448636608,1.2018702936311718,1.8023660598392077,1.2517331274622654
E1,h3_k0p5,baseline_3f,46,3.0,0.5,cusum_fgo,follower,3,30001,2.2291086639635718,0.8823667444753727,1.4041799786674543,0.9331886739332987
E1,h3_k0p5,baseline_3f,46,3.0,0.5,cusum_fgo,pooled,0,90003,2.761592907307967,1.0667456322503266,1.6909292198218222,1.13063895987761
E1,h3_k0p5,baseline_3f,46,3.0,0.5,cusum_fgo,macro,0,90003,2.524152438711733,1.0667456322503266,1.6501739646207494,1.1223400420286083
E1,h3_k0p5,baseline_3f,47,3.0,0.5,cusum_fgo,follower,1,30001,4.2938383450919,0.9352394947743705,1.5258365286603721,1.058184844039846
E1,h3_k0p5,baseline_3f,47,3.0,0.5,cusum_fgo,follower,2,30001,2.1185045026080935,0.8272857094245025,1.383597105705714,0.8832579596638115
E1,h3_k0p5,baseline_3f,47,3.0,0.5,cusum_fgo,follower,3,30001,1.9010137842543422,0.7361822235395157,1.2100667685670456,0.7905482602971228
E1,h3_k0p5,baseline_3f,47,3.0,0.5,cusum_fgo,pooled,0,90003,4.2938383450919,0.8329024759127961,1.3861998865090195,0.9173996474317904
E1,h3_k0p5,baseline_3f,47,3.0,0.5,cusum_fgo,macro,0,90003,2.7711188773181115,0.8329024759127962,1.3731668009777105,0.9106636880002602
E1,h3_k0p5,baseline_3f,48,3.0,0.5,cusum_fgo,follower,1,30001,3.963357213639762,0.8637210516439657,1.8449055444213165,1.025924466229524
E1,h3_k0p5,baseline_3f,48,3.0,0.5,cusum_fgo,follower,2,30001,2.7194161700172854,0.6903177956500253,1.2390271981542333,0.7659102527086202
E1,h3_k0p5,baseline_3f,48,3.0,0.5,cusum_fgo,follower,3,30001,1.6089578099718707,0.42735283523945666,0.8274529469156099,0.47537670032451895
E1,h3_k0p5,baseline_3f,48,3.0,0.5,cusum_fgo,pooled,0,90003,3.963357213639762,0.6604638941778158,1.375170968292501,0.7884843124256276
E1,h3_k0p5,baseline_3f,48,3.0,0.5,cusum_fgo,macro,0,90003,2.7639103978763058,0.6604638941778159,1.3037952298303865,0.7557371397542211
E1,h3_k0p5,baseline_3f,49,3.0,0.5,cusum_fgo,follower,1,30001,3.645507322275425,1.246224009327869,1.8373623490753113,1.3360347359490095
E1,h3_k0p5,baseline_3f,49,3.0,0.5,cusum_fgo,follower,2,30001,2.3236206104655217,0.9290477661448879,1.4655898532541392,0.9770605769340511
E1,h3_k0p5,baseline_3f,49,3.0,0.5,cusum_fgo,follower,3,30001,2.9350707885854077,1.1382260410792877,1.7229589057432697,1.2056462382728825
E1,h3_k0p5,baseline_3f,49,3.0,0.5,cusum_fgo,pooled,0,90003,3.645507322275425,1.1044992721840148,1.7350532514942818,1.1822604110379111
E1,h3_k0p5,baseline_3f,49,3.0,0.5,cusum_fgo,macro,0,90003,2.968066240442118,1.1044992721840148,1.6753037026909068,1.1729138503853143
E1,h3_k0p5,baseline_3f,50,3.0,0.5,cusum_fgo,follower,1,30001,2.343756915294812,1.0909654566373712,1.6716025570647126,1.141370733606522
E1,h3_k0p5,baseline_3f,50,3.0,0.5,cusum_fgo,follower,2,30001,2.466728016383761,1.0396091972311898,1.60601425231664,1.0993533261617656
E1,h3_k0p5,baseline_3f,50,3.0,0.5,cusum_fgo,follower,3,30001,2.2103466891923116,0.8976425164291723,1.3832843729085365,0.9419914918620107
E1,h3_k0p5,baseline_3f,50,3.0,0.5,cusum_fgo,pooled,0,90003,2.466728016383761,1.0094057234325777,1.6021242250244305,1.0643703706913372
E1,h3_k0p5,baseline_3f,50,3.0,0.5,cusum_fgo,macro,0,90003,2.3402772069569617,1.0094057234325777,1.553633727429963,1.060905183876766
E1,h3_k0p5,healthy_maneuver,1,3.0,0.5,cusum_fgo,follower,1,30001,2.266116464551638,0.912004844225307,1.4457096687535855,0.9690287351804797
E1,h3_k0p5,healthy_maneuver,1,3.0,0.5,cusum_fgo,follower,2,30001,1.7515371487652682,0.7871912103571236,1.212499249396044,0.8335916080781197
E1,h3_k0p5,healthy_maneuver,1,3.0,0.5,cusum_fgo,follower,3,30001,1.620915959071593,0.8210394715712704,1.265098114454421,0.8668005928614919
E1,h3_k0p5,healthy_maneuver,1,3.0,0.5,cusum_fgo,pooled,0,90003,2.266116464551638,0.8400785087179004,1.3246538221329103,0.8916716373285963
E1,h3_k0p5,healthy_maneuver,1,3.0,0.5,cusum_fgo,macro,0,90003,1.8795231907961663,0.8400785087179004,1.307769010868017,0.8898069787066971
E1,h3_k0p5,healthy_maneuver,2,3.0,0.5,cusum_fgo,follower,1,30001,2.2355993776055323,0.7964503821825758,1.3852418087664204,0.8558928203851364
E1,h3_k0p5,healthy_maneuver,2,3.0,0.5,cusum_fgo,follower,2,30001,2.576440692296305,1.4108740415743326,2.0137852799173332,1.4707823780065383
E1,h3_k0p5,healthy_maneuver,2,3.0,0.5,cusum_fgo,follower,3,30001,2.3324430124165225,1.0135621451518455,1.6652836393064525,1.0809392359316077
E1,h3_k0p5,healthy_maneuver,2,3.0,0.5,cusum_fgo,pooled,0,90003,2.576440692296305,1.073628856302918,1.8589625266520173,1.1639276832085688
E1,h3_k0p5,healthy_maneuver,2,3.0,0.5,cusum_fgo,macro,0,90003,2.3814943607727863,1.073628856302918,1.6881035759967356,1.1358714781077606
E1,h3_k0p5,healthy_maneuver,3,3.0,0.5,cusum_fgo,follower,1,30001,1.9108397541720474,0.6198822262972676,1.1665766870006966,0.688548445000653
E1,h3_k0p5,healthy_maneuver,3,3.0,0.5,cusum_fgo,follower,2,30001,1.7512515565911742,0.7773090908733752,1.2396161854406884,0.8267250488583614
E1,h3_k0p5,healthy_maneuver,3,3.0,0.5,cusum_fgo,follower,3,30001,1.4149717242265074,0.42361491584889216,0.7440959084872778,0.460624788331064
E1,h3_k0p5,healthy_maneuver,3,3.0,0.5,cusum_fgo,pooled,0,90003,1.9108397541720474,0.6069354110065117,1.1545536585813287,0.6757091245863402
E1,h3_k0p5,healthy_maneuver,3,3.0,0.5,cusum_fgo,macro,0,90003,1.6923543449965763,0.6069354110065117,1.0500962603095543,0.6586327607300261
E1,h3_k0p5,healthy_maneuver,4,3.0,0.5,cusum_fgo,follower,1,30001,2.660201834508401,1.3495658249157199,1.8665173222973135,1.3899998441763906
E1,h3_k0p5,healthy_maneuver,4,3.0,0.5,cusum_fgo,follower,2,30001,2.107759940292671,0.9749675413634932,1.4279881948377753,1.0130638174237567
E1,h3_k0p5,healthy_maneuver,4,3.0,0.5,cusum_fgo,follower,3,30001,1.952031727495116,0.8728288446128821,1.4667949873646737,0.9390257043720718
E1,h3_k0p5,healthy_maneuver,4,3.0,0.5,cusum_fgo,pooled,0,90003,2.660201834508401,1.0657874036306985,1.6964709794626849,1.1313954714503456
E1,h3_k0p5,healthy_maneuver,4,3.0,0.5,cusum_fgo,macro,0,90003,2.239997834098729,1.0657874036306982,1.5871001681665875,1.1140297886574064
E1,h3_k0p5,healthy_maneuver,5,3.0,0.5,cusum_fgo,follower,1,30001,2.60008458374243,1.5438124947872878,2.2360077750888943,1.6332751455872507
E1,h3_k0p5,healthy_maneuver,5,3.0,0.5,cusum_fgo,follower,2,30001,1.6192594696140226,0.4615410278936897,0.8239968428067035,0.5031958388887292
E1,h3_k0p5,healthy_maneuver,5,3.0,0.5,cusum_fgo,follower,3,30001,1.4864866918391197,0.8258734596830414,1.1379485061086356,0.8457311203887484
E1,h3_k0p5,healthy_maneuver,5,3.0,0.5,cusum_fgo,pooled,0,90003,2.60008458374243,0.9437423274546729,2.0795556363164707,1.1009170240398072
E1,h3_k0p5,healthy_maneuver,5,3.0,0.5,cusum_fgo,macro,0,90003,1.9019435817318573,0.943742327454673,1.3993177080014112,0.9940673682882428
E1,h3_k0p5,healthy_maneuver,6,3.0,0.5,cusum_fgo,follower,1,30001,2.594848051105168,1.0543295943457014,1.8647511605776872,1.148826522280783
E1,h3_k0p5,healthy_maneuver,6,3.0,0.5,cusum_fgo,follower,2,30001,2.701385098414648,1.5099472607879216,2.143530099870554,1.5867700982046504
E1,h3_k0p5,healthy_maneuver,6,3.0,0.5,cusum_fgo,follower,3,30001,2.105632859765163,0.7720810799454312,1.248878907457735,0.8137634615548737
E1,h3_k0p5,healthy_maneuver,6,3.0,0.5,cusum_fgo,pooled,0,90003,2.701385098414648,1.112119311693018,1.9877098747797382,1.2247248254490917
E1,h3_k0p5,healthy_maneuver,6,3.0,0.5,cusum_fgo,macro,0,90003,2.46728866976166,1.1121193116930181,1.7523867226353254,1.183120027346769
E1,h3_k0p5,healthy_maneuver,7,3.0,0.5,cusum_fgo,follower,1,30001,1.9914564517048179,0.7645519189408106,1.329461540689393,0.8268286134841296
E1,h3_k0p5,healthy_maneuver,7,3.0,0.5,cusum_fgo,follower,2,30001,2.590950856705331,1.2566603324442076,1.8596652222764718,1.3202779504766964
E1,h3_k0p5,healthy_maneuver,7,3.0,0.5,cusum_fgo,follower,3,30001,1.318383669153354,0.5034602623254659,0.9743312559586528,0.5573870254423609
E1,h3_k0p5,healthy_maneuver,7,3.0,0.5,cusum_fgo,pooled,0,90003,2.590950856705331,0.8415575045701614,1.668523407112639,0.9552416306398637
E1,h3_k0p5,healthy_maneuver,7,3.0,0.5,cusum_fgo,macro,0,90003,1.966930325854501,0.8415575045701614,1.3878193396415057,0.9014978631343956
E1,h3_k0p5,healthy_maneuver,8,3.0,0.5,cusum_fgo,follower,1,30001,2.537888930792906,1.0614516661055167,1.7417299583600963,1.131315881177316
E1,h3_k0p5,healthy_maneuver,8,3.0,0.5,cusum_fgo,follower,2,30001,2.0624353560576645,0.5493906337886888,1.0385501344061163,0.6082833997284844
E1,h3_k0p5,healthy_maneuver,8,3.0,0.5,cusum_fgo,follower,3,30001,1.7053174958724417,0.8115695604350428,1.2392824503660311,0.8510545567452205
E1,h3_k0p5,healthy_maneuver,8,3.0,0.5,cusum_fgo,pooled,0,90003,2.537888930792906,0.8074706201097495,1.5148167272971795,0.8896025659334349
E1,h3_k0p5,healthy_maneuver,8,3.0,0.5,cusum_fgo,macro,0,90003,2.101880594241004,0.8074706201097493,1.3398541810440812,0.863551279217007
E1,h3_k0p5,healthy_maneuver,9,3.0,0.5,cusum_fgo,follower,1,30001,2.1088048543249087,0.8007458013851323,1.3228008763717025,0.8595742318871107
E1,h3_k0p5,healthy_maneuver,9,3.0,0.5,cusum_fgo,follower,2,30001,1.9512690012223948,0.6971523865538918,1.380423799040166,0.7780655434782981
E1,h3_k0p5,healthy_maneuver,9,3.0,0.5,cusum_fgo,follower,3,30001,1.7641384743747,0.7310636223569588,1.282510600826598,0.7858816372455396
E1,h3_k0p5,healthy_maneuver,9,3.0,0.5,cusum_fgo,pooled,0,90003,2.1088048543249087,0.7429872700986607,1.3247135619487067,0.808674594183228
E1,h3_k0p5,healthy_maneuver,9,3.0,0.5,cusum_fgo,macro,0,90003,1.9414041099740011,0.742987270098661,1.3285784254128221,0.8078404708703162
E1,h3_k0p5,healthy_maneuver,10,3.0,0.5,cusum_fgo,follower,1,30001,1.9219778180476146,0.6095548104970862,1.061541339638323,0.6568839635910645
E1,h3_k0p5,healthy_maneuver,10,3.0,0.5,cusum_fgo,follower,2,30001,1.935256613939816,0.9836393019892732,1.6143785559193442,1.0486140879785835
E1,h3_k0p5,healthy_maneuver,10,3.0,0.5,cusum_fgo,follower,3,30001,1.1208860828293268,0.38007115525897905,0.711748217662756,0.42304805632190445
E1,h3_k0p5,healthy_maneuver,10,3.0,0.5,cusum_fgo,pooled,0,90003,1.935256613939816,0.6577550892484461,1.4315784943387182,0.7549961821289792
E1,h3_k0p5,healthy_maneuver,10,3.0,0.5,cusum_fgo,macro,0,90003,1.6593735049389193,0.6577550892484462,1.1292227044068077,0.7095153692971842
E1,h3_k0p5,healthy_maneuver,11,3.0,0.5,cusum_fgo,follower,1,30001,2.223835289144577,0.9206633791937924,1.4770424278906444,0.9730062252337327
E1,h3_k0p5,healthy_maneuver,11,3.0,0.5,cusum_fgo,follower,2,30001,2.5131038621099075,1.129254020657719,1.7158402851259162,1.1783012785059788
E1,h3_k0p5,healthy_maneuver,11,3.0,0.5,cusum_fgo,follower,3,30001,1.5772027162092797,0.5915090680280041,1.1168862086609797,0.6459264237734537
E1,h3_k0p5,healthy_maneuver,11,3.0,0.5,cusum_fgo,pooled,0,90003,2.5131038621099075,0.8804754892931719,1.562949889328341,0.957837140332528
E1,h3_k0p5,healthy_maneuver,11,3.0,0.5,cusum_fgo,macro,0,90003,2.104713955821255,0.8804754892931719,1.4365896405591798,0.9324113091710551
E1,h3_k0p5,healthy_maneuver,12,3.0,0.5,cusum_fgo,follower,1,30001,2.181068477627953,0.9041104161348611,1.4965123659545025,0.9688009525408102
E1,h3_k0p5,healthy_maneuver,12,3.0,0.5,cusum_fgo,follower,2,30001,1.715441352920476,0.6232237646625387,1.0510121343912293,0.6684403405971943
E1,h3_k0p5,healthy_maneuver,12,3.0,0.5,cusum_fgo,follower,3,30001,1.7915619389131638,0.9921813814546397,1.352861966334639,1.022220733681494
E1,h3_k0p5,healthy_maneuver,12,3.0,0.5,cusum_fgo,pooled,0,90003,2.181068477627953,0.8398385207506799,1.3674691274130033,0.9000598133735346
E1,h3_k0p5,healthy_maneuver,12,3.0,0.5,cusum_fgo,macro,0,90003,1.8960239231538643,0.8398385207506799,1.3001288222267904,0.8864873422731661
E1,h3_k0p5,healthy_maneuver,13,3.0,0.5,cusum_fgo,follower,1,30001,2.1902631029510116,1.2355241127239884,1.7545369620867695,1.2782509751812594
E1,h3_k0p5,healthy_maneuver,13,3.0,0.5,cusum_fgo,follower,2,30001,2.110574287714579,0.729772514314984,1.3212836338495844,0.7943329117185661
E1,h3_k0p5,healthy_maneuver,13,3.0,0.5,cusum_fgo,follower,3,30001,2.284273282827375,0.9255888530111243,1.6004983812558418,1.0083752676705553
E1,h3_k0p5,healthy_maneuver,13,3.0,0.5,cusum_fgo,pooled,0,90003,2.284273282827375,0.9636284933500322,1.6447410625168832,1.0458984990015046
E1,h3_k0p5,healthy_maneuver,13,3.0,0.5,cusum_fgo,macro,0,90003,2.1950368911643214,0.9636284933500322,1.5587729923973985,1.0269863848567935
E1,h3_k0p5,healthy_maneuver,14,3.0,0.5,cusum_fgo,follower,1,30001,2.344608096213897,0.7482730662608362,1.3630933807099703,0.8222541014624764
E1,h3_k0p5,healthy_maneuver,14,3.0,0.5,cusum_fgo,follower,2,30001,2.5336380991274936,0.8111974042324224,1.7118499709495865,0.9369886330161374
E1,h3_k0p5,healthy_maneuver,14,3.0,0.5,cusum_fgo,follower,3,30001,1.932482271414455,1.0016854822917256,1.5264492659316664,1.050556022384297
E1,h3_k0p5,healthy_maneuver,14,3.0,0.5,cusum_fgo,pooled,0,90003,2.5336380991274936,0.8537186509283281,1.5866211950285305,0.9412257012253098
E1,h3_k0p5,healthy_maneuver,14,3.0,0.5,cusum_fgo,macro,0,90003,2.2702428222519484,0.8537186509283282,1.5337975391970744,0.9365995856209702
E1,h3_k0p5,healthy_maneuver,15,3.0,0.5,cusum_fgo,follower,1,30001,2.3402970611767855,1.1090773012833588,1.7287140286915008,1.1681971587504114
E1,h3_k0p5,healthy_maneuver,15,3.0,0.5,cusum_fgo,follower,2,30001,2.4726940489971256,1.2268253820993198,1.8619350287472685,1.281421751386843
E1,h3_k0p5,healthy_maneuver,15,3.0,0.5,cusum_fgo,follower,3,30001,1.26702485463195,0.5152232803422586,0.9323219724588977,0.5614932781712405
E1,h3_k0p5,healthy_maneuver,15,3.0,0.5,cusum_fgo,pooled,0,90003,2.4726940489971256,0.9503753212416458,1.695900690361928,1.0522992299517826
E1,h3_k0p5,healthy_maneuver,15,3.0,0.5,cusum_fgo,macro,0,90003,2.0266719882686206,0.9503753212416456,1.5076570099658888,1.0037040627694982
E1,h3_k0p5,healthy_maneuver,16,3.0,0.5,cusum_fgo,follower,1,30001,2.218546844466134,0.7448029835682984,1.4833977010240063,0.8416959417105948
E1,h3_k0p5,healthy_maneuver,16,3.0,0.5,cusum_fgo,follower,2,30001,2.25262963345268,0.7182517924595767,1.1153104765531772,0.7604623946030593
E1,h3_k0p5,healthy_maneuver,16,3.0,0.5,cusum_fgo,follower,3,30001,1.4520345801918844,0.6244908172770514,1.087729153825761,0.6764946237485281
E1,h3_k0p5,healthy_maneuver,16,3.0,0.5,cusum_fgo,pooled,0,90003,2.25262963345268,0.6958485311016422,1.2248742172868976,0.7625396356601553
E1,h3_k0p5,healthy_maneuver,16,3.0,0.5,cusum_fgo,macro,0,90003,1.9744036860368992,0.6958485311016421,1.2288124438009815,0.759550986687394
E1,h3_k0p5,healthy_maneuver,17,3.0,0.5,cusum_fgo,follower,1,30001,2.3094870144807937,1.2548223289667462,1.7528550483760303,1.2931586937625894
E1,h3_k0p5,healthy_maneuver,17,3.0,0.5,cusum_fgo,follower,2,30001,2.0550013237444746,0.937514441015468,1.3605220512225717,0.9755905219032925
E1,h3_k0p5,healthy_maneuver,17,3.0,0.5,cusum_fgo,follower,3,30001,1.8012658320823172,0.9595339046415347,1.367431110790561,0.9972016655984883
E1,h3_k0p5,healthy_maneuver,17,3.0,0.5,cusum_fgo,pooled,0,90003,2.3094870144807937,1.0506235582079164,1.5766225181572522,1.0982482165633451
E1,h3_k0p5,healthy_maneuver,17,3.0,0.5,cusum_fgo,macro,0,90003,2.055251390102528,1.0506235582079162,1.4936027367963878,1.0886502937547902
E1,h3_k0p5,healthy_maneuver,18,3.0,0.5,cusum_fgo,follower,1,30001,2.675183374991419,1.320887344974225,2.132518688624029,1.4139201335617686
E1,h3_k0p5,healthy_maneuver,18,3.0,0.5,cusum_fgo,follower,2,30001,2.1708426000661056,1.1331242922823155,1.6724319621383814,1.1782296362355533
E1,h3_k0p5,healthy_maneuver,18,3.0,0.5,cusum_fgo,follower,3,30001,1.163312576559893,0.4597300515267526,0.864565762657283,0.5063698933722576
E1,h3_k0p5,healthy_maneuver,18,3.0,0.5,cusum_fgo,pooled,0,90003,2.675183374991419,0.9712472295944312,1.9046845128435819,1.1020897859232288
E1,h3_k0p5,healthy_maneuver,18,3.0,0.5,cusum_fgo,macro,0,90003,2.0031128505391393,0.971247229594431,1.556505471139898,1.032839887723193
E1,h3_k0p5,healthy_maneuver,19,3.0,0.5,cusum_fgo,follower,1,30001,1.733846498967804,0.9279200584662111,1.371802057376153,0.9615178105361116
E1,h3_k0p5,healthy_maneuver,19,3.0,0.5,cusum_fgo,follower,2,30001,1.6361156101873537,0.7987935149506311,1.2689386996968839,0.8443955037845536
E1,h3_k0p5,healthy_maneuver,19,3.0,0.5,cusum_fgo,follower,3,30001,1.2530966412776114,0.4552286217240566,0.8062778536611602,0.49669814224946923
E1,h3_k0p5,healthy_maneuver,19,3.0,0.5,cusum_fgo,pooled,0,90003,1.733846498967804,0.7273140650469662,1.260182875634632,0.7925127362391517
E1,h3_k0p5,healthy_maneuver,19,3.0,0.5,cusum_fgo,macro,0,90003,1.54101958347759,0.7273140650469663,1.1490062035780657,0.7675371521900449
E1,h3_k0p5,healthy_maneuver,20,3.0,0.5,cusum_fgo,follower,1,30001,2.565408772636586,1.2865340552496654,1.9552558685963466,1.3510062606494488
E1,h3_k0p5,healthy_maneuver,20,3.0,0.5,cusum_fgo,follower,2,30001,1.8774918615539604,0.8119033600895589,1.3273559119377827,0.861658794674791
E1,h3_k0p5,healthy_maneuver,20,3.0,0.5,cusum_fgo,follower,3,30001,1.6825185094354351,0.6341538394911839,1.1984505519152047,0.6905834922555423
E1,h3_k0p5,healthy_maneuver,20,3.0,0.5,cusum_fgo,pooled,0,90003,2.565408772636586,0.9108637516101361,1.678842000653685,1.0074024939632753
E1,h3_k0p5,healthy_maneuver,20,3.0,0.5,cusum_fgo,macro,0,90003,2.0418063812086604,0.9108637516101359,1.4936874441497778,0.9677495158599273
E1,h3_k0p5,healthy_maneuver,21,3.0,0.5,cusum_fgo,follower,1,30001,2.9894228720817284,1.5969915811488913,2.351184261089809,1.6904181645465879
E1,h3_k0p5,healthy_maneuver,21,3.0,0.5,cusum_fgo,follower,2,30001,1.815213085548069,1.0131355184513453,1.433330993319855,1.0574825670978802
E1,h3_k0p5,healthy_maneuver,21,3.0,0.5,cusum_fgo,follower,3,30001,1.305580194503676,0.4791544724120031,0.8938531692357009,0.5216288749336544
E1,h3_k0p5,healthy_maneuver,21,3.0,0.5,cusum_fgo,pooled,0,90003,2.9894228720817284,1.02976052400408,2.153259869232582,1.1899411237409363
E1,h3_k0p5,healthy_maneuver,21,3.0,0.5,cusum_fgo,macro,0,90003,2.0367387173778244,1.02976052400408,1.5594561412151215,1.0898432021927074
E1,h3_k0p5,healthy_maneuver,22,3.0,0.5,cusum_fgo,follower,1,30001,2.701861575946058,0.8478514855956326,1.5372667876067927,0.9259943305376414
E1,h3_k0p5,healthy_maneuver,22,3.0,0.5,cusum_fgo,follower,2,30001,2.6140450610870936,0.9700380810297459,1.6043760203351654,1.0313756679226262
E1,h3_k0p5,healthy_maneuver,22,3.0,0.5,cusum_fgo,follower,3,30001,2.064778910137611,1.0646815492699038,1.4887317614202487,1.09959341848216
E1,h3_k0p5,healthy_maneuver,22,3.0,0.5,cusum_fgo,pooled,0,90003,2.701861575946058,0.9608570386317606,1.5364367365304485,1.0214869805892421
E1,h3_k0p5,healthy_maneuver,22,3.0,0.5,cusum_fgo,macro,0,90003,2.4602285157235877,0.9608570386317608,1.5434581897874022,1.018987805647476
E1,h3_k0p5,healthy_maneuver,23,3.0,0.5,cusum_fgo,follower,1,30001,2.072263538194302,0.8052517893654709,1.2561421648034068,0.8595642620862598
E1,h3_k0p5,healthy_maneuver,23,3.0,0.5,cusum_fgo,follower,2,30001,2.149575344516291,1.0986502106222722,1.5485159840424245,1.1337016183913455
E1,h3_k0p5,healthy_maneuver,23,3.0,0.5,cusum_fgo,follower,3,30001,1.635879815152464,0.5239167829411624,0.8467415432835499,0.5572562842464854
E1,h3_k0p5,healthy_maneuver,23,3.0,0.5,cusum_fgo,pooled,0,90003,2.149575344516291,0.8092729276429684,1.4203644817921894,0.8821686623564401
E1,h3_k0p5,healthy_maneuver,23,3.0,0.5,cusum_fgo,macro,0,90003,1.9525728992876854,0.8092729276429685,1.2171332307097937,0.8501740549080302
E1,h3_k0p5,healthy_maneuver,24,3.0,0.5,cusum_fgo,follower,1,30001,2.4690382056649995,0.7457118137191432,1.3040406058831957,0.8177435696282693
E1,h3_k0p5,healthy_maneuver,24,3.0,0.5,cusum_fgo,follower,2,30001,3.142297464770318,0.6033162888254875,0.9420390192238101,0.6407654512948481
E1,h3_k0p5,healthy_maneuver,24,3.0,0.5,cusum_fgo,follower,3,30001,1.729964871159707,0.8184154028870119,1.2393005064853941,0.855402152733554
E1,h3_k0p5,healthy_maneuver,24,3.0,0.5,cusum_fgo,pooled,0,90003,3.142297464770318,0.7224811684772142,1.1946252799820611,0.7769594052335623
E1,h3_k0p5,healthy_maneuver,24,3.0,0.5,cusum_fgo,macro,0,90003,2.4471001805316748,0.7224811684772142,1.1617933771974667,0.7713037245522237
E1,h3_k0p5,healthy_maneuver,25,3.0,0.5,cusum_fgo,follower,1,30001,1.885324196896047,0.6556729637227594,1.3454347631080958,0.7484620697872705
E1,h3_k0p5,healthy_maneuver,25,3.0,0.5,cusum_fgo,follower,2,30001,1.6632159954233472,0.6730305478883791,1.0442877889487965,0.7153752339330691
E1,h3_k0p5,healthy_maneuver,25,3.0,0.5,cusum_fgo,follower,3,30001,1.5108594594914586,0.5490378038931767,0.9894120381515602,0.6003513716902149
E1,h3_k0p5,healthy_maneuver,25,3.0,0.5,cusum_fgo,pooled,0,90003,1.885324196896047,0.6259137718347718,1.1465622977787644,0.6909845547539059
E1,h3_k0p5,healthy_maneuver,25,3.0,0.5,cusum_fgo,macro,0,90003,1.6864665506036178,0.6259137718347717,1.126378196736151,0.6880628918035182
E1,h3_k0p5,healthy_maneuver,26,3.0,0.5,cusum_fgo,follower,1,30001,2.2320158198209974,0.8410716685043752,1.3772986573343846,0.8923924926143234
E1,h3_k0p5,healthy_maneuver,26,3.0,0.5,cusum_fgo,follower,2,30001,2.06937473751026,0.7639119472116587,1.2824571913418372,0.8157108251722145
E1,h3_k0p5,healthy_maneuver,26,3.0,0.5,cusum_fgo,follower,3,30001,1.7585528564572819,0.7822106352425202,1.263349726179556,0.8242881529021474
E1,h3_k0p5,healthy_maneuver,26,3.0,0.5,cusum_fgo,pooled,0,90003,2.2320158198209974,0.7957314169861847,1.2997449986726164,0.8448272940257029
E1,h3_k0p5,healthy_maneuver,26,3.0,0.5,cusum_fgo,macro,0,90003,2.019981137929513,0.7957314169861848,1.3077018582852593,0.8441304902295618
E1,h3_k0p5,healthy_maneuver,27,3.0,0.5,cusum_fgo,follower,1,30001,3.5964913669203944,1.6674479169502068,2.5360649780599465,1.7709968534849072
E1,h3_k0p5,healthy_maneuver,27,3.0,0.5,cusum_fgo,follower,2,30001,2.0279555079721585,0.8983231931234062,1.3531638434886515,0.9392122506482334
E1,h3_k0p5,healthy_maneuver,27,3.0,0.5,cusum_fgo,follower,3,30001,1.868834584286467,0.7558405431467561,1.2407043400642241,0.8102880570814723
E1,h3_k0p5,healthy_maneuver,27,3.0,0.5,cusum_fgo,pooled,0,90003,3.5964913669203944,1.1072038844067895,2.2502077019095705,1.2483477403178478
E1,h3_k0p5,healthy_maneuver,27,3.0,0.5,cusum_fgo,macro,0,90003,2.4977604863930067,1.1072038844067897,1.7099777205376074,1.1734990537382044
E1,h3_k0p5,healthy_maneuver,28,3.0,0.5,cusum_fgo,follower,1,30001,2.332429562937396,1.0637118713420552,1.821621835830959,1.1543480306579732
E1,h3_k0p5,healthy_maneuver,28,3.0,0.5,cusum_fgo,follower,2,30001,2.144660911903379,1.2700746749023122,1.721566104615753,1.301850018860682
E1,h3_k0p5,healthy_maneuver,28,3.0,0.5,cusum_fgo,follower,3,30001,1.7822646026477251,0.8671378473365042,1.3471523172060045,0.926735994431509
E1,h3_k0p5,healthy_maneuver,28,3.0,0.5,cusum_fgo,pooled,0,90003,2.332429562937396,1.0669747978602906,1.7024588555485647,1.1381523698325657
E1,h3_k0p5,healthy_maneuver,28,3.0,0.5,cusum_fgo,macro,0,90003,2.086451692496167,1.0669747978602906,1.6301134192175724,1.1276446813167216
E1,h3_k0p5,healthy_maneuver,29,3.0,0.5,cusum_fgo,follower,1,30001,2.3823938935887528,1.4196261247228676,1.9672171277515604,1.4641976707510573
E1,h3_k0p5,healthy_maneuver,29,3.0,0.5,cusum_fgo,follower,2,30001,1.858644051351229,0.6103864538167011,1.154137878326874,0.6820017601243717
E1,h3_k0p5,healthy_maneuver,29,3.0,0.5,cusum_fgo,follower,3,30001,2.051400461390887,0.7848094505398526,1.3014468614660835,0.8422405322027813
E1,h3_k0p5,healthy_maneuver,29,3.0,0.5,cusum_fgo,pooled,0,90003,2.3823938935887528,0.9382740096931406,1.774981450229588,1.0517240344518117
E1,h3_k0p5,healthy_maneuver,29,3.0,0.5,cusum_fgo,macro,0,90003,2.0974794687769562,0.9382740096931405,1.4742672891815058,0.9961466543594034
E1,h3_k0p5,healthy_maneuver,30,3.0,0.5,cusum_fgo,follower,1,30001,2.4093305612792175,1.1205580945336053,1.6147687152418733,1.1638290227232595
E1,h3_k0p5,healthy_maneuver,30,3.0,0.5,cusum_fgo,follower,2,30001,1.9966948272017264,0.979595220175054,1.5247068178160286,1.0277767523694856
E1,h3_k0p5,healthy_maneuver,30,3.0,0.5,cusum_fgo,follower,3,30001,1.532539582453237,0.5872103150225517,1.0418304624424837,0.6419774654292999
E1,h3_k0p5,healthy_maneuver,30,3.0,0.5,cusum_fgo,pooled,0,90003,2.4093305612792175,0.8957878765770703,1.5111548376816313,0.9700443482925875
E1,h3_k0p5,healthy_maneuver,30,3.0,0.5,cusum_fgo,macro,0,90003,1.9795216569780603,0.8957878765770704,1.393768665166795,0.9445277468406816
E1,h3_k0p5,healthy_maneuver,31,3.0,0.5,cusum_fgo,follower,1,30001,3.538606273068474,1.822926305306109,2.862499495761689,1.9527120233584654
E1,h3_k0p5,healthy_maneuver,31,3.0,0.5,cusum_fgo,follower,2,30001,2.1095528197014652,1.366780358086144,1.8624018171646965,1.411869631963009
E1,h3_k0p5,healthy_maneuver,31,3.0,0.5,cusum_fgo,follower,3,30001,1.7225013800061235,0.8601949348583258,1.4198859773155152,0.9246019627207366
E1,h3_k0p5,healthy_maneuver,31,3.0,0.5,cusum_fgo,pooled,0,90003,3.538606273068474,1.3499671994168596,2.5257646961829088,1.4901173212530519
E1,h3_k0p5,healthy_maneuver,31,3.0,0.5,cusum_fgo,macro,0,90003,2.4568868242586874,1.3499671994168596,2.048262430080634,1.4297278726807372
E1,h3_k0p5,healthy_maneuver,32,3.0,0.5,cusum_fgo,follower,1,30001,1.8565442544527122,0.7437173844024638,1.3061772467449695,0.7979147458007361
E1,h3_k0p5,healthy_maneuver,32,3.0,0.5,cusum_fgo,follower,2,30001,2.323192188961294,0.9711566744589254,1.6262016302092974,1.0445080751206448
E1,h3_k0p5,healthy_maneuver,32,3.0,0.5,cusum_fgo,follower,3,30001,1.9905411716141483,0.936464519390398,1.3989234264494876,0.9785817860056403
E1,h3_k0p5,healthy_maneuver,32,3.0,0.5,cusum_fgo,pooled,0,90003,2.323192188961294,0.883779526083929,1.5005036436992234,0.9460950220882461
E1,h3_k0p5,healthy_maneuver,32,3.0,0.5,cusum_fgo,macro,0,90003,2.0567592050093846,0.883779526083929,1.443767434467918,0.9403348689756736
E1,h3_k0p5,healthy_maneuver,33,3.0,0.5,cusum_fgo,follower,1,30001,3.6194092304500574,1.9046314840079486,2.885032802533619,2.0302065069366964
E1,h3_k0p5,healthy_maneuver,33,3.0,0.5,cusum_fgo,follower,2,30001,2.0772833259870285,1.0520960048742911,1.4691977673145364,1.0910505826280497
E1,h3_k0p5,healthy_maneuver,33,3.0,0.5,cusum_fgo,follower,3,30001,1.7878272423920964,0.6689381452078789,1.1582812189406548,0.7242480979037574
E1,h3_k0p5,healthy_maneuver,33,3.0,0.5,cusum_fgo,pooled,0,90003,3.6194092304500574,1.2085552113633728,2.5734999248196093,1.3948315480107647
E1,h3_k0p5,healthy_maneuver,33,3.0,0.5,cusum_fgo,macro,0,90003,2.494839932943061,1.2085552113633728,1.83750392959627,1.281835062489501
E1,h3_k0p5,healthy_maneuver,34,3.0,0.5,cusum_fgo,follower,1,30001,2.342921059866415,1.065496509199896,1.656327908675244,1.1168147651116327
E1,h3_k0p5,healthy_maneuver,34,3.0,0.5,cusum_fgo,follower,2,30001,1.8246923411498082,0.7689384245348074,1.3105276056704522,0.8259635950098264
E1,h3_k0p5,healthy_maneuver,34,3.0,0.5,cusum_fgo,follower,3,30001,1.8128770631503168,1.0911140326888513,1.4842123212991114,1.1198224828279837
E1,h3_k0p5,healthy_maneuver,34,3.0,0.5,cusum_fgo,pooled,0,90003,2.342921059866415,0.9751829888078516,1.5087631834542847,1.0301283856717307
E1,h3_k0p5,healthy_maneuver,34,3.0,0.5,cusum_fgo,macro,0,90003,1.9934968213888464,0.9751829888078515,1.4836892785482692,1.0208669476498142
E1,h3_k0p5,healthy_maneuver,35,3.0,0.5,cusum_fgo,follower,1,30001,1.9208970002114263,0.6093804430979907,1.158149087928575,0.6830413723811657
E1,h3_k0p5,healthy_maneuver,35,3.0,0.5,cusum_fgo,follower,2,30001,2.1444538236924733,0.9041818439229963,1.5878998183195676,0.9865777771077241
E1,h3_k0p5,healthy_maneuver,35,3.0,0.5,cusum_fgo,follower,3,30001,1.8837571538824578,0.7239848529088391,1.335032459817132,0.7940363134618106
E1,h3_k0p5,healthy_maneuver,35,3.0,0.5,cusum_fgo,pooled,0,90003,2.1444538236924733,0.7458490466432754,1.4479503338498718,0.8307376027288815
E1,h3_k0p5,healthy_maneuver,35,3.0,0.5,cusum_fgo,macro,0,90003,1.9830359925954524,0.7458490466432753,1.3603604553550914,0.8212184876502334
E1,h3_k0p5,healthy_maneuver,36,3.0,0.5,cusum_fgo,follower,1,30001,2.918166957686609,1.7514699114899392,2.427838299886677,1.819959049675456
E1,h3_k0p5,healthy_maneuver,36,3.0,0.5,cusum_fgo,follower,2,30001,2.6949115235735848,1.5366004151915775,2.1899390156037293,1.6143973658190849
E1,h3_k0p5,healthy_maneuver,36,3.0,0.5,cusum_fgo,follower,3,30001,1.8387953421104575,0.6912795254400288,1.2726804813701014,0.7559675401768718
E1,h3_k0p5,healthy_maneuver,36,3.0,0.5,cusum_fgo,pooled,0,90003,2.918166957686609,1.3264499507071816,2.2763155616148296,1.4708293260448067
E1,h3_k0p5,healthy_maneuver,36,3.0,0.5,cusum_fgo,macro,0,90003,2.4839579411235504,1.3264499507071819,1.9634859322868359,1.3967746518904711
E1,h3_k0p5,healthy_maneuver,37,3.0,0.5,cusum_fgo,follower,1,30001,2.2973037868828694,0.9195274718057992,1.5279685249458606,0.9969159051985699
E1,h3_k0p5,healthy_maneuver,37,3.0,0.5,cusum_fgo,follower,2,30001,2.439779403579531,1.1443000830478307,1.6645996004643233,1.194725984245984
E1,h3_k0p5,healthy_maneuver,37,3.0,0.5,cusum_fgo,follower,3,30001,1.7226587140907714,0.8722816991470244,1.400479070801894,0.9225961662336496
E1,h3_k0p5,healthy_maneuver,37,3.0,0.5,cusum_fgo,pooled,0,90003,2.439779403579531,0.9787030846668847,1.5681539210226279,1.0444129428247315
E1,h3_k0p5,healthy_maneuver,37,3.0,0.5,cusum_fgo,macro,0,90003,2.1532473015177236,0.9787030846668848,1.5310157320706927,1.0380793518927345
E1,h3_k0p5,healthy_maneuver,38,3.0,0.5,cusum_fgo,follower,1,30001,1.6553532517340566,0.9279313350606151,1.3184346704484045,0.9571443274224846
E1,h3_k0p5,healthy_maneuver,38,3.0,0.5,cusum_fgo,follower,2,30001,1.6863884349532563,0.6617634753751033,1.202693083839293,0.7234010260531372
E1,h3_k0p5,healthy_maneuver,38,3.0,0.5,cusum_fgo,follower,3,30001,1.599351778075713,0.7923871570659984,1.1558027715806645,0.8202252739119804
E1,h3_k0p5,healthy_maneuver,38,3.0,0.5,cusum_fgo,pooled,0,90003,1.6863884349532563,0.7940273225005721,1.251951126680603,0.839087561576215
E1,h3_k0p5,healthy_maneuver,38,3.0,0.5,cusum_fgo,macro,0,90003,1.6470311549210086,0.7940273225005722,1.2256435086227873,0.8335902091292007
E1,h3_k0p5,healthy_maneuver,39,3.0,0.5,cusum_fgo,follower,1,30001,2.141455340022245,1.0789825420729358,1.6809946024421134,1.1398329062553352
E1,h3_k0p5,healthy_maneuver,39,3.0,0.5,cusum_fgo,follower,2,30001,1.7464334030696265,0.9367636563055669,1.3856800409889063,0.9744805189240364
E1,h3_k0p5,healthy_maneuver,39,3.0,0.5,cusum_fgo,follower,3,30001,1.6994203756181945,0.7168466302078922,1.1735606631236268,0.7642691365831911
E1,h3_k0p5,healthy_maneuver,39,3.0,0.5,cusum_fgo,pooled,0,90003,2.141455340022245,0.910864276195465,1.51525476520073,0.9717576256588812
E1,h3_k0p5,healthy_maneuver,39,3.0,0.5,cusum_fgo,macro,0,90003,1.8624363729033553,0.9108642761954648,1.4134117688515488,0.959527520587521
E1,h3_k0p5,healthy_maneuver,40,3.0,0.5,cusum_fgo,follower,1,30001,1.7263612019924,0.657114618059035,1.1134514365867778,0.7032430618565546
E1,h3_k0p5,healthy_maneuver,40,3.0,0.5,cusum_fgo,follower,2,30001,2.5245587137212904,1.1339932254160798,1.9153095434213374,1.2099918559943534
E1,h3_k0p5,healthy_maneuver,40,3.0,0.5,cusum_fgo,follower,3,30001,1.3487989618447553,0.46488092772717077,0.8073080736869209,0.5034329346986619
E1,h3_k0p5,healthy_maneuver,40,3.0,0.5,cusum_fgo,pooled,0,90003,2.5245587137212904,0.7519962570674287,1.5804533987187523,0.8586958746380756
E1,h3_k0p5,healthy_maneuver,40,3.0,0.5,cusum_fgo,macro,0,90003,1.8665729591861486,0.7519962570674285,1.278689684565012,0.8055559508498567
E1,h3_k0p5,healthy_maneuver,41,3.0,0.5,cusum_fgo,follower,1,30001,2.563819935516619,1.3277871882438965,2.032964302199984,1.3956929595123997
E1,h3_k0p5,healthy_maneuver,41,3.0,0.5,cusum_fgo,follower,2,30001,1.8916079131523522,0.579473877266527,1.0099072348274396,0.6311023049178447
E1,h3_k0p5,healthy_maneuver,41,3.0,0.5,cusum_fgo,follower,3,30001,2.07735111906527,0.7996546051570184,1.4020469291603912,0.8582517008582276
E1,h3_k0p5,healthy_maneuver,41,3.0,0.5,cusum_fgo,pooled,0,90003,2.563819935516619,0.902305223555814,1.7798565903849397,1.0137134602590514
E1,h3_k0p5,healthy_maneuver,41,3.0,0.5,cusum_fgo,macro,0,90003,2.1775929892447468,0.902305223555814,1.4816394887292716,0.961682321762824
E1,h3_k0p5,healthy_maneuver,42,3.0,0.5,cusum_fgo,follower,1,30001,2.186428743497984,1.005983810138719,1.593213382097212,1.0537765585400931
E1,h3_k0p5,healthy_maneuver,42,3.0,0.5,cusum_fgo,follower,2,30001,1.8862600203206465,0.7497352255591558,1.1135044143761028,0.7855549170465438
E1,h3_k0p5,healthy_maneuver,42,3.0,0.5,cusum_fgo,follower,3,30001,1.573136044147392,0.646649777348194,1.1275306782610777,0.7064917071655646
E1,h3_k0p5,healthy_maneuver,42,3.0,0.5,cusum_fgo,pooled,0,90003,2.186428743497984,0.8007896043486896,1.3437446024379318,0.861524249091558
E1,h3_k0p5,healthy_maneuver,42,3.0,0.5,cusum_fgo,macro,0,90003,1.881941602655341,0.8007896043486896,1.2780828249114642,0.8486077275840671
E1,h3_k0p5,healthy_maneuver,43,3.0,0.5,cusum_fgo,follower,1,30001,1.7888985962760813,0.7931950143625117,1.2685088434760021,0.8341280455696336
E1,h3_k0p5,healthy_maneuver,43,3.0,0.5,cusum_fgo,follower,2,30001,2.0743526268075585,1.1100090624912053,1.5864501778881364,1.1535571401518048
E1,h3_k0p5,healthy_maneuver,43,3.0,0.5,cusum_fgo,follower,3,30001,1.1569857503084608,0.47765612622669357,0.7898022091312258,0.5107909507162203
E1,h3_k0p5,healthy_maneuver,43,3.0,0.5,cusum_fgo,pooled,0,90003,2.0743526268075585,0.7936200676934703,1.44859745946434,0.8731878506053948
E1,h3_k0p5,healthy_maneuver,43,3.0,0.5,cusum_fgo,macro,0,90003,1.6734123244640333,0.7936200676934702,1.2149204101651214,0.8328253788125529
E1,h3_k0p5,healthy_maneuver,44,3.0,0.5,cusum_fgo,follower,1,30001,2.1995060437157306,1.0581554812347937,1.5600378459494675,1.1041737029058285
E1,h3_k0p5,healthy_maneuver,44,3.0,0.5,cusum_fgo,follower,2,30001,1.8118367820151793,1.0034479149804638,1.504957010218082,1.060795209757516
E1,h3_k0p5,healthy_maneuver,44,3.0,0.5,cusum_fgo,follower,3,30001,2.7479101664462307,0.8863433598007495,1.273835031573351,0.9241442896705645
E1,h3_k0p5,healthy_maneuver,44,3.0,0.5,cusum_fgo,pooled,0,90003,2.7479101664462307,0.9826489186720023,1.4791954401167398,1.032558103508623
E1,h3_k0p5,healthy_maneuver,44,3.0,0.5,cusum_fgo,macro,0,90003,2.2530843307257133,0.9826489186720023,1.4462766292469669,1.0297044007779697
E1,h3_k0p5,healthy_maneuver,45,3.0,0.5,cusum_fgo,follower,1,30001,2.9471750875203218,1.6455184011257924,2.444008885474416,1.7448386645594391
E1,h3_k0p5,healthy_maneuver,45,3.0,0.5,cusum_fgo,follower,2,30001,1.6609649898374224,0.7530215449390542,1.233327364980796,0.8068720143849869
E1,h3_k0p5,healthy_maneuver,45,3.0,0.5,cusum_fgo,follower,3,30001,1.8821777622846854,1.1871596462821479,1.5633749916293995,1.2178212575641933
E1,h3_k0p5,healthy_maneuver,45,3.0,0.5,cusum_fgo,pooled,0,90003,2.9471750875203218,1.195233197448998,2.201004745607399,1.3138484220429802
E1,h3_k0p5,healthy_maneuver,45,3.0,0.5,cusum_fgo,macro,0,90003,2.16343927988081,1.1952331974489983,1.7469037473615374,1.2565106455028732
E1,h3_k0p5,healthy_maneuver,46,3.0,0.5,cusum_fgo,follower,1,30001,2.0519489610654538,1.040671337940385,1.5275400754026969,1.0848679261566654
E1,h3_k0p5,healthy_maneuver,46,3.0,0.5,cusum_fgo,follower,2,30001,2.233669791298656,1.1628950250376384,1.6403327037635642,1.2030666143293565
E1,h3_k0p5,healthy_maneuver,46,3.0,0.5,cusum_fgo,follower,3,30001,1.8540986667081765,0.8425686595499253,1.301613750259851,0.8853154296090275
E1,h3_k0p5,healthy_maneuver,46,3.0,0.5,cusum_fgo,pooled,0,90003,2.233669791298656,1.0153783408426496,1.5360716546886493,1.0658472538503787
E1,h3_k0p5,healthy_maneuver,46,3.0,0.5,cusum_fgo,macro,0,90003,2.0465724730240953,1.0153783408426496,1.4898288431420375,1.0577499900316834
E1,h3_k0p5,healthy_maneuver,47,3.0,0.5,cusum_fgo,follower,1,30001,1.9524040799257298,0.8575845315139187,1.35783286241974,0.905950810976044
E1,h3_k0p5,healthy_maneuver,47,3.0,0.5,cusum_fgo,follower,2,30001,1.7779245504406769,0.7860752480170343,1.2496612129006166,0.8302514864608767
E1,h3_k0p5,healthy_maneuver,47,3.0,0.5,cusum_fgo,follower,3,30001,1.444154992566191,0.7037532681519585,1.101399463658398,0.746301240997154
E1,h3_k0p5,healthy_maneuver,47,3.0,0.5,cusum_fgo,pooled,0,90003,1.9524040799257298,0.7824710158943039,1.2491668058946894,0.8300662513704432
E1,h3_k0p5,healthy_maneuver,47,3.0,0.5,cusum_fgo,macro,0,90003,1.7248278743108658,0.7824710158943038,1.2362978463262515,0.8275011794780248
E1,h3_k0p5,healthy_maneuver,48,3.0,0.5,cusum_fgo,follower,1,30001,2.5905042351058696,0.7600320262222066,1.4386855121892683,0.84824131846283
E1,h3_k0p5,healthy_maneuver,48,3.0,0.5,cusum_fgo,follower,2,30001,2.719416193462742,0.6363399406455509,1.1336480413904468,0.6941176577751978
E1,h3_k0p5,healthy_maneuver,48,3.0,0.5,cusum_fgo,follower,3,30001,1.60895789271181,0.405826654659893,0.714998164045228,0.4455780776966898
E1,h3_k0p5,healthy_maneuver,48,3.0,0.5,cusum_fgo,pooled,0,90003,2.719416193462742,0.6007328738425501,1.206116455181609,0.6830940590447663
E1,h3_k0p5,healthy_maneuver,48,3.0,0.5,cusum_fgo,macro,0,90003,2.306292773760141,0.6007328738425501,1.0957772392083143,0.6626456846449059
E1,h3_k0p5,healthy_maneuver,49,3.0,0.5,cusum_fgo,follower,1,30001,2.2144683258091225,1.1766920752379355,1.7292482157633373,1.240445176933072
E1,h3_k0p5,healthy_maneuver,49,3.0,0.5,cusum_fgo,follower,2,30001,1.676228465747984,0.9009281051297885,1.3192591877453952,0.9377840961735787
E1,h3_k0p5,healthy_maneuver,49,3.0,0.5,cusum_fgo,follower,3,30001,2.061980957867463,1.1113249842833464,1.6637466775140257,1.1650783047884725
E1,h3_k0p5,healthy_maneuver,49,3.0,0.5,cusum_fgo,pooled,0,90003,2.2144683258091225,1.0629817215503568,1.6495441920562384,1.121836396910797
E1,h3_k0p5,healthy_maneuver,49,3.0,0.5,cusum_fgo,macro,0,90003,1.9842259164748564,1.0629817215503568,1.5707513603409193,1.1144358592983743
E1,h3_k0p5,healthy_maneuver,50,3.0,0.5,cusum_fgo,follower,1,30001,2.2387649711560824,1.055131203411379,1.5850030077602324,1.0983085711544605
E1,h3_k0p5,healthy_maneuver,50,3.0,0.5,cusum_fgo,follower,2,30001,2.0080889665484185,1.0003452367049686,1.4712574144936243,1.0453075510785148
E1,h3_k0p5,healthy_maneuver,50,3.0,0.5,cusum_fgo,follower,3,30001,1.6400558824151767,0.8690441183366036,1.244034139188151,0.8984103319856023
E1,h3_k0p5,healthy_maneuver,50,3.0,0.5,cusum_fgo,pooled,0,90003,2.2387649711560824,0.9748401861509838,1.4620097659793163,1.017528168067367
E1,h3_k0p5,healthy_maneuver,50,3.0,0.5,cusum_fgo,macro,0,90003,1.9623032733732257,0.9748401861509836,1.4334315204806691,1.0140088180728593
E1,h3_k0p75,baseline_3f,1,3.0,0.75,cusum_fgo,follower,1,30001,3.3979710771371474,0.9624101042611004,1.585970235274749,1.0432868276340033
E1,h3_k0p75,baseline_3f,1,3.0,0.75,cusum_fgo,follower,2,30001,2.1167721897817793,0.8111410370264358,1.3098170353552396,0.8645477713029214
E1,h3_k0p75,baseline_3f,1,3.0,0.75,cusum_fgo,follower,3,30001,1.7086287536350764,0.8553223632752706,1.3110914382988097,0.9027858663301144
E1,h3_k0p75,baseline_3f,1,3.0,0.75,cusum_fgo,pooled,0,90003,3.3979710771371474,0.8762911681876022,1.4156201013109337,0.9400199597215806
E1,h3_k0p75,baseline_3f,1,3.0,0.75,cusum_fgo,macro,0,90003,2.4077906735180012,0.8762911681876022,1.402292902976266,0.9368734884223464
E1,h3_k0p75,baseline_3f,2,3.0,0.75,cusum_fgo,follower,1,30001,2.2355993776023655,0.8208954363916352,1.4309699940669403,0.8820687439874236
E1,h3_k0p75,baseline_3f,2,3.0,0.75,cusum_fgo,follower,2,30001,3.5111231283566364,1.413142627745117,2.2685218562397305,1.4994098729659635
E1,h3_k0p75,baseline_3f,2,3.0,0.75,cusum_fgo,follower,3,30001,2.6878736099349525,0.984115153052446,1.5441674424640002,1.0497082854371054
E1,h3_k0p75,baseline_3f,2,3.0,0.75,cusum_fgo,pooled,0,90003,3.5111231283566364,1.0727177390630662,1.878008416245954,1.173053383380692
E1,h3_k0p75,baseline_3f,2,3.0,0.75,cusum_fgo,macro,0,90003,2.8115320386313183,1.072717739063066,1.7478864309235569,1.1437289674634974
E1,h3_k0p75,baseline_3f,3,3.0,0.75,cusum_fgo,follower,1,30001,2.1976735163126926,0.6857875567152613,1.412093568870206,0.7746103375722814
E1,h3_k0p75,baseline_3f,3,3.0,0.75,cusum_fgo,follower,2,30001,1.9578861275988937,0.8165883467394237,1.3588025247285125,0.8761193526731873
E1,h3_k0p75,baseline_3f,3,3.0,0.75,cusum_fgo,follower,3,30001,1.4149717349534054,0.46128912041148235,0.8426196754196913,0.5067552463335036
E1,h3_k0p75,baseline_3f,3,3.0,0.75,cusum_fgo,pooled,0,90003,2.1976735163126926,0.6545550079553891,1.2697305518311228,0.7358458114960539
E1,h3_k0p75,baseline_3f,3,3.0,0.75,cusum_fgo,macro,0,90003,1.8568437929549972,0.6545550079553891,1.20450525633947,0.7191616455263241
E1,h3_k0p75,baseline_3f,4,3.0,0.75,cusum_fgo,follower,1,30001,3.8157188353791605,1.407869496909076,2.0320342054991385,1.4732983720538297
E1,h3_k0p75,baseline_3f,4,3.0,0.75,cusum_fgo,follower,2,30001,2.4964925999203986,0.99906271045923,1.5996922621736296,1.0483258877816555
E1,h3_k0p75,baseline_3f,4,3.0,0.75,cusum_fgo,follower,3,30001,2.433387679071549,0.884194814458403,1.5651541422401734,0.967199783260572
E1,h3_k0p75,baseline_3f,4,3.0,0.75,cusum_fgo,pooled,0,90003,3.8157188353791605,1.097042340608903,1.8187757722321534,1.1839299924163533
E1,h3_k0p75,baseline_3f,4,3.0,0.75,cusum_fgo,macro,0,90003,2.9151997047903695,1.097042340608903,1.7322935366376473,1.1629413476986856
E1,h3_k0p75,baseline_3f,5,3.0,0.75,cusum_fgo,follower,1,30001,4.711236676509354,1.6855907008585376,2.8705836107016696,1.8363022348720393
E1,h3_k0p75,baseline_3f,5,3.0,0.75,cusum_fgo,follower,2,30001,3.8393583847333073,0.6547709185997583,1.3992625589212087,0.7804558282926207
E1,h3_k0p75,baseline_3f,5,3.0,0.75,cusum_fgo,follower,3,30001,2.533959758557179,0.8819940528280857,1.2933242268376273,0.9262468970874947
E1,h3_k0p75,baseline_3f,5,3.0,0.75,cusum_fgo,pooled,0,90003,4.711236676509354,1.074118557428794,2.2911852597946885,1.2700459981271253
E1,h3_k0p75,baseline_3f,5,3.0,0.75,cusum_fgo,macro,0,90003,3.6948516065999466,1.074118557428794,1.854390132153502,1.181001653417385
E1,h3_k0p75,baseline_3f,6,3.0,0.75,cusum_fgo,follower,1,30001,2.667969022877458,1.1128072984465922,1.875880818828945,1.2000885452730026
E1,h3_k0p75,baseline_3f,6,3.0,0.75,cusum_fgo,follower,2,30001,2.771498464420551,1.4911851371848899,2.220525774650347,1.5801758269566473
E1,h3_k0p75,baseline_3f,6,3.0,0.75,cusum_fgo,follower,3,30001,1.8674411864499518,0.7778460536533651,1.2490976449259243,0.8174070858758176
E1,h3_k0p75,baseline_3f,6,3.0,0.75,cusum_fgo,pooled,0,90003,2.771498464420551,1.1272794964282824,2.011981572566875,1.238994552669434
E1,h3_k0p75,baseline_3f,6,3.0,0.75,cusum_fgo,macro,0,90003,2.4356362245826535,1.1272794964282824,1.781834746135072,1.1992238193684892
E1,h3_k0p75,baseline_3f,7,3.0,0.75,cusum_fgo,follower,1,30001,2.3597128739410853,0.8019510045360995,1.6111706390224587,0.8917361995902419
E1,h3_k0p75,baseline_3f,7,3.0,0.75,cusum_fgo,follower,2,30001,2.5060575231453965,1.2841996335997552,1.8712480859027716,1.3447649504932007
E1,h3_k0p75,baseline_3f,7,3.0,0.75,cusum_fgo,follower,3,30001,1.5144811136902703,0.5144582883454667,0.9889927538410798,0.5694511989077143
E1,h3_k0p75,baseline_3f,7,3.0,0.75,cusum_fgo,pooled,0,90003,2.5060575231453965,0.8668696421604405,1.729380507156073,0.9879036541539297
E1,h3_k0p75,baseline_3f,7,3.0,0.75,cusum_fgo,macro,0,90003,2.126750503592251,0.8668696421604404,1.4904704929221033,0.935317449663719
E1,h3_k0p75,baseline_3f,8,3.0,0.75,cusum_fgo,follower,1,30001,6.534054058890618,1.1722229017394465,1.8775902030299163,1.401971963818702
E1,h3_k0p75,baseline_3f,8,3.0,0.75,cusum_fgo,follower,2,30001,3.0477566837564987,0.6219675224111961,1.221708074793857,0.7367674770624353
E1,h3_k0p75,baseline_3f,8,3.0,0.75,cusum_fgo,follower,3,30001,2.3725811764931466,0.8682901897298789,1.3660007225767508,0.9261129520755043
E1,h3_k0p75,baseline_3f,8,3.0,0.75,cusum_fgo,pooled,0,90003,6.534054058890618,0.887493537960174,1.6526379774341797,1.059250820563386
E1,h3_k0p75,baseline_3f,8,3.0,0.75,cusum_fgo,macro,0,90003,3.984797306380088,0.8874935379601738,1.488433000133508,1.0216174643188805
E1,h3_k0p75,baseline_3f,9,3.0,0.75,cusum_fgo,follower,1,30001,2.1215232995906543,0.8478181200239692,1.4198033258462635,0.9131601003792432
E1,h3_k0p75,baseline_3f,9,3.0,0.75,cusum_fgo,follower,2,30001,2.340968487872965,0.7287288478029829,1.521035586089807,0.8178590719342331
E1,h3_k0p75,baseline_3f,9,3.0,0.75,cusum_fgo,follower,3,30001,2.3168991865186688,0.7504551516707513,1.3065641883241736,0.810562852201784
E1,h3_k0p75,baseline_3f,9,3.0,0.75,cusum_fgo,pooled,0,90003,2.340968487872965,0.7756673731659013,1.4145276509959104,0.8484823643500683
E1,h3_k0p75,baseline_3f,9,3.0,0.75,cusum_fgo,macro,0,90003,2.259796991327429,0.7756673731659011,1.4158010334200812,0.8471940081717534
E1,h3_k0p75,baseline_3f,10,3.0,0.75,cusum_fgo,follower,1,30001,2.405200815732894,0.6462280616678832,1.169290106630699,0.7082670370146869
E1,h3_k0p75,baseline_3f,10,3.0,0.75,cusum_fgo,follower,2,30001,2.1034762603528314,0.993790796575604,1.5973110483470672,1.0594055656189825
E1,h3_k0p75,baseline_3f,10,3.0,0.75,cusum_fgo,follower,3,30001,1.4688649195579209,0.4134364891274829,0.7872974729011328,0.4642982446566788
E1,h3_k0p75,baseline_3f,10,3.0,0.75,cusum_fgo,pooled,0,90003,2.405200815732894,0.6844851157903233,1.4488421291759408,0.783061344590855
E1,h3_k0p75,baseline_3f,10,3.0,0.75,cusum_fgo,macro,0,90003,1.9925139985478821,0.6844851157903232,1.1846328759596332,0.743990282430116
E1,h3_k0p75,baseline_3f,11,3.0,0.75,cusum_fgo,follower,1,30001,2.663701344660398,0.9623166303544697,1.6223178912232257,1.0296254793606074
E1,h3_k0p75,baseline_3f,11,3.0,0.75,cusum_fgo,follower,2,30001,2.9016326078809316,1.1650213386480366,1.77582432249907,1.2222111031288976
E1,h3_k0p75,baseline_3f,11,3.0,0.75,cusum_fgo,follower,3,30001,2.35036317526868,0.6319647625481081,1.2312971888363091,0.7083751282548478
E1,h3_k0p75,baseline_3f,11,3.0,0.75,cusum_fgo,pooled,0,90003,2.9016326078809316,0.9197675771835382,1.645799700998893,1.0092445905544387
E1,h3_k0p75,baseline_3f,11,3.0,0.75,cusum_fgo,macro,0,90003,2.6385657092700034,0.9197675771835382,1.543146467519535,0.9867372369147843
E1,h3_k0p75,baseline_3f,12,3.0,0.75,cusum_fgo,follower,1,30001,2.8952311085957128,0.9415368317808599,1.7545623071608814,1.0342349994201507
E1,h3_k0p75,baseline_3f,12,3.0,0.75,cusum_fgo,follower,2,30001,2.361697713630748,0.6637646881541119,1.1750370245443105,0.7280351675511323
E1,h3_k0p75,baseline_3f,12,3.0,0.75,cusum_fgo,follower,3,30001,1.8539683332427517,1.0047678059085492,1.4203079986065759,1.038812008600086
E1,h3_k0p75,baseline_3f,12,3.0,0.75,cusum_fgo,pooled,0,90003,2.8952311085957128,0.870023108614507,1.4818330615414537,0.9449528433434389
E1,h3_k0p75,baseline_3f,12,3.0,0.75,cusum_fgo,macro,0,90003,2.370299051823071,0.870023108614507,1.4499691101039225,0.9336940585237897
E1,h3_k0p75,baseline_3f,13,3.0,0.75,cusum_fgo,follower,1,30001,5.005276729827917,1.3144306656276512,1.8697171632054963,1.4164814002723007
E1,h3_k0p75,baseline_3f,13,3.0,0.75,cusum_fgo,follower,2,30001,2.0499289888469665,0.751973405809673,1.3305124399390018,0.8145329442099307
E1,h3_k0p75,baseline_3f,13,3.0,0.75,cusum_fgo,follower,3,30001,2.865317770671006,0.9673627996125235,1.703930974745994,1.0756959947110258
E1,h3_k0p75,baseline_3f,13,3.0,0.75,cusum_fgo,pooled,0,90003,5.005276729827917,1.0112556236832826,1.71909471257636,1.129454934552949
E1,h3_k0p75,baseline_3f,13,3.0,0.75,cusum_fgo,macro,0,90003,3.3068411631152963,1.0112556236832824,1.634720192630164,1.1022367797310857
E1,h3_k0p75,baseline_3f,14,3.0,0.75,cusum_fgo,follower,1,30001,4.1632483275140695,0.8150790791204436,1.531534339621615,0.9281484606831691
E1,h3_k0p75,baseline_3f,14,3.0,0.75,cusum_fgo,follower,2,30001,3.2085356755877763,0.8690846412845027,1.8071667106741864,1.0180760332837497
E1,h3_k0p75,baseline_3f,14,3.0,0.75,cusum_fgo,follower,3,30001,2.0955577738644497,1.0489480532480948,1.6612820317895158,1.1078555003970991
E1,h3_k0p75,baseline_3f,14,3.0,0.75,cusum_fgo,pooled,0,90003,4.1632483275140695,0.911037257884347,1.7037496619017403,1.0206668056349923
E1,h3_k0p75,baseline_3f,14,3.0,0.75,cusum_fgo,macro,0,90003,3.1557805923220985,0.9110372578843471,1.6666610273617726,1.018026664788006
E1,h3_k0p75,baseline_3f,15,3.0,0.75,cusum_fgo,follower,1,30001,2.982363519829806,1.1856882825048476,2.0179880196487474,1.2713727223484863
E1,h3_k0p75,baseline_3f,15,3.0,0.75,cusum_fgo,follower,2,30001,2.8650320242993965,1.2549592995786545,1.9485827763327275,1.3165245791144287
E1,h3_k0p75,baseline_3f,15,3.0,0.75,cusum_fgo,follower,3,30001,1.7416386453492165,0.5388362547117549,0.9938182518136225,0.5939296127302797
E1,h3_k0p75,baseline_3f,15,3.0,0.75,cusum_fgo,pooled,0,90003,2.982363519829806,0.9931612789317524,1.8092099295357802,1.1109122304698011
E1,h3_k0p75,baseline_3f,15,3.0,0.75,cusum_fgo,macro,0,90003,2.5296780631594733,0.9931612789317524,1.653463015931699,1.0606089713977316
E1,h3_k0p75,baseline_3f,16,3.0,0.75,cusum_fgo,follower,1,30001,2.398019649687699,0.7357718720759416,1.4118436849602636,0.8263367046654946
E1,h3_k0p75,baseline_3f,16,3.0,0.75,cusum_fgo,follower,2,30001,2.519316646331836,0.7447825952703664,1.2169284940649086,0.7938448017209101
E1,h3_k0p75,baseline_3f,16,3.0,0.75,cusum_fgo,follower,3,30001,1.6497344000926382,0.6337924491354702,1.1149086553800973,0.6906741676430324
E1,h3_k0p75,baseline_3f,16,3.0,0.75,cusum_fgo,pooled,0,90003,2.519316646331836,0.7047823054939261,1.2572117413806538,0.7724533911605141
E1,h3_k0p75,baseline_3f,16,3.0,0.75,cusum_fgo,macro,0,90003,2.1890235653707246,0.7047823054939261,1.2478936114684231,0.770285224676479
E1,h3_k0p75,baseline_3f,17,3.0,0.75,cusum_fgo,follower,1,30001,2.6648145632467255,1.3017203540755755,1.8744316962437177,1.3477432024891434
E1,h3_k0p75,baseline_3f,17,3.0,0.75,cusum_fgo,follower,2,30001,2.4197676663009813,0.9768307560311535,1.5604167122653836,1.033514998763981
E1,h3_k0p75,baseline_3f,17,3.0,0.75,cusum_fgo,follower,3,30001,1.7004584310585755,0.9837007014982388,1.4034823323410328,1.024709041402325
E1,h3_k0p75,baseline_3f,17,3.0,0.75,cusum_fgo,pooled,0,90003,2.6648145632467255,1.0874172705349892,1.6742157968944233,1.145221028456585
E1,h3_k0p75,baseline_3f,17,3.0,0.75,cusum_fgo,macro,0,90003,2.261680220202094,1.0874172705349894,1.6127769136167114,1.135322414218483
E1,h3_k0p75,baseline_3f,18,3.0,0.75,cusum_fgo,follower,1,30001,4.043455283450973,1.3870115783235732,2.3323356410344953,1.5131971969746876
E1,h3_k0p75,baseline_3f,18,3.0,0.75,cusum_fgo,follower,2,30001,2.5951800063882304,1.1835566340764625,1.8069172739356774,1.2417820609978336
E1,h3_k0p75,baseline_3f,18,3.0,0.75,cusum_fgo,follower,3,30001,1.5405534912660295,0.5101265962624557,1.0252849605122663,0.5704599203882332
E1,h3_k0p75,baseline_3f,18,3.0,0.75,cusum_fgo,pooled,0,90003,4.043455283450973,1.0268982695541637,1.994202999083917,1.1771735874142817
E1,h3_k0p75,baseline_3f,18,3.0,0.75,cusum_fgo,macro,0,90003,2.7263962603684107,1.026898269554164,1.7215126251608128,1.1084797261202515
E1,h3_k0p75,baseline_3f,19,3.0,0.75,cusum_fgo,follower,1,30001,3.8995959822331634,0.9909211020501374,1.515521189012999,1.0781770188656778
E1,h3_k0p75,baseline_3f,19,3.0,0.75,cusum_fgo,follower,2,30001,2.996374862200003,0.8464287080243272,1.3902415823449017,0.922862705454106
E1,h3_k0p75,baseline_3f,19,3.0,0.75,cusum_fgo,follower,3,30001,1.911932499005866,0.4724537986048846,0.8186439612409769,0.531422332576868
E1,h3_k0p75,baseline_3f,19,3.0,0.75,cusum_fgo,pooled,0,90003,3.8995959822331634,0.7699345362264499,1.3522176048360977,0.874938274525617
E1,h3_k0p75,baseline_3f,19,3.0,0.75,cusum_fgo,macro,0,90003,2.935967781146344,0.7699345362264497,1.2414689108662924,0.8441540189655505
E1,h3_k0p75,baseline_3f,20,3.0,0.75,cusum_fgo,follower,1,30001,3.713233415301947,1.3444453126634006,2.064794496956128,1.4242773989223092
E1,h3_k0p75,baseline_3f,20,3.0,0.75,cusum_fgo,follower,2,30001,2.7960425081379268,0.840276567375993,1.4197805009959101,0.9076503014986
E1,h3_k0p75,baseline_3f,20,3.0,0.75,cusum_fgo,follower,3,30001,2.2411486357829387,0.666985593507464,1.248249542047269,0.7320539820454784
E1,h3_k0p75,baseline_3f,20,3.0,0.75,cusum_fgo,pooled,0,90003,3.713233415301947,0.9505691578489526,1.7871895553556632,1.0627477297897872
E1,h3_k0p75,baseline_3f,20,3.0,0.75,cusum_fgo,macro,0,90003,2.916808186407604,0.9505691578489525,1.5776081799997688,1.021327227488796
E1,h3_k0p75,baseline_3f,21,3.0,0.75,cusum_fgo,follower,1,30001,5.4434026207401045,1.7166816804975,2.57202560654702,1.8794637109892818
E1,h3_k0p75,baseline_3f,21,3.0,0.75,cusum_fgo,follower,2,30001,5.646761269673234,1.1952179225359756,1.8606137849235482,1.3596578145061706
E1,h3_k0p75,baseline_3f,21,3.0,0.75,cusum_fgo,follower,3,30001,7.466570089380525,0.6711241795780225,1.3440201928468138,1.1316771736877909
E1,h3_k0p75,baseline_3f,21,3.0,0.75,cusum_fgo,pooled,0,90003,7.466570089380525,1.1943412608704993,2.365281811468038,1.4901617852791784
E1,h3_k0p75,baseline_3f,21,3.0,0.75,cusum_fgo,macro,0,90003,6.18557799326462,1.1943412608704993,1.9255531947724605,1.4569328997277478
E1,h3_k0p75,baseline_3f,22,3.0,0.75,cusum_fgo,follower,1,30001,3.968723381791332,0.9453667968898603,2.0344922318058742,1.100733617561166
E1,h3_k0p75,baseline_3f,22,3.0,0.75,cusum_fgo,follower,2,30001,5.964151674950274,1.1735983734313533,2.1811277600456553,1.3187753242874694
E1,h3_k0p75,baseline_3f,22,3.0,0.75,cusum_fgo,follower,3,30001,6.2348790148214,1.1972382296666617,1.6868178167531824,1.3044861959086353
E1,h3_k0p75,baseline_3f,22,3.0,0.75,cusum_fgo,pooled,0,90003,6.2348790148214,1.1054011333292917,2.0944098775793396,1.245320184811252
E1,h3_k0p75,baseline_3f,22,3.0,0.75,cusum_fgo,macro,0,90003,5.389251357187669,1.1054011333292917,1.9674792695349037,1.2413317125857568
E1,h3_k0p75,baseline_3f,23,3.0,0.75,cusum_fgo,follower,1,30001,2.098454124334808,0.840813141074584,1.4431185426459434,0.909311634910013
E1,h3_k0p75,baseline_3f,23,3.0,0.75,cusum_fgo,follower,2,30001,2.149575319330726,1.1037365222766902,1.5556507490541966,1.1382998223046754
E1,h3_k0p75,baseline_3f,23,3.0,0.75,cusum_fgo,follower,3,30001,1.6358798387184204,0.5468843865972475,0.9018499750342575,0.5840785725563971
E1,h3_k0p75,baseline_3f,23,3.0,0.75,cusum_fgo,pooled,0,90003,2.149575319330726,0.8304780166495073,1.4564453145416423,0.9062232825967147
E1,h3_k0p75,baseline_3f,23,3.0,0.75,cusum_fgo,macro,0,90003,1.9613030941279845,0.8304780166495073,1.300206422244799,0.877230009923695
E1,h3_k0p75,baseline_3f,24,3.0,0.75,cusum_fgo,follower,1,30001,2.4690382092225027,0.8053678869742319,1.4959666328880525,0.88362451284448
E1,h3_k0p75,baseline_3f,24,3.0,0.75,cusum_fgo,follower,2,30001,3.1422974909504955,0.6574661663932297,1.1141071801128817,0.7075642636379549
E1,h3_k0p75,baseline_3f,24,3.0,0.75,cusum_fgo,follower,3,30001,2.2162537584930524,0.8434284332681582,1.332691799885777,0.8882265076507528
E1,h3_k0p75,baseline_3f,24,3.0,0.75,cusum_fgo,pooled,0,90003,3.1422974909504955,0.7687541622118733,1.323103259092369,0.8307397899403919
E1,h3_k0p75,baseline_3f,24,3.0,0.75,cusum_fgo,macro,0,90003,2.6091964862220167,0.7687541622118732,1.3142552042955702,0.8264717613777292
E1,h3_k0p75,baseline_3f,25,3.0,0.75,cusum_fgo,follower,1,30001,1.8908288976347314,0.7025856836361608,1.3806920820375608,0.7892097397597165
E1,h3_k0p75,baseline_3f,25,3.0,0.75,cusum_fgo,follower,2,30001,1.9018774207010731,0.6921521550901341,1.1569947345827096,0.7463347435493961
E1,h3_k0p75,baseline_3f,25,3.0,0.75,cusum_fgo,follower,3,30001,1.9912576953770937,0.5420288774983407,1.0297582487767571,0.6057323158771083
E1,h3_k0p75,baseline_3f,25,3.0,0.75,cusum_fgo,pooled,0,90003,1.9912576953770937,0.645588905408212,1.213113355031658,0.7180480952458054
E1,h3_k0p75,baseline_3f,25,3.0,0.75,cusum_fgo,macro,0,90003,1.927988004570966,0.6455889054082119,1.1891483551323425,0.7137589330620736
E1,h3_k0p75,baseline_3f,26,3.0,0.75,cusum_fgo,follower,1,30001,4.645935318600086,0.938647628729397,1.6843883405693323,1.0783684945027772
E1,h3_k0p75,baseline_3f,26,3.0,0.75,cusum_fgo,follower,2,30001,2.123559840149113,0.8198162861599054,1.4282556589894106,0.8844483820277439
E1,h3_k0p75,baseline_3f,26,3.0,0.75,cusum_fgo,follower,3,30001,1.8397749598632898,0.8076973230024909,1.3917192111359769,0.8584835130396852
E1,h3_k0p75,baseline_3f,26,3.0,0.75,cusum_fgo,pooled,0,90003,4.645935318600086,0.8553870792972645,1.4756661537581284,0.9455371476165703
E1,h3_k0p75,baseline_3f,26,3.0,0.75,cusum_fgo,macro,0,90003,2.869756706204163,0.8553870792972645,1.5014544035649067,0.9404334631900687
E1,h3_k0p75,baseline_3f,27,3.0,0.75,cusum_fgo,follower,1,30001,6.268474244162617,1.8088758595171572,3.001242924692748,2.0106605232935917
E1,h3_k0p75,baseline_3f,27,3.0,0.75,cusum_fgo,follower,2,30001,3.6102215336859054,1.0235678402391317,2.1447362719239957,1.1373002791486364
E1,h3_k0p75,baseline_3f,27,3.0,0.75,cusum_fgo,follower,3,30001,2.427777569287228,0.77388111159668,1.2768913151653698,0.8342462176703108
E1,h3_k0p75,baseline_3f,27,3.0,0.75,cusum_fgo,pooled,0,90003,6.268474244162617,1.2021082704509896,2.5441626742018157,1.4180002840361783
E1,h3_k0p75,baseline_3f,27,3.0,0.75,cusum_fgo,macro,0,90003,4.102157782378583,1.2021082704509898,2.1409568372607044,1.327402340037513
E1,h3_k0p75,baseline_3f,28,3.0,0.75,cusum_fgo,follower,1,30001,4.332688587889971,1.1455061554811052,1.993605841784024,1.2905239222628826
E1,h3_k0p75,baseline_3f,28,3.0,0.75,cusum_fgo,follower,2,30001,3.391559336761024,1.2946223751310109,1.8020712971719766,1.3488891107251837
E1,h3_k0p75,baseline_3f,28,3.0,0.75,cusum_fgo,follower,3,30001,2.5193061774454626,0.8739223878380671,1.3931501057380722,0.943303728469976
E1,h3_k0p75,baseline_3f,28,3.0,0.75,cusum_fgo,pooled,0,90003,4.332688587889971,1.1046836394833943,1.8112536093544014,1.20758377916553
E1,h3_k0p75,baseline_3f,28,3.0,0.75,cusum_fgo,macro,0,90003,3.4145180340321524,1.1046836394833945,1.729609081564691,1.1942389204860142
E1,h3_k0p75,baseline_3f,29,3.0,0.75,cusum_fgo,follower,1,30001,3.7298396492866086,1.5140295545968763,2.192377297578441,1.5900524776164673
E1,h3_k0p75,baseline_3f,29,3.0,0.75,cusum_fgo,follower,2,30001,1.956901446198568,0.6149247645726176,1.2259508213107002,0.6956364555793951
E1,h3_k0p75,baseline_3f,29,3.0,0.75,cusum_fgo,follower,3,30001,2.0667269296811184,0.7963573581941649,1.3853348942399626,0.8598608589381661
E1,h3_k0p75,baseline_3f,29,3.0,0.75,cusum_fgo,pooled,0,90003,3.7298396492866086,0.9751038924545528,1.8949378958511978,1.1182631855753233
E1,h3_k0p75,baseline_3f,29,3.0,0.75,cusum_fgo,macro,0,90003,2.5844893417220987,0.9751038924545529,1.6012210043763677,1.0485165973780095
E1,h3_k0p75,baseline_3f,30,3.0,0.75,cusum_fgo,follower,1,30001,3.3873246995626602,1.2034563183999707,1.966523831932789,1.2829069506929784
E1,h3_k0p75,baseline_3f,30,3.0,0.75,cusum_fgo,follower,2,30001,2.0574563903432823,1.01640528167428,1.6084463097936994,1.0693864516319425
E1,h3_k0p75,baseline_3f,30,3.0,0.75,cusum_fgo,follower,3,30001,2.9888346670420294,0.637018797286343,1.2434086626941452,0.7333701950674419
E1,h3_k0p75,baseline_3f,30,3.0,0.75,cusum_fgo,pooled,0,90003,3.3873246995626602,0.9522934657868646,1.6834303911349588,1.0531333359841906
E1,h3_k0p75,baseline_3f,30,3.0,0.75,cusum_fgo,macro,0,90003,2.811205252315991,0.9522934657868646,1.606126268140211,1.028554532464121
E1,h3_k0p75,baseline_3f,31,3.0,0.75,cusum_fgo,follower,1,30001,6.051268790185456,1.9077008880969675,3.0402661333055616,2.094990448382816
E1,h3_k0p75,baseline_3f,31,3.0,0.75,cusum_fgo,follower,2,30001,2.429493817054089,1.4108221387907682,1.968522880666747,1.4619321335658135
E1,h3_k0p75,baseline_3f,31,3.0,0.75,cusum_fgo,follower,3,30001,2.1510547892703826,0.8923149126338934,1.5474913868643776,0.9732085878899916
E1,h3_k0p75,baseline_3f,31,3.0,0.75,cusum_fgo,pooled,0,90003,6.051268790185456,1.4036126465072096,2.6602099712878315,1.5783288100086914
E1,h3_k0p75,baseline_3f,31,3.0,0.75,cusum_fgo,macro,0,90003,3.543939132169976,1.4036126465072096,2.1854268002788957,1.5100437232795405
E1,h3_k0p75,baseline_3f,32,3.0,0.75,cusum_fgo,follower,1,30001,2.2237537151865623,0.8259772671809045,1.5071783552733842,0.8992631546143545
E1,h3_k0p75,baseline_3f,32,3.0,0.75,cusum_fgo,follower,2,30001,4.131480219761849,1.094294315686885,2.049138030242587,1.226798861025794
E1,h3_k0p75,baseline_3f,32,3.0,0.75,cusum_fgo,follower,3,30001,2.728789665173676,0.9952404480610437,1.5542055609917191,1.0576311802729301
E1,h3_k0p75,baseline_3f,32,3.0,0.75,cusum_fgo,pooled,0,90003,4.131480219761849,0.9718373436429444,1.7763890371714004,1.0696250714069016
E1,h3_k0p75,baseline_3f,32,3.0,0.75,cusum_fgo,macro,0,90003,3.0280078667073624,0.9718373436429445,1.7035073155025635,1.0612310653043595
E1,h3_k0p75,baseline_3f,33,3.0,0.75,cusum_fgo,follower,1,30001,4.369427419856564,2.018427107777644,3.09661879363097,2.1623062441957766
E1,h3_k0p75,baseline_3f,33,3.0,0.75,cusum_fgo,follower,2,30001,2.6555039881219695,1.1186702068966985,1.5815288009660122,1.172168975504859
E1,h3_k0p75,baseline_3f,33,3.0,0.75,cusum_fgo,follower,3,30001,2.135498178296661,0.7071017617487482,1.3409236518925498,0.7838283958526548
E1,h3_k0p75,baseline_3f,33,3.0,0.75,cusum_fgo,pooled,0,90003,4.369427419856564,1.2813996921410304,2.73244419526214,1.4904065837850087
E1,h3_k0p75,baseline_3f,33,3.0,0.75,cusum_fgo,macro,0,90003,3.0534765287583983,1.2813996921410302,2.0063570821631775,1.372767871851097
E1,h3_k0p75,baseline_3f,34,3.0,0.75,cusum_fgo,follower,1,30001,4.665416980380956,1.428541000683878,3.3161088344785994,1.6231036124185174
E1,h3_k0p75,baseline_3f,34,3.0,0.75,cusum_fgo,follower,2,30001,3.1006323869859083,0.8854498159362721,1.7655315487698064,0.9893036780834861
E1,h3_k0p75,baseline_3f,34,3.0,0.75,cusum_fgo,follower,3,30001,1.7821796207975094,1.102871937919008,1.478287806959895,1.1315753294129016
E1,h3_k0p75,baseline_3f,34,3.0,0.75,cusum_fgo,pooled,0,90003,4.665416980380956,1.1389542515130524,2.088338893084782,1.2771909058883184
E1,h3_k0p75,baseline_3f,34,3.0,0.75,cusum_fgo,macro,0,90003,3.1827429960547913,1.1389542515130529,2.1866427300694338,1.2479942066383016
E1,h3_k0p75,baseline_3f,35,3.0,0.75,cusum_fgo,follower,1,30001,2.53579936073958,0.6677881757437725,1.3326879575039146,0.7693999503180794
E1,h3_k0p75,baseline_3f,35,3.0,0.75,cusum_fgo,follower,2,30001,2.4890998670205726,0.952578028681035,1.6707969506748435,1.0412208581018882
E1,h3_k0p75,baseline_3f,35,3.0,0.75,cusum_fgo,follower,3,30001,2.1789310411769063,0.760288354426086,1.517163210029673,0.8441847602679774
E1,h3_k0p75,baseline_3f,35,3.0,0.75,cusum_fgo,pooled,0,90003,2.53579936073958,0.7935515196169645,1.553374704093162,0.8923312293023254
E1,h3_k0p75,baseline_3f,35,3.0,0.75,cusum_fgo,macro,0,90003,2.401276756312353,0.7935515196169645,1.506882706069477,0.8849351895626483
E1,h3_k0p75,baseline_3f,36,3.0,0.75,cusum_fgo,follower,1,30001,5.165492879671632,1.849570106644468,2.6211463973880673,1.962622962572212
E1,h3_k0p75,baseline_3f,36,3.0,0.75,cusum_fgo,follower,2,30001,3.2050272302892555,1.5184259226706314,2.2990888812091885,1.6131928524004586
E1,h3_k0p75,baseline_3f,36,3.0,0.75,cusum_fgo,follower,3,30001,2.917762015625176,0.7288506075678092,1.44921674984557,0.8303466894957425
E1,h3_k0p75,baseline_3f,36,3.0,0.75,cusum_fgo,pooled,0,90003,5.165492879671632,1.3656155456276362,2.412268349969461,1.5431305515097324
E1,h3_k0p75,baseline_3f,36,3.0,0.75,cusum_fgo,macro,0,90003,3.762760708528688,1.3656155456276362,2.1231506761476084,1.4687208348228042
E1,h3_k0p75,baseline_3f,37,3.0,0.75,cusum_fgo,follower,1,30001,2.2973037867436115,0.9730961400869501,1.6233798550601752,1.0559433832853728
E1,h3_k0p75,baseline_3f,37,3.0,0.75,cusum_fgo,follower,2,30001,3.235469421316487,1.1878400666671511,1.8323731478214091,1.2606784063461036
E1,h3_k0p75,baseline_3f,37,3.0,0.75,cusum_fgo,follower,3,30001,3.0074384533752747,0.9500812281263752,1.8053040781124037,1.043019732132646
E1,h3_k0p75,baseline_3f,37,3.0,0.75,cusum_fgo,pooled,0,90003,3.235469421316487,1.0370058116268255,1.7388269841655877,1.124309659976522
E1,h3_k0p75,baseline_3f,37,3.0,0.75,cusum_fgo,macro,0,90003,2.846737220478458,1.0370058116268255,1.7536856936646625,1.1198805072547076
E1,h3_k0p75,baseline_3f,38,3.0,0.75,cusum_fgo,follower,1,30001,2.588425042386705,0.9813124338651679,1.457854366338893,1.0242140377453774
E1,h3_k0p75,baseline_3f,38,3.0,0.75,cusum_fgo,follower,2,30001,1.9606328210152808,0.6894448437890462,1.315283929261022,0.7612788418847973
E1,h3_k0p75,baseline_3f,38,3.0,0.75,cusum_fgo,follower,3,30001,1.7593977145135646,0.8596418882726792,1.3867910085697754,0.9035683962436011
E1,h3_k0p75,baseline_3f,38,3.0,0.75,cusum_fgo,pooled,0,90003,2.588425042386705,0.8434663886422977,1.4066260044529932,0.9027727135343242
E1,h3_k0p75,baseline_3f,38,3.0,0.75,cusum_fgo,macro,0,90003,2.10281852597185,0.8434663886422977,1.3866431013898968,0.896353758624592
E1,h3_k0p75,baseline_3f,39,3.0,0.75,cusum_fgo,follower,1,30001,3.158935580030102,1.1261711252258135,1.8302033584772532,1.2102151150763893
E1,h3_k0p75,baseline_3f,39,3.0,0.75,cusum_fgo,follower,2,30001,2.0347751254837925,0.8991433352731749,1.3793636903619213,0.938623770375305
E1,h3_k0p75,baseline_3f,39,3.0,0.75,cusum_fgo,follower,3,30001,2.0570853573285115,0.7334245644874893,1.1916470153814764,0.7839844400190168
E1,h3_k0p75,baseline_3f,39,3.0,0.75,cusum_fgo,pooled,0,90003,3.158935580030102,0.9195796749954926,1.5847278151153985,0.9933557283714033
E1,h3_k0p75,baseline_3f,39,3.0,0.75,cusum_fgo,macro,0,90003,2.4169320209474687,0.9195796749954926,1.4670713547402168,0.9776077751569036
E1,h3_k0p75,baseline_3f,40,3.0,0.75,cusum_fgo,follower,1,30001,3.5321322324417292,0.7760721735923334,1.4653654035366783,0.8703862215890377
E1,h3_k0p75,baseline_3f,40,3.0,0.75,cusum_fgo,follower,2,30001,5.87496048539606,1.4699219015792049,2.794780430893506,1.6778379027180452
E1,h3_k0p75,baseline_3f,40,3.0,0.75,cusum_fgo,follower,3,30001,2.2032243281309087,0.5363017691090265,1.0210478974107375,0.603847589645979
E1,h3_k0p75,baseline_3f,40,3.0,0.75,cusum_fgo,pooled,0,90003,5.87496048539606,0.9274319480935216,2.115196180125646,1.1456212454458337
E1,h3_k0p75,baseline_3f,40,3.0,0.75,cusum_fgo,macro,0,90003,3.8701056819895663,0.9274319480935217,1.7603979106136407,1.0506905713176875
E1,h3_k0p75,baseline_3f,41,3.0,0.75,cusum_fgo,follower,1,30001,3.4711741007497774,1.409211252617715,2.2546712800534103,1.500794668380025
E1,h3_k0p75,baseline_3f,41,3.0,0.75,cusum_fgo,follower,2,30001,2.1762883915060764,0.6955665345733046,1.4706338211693228,0.7898424738507863
E1,h3_k0p75,baseline_3f,41,3.0,0.75,cusum_fgo,follower,3,30001,2.2434718146444004,0.8356389738423239,1.5238282066319004,0.9066064317144776
E1,h3_k0p75,baseline_3f,41,3.0,0.75,cusum_fgo,pooled,0,90003,3.4711741007497774,0.9801389203444479,1.9456357350294509,1.110280894212916
E1,h3_k0p75,baseline_3f,41,3.0,0.75,cusum_fgo,macro,0,90003,2.630311435633418,0.9801389203444478,1.749711102618211,1.065747857981763
E1,h3_k0p75,baseline_3f,42,3.0,0.75,cusum_fgo,follower,1,30001,4.31371126541339,1.0584591185933991,1.71192358716342,1.1490549145099238
E1,h3_k0p75,baseline_3f,42,3.0,0.75,cusum_fgo,follower,2,30001,2.458905496409296,0.7989985095531348,1.5489870246417698,0.867588801637985
E1,h3_k0p75,baseline_3f,42,3.0,0.75,cusum_fgo,follower,3,30001,1.8759639407159108,0.694910590924862,1.3832392909332987,0.7816383673419259
E1,h3_k0p75,baseline_3f,42,3.0,0.75,cusum_fgo,pooled,0,90003,4.31371126541339,0.8507894063571321,1.5730786575198508,0.9458675140821774
E1,h3_k0p75,baseline_3f,42,3.0,0.75,cusum_fgo,macro,0,90003,2.882860234179532,0.8507894063571321,1.548049967579496,0.9327606944966115
E1,h3_k0p75,baseline_3f,43,3.0,0.75,cusum_fgo,follower,1,30001,4.209995860478953,0.8846631354855744,1.402225778495397,0.9914476875556
E1,h3_k0p75,baseline_3f,43,3.0,0.75,cusum_fgo,follower,2,30001,2.7219611577091163,1.1418780465311886,1.6694879637697162,1.1965999202628728
E1,h3_k0p75,baseline_3f,43,3.0,0.75,cusum_fgo,follower,3,30001,1.9277217529199868,0.5117780367133061,0.9432808854416636,0.5589182330146618
E1,h3_k0p75,baseline_3f,43,3.0,0.75,cusum_fgo,pooled,0,90003,4.209995860478953,0.8461064062433563,1.520124314480827,0.9534515330329577
E1,h3_k0p75,baseline_3f,43,3.0,0.75,cusum_fgo,macro,0,90003,2.9532262570360186,0.8461064062433564,1.3383315425689257,0.9156552802777117
E1,h3_k0p75,baseline_3f,44,3.0,0.75,cusum_fgo,follower,1,30001,2.1861146810908942,1.0965201851326105,1.6906374609461392,1.1498810992351618
E1,h3_k0p75,baseline_3f,44,3.0,0.75,cusum_fgo,follower,2,30001,2.0886001540476675,1.0241732427287193,1.547015786868099,1.0863829822599986
E1,h3_k0p75,baseline_3f,44,3.0,0.75,cusum_fgo,follower,3,30001,2.7479101908104355,0.9321250616426912,1.3762725668481313,0.9743809269733963
E1,h3_k0p75,baseline_3f,44,3.0,0.75,cusum_fgo,pooled,0,90003,2.7479101908104355,1.0176061631680071,1.5506132472573801,1.0726715429822757
E1,h3_k0p75,baseline_3f,44,3.0,0.75,cusum_fgo,macro,0,90003,2.340875008649666,1.017606163168007,1.5379752715541233,1.070215002822852
E1,h3_k0p75,baseline_3f,45,3.0,0.75,cusum_fgo,follower,1,30001,4.427875272015147,1.7594969211781033,2.67803577486636,1.8926637387811196
E1,h3_k0p75,baseline_3f,45,3.0,0.75,cusum_fgo,follower,2,30001,2.652964853279478,0.804190282689495,1.3771452232002916,0.8821061763067874
E1,h3_k0p75,baseline_3f,45,3.0,0.75,cusum_fgo,follower,3,30001,2.7050420192945204,1.2082960254118233,1.6164057674278587,1.246084388364227
E1,h3_k0p75,baseline_3f,45,3.0,0.75,cusum_fgo,pooled,0,90003,4.427875272015147,1.2573277430931404,2.349909811555186,1.4039246937663188
E1,h3_k0p75,baseline_3f,45,3.0,0.75,cusum_fgo,macro,0,90003,3.2619607148630485,1.2573277430931407,1.8905289218315033,1.340284767817378
E1,h3_k0p75,baseline_3f,46,3.0,0.75,cusum_fgo,follower,1,30001,2.9410576993538573,1.1183872689206376,1.7520070549235147,1.1877750174649409
E1,h3_k0p75,baseline_3f,46,3.0,0.75,cusum_fgo,follower,2,30001,2.6179774877083375,1.203730526231635,1.7995100173657645,1.2541809743143473
E1,h3_k0p75,baseline_3f,46,3.0,0.75,cusum_fgo,follower,3,30001,2.23250185191422,0.8832395401963766,1.4166977356763943,0.9346189771559479
E1,h3_k0p75,baseline_3f,46,3.0,0.75,cusum_fgo,pooled,0,90003,2.9410576993538573,1.0684524451162167,1.6968097307208707,1.1339153467677023
E1,h3_k0p75,baseline_3f,46,3.0,0.75,cusum_fgo,macro,0,90003,2.597179012992138,1.0684524451162163,1.6560716026552245,1.1255249896450785
E1,h3_k0p75,baseline_3f,47,3.0,0.75,cusum_fgo,follower,1,30001,4.259810769657283,0.9384445475430768,1.5781404994852493,1.0610919076705876
E1,h3_k0p75,baseline_3f,47,3.0,0.75,cusum_fgo,follower,2,30001,2.648772096882936,0.8354519468065243,1.3974281595618974,0.8960409778334418
E1,h3_k0p75,baseline_3f,47,3.0,0.75,cusum_fgo,follower,3,30001,1.9080053592536275,0.740908536552912,1.219042254305796,0.795579454328031
E1,h3_k0p75,baseline_3f,47,3.0,0.75,cusum_fgo,pooled,0,90003,4.259810769657283,0.8382683436341712,1.406232549099064,0.9240765009149413
E1,h3_k0p75,baseline_3f,47,3.0,0.75,cusum_fgo,macro,0,90003,2.9388627419312816,0.8382683436341711,1.3982036377843141,0.91757077994402
E1,h3_k0p75,baseline_3f,48,3.0,0.75,cusum_fgo,follower,1,30001,4.555063481629366,0.8970260348639432,1.8878902935358568,1.116108615629613
E1,h3_k0p75,baseline_3f,48,3.0,0.75,cusum_fgo,follower,2,30001,2.7194161700172854,0.7035324221211294,1.276054398630517,0.7801149957566068
E1,h3_k0p75,baseline_3f,48,3.0,0.75,cusum_fgo,follower,3,30001,1.6089578099718707,0.4279003938343367,0.8275646173507033,0.47618848802468544
E1,h3_k0p75,baseline_3f,48,3.0,0.75,cusum_fgo,pooled,0,90003,4.555063481629366,0.6761529502731365,1.384222289153894,0.8328732045584166
E1,h3_k0p75,baseline_3f,48,3.0,0.75,cusum_fgo,macro,0,90003,2.961145820539507,0.6761529502731364,1.330503103172359,0.7908040331369685
E1,h3_k0p75,baseline_3f,49,3.0,0.75,cusum_fgo,follower,1,30001,3.639105580858131,1.2515181488420974,1.8545171354421845,1.3423838727959736
E1,h3_k0p75,baseline_3f,49,3.0,0.75,cusum_fgo,follower,2,30001,3.1131933423329725,0.9312461567555922,1.4786837741710046,0.9882249475598818
E1,h3_k0p75,baseline_3f,49,3.0,0.75,cusum_fgo,follower,3,30001,2.9346849866443754,1.1405934653192935,1.7444131352134384,1.208215785077654
E1,h3_k0p75,baseline_3f,49,3.0,0.75,cusum_fgo,pooled,0,90003,3.639105580858131,1.1077859236389944,1.7563255675718654,1.1886082046148567
E1,h3_k0p75,baseline_3f,49,3.0,0.75,cusum_fgo,macro,0,90003,3.2289946366118265,1.1077859236389944,1.6925380149422091,1.1796082018111698
E1,h3_k0p75,baseline_3f,50,3.0,0.75,cusum_fgo,follower,1,30001,2.5602329903534247,1.1042836709608685,1.7401213129474238,1.1591705164513466
E1,h3_k0p75,baseline_3f,50,3.0,0.75,cusum_fgo,follower,2,30001,2.597099151848149,1.0495948718956147,1.6295140830411734,1.1173688344336705
E1,h3_k0p75,baseline_3f,50,3.0,0.75,cusum_fgo,follower,3,30001,2.2323174686661478,0.9032339928655417,1.410094627304755,0.9515740095065621
E1,h3_k0p75,baseline_3f,50,3.0,0.75,cusum_fgo,pooled,0,90003,2.597099151848149,1.0190375119073416,1.648952095431532,1.0797657915711993
E1,h3_k0p75,baseline_3f,50,3.0,0.75,cusum_fgo,macro,0,90003,2.463216536955907,1.0190375119073416,1.593243341097784,1.076037786797193
E1,h3_k0p75,healthy_maneuver,1,3.0,0.75,cusum_fgo,follower,1,30001,2.266116464551638,0.912004844225307,1.4457096687535855,0.9690287351804797
E1,h3_k0p75,healthy_maneuver,1,3.0,0.75,cusum_fgo,follower,2,30001,1.7515371487652682,0.7871912103571236,1.212499249396044,0.8335916080781197
E1,h3_k0p75,healthy_maneuver,1,3.0,0.75,cusum_fgo,follower,3,30001,1.620915959071593,0.8210394715712704,1.265098114454421,0.8668005928614919
E1,h3_k0p75,healthy_maneuver,1,3.0,0.75,cusum_fgo,pooled,0,90003,2.266116464551638,0.8400785087179004,1.3246538221329103,0.8916716373285963
E1,h3_k0p75,healthy_maneuver,1,3.0,0.75,cusum_fgo,macro,0,90003,1.8795231907961663,0.8400785087179004,1.307769010868017,0.8898069787066971
E1,h3_k0p75,healthy_maneuver,2,3.0,0.75,cusum_fgo,follower,1,30001,2.2355993776055323,0.7889023313972878,1.3663253801148811,0.8456529382771214
E1,h3_k0p75,healthy_maneuver,2,3.0,0.75,cusum_fgo,follower,2,30001,2.432641736078483,1.3419354187674533,1.8919103461792417,1.3948648879495387
E1,h3_k0p75,healthy_maneuver,2,3.0,0.75,cusum_fgo,follower,3,30001,2.3324430124165225,0.9488140067244051,1.4637755176405183,1.0017407999993777
E1,h3_k0p75,healthy_maneuver,2,3.0,0.75,cusum_fgo,pooled,0,90003,2.432641736078483,1.0265505856297157,1.7423481898687523,1.1051789565547896
E1,h3_k0p75,healthy_maneuver,2,3.0,0.75,cusum_fgo,macro,0,90003,2.333561375366846,1.0265505856297155,1.5740037479782136,1.0807528754086793
E1,h3_k0p75,healthy_maneuver,3,3.0,0.75,cusum_fgo,follower,1,30001,1.9108397541720474,0.6198822262972676,1.1665766870006966,0.688548445000653
E1,h3_k0p75,healthy_maneuver,3,3.0,0.75,cusum_fgo,follower,2,30001,1.7512515565911742,0.7773090908733752,1.2396161854406884,0.8267250488583614
E1,h3_k0p75,healthy_maneuver,3,3.0,0.75,cusum_fgo,follower,3,30001,1.4149717242265074,0.42361491584889216,0.7440959084872778,0.460624788331064
E1,h3_k0p75,healthy_maneuver,3,3.0,0.75,cusum_fgo,pooled,0,90003,1.9108397541720474,0.6069354110065117,1.1545536585813287,0.6757091245863402
E1,h3_k0p75,healthy_maneuver,3,3.0,0.75,cusum_fgo,macro,0,90003,1.6923543449965763,0.6069354110065117,1.0500962603095543,0.6586327607300261
E1,h3_k0p75,healthy_maneuver,4,3.0,0.75,cusum_fgo,follower,1,30001,2.660201834508401,1.3490474147718927,1.8664136942180454,1.3896744979926812
E1,h3_k0p75,healthy_maneuver,4,3.0,0.75,cusum_fgo,follower,2,30001,1.6468104245088548,0.9424005873525845,1.3353234900578812,0.9752607171971881
E1,h3_k0p75,healthy_maneuver,4,3.0,0.75,cusum_fgo,follower,3,30001,1.9499777096975572,0.8565163599146564,1.4088289865162957,0.9196336587428771
E1,h3_k0p75,healthy_maneuver,4,3.0,0.75,cusum_fgo,pooled,0,90003,2.660201834508401,1.0493214540130447,1.6752593106092066,1.1147577828347577
E1,h3_k0p75,healthy_maneuver,4,3.0,0.75,cusum_fgo,macro,0,90003,2.0856633229049377,1.0493214540130447,1.5368553902640743,1.0948562913109157
E1,h3_k0p75,healthy_maneuver,5,3.0,0.75,cusum_fgo,follower,1,30001,2.60008458374243,1.5438124947872878,2.2360077750888943,1.6332751455872507
E1,h3_k0p75,healthy_maneuver,5,3.0,0.75,cusum_fgo,follower,2,30001,1.6192594696140226,0.4615410278936897,0.8239968428067035,0.5031958388887292
E1,h3_k0p75,healthy_maneuver,5,3.0,0.75,cusum_fgo,follower,3,30001,1.4864866918391197,0.8258734596830414,1.1379485061086356,0.8457311203887484
E1,h3_k0p75,healthy_maneuver,5,3.0,0.75,cusum_fgo,pooled,0,90003,2.60008458374243,0.9437423274546729,2.0795556363164707,1.1009170240398072
E1,h3_k0p75,healthy_maneuver,5,3.0,0.75,cusum_fgo,macro,0,90003,1.9019435817318573,0.943742327454673,1.3993177080014112,0.9940673682882428
E1,h3_k0p75,healthy_maneuver,6,3.0,0.75,cusum_fgo,follower,1,30001,2.5966525394488036,1.0499052762856047,1.8227093780535688,1.1409208078545674
E1,h3_k0p75,healthy_maneuver,6,3.0,0.75,cusum_fgo,follower,2,30001,2.567903762953845,1.45741790700054,2.0820780442742968,1.5398497806358769
E1,h3_k0p75,healthy_maneuver,6,3.0,0.75,cusum_fgo,follower,3,30001,1.8674412035450936,0.7558069336598562,1.1635292330999074,0.7923558827234733
E1,h3_k0p75,healthy_maneuver,6,3.0,0.75,cusum_fgo,pooled,0,90003,2.5966525394488036,1.0877100389820002,1.9416865588774428,1.1973116388540859
E1,h3_k0p75,healthy_maneuver,6,3.0,0.75,cusum_fgo,macro,0,90003,2.343999168649247,1.0877100389820005,1.6894388851425912,1.1577088237379725
E1,h3_k0p75,healthy_maneuver,7,3.0,0.75,cusum_fgo,follower,1,30001,1.9914564517048179,0.7645519189408106,1.329461540689393,0.8268286134841296
E1,h3_k0p75,healthy_maneuver,7,3.0,0.75,cusum_fgo,follower,2,30001,2.590950856705331,1.2566603324442076,1.8596652222764718,1.3202779504766964
E1,h3_k0p75,healthy_maneuver,7,3.0,0.75,cusum_fgo,follower,3,30001,1.318383669153354,0.5034602623254659,0.9743312559586528,0.5573870254423609
E1,h3_k0p75,healthy_maneuver,7,3.0,0.75,cusum_fgo,pooled,0,90003,2.590950856705331,0.8415575045701614,1.668523407112639,0.9552416306398637
E1,h3_k0p75,healthy_maneuver,7,3.0,0.75,cusum_fgo,macro,0,90003,1.966930325854501,0.8415575045701614,1.3878193396415057,0.9014978631343956
E1,h3_k0p75,healthy_maneuver,8,3.0,0.75,cusum_fgo,follower,1,30001,2.537888930792906,1.0614516661055167,1.7417299583600963,1.131315881177316
E1,h3_k0p75,healthy_maneuver,8,3.0,0.75,cusum_fgo,follower,2,30001,2.0624353560576645,0.5493906337886888,1.0385501344061163,0.6082833997284844
E1,h3_k0p75,healthy_maneuver,8,3.0,0.75,cusum_fgo,follower,3,30001,1.7053174958724417,0.8115695604350428,1.2392824503660311,0.8510545567452205
E1,h3_k0p75,healthy_maneuver,8,3.0,0.75,cusum_fgo,pooled,0,90003,2.537888930792906,0.8074706201097495,1.5148167272971795,0.8896025659334349
E1,h3_k0p75,healthy_maneuver,8,3.0,0.75,cusum_fgo,macro,0,90003,2.101880594241004,0.8074706201097493,1.3398541810440812,0.863551279217007
E1,h3_k0p75,healthy_maneuver,9,3.0,0.75,cusum_fgo,follower,1,30001,2.1088048543249087,0.8008074379022597,1.3211471918892947,0.8593963386423303
E1,h3_k0p75,healthy_maneuver,9,3.0,0.75,cusum_fgo,follower,2,30001,1.9512690012223948,0.6843346777394452,1.3507045475329722,0.7614120253878871
E1,h3_k0p75,healthy_maneuver,9,3.0,0.75,cusum_fgo,follower,3,30001,1.7094541992992471,0.7165484590439366,1.2336729499454158,0.7657866046128321
E1,h3_k0p75,healthy_maneuver,9,3.0,0.75,cusum_fgo,pooled,0,90003,2.1088048543249087,0.7338968582285471,1.2989640194385432,0.796814378861555
E1,h3_k0p75,healthy_maneuver,9,3.0,0.75,cusum_fgo,macro,0,90003,1.9231760182821835,0.7338968582285471,1.3018415631225608,0.7955316562143498
E1,h3_k0p75,healthy_maneuver,10,3.0,0.75,cusum_fgo,follower,1,30001,1.9219778180476146,0.6095548104970862,1.061541339638323,0.6568839635910645
E1,h3_k0p75,healthy_maneuver,10,3.0,0.75,cusum_fgo,follower,2,30001,1.935256613939816,0.9836393019892732,1.6143785559193442,1.0486140879785835
E1,h3_k0p75,healthy_maneuver,10,3.0,0.75,cusum_fgo,follower,3,30001,1.1208860828293268,0.38007115525897905,0.711748217662756,0.42304805632190445
E1,h3_k0p75,healthy_maneuver,10,3.0,0.75,cusum_fgo,pooled,0,90003,1.935256613939816,0.6577550892484461,1.4315784943387182,0.7549961821289792
E1,h3_k0p75,healthy_maneuver,10,3.0,0.75,cusum_fgo,macro,0,90003,1.6593735049389193,0.6577550892484462,1.1292227044068077,0.7095153692971842
E1,h3_k0p75,healthy_maneuver,11,3.0,0.75,cusum_fgo,follower,1,30001,2.223835289144577,0.9206633791937924,1.4770424278906444,0.9730062252337327
E1,h3_k0p75,healthy_maneuver,11,3.0,0.75,cusum_fgo,follower,2,30001,2.5131038621099075,1.129254020657719,1.7158402851259162,1.1783012785059788
E1,h3_k0p75,healthy_maneuver,11,3.0,0.75,cusum_fgo,follower,3,30001,1.5772027162092797,0.5915090680280041,1.1168862086609797,0.6459264237734537
E1,h3_k0p75,healthy_maneuver,11,3.0,0.75,cusum_fgo,pooled,0,90003,2.5131038621099075,0.8804754892931719,1.562949889328341,0.957837140332528
E1,h3_k0p75,healthy_maneuver,11,3.0,0.75,cusum_fgo,macro,0,90003,2.104713955821255,0.8804754892931719,1.4365896405591798,0.9324113091710551
E1,h3_k0p75,healthy_maneuver,12,3.0,0.75,cusum_fgo,follower,1,30001,2.181068477627953,0.9041104161348611,1.4965123659545025,0.9688009525408102
E1,h3_k0p75,healthy_maneuver,12,3.0,0.75,cusum_fgo,follower,2,30001,1.715441352920476,0.6232237646625387,1.0510121343912293,0.6684403405971943
E1,h3_k0p75,healthy_maneuver,12,3.0,0.75,cusum_fgo,follower,3,30001,1.7915619389131638,0.9921813814546397,1.352861966334639,1.022220733681494
E1,h3_k0p75,healthy_maneuver,12,3.0,0.75,cusum_fgo,pooled,0,90003,2.181068477627953,0.8398385207506799,1.3674691274130033,0.9000598133735346
E1,h3_k0p75,healthy_maneuver,12,3.0,0.75,cusum_fgo,macro,0,90003,1.8960239231538643,0.8398385207506799,1.3001288222267904,0.8864873422731661
E1,h3_k0p75,healthy_maneuver,13,3.0,0.75,cusum_fgo,follower,1,30001,2.1902631029510116,1.2355241127239884,1.7545369620867695,1.2782509751812594
E1,h3_k0p75,healthy_maneuver,13,3.0,0.75,cusum_fgo,follower,2,30001,2.110574287714579,0.729772514314984,1.3212836338495844,0.7943329117185661
E1,h3_k0p75,healthy_maneuver,13,3.0,0.75,cusum_fgo,follower,3,30001,2.284273282827375,0.9255888530111243,1.6004983812558418,1.0083752676705553
E1,h3_k0p75,healthy_maneuver,13,3.0,0.75,cusum_fgo,pooled,0,90003,2.284273282827375,0.9636284933500322,1.6447410625168832,1.0458984990015046
E1,h3_k0p75,healthy_maneuver,13,3.0,0.75,cusum_fgo,macro,0,90003,2.1950368911643214,0.9636284933500322,1.5587729923973985,1.0269863848567935
E1,h3_k0p75,healthy_maneuver,14,3.0,0.75,cusum_fgo,follower,1,30001,2.344608096213897,0.7482730662608362,1.3630933807099703,0.8222541014624764
E1,h3_k0p75,healthy_maneuver,14,3.0,0.75,cusum_fgo,follower,2,30001,2.5336380991274936,0.8111974042324224,1.7118499709495865,0.9369886330161374
E1,h3_k0p75,healthy_maneuver,14,3.0,0.75,cusum_fgo,follower,3,30001,1.932482271414455,1.0016854822917256,1.5264492659316664,1.050556022384297
E1,h3_k0p75,healthy_maneuver,14,3.0,0.75,cusum_fgo,pooled,0,90003,2.5336380991274936,0.8537186509283281,1.5866211950285305,0.9412257012253098
E1,h3_k0p75,healthy_maneuver,14,3.0,0.75,cusum_fgo,macro,0,90003,2.2702428222519484,0.8537186509283282,1.5337975391970744,0.9365995856209702
E1,h3_k0p75,healthy_maneuver,15,3.0,0.75,cusum_fgo,follower,1,30001,2.3402970611767855,1.1090773012833588,1.7287140286915008,1.1681971587504114
E1,h3_k0p75,healthy_maneuver,15,3.0,0.75,cusum_fgo,follower,2,30001,2.4726940489971256,1.2268253820993198,1.8619350287472685,1.281421751386843
E1,h3_k0p75,healthy_maneuver,15,3.0,0.75,cusum_fgo,follower,3,30001,1.26702485463195,0.5152232803422586,0.9323219724588977,0.5614932781712405
E1,h3_k0p75,healthy_maneuver,15,3.0,0.75,cusum_fgo,pooled,0,90003,2.4726940489971256,0.9503753212416458,1.695900690361928,1.0522992299517826
E1,h3_k0p75,healthy_maneuver,15,3.0,0.75,cusum_fgo,macro,0,90003,2.0266719882686206,0.9503753212416456,1.5076570099658888,1.0037040627694982
E1,h3_k0p75,healthy_maneuver,16,3.0,0.75,cusum_fgo,follower,1,30001,2.218546844466134,0.7448029835682984,1.4833977010240063,0.8416959417105948
E1,h3_k0p75,healthy_maneuver,16,3.0,0.75,cusum_fgo,follower,2,30001,2.25262963345268,0.7182517924595767,1.1153104765531772,0.7604623946030593
E1,h3_k0p75,healthy_maneuver,16,3.0,0.75,cusum_fgo,follower,3,30001,1.4520345801918844,0.6244908172770514,1.087729153825761,0.6764946237485281
E1,h3_k0p75,healthy_maneuver,16,3.0,0.75,cusum_fgo,pooled,0,90003,2.25262963345268,0.6958485311016422,1.2248742172868976,0.7625396356601553
E1,h3_k0p75,healthy_maneuver,16,3.0,0.75,cusum_fgo,macro,0,90003,1.9744036860368992,0.6958485311016421,1.2288124438009815,0.759550986687394
E1,h3_k0p75,healthy_maneuver,17,3.0,0.75,cusum_fgo,follower,1,30001,2.3094870144807937,1.2515779326488221,1.7493278740420488,1.2899042128748837
E1,h3_k0p75,healthy_maneuver,17,3.0,0.75,cusum_fgo,follower,2,30001,2.0547218371904665,0.9397343989165168,1.3486327664383724,0.9768260569687321
E1,h3_k0p75,healthy_maneuver,17,3.0,0.75,cusum_fgo,follower,3,30001,1.7323462943275154,0.9533364743431673,1.3445202365029634,0.9906773500190058
E1,h3_k0p75,healthy_maneuver,17,3.0,0.75,cusum_fgo,pooled,0,90003,2.3094870144807937,1.0482162686361687,1.5709076731990035,1.0953665498827525
E1,h3_k0p75,healthy_maneuver,17,3.0,0.75,cusum_fgo,macro,0,90003,2.0321850486662587,1.0482162686361687,1.4808269589944614,1.085802539954207
E1,h3_k0p75,healthy_maneuver,18,3.0,0.75,cusum_fgo,follower,1,30001,2.66411629425261,1.3162306975093987,2.118970661465736,1.4079961096854658
E1,h3_k0p75,healthy_maneuver,18,3.0,0.75,cusum_fgo,follower,2,30001,1.9759680876488182,1.1170744456459176,1.571107233284262,1.156993412532638
E1,h3_k0p75,healthy_maneuver,18,3.0,0.75,cusum_fgo,follower,3,30001,1.163312576559893,0.4603844291649797,0.8630404787319188,0.5072721397911643
E1,h3_k0p75,healthy_maneuver,18,3.0,0.75,cusum_fgo,pooled,0,90003,2.66411629425261,0.9645631907734321,1.8718226431620615,1.092155639906943
E1,h3_k0p75,healthy_maneuver,18,3.0,0.75,cusum_fgo,macro,0,90003,1.9344656528204407,0.9645631907734321,1.5177061244939722,1.0240872206697562
E1,h3_k0p75,healthy_maneuver,19,3.0,0.75,cusum_fgo,follower,1,30001,1.733846498967804,0.9279200584662111,1.371802057376153,0.9615178105361116
E1,h3_k0p75,healthy_maneuver,19,3.0,0.75,cusum_fgo,follower,2,30001,1.6361156101873537,0.7987935149506311,1.2689386996968839,0.8443955037845536
E1,h3_k0p75,healthy_maneuver,19,3.0,0.75,cusum_fgo,follower,3,30001,1.2530966412776114,0.4552286217240566,0.8062778536611602,0.49669814224946923
E1,h3_k0p75,healthy_maneuver,19,3.0,0.75,cusum_fgo,pooled,0,90003,1.733846498967804,0.7273140650469662,1.260182875634632,0.7925127362391517
E1,h3_k0p75,healthy_maneuver,19,3.0,0.75,cusum_fgo,macro,0,90003,1.54101958347759,0.7273140650469663,1.1490062035780657,0.7675371521900449
E1,h3_k0p75,healthy_maneuver,20,3.0,0.75,cusum_fgo,follower,1,30001,2.565408772636586,1.2865340552496654,1.9552558685963466,1.3510062606494488
E1,h3_k0p75,healthy_maneuver,20,3.0,0.75,cusum_fgo,follower,2,30001,1.8774918615539604,0.8119033600895589,1.3273559119377827,0.861658794674791
E1,h3_k0p75,healthy_maneuver,20,3.0,0.75,cusum_fgo,follower,3,30001,1.6825185094354351,0.6341538394911839,1.1984505519152047,0.6905834922555423
E1,h3_k0p75,healthy_maneuver,20,3.0,0.75,cusum_fgo,pooled,0,90003,2.565408772636586,0.9108637516101361,1.678842000653685,1.0074024939632753
E1,h3_k0p75,healthy_maneuver,20,3.0,0.75,cusum_fgo,macro,0,90003,2.0418063812086604,0.9108637516101359,1.4936874441497778,0.9677495158599273
E1,h3_k0p75,healthy_maneuver,21,3.0,0.75,cusum_fgo,follower,1,30001,2.9894228720817284,1.5969915811488913,2.351184261089809,1.6904181645465879
E1,h3_k0p75,healthy_maneuver,21,3.0,0.75,cusum_fgo,follower,2,30001,1.815213085548069,1.0131355184513453,1.433330993319855,1.0574825670978802
E1,h3_k0p75,healthy_maneuver,21,3.0,0.75,cusum_fgo,follower,3,30001,1.305580194503676,0.4791544724120031,0.8938531692357009,0.5216288749336544
E1,h3_k0p75,healthy_maneuver,21,3.0,0.75,cusum_fgo,pooled,0,90003,2.9894228720817284,1.02976052400408,2.153259869232582,1.1899411237409363
E1,h3_k0p75,healthy_maneuver,21,3.0,0.75,cusum_fgo,macro,0,90003,2.0367387173778244,1.02976052400408,1.5594561412151215,1.0898432021927074
E1,h3_k0p75,healthy_maneuver,22,3.0,0.75,cusum_fgo,follower,1,30001,2.701861575946058,0.8478514855956326,1.5372667876067927,0.9259943305376414
E1,h3_k0p75,healthy_maneuver,22,3.0,0.75,cusum_fgo,follower,2,30001,2.6140450610870936,0.9700380810297459,1.6043760203351654,1.0313756679226262
E1,h3_k0p75,healthy_maneuver,22,3.0,0.75,cusum_fgo,follower,3,30001,2.064778910137611,1.0646815492699038,1.4887317614202487,1.09959341848216
E1,h3_k0p75,healthy_maneuver,22,3.0,0.75,cusum_fgo,pooled,0,90003,2.701861575946058,0.9608570386317606,1.5364367365304485,1.0214869805892421
E1,h3_k0p75,healthy_maneuver,22,3.0,0.75,cusum_fgo,macro,0,90003,2.4602285157235877,0.9608570386317608,1.5434581897874022,1.018987805647476
E1,h3_k0p75,healthy_maneuver,23,3.0,0.75,cusum_fgo,follower,1,30001,2.072263538194302,0.8052517893654709,1.2561421648034068,0.8595642620862598
E1,h3_k0p75,healthy_maneuver,23,3.0,0.75,cusum_fgo,follower,2,30001,2.149575344516291,1.0986502106222722,1.5485159840424245,1.1337016183913455
E1,h3_k0p75,healthy_maneuver,23,3.0,0.75,cusum_fgo,follower,3,30001,1.635879815152464,0.5239167829411624,0.8467415432835499,0.5572562842464854
E1,h3_k0p75,healthy_maneuver,23,3.0,0.75,cusum_fgo,pooled,0,90003,2.149575344516291,0.8092729276429684,1.4203644817921894,0.8821686623564401
E1,h3_k0p75,healthy_maneuver,23,3.0,0.75,cusum_fgo,macro,0,90003,1.9525728992876854,0.8092729276429685,1.2171332307097937,0.8501740549080302
E1,h3_k0p75,healthy_maneuver,24,3.0,0.75,cusum_fgo,follower,1,30001,2.4690382056649995,0.7457118137191432,1.3040406058831957,0.8177435696282693
E1,h3_k0p75,healthy_maneuver,24,3.0,0.75,cusum_fgo,follower,2,30001,3.142297464770318,0.6033162888254875,0.9420390192238101,0.6407654512948481
E1,h3_k0p75,healthy_maneuver,24,3.0,0.75,cusum_fgo,follower,3,30001,1.729964871159707,0.8184154028870119,1.2393005064853941,0.855402152733554
E1,h3_k0p75,healthy_maneuver,24,3.0,0.75,cusum_fgo,pooled,0,90003,3.142297464770318,0.7224811684772142,1.1946252799820611,0.7769594052335623
E1,h3_k0p75,healthy_maneuver,24,3.0,0.75,cusum_fgo,macro,0,90003,2.4471001805316748,0.7224811684772142,1.1617933771974667,0.7713037245522237
E1,h3_k0p75,healthy_maneuver,25,3.0,0.75,cusum_fgo,follower,1,30001,1.8761986780173947,0.6392937481457852,1.3099328023846988,0.727410052644956
E1,h3_k0p75,healthy_maneuver,25,3.0,0.75,cusum_fgo,follower,2,30001,1.6632159954233472,0.6572115699289998,1.0378866265391988,0.7012503661434468
E1,h3_k0p75,healthy_maneuver,25,3.0,0.75,cusum_fgo,follower,3,30001,1.5108594594914586,0.5241593666342055,0.9174152107414086,0.5733801991184179
E1,h3_k0p75,healthy_maneuver,25,3.0,0.75,cusum_fgo,pooled,0,90003,1.8761986780173947,0.6068882282363302,1.1162346561212284,0.6707315194239626
E1,h3_k0p75,healthy_maneuver,25,3.0,0.75,cusum_fgo,macro,0,90003,1.6834247109774,0.6068882282363302,1.088411546555102,0.667346872635607
E1,h3_k0p75,healthy_maneuver,26,3.0,0.75,cusum_fgo,follower,1,30001,2.2320158198209974,0.8410716685043752,1.3772986573343846,0.8923924926143234
E1,h3_k0p75,healthy_maneuver,26,3.0,0.75,cusum_fgo,follower,2,30001,2.06937473751026,0.7639119472116587,1.2824571913418372,0.8157108251722145
E1,h3_k0p75,healthy_maneuver,26,3.0,0.75,cusum_fgo,follower,3,30001,1.7585528564572819,0.7822106352425202,1.263349726179556,0.8242881529021474
E1,h3_k0p75,healthy_maneuver,26,3.0,0.75,cusum_fgo,pooled,0,90003,2.2320158198209974,0.7957314169861847,1.2997449986726164,0.8448272940257029
E1,h3_k0p75,healthy_maneuver,26,3.0,0.75,cusum_fgo,macro,0,90003,2.019981137929513,0.7957314169861848,1.3077018582852593,0.8441304902295618
E1,h3_k0p75,healthy_maneuver,27,3.0,0.75,cusum_fgo,follower,1,30001,3.5969043573555823,1.658523555060204,2.5358592703336105,1.7640369701162713
E1,h3_k0p75,healthy_maneuver,27,3.0,0.75,cusum_fgo,follower,2,30001,1.7876435493293366,0.8695875663954038,1.2435552014028668,0.903835433890311
E1,h3_k0p75,healthy_maneuver,27,3.0,0.75,cusum_fgo,follower,3,30001,1.7749954927776852,0.7456027911696895,1.2198278264680804,0.7960640739466615
E1,h3_k0p75,healthy_maneuver,27,3.0,0.75,cusum_fgo,pooled,0,90003,3.5969043573555823,1.091237970875099,2.2508836087990254,1.2332157061008204
E1,h3_k0p75,healthy_maneuver,27,3.0,0.75,cusum_fgo,macro,0,90003,2.3865144664875344,1.0912379708750992,1.6664140994015193,1.1546454926510812
E1,h3_k0p75,healthy_maneuver,28,3.0,0.75,cusum_fgo,follower,1,30001,2.3109463920753064,1.062136453778793,1.7990282879612443,1.1511332742868228
E1,h3_k0p75,healthy_maneuver,28,3.0,0.75,cusum_fgo,follower,2,30001,2.178376121270388,1.2489739936220794,1.680279045581532,1.279434968996984
E1,h3_k0p75,healthy_maneuver,28,3.0,0.75,cusum_fgo,follower,3,30001,1.7192362949607969,0.8422650082216885,1.2884800629325694,0.8993327281753735
E1,h3_k0p75,healthy_maneuver,28,3.0,0.75,cusum_fgo,pooled,0,90003,2.3109463920753064,1.051125151874187,1.6782154851182396,1.1211394517825715
E1,h3_k0p75,healthy_maneuver,28,3.0,0.75,cusum_fgo,macro,0,90003,2.0695196027688305,1.0511251518741869,1.5892624654917817,1.1099669904863934
E1,h3_k0p75,healthy_maneuver,29,3.0,0.75,cusum_fgo,follower,1,30001,2.38657541995551,1.4187750486700612,1.9642109434614792,1.4635082275997506
E1,h3_k0p75,healthy_maneuver,29,3.0,0.75,cusum_fgo,follower,2,30001,1.858644051351229,0.5958949132478597,1.0923730219492134,0.6626422554686499
E1,h3_k0p75,healthy_maneuver,29,3.0,0.75,cusum_fgo,follower,3,30001,1.8338191649603777,0.7738378597532788,1.2630828643172003,0.8263944447104333
E1,h3_k0p75,healthy_maneuver,29,3.0,0.75,cusum_fgo,pooled,0,90003,2.38657541995551,0.9295026072237332,1.7695613457214976,1.043053029849235
E1,h3_k0p75,healthy_maneuver,29,3.0,0.75,cusum_fgo,macro,0,90003,2.026346212089039,0.9295026072237332,1.4398889432426312,0.9841816425929446
E1,h3_k0p75,healthy_maneuver,30,3.0,0.75,cusum_fgo,follower,1,30001,2.4093305612792175,1.1205580945336053,1.6147687152418733,1.1638290227232595
E1,h3_k0p75,healthy_maneuver,30,3.0,0.75,cusum_fgo,follower,2,30001,1.9966948272017264,0.979595220175054,1.5247068178160286,1.0277767523694856
E1,h3_k0p75,healthy_maneuver,30,3.0,0.75,cusum_fgo,follower,3,30001,1.532539582453237,0.5872103150225517,1.0418304624424837,0.6419774654292999
E1,h3_k0p75,healthy_maneuver,30,3.0,0.75,cusum_fgo,pooled,0,90003,2.4093305612792175,0.8957878765770703,1.5111548376816313,0.9700443482925875
E1,h3_k0p75,healthy_maneuver,30,3.0,0.75,cusum_fgo,macro,0,90003,1.9795216569780603,0.8957878765770704,1.393768665166795,0.9445277468406816
E1,h3_k0p75,healthy_maneuver,31,3.0,0.75,cusum_fgo,follower,1,30001,3.538606273068474,1.822926305306109,2.862499495761689,1.9527120233584654
E1,h3_k0p75,healthy_maneuver,31,3.0,0.75,cusum_fgo,follower,2,30001,2.1095528197014652,1.366780358086144,1.8624018171646965,1.411869631963009
E1,h3_k0p75,healthy_maneuver,31,3.0,0.75,cusum_fgo,follower,3,30001,1.7225013800061235,0.8601949348583258,1.4198859773155152,0.9246019627207366
E1,h3_k0p75,healthy_maneuver,31,3.0,0.75,cusum_fgo,pooled,0,90003,3.538606273068474,1.3499671994168596,2.5257646961829088,1.4901173212530519
E1,h3_k0p75,healthy_maneuver,31,3.0,0.75,cusum_fgo,macro,0,90003,2.4568868242586874,1.3499671994168596,2.048262430080634,1.4297278726807372
E1,h3_k0p75,healthy_maneuver,32,3.0,0.75,cusum_fgo,follower,1,30001,1.8565442544527122,0.7437173844024638,1.3061772467449695,0.7979147458007361
E1,h3_k0p75,healthy_maneuver,32,3.0,0.75,cusum_fgo,follower,2,30001,2.323192188961294,0.9711566744589254,1.6262016302092974,1.0445080751206448
E1,h3_k0p75,healthy_maneuver,32,3.0,0.75,cusum_fgo,follower,3,30001,1.9905411716141483,0.936464519390398,1.3989234264494876,0.9785817860056403
E1,h3_k0p75,healthy_maneuver,32,3.0,0.75,cusum_fgo,pooled,0,90003,2.323192188961294,0.883779526083929,1.5005036436992234,0.9460950220882461
E1,h3_k0p75,healthy_maneuver,32,3.0,0.75,cusum_fgo,macro,0,90003,2.0567592050093846,0.883779526083929,1.443767434467918,0.9403348689756736
E1,h3_k0p75,healthy_maneuver,33,3.0,0.75,cusum_fgo,follower,1,30001,3.6194092304500574,1.9046314840079486,2.885032802533619,2.0302065069366964
E1,h3_k0p75,healthy_maneuver,33,3.0,0.75,cusum_fgo,follower,2,30001,2.0772833259870285,1.0520960048742911,1.4691977673145364,1.0910505826280497
E1,h3_k0p75,healthy_maneuver,33,3.0,0.75,cusum_fgo,follower,3,30001,1.7878272423920964,0.6689381452078789,1.1582812189406548,0.7242480979037574
E1,h3_k0p75,healthy_maneuver,33,3.0,0.75,cusum_fgo,pooled,0,90003,3.6194092304500574,1.2085552113633728,2.5734999248196093,1.3948315480107647
E1,h3_k0p75,healthy_maneuver,33,3.0,0.75,cusum_fgo,macro,0,90003,2.494839932943061,1.2085552113633728,1.83750392959627,1.281835062489501
E1,h3_k0p75,healthy_maneuver,34,3.0,0.75,cusum_fgo,follower,1,30001,2.3488666074218445,1.062464852366567,1.656824164877978,1.1141259241922683
E1,h3_k0p75,healthy_maneuver,34,3.0,0.75,cusum_fgo,follower,2,30001,1.8246923411498082,0.7357948716554438,1.2480268740907239,0.7878212589367317
E1,h3_k0p75,healthy_maneuver,34,3.0,0.75,cusum_fgo,follower,3,30001,1.8131996903568626,1.087145193852058,1.467829936315287,1.1153922275686134
E1,h3_k0p75,healthy_maneuver,34,3.0,0.75,cusum_fgo,pooled,0,90003,2.3488666074218445,0.9618016392913563,1.4986870509373196,1.0175196529323003
E1,h3_k0p75,healthy_maneuver,34,3.0,0.75,cusum_fgo,macro,0,90003,1.995586212976172,0.9618016392913562,1.457560325094663,1.0057798035658712
E1,h3_k0p75,healthy_maneuver,35,3.0,0.75,cusum_fgo,follower,1,30001,1.9208970002114263,0.6093804430979907,1.158149087928575,0.6830413723811657
E1,h3_k0p75,healthy_maneuver,35,3.0,0.75,cusum_fgo,follower,2,30001,2.1444538236924733,0.9041818439229963,1.5878998183195676,0.9865777771077241
E1,h3_k0p75,healthy_maneuver,35,3.0,0.75,cusum_fgo,follower,3,30001,1.8837571538824578,0.7239848529088391,1.335032459817132,0.7940363134618106
E1,h3_k0p75,healthy_maneuver,35,3.0,0.75,cusum_fgo,pooled,0,90003,2.1444538236924733,0.7458490466432754,1.4479503338498718,0.8307376027288815
E1,h3_k0p75,healthy_maneuver,35,3.0,0.75,cusum_fgo,macro,0,90003,1.9830359925954524,0.7458490466432753,1.3603604553550914,0.8212184876502334
E1,h3_k0p75,healthy_maneuver,36,3.0,0.75,cusum_fgo,follower,1,30001,2.9172614890432897,1.744711944031292,2.4221181367285194,1.813363073175025
E1,h3_k0p75,healthy_maneuver,36,3.0,0.75,cusum_fgo,follower,2,30001,2.6709815338627294,1.4786366382568372,2.158186952897786,1.5617365162806582
E1,h3_k0p75,healthy_maneuver,36,3.0,0.75,cusum_fgo,follower,3,30001,1.693687707250142,0.6815938408897335,1.197079912946501,0.7404511492608332
E1,h3_k0p75,healthy_maneuver,36,3.0,0.75,cusum_fgo,pooled,0,90003,2.9172614890432897,1.3016474743926207,2.258873578315861,1.4463257454530436
E1,h3_k0p75,healthy_maneuver,36,3.0,0.75,cusum_fgo,macro,0,90003,2.427310243385387,1.301647474392621,1.9257950008576021,1.3718502462388387
E1,h3_k0p75,healthy_maneuver,37,3.0,0.75,cusum_fgo,follower,1,30001,2.2973037868828694,0.9195274718057992,1.5279685249458606,0.9969159051985699
E1,h3_k0p75,healthy_maneuver,37,3.0,0.75,cusum_fgo,follower,2,30001,2.439779403579531,1.1443000830478307,1.6645996004643233,1.194725984245984
E1,h3_k0p75,healthy_maneuver,37,3.0,0.75,cusum_fgo,follower,3,30001,1.7226587140907714,0.8722816991470244,1.400479070801894,0.9225961662336496
E1,h3_k0p75,healthy_maneuver,37,3.0,0.75,cusum_fgo,pooled,0,90003,2.439779403579531,0.9787030846668847,1.5681539210226279,1.0444129428247315
E1,h3_k0p75,healthy_maneuver,37,3.0,0.75,cusum_fgo,macro,0,90003,2.1532473015177236,0.9787030846668848,1.5310157320706927,1.0380793518927345
E1,h3_k0p75,healthy_maneuver,38,3.0,0.75,cusum_fgo,follower,1,30001,1.6553532517340566,0.9279313350606151,1.3184346704484045,0.9571443274224846
E1,h3_k0p75,healthy_maneuver,38,3.0,0.75,cusum_fgo,follower,2,30001,1.6863884349532563,0.6617634753751033,1.202693083839293,0.7234010260531372
E1,h3_k0p75,healthy_maneuver,38,3.0,0.75,cusum_fgo,follower,3,30001,1.599351778075713,0.7923871570659984,1.1558027715806645,0.8202252739119804
E1,h3_k0p75,healthy_maneuver,38,3.0,0.75,cusum_fgo,pooled,0,90003,1.6863884349532563,0.7940273225005721,1.251951126680603,0.839087561576215
E1,h3_k0p75,healthy_maneuver,38,3.0,0.75,cusum_fgo,macro,0,90003,1.6470311549210086,0.7940273225005722,1.2256435086227873,0.8335902091292007
E1,h3_k0p75,healthy_maneuver,39,3.0,0.75,cusum_fgo,follower,1,30001,2.141455340022245,1.0737718208528761,1.6627009157655088,1.134218017841608
E1,h3_k0p75,healthy_maneuver,39,3.0,0.75,cusum_fgo,follower,2,30001,1.6995435186904762,0.8821745427899997,1.2721643026256948,0.9133018609420384
E1,h3_k0p75,healthy_maneuver,39,3.0,0.75,cusum_fgo,follower,3,30001,1.4286583746517034,0.6997596886414453,1.1229077618613856,0.7415147488912094
E1,h3_k0p75,healthy_maneuver,39,3.0,0.75,cusum_fgo,pooled,0,90003,2.141455340022245,0.8852353507614404,1.4950799566283555,0.9434714134549298
E1,h3_k0p75,healthy_maneuver,39,3.0,0.75,cusum_fgo,macro,0,90003,1.756552411121475,0.8852353507614404,1.3525909934175298,0.9296782092249519
E1,h3_k0p75,healthy_maneuver,40,3.0,0.75,cusum_fgo,follower,1,30001,1.7263612019924,0.6550714938959151,1.095782557052499,0.6994950890517271
E1,h3_k0p75,healthy_maneuver,40,3.0,0.75,cusum_fgo,follower,2,30001,1.850009378001116,1.0219651208729572,1.4780482424156822,1.0636412045936947
E1,h3_k0p75,healthy_maneuver,40,3.0,0.75,cusum_fgo,follower,3,30001,1.3981742958909826,0.4653598250189118,0.8149560977851771,0.5063960121397221
E1,h3_k0p75,healthy_maneuver,40,3.0,0.75,cusum_fgo,pooled,0,90003,1.850009378001116,0.714132146595928,1.3214070827497928,0.7910041956964204
E1,h3_k0p75,healthy_maneuver,40,3.0,0.75,cusum_fgo,macro,0,90003,1.658181625294833,0.714132146595928,1.129595632417786,0.756510768595048
E1,h3_k0p75,healthy_maneuver,41,3.0,0.75,cusum_fgo,follower,1,30001,2.4446653175703843,1.316909903748915,1.963517888065634,1.3808534779140214
E1,h3_k0p75,healthy_maneuver,41,3.0,0.75,cusum_fgo,follower,2,30001,1.8916079131523522,0.5762060877301236,1.031939839079688,0.6307962426870004
E1,h3_k0p75,healthy_maneuver,41,3.0,0.75,cusum_fgo,follower,3,30001,1.6991041381687684,0.7777758488686864,1.2573719871406503,0.8246388689739048
E1,h3_k0p75,healthy_maneuver,41,3.0,0.75,cusum_fgo,pooled,0,90003,2.4446653175703843,0.8902972801159083,1.7511874727076335,0.997444984527609
E1,h3_k0p75,healthy_maneuver,41,3.0,0.75,cusum_fgo,macro,0,90003,2.0117924562971683,0.8902972801159083,1.4176099047619906,0.9454295298583087
E1,h3_k0p75,healthy_maneuver,42,3.0,0.75,cusum_fgo,follower,1,30001,2.186428743497984,1.0065094070601484,1.5846891108295438,1.0533055940253981
E1,h3_k0p75,healthy_maneuver,42,3.0,0.75,cusum_fgo,follower,2,30001,1.871528878882152,0.736374129175707,1.0649928010143692,0.7678494437363522
E1,h3_k0p75,healthy_maneuver,42,3.0,0.75,cusum_fgo,follower,3,30001,1.3948051818784066,0.6396387480032921,1.109461739059833,0.6975908163236338
E1,h3_k0p75,healthy_maneuver,42,3.0,0.75,cusum_fgo,pooled,0,90003,2.186428743497984,0.7941740947463825,1.3263776004630738,0.8535569478502876
E1,h3_k0p75,healthy_maneuver,42,3.0,0.75,cusum_fgo,macro,0,90003,1.817587601419514,0.7941740947463826,1.253047883634582,0.8395819513617947
E1,h3_k0p75,healthy_maneuver,43,3.0,0.75,cusum_fgo,follower,1,30001,1.7888985962760813,0.7931950143625117,1.2685088434760021,0.8341280455696336
E1,h3_k0p75,healthy_maneuver,43,3.0,0.75,cusum_fgo,follower,2,30001,2.0743526268075585,1.1100090624912053,1.5864501778881364,1.1535571401518048
E1,h3_k0p75,healthy_maneuver,43,3.0,0.75,cusum_fgo,follower,3,30001,1.1569857503084608,0.47765612622669357,0.7898022091312258,0.5107909507162203
E1,h3_k0p75,healthy_maneuver,43,3.0,0.75,cusum_fgo,pooled,0,90003,2.0743526268075585,0.7936200676934703,1.44859745946434,0.8731878506053948
E1,h3_k0p75,healthy_maneuver,43,3.0,0.75,cusum_fgo,macro,0,90003,1.6734123244640333,0.7936200676934702,1.2149204101651214,0.8328253788125529
E1,h3_k0p75,healthy_maneuver,44,3.0,0.75,cusum_fgo,follower,1,30001,2.1995060437157306,1.0581554812347937,1.5600378459494675,1.1041737029058285
E1,h3_k0p75,healthy_maneuver,44,3.0,0.75,cusum_fgo,follower,2,30001,1.8118367820151793,1.0034479149804638,1.504957010218082,1.060795209757516
E1,h3_k0p75,healthy_maneuver,44,3.0,0.75,cusum_fgo,follower,3,30001,2.7479101664462307,0.8863433598007495,1.273835031573351,0.9241442896705645
E1,h3_k0p75,healthy_maneuver,44,3.0,0.75,cusum_fgo,pooled,0,90003,2.7479101664462307,0.9826489186720023,1.4791954401167398,1.032558103508623
E1,h3_k0p75,healthy_maneuver,44,3.0,0.75,cusum_fgo,macro,0,90003,2.2530843307257133,0.9826489186720023,1.4462766292469669,1.0297044007779697
E1,h3_k0p75,healthy_maneuver,45,3.0,0.75,cusum_fgo,follower,1,30001,2.9471750875203218,1.6455184011257924,2.444008885474416,1.7448386645594391
E1,h3_k0p75,healthy_maneuver,45,3.0,0.75,cusum_fgo,follower,2,30001,1.6609649898374224,0.7530215449390542,1.233327364980796,0.8068720143849869
E1,h3_k0p75,healthy_maneuver,45,3.0,0.75,cusum_fgo,follower,3,30001,1.8821777622846854,1.1871596462821479,1.5633749916293995,1.2178212575641933
E1,h3_k0p75,healthy_maneuver,45,3.0,0.75,cusum_fgo,pooled,0,90003,2.9471750875203218,1.195233197448998,2.201004745607399,1.3138484220429802
E1,h3_k0p75,healthy_maneuver,45,3.0,0.75,cusum_fgo,macro,0,90003,2.16343927988081,1.1952331974489983,1.7469037473615374,1.2565106455028732
E1,h3_k0p75,healthy_maneuver,46,3.0,0.75,cusum_fgo,follower,1,30001,2.0519489610654538,1.040671337940385,1.5275400754026969,1.0848679261566654
E1,h3_k0p75,healthy_maneuver,46,3.0,0.75,cusum_fgo,follower,2,30001,2.233669791298656,1.1628950250376384,1.6403327037635642,1.2030666143293565
E1,h3_k0p75,healthy_maneuver,46,3.0,0.75,cusum_fgo,follower,3,30001,1.8540986667081765,0.8425686595499253,1.301613750259851,0.8853154296090275
E1,h3_k0p75,healthy_maneuver,46,3.0,0.75,cusum_fgo,pooled,0,90003,2.233669791298656,1.0153783408426496,1.5360716546886493,1.0658472538503787
E1,h3_k0p75,healthy_maneuver,46,3.0,0.75,cusum_fgo,macro,0,90003,2.0465724730240953,1.0153783408426496,1.4898288431420375,1.0577499900316834
E1,h3_k0p75,healthy_maneuver,47,3.0,0.75,cusum_fgo,follower,1,30001,1.9524040799257298,0.8575845315139187,1.35783286241974,0.905950810976044
E1,h3_k0p75,healthy_maneuver,47,3.0,0.75,cusum_fgo,follower,2,30001,1.7779245504406769,0.7860752480170343,1.2496612129006166,0.8302514864608767
E1,h3_k0p75,healthy_maneuver,47,3.0,0.75,cusum_fgo,follower,3,30001,1.444154992566191,0.7037532681519585,1.101399463658398,0.746301240997154
E1,h3_k0p75,healthy_maneuver,47,3.0,0.75,cusum_fgo,pooled,0,90003,1.9524040799257298,0.7824710158943039,1.2491668058946894,0.8300662513704432
E1,h3_k0p75,healthy_maneuver,47,3.0,0.75,cusum_fgo,macro,0,90003,1.7248278743108658,0.7824710158943038,1.2362978463262515,0.8275011794780248
E1,h3_k0p75,healthy_maneuver,48,3.0,0.75,cusum_fgo,follower,1,30001,2.5905042351058696,0.7600320262222066,1.4386855121892683,0.84824131846283
E1,h3_k0p75,healthy_maneuver,48,3.0,0.75,cusum_fgo,follower,2,30001,2.719416193462742,0.6363399406455509,1.1336480413904468,0.6941176577751978
E1,h3_k0p75,healthy_maneuver,48,3.0,0.75,cusum_fgo,follower,3,30001,1.60895789271181,0.405826654659893,0.714998164045228,0.4455780776966898
E1,h3_k0p75,healthy_maneuver,48,3.0,0.75,cusum_fgo,pooled,0,90003,2.719416193462742,0.6007328738425501,1.206116455181609,0.6830940590447663
E1,h3_k0p75,healthy_maneuver,48,3.0,0.75,cusum_fgo,macro,0,90003,2.306292773760141,0.6007328738425501,1.0957772392083143,0.6626456846449059
E1,h3_k0p75,healthy_maneuver,49,3.0,0.75,cusum_fgo,follower,1,30001,2.2144683258091225,1.1766920752379355,1.7292482157633373,1.240445176933072
E1,h3_k0p75,healthy_maneuver,49,3.0,0.75,cusum_fgo,follower,2,30001,1.676228465747984,0.9009281051297885,1.3192591877453952,0.9377840961735787
E1,h3_k0p75,healthy_maneuver,49,3.0,0.75,cusum_fgo,follower,3,30001,2.061980957867463,1.1113249842833464,1.6637466775140257,1.1650783047884725
E1,h3_k0p75,healthy_maneuver,49,3.0,0.75,cusum_fgo,pooled,0,90003,2.2144683258091225,1.0629817215503568,1.6495441920562384,1.121836396910797
E1,h3_k0p75,healthy_maneuver,49,3.0,0.75,cusum_fgo,macro,0,90003,1.9842259164748564,1.0629817215503568,1.5707513603409193,1.1144358592983743
E1,h3_k0p75,healthy_maneuver,50,3.0,0.75,cusum_fgo,follower,1,30001,2.2387649711560824,1.055131203411379,1.5850030077602324,1.0983085711544605
E1,h3_k0p75,healthy_maneuver,50,3.0,0.75,cusum_fgo,follower,2,30001,2.0080889665484185,1.0003452367049686,1.4712574144936243,1.0453075510785148
E1,h3_k0p75,healthy_maneuver,50,3.0,0.75,cusum_fgo,follower,3,30001,1.6400558824151767,0.8690441183366036,1.244034139188151,0.8984103319856023
E1,h3_k0p75,healthy_maneuver,50,3.0,0.75,cusum_fgo,pooled,0,90003,2.2387649711560824,0.9748401861509838,1.4620097659793163,1.017528168067367
E1,h3_k0p75,healthy_maneuver,50,3.0,0.75,cusum_fgo,macro,0,90003,1.9623032733732257,0.9748401861509836,1.4334315204806691,1.0140088180728593
E1,h5_k0p25,baseline_3f,1,5.0,0.25,cusum_fgo,follower,1,30001,3.395291830537978,0.9621078539200731,1.5887243933881605,1.0431158939921736
E1,h5_k0p25,baseline_3f,1,5.0,0.25,cusum_fgo,follower,2,30001,2.1103386625770386,0.8113669494809925,1.3061709226568703,0.8644305608458157
E1,h5_k0p25,baseline_3f,1,5.0,0.25,cusum_fgo,follower,3,30001,1.7049720692300407,0.8564488007295266,1.313468982050883,0.9039077165479313
E1,h5_k0p25,baseline_3f,1,5.0,0.25,cusum_fgo,pooled,0,90003,3.395291830537978,0.876641201376864,1.4140008518197684,0.9402801218888973
E1,h5_k0p25,baseline_3f,1,5.0,0.25,cusum_fgo,macro,0,90003,2.4035341874483525,0.8766412013768642,1.4027880993653046,0.9371513904619736
E1,h5_k0p25,baseline_3f,2,5.0,0.25,cusum_fgo,follower,1,30001,2.2355993776023655,0.8211818545874915,1.4326971506463102,0.8828218771358457
E1,h5_k0p25,baseline_3f,2,5.0,0.25,cusum_fgo,follower,2,30001,3.4777524371729966,1.413019936688682,2.2477339311791344,1.4979528751717022
E1,h5_k0p25,baseline_3f,2,5.0,0.25,cusum_fgo,follower,3,30001,2.6878360509907786,0.9837406352446215,1.545185547561892,1.049267895673093
E1,h5_k0p25,baseline_3f,2,5.0,0.25,cusum_fgo,pooled,0,90003,3.4777524371729966,1.0726474755069317,1.8805081396463563,1.1724902842348088
E1,h5_k0p25,baseline_3f,2,5.0,0.25,cusum_fgo,macro,0,90003,2.80039595525538,1.0726474755069317,1.7418722097957788,1.1433475493268803
E1,h5_k0p25,baseline_3f,3,5.0,0.25,cusum_fgo,follower,1,30001,2.1651294311255147,0.6946587816218205,1.4355619955156809,0.7880813364207189
E1,h5_k0p25,baseline_3f,3,5.0,0.25,cusum_fgo,follower,2,30001,2.2962794431242712,0.8259902869912765,1.373490734410302,0.8882932958538822
E1,h5_k0p25,baseline_3f,3,5.0,0.25,cusum_fgo,follower,3,30001,1.776918061115505,0.47607585367643246,0.9062705849195005,0.5360810046402109
E1,h5_k0p25,baseline_3f,3,5.0,0.25,cusum_fgo,pooled,0,90003,2.2962794431242712,0.6655749740965098,1.3185062717407283,0.7522233745835689
E1,h5_k0p25,baseline_3f,3,5.0,0.25,cusum_fgo,macro,0,90003,2.0794423117884304,0.6655749740965099,1.2384411049484945,0.7374852123049372
E1,h5_k0p25,baseline_3f,4,5.0,0.25,cusum_fgo,follower,1,30001,3.820047280306912,1.4080135304970804,2.0337739603094445,1.4735253685976686
E1,h5_k0p25,baseline_3f,4,5.0,0.25,cusum_fgo,follower,2,30001,2.4254460486020233,0.9969727343229908,1.5891601770587294,1.04516442864048
E1,h5_k0p25,baseline_3f,4,5.0,0.25,cusum_fgo,follower,3,30001,2.433569584944393,0.884025257481046,1.5638642653027615,0.9668828626210642
E1,h5_k0p25,baseline_3f,4,5.0,0.25,cusum_fgo,pooled,0,90003,3.820047280306912,1.0963371741003725,1.815717233787501,1.183005799482344
E1,h5_k0p25,baseline_3f,4,5.0,0.25,cusum_fgo,macro,0,90003,2.893020971284443,1.0963371741003725,1.7289328008903118,1.1618575532864044
E1,h5_k0p25,baseline_3f,5,5.0,0.25,cusum_fgo,follower,1,30001,4.80549566001876,1.697102994075433,2.9764906800346025,1.8573861661081272
E1,h5_k0p25,baseline_3f,5,5.0,0.25,cusum_fgo,follower,2,30001,4.41329204385523,0.7120492908172121,1.6507854449983677,0.8878255284713045
E1,h5_k0p25,baseline_3f,5,5.0,0.25,cusum_fgo,follower,3,30001,2.966151034270258,0.8944174574404837,1.3767154897760416,0.9480792903280073
E1,h5_k0p25,baseline_3f,5,5.0,0.25,cusum_fgo,pooled,0,90003,4.80549566001876,1.101189914111043,2.3357046317281003,1.3085579696500593
E1,h5_k0p25,baseline_3f,5,5.0,0.25,cusum_fgo,macro,0,90003,4.061646246048082,1.1011899141110428,2.0013305382696704,1.2310969949691464
E1,h5_k0p25,baseline_3f,6,5.0,0.25,cusum_fgo,follower,1,30001,2.6677516336491247,1.1185825874316015,1.8780984201585575,1.2048129321945846
E1,h5_k0p25,baseline_3f,6,5.0,0.25,cusum_fgo,follower,2,30001,2.889765000406127,1.4975946383657002,2.2466273880178305,1.5883897115464272
E1,h5_k0p25,baseline_3f,6,5.0,0.25,cusum_fgo,follower,3,30001,1.8674411864499518,0.783628041870058,1.2555392687482227,0.823800153755939
E1,h5_k0p25,baseline_3f,6,5.0,0.25,cusum_fgo,pooled,0,90003,2.889765000406127,1.1332684225557865,2.0159327435683867,1.2454186405459764
E1,h5_k0p25,baseline_3f,6,5.0,0.25,cusum_fgo,macro,0,90003,2.474985940168401,1.1332684225557865,1.7934216923082034,1.2056675991656503
E1,h5_k0p25,baseline_3f,7,5.0,0.25,cusum_fgo,follower,1,30001,3.281526591969316,0.8493343594078228,1.6834385716321998,0.969374844880011
E1,h5_k0p25,baseline_3f,7,5.0,0.25,cusum_fgo,follower,2,30001,3.068172687122096,1.294496421283174,1.963160856604244,1.3606259261272389
E1,h5_k0p25,baseline_3f,7,5.0,0.25,cusum_fgo,follower,3,30001,1.5142231561780362,0.531368275503159,1.0265771300866724,0.5883910011262322
E1,h5_k0p25,baseline_3f,7,5.0,0.25,cusum_fgo,pooled,0,90003,3.281526591969316,0.8917330187313853,1.770574052962176,1.0226101360313358
E1,h5_k0p25,baseline_3f,7,5.0,0.25,cusum_fgo,macro,0,90003,2.6213074784231494,0.8917330187313852,1.5577255194410389,0.9727972573778274
E1,h5_k0p25,baseline_3f,8,5.0,0.25,cusum_fgo,follower,1,30001,7.408453024947631,1.2347204944698047,2.005137087055693,1.526239570915815
E1,h5_k0p25,baseline_3f,8,5.0,0.25,cusum_fgo,follower,2,30001,3.5967046758058867,0.6525116485220293,1.2523258544541076,0.7906155173422343
E1,h5_k0p25,baseline_3f,8,5.0,0.25,cusum_fgo,follower,3,30001,2.39305055503474,0.8810764616829948,1.4159575584154682,0.9422144832143404
E1,h5_k0p25,baseline_3f,8,5.0,0.25,cusum_fgo,pooled,0,90003,7.408453024947631,0.9227695348916095,1.7318068444119248,1.131702000892238
E1,h5_k0p25,baseline_3f,8,5.0,0.25,cusum_fgo,macro,0,90003,4.466069418596086,0.9227695348916095,1.5578068333084227,1.08635652382413
E1,h5_k0p25,baseline_3f,9,5.0,0.25,cusum_fgo,follower,1,30001,2.1229267269974184,0.8452650934265701,1.4151091842368346,0.9099747172886297
E1,h5_k0p25,baseline_3f,9,5.0,0.25,cusum_fgo,follower,2,30001,2.2889790653308837,0.7259895123258053,1.516667764629073,0.8140218286382325
E1,h5_k0p25,baseline_3f,9,5.0,0.25,cusum_fgo,follower,3,30001,2.237745636498772,0.7454502391704142,1.305941051043224,0.8063327006425353
E1,h5_k0p25,baseline_3f,9,5.0,0.25,cusum_fgo,pooled,0,90003,2.2889790653308837,0.7722349483075965,1.4102698023133602,0.8447599161358486
E1,h5_k0p25,baseline_3f,9,5.0,0.25,cusum_fgo,macro,0,90003,2.216550476275691,0.7722349483075965,1.4125726666363771,0.8434430821897991
E1,h5_k0p25,baseline_3f,10,5.0,0.25,cusum_fgo,follower,1,30001,2.326613344707082,0.6471364977701632,1.1609943994525933,0.7061086743907016
E1,h5_k0p25,baseline_3f,10,5.0,0.25,cusum_fgo,follower,2,30001,2.0298335188293506,0.9958296833331923,1.5973928519738998,1.0614874298896275
E1,h5_k0p25,baseline_3f,10,5.0,0.25,cusum_fgo,follower,3,30001,1.7155675963122587,0.41758797631819744,0.8011748221951012,0.4722534293592866
E1,h5_k0p25,baseline_3f,10,5.0,0.25,cusum_fgo,pooled,0,90003,2.326613344707082,0.6868513858071843,1.451197383895281,0.7849348859205005
E1,h5_k0p25,baseline_3f,10,5.0,0.25,cusum_fgo,macro,0,90003,2.024004819949564,0.6868513858071843,1.186520691207198,0.7466165112132052
E1,h5_k0p25,baseline_3f,11,5.0,0.25,cusum_fgo,follower,1,30001,2.933613846739276,1.008767480473705,1.8526274647219736,1.1030477663198708
E1,h5_k0p25,baseline_3f,11,5.0,0.25,cusum_fgo,follower,2,30001,7.959174487893051,1.363974485120782,2.455958446755664,1.581803250791751
E1,h5_k0p25,baseline_3f,11,5.0,0.25,cusum_fgo,follower,3,30001,2.346194138458228,0.6490433066652387,1.246397435509462,0.7264590678201187
E1,h5_k0p25,baseline_3f,11,5.0,0.25,cusum_fgo,pooled,0,90003,7.959174487893051,1.0072617574199085,1.9562981048304355,1.1897560921209416
E1,h5_k0p25,baseline_3f,11,5.0,0.25,cusum_fgo,macro,0,90003,4.412994157696851,1.0072617574199085,1.8516611156623666,1.1371033616439135
E1,h5_k0p25,baseline_3f,12,5.0,0.25,cusum_fgo,follower,1,30001,3.406784760413831,0.9680924256249648,1.846684578943191,1.096281203743711
E1,h5_k0p25,baseline_3f,12,5.0,0.25,cusum_fgo,follower,2,30001,2.2808398503472804,0.6865032727989931,1.3624214978390752,0.7606356048150374
E1,h5_k0p25,baseline_3f,12,5.0,0.25,cusum_fgo,follower,3,30001,2.341476143302026,1.0072515209290105,1.436104196437287,1.04304869936528
E1,h5_k0p25,baseline_3f,12,5.0,0.25,cusum_fgo,pooled,0,90003,3.406784760413831,0.8872824064509894,1.515872955335543,0.9778121138953879
E1,h5_k0p25,baseline_3f,12,5.0,0.25,cusum_fgo,macro,0,90003,2.6763669180210456,0.8872824064509895,1.5484034244065177,0.9666551693080095
E1,h5_k0p25,baseline_3f,13,5.0,0.25,cusum_fgo,follower,1,30001,4.983922934165154,1.3161680691901192,1.8739227305219286,1.4180194800298327
E1,h5_k0p25,baseline_3f,13,5.0,0.25,cusum_fgo,follower,2,30001,2.0534105460595566,0.7538437473135805,1.332123105818487,0.8169121145547767
E1,h5_k0p25,baseline_3f,13,5.0,0.25,cusum_fgo,follower,3,30001,2.894525089233129,0.972046953501695,1.731714465459763,1.0826446108916925
E1,h5_k0p25,baseline_3f,13,5.0,0.25,cusum_fgo,pooled,0,90003,4.983922934165154,1.0140195900017983,1.7298630619695272,1.1328789288273862
E1,h5_k0p25,baseline_3f,13,5.0,0.25,cusum_fgo,macro,0,90003,3.310619523152613,1.0140195900017983,1.6459201006000594,1.1058587351587674
E1,h5_k0p25,baseline_3f,14,5.0,0.25,cusum_fgo,follower,1,30001,3.6977837021399544,0.822511567415957,1.6487938531541848,0.9446051904570806
E1,h5_k0p25,baseline_3f,14,5.0,0.25,cusum_fgo,follower,2,30001,3.1508691378156612,0.8727404803968999,1.8102606986396272,1.0184102554642946
E1,h5_k0p25,baseline_3f,14,5.0,0.25,cusum_fgo,follower,3,30001,2.1293150293089815,1.0495003696923424,1.6718121673326363,1.1095160794403378
E1,h5_k0p25,baseline_3f,14,5.0,0.25,cusum_fgo,pooled,0,90003,3.6977837021399544,0.9149174725017332,1.7191025860178328,1.0263956912110723
E1,h5_k0p25,baseline_3f,14,5.0,0.25,cusum_fgo,macro,0,90003,2.9926559564215327,0.9149174725017332,1.7102889063754827,1.024177175120571
E1,h5_k0p25,baseline_3f,15,5.0,0.25,cusum_fgo,follower,1,30001,2.6390481693888654,1.195552172133361,2.002307031612129,1.2748662318053754
E1,h5_k0p25,baseline_3f,15,5.0,0.25,cusum_fgo,follower,2,30001,2.92126688188853,1.2648896551140703,1.9768534980540737,1.329333208601451
E1,h5_k0p25,baseline_3f,15,5.0,0.25,cusum_fgo,follower,3,30001,1.6775315338477021,0.545859951350314,1.0218122453558098,0.6056668353937286
E1,h5_k0p25,baseline_3f,15,5.0,0.25,cusum_fgo,pooled,0,90003,2.92126688188853,1.002100592865915,1.8602752172432837,1.1194110064350984
E1,h5_k0p25,baseline_3f,15,5.0,0.25,cusum_fgo,macro,0,90003,2.412615528375033,1.002100592865915,1.6669909250073376,1.0699554252668517
E1,h5_k0p25,baseline_3f,16,5.0,0.25,cusum_fgo,follower,1,30001,2.3756890772699197,0.7384762426695024,1.4077064677091544,0.827747272309767
E1,h5_k0p25,baseline_3f,16,5.0,0.25,cusum_fgo,follower,2,30001,2.4216173976307633,0.7453718309256127,1.2199339506656321,0.7944284448799341
E1,h5_k0p25,baseline_3f,16,5.0,0.25,cusum_fgo,follower,3,30001,1.596924383827101,0.6297710849514035,1.1222540313238003,0.6884036369336126
E1,h5_k0p25,baseline_3f,16,5.0,0.25,cusum_fgo,pooled,0,90003,2.4216173976307633,0.7045397195155062,1.2564634952562936,0.7724812118953736
E1,h5_k0p25,baseline_3f,16,5.0,0.25,cusum_fgo,macro,0,90003,2.1314102862425948,0.7045397195155062,1.2499648165661956,0.7701931180411045
E1,h5_k0p25,baseline_3f,17,5.0,0.25,cusum_fgo,follower,1,30001,2.775578155137701,1.308181484940179,1.9040676540412034,1.3559752695637453
E1,h5_k0p25,baseline_3f,17,5.0,0.25,cusum_fgo,follower,2,30001,2.4311171177988755,0.9791465650064666,1.560166723688341,1.0361386860739672
E1,h5_k0p25,baseline_3f,17,5.0,0.25,cusum_fgo,follower,3,30001,1.7157522105565735,0.9859160810853794,1.410965737620275,1.0270977723215529
E1,h5_k0p25,baseline_3f,17,5.0,0.25,cusum_fgo,pooled,0,90003,2.775578155137701,1.0910813770106749,1.6823711014158746,1.1499539327520119
E1,h5_k0p25,baseline_3f,17,5.0,0.25,cusum_fgo,macro,0,90003,2.3074824944977164,1.0910813770106749,1.6250667051166066,1.1397372426530883
E1,h5_k0p25,baseline_3f,18,5.0,0.25,cusum_fgo,follower,1,30001,4.683220076416178,1.5194113459035772,3.1217650297124426,1.6897993594302674
E1,h5_k0p25,baseline_3f,18,5.0,0.25,cusum_fgo,follower,2,30001,4.811519026288768,1.346191770059345,2.6736220626861606,1.5038559411608263
E1,h5_k0p25,baseline_3f,18,5.0,0.25,cusum_fgo,follower,3,30001,1.694911464947371,0.5440040944125363,1.1395166144707185,0.6152560924291656
E1,h5_k0p25,baseline_3f,18,5.0,0.25,cusum_fgo,pooled,0,90003,4.811519026288768,1.1365357367918194,2.6026340174397995,1.3534578710555742
E1,h5_k0p25,baseline_3f,18,5.0,0.25,cusum_fgo,macro,0,90003,3.729883522550772,1.1365357367918194,2.3116345689564404,1.2696371310067531
E1,h5_k0p25,baseline_3f,19,5.0,0.25,cusum_fgo,follower,1,30001,8.647717948503441,1.3321535099620416,3.043648418768473,1.600741260025949
E1,h5_k0p25,baseline_3f,19,5.0,0.25,cusum_fgo,follower,2,30001,3.563162430760824,0.9461120469405322,2.022557418190328,1.079474772666059
E1,h5_k0p25,baseline_3f,19,5.0,0.25,cusum_fgo,follower,3,30001,2.212454089855306,0.4899895718098884,0.9181749548764547,0.5670005520550759
E1,h5_k0p25,baseline_3f,19,5.0,0.25,cusum_fgo,pooled,0,90003,8.647717948503441,0.9227517095708208,2.3185054695316363,1.1617699130210284
E1,h5_k0p25,baseline_3f,19,5.0,0.25,cusum_fgo,macro,0,90003,4.807778156373191,0.9227517095708208,1.9947935972784185,1.082405528249028
E1,h5_k0p25,baseline_3f,20,5.0,0.25,cusum_fgo,follower,1,30001,4.704095893762686,1.381882559663121,2.1263588929245887,1.5013218916798585
E1,h5_k0p25,baseline_3f,20,5.0,0.25,cusum_fgo,follower,2,30001,2.6923072083352086,0.851603136024245,1.40693706270327,0.9147623445163848
E1,h5_k0p25,baseline_3f,20,5.0,0.25,cusum_fgo,follower,3,30001,2.206495954394352,0.6797712391404328,1.2964403656612458,0.7478824934375162
E1,h5_k0p25,baseline_3f,20,5.0,0.25,cusum_fgo,pooled,0,90003,4.704095893762686,0.9710856449425996,1.8037004497017959,1.1030391037753553
E1,h5_k0p25,baseline_3f,20,5.0,0.25,cusum_fgo,macro,0,90003,3.200966352164082,0.9710856449425996,1.609912107096368,1.0546555765445866
E1,h5_k0p25,baseline_3f,21,5.0,0.25,cusum_fgo,follower,1,30001,5.421118983355608,1.726233960472705,2.583376489363443,1.8859935293376437
E1,h5_k0p25,baseline_3f,21,5.0,0.25,cusum_fgo,follower,2,30001,5.622986329580997,1.2314660604532446,1.9606677871092106,1.3952007796555024
E1,h5_k0p25,baseline_3f,21,5.0,0.25,cusum_fgo,follower,3,30001,7.441836796143089,0.6694855411999983,1.343535780287071,1.1286854948361738
E1,h5_k0p25,baseline_3f,21,5.0,0.25,cusum_fgo,pooled,0,90003,7.441836796143089,1.2090618540419829,2.380954218709989,1.5030510918914635
E1,h5_k0p25,baseline_3f,21,5.0,0.25,cusum_fgo,macro,0,90003,6.161980703026565,1.2090618540419829,1.9625266855865753,1.4699599346097731
E1,h5_k0p25,baseline_3f,22,5.0,0.25,cusum_fgo,follower,1,30001,3.7497277426618645,0.9172577723204343,1.8281326689028377,1.0356201128608948
E1,h5_k0p25,baseline_3f,22,5.0,0.25,cusum_fgo,follower,2,30001,5.617701414517013,1.1664393922938419,2.1896472792539283,1.3048890170584186
E1,h5_k0p25,baseline_3f,22,5.0,0.25,cusum_fgo,follower,3,30001,5.930532092312374,1.2037140559309487,1.7130149566821997,1.3142026089901302
E1,h5_k0p25,baseline_3f,22,5.0,0.25,cusum_fgo,pooled,0,90003,5.930532092312374,1.0958037401817415,2.0335819248074976,1.2250677345189482
E1,h5_k0p25,baseline_3f,22,5.0,0.25,cusum_fgo,macro,0,90003,5.099320416497084,1.0958037401817415,1.9102649682796553,1.218237246303148
E1,h5_k0p25,baseline_3f,23,5.0,0.25,cusum_fgo,follower,1,30001,2.1268348931018486,0.8407974435174245,1.4569610950046432,0.9111118044085372
E1,h5_k0p25,baseline_3f,23,5.0,0.25,cusum_fgo,follower,2,30001,2.149575319330726,1.1039652460332154,1.563808310492736,1.1390257603308136
E1,h5_k0p25,baseline_3f,23,5.0,0.25,cusum_fgo,follower,3,30001,1.6673730581807729,0.5577584696238831,0.9211481222809458,0.5998416015847642
E1,h5_k0p25,baseline_3f,23,5.0,0.25,cusum_fgo,pooled,0,90003,2.149575319330726,0.8341737197248409,1.468532108561734,0.9105519113558808
E1,h5_k0p25,baseline_3f,23,5.0,0.25,cusum_fgo,macro,0,90003,1.9812610902044492,0.834173719724841,1.3139725092594416,0.883326388774705
E1,h5_k0p25,baseline_3f,24,5.0,0.25,cusum_fgo,follower,1,30001,2.8284490024691737,0.8310931759612089,1.545645596017119,0.9277708018730999
E1,h5_k0p25,baseline_3f,24,5.0,0.25,cusum_fgo,follower,2,30001,3.1422974909504955,0.678926550342752,1.1989248609830534,0.7396263888221305
E1,h5_k0p25,baseline_3f,24,5.0,0.25,cusum_fgo,follower,3,30001,2.243314978545631,0.8467105946392219,1.3615954388306921,0.8927217226731899
E1,h5_k0p25,baseline_3f,24,5.0,0.25,cusum_fgo,pooled,0,90003,3.1422974909504955,0.7855767736477276,1.3775572617389604,0.8572743493154934
E1,h5_k0p25,baseline_3f,24,5.0,0.25,cusum_fgo,macro,0,90003,2.7380204906551007,0.7855767736477276,1.3687219652769549,0.8533729711228069
E1,h5_k0p25,baseline_3f,25,5.0,0.25,cusum_fgo,follower,1,30001,3.0208987015215203,0.7437662385112987,1.4837665410454837,0.8643721159248148
E1,h5_k0p25,baseline_3f,25,5.0,0.25,cusum_fgo,follower,2,30001,1.9700360934016448,0.7023701405039323,1.2096135429788732,0.7626393402355158
E1,h5_k0p25,baseline_3f,25,5.0,0.25,cusum_fgo,follower,3,30001,1.9378183158959756,0.5474983269869502,1.0343083003833233,0.6109411108715552
E1,h5_k0p25,baseline_3f,25,5.0,0.25,cusum_fgo,pooled,0,90003,3.0208987015215203,0.6645449020007271,1.2780636258789482,0.7532168698359002
E1,h5_k0p25,baseline_3f,25,5.0,0.25,cusum_fgo,macro,0,90003,2.309584370273047,0.6645449020007271,1.24256279480256,0.7459841890106286
E1,h5_k0p25,baseline_3f,26,5.0,0.25,cusum_fgo,follower,1,30001,4.645610497677387,0.9388791943914552,1.7048967415859047,1.0799766170622704
E1,h5_k0p25,baseline_3f,26,5.0,0.25,cusum_fgo,follower,2,30001,2.123474618572528,0.821633638666985,1.4267732984819441,0.8852702694208684
E1,h5_k0p25,baseline_3f,26,5.0,0.25,cusum_fgo,follower,3,30001,2.319801339724151,0.8100211744686513,1.413659718883356,0.8648833138629916
E1,h5_k0p25,baseline_3f,26,5.0,0.25,cusum_fgo,pooled,0,90003,4.645610497677387,0.8568446691756972,1.4868097273129268,0.9483452412703567
E1,h5_k0p25,baseline_3f,26,5.0,0.25,cusum_fgo,macro,0,90003,3.029628818658022,0.8568446691756972,1.5151099196504016,0.9433767334487101
E1,h5_k0p25,baseline_3f,27,5.0,0.25,cusum_fgo,follower,1,30001,6.080815442133562,1.808475274772164,3.032231820160896,1.9981965023970423
E1,h5_k0p25,baseline_3f,27,5.0,0.25,cusum_fgo,follower,2,30001,3.572887786151562,1.0269085879715991,2.1786059127831634,1.1406627512855927
E1,h5_k0p25,baseline_3f,27,5.0,0.25,cusum_fgo,follower,3,30001,2.368613000893772,0.7778525733414919,1.2890474015293276,0.8386759133120288
E1,h5_k0p25,baseline_3f,27,5.0,0.25,cusum_fgo,pooled,0,90003,6.080815442133562,1.2044121453617516,2.574318500527117,1.4138927425058283
E1,h5_k0p25,baseline_3f,27,5.0,0.25,cusum_fgo,macro,0,90003,4.007438743059632,1.2044121453617516,2.1666283781577955,1.325845055664888
E1,h5_k0p25,baseline_3f,28,5.0,0.25,cusum_fgo,follower,1,30001,4.317275318008845,1.1666926046041073,1.9821617054864966,1.3034785110606684
E1,h5_k0p25,baseline_3f,28,5.0,0.25,cusum_fgo,follower,2,30001,3.3864398770887782,1.3091744552706899,1.8084635627022163,1.362025444782853
E1,h5_k0p25,baseline_3f,28,5.0,0.25,cusum_fgo,follower,3,30001,3.0116960008062947,0.9048710361663727,1.6195086429749492,0.9916283795493236
E1,h5_k0p25,baseline_3f,28,5.0,0.25,cusum_fgo,pooled,0,90003,4.317275318008845,1.12691269868039,1.8400008748473455,1.22983689760885
E1,h5_k0p25,baseline_3f,28,5.0,0.25,cusum_fgo,macro,0,90003,3.571803731967972,1.12691269868039,1.8033779703878874,1.219044111797615
E1,h5_k0p25,baseline_3f,29,5.0,0.25,cusum_fgo,follower,1,30001,3.300537595218289,1.5029952351927796,2.1656227625553255,1.5668985777233058
E1,h5_k0p25,baseline_3f,29,5.0,0.25,cusum_fgo,follower,2,30001,2.417709233814465,0.6189121088267,1.2229975829195763,0.7075069745038193
E1,h5_k0p25,baseline_3f,29,5.0,0.25,cusum_fgo,follower,3,30001,2.0372188111741303,0.793866612624606,1.3724793045441102,0.8569489681769085
E1,h5_k0p25,baseline_3f,29,5.0,0.25,cusum_fgo,pooled,0,90003,3.300537595218289,0.9719246522146952,1.9110360828675097,1.1090684989218556
E1,h5_k0p25,baseline_3f,29,5.0,0.25,cusum_fgo,macro,0,90003,2.585155213402295,0.9719246522146953,1.587033216673004,1.0437848401346779
E1,h5_k0p25,baseline_3f,30,5.0,0.25,cusum_fgo,follower,1,30001,3.310508222317607,1.2027078157682696,1.9605679441092807,1.2808682420962973
E1,h5_k0p25,baseline_3f,30,5.0,0.25,cusum_fgo,follower,2,30001,2.2882156417164436,1.0260445591858236,1.6412561512829347,1.0814849450477122
E1,h5_k0p25,baseline_3f,30,5.0,0.25,cusum_fgo,follower,3,30001,3.030961339953286,0.6375226130508792,1.2474950789146093,0.7369563879283219
E1,h5_k0p25,baseline_3f,30,5.0,0.25,cusum_fgo,pooled,0,90003,3.310508222317607,0.9554249960016574,1.7160798924174132,1.0572508150361912
E1,h5_k0p25,baseline_3f,30,5.0,0.25,cusum_fgo,macro,0,90003,2.8765617346624457,0.9554249960016574,1.6164397247689415,1.033103191690777
E1,h5_k0p25,baseline_3f,31,5.0,0.25,cusum_fgo,follower,1,30001,5.755638229083202,1.9759333361504765,3.2096667224478757,2.170879900283895
E1,h5_k0p25,baseline_3f,31,5.0,0.25,cusum_fgo,follower,2,30001,7.9678641984683605,1.7873932157447443,3.57500792681456,1.9977103349507503
E1,h5_k0p25,baseline_3f,31,5.0,0.25,cusum_fgo,follower,3,30001,3.4052280256908567,0.9411556628174842,1.6245059027746869,1.0296006926602501
E1,h5_k0p25,baseline_3f,31,5.0,0.25,cusum_fgo,pooled,0,90003,7.9678641984683605,1.5681607382375684,3.064998857106654,1.8040365582171667
E1,h5_k0p25,baseline_3f,31,5.0,0.25,cusum_fgo,macro,0,90003,5.709576817747473,1.5681607382375684,2.803060184012374,1.7327303092982989
E1,h5_k0p25,baseline_3f,32,5.0,0.25,cusum_fgo,follower,1,30001,3.011882166840825,0.8569635908724103,1.6940741010433096,0.9541476349389921
E1,h5_k0p25,baseline_3f,32,5.0,0.25,cusum_fgo,follower,2,30001,5.831124524869132,1.1246067627635794,2.0868506501380635,1.29315487502776
E1,h5_k0p25,baseline_3f,32,5.0,0.25,cusum_fgo,follower,3,30001,2.7697079835702834,0.9988047528619418,1.5577747419518084,1.0628417088905244
E1,h5_k0p25,baseline_3f,32,5.0,0.25,cusum_fgo,pooled,0,90003,5.831124524869132,0.9934583688326436,1.853200638068941,1.112396772473003
E1,h5_k0p25,baseline_3f,32,5.0,0.25,cusum_fgo,macro,0,90003,3.8709048917600803,0.9934583688326438,1.7795664977110606,1.1033814062857588
E1,h5_k0p25,baseline_3f,33,5.0,0.25,cusum_fgo,follower,1,30001,3.8623972721409734,2.0193644787511817,3.076838657400072,2.1558244953206382
E1,h5_k0p25,baseline_3f,33,5.0,0.25,cusum_fgo,follower,2,30001,3.0436763629851495,1.1340671786926977,1.623412366121639,1.1981550773396066
E1,h5_k0p25,baseline_3f,33,5.0,0.25,cusum_fgo,follower,3,30001,2.503996638140447,0.7217476840063514,1.4408129813758819,0.8100850625290587
E1,h5_k0p25,baseline_3f,33,5.0,0.25,cusum_fgo,pooled,0,90003,3.8623972721409734,1.291726447150077,2.7513602088366893,1.498820942442411
E1,h5_k0p25,baseline_3f,33,5.0,0.25,cusum_fgo,macro,0,90003,3.1366900910888567,1.291726447150077,2.0470213349658644,1.3880215450631013
E1,h5_k0p25,baseline_3f,34,5.0,0.25,cusum_fgo,follower,1,30001,4.978398358537058,1.4456350113105443,3.336348261737567,1.646990299572089
E1,h5_k0p25,baseline_3f,34,5.0,0.25,cusum_fgo,follower,2,30001,3.5627033588138723,0.9107521653723474,1.858759968866885,1.026921224790508
E1,h5_k0p25,baseline_3f,34,5.0,0.25,cusum_fgo,follower,3,30001,1.807399243262666,1.1036256650604388,1.4842145780863518,1.132760066600202
E1,h5_k0p25,baseline_3f,34,5.0,0.25,cusum_fgo,pooled,0,90003,4.978398358537058,1.1533376139144436,2.1671164653051473,1.2974705670770714
E1,h5_k0p25,baseline_3f,34,5.0,0.25,cusum_fgo,macro,0,90003,3.449500320204532,1.1533376139144436,2.226440936230268,1.268890530320933
E1,h5_k0p25,baseline_3f,35,5.0,0.25,cusum_fgo,follower,1,30001,1.9208970012073674,0.6376870580151026,1.228108195432768,0.7142827903530998
E1,h5_k0p25,baseline_3f,35,5.0,0.25,cusum_fgo,follower,2,30001,2.5634265978888444,0.988023252159361,1.7020513096902727,1.0762959033111792
E1,h5_k0p25,baseline_3f,35,5.0,0.25,cusum_fgo,follower,3,30001,2.1635838673867385,0.7593356296823487,1.5259502641286484,0.8463161014869837
E1,h5_k0p25,baseline_3f,35,5.0,0.25,cusum_fgo,pooled,0,90003,2.5634265978888444,0.795015313285604,1.5547890980645178,0.8916022505794767
E1,h5_k0p25,baseline_3f,35,5.0,0.25,cusum_fgo,macro,0,90003,2.215969155494317,0.795015313285604,1.4853699230838966,0.8789649317170874
E1,h5_k0p25,baseline_3f,36,5.0,0.25,cusum_fgo,follower,1,30001,4.672292023658216,1.83614954286373,2.611679708970385,1.9374590844944717
E1,h5_k0p25,baseline_3f,36,5.0,0.25,cusum_fgo,follower,2,30001,3.119399773111262,1.5381037443190837,2.367346608637566,1.638278609669025
E1,h5_k0p25,baseline_3f,36,5.0,0.25,cusum_fgo,follower,3,30001,2.910949684688077,0.7294352436377669,1.4570673203176063,0.8316653035887283
E1,h5_k0p25,baseline_3f,36,5.0,0.25,cusum_fgo,pooled,0,90003,4.672292023658216,1.3678961769401934,2.4363467308752043,1.5415762154563926
E1,h5_k0p25,baseline_3f,36,5.0,0.25,cusum_fgo,macro,0,90003,3.567547160485852,1.3678961769401934,2.145364545975186,1.469134332584075
E1,h5_k0p25,baseline_3f,37,5.0,0.25,cusum_fgo,follower,1,30001,2.3076365273345445,0.9891590513264251,1.6938415688945188,1.0790980011611222
E1,h5_k0p25,baseline_3f,37,5.0,0.25,cusum_fgo,follower,2,30001,3.298072428233235,1.1879203647688505,1.851968857811114,1.2613475073384592
E1,h5_k0p25,baseline_3f,37,5.0,0.25,cusum_fgo,follower,3,30001,3.0722232356017845,0.9645102339690618,1.882091684910521,1.0670328570714591
E1,h5_k0p25,baseline_3f,37,5.0,0.25,cusum_fgo,pooled,0,90003,3.298072428233235,1.0471965500214455,1.7958002457121176,1.1392993678059269
E1,h5_k0p25,baseline_3f,37,5.0,0.25,cusum_fgo,macro,0,90003,2.892644063723188,1.0471965500214457,1.8093007038720514,1.1358261218570134
E1,h5_k0p25,baseline_3f,38,5.0,0.25,cusum_fgo,follower,1,30001,2.106578690292807,0.9958165465215126,1.465158758690612,1.0343883283067363
E1,h5_k0p25,baseline_3f,38,5.0,0.25,cusum_fgo,follower,2,30001,2.3747852279465684,0.7061580891869874,1.3535600092725604,0.7876360104727705
E1,h5_k0p25,baseline_3f,38,5.0,0.25,cusum_fgo,follower,3,30001,2.6307016025604,0.9175894573191081,1.4711310898687306,0.9711878692793117
E1,h5_k0p25,baseline_3f,38,5.0,0.25,cusum_fgo,pooled,0,90003,2.6307016025604,0.8731880310092027,1.451007389984169,0.936933931531631
E1,h5_k0p25,baseline_3f,38,5.0,0.25,cusum_fgo,macro,0,90003,2.370688506933259,0.8731880310092027,1.4299499526106345,0.9310707360196062
E1,h5_k0p25,baseline_3f,39,5.0,0.25,cusum_fgo,follower,1,30001,3.168190939970598,1.1307537128587295,1.8552376466829879,1.2156828453742177
E1,h5_k0p25,baseline_3f,39,5.0,0.25,cusum_fgo,follower,2,30001,2.5168758283925325,0.9067530567084151,1.403043662503061,0.9517191316912282
E1,h5_k0p25,baseline_3f,39,5.0,0.25,cusum_fgo,follower,3,30001,2.047201278813864,0.7367885797431426,1.202317784820457,0.7874927706647561
E1,h5_k0p25,baseline_3f,39,5.0,0.25,cusum_fgo,pooled,0,90003,3.168190939970598,0.9247651164367624,1.5991032067111017,1.0006329580176596
E1,h5_k0p25,baseline_3f,39,5.0,0.25,cusum_fgo,macro,0,90003,2.5774226823923314,0.9247651164367624,1.4868663646688354,0.9849649159100672
E1,h5_k0p25,baseline_3f,40,5.0,0.25,cusum_fgo,follower,1,30001,3.5973186605339214,0.7843507145185517,1.5391297093317917,0.8854158375998663
E1,h5_k0p25,baseline_3f,40,5.0,0.25,cusum_fgo,follower,2,30001,5.855988996077067,1.5431064775320682,3.6002620580030746,1.7865987086600619
E1,h5_k0p25,baseline_3f,40,5.0,0.25,cusum_fgo,follower,3,30001,3.54800832900551,0.5500007554210578,1.0233739541077735,0.6399055908467302
E1,h5_k0p25,baseline_3f,40,5.0,0.25,cusum_fgo,pooled,0,90003,5.855988996077067,0.9591526491572259,2.247484256431393,1.2090458106092556
E1,h5_k0p25,baseline_3f,40,5.0,0.25,cusum_fgo,macro,0,90003,4.3337719952055,0.9591526491572259,2.05425524048088,1.1039733790355528
E1,h5_k0p25,baseline_3f,41,5.0,0.25,cusum_fgo,follower,1,30001,3.427213392576224,1.4056258849448544,2.232017879814802,1.4923484895792376
E1,h5_k0p25,baseline_3f,41,5.0,0.25,cusum_fgo,follower,2,30001,2.614371071006416,0.7046892511822966,1.4944166102502958,0.8047655357703847
E1,h5_k0p25,baseline_3f,41,5.0,0.25,cusum_fgo,follower,3,30001,2.2370766193476195,0.8352602968533387,1.520950120686151,0.905643997524134
E1,h5_k0p25,baseline_3f,41,5.0,0.25,cusum_fgo,pooled,0,90003,3.427213392576224,0.9818584776601633,1.9464115002020885,1.1097961723014307
E1,h5_k0p25,baseline_3f,41,5.0,0.25,cusum_fgo,macro,0,90003,2.7595536943100867,0.9818584776601633,1.7491282035837497,1.0675860076245856
E1,h5_k0p25,baseline_3f,42,5.0,0.25,cusum_fgo,follower,1,30001,4.3071623941034956,1.0638678269495487,1.7415569307698662,1.1538180994696388
E1,h5_k0p25,baseline_3f,42,5.0,0.25,cusum_fgo,follower,2,30001,3.071604574386101,0.8103730913624234,1.5676690158528939,0.891950286666606
E1,h5_k0p25,baseline_3f,42,5.0,0.25,cusum_fgo,follower,3,30001,2.005364846969271,0.7038390584527122,1.5007841523180403,0.7950206013919611
E1,h5_k0p25,baseline_3f,42,5.0,0.25,cusum_fgo,pooled,0,90003,4.3071623941034956,0.8593599922548948,1.6008615099826593,0.9589802356646018
E1,h5_k0p25,baseline_3f,42,5.0,0.25,cusum_fgo,macro,0,90003,3.1280439384862895,0.8593599922548948,1.6033366996469336,0.9469296625094019
E1,h5_k0p25,baseline_3f,43,5.0,0.25,cusum_fgo,follower,1,30001,3.960155425261761,0.881732702859556,1.3978453134235154,0.9793885383005093
E1,h5_k0p25,baseline_3f,43,5.0,0.25,cusum_fgo,follower,2,30001,2.565862204744268,1.1391800400232621,1.6568598104906629,1.1921838305719608
E1,h5_k0p25,baseline_3f,43,5.0,0.25,cusum_fgo,follower,3,30001,1.9338319168946017,0.5173081744759392,0.965056183341929,0.5692341533099389
E1,h5_k0p25,baseline_3f,43,5.0,0.25,cusum_fgo,pooled,0,90003,3.960155425261761,0.8460736391195858,1.5204320435495997,0.9494791056374235
E1,h5_k0p25,baseline_3f,43,5.0,0.25,cusum_fgo,macro,0,90003,2.819949848966877,0.8460736391195858,1.3399204357520358,0.913602174060803
E1,h5_k0p25,baseline_3f,44,5.0,0.25,cusum_fgo,follower,1,30001,3.022129070663409,1.1275966645438107,1.7876455954525226,1.1932751078480932
E1,h5_k0p25,baseline_3f,44,5.0,0.25,cusum_fgo,follower,2,30001,2.5318406309143837,1.0328746178681523,1.569540116072479,1.0976287893951295
E1,h5_k0p25,baseline_3f,44,5.0,0.25,cusum_fgo,follower,3,30001,2.7479101908104355,0.9380894972582247,1.3872456848212398,0.9824191026554713
E1,h5_k0p25,baseline_3f,44,5.0,0.25,cusum_fgo,pooled,0,90003,3.022129070663409,1.0328535932233958,1.6035572381200347,1.0945077638800738
E1,h5_k0p25,baseline_3f,44,5.0,0.25,cusum_fgo,macro,0,90003,2.767293297462743,1.0328535932233958,1.581477132115414,1.091107666632898
E1,h5_k0p25,baseline_3f,45,5.0,0.25,cusum_fgo,follower,1,30001,4.532083132608813,1.759051235618833,2.649616679885311,1.8912192681980597
E1,h5_k0p25,baseline_3f,45,5.0,0.25,cusum_fgo,follower,2,30001,2.5951640825870004,0.8112007421538594,1.411879565675745,0.8896672612677963
E1,h5_k0p25,baseline_3f,45,5.0,0.25,cusum_fgo,follower,3,30001,2.701414091922763,1.2097930294807315,1.623778331575111,1.248022752310755
E1,h5_k0p25,baseline_3f,45,5.0,0.25,cusum_fgo,pooled,0,90003,4.532083132608813,1.260015002417808,2.346753573535527,1.405439308124054
E1,h5_k0p25,baseline_3f,45,5.0,0.25,cusum_fgo,macro,0,90003,3.276220435706192,1.260015002417808,1.8950915257120557,1.3429697605922035
E1,h5_k0p25,baseline_3f,46,5.0,0.25,cusum_fgo,follower,1,30001,4.496112967751768,1.1555432901575,1.7682703771257617,1.264001854330449
E1,h5_k0p25,baseline_3f,46,5.0,0.25,cusum_fgo,follower,2,30001,2.535645000410701,1.212227634152806,1.7382117565224509,1.2604986735899266
E1,h5_k0p25,baseline_3f,46,5.0,0.25,cusum_fgo,follower,3,30001,2.7417437508107505,0.8912146285787012,1.4192095402341613,0.9504191091521175
E1,h5_k0p25,baseline_3f,46,5.0,0.25,cusum_fgo,pooled,0,90003,4.496112967751768,1.086328517629669,1.685055486921338,1.1675978298647016
E1,h5_k0p25,baseline_3f,46,5.0,0.25,cusum_fgo,macro,0,90003,3.257833906324406,1.086328517629669,1.6418972246274581,1.158306545690831
E1,h5_k0p25,baseline_3f,47,5.0,0.25,cusum_fgo,follower,1,30001,2.7837524717700712,0.8993828892165494,1.5795501670320808,0.9711350208797787
E1,h5_k0p25,baseline_3f,47,5.0,0.25,cusum_fgo,follower,2,30001,2.492329360577002,0.8339221937197937,1.3848450487996318,0.8934659478381789
E1,h5_k0p25,baseline_3f,47,5.0,0.25,cusum_fgo,follower,3,30001,2.0754906929297037,0.756487951290025,1.2695172104823456,0.8169302591754098
E1,h5_k0p25,baseline_3f,47,5.0,0.25,cusum_fgo,pooled,0,90003,2.7837524717700712,0.8299310114087894,1.4112918433209067,0.8960579737721487
E1,h5_k0p25,baseline_3f,47,5.0,0.25,cusum_fgo,macro,0,90003,2.4505241750922586,0.8299310114087893,1.411304142104686,0.8938437426311224
E1,h5_k0p25,baseline_3f,48,5.0,0.25,cusum_fgo,follower,1,30001,4.526274470631618,0.8958679522009588,1.8996622315626839,1.1123767836863276
E1,h5_k0p25,baseline_3f,48,5.0,0.25,cusum_fgo,follower,2,30001,2.7194161700172854,0.704378272432609,1.280109474942438,0.778915567228336
E1,h5_k0p25,baseline_3f,48,5.0,0.25,cusum_fgo,follower,3,30001,1.6089578099718707,0.43352342346044787,0.8331173154630211,0.4829618463987674
E1,h5_k0p25,baseline_3f,48,5.0,0.25,cusum_fgo,pooled,0,90003,4.526274470631618,0.6779232160313385,1.379590971763297,0.8321345473803873
E1,h5_k0p25,baseline_3f,48,5.0,0.25,cusum_fgo,macro,0,90003,2.951549483540258,0.6779232160313385,1.3376296739893807,0.7914180657711437
E1,h5_k0p25,baseline_3f,49,5.0,0.25,cusum_fgo,follower,1,30001,3.4893537448218983,1.2472561019985602,1.843959977823765,1.3360122757940445
E1,h5_k0p25,baseline_3f,49,5.0,0.25,cusum_fgo,follower,2,30001,3.003846479808818,0.9297068928713923,1.477001850033653,0.9853547845124085
E1,h5_k0p25,baseline_3f,49,5.0,0.25,cusum_fgo,follower,3,30001,2.9358890612679476,1.1388555723777363,1.7403949128318401,1.2065994269305484
E1,h5_k0p25,baseline_3f,49,5.0,0.25,cusum_fgo,pooled,0,90003,3.4893537448218983,1.1052728557492297,1.7489018726112995,1.1848677886165198
E1,h5_k0p25,baseline_3f,49,5.0,0.25,cusum_fgo,macro,0,90003,3.1430297619662206,1.1052728557492295,1.6871189135630857,1.1759888290790006
E1,h5_k0p25,baseline_3f,50,5.0,0.25,cusum_fgo,follower,1,30001,2.5427070187938137,1.102821570650114,1.7425524991869579,1.157193141992991
E1,h5_k0p25,baseline_3f,50,5.0,0.25,cusum_fgo,follower,2,30001,2.581232701316358,1.052782568860114,1.6668658966163483,1.1209881513365818
E1,h5_k0p25,baseline_3f,50,5.0,0.25,cusum_fgo,follower,3,30001,2.230638278681169,0.9050085203999724,1.4138046126377621,0.953140317947501
E1,h5_k0p25,baseline_3f,50,5.0,0.25,cusum_fgo,pooled,0,90003,2.581232701316358,1.020204219970067,1.662616717903,1.080769304555738
E1,h5_k0p25,baseline_3f,50,5.0,0.25,cusum_fgo,macro,0,90003,2.4515259995971133,1.020204219970067,1.6077410028136896,1.0771072037590248
E1,h5_k0p25,healthy_maneuver,1,5.0,0.25,cusum_fgo,follower,1,30001,2.266116464551638,0.9183930158423094,1.4677090177826335,0.9748895533232964
E1,h5_k0p25,healthy_maneuver,1,5.0,0.25,cusum_fgo,follower,2,30001,2.021453405734583,0.852298764074073,1.3687262639435278,0.9131942875116401
E1,h5_k0p25,healthy_maneuver,1,5.0,0.25,cusum_fgo,follower,3,30001,1.916086564165815,0.8609160911331667,1.3431132040507563,0.9134561591271012
E1,h5_k0p25,healthy_maneuver,1,5.0,0.25,cusum_fgo,pooled,0,90003,2.266116464551638,0.8772026236831831,1.3956126049071433,0.9342975262320571
E1,h5_k0p25,healthy_maneuver,1,5.0,0.25,cusum_fgo,macro,0,90003,2.0678854781506786,0.877202623683183,1.393182828592306,0.9338466666540125
E1,h5_k0p25,healthy_maneuver,2,5.0,0.25,cusum_fgo,follower,1,30001,2.2355993776055323,0.7992724359957326,1.3877312692873258,0.8588241698892908
E1,h5_k0p25,healthy_maneuver,2,5.0,0.25,cusum_fgo,follower,2,30001,2.5766607992421267,1.4127140750983544,2.018254799482566,1.472932663223516
E1,h5_k0p25,healthy_maneuver,2,5.0,0.25,cusum_fgo,follower,3,30001,2.3324430124165225,1.0170016708623646,1.6675150017372249,1.0836519789485457
E1,h5_k0p25,healthy_maneuver,2,5.0,0.25,cusum_fgo,pooled,0,90003,2.5766607992421267,1.0763293939854839,1.8612859465113167,1.1663920433907644
E1,h5_k0p25,healthy_maneuver,2,5.0,0.25,cusum_fgo,macro,0,90003,2.381567729754727,1.0763293939854839,1.6911670235023724,1.138469604020451
E1,h5_k0p25,healthy_maneuver,3,5.0,0.25,cusum_fgo,follower,1,30001,1.9043496542811336,0.6251105466231136,1.1851014728135687,0.6963598884779479
E1,h5_k0p25,healthy_maneuver,3,5.0,0.25,cusum_fgo,follower,2,30001,2.2159310098529805,0.85783284440726,1.6081134183091568,0.9408508190137521
E1,h5_k0p25,healthy_maneuver,3,5.0,0.25,cusum_fgo,follower,3,30001,1.4149717242265074,0.4276650195243681,0.7586012218639585,0.4656638461896959
E1,h5_k0p25,healthy_maneuver,3,5.0,0.25,cusum_fgo,pooled,0,90003,2.2159310098529805,0.6368694701849139,1.316908765764648,0.727314735990788
E1,h5_k0p25,healthy_maneuver,3,5.0,0.25,cusum_fgo,macro,0,90003,1.8450841294535405,0.6368694701849139,1.1839387043288947,0.7009581845604652
E1,h5_k0p25,healthy_maneuver,4,5.0,0.25,cusum_fgo,follower,1,30001,2.660201834508401,1.353733371969019,1.8664136942180454,1.3935789699760277
E1,h5_k0p25,healthy_maneuver,4,5.0,0.25,cusum_fgo,follower,2,30001,2.2197685208284192,0.973786793543002,1.4359348245344339,1.0136203757700486
E1,h5_k0p25,healthy_maneuver,4,5.0,0.25,cusum_fgo,follower,3,30001,1.9552850156351942,0.8709312465559553,1.4382918644221947,0.9352582212882333
E1,h5_k0p25,healthy_maneuver,4,5.0,0.25,cusum_fgo,pooled,0,90003,2.660201834508401,1.0661504706893254,1.697484866877049,1.1319888916155334
E1,h5_k0p25,healthy_maneuver,4,5.0,0.25,cusum_fgo,macro,0,90003,2.2784184569906714,1.0661504706893254,1.5802134610582248,1.11415252234477
E1,h5_k0p25,healthy_maneuver,5,5.0,0.25,cusum_fgo,follower,1,30001,2.599293742517176,1.5529833913014173,2.237166722630042,1.6409536409913261
E1,h5_k0p25,healthy_maneuver,5,5.0,0.25,cusum_fgo,follower,2,30001,1.6192594696140226,0.46648767647005185,0.8342021126611283,0.5079721338129825
E1,h5_k0p25,healthy_maneuver,5,5.0,0.25,cusum_fgo,follower,3,30001,1.535498704387753,0.8325848758694938,1.1661753982855856,0.8539295104299004
E1,h5_k0p25,healthy_maneuver,5,5.0,0.25,cusum_fgo,pooled,0,90003,2.599293742517176,0.9506853145469878,2.081286353861712,1.1075438515616818
E1,h5_k0p25,healthy_maneuver,5,5.0,0.25,cusum_fgo,macro,0,90003,1.9180173055063172,0.9506853145469876,1.4125147445255852,1.0009517617447363
E1,h5_k0p25,healthy_maneuver,6,5.0,0.25,cusum_fgo,follower,1,30001,2.5988889920324576,1.0534970712606306,1.8571184597814951,1.1453244281922772
E1,h5_k0p25,healthy_maneuver,6,5.0,0.25,cusum_fgo,follower,2,30001,2.795496398470841,1.57763911579287,2.3265284713672614,1.6663258816376412
E1,h5_k0p25,healthy_maneuver,6,5.0,0.25,cusum_fgo,follower,3,30001,2.161605325147752,0.7743738952237031,1.2450786481599352,0.8180615211204396
E1,h5_k0p25,healthy_maneuver,6,5.0,0.25,cusum_fgo,pooled,0,90003,2.795496398470841,1.1351700274257346,2.120574672939326,1.2593165662330918
E1,h5_k0p25,healthy_maneuver,6,5.0,0.25,cusum_fgo,macro,0,90003,2.5186635718836836,1.1351700274257344,1.8095751931028972,1.2099039436501193
E1,h5_k0p25,healthy_maneuver,7,5.0,0.25,cusum_fgo,follower,1,30001,1.9914564517048179,0.7709170062795851,1.3529588849376006,0.8335942716663723
E1,h5_k0p25,healthy_maneuver,7,5.0,0.25,cusum_fgo,follower,2,30001,2.638630709909158,1.322278277054163,2.105837907216453,1.396903384406162
E1,h5_k0p25,healthy_maneuver,7,5.0,0.25,cusum_fgo,follower,3,30001,1.460157476244478,0.5096678282389134,1.0366696559997506,0.5667407146678205
E1,h5_k0p25,healthy_maneuver,7,5.0,0.25,cusum_fgo,pooled,0,90003,2.638630709909158,0.8676210371908871,1.7896275072132881,0.9945540898282962
E1,h5_k0p25,healthy_maneuver,7,5.0,0.25,cusum_fgo,macro,0,90003,2.030081545952818,0.8676210371908871,1.4984888160512682,0.932412790246785
E1,h5_k0p25,healthy_maneuver,8,5.0,0.25,cusum_fgo,follower,1,30001,2.537888930792906,1.0674846776338875,1.7679370461264254,1.1424182118637691
E1,h5_k0p25,healthy_maneuver,8,5.0,0.25,cusum_fgo,follower,2,30001,2.0624353560576645,0.5831910053028291,1.1189650930579667,0.6528601479295345
E1,h5_k0p25,healthy_maneuver,8,5.0,0.25,cusum_fgo,follower,3,30001,2.169450629478864,0.8273640302325385,1.2604018261687462,0.8717301857411484
E1,h5_k0p25,healthy_maneuver,8,5.0,0.25,cusum_fgo,pooled,0,90003,2.537888930792906,0.826013237723085,1.5714860852386947,0.9112736984179309
E1,h5_k0p25,healthy_maneuver,8,5.0,0.25,cusum_fgo,macro,0,90003,2.256591638776478,0.826013237723085,1.382434655117713,0.8890028485114841
E1,h5_k0p25,healthy_maneuver,9,5.0,0.25,cusum_fgo,follower,1,30001,2.1088048543249087,0.8044672836110166,1.342028576407601,0.8651718387404862
E1,h5_k0p25,healthy_maneuver,9,5.0,0.25,cusum_fgo,follower,2,30001,1.9512690012223948,0.7061925230446672,1.4048784589665368,0.7906404181777696
E1,h5_k0p25,healthy_maneuver,9,5.0,0.25,cusum_fgo,follower,3,30001,1.719407022364922,0.7331407114416484,1.2798398299657756,0.7880556063426264
E1,h5_k0p25,healthy_maneuver,9,5.0,0.25,cusum_fgo,pooled,0,90003,2.1088048543249087,0.747933506032444,1.340271603413963,0.8154071007977051
E1,h5_k0p25,healthy_maneuver,9,5.0,0.25,cusum_fgo,macro,0,90003,1.9264936259707417,0.7479335060324441,1.3422489551133043,0.8146226210869608
E1,h5_k0p25,healthy_maneuver,10,5.0,0.25,cusum_fgo,follower,1,30001,1.9219778180476146,0.6107415948028324,1.0641649568226752,0.6590139435201964
E1,h5_k0p25,healthy_maneuver,10,5.0,0.25,cusum_fgo,follower,2,30001,2.567905693916306,1.1277612992276995,2.0826015097108703,1.2385254239888541
E1,h5_k0p25,healthy_maneuver,10,5.0,0.25,cusum_fgo,follower,3,30001,1.0901099462833803,0.38271855503977403,0.7041759988283305,0.42415911999288963
E1,h5_k0p25,healthy_maneuver,10,5.0,0.25,cusum_fgo,pooled,0,90003,2.567905693916306,0.7070738163567687,1.8229044559052916,0.8461984721277379
E1,h5_k0p25,healthy_maneuver,10,5.0,0.25,cusum_fgo,macro,0,90003,1.8599978194157671,0.7070738163567686,1.2836474884539586,0.7738994958339801
E1,h5_k0p25,healthy_maneuver,11,5.0,0.25,cusum_fgo,follower,1,30001,2.223835289144577,0.9433859423373877,1.5354472136885746,0.9991874928846409
E1,h5_k0p25,healthy_maneuver,11,5.0,0.25,cusum_fgo,follower,2,30001,2.755571491233062,1.2067326992020286,2.044263547744375,1.2807768358309135
E1,h5_k0p25,healthy_maneuver,11,5.0,0.25,cusum_fgo,follower,3,30001,1.8503088936714847,0.6266823334383126,1.1600055089331578,0.6885381356901655
E1,h5_k0p25,healthy_maneuver,11,5.0,0.25,cusum_fgo,pooled,0,90003,2.755571491233062,0.925600324992576,1.7253226812935603,1.0186346602908933
E1,h5_k0p25,healthy_maneuver,11,5.0,0.25,cusum_fgo,macro,0,90003,2.276571891349708,0.9256003249925763,1.5799054234553693,0.9895008214685733
E1,h5_k0p25,healthy_maneuver,12,5.0,0.25,cusum_fgo,follower,1,30001,2.2670757943921536,0.9221559740782964,1.5267584055561494,0.9883359696726605
E1,h5_k0p25,healthy_maneuver,12,5.0,0.25,cusum_fgo,follower,2,30001,1.898811372462656,0.673385563391776,1.2266442269413569,0.7338465435105018
E1,h5_k0p25,healthy_maneuver,12,5.0,0.25,cusum_fgo,follower,3,30001,2.0713505896494353,1.0135961149038142,1.3877539705794737,1.047653075814389
E1,h5_k0p25,healthy_maneuver,12,5.0,0.25,cusum_fgo,pooled,0,90003,2.2670757943921536,0.8697125507912955,1.4125435131223445,0.9332587539788485
E1,h5_k0p25,healthy_maneuver,12,5.0,0.25,cusum_fgo,macro,0,90003,2.0790792521680816,0.8697125507912955,1.3803855343589932,0.9232785296658504
E1,h5_k0p25,healthy_maneuver,13,5.0,0.25,cusum_fgo,follower,1,30001,2.1902631029510116,1.2438917055115855,1.784266930131255,1.2879216951571681
E1,h5_k0p25,healthy_maneuver,13,5.0,0.25,cusum_fgo,follower,2,30001,2.2108151151050563,0.8096979750268005,1.6390465331740225,0.90749088292182
E1,h5_k0p25,healthy_maneuver,13,5.0,0.25,cusum_fgo,follower,3,30001,2.379064736219118,0.9373090546579825,1.6344624661160367,1.0247070220720746
E1,h5_k0p25,healthy_maneuver,13,5.0,0.25,cusum_fgo,pooled,0,90003,2.379064736219118,0.9969662450654563,1.7120142372885327,1.0850969966668964
E1,h5_k0p25,healthy_maneuver,13,5.0,0.25,cusum_fgo,macro,0,90003,2.260047651425062,0.9969662450654563,1.6859253098071048,1.0733732000503544
E1,h5_k0p25,healthy_maneuver,14,5.0,0.25,cusum_fgo,follower,1,30001,2.280854517493848,0.7480497992696894,1.3722053748830199,0.8226701638479462
E1,h5_k0p25,healthy_maneuver,14,5.0,0.25,cusum_fgo,follower,2,30001,2.72102982612465,0.8669133064712765,2.112197176901741,1.040966805279128
E1,h5_k0p25,healthy_maneuver,14,5.0,0.25,cusum_fgo,follower,3,30001,1.9316293397910076,1.016472984149123,1.5286633967580792,1.0656531075627722
E1,h5_k0p25,healthy_maneuver,14,5.0,0.25,cusum_fgo,pooled,0,90003,2.72102982612465,0.8771453632966962,1.7704162525964808,0.9825162651472721
E1,h5_k0p25,healthy_maneuver,14,5.0,0.25,cusum_fgo,macro,0,90003,2.3111712278031686,0.8771453632966963,1.6710219828476134,0.9764300255632822
E1,h5_k0p25,healthy_maneuver,15,5.0,0.25,cusum_fgo,follower,1,30001,2.4617827685340807,1.123455967881854,1.7920884099102563,1.1876714917183566
E1,h5_k0p25,healthy_maneuver,15,5.0,0.25,cusum_fgo,follower,2,30001,2.4864317432590535,1.2694406648964576,2.0339563366777726,1.3346848232418613
E1,h5_k0p25,healthy_maneuver,15,5.0,0.25,cusum_fgo,follower,3,30001,1.3423005604030298,0.5301329726538435,0.956354752009804,0.577626104855046
E1,h5_k0p25,healthy_maneuver,15,5.0,0.25,cusum_fgo,pooled,0,90003,2.4864317432590535,0.9743432018107183,1.8319383977013262,1.0840662751330716
E1,h5_k0p25,healthy_maneuver,15,5.0,0.25,cusum_fgo,macro,0,90003,2.0968383573987213,0.9743432018107185,1.5941331661992777,1.0333274732717548
E1,h5_k0p25,healthy_maneuver,16,5.0,0.25,cusum_fgo,follower,1,30001,2.333575201576042,0.7649038472706785,1.5276373405401422,0.8657622010728756
E1,h5_k0p25,healthy_maneuver,16,5.0,0.25,cusum_fgo,follower,2,30001,2.0538220055745833,0.7844549793397625,1.263596496693231,0.83572545209998
E1,h5_k0p25,healthy_maneuver,16,5.0,0.25,cusum_fgo,follower,3,30001,1.6033437596476807,0.669814784263975,1.1943948025789752,0.7257101013167757
E1,h5_k0p25,healthy_maneuver,16,5.0,0.25,cusum_fgo,pooled,0,90003,2.333575201576042,0.7397245369581387,1.3186375004921222,0.8113027324921057
E1,h5_k0p25,healthy_maneuver,16,5.0,0.25,cusum_fgo,macro,0,90003,1.9969136555994353,0.7397245369581387,1.3285428799374495,0.8090659181632104
E1,h5_k0p25,healthy_maneuver,17,5.0,0.25,cusum_fgo,follower,1,30001,2.3094870144807937,1.2630473009341003,1.7770012417295857,1.3017318452074889
E1,h5_k0p25,healthy_maneuver,17,5.0,0.25,cusum_fgo,follower,2,30001,2.056077277622379,0.9474818591248655,1.3667120643099677,0.9851384100192321
E1,h5_k0p25,healthy_maneuver,17,5.0,0.25,cusum_fgo,follower,3,30001,1.8272984228412381,0.9703758443924153,1.39727154533129,1.0092860128173695
E1,h5_k0p25,healthy_maneuver,17,5.0,0.25,cusum_fgo,pooled,0,90003,2.3094870144807937,1.0603016681504602,1.5940233620969657,1.1081007384095392
E1,h5_k0p25,healthy_maneuver,17,5.0,0.25,cusum_fgo,macro,0,90003,2.064287571648137,1.0603016681504605,1.5136616171236146,1.098718756014697
E1,h5_k0p25,healthy_maneuver,18,5.0,0.25,cusum_fgo,follower,1,30001,2.8078309638588337,1.340305624650229,2.223008638975242,1.441996027888842
E1,h5_k0p25,healthy_maneuver,18,5.0,0.25,cusum_fgo,follower,2,30001,2.298767553363063,1.1845078068052606,1.7386548177803822,1.2307790607133826
E1,h5_k0p25,healthy_maneuver,18,5.0,0.25,cusum_fgo,follower,3,30001,1.163312576559893,0.4704737682273119,0.877648363140923,0.516717272752458
E1,h5_k0p25,healthy_maneuver,18,5.0,0.25,cusum_fgo,pooled,0,90003,2.8078309638588337,0.9984290665609338,1.9568080424312941,1.1344846672532942
E1,h5_k0p25,healthy_maneuver,18,5.0,0.25,cusum_fgo,macro,0,90003,2.08997036459393,0.9984290665609338,1.6131039399655158,1.063164120451561
E1,h5_k0p25,healthy_maneuver,19,5.0,0.25,cusum_fgo,follower,1,30001,1.734748768497697,0.928190246780342,1.370132522283244,0.9613510935764031
E1,h5_k0p25,healthy_maneuver,19,5.0,0.25,cusum_fgo,follower,2,30001,1.6361156101873537,0.8156225589357328,1.316684086188635,0.8657691401177084
E1,h5_k0p25,healthy_maneuver,19,5.0,0.25,cusum_fgo,follower,3,30001,1.3198817473378275,0.4625838384161707,0.8112014546494181,0.5062726944240772
E1,h5_k0p25,healthy_maneuver,19,5.0,0.25,cusum_fgo,pooled,0,90003,1.734748768497697,0.7354655480440818,1.28222480252058,0.8020939617069224
E1,h5_k0p25,healthy_maneuver,19,5.0,0.25,cusum_fgo,macro,0,90003,1.563582042007626,0.7354655480440818,1.1660060210404324,0.7777976427060628
E1,h5_k0p25,healthy_maneuver,20,5.0,0.25,cusum_fgo,follower,1,30001,2.565408772636586,1.2875390452128352,1.956038301649247,1.3531712257004993
E1,h5_k0p25,healthy_maneuver,20,5.0,0.25,cusum_fgo,follower,2,30001,2.432985912791372,0.915949798351247,1.6081816627289123,0.9970448516438115
E1,h5_k0p25,healthy_maneuver,20,5.0,0.25,cusum_fgo,follower,3,30001,2.068878946768211,0.6555332201223222,1.221481223983553,0.7186878750966837
E1,h5_k0p25,healthy_maneuver,20,5.0,0.25,cusum_fgo,pooled,0,90003,2.565408772636586,0.9530073545621347,1.7666560688494977,1.0554119360174345
E1,h5_k0p25,healthy_maneuver,20,5.0,0.25,cusum_fgo,macro,0,90003,2.355757877398723,0.9530073545621348,1.595233729453904,1.0229679841469983
E1,h5_k0p25,healthy_maneuver,21,5.0,0.25,cusum_fgo,follower,1,30001,3.2221799594178355,1.6242121999493648,2.394008567853086,1.7190044239794433
E1,h5_k0p25,healthy_maneuver,21,5.0,0.25,cusum_fgo,follower,2,30001,3.0521179759911274,1.169777586490061,1.7439887451232932,1.235012869521708
E1,h5_k0p25,healthy_maneuver,21,5.0,0.25,cusum_fgo,follower,3,30001,1.7533886650555375,0.495318894181421,0.9882116205239878,0.5488971345108962
E1,h5_k0p25,healthy_maneuver,21,5.0,0.25,cusum_fgo,pooled,0,90003,3.2221799594178355,1.0964362268736156,2.2044325708654897,1.2624739022806788
E1,h5_k0p25,healthy_maneuver,21,5.0,0.25,cusum_fgo,macro,0,90003,2.6758955334881667,1.0964362268736156,1.708736311166789,1.1676381426706826
E1,h5_k0p25,healthy_maneuver,22,5.0,0.25,cusum_fgo,follower,1,30001,2.701861575946058,0.8642503378104158,1.5168592219218935,0.9399030604218185
E1,h5_k0p25,healthy_maneuver,22,5.0,0.25,cusum_fgo,follower,2,30001,2.7335144380625436,1.1017477244501308,2.14332570157373,1.2051255964058767
E1,h5_k0p25,healthy_maneuver,22,5.0,0.25,cusum_fgo,follower,3,30001,2.064778910137611,1.1201287551886503,1.5423996715127966,1.1568826132231473
E1,h5_k0p25,healthy_maneuver,22,5.0,0.25,cusum_fgo,pooled,0,90003,2.7335144380625436,1.0287089391497322,1.6763984550961228,1.1066650873805408
E1,h5_k0p25,healthy_maneuver,22,5.0,0.25,cusum_fgo,macro,0,90003,2.500051641382071,1.0287089391497324,1.7341948650028067,1.1006370900169475
E1,h5_k0p25,healthy_maneuver,23,5.0,0.25,cusum_fgo,follower,1,30001,2.072263538194302,0.8060898451774321,1.2646789722627354,0.8609250091736544
E1,h5_k0p25,healthy_maneuver,23,5.0,0.25,cusum_fgo,follower,2,30001,2.2695722420953652,1.15012853527384,1.7214420638614996,1.197109911591041
E1,h5_k0p25,healthy_maneuver,23,5.0,0.25,cusum_fgo,follower,3,30001,1.635879815152464,0.5549219507835376,0.9380546327727075,0.5936980551951277
E1,h5_k0p25,healthy_maneuver,23,5.0,0.25,cusum_fgo,pooled,0,90003,2.2695722420953652,0.8370467770782698,1.5445711252915604,0.9177402306013475
E1,h5_k0p25,healthy_maneuver,23,5.0,0.25,cusum_fgo,macro,0,90003,1.992571865147377,0.8370467770782698,1.3080585562989808,0.8839109919866078
E1,h5_k0p25,healthy_maneuver,24,5.0,0.25,cusum_fgo,follower,1,30001,2.4690382056649995,0.7471574478921609,1.3255961462418278,0.8236825122271755
E1,h5_k0p25,healthy_maneuver,24,5.0,0.25,cusum_fgo,follower,2,30001,3.142297464770318,0.647067383345387,1.011142586716292,0.6876392247093353
E1,h5_k0p25,healthy_maneuver,24,5.0,0.25,cusum_fgo,follower,3,30001,1.9767842487639231,0.8397087145179395,1.3022919927916803,0.8821250071686416
E1,h5_k0p25,healthy_maneuver,24,5.0,0.25,cusum_fgo,pooled,0,90003,3.142297464770318,0.7446445152518291,1.2429811706236107,0.8019653177413603
E1,h5_k0p25,healthy_maneuver,24,5.0,0.25,cusum_fgo,macro,0,90003,2.5293733063997466,0.7446445152518292,1.2130102419166,0.797815581368384
E1,h5_k0p25,healthy_maneuver,25,5.0,0.25,cusum_fgo,follower,1,30001,1.8851778784140396,0.651252479427737,1.3481170707082757,0.7431699163145548
E1,h5_k0p25,healthy_maneuver,25,5.0,0.25,cusum_fgo,follower,2,30001,1.6632159954233472,0.6789076007673024,1.0434029765770023,0.7195885064674608
E1,h5_k0p25,healthy_maneuver,25,5.0,0.25,cusum_fgo,follower,3,30001,1.5108594594914586,0.5518373629699038,0.9750358486827644,0.6019982861203893
E1,h5_k0p25,healthy_maneuver,25,5.0,0.25,cusum_fgo,pooled,0,90003,1.8851778784140396,0.6273324810549811,1.1425352625069927,0.691016420366149
E1,h5_k0p25,healthy_maneuver,25,5.0,0.25,cusum_fgo,macro,0,90003,1.6864177777762819,0.6273324810549811,1.122185298656014,0.6882522363008016
E1,h5_k0p25,healthy_maneuver,26,5.0,0.25,cusum_fgo,follower,1,30001,2.2320158198209974,0.8407964427819332,1.3863465398982988,0.892933889044421
E1,h5_k0p25,healthy_maneuver,26,5.0,0.25,cusum_fgo,follower,2,30001,2.1143995219701512,0.8275217422281043,1.4116082453828662,0.8888840026664043
E1,h5_k0p25,healthy_maneuver,26,5.0,0.25,cusum_fgo,follower,3,30001,1.8765963925149665,0.8220026352174533,1.294233776029855,0.8663554949731934
E1,h5_k0p25,healthy_maneuver,26,5.0,0.25,cusum_fgo,pooled,0,90003,2.2320158198209974,0.8301069400758303,1.369541858401105,0.8828018924746536
E1,h5_k0p25,healthy_maneuver,26,5.0,0.25,cusum_fgo,macro,0,90003,2.074337244768705,0.8301069400758303,1.36406285377034,0.8827244622280063
E1,h5_k0p25,healthy_maneuver,27,5.0,0.25,cusum_fgo,follower,1,30001,3.5965467043975554,1.671772548682519,2.5353072632539244,1.7744404379080558
E1,h5_k0p25,healthy_maneuver,27,5.0,0.25,cusum_fgo,follower,2,30001,1.9855553929930443,0.9097115361201752,1.3849314176401553,0.9516426623819181
E1,h5_k0p25,healthy_maneuver,27,5.0,0.25,cusum_fgo,follower,3,30001,1.8776100589253581,0.7598579171576291,1.275889515018121,0.81669151234149
E1,h5_k0p25,healthy_maneuver,27,5.0,0.25,cusum_fgo,pooled,0,90003,3.5965467043975554,1.1137806673201078,2.244358815058294,1.2544916169348321
E1,h5_k0p25,healthy_maneuver,27,5.0,0.25,cusum_fgo,macro,0,90003,2.486570718771986,1.1137806673201078,1.7320427319707337,1.1809248708771545
E1,h5_k0p25,healthy_maneuver,28,5.0,0.25,cusum_fgo,follower,1,30001,2.53218875576581,1.0607497843964309,1.8315981537997115,1.1561428332520258
E1,h5_k0p25,healthy_maneuver,28,5.0,0.25,cusum_fgo,follower,2,30001,2.1940489374077603,1.2754120782608458,1.7085427180726993,1.3063506948911194
E1,h5_k0p25,healthy_maneuver,28,5.0,0.25,cusum_fgo,follower,3,30001,1.905538100598124,0.8758290198414366,1.389020455863352,0.9403239208596021
E1,h5_k0p25,healthy_maneuver,28,5.0,0.25,cusum_fgo,pooled,0,90003,2.53218875576581,1.0706636274995711,1.70042127503221,1.1441776472010086
E1,h5_k0p25,healthy_maneuver,28,5.0,0.25,cusum_fgo,macro,0,90003,2.2105919312572317,1.0706636274995711,1.6430537759119208,1.1342724830009159
E1,h5_k0p25,healthy_maneuver,29,5.0,0.25,cusum_fgo,follower,1,30001,2.6612340294209123,1.4315810029794973,1.997129581583454,1.478065724605833
E1,h5_k0p25,healthy_maneuver,29,5.0,0.25,cusum_fgo,follower,2,30001,2.195962671099907,0.6692088898509277,1.3840514436881117,0.7647611621797585
E1,h5_k0p25,healthy_maneuver,29,5.0,0.25,cusum_fgo,follower,3,30001,2.1346947610868203,0.7811897479455341,1.288836471455609,0.8386600827519033
E1,h5_k0p25,healthy_maneuver,29,5.0,0.25,cusum_fgo,pooled,0,90003,2.6612340294209123,0.9606598802586531,1.792808295303544,1.075931945777633
E1,h5_k0p25,healthy_maneuver,29,5.0,0.25,cusum_fgo,macro,0,90003,2.3306304872025465,0.9606598802586529,1.5566724989090581,1.027162323179165
E1,h5_k0p25,healthy_maneuver,30,5.0,0.25,cusum_fgo,follower,1,30001,2.3672751000825643,1.1420233509784168,1.6426253978139471,1.186234728233849
E1,h5_k0p25,healthy_maneuver,30,5.0,0.25,cusum_fgo,follower,2,30001,2.4446068864928674,1.0241522152412053,1.7375454816353608,1.0895215679588492
E1,h5_k0p25,healthy_maneuver,30,5.0,0.25,cusum_fgo,follower,3,30001,1.5774004836131497,0.6120388415829114,1.1097395356596944,0.6722241510608098
E1,h5_k0p25,healthy_maneuver,30,5.0,0.25,cusum_fgo,pooled,0,90003,2.4446068864928674,0.9260714692675112,1.6096425074821552,1.0076532781310856
E1,h5_k0p25,healthy_maneuver,30,5.0,0.25,cusum_fgo,macro,0,90003,2.1297608233961935,0.9260714692675113,1.4966368050363341,0.9826601490845027
E1,h5_k0p25,healthy_maneuver,31,5.0,0.25,cusum_fgo,follower,1,30001,3.5252554814206145,1.8473915512999575,2.8528045960259356,1.9701484455261358
E1,h5_k0p25,healthy_maneuver,31,5.0,0.25,cusum_fgo,follower,2,30001,2.7990688829463046,1.4242456071637457,2.0194584756609104,1.4815993421185316
E1,h5_k0p25,healthy_maneuver,31,5.0,0.25,cusum_fgo,follower,3,30001,1.7895024828231583,0.8877785696548399,1.4657781526577909,0.9538983162915567
E1,h5_k0p25,healthy_maneuver,31,5.0,0.25,cusum_fgo,pooled,0,90003,3.5252554814206145,1.3864719093728477,2.542944238928949,1.5260563014732866
E1,h5_k0p25,healthy_maneuver,31,5.0,0.25,cusum_fgo,macro,0,90003,2.7046089490633594,1.3864719093728477,2.112680408114879,1.4685487013120746
E1,h5_k0p25,healthy_maneuver,32,5.0,0.25,cusum_fgo,follower,1,30001,1.8565442544527122,0.749056553181507,1.3114450522446728,0.8032313293478122
E1,h5_k0p25,healthy_maneuver,32,5.0,0.25,cusum_fgo,follower,2,30001,2.5290503857623596,1.004826741562515,1.8465545281766897,1.1003523604768917
E1,h5_k0p25,healthy_maneuver,32,5.0,0.25,cusum_fgo,follower,3,30001,1.9905411716141483,0.9440387114857096,1.4310113508364577,0.9874134846665031
E1,h5_k0p25,healthy_maneuver,32,5.0,0.25,cusum_fgo,pooled,0,90003,2.5290503857623596,0.8993073354099107,1.5603553779238906,0.9714149946262526
E1,h5_k0p25,healthy_maneuver,32,5.0,0.25,cusum_fgo,macro,0,90003,2.1253786039430733,0.8993073354099105,1.5296703104192735,0.9636657248304022
E1,h5_k0p25,healthy_maneuver,33,5.0,0.25,cusum_fgo,follower,1,30001,3.5641437699941227,1.9150182616690652,2.893779760237523,2.0402296683052685
E1,h5_k0p25,healthy_maneuver,33,5.0,0.25,cusum_fgo,follower,2,30001,2.1198565505444784,1.0731369805687725,1.5186895512822407,1.1163256852373156
E1,h5_k0p25,healthy_maneuver,33,5.0,0.25,cusum_fgo,follower,3,30001,1.7900630663827255,0.6758127644993821,1.182211234963496,0.7344370823071894
E1,h5_k0p25,healthy_maneuver,33,5.0,0.25,cusum_fgo,pooled,0,90003,3.5641437699941227,1.2213226689124066,2.59962533177232,1.4080859304769584
E1,h5_k0p25,healthy_maneuver,33,5.0,0.25,cusum_fgo,macro,0,90003,2.491354462307109,1.2213226689124066,1.8648935154944197,1.2969974786165912
E1,h5_k0p25,healthy_maneuver,34,5.0,0.25,cusum_fgo,follower,1,30001,2.273213631695084,1.0693658738996457,1.6678433241161792,1.1216457819961214
E1,h5_k0p25,healthy_maneuver,34,5.0,0.25,cusum_fgo,follower,2,30001,1.8246923411498082,0.7797128435737947,1.323474704996763,0.8363822172352688
E1,h5_k0p25,healthy_maneuver,34,5.0,0.25,cusum_fgo,follower,3,30001,1.8850859672414244,1.0953566556305292,1.4876867980498845,1.124064231730227
E1,h5_k0p25,healthy_maneuver,34,5.0,0.25,cusum_fgo,pooled,0,90003,2.273213631695084,0.9814784577013231,1.5243300568142668,1.036202179537105
E1,h5_k0p25,healthy_maneuver,34,5.0,0.25,cusum_fgo,macro,0,90003,1.994330646695439,0.9814784577013231,1.4930016090542757,1.0273640769872057
E1,h5_k0p25,healthy_maneuver,35,5.0,0.25,cusum_fgo,follower,1,30001,1.9208970002114263,0.6162950838744519,1.1588931540060576,0.6888968598453995
E1,h5_k0p25,healthy_maneuver,35,5.0,0.25,cusum_fgo,follower,2,30001,2.536101412257167,0.9511692734292947,1.835916018229791,1.053362799763011
E1,h5_k0p25,healthy_maneuver,35,5.0,0.25,cusum_fgo,follower,3,30001,1.8877121568435047,0.7311160200263259,1.3975757784233758,0.8059105192061267
E1,h5_k0p25,healthy_maneuver,35,5.0,0.25,cusum_fgo,pooled,0,90003,2.536101412257167,0.7661934591100241,1.5260469669144,0.8628719171844124
E1,h5_k0p25,healthy_maneuver,35,5.0,0.25,cusum_fgo,macro,0,90003,2.1149035231040325,0.7661934591100241,1.464128316886408,0.8493900596048457
E1,h5_k0p25,healthy_maneuver,36,5.0,0.25,cusum_fgo,follower,1,30001,2.9802990334531843,1.7670054205217092,2.4758583451038296,1.8388619466972895
E1,h5_k0p25,healthy_maneuver,36,5.0,0.25,cusum_fgo,follower,2,30001,3.351366696371426,1.683564424029316,2.8604088993326156,1.8142980375352158
E1,h5_k0p25,healthy_maneuver,36,5.0,0.25,cusum_fgo,follower,3,30001,1.727996648063284,0.6960809940016246,1.2873695186462635,0.7619874303413169
E1,h5_k0p25,healthy_maneuver,36,5.0,0.25,cusum_fgo,pooled,0,90003,3.351366696371426,1.3822169461842164,2.6257721613506986,1.5549614649044783
E1,h5_k0p25,healthy_maneuver,36,5.0,0.25,cusum_fgo,macro,0,90003,2.6865541259626315,1.3822169461842166,2.2078789210275698,1.4717158048579408
E1,h5_k0p25,healthy_maneuver,37,5.0,0.25,cusum_fgo,follower,1,30001,2.2973037868828694,0.9394025465472021,1.553715777397525,1.0166475563597652
E1,h5_k0p25,healthy_maneuver,37,5.0,0.25,cusum_fgo,follower,2,30001,2.5021886615850457,1.2330922181851363,1.8255578091667664,1.2883008476101117
E1,h5_k0p25,healthy_maneuver,37,5.0,0.25,cusum_fgo,follower,3,30001,1.8215788177626506,0.8868424673314825,1.4250498815087862,0.9408030520744244
E1,h5_k0p25,healthy_maneuver,37,5.0,0.25,cusum_fgo,pooled,0,90003,2.5021886615850457,1.019779077354607,1.6684571208937222,1.0921540963615233
E1,h5_k0p25,healthy_maneuver,37,5.0,0.25,cusum_fgo,macro,0,90003,2.2070237554101886,1.019779077354607,1.601441156024359,1.081917152014767
E1,h5_k0p25,healthy_maneuver,38,5.0,0.25,cusum_fgo,follower,1,30001,1.6553532517340566,0.9282491361774022,1.3184734877608606,0.957641065382689
E1,h5_k0p25,healthy_maneuver,38,5.0,0.25,cusum_fgo,follower,2,30001,1.6861953436912749,0.6794921258647444,1.2200428555733906,0.7436451042804643
E1,h5_k0p25,healthy_maneuver,38,5.0,0.25,cusum_fgo,follower,3,30001,1.6799861983391975,0.8100880137705087,1.2312504740626973,0.8429618660752236
E1,h5_k0p25,healthy_maneuver,38,5.0,0.25,cusum_fgo,pooled,0,90003,1.6861953436912749,0.8059430919375519,1.273823216415328,0.8525782777130823
E1,h5_k0p25,healthy_maneuver,38,5.0,0.25,cusum_fgo,macro,0,90003,1.673844931254843,0.8059430919375518,1.2565889391323162,0.8480826785794591
E1,h5_k0p25,healthy_maneuver,39,5.0,0.25,cusum_fgo,follower,1,30001,2.141455340022245,1.084197714844711,1.6822012034166938,1.1450300934917672
E1,h5_k0p25,healthy_maneuver,39,5.0,0.25,cusum_fgo,follower,2,30001,1.7465598896479522,0.9404868635741515,1.4010790895354677,0.9793390766413026
E1,h5_k0p25,healthy_maneuver,39,5.0,0.25,cusum_fgo,follower,3,30001,1.6993444903184933,0.7143556707767275,1.1693204793369374,0.7613610738261996
E1,h5_k0p25,healthy_maneuver,39,5.0,0.25,cusum_fgo,pooled,0,90003,2.141455340022245,0.9130134163985302,1.5227809463454398,0.9746571408750512
E1,h5_k0p25,healthy_maneuver,39,5.0,0.25,cusum_fgo,macro,0,90003,1.8624532399962301,0.9130134163985301,1.4175335907630329,0.9619100813197564
E1,h5_k0p25,healthy_maneuver,40,5.0,0.25,cusum_fgo,follower,1,30001,1.7263612019924,0.662111529071724,1.112933630204663,0.7084304183950321
E1,h5_k0p25,healthy_maneuver,40,5.0,0.25,cusum_fgo,follower,2,30001,2.4622180314867714,1.0505229135386034,1.5216595032198972,1.0962800989096364
E1,h5_k0p25,healthy_maneuver,40,5.0,0.25,cusum_fgo,follower,3,30001,1.6753614339359004,0.47596505478214557,0.8541601151528257,0.5215221665151017
E1,h5_k0p25,healthy_maneuver,40,5.0,0.25,cusum_fgo,pooled,0,90003,2.4622180314867714,0.7295331657974911,1.3620790828813958,0.8115189632492243
E1,h5_k0p25,healthy_maneuver,40,5.0,0.25,cusum_fgo,macro,0,90003,1.954646889138357,0.729533165797491,1.1629177495257952,0.7754108946065901
E1,h5_k0p25,healthy_maneuver,41,5.0,0.25,cusum_fgo,follower,1,30001,2.7265903222609724,1.3369693913416492,2.0666928759146215,1.4079055040556643
E1,h5_k0p25,healthy_maneuver,41,5.0,0.25,cusum_fgo,follower,2,30001,1.8916079131523522,0.5887381956375755,1.0093500397013804,0.6411628671499663
E1,h5_k0p25,healthy_maneuver,41,5.0,0.25,cusum_fgo,follower,3,30001,2.3544621800936767,0.8078241088572663,1.4022643195004971,0.8734475031042042
E1,h5_k0p25,healthy_maneuver,41,5.0,0.25,cusum_fgo,pooled,0,90003,2.7265903222609724,0.9111772319454969,1.805909851278759,1.0257027300410793
E1,h5_k0p25,healthy_maneuver,41,5.0,0.25,cusum_fgo,macro,0,90003,2.324220138502334,0.9111772319454969,1.4927690783721663,0.9741719581032783
E1,h5_k0p25,healthy_maneuver,42,5.0,0.25,cusum_fgo,follower,1,30001,2.325614054870505,1.0147098457928807,1.606515257887509,1.0646037881883752
E1,h5_k0p25,healthy_maneuver,42,5.0,0.25,cusum_fgo,follower,2,30001,1.9442480265963462,0.7808574548546637,1.3134680560117273,0.8246897345051266
E1,h5_k0p25,healthy_maneuver,42,5.0,0.25,cusum_fgo,follower,3,30001,1.4923130466479029,0.6495809939217224,1.1589352121775334,0.7119939472611536
E1,h5_k0p25,healthy_maneuver,42,5.0,0.25,cusum_fgo,pooled,0,90003,2.325614054870505,0.815049431523089,1.3864353895021693,0.8794751777735957
E1,h5_k0p25,healthy_maneuver,42,5.0,0.25,cusum_fgo,macro,0,90003,1.9207250427049178,0.815049431523089,1.3596395086922566,0.8670958233182184
E1,h5_k0p25,healthy_maneuver,43,5.0,0.25,cusum_fgo,follower,1,30001,1.8528841840589543,0.8053082861157973,1.3132119665687974,0.8497494684000625
E1,h5_k0p25,healthy_maneuver,43,5.0,0.25,cusum_fgo,follower,2,30001,2.0733282411113048,1.1439687977264505,1.6129106142804834,1.1868769769437646
E1,h5_k0p25,healthy_maneuver,43,5.0,0.25,cusum_fgo,follower,3,30001,1.2166779618499546,0.48453714430358985,0.8070965301429986,0.5191471548345645
E1,h5_k0p25,healthy_maneuver,43,5.0,0.25,cusum_fgo,pooled,0,90003,2.0733282411113048,0.811271409381946,1.487282835264158,0.8944765481960537
E1,h5_k0p25,healthy_maneuver,43,5.0,0.25,cusum_fgo,macro,0,90003,1.7142967956734045,0.8112714093819459,1.2444063703307597,0.8519245333927973
E1,h5_k0p25,healthy_maneuver,44,5.0,0.25,cusum_fgo,follower,1,30001,2.220675809942192,1.0591442001147937,1.5528454967771084,1.1053138231362423
E1,h5_k0p25,healthy_maneuver,44,5.0,0.25,cusum_fgo,follower,2,30001,2.427769598205737,1.1582664801764566,1.9180020191383869,1.241373024415629
E1,h5_k0p25,healthy_maneuver,44,5.0,0.25,cusum_fgo,follower,3,30001,2.7479101664462307,0.9127289405601688,1.3082939835564114,0.9522259837366872
E1,h5_k0p25,healthy_maneuver,44,5.0,0.25,cusum_fgo,pooled,0,90003,2.7479101664462307,1.0433798736171396,1.7277122243507501,1.1059626210480118
E1,h5_k0p25,healthy_maneuver,44,5.0,0.25,cusum_fgo,macro,0,90003,2.465451858198053,1.0433798736171396,1.5930471664906356,1.0996376104295196
E1,h5_k0p25,healthy_maneuver,45,5.0,0.25,cusum_fgo,follower,1,30001,3.063552835739221,1.6687961545102747,2.490457313863973,1.7686534033057744
E1,h5_k0p25,healthy_maneuver,45,5.0,0.25,cusum_fgo,follower,2,30001,2.2928459765410953,0.8075256990490154,1.3395117320695016,0.8717702932482391
E1,h5_k0p25,healthy_maneuver,45,5.0,0.25,cusum_fgo,follower,3,30001,1.9772630052738098,1.213144948966434,1.6006677878941202,1.2442710804676465
E1,h5_k0p25,healthy_maneuver,45,5.0,0.25,cusum_fgo,pooled,0,90003,3.063552835739221,1.2298222675085748,2.22080161510925,1.3461462063861342
E1,h5_k0p25,healthy_maneuver,45,5.0,0.25,cusum_fgo,macro,0,90003,2.4445539391847086,1.2298222675085748,1.8102122779425318,1.29489825900722
E1,h5_k0p25,healthy_maneuver,46,5.0,0.25,cusum_fgo,follower,1,30001,2.1559134387148817,1.047984317036114,1.557167818816045,1.0945780561169347
E1,h5_k0p25,healthy_maneuver,46,5.0,0.25,cusum_fgo,follower,2,30001,3.1300267772069237,1.2056485985988041,1.765174801504216,1.259215819049667
E1,h5_k0p25,healthy_maneuver,46,5.0,0.25,cusum_fgo,follower,3,30001,1.9294872834382233,0.8530577512884601,1.3247318979457943,0.8975558021306007
E1,h5_k0p25,healthy_maneuver,46,5.0,0.25,cusum_fgo,pooled,0,90003,3.1300267772069237,1.035563555641126,1.6030631671926525,1.0938208289928713
E1,h5_k0p25,healthy_maneuver,46,5.0,0.25,cusum_fgo,macro,0,90003,2.405142499786676,1.035563555641126,1.5490248394220183,1.0837832257657343
E1,h5_k0p25,healthy_maneuver,47,5.0,0.25,cusum_fgo,follower,1,30001,2.0429140122146756,0.8736691059814737,1.3973214629843984,0.9258050722863694
E1,h5_k0p25,healthy_maneuver,47,5.0,0.25,cusum_fgo,follower,2,30001,1.7786113576732383,0.8009072303380703,1.2725797635339833,0.8480694329577786
E1,h5_k0p25,healthy_maneuver,47,5.0,0.25,cusum_fgo,follower,3,30001,1.5017143963391142,0.7338815862227934,1.1523893656381035,0.779088195412393
E1,h5_k0p25,healthy_maneuver,47,5.0,0.25,cusum_fgo,pooled,0,90003,2.0429140122146756,0.8028193075141125,1.2829530282769324,0.8530953856827181
E1,h5_k0p25,healthy_maneuver,47,5.0,0.25,cusum_fgo,macro,0,90003,1.7744132554090093,0.8028193075141125,1.2740968640521617,0.8509875668855137
E1,h5_k0p25,healthy_maneuver,48,5.0,0.25,cusum_fgo,follower,1,30001,2.600915234662513,0.7641446411894793,1.438984496939139,0.851430232505125
E1,h5_k0p25,healthy_maneuver,48,5.0,0.25,cusum_fgo,follower,2,30001,2.719416193462742,0.6368141947282607,1.1369358875108688,0.6947066782526568
E1,h5_k0p25,healthy_maneuver,48,5.0,0.25,cusum_fgo,follower,3,30001,1.60895789271181,0.405535622418907,0.7151086147252387,0.44561719505348296
E1,h5_k0p25,healthy_maneuver,48,5.0,0.25,cusum_fgo,pooled,0,90003,2.719416193462742,0.6021648194455491,1.2055118546748416,0.6846228874740471
E1,h5_k0p25,healthy_maneuver,48,5.0,0.25,cusum_fgo,macro,0,90003,2.3097631069456885,0.602164819445549,1.0970096663917488,0.6639180352704216
E1,h5_k0p25,healthy_maneuver,49,5.0,0.25,cusum_fgo,follower,1,30001,2.177316406530792,1.1939968483782848,1.724443370292414,1.2542503221445032
E1,h5_k0p25,healthy_maneuver,49,5.0,0.25,cusum_fgo,follower,2,30001,1.8985006510542315,0.9214669184355538,1.3480508035384426,0.9586895962281619
E1,h5_k0p25,healthy_maneuver,49,5.0,0.25,cusum_fgo,follower,3,30001,2.2264568496109627,1.1213564048418663,1.699957932799514,1.178320783191036
E1,h5_k0p25,healthy_maneuver,49,5.0,0.25,cusum_fgo,pooled,0,90003,2.2264568496109627,1.0789400572185686,1.6593926702299335,1.1373462505053364
E1,h5_k0p25,healthy_maneuver,49,5.0,0.25,cusum_fgo,macro,0,90003,2.1007579690653286,1.0789400572185683,1.5908173688767901,1.130420233854567
E1,h5_k0p25,healthy_maneuver,50,5.0,0.25,cusum_fgo,follower,1,30001,2.3484001068480898,1.0674417462467556,1.6042938345460613,1.1130334833058173
E1,h5_k0p25,healthy_maneuver,50,5.0,0.25,cusum_fgo,follower,2,30001,2.461765905168319,1.1105052670349005,1.7541035849709987,1.1775218581868592
E1,h5_k0p25,healthy_maneuver,50,5.0,0.25,cusum_fgo,follower,3,30001,1.6400558824151767,0.8892454385680337,1.2611149072719876,0.9201978650619206
E1,h5_k0p25,healthy_maneuver,50,5.0,0.25,cusum_fgo,pooled,0,90003,2.461765905168319,1.0223974839498966,1.6143248621280193,1.0758199000967017
E1,h5_k0p25,healthy_maneuver,50,5.0,0.25,cusum_fgo,macro,0,90003,2.1500739648105287,1.0223974839498966,1.5398374422630159,1.0702510688515323
E1,h5_k0p5,baseline_3f,1,5.0,0.5,cusum_fgo,follower,1,30001,3.3965549494652905,0.9624045017407669,1.5860071499917296,1.0432562941762682
E1,h5_k0p5,baseline_3f,1,5.0,0.5,cusum_fgo,follower,2,30001,2.113481044303766,0.8114189334733162,1.307704389675552,0.8646980482017042
E1,h5_k0p5,baseline_3f,1,5.0,0.5,cusum_fgo,follower,3,30001,1.7067643865673818,0.8553050604632937,1.310684180328446,0.9027210759740386
E1,h5_k0p5,baseline_3f,1,5.0,0.5,cusum_fgo,pooled,0,90003,3.3965549494652905,0.8763761652257923,1.4145526144336393,0.9400339977734781
E1,h5_k0p5,baseline_3f,1,5.0,0.5,cusum_fgo,macro,0,90003,2.405600126778813,0.8763761652257923,1.4014652399985759,0.936891806117337
E1,h5_k0p5,baseline_3f,2,5.0,0.5,cusum_fgo,follower,1,30001,2.2355993776023655,0.8197467443622966,1.4220773299525682,0.8809005275549529
E1,h5_k0p5,baseline_3f,2,5.0,0.5,cusum_fgo,follower,2,30001,3.4923326065138847,1.414749610418365,2.293207450093629,1.5011713525060668
E1,h5_k0p5,baseline_3f,2,5.0,0.5,cusum_fgo,follower,3,30001,2.687845048280942,0.9838375801579761,1.542819557414525,1.0492119235871749
E1,h5_k0p5,baseline_3f,2,5.0,0.5,cusum_fgo,pooled,0,90003,3.4923326065138847,1.0727779783128792,1.8816532905628305,1.1733636591197956
E1,h5_k0p5,baseline_3f,2,5.0,0.5,cusum_fgo,macro,0,90003,2.805259010799064,1.0727779783128792,1.7527014458202406,1.1437612678827314
E1,h5_k0p5,baseline_3f,3,5.0,0.5,cusum_fgo,follower,1,30001,2.1578810767523855,0.6965672426673897,1.442275419538161,0.7898555019158138
E1,h5_k0p5,baseline_3f,3,5.0,0.5,cusum_fgo,follower,2,30001,2.3299477207846016,0.8280429211875544,1.378828067879779,0.8911425042055116
E1,h5_k0p5,baseline_3f,3,5.0,0.5,cusum_fgo,follower,3,30001,1.7943386169488575,0.48169845540789774,0.9226203143475394,0.5435420814657949
E1,h5_k0p5,baseline_3f,3,5.0,0.5,cusum_fgo,pooled,0,90003,2.3299477207846016,0.6687695397542807,1.3250928618144855,0.7557434906616841
E1,h5_k0p5,baseline_3f,3,5.0,0.5,cusum_fgo,macro,0,90003,2.094055804828615,0.6687695397542806,1.2479079339218264,0.7415133625290401
E1,h5_k0p5,baseline_3f,4,5.0,0.5,cusum_fgo,follower,1,30001,3.8177589353744485,1.409537325756228,2.0325758540241554,1.4750831290163942
E1,h5_k0p5,baseline_3f,4,5.0,0.5,cusum_fgo,follower,2,30001,2.968185503630669,1.001897626182651,1.612995592489182,1.0537959454647847
E1,h5_k0p5,baseline_3f,4,5.0,0.5,cusum_fgo,follower,3,30001,2.7019828063850158,0.8884631322337823,1.5662293044080184,0.9768841861785629
E1,h5_k0p5,baseline_3f,4,5.0,0.5,cusum_fgo,pooled,0,90003,3.8177589353744485,1.0999660280575538,1.8296137730253834,1.1889293286247882
E1,h5_k0p5,baseline_3f,4,5.0,0.5,cusum_fgo,macro,0,90003,3.162642415130044,1.0999660280575538,1.737266916973785,1.1685877535532472
E1,h5_k0p5,baseline_3f,5,5.0,0.5,cusum_fgo,follower,1,30001,4.810933873712289,1.699936446457223,2.9872905471972353,1.8602411960789422
E1,h5_k0p5,baseline_3f,5,5.0,0.5,cusum_fgo,follower,2,30001,4.083171107463046,0.6811639432886663,1.4638112421771186,0.8274647352169732
E1,h5_k0p5,baseline_3f,5,5.0,0.5,cusum_fgo,follower,3,30001,2.9556450606437483,0.8855543480719369,1.3014243157709051,0.9360789431052324
E1,h5_k0p5,baseline_3f,5,5.0,0.5,cusum_fgo,pooled,0,90003,4.810933873712289,1.0888849126059423,2.323030579485345,1.2937592490287
E1,h5_k0p5,baseline_3f,5,5.0,0.5,cusum_fgo,macro,0,90003,3.949916680606361,1.0888849126059421,1.9175087017150865,1.2079282914670493
E1,h5_k0p5,baseline_3f,6,5.0,0.5,cusum_fgo,follower,1,30001,2.6678055926090227,1.1207992234872566,1.8810993948499832,1.2071305989388252
E1,h5_k0p5,baseline_3f,6,5.0,0.5,cusum_fgo,follower,2,30001,2.891090217229851,1.498942373772964,2.2483899518840333,1.589687440728261
E1,h5_k0p5,baseline_3f,6,5.0,0.5,cusum_fgo,follower,3,30001,1.8674411864499518,0.783581572531838,1.255217695541905,0.8238745772258647
E1,h5_k0p5,baseline_3f,6,5.0,0.5,cusum_fgo,pooled,0,90003,2.891090217229851,1.1344410565973528,2.0183428969812796,1.246734369075556
E1,h5_k0p5,baseline_3f,6,5.0,0.5,cusum_fgo,macro,0,90003,2.4754456654296084,1.1344410565973526,1.7949023474253074,1.206897538964317
E1,h5_k0p5,baseline_3f,7,5.0,0.5,cusum_fgo,follower,1,30001,3.7197461519927524,0.830650206423151,1.6185477988954473,0.9626343639524734
E1,h5_k0p5,baseline_3f,7,5.0,0.5,cusum_fgo,follower,2,30001,2.513388369710836,1.2856493010930325,1.8775457997341178,1.3465583815878925
E1,h5_k0p5,baseline_3f,7,5.0,0.5,cusum_fgo,follower,3,30001,1.5143349364258054,0.5179807278366164,0.9888126309729661,0.5733086448551605
E1,h5_k0p5,baseline_3f,7,5.0,0.5,cusum_fgo,pooled,0,90003,3.7197461519927524,0.8780934117842667,1.741962450527334,1.0113633036570733
E1,h5_k0p5,baseline_3f,7,5.0,0.5,cusum_fgo,macro,0,90003,2.5824898193764647,0.8780934117842666,1.4949687432008438,0.9608337967985087
E1,h5_k0p5,baseline_3f,8,5.0,0.5,cusum_fgo,follower,1,30001,7.473231815987526,1.200547339137208,1.891630926543703,1.4992557433227087
E1,h5_k0p5,baseline_3f,8,5.0,0.5,cusum_fgo,follower,2,30001,3.64272702335081,0.6401851805322416,1.2322533912153955,0.7822276348812803
E1,h5_k0p5,baseline_3f,8,5.0,0.5,cusum_fgo,follower,3,30001,2.362594609452679,0.8784629152615667,1.404600870850033,0.9384936827514507
E1,h5_k0p5,baseline_3f,8,5.0,0.5,cusum_fgo,pooled,0,90003,7.473231815987526,0.9063984783103388,1.6764383293732945,1.1166047120956264
E1,h5_k0p5,baseline_3f,8,5.0,0.5,cusum_fgo,macro,0,90003,4.492851149597005,0.9063984783103387,1.5094950628697106,1.0733256869851466
E1,h5_k0p5,baseline_3f,9,5.0,0.5,cusum_fgo,follower,1,30001,2.1222466261684434,0.8502854565633569,1.418802886944581,0.9162880851475911
E1,h5_k0p5,baseline_3f,9,5.0,0.5,cusum_fgo,follower,2,30001,2.314224518964617,0.7367263020416016,1.528942689217306,0.8269078709797306
E1,h5_k0p5,baseline_3f,9,5.0,0.5,cusum_fgo,follower,3,30001,2.5773015981413745,0.7532836718876891,1.3086017359470257,0.8146913842353608
E1,h5_k0p5,baseline_3f,9,5.0,0.5,cusum_fgo,pooled,0,90003,2.5773015981413745,0.7800984768308823,1.4203261895782906,0.8538310788477618
E1,h5_k0p5,baseline_3f,9,5.0,0.5,cusum_fgo,macro,0,90003,2.3379242477581452,0.7800984768308825,1.4187824373696376,0.8526291134542275
E1,h5_k0p5,baseline_3f,10,5.0,0.5,cusum_fgo,follower,1,30001,2.3623346306079385,0.6513587345286816,1.1763512985507358,0.7120133038908495
E1,h5_k0p5,baseline_3f,10,5.0,0.5,cusum_fgo,follower,2,30001,2.0583822758713235,0.9976633083228692,1.6063657509708336,1.0642304858130762
E1,h5_k0p5,baseline_3f,10,5.0,0.5,cusum_fgo,follower,3,30001,1.7421803922220376,0.42207168213179047,0.8117902333021291,0.4794065538287314
E1,h5_k0p5,baseline_3f,10,5.0,0.5,cusum_fgo,pooled,0,90003,2.3623346306079385,0.6903645749944469,1.4576332435182158,0.7893837502983873
E1,h5_k0p5,baseline_3f,10,5.0,0.5,cusum_fgo,macro,0,90003,2.0542990995670998,0.690364574994447,1.1981690942745662,0.751883447844219
E1,h5_k0p5,baseline_3f,11,5.0,0.5,cusum_fgo,follower,1,30001,2.6622309725819497,0.962230223789633,1.6221314483374483,1.0295558603439199
E1,h5_k0p5,baseline_3f,11,5.0,0.5,cusum_fgo,follower,2,30001,2.9000796890730776,1.1677796864188879,1.7757138703197013,1.2252971719982153
E1,h5_k0p5,baseline_3f,11,5.0,0.5,cusum_fgo,follower,3,30001,2.6730130590875336,0.6340251738898995,1.2317305527176197,0.7147509853343792
E1,h5_k0p5,baseline_3f,11,5.0,0.5,cusum_fgo,pooled,0,90003,2.9000796890730776,0.9213450280328069,1.6487737742759057,1.011963009915514
E1,h5_k0p5,baseline_3f,11,5.0,0.5,cusum_fgo,macro,0,90003,2.7451079069141873,0.9213450280328068,1.5431919571249233,0.9898680058921713
E1,h5_k0p5,baseline_3f,12,5.0,0.5,cusum_fgo,follower,1,30001,3.4841801712222837,0.9730012414734691,1.8765728990451436,1.1056157211766213
E1,h5_k0p5,baseline_3f,12,5.0,0.5,cusum_fgo,follower,2,30001,2.3202344514587074,0.6875265736425782,1.3751999571550722,0.7631369437715707
E1,h5_k0p5,baseline_3f,12,5.0,0.5,cusum_fgo,follower,3,30001,2.3774783721582384,1.0069203606203865,1.4335940535056992,1.0427447498529343
E1,h5_k0p5,baseline_3f,12,5.0,0.5,cusum_fgo,pooled,0,90003,3.4841801712222837,0.8891493919121446,1.5285143268585604,0.9818487207317587
E1,h5_k0p5,baseline_3f,12,5.0,0.5,cusum_fgo,macro,0,90003,2.7272976649464096,0.8891493919121446,1.5617889699019714,0.9704991382670421
E1,h5_k0p5,baseline_3f,13,5.0,0.5,cusum_fgo,follower,1,30001,4.132169325842958,1.3076340806053932,1.9045066830940245,1.388948770666257
E1,h5_k0p5,baseline_3f,13,5.0,0.5,cusum_fgo,follower,2,30001,2.2355515433357547,0.74646982646216,1.306145559118452,0.8085723964987124
E1,h5_k0p5,baseline_3f,13,5.0,0.5,cusum_fgo,follower,3,30001,2.8992583754747603,0.975844899285739,1.7366714419803468,1.08669784259779
E1,h5_k0p5,baseline_3f,13,5.0,0.5,cusum_fgo,pooled,0,90003,4.132169325842958,1.0099829354510974,1.7409118232283376,1.1201012170069973
E1,h5_k0p5,baseline_3f,13,5.0,0.5,cusum_fgo,macro,0,90003,3.0889930815511577,1.0099829354510974,1.649107894730941,1.09473966992092
E1,h5_k0p5,baseline_3f,14,5.0,0.5,cusum_fgo,follower,1,30001,3.771872092194832,0.8269572309737092,1.6522035900891558,0.9502834773646033
E1,h5_k0p5,baseline_3f,14,5.0,0.5,cusum_fgo,follower,2,30001,3.148719954016936,0.8801959057798673,1.8371319690794616,1.0311886069157947
E1,h5_k0p5,baseline_3f,14,5.0,0.5,cusum_fgo,follower,3,30001,2.1419834051988356,1.0559852584128473,1.701335458896771,1.1178147314869695
E1,h5_k0p5,baseline_3f,14,5.0,0.5,cusum_fgo,pooled,0,90003,3.771872092194832,0.9210461317221412,1.7441165593924959,1.0353579742154218
E1,h5_k0p5,baseline_3f,14,5.0,0.5,cusum_fgo,macro,0,90003,3.0208584838035346,0.9210461317221412,1.730223672688463,1.0330956052557891
E1,h5_k0p5,baseline_3f,15,5.0,0.5,cusum_fgo,follower,1,30001,2.630680678358852,1.1822101807152228,1.9744464761631741,1.2594642006448196
E1,h5_k0p5,baseline_3f,15,5.0,0.5,cusum_fgo,follower,2,30001,2.8718242968261216,1.2614724251159177,1.9805137215469264,1.3248935310723517
E1,h5_k0p5,baseline_3f,15,5.0,0.5,cusum_fgo,follower,3,30001,1.7076112734924862,0.547131505798413,1.0252323762861433,0.6076918412674392
E1,h5_k0p5,baseline_3f,15,5.0,0.5,cusum_fgo,pooled,0,90003,2.8718242968261216,0.9969380372098512,1.8445583609112666,1.112187381593328
E1,h5_k0p5,baseline_3f,15,5.0,0.5,cusum_fgo,macro,0,90003,2.4033720828924867,0.9969380372098513,1.6600641913320813,1.0640165243282034
E1,h5_k0p5,baseline_3f,16,5.0,0.5,cusum_fgo,follower,1,30001,2.388725278727993,0.7416134819571336,1.4050153469650262,0.8299001171858251
E1,h5_k0p5,baseline_3f,16,5.0,0.5,cusum_fgo,follower,2,30001,2.462173023496169,0.7525972607630997,1.2398088490848644,0.8028262025789444
E1,h5_k0p5,baseline_3f,16,5.0,0.5,cusum_fgo,follower,3,30001,1.7380910537782903,0.6326263858533604,1.1321536037315572,0.6930438835701613
E1,h5_k0p5,baseline_3f,16,5.0,0.5,cusum_fgo,pooled,0,90003,2.462173023496169,0.7089457095245312,1.267658907848288,0.7775118306937815
E1,h5_k0p5,baseline_3f,16,5.0,0.5,cusum_fgo,macro,0,90003,2.1963297853341506,0.7089457095245312,1.2589925999271492,0.775256734444977
E1,h5_k0p5,baseline_3f,17,5.0,0.5,cusum_fgo,follower,1,30001,2.7593162182975783,1.308192351647674,1.9009386386415166,1.3557012562586392
E1,h5_k0p5,baseline_3f,17,5.0,0.5,cusum_fgo,follower,2,30001,2.4697173290713628,0.9806578714577892,1.5637517960515614,1.0387143804937315
E1,h5_k0p5,baseline_3f,17,5.0,0.5,cusum_fgo,follower,3,30001,1.7186992559026673,0.986400009040021,1.412811937673981,1.0276801786324905
E1,h5_k0p5,baseline_3f,17,5.0,0.5,cusum_fgo,pooled,0,90003,2.7593162182975783,1.091750077381828,1.6819503299323368,1.150793930296216
E1,h5_k0p5,baseline_3f,17,5.0,0.5,cusum_fgo,macro,0,90003,2.315910934423869,1.091750077381828,1.6258341241223528,1.1406986051282872
E1,h5_k0p5,baseline_3f,18,5.0,0.5,cusum_fgo,follower,1,30001,4.695743503928328,1.4987055108250507,2.9431248315571583,1.6581786834045877
E1,h5_k0p5,baseline_3f,18,5.0,0.5,cusum_fgo,follower,2,30001,4.839198398928516,1.3463046233415186,2.6566503899567624,1.5067062005313259
E1,h5_k0p5,baseline_3f,18,5.0,0.5,cusum_fgo,follower,3,30001,2.0840928040355267,0.5548436909461255,1.1715460755466276,0.6388425245148728
E1,h5_k0p5,baseline_3f,18,5.0,0.5,cusum_fgo,pooled,0,90003,4.839198398928516,1.1332846083708983,2.485176217838952,1.3450947788099608
E1,h5_k0p5,baseline_3f,18,5.0,0.5,cusum_fgo,macro,0,90003,3.8730115689641234,1.1332846083708983,2.257107099020183,1.2679091361502621
E1,h5_k0p5,baseline_3f,19,5.0,0.5,cusum_fgo,follower,1,30001,3.3366570228314187,0.9893290887857501,1.5159974193256827,1.0672084764644123
E1,h5_k0p5,baseline_3f,19,5.0,0.5,cusum_fgo,follower,2,30001,3.2119627823722916,0.8570985825639789,1.4420957534480163,0.9457437461889155
E1,h5_k0p5,baseline_3f,19,5.0,0.5,cusum_fgo,follower,3,30001,1.9225436948837171,0.47133067768308373,0.8111054736027256,0.5302654299292741
E1,h5_k0p5,baseline_3f,19,5.0,0.5,cusum_fgo,pooled,0,90003,3.3366570228314187,0.7725861163442709,1.3702394727372083,0.8783595679581746
E1,h5_k0p5,baseline_3f,19,5.0,0.5,cusum_fgo,macro,0,90003,2.8237211666958095,0.772586116344271,1.2563995487921416,0.847739217527534
E1,h5_k0p5,baseline_3f,20,5.0,0.5,cusum_fgo,follower,1,30001,4.751033354164964,1.386282922644771,2.128160108711117,1.5076000088884005
E1,h5_k0p5,baseline_3f,20,5.0,0.5,cusum_fgo,follower,2,30001,2.746667321795957,0.8536966682006162,1.4145753262324805,0.9176583760350557
E1,h5_k0p5,baseline_3f,20,5.0,0.5,cusum_fgo,follower,3,30001,2.2422298277953443,0.6817893229659875,1.2998693708823785,0.7508023012131225
E1,h5_k0p5,baseline_3f,20,5.0,0.5,cusum_fgo,pooled,0,90003,4.751033354164964,0.9739229712704582,1.807967912852535,1.107347999714411
E1,h5_k0p5,baseline_3f,20,5.0,0.5,cusum_fgo,macro,0,90003,3.246643501252089,0.9739229712704582,1.6142016019419918,1.0586868953788595
E1,h5_k0p5,baseline_3f,21,5.0,0.5,cusum_fgo,follower,1,30001,5.432085263235166,1.7185556512636657,2.570855322467738,1.8801893768796158
E1,h5_k0p5,baseline_3f,21,5.0,0.5,cusum_fgo,follower,2,30001,5.631411814937714,1.200922249961729,1.8743821234470677,1.3646387807287732
E1,h5_k0p5,baseline_3f,21,5.0,0.5,cusum_fgo,follower,3,30001,7.454932426019677,0.6723738883852943,1.3452557532653469,1.1313713203989515
E1,h5_k0p5,baseline_3f,21,5.0,0.5,cusum_fgo,pooled,0,90003,7.454932426019677,1.1972839298702296,2.368964084194382,1.4919061810785486
E1,h5_k0p5,baseline_3f,21,5.0,0.5,cusum_fgo,macro,0,90003,6.172809834730852,1.1972839298702296,1.9301643997267177,1.45873315933578
E1,h5_k0p5,baseline_3f,22,5.0,0.5,cusum_fgo,follower,1,30001,3.361288371095298,0.9138053673685511,1.7917838832934665,1.0273362679428286
E1,h5_k0p5,baseline_3f,22,5.0,0.5,cusum_fgo,follower,2,30001,5.610364613196064,1.1693509905760546,2.2106189663419875,1.3086956703944077
E1,h5_k0p5,baseline_3f,22,5.0,0.5,cusum_fgo,follower,3,30001,5.925529028578288,1.204114114510115,1.7170991177442394,1.314984816006457
E1,h5_k0p5,baseline_3f,22,5.0,0.5,cusum_fgo,pooled,0,90003,5.925529028578288,1.0957568241515736,2.0396900399888818,1.224375926947725
E1,h5_k0p5,baseline_3f,22,5.0,0.5,cusum_fgo,macro,0,90003,4.965727337623217,1.0957568241515736,1.906500655793231,1.217005584781231
E1,h5_k0p5,baseline_3f,23,5.0,0.5,cusum_fgo,follower,1,30001,2.746239123932566,0.8626263327985291,1.5707040182450376,0.9541104163962344
E1,h5_k0p5,baseline_3f,23,5.0,0.5,cusum_fgo,follower,2,30001,2.149575319330726,1.1126415974546413,1.6103930767645356,1.1516489330623794
E1,h5_k0p5,baseline_3f,23,5.0,0.5,cusum_fgo,follower,3,30001,1.689447483290467,0.5595169039647685,0.9295142426313356,0.6026219240936057
E1,h5_k0p5,baseline_3f,23,5.0,0.5,cusum_fgo,pooled,0,90003,2.746239123932566,0.8449282780726464,1.5044718650122304,0.9309090781055174
E1,h5_k0p5,baseline_3f,23,5.0,0.5,cusum_fgo,macro,0,90003,2.195087308851253,0.8449282780726463,1.3702037792136361,0.9027937578507399
E1,h5_k0p5,baseline_3f,24,5.0,0.5,cusum_fgo,follower,1,30001,2.83798315903175,0.8322910891800211,1.54961894709786,0.9293103721602273
E1,h5_k0p5,baseline_3f,24,5.0,0.5,cusum_fgo,follower,2,30001,3.1422974909504955,0.6804923391184432,1.1991511759433386,0.74214602171982
E1,h5_k0p5,baseline_3f,24,5.0,0.5,cusum_fgo,follower,3,30001,2.2427429232861655,0.8471905270929494,1.3652566291369232,0.8933942510781324
E1,h5_k0p5,baseline_3f,24,5.0,0.5,cusum_fgo,pooled,0,90003,3.1422974909504955,0.7866579851304712,1.3824114317541731,0.8587882496515256
E1,h5_k0p5,baseline_3f,24,5.0,0.5,cusum_fgo,macro,0,90003,2.7410078577561365,0.7866579851304714,1.3713422507260409,0.8549502149860598
E1,h5_k0p5,baseline_3f,25,5.0,0.5,cusum_fgo,follower,1,30001,3.052159672078776,0.7435219485824665,1.4836732380456459,0.8652981468481148
E1,h5_k0p5,baseline_3f,25,5.0,0.5,cusum_fgo,follower,2,30001,2.0450590810956957,0.7033438962780889,1.2070589454970864,0.7645911648093007
E1,h5_k0p5,baseline_3f,25,5.0,0.5,cusum_fgo,follower,3,30001,1.9588899566212115,0.5491840765489737,1.0368726014082734,0.6129131695589682
E1,h5_k0p5,baseline_3f,25,5.0,0.5,cusum_fgo,pooled,0,90003,3.052159672078776,0.6653499738031763,1.2790169040619679,0.7547633372261016
E1,h5_k0p5,baseline_3f,25,5.0,0.5,cusum_fgo,macro,0,90003,2.352036236598561,0.6653499738031764,1.242534928317002,0.7476008270721278
E1,h5_k0p5,baseline_3f,26,5.0,0.5,cusum_fgo,follower,1,30001,4.645793396207346,0.9415826966675802,1.7065685131983184,1.0821681494474191
E1,h5_k0p5,baseline_3f,26,5.0,0.5,cusum_fgo,follower,2,30001,2.1235186630266885,0.825108054422164,1.4429134946563218,0.8898823450756139
E1,h5_k0p5,baseline_3f,26,5.0,0.5,cusum_fgo,follower,3,30001,2.3462709971243187,0.8101695649991991,1.4103844516144297,0.864665713208149
E1,h5_k0p5,baseline_3f,26,5.0,0.5,cusum_fgo,pooled,0,90003,4.645793396207346,0.8589534386963145,1.4913032925683334,0.9505481378926377
E1,h5_k0p5,baseline_3f,26,5.0,0.5,cusum_fgo,macro,0,90003,3.0385276854527845,0.8589534386963145,1.51995548648969,0.9455720692437274
E1,h5_k0p5,baseline_3f,27,5.0,0.5,cusum_fgo,follower,1,30001,6.109954407718939,1.807479536281041,3.0272158079566327,2.0012702987755624
E1,h5_k0p5,baseline_3f,27,5.0,0.5,cusum_fgo,follower,2,30001,4.022612588848567,1.051108092550407,2.3442001422550978,1.1977505511534317
E1,h5_k0p5,baseline_3f,27,5.0,0.5,cusum_fgo,follower,3,30001,2.3944396859813346,0.7793767817586902,1.2883778289551342,0.8414064168023764
E1,h5_k0p5,baseline_3f,27,5.0,0.5,cusum_fgo,pooled,0,90003,6.109954407718939,1.212654803530046,2.6154963033085648,1.4315089881876155
E1,h5_k0p5,baseline_3f,27,5.0,0.5,cusum_fgo,macro,0,90003,4.175668894182946,1.2126548035300462,2.2199312597222884,1.346809088910457
E1,h5_k0p5,baseline_3f,28,5.0,0.5,cusum_fgo,follower,1,30001,4.327332736933135,1.147328252087954,1.9965987441506656,1.2908035513540457
E1,h5_k0p5,baseline_3f,28,5.0,0.5,cusum_fgo,follower,2,30001,3.3892290277181045,1.295829219877047,1.7985597647876248,1.3501443786298497
E1,h5_k0p5,baseline_3f,28,5.0,0.5,cusum_fgo,follower,3,30001,2.520546428131767,0.8741585401054919,1.3914237956012097,0.943254223399105
E1,h5_k0p5,baseline_3f,28,5.0,0.5,cusum_fgo,pooled,0,90003,4.327332736933135,1.1057720040234977,1.8105427334652138,1.2081379862270492
E1,h5_k0p5,baseline_3f,28,5.0,0.5,cusum_fgo,macro,0,90003,3.4123693975943357,1.1057720040234975,1.7288607681798334,1.1947340511276667
E1,h5_k0p5,baseline_3f,29,5.0,0.5,cusum_fgo,follower,1,30001,4.160647408647515,1.5266682074181783,2.208807766895152,1.6134935500717147
E1,h5_k0p5,baseline_3f,29,5.0,0.5,cusum_fgo,follower,2,30001,2.4580133424385964,0.6275511080912256,1.2965166487424522,0.7203641116743599
E1,h5_k0p5,baseline_3f,29,5.0,0.5,cusum_fgo,follower,3,30001,2.035315841433101,0.7940219712075057,1.369324795220956,0.8569463844479612
E1,h5_k0p5,baseline_3f,29,5.0,0.5,cusum_fgo,pooled,0,90003,4.160647408647515,0.9827470955723032,1.9119703090901121,1.1338199438667276
E1,h5_k0p5,baseline_3f,29,5.0,0.5,cusum_fgo,macro,0,90003,2.884658864173071,0.9827470955723032,1.624883070286187,1.0636013487313452
E1,h5_k0p5,baseline_3f,30,5.0,0.5,cusum_fgo,follower,1,30001,3.172481718718923,1.1941404301464107,1.9671622807829587,1.2656362997976127
E1,h5_k0p5,baseline_3f,30,5.0,0.5,cusum_fgo,follower,2,30001,2.3174632250133036,1.0148479170338267,1.6364764320718757,1.0717919409433891
E1,h5_k0p5,baseline_3f,30,5.0,0.5,cusum_fgo,follower,3,30001,3.3823961824017044,0.6436435560118042,1.2564764349097224,0.7562349112073047
E1,h5_k0p5,baseline_3f,30,5.0,0.5,cusum_fgo,pooled,0,90003,3.3823961824017044,0.9508773010640139,1.7303395992500012,1.052372628708626
E1,h5_k0p5,baseline_3f,30,5.0,0.5,cusum_fgo,macro,0,90003,2.9574470420446435,0.9508773010640138,1.6200383825881854,1.0312210506494355
E1,h5_k0p5,baseline_3f,31,5.0,0.5,cusum_fgo,follower,1,30001,5.8705186806860175,1.9078782332684132,3.0636962547858455,2.091973649460592
E1,h5_k0p5,baseline_3f,31,5.0,0.5,cusum_fgo,follower,2,30001,2.5030157173500474,1.416056185157259,1.9917277065292767,1.4686802862919324
E1,h5_k0p5,baseline_3f,31,5.0,0.5,cusum_fgo,follower,3,30001,2.282346512213143,0.9034413511527667,1.5741520110278897,0.9897222026859344
E1,h5_k0p5,baseline_3f,31,5.0,0.5,cusum_fgo,pooled,0,90003,5.8705186806860175,1.4091252565261463,2.694746042813438,1.582500718469507
E1,h5_k0p5,baseline_3f,31,5.0,0.5,cusum_fgo,macro,0,90003,3.5519603034164025,1.4091252565261463,2.2098586574476706,1.516792046146153
E1,h5_k0p5,baseline_3f,32,5.0,0.5,cusum_fgo,follower,1,30001,3.0897514930327756,0.8602394592981031,1.7046502499670573,0.9602328443897624
E1,h5_k0p5,baseline_3f,32,5.0,0.5,cusum_fgo,follower,2,30001,4.132183356028114,1.108308598185177,2.062095632110597,1.2427195515748262
E1,h5_k0p5,baseline_3f,32,5.0,0.5,cusum_fgo,follower,3,30001,2.776301867801442,0.9993922832357234,1.5601327473822564,1.06371520810616
E1,h5_k0p5,baseline_3f,32,5.0,0.5,cusum_fgo,pooled,0,90003,4.132183356028114,0.9893134469063345,1.8597866815947928,1.0951238960756178
E1,h5_k0p5,baseline_3f,32,5.0,0.5,cusum_fgo,macro,0,90003,3.3327455722874437,0.9893134469063346,1.7756262098199702,1.0888892013569162
E1,h5_k0p5,baseline_3f,33,5.0,0.5,cusum_fgo,follower,1,30001,3.845942087512065,2.0031634907502704,3.05329614454727,2.138766035408106
E1,h5_k0p5,baseline_3f,33,5.0,0.5,cusum_fgo,follower,2,30001,3.0763367922561633,1.1334866129957726,1.6213276032577784,1.1983998557007451
E1,h5_k0p5,baseline_3f,33,5.0,0.5,cusum_fgo,follower,3,30001,2.1380124696271543,0.7156335577314649,1.3823212105956053,0.7969746632140665
E1,h5_k0p5,baseline_3f,33,5.0,0.5,cusum_fgo,pooled,0,90003,3.845942087512065,1.2840945538258361,2.7332060936244784,1.488360505406766
E1,h5_k0p5,baseline_3f,33,5.0,0.5,cusum_fgo,macro,0,90003,3.0200971164651276,1.2840945538258361,2.018981652800218,1.3780468514409725
E1,h5_k0p5,baseline_3f,34,5.0,0.5,cusum_fgo,follower,1,30001,5.002687253563408,1.4476727721547336,3.346642805191619,1.6515411581888413
E1,h5_k0p5,baseline_3f,34,5.0,0.5,cusum_fgo,follower,2,30001,3.597440605369182,0.9139624987676106,1.869614135575102,1.0318254003278096
E1,h5_k0p5,baseline_3f,34,5.0,0.5,cusum_fgo,follower,3,30001,1.8298617895563365,1.1014760606140845,1.4792204875375052,1.130407332333413
E1,h5_k0p5,baseline_3f,34,5.0,0.5,cusum_fgo,pooled,0,90003,5.002687253563408,1.1543704438454763,2.1850264103612997,1.300009306498294
E1,h5_k0p5,baseline_3f,34,5.0,0.5,cusum_fgo,macro,0,90003,3.476663216162976,1.1543704438454763,2.231825809434742,1.271257963616688
E1,h5_k0p5,baseline_3f,35,5.0,0.5,cusum_fgo,follower,1,30001,1.9208970012073674,0.6407176598340719,1.2675732144649596,0.7199588463357549
E1,h5_k0p5,baseline_3f,35,5.0,0.5,cusum_fgo,follower,2,30001,2.652094995641277,0.9994776129591949,1.7472565351626725,1.093009181955192
E1,h5_k0p5,baseline_3f,35,5.0,0.5,cusum_fgo,follower,3,30001,2.172355706782013,0.7618123938427509,1.5269656620648615,0.848721932923571
E1,h5_k0p5,baseline_3f,35,5.0,0.5,cusum_fgo,pooled,0,90003,2.652094995641277,0.8006692222120059,1.5744756750960283,0.9006180714155866
E1,h5_k0p5,baseline_3f,35,5.0,0.5,cusum_fgo,macro,0,90003,2.2484492345435525,0.8006692222120059,1.513931803897498,0.8872299870715059
E1,h5_k0p5,baseline_3f,36,5.0,0.5,cusum_fgo,follower,1,30001,4.664537440818641,1.8368150515591883,2.618369033060938,1.9379702485232373
E1,h5_k0p5,baseline_3f,36,5.0,0.5,cusum_fgo,follower,2,30001,3.646142064661203,1.530039446140723,2.3556420634669366,1.6294448361100768
E1,h5_k0p5,baseline_3f,36,5.0,0.5,cusum_fgo,follower,3,30001,2.914534287322276,0.7306121171792412,1.4597637097267104,0.8332933694516071
E1,h5_k0p5,baseline_3f,36,5.0,0.5,cusum_fgo,pooled,0,90003,4.664537440818641,1.3658222049597175,2.4347651794276386,1.5389603631087045
E1,h5_k0p5,baseline_3f,36,5.0,0.5,cusum_fgo,macro,0,90003,3.7417379309340397,1.3658222049597175,2.1445916020848617,1.4669028180283072
E1,h5_k0p5,baseline_3f,37,5.0,0.5,cusum_fgo,follower,1,30001,2.379021855328081,0.9920816422518772,1.7068752420393785,1.0854063814496449
E1,h5_k0p5,baseline_3f,37,5.0,0.5,cusum_fgo,follower,2,30001,3.329413138187878,1.1931795850543052,1.871050664578763,1.2680581149740617
E1,h5_k0p5,baseline_3f,37,5.0,0.5,cusum_fgo,follower,3,30001,3.0785425368691186,0.9623511166069425,1.857387476754723,1.0632644114887624
E1,h5_k0p5,baseline_3f,37,5.0,0.5,cusum_fgo,pooled,0,90003,3.329413138187878,1.0492041146377082,1.8112626857789536,1.14260077667599
E1,h5_k0p5,baseline_3f,37,5.0,0.5,cusum_fgo,macro,0,90003,2.9289925101283596,1.0492041146377085,1.811771127790955,1.1389096359708228
E1,h5_k0p5,baseline_3f,38,5.0,0.5,cusum_fgo,follower,1,30001,2.667481226856405,0.9974173974177861,1.502948779877648,1.049255103549584
E1,h5_k0p5,baseline_3f,38,5.0,0.5,cusum_fgo,follower,2,30001,2.3204531503147,0.7138791001618353,1.3861685936484107,0.7945125278705836
E1,h5_k0p5,baseline_3f,38,5.0,0.5,cusum_fgo,follower,3,30001,1.8273368710139737,0.8688401727141524,1.4049641691422183,0.9150508118205661
E1,h5_k0p5,baseline_3f,38,5.0,0.5,cusum_fgo,pooled,0,90003,2.667481226856405,0.8600455567645912,1.4377094149521816,0.9254736476496113
E1,h5_k0p5,baseline_3f,38,5.0,0.5,cusum_fgo,macro,0,90003,2.2717570827283597,0.8600455567645913,1.431360514222759,0.9196061477469112
E1,h5_k0p5,baseline_3f,39,5.0,0.5,cusum_fgo,follower,1,30001,4.0083423810713885,1.1479669441813742,1.8776632290023934,1.2508518063689786
E1,h5_k0p5,baseline_3f,39,5.0,0.5,cusum_fgo,follower,2,30001,2.5801231828804547,0.9105330884699655,1.4361551040551448,0.9590245294159979
E1,h5_k0p5,baseline_3f,39,5.0,0.5,cusum_fgo,follower,3,30001,2.052185242580702,0.7401017347506037,1.2103582787724991,0.7915927971292266
E1,h5_k0p5,baseline_3f,39,5.0,0.5,cusum_fgo,pooled,0,90003,4.0083423810713885,0.9328672558006478,1.6328027152914308,1.01832827810829
E1,h5_k0p5,baseline_3f,39,5.0,0.5,cusum_fgo,macro,0,90003,2.8802169355108482,0.9328672558006478,1.5080588706100126,1.000489710971401
E1,h5_k0p5,baseline_3f,40,5.0,0.5,cusum_fgo,follower,1,30001,3.5955499369094213,0.7828113261557129,1.5197289768698763,0.8818082875878881
E1,h5_k0p5,baseline_3f,40,5.0,0.5,cusum_fgo,follower,2,30001,5.855122994001933,1.5187877819675075,3.4531172308782057,1.7631092946257132
E1,h5_k0p5,baseline_3f,40,5.0,0.5,cusum_fgo,follower,3,30001,2.1898621813855272,0.5396263019352375,1.0172875243038229,0.6063341014662357
E1,h5_k0p5,baseline_3f,40,5.0,0.5,cusum_fgo,pooled,0,90003,5.855122994001933,0.9470751366861526,2.193580992193053,1.190767439294946
E1,h5_k0p5,baseline_3f,40,5.0,0.5,cusum_fgo,macro,0,90003,3.880178370765627,0.9470751366861526,1.9967112440173018,1.0837505612266123
E1,h5_k0p5,baseline_3f,41,5.0,0.5,cusum_fgo,follower,1,30001,3.423718049921529,1.4056967386793457,2.2331484985643004,1.4925473686608315
E1,h5_k0p5,baseline_3f,41,5.0,0.5,cusum_fgo,follower,2,30001,2.5786665202440706,0.7048774358796707,1.5068549140711187,0.8057598552594635
E1,h5_k0p5,baseline_3f,41,5.0,0.5,cusum_fgo,follower,3,30001,2.4127192721525708,0.8386069839955627,1.5357685556536336,0.9130740956214276
E1,h5_k0p5,baseline_3f,41,5.0,0.5,cusum_fgo,pooled,0,90003,3.423718049921529,0.9830603861848597,1.958599258209808,1.1121527017664155
E1,h5_k0p5,baseline_3f,41,5.0,0.5,cusum_fgo,macro,0,90003,2.805034614106057,0.9830603861848597,1.7585906560963507,1.0704604398472408
E1,h5_k0p5,baseline_3f,42,5.0,0.5,cusum_fgo,follower,1,30001,4.375917733555842,1.0645527639422887,1.7131436410613776,1.159675358601331
E1,h5_k0p5,baseline_3f,42,5.0,0.5,cusum_fgo,follower,2,30001,3.1487760729130483,0.8103083348282013,1.5827962732211325,0.8951539537058109
E1,h5_k0p5,baseline_3f,42,5.0,0.5,cusum_fgo,follower,3,30001,2.0343824575201834,0.7036930668688632,1.5066986847804527,0.7954163155057358
E1,h5_k0p5,baseline_3f,42,5.0,0.5,cusum_fgo,pooled,0,90003,4.375917733555842,0.8595180552131176,1.600275566938313,0.9624334874256665
E1,h5_k0p5,baseline_3f,42,5.0,0.5,cusum_fgo,macro,0,90003,3.1863587546630243,0.8595180552131177,1.6008795330209875,0.9500818759376258
E1,h5_k0p5,baseline_3f,43,5.0,0.5,cusum_fgo,follower,1,30001,3.948061784194019,0.8821217477335963,1.3978976162543693,0.9793144276740163
E1,h5_k0p5,baseline_3f,43,5.0,0.5,cusum_fgo,follower,2,30001,2.5391438340924615,1.1387932669473035,1.656022782835785,1.1915557301425188
E1,h5_k0p5,baseline_3f,43,5.0,0.5,cusum_fgo,follower,3,30001,1.9309148321082568,0.5183199831578669,0.9699373095641397,0.5709080729980904
E1,h5_k0p5,baseline_3f,43,5.0,0.5,cusum_fgo,pooled,0,90003,3.948061784194019,0.8464116659462557,1.5211776431149606,0.94952581746546
E1,h5_k0p5,baseline_3f,43,5.0,0.5,cusum_fgo,macro,0,90003,2.8060401501315795,0.8464116659462556,1.3412859028847646,0.9139260769382086
E1,h5_k0p5,baseline_3f,44,5.0,0.5,cusum_fgo,follower,1,30001,3.0514347278610656,1.1209114921788403,1.74397457023773,1.1845028959849901
E1,h5_k0p5,baseline_3f,44,5.0,0.5,cusum_fgo,follower,2,30001,2.5636826099888665,1.033783392833937,1.5710555506874564,1.098793940911371
E1,h5_k0p5,baseline_3f,44,5.0,0.5,cusum_fgo,follower,3,30001,2.7479101908104355,0.9385895737019577,1.3891608978148287,0.9832900652731146
E1,h5_k0p5,baseline_3f,44,5.0,0.5,cusum_fgo,pooled,0,90003,3.0514347278610656,1.0310948195715786,1.587185100847866,1.0919790272169723
E1,h5_k0p5,baseline_3f,44,5.0,0.5,cusum_fgo,macro,0,90003,2.7876758428867894,1.0310948195715783,1.5680636729133386,1.0888623007231586
E1,h5_k0p5,baseline_3f,45,5.0,0.5,cusum_fgo,follower,1,30001,4.520621698842011,1.7591220791247641,2.650049509927181,1.890953953795342
E1,h5_k0p5,baseline_3f,45,5.0,0.5,cusum_fgo,follower,2,30001,2.623260125762661,0.8124122006018968,1.417759590604855,0.8921179958344341
E1,h5_k0p5,baseline_3f,45,5.0,0.5,cusum_fgo,follower,3,30001,2.7006661970949972,1.2099773839373842,1.624228261714303,1.2482805506484689
E1,h5_k0p5,baseline_3f,45,5.0,0.5,cusum_fgo,pooled,0,90003,4.520621698842011,1.260503887888015,2.3475550251214075,1.4059143770743565
E1,h5_k0p5,baseline_3f,45,5.0,0.5,cusum_fgo,macro,0,90003,3.2815160072332232,1.2605038878880153,1.8973457874154465,1.3437841667594153
E1,h5_k0p5,baseline_3f,46,5.0,0.5,cusum_fgo,follower,1,30001,4.500998173720348,1.1538480595380625,1.7696981643005543,1.2645074551494868
E1,h5_k0p5,baseline_3f,46,5.0,0.5,cusum_fgo,follower,2,30001,2.569126219875873,1.1995982806740002,1.7283758530925868,1.247592291340734
E1,h5_k0p5,baseline_3f,46,5.0,0.5,cusum_fgo,follower,3,30001,2.756409585960181,0.8902626941611991,1.420756495876881,0.949436210657278
E1,h5_k0p5,baseline_3f,46,5.0,0.5,cusum_fgo,pooled,0,90003,4.500998173720348,1.081236344791087,1.6795487850957789,1.1628835922895444
E1,h5_k0p5,baseline_3f,46,5.0,0.5,cusum_fgo,macro,0,90003,3.2755113265188007,1.0812363447910873,1.6396101710900073,1.1538453190491662
E1,h5_k0p5,baseline_3f,47,5.0,0.5,cusum_fgo,follower,1,30001,2.746613471342317,0.8991951672786014,1.5902231474573272,0.9703785368201886
E1,h5_k0p5,baseline_3f,47,5.0,0.5,cusum_fgo,follower,2,30001,2.5773558058554698,0.8362212798862574,1.3926396518324913,0.8973012167992374
E1,h5_k0p5,baseline_3f,47,5.0,0.5,cusum_fgo,follower,3,30001,2.093804792566251,0.748043667939506,1.2568107550082304,0.8076681789911732
E1,h5_k0p5,baseline_3f,47,5.0,0.5,cusum_fgo,pooled,0,90003,2.746613471342317,0.8278200383681216,1.4153938897336191,0.8942616816394031
E1,h5_k0p5,baseline_3f,47,5.0,0.5,cusum_fgo,macro,0,90003,2.4725913565880124,0.8278200383681216,1.4132245180993497,0.8917826442035329
E1,h5_k0p5,baseline_3f,48,5.0,0.5,cusum_fgo,follower,1,30001,4.541665106179611,0.8977632008201653,1.8967746097001545,1.1154968442991042
E1,h5_k0p5,baseline_3f,48,5.0,0.5,cusum_fgo,follower,2,30001,2.7194161700172854,0.7061557563899368,1.282894343678062,0.781487464061618
E1,h5_k0p5,baseline_3f,48,5.0,0.5,cusum_fgo,follower,3,30001,1.7207667208778352,0.4366547836204298,0.8427063061828729,0.48907109262421816
E1,h5_k0p5,baseline_3f,48,5.0,0.5,cusum_fgo,pooled,0,90003,4.541665106179611,0.6801912469435105,1.3940908264208152,0.8355130958014891
E1,h5_k0p5,baseline_3f,48,5.0,0.5,cusum_fgo,macro,0,90003,2.9939493323582442,0.6801912469435106,1.3407917531870297,0.7953518003283134
E1,h5_k0p5,baseline_3f,49,5.0,0.5,cusum_fgo,follower,1,30001,3.477338223826204,1.2497975439845486,1.847783450313386,1.3384976924044047
E1,h5_k0p5,baseline_3f,49,5.0,0.5,cusum_fgo,follower,2,30001,3.0703876302951367,0.9314511023196801,1.4803763803532988,0.9885203407189407
E1,h5_k0p5,baseline_3f,49,5.0,0.5,cusum_fgo,follower,3,30001,2.9352776145542094,1.1391921553097024,1.7423208055617665,1.2068900941693284
E1,h5_k0p5,baseline_3f,49,5.0,0.5,cusum_fgo,pooled,0,90003,3.477338223826204,1.106813600537977,1.752231768822935,1.186778866791824
E1,h5_k0p5,baseline_3f,49,5.0,0.5,cusum_fgo,macro,0,90003,3.161001156225183,1.1068136005379772,1.6901602120761503,1.1779693757642247
E1,h5_k0p5,baseline_3f,50,5.0,0.5,cusum_fgo,follower,1,30001,2.5501745960268334,1.1045420176481535,1.7485336089803474,1.1594009114681694
E1,h5_k0p5,baseline_3f,50,5.0,0.5,cusum_fgo,follower,2,30001,2.5888113942686855,1.0559969219219516,1.6769010556611479,1.1238503518945941
E1,h5_k0p5,baseline_3f,50,5.0,0.5,cusum_fgo,follower,3,30001,2.231946911840602,0.9056735632210106,1.4169858205867347,0.9540480973918437
E1,h5_k0p5,baseline_3f,50,5.0,0.5,cusum_fgo,pooled,0,90003,2.5888113942686855,1.0220708342637053,1.6700855859913133,1.0828139050800036
E1,h5_k0p5,baseline_3f,50,5.0,0.5,cusum_fgo,macro,0,90003,2.4569776340453733,1.0220708342637053,1.6141401617427433,1.0790997869182024
E1,h5_k0p5,healthy_maneuver,1,5.0,0.5,cusum_fgo,follower,1,30001,2.266116464551638,0.912004844225307,1.4457096687535855,0.9690287351804797
E1,h5_k0p5,healthy_maneuver,1,5.0,0.5,cusum_fgo,follower,2,30001,1.7515371487652682,0.7871912103571236,1.212499249396044,0.8335916080781197
E1,h5_k0p5,healthy_maneuver,1,5.0,0.5,cusum_fgo,follower,3,30001,1.620915959071593,0.8210394715712704,1.265098114454421,0.8668005928614919
E1,h5_k0p5,healthy_maneuver,1,5.0,0.5,cusum_fgo,pooled,0,90003,2.266116464551638,0.8400785087179004,1.3246538221329103,0.8916716373285963
E1,h5_k0p5,healthy_maneuver,1,5.0,0.5,cusum_fgo,macro,0,90003,1.8795231907961663,0.8400785087179004,1.307769010868017,0.8898069787066971
E1,h5_k0p5,healthy_maneuver,2,5.0,0.5,cusum_fgo,follower,1,30001,2.2355993776055323,0.7963567186811027,1.3847718165239675,0.8557047296106273
E1,h5_k0p5,healthy_maneuver,2,5.0,0.5,cusum_fgo,follower,2,30001,2.576188536217219,1.4104013055238376,2.0129855371962098,1.4702406332767644
E1,h5_k0p5,healthy_maneuver,2,5.0,0.5,cusum_fgo,follower,3,30001,2.3324430124165225,1.0131494713755358,1.6655243896105558,1.0806726418585657
E1,h5_k0p5,healthy_maneuver,2,5.0,0.5,cusum_fgo,pooled,0,90003,2.576188536217219,1.0733024985268251,1.858653431394596,1.1635708634597821
E1,h5_k0p5,healthy_maneuver,2,5.0,0.5,cusum_fgo,macro,0,90003,2.3814103087464247,1.0733024985268254,1.6877605811102443,1.135539334915319
E1,h5_k0p5,healthy_maneuver,3,5.0,0.5,cusum_fgo,follower,1,30001,1.9108397541720474,0.6198822262972676,1.1665766870006966,0.688548445000653
E1,h5_k0p5,healthy_maneuver,3,5.0,0.5,cusum_fgo,follower,2,30001,1.7512515565911742,0.7773090908733752,1.2396161854406884,0.8267250488583614
E1,h5_k0p5,healthy_maneuver,3,5.0,0.5,cusum_fgo,follower,3,30001,1.4149717242265074,0.42361491584889216,0.7440959084872778,0.460624788331064
E1,h5_k0p5,healthy_maneuver,3,5.0,0.5,cusum_fgo,pooled,0,90003,1.9108397541720474,0.6069354110065117,1.1545536585813287,0.6757091245863402
E1,h5_k0p5,healthy_maneuver,3,5.0,0.5,cusum_fgo,macro,0,90003,1.6923543449965763,0.6069354110065117,1.0500962603095543,0.6586327607300261
E1,h5_k0p5,healthy_maneuver,4,5.0,0.5,cusum_fgo,follower,1,30001,2.660201834508401,1.3495280451002543,1.8665183971784067,1.3899656950303687
E1,h5_k0p5,healthy_maneuver,4,5.0,0.5,cusum_fgo,follower,2,30001,2.105090364308651,0.9735497660679477,1.424241613151256,1.011225787406637
E1,h5_k0p5,healthy_maneuver,4,5.0,0.5,cusum_fgo,follower,3,30001,1.952241654162336,0.871635733996835,1.4667497191346937,0.9380538778441028
E1,h5_k0p5,healthy_maneuver,4,5.0,0.5,cusum_fgo,pooled,0,90003,2.660201834508401,1.0649045150550125,1.6951654173950417,1.1305643582175804
E1,h5_k0p5,healthy_maneuver,4,5.0,0.5,cusum_fgo,macro,0,90003,2.2391779509931293,1.0649045150550123,1.5858365764881188,1.1130817867603695
E1,h5_k0p5,healthy_maneuver,5,5.0,0.5,cusum_fgo,follower,1,30001,2.60008458374243,1.5438124947872878,2.2360077750888943,1.6332751455872507
E1,h5_k0p5,healthy_maneuver,5,5.0,0.5,cusum_fgo,follower,2,30001,1.6192594696140226,0.4615410278936897,0.8239968428067035,0.5031958388887292
E1,h5_k0p5,healthy_maneuver,5,5.0,0.5,cusum_fgo,follower,3,30001,1.4864866918391197,0.8258734596830414,1.1379485061086356,0.8457311203887484
E1,h5_k0p5,healthy_maneuver,5,5.0,0.5,cusum_fgo,pooled,0,90003,2.60008458374243,0.9437423274546729,2.0795556363164707,1.1009170240398072
E1,h5_k0p5,healthy_maneuver,5,5.0,0.5,cusum_fgo,macro,0,90003,1.9019435817318573,0.943742327454673,1.3993177080014112,0.9940673682882428
E1,h5_k0p5,healthy_maneuver,6,5.0,0.5,cusum_fgo,follower,1,30001,2.594869871939043,1.054256884353378,1.8647643811228645,1.148781457334973
E1,h5_k0p5,healthy_maneuver,6,5.0,0.5,cusum_fgo,follower,2,30001,2.6960597936275303,1.5092162079283904,2.142019157093899,1.5863611008584806
E1,h5_k0p5,healthy_maneuver,6,5.0,0.5,cusum_fgo,follower,3,30001,2.107562262289834,0.7715104286389379,1.249725154357376,0.8134730156700037
E1,h5_k0p5,healthy_maneuver,6,5.0,0.5,cusum_fgo,pooled,0,90003,2.6960597936275303,1.1116611736402353,1.9871955145634985,1.2244697799805493
E1,h5_k0p5,healthy_maneuver,6,5.0,0.5,cusum_fgo,macro,0,90003,2.4661639759521354,1.1116611736402353,1.7521695641913801,1.182871857954486
E1,h5_k0p5,healthy_maneuver,7,5.0,0.5,cusum_fgo,follower,1,30001,1.9914564517048179,0.7645519189408106,1.329461540689393,0.8268286134841296
E1,h5_k0p5,healthy_maneuver,7,5.0,0.5,cusum_fgo,follower,2,30001,2.590950856705331,1.2566603324442076,1.8596652222764718,1.3202779504766964
E1,h5_k0p5,healthy_maneuver,7,5.0,0.5,cusum_fgo,follower,3,30001,1.318383669153354,0.5034602623254659,0.9743312559586528,0.5573870254423609
E1,h5_k0p5,healthy_maneuver,7,5.0,0.5,cusum_fgo,pooled,0,90003,2.590950856705331,0.8415575045701614,1.668523407112639,0.9552416306398637
E1,h5_k0p5,healthy_maneuver,7,5.0,0.5,cusum_fgo,macro,0,90003,1.966930325854501,0.8415575045701614,1.3878193396415057,0.9014978631343956
E1,h5_k0p5,healthy_maneuver,8,5.0,0.5,cusum_fgo,follower,1,30001,2.537888930792906,1.0614516661055167,1.7417299583600963,1.131315881177316
E1,h5_k0p5,healthy_maneuver,8,5.0,0.5,cusum_fgo,follower,2,30001,2.0624353560576645,0.5493906337886888,1.0385501344061163,0.6082833997284844
E1,h5_k0p5,healthy_maneuver,8,5.0,0.5,cusum_fgo,follower,3,30001,1.7053174958724417,0.8115695604350428,1.2392824503660311,0.8510545567452205
E1,h5_k0p5,healthy_maneuver,8,5.0,0.5,cusum_fgo,pooled,0,90003,2.537888930792906,0.8074706201097495,1.5148167272971795,0.8896025659334349
E1,h5_k0p5,healthy_maneuver,8,5.0,0.5,cusum_fgo,macro,0,90003,2.101880594241004,0.8074706201097493,1.3398541810440812,0.863551279217007
E1,h5_k0p5,healthy_maneuver,9,5.0,0.5,cusum_fgo,follower,1,30001,2.1088048543249087,0.8013474618331917,1.3227929961628184,0.8600434220275974
E1,h5_k0p5,healthy_maneuver,9,5.0,0.5,cusum_fgo,follower,2,30001,1.9512690012223948,0.6974633211197866,1.3789438463800134,0.778090365090397
E1,h5_k0p5,healthy_maneuver,9,5.0,0.5,cusum_fgo,follower,3,30001,1.7577897293898928,0.7286806842592327,1.2765256390245456,0.7829797376898839
E1,h5_k0p5,healthy_maneuver,9,5.0,0.5,cusum_fgo,pooled,0,90003,2.1088048543249087,0.7424971557374037,1.323945124120092,0.807910179341814
E1,h5_k0p5,healthy_maneuver,9,5.0,0.5,cusum_fgo,macro,0,90003,1.939287861645732,0.7424971557374036,1.3260874938557925,0.807037841602626
E1,h5_k0p5,healthy_maneuver,10,5.0,0.5,cusum_fgo,follower,1,30001,1.9219778180476146,0.6095548104970862,1.061541339638323,0.6568839635910645
E1,h5_k0p5,healthy_maneuver,10,5.0,0.5,cusum_fgo,follower,2,30001,1.935256613939816,0.9836393019892732,1.6143785559193442,1.0486140879785835
E1,h5_k0p5,healthy_maneuver,10,5.0,0.5,cusum_fgo,follower,3,30001,1.1208860828293268,0.38007115525897905,0.711748217662756,0.42304805632190445
E1,h5_k0p5,healthy_maneuver,10,5.0,0.5,cusum_fgo,pooled,0,90003,1.935256613939816,0.6577550892484461,1.4315784943387182,0.7549961821289792
E1,h5_k0p5,healthy_maneuver,10,5.0,0.5,cusum_fgo,macro,0,90003,1.6593735049389193,0.6577550892484462,1.1292227044068077,0.7095153692971842
E1,h5_k0p5,healthy_maneuver,11,5.0,0.5,cusum_fgo,follower,1,30001,2.223835289144577,0.9206633791937924,1.4770424278906444,0.9730062252337327
E1,h5_k0p5,healthy_maneuver,11,5.0,0.5,cusum_fgo,follower,2,30001,2.5131038621099075,1.129254020657719,1.7158402851259162,1.1783012785059788
E1,h5_k0p5,healthy_maneuver,11,5.0,0.5,cusum_fgo,follower,3,30001,1.5772027162092797,0.5915090680280041,1.1168862086609797,0.6459264237734537
E1,h5_k0p5,healthy_maneuver,11,5.0,0.5,cusum_fgo,pooled,0,90003,2.5131038621099075,0.8804754892931719,1.562949889328341,0.957837140332528
E1,h5_k0p5,healthy_maneuver,11,5.0,0.5,cusum_fgo,macro,0,90003,2.104713955821255,0.8804754892931719,1.4365896405591798,0.9324113091710551
E1,h5_k0p5,healthy_maneuver,12,5.0,0.5,cusum_fgo,follower,1,30001,2.181068477627953,0.9041104161348611,1.4965123659545025,0.9688009525408102
E1,h5_k0p5,healthy_maneuver,12,5.0,0.5,cusum_fgo,follower,2,30001,1.715441352920476,0.6232237646625387,1.0510121343912293,0.6684403405971943
E1,h5_k0p5,healthy_maneuver,12,5.0,0.5,cusum_fgo,follower,3,30001,1.7915619389131638,0.9921813814546397,1.352861966334639,1.022220733681494
E1,h5_k0p5,healthy_maneuver,12,5.0,0.5,cusum_fgo,pooled,0,90003,2.181068477627953,0.8398385207506799,1.3674691274130033,0.9000598133735346
E1,h5_k0p5,healthy_maneuver,12,5.0,0.5,cusum_fgo,macro,0,90003,1.8960239231538643,0.8398385207506799,1.3001288222267904,0.8864873422731661
E1,h5_k0p5,healthy_maneuver,13,5.0,0.5,cusum_fgo,follower,1,30001,2.1902631029510116,1.2355241127239884,1.7545369620867695,1.2782509751812594
E1,h5_k0p5,healthy_maneuver,13,5.0,0.5,cusum_fgo,follower,2,30001,2.110574287714579,0.729772514314984,1.3212836338495844,0.7943329117185661
E1,h5_k0p5,healthy_maneuver,13,5.0,0.5,cusum_fgo,follower,3,30001,2.284273282827375,0.9255888530111243,1.6004983812558418,1.0083752676705553
E1,h5_k0p5,healthy_maneuver,13,5.0,0.5,cusum_fgo,pooled,0,90003,2.284273282827375,0.9636284933500322,1.6447410625168832,1.0458984990015046
E1,h5_k0p5,healthy_maneuver,13,5.0,0.5,cusum_fgo,macro,0,90003,2.1950368911643214,0.9636284933500322,1.5587729923973985,1.0269863848567935
E1,h5_k0p5,healthy_maneuver,14,5.0,0.5,cusum_fgo,follower,1,30001,2.344608096213897,0.7482730662608362,1.3630933807099703,0.8222541014624764
E1,h5_k0p5,healthy_maneuver,14,5.0,0.5,cusum_fgo,follower,2,30001,2.5336380991274936,0.8111974042324224,1.7118499709495865,0.9369886330161374
E1,h5_k0p5,healthy_maneuver,14,5.0,0.5,cusum_fgo,follower,3,30001,1.932482271414455,1.0016854822917256,1.5264492659316664,1.050556022384297
E1,h5_k0p5,healthy_maneuver,14,5.0,0.5,cusum_fgo,pooled,0,90003,2.5336380991274936,0.8537186509283281,1.5866211950285305,0.9412257012253098
E1,h5_k0p5,healthy_maneuver,14,5.0,0.5,cusum_fgo,macro,0,90003,2.2702428222519484,0.8537186509283282,1.5337975391970744,0.9365995856209702
E1,h5_k0p5,healthy_maneuver,15,5.0,0.5,cusum_fgo,follower,1,30001,2.3402970611767855,1.1090773012833588,1.7287140286915008,1.1681971587504114
E1,h5_k0p5,healthy_maneuver,15,5.0,0.5,cusum_fgo,follower,2,30001,2.4726940489971256,1.2268253820993198,1.8619350287472685,1.281421751386843
E1,h5_k0p5,healthy_maneuver,15,5.0,0.5,cusum_fgo,follower,3,30001,1.26702485463195,0.5152232803422586,0.9323219724588977,0.5614932781712405
E1,h5_k0p5,healthy_maneuver,15,5.0,0.5,cusum_fgo,pooled,0,90003,2.4726940489971256,0.9503753212416458,1.695900690361928,1.0522992299517826
E1,h5_k0p5,healthy_maneuver,15,5.0,0.5,cusum_fgo,macro,0,90003,2.0266719882686206,0.9503753212416456,1.5076570099658888,1.0037040627694982
E1,h5_k0p5,healthy_maneuver,16,5.0,0.5,cusum_fgo,follower,1,30001,2.218546844466134,0.7448029835682984,1.4833977010240063,0.8416959417105948
E1,h5_k0p5,healthy_maneuver,16,5.0,0.5,cusum_fgo,follower,2,30001,2.25262963345268,0.7182517924595767,1.1153104765531772,0.7604623946030593
E1,h5_k0p5,healthy_maneuver,16,5.0,0.5,cusum_fgo,follower,3,30001,1.4520345801918844,0.6244908172770514,1.087729153825761,0.6764946237485281
E1,h5_k0p5,healthy_maneuver,16,5.0,0.5,cusum_fgo,pooled,0,90003,2.25262963345268,0.6958485311016422,1.2248742172868976,0.7625396356601553
E1,h5_k0p5,healthy_maneuver,16,5.0,0.5,cusum_fgo,macro,0,90003,1.9744036860368992,0.6958485311016421,1.2288124438009815,0.759550986687394
E1,h5_k0p5,healthy_maneuver,17,5.0,0.5,cusum_fgo,follower,1,30001,2.3094870144807937,1.2551617685802583,1.7530662845328464,1.2935527494784038
E1,h5_k0p5,healthy_maneuver,17,5.0,0.5,cusum_fgo,follower,2,30001,2.0545409145240887,0.9377374062194588,1.3554312533447002,0.9756616941685713
E1,h5_k0p5,healthy_maneuver,17,5.0,0.5,cusum_fgo,follower,3,30001,1.7908987195083532,0.9607700678864083,1.365658174031503,0.9977501905594202
E1,h5_k0p5,healthy_maneuver,17,5.0,0.5,cusum_fgo,pooled,0,90003,2.3094870144807937,1.051223080895375,1.5777720176425296,1.0985899902317795
E1,h5_k0p5,healthy_maneuver,17,5.0,0.5,cusum_fgo,macro,0,90003,2.0516422161710786,1.051223080895375,1.4913852373030165,1.0889882114021316
E1,h5_k0p5,healthy_maneuver,18,5.0,0.5,cusum_fgo,follower,1,30001,2.6730250923339907,1.3205265199475258,2.132139783422323,1.4136284737119558
E1,h5_k0p5,healthy_maneuver,18,5.0,0.5,cusum_fgo,follower,2,30001,2.167959157451467,1.131771344185116,1.67276787493612,1.176843186675114
E1,h5_k0p5,healthy_maneuver,18,5.0,0.5,cusum_fgo,follower,3,30001,1.163312576559893,0.4585052872105254,0.8644900715423816,0.505202652705431
E1,h5_k0p5,healthy_maneuver,18,5.0,0.5,cusum_fgo,pooled,0,90003,2.6730250923339907,0.9702677171143891,1.903356821338625,1.1012924328583868
E1,h5_k0p5,healthy_maneuver,18,5.0,0.5,cusum_fgo,macro,0,90003,2.0014322754484506,0.970267717114389,1.5564659099669413,1.0318914376975001
E1,h5_k0p5,healthy_maneuver,19,5.0,0.5,cusum_fgo,follower,1,30001,1.733846498967804,0.9279200584662111,1.371802057376153,0.9615178105361116
E1,h5_k0p5,healthy_maneuver,19,5.0,0.5,cusum_fgo,follower,2,30001,1.6361156101873537,0.7987935149506311,1.2689386996968839,0.8443955037845536
E1,h5_k0p5,healthy_maneuver,19,5.0,0.5,cusum_fgo,follower,3,30001,1.2530966412776114,0.4552286217240566,0.8062778536611602,0.49669814224946923
E1,h5_k0p5,healthy_maneuver,19,5.0,0.5,cusum_fgo,pooled,0,90003,1.733846498967804,0.7273140650469662,1.260182875634632,0.7925127362391517
E1,h5_k0p5,healthy_maneuver,19,5.0,0.5,cusum_fgo,macro,0,90003,1.54101958347759,0.7273140650469663,1.1490062035780657,0.7675371521900449
E1,h5_k0p5,healthy_maneuver,20,5.0,0.5,cusum_fgo,follower,1,30001,2.565408772636586,1.2865340552496654,1.9552558685963466,1.3510062606494488
E1,h5_k0p5,healthy_maneuver,20,5.0,0.5,cusum_fgo,follower,2,30001,1.8774918615539604,0.8119033600895589,1.3273559119377827,0.861658794674791
E1,h5_k0p5,healthy_maneuver,20,5.0,0.5,cusum_fgo,follower,3,30001,1.6825185094354351,0.6341538394911839,1.1984505519152047,0.6905834922555423
E1,h5_k0p5,healthy_maneuver,20,5.0,0.5,cusum_fgo,pooled,0,90003,2.565408772636586,0.9108637516101361,1.678842000653685,1.0074024939632753
E1,h5_k0p5,healthy_maneuver,20,5.0,0.5,cusum_fgo,macro,0,90003,2.0418063812086604,0.9108637516101359,1.4936874441497778,0.9677495158599273
E1,h5_k0p5,healthy_maneuver,21,5.0,0.5,cusum_fgo,follower,1,30001,2.9894228720817284,1.5969915811488913,2.351184261089809,1.6904181645465879
E1,h5_k0p5,healthy_maneuver,21,5.0,0.5,cusum_fgo,follower,2,30001,1.815213085548069,1.0131355184513453,1.433330993319855,1.0574825670978802
E1,h5_k0p5,healthy_maneuver,21,5.0,0.5,cusum_fgo,follower,3,30001,1.305580194503676,0.4791544724120031,0.8938531692357009,0.5216288749336544
E1,h5_k0p5,healthy_maneuver,21,5.0,0.5,cusum_fgo,pooled,0,90003,2.9894228720817284,1.02976052400408,2.153259869232582,1.1899411237409363
E1,h5_k0p5,healthy_maneuver,21,5.0,0.5,cusum_fgo,macro,0,90003,2.0367387173778244,1.02976052400408,1.5594561412151215,1.0898432021927074
E1,h5_k0p5,healthy_maneuver,22,5.0,0.5,cusum_fgo,follower,1,30001,2.701861575946058,0.8478514855956326,1.5372667876067927,0.9259943305376414
E1,h5_k0p5,healthy_maneuver,22,5.0,0.5,cusum_fgo,follower,2,30001,2.6140450610870936,0.9700380810297459,1.6043760203351654,1.0313756679226262
E1,h5_k0p5,healthy_maneuver,22,5.0,0.5,cusum_fgo,follower,3,30001,2.064778910137611,1.0646815492699038,1.4887317614202487,1.09959341848216
E1,h5_k0p5,healthy_maneuver,22,5.0,0.5,cusum_fgo,pooled,0,90003,2.701861575946058,0.9608570386317606,1.5364367365304485,1.0214869805892421
E1,h5_k0p5,healthy_maneuver,22,5.0,0.5,cusum_fgo,macro,0,90003,2.4602285157235877,0.9608570386317608,1.5434581897874022,1.018987805647476
E1,h5_k0p5,healthy_maneuver,23,5.0,0.5,cusum_fgo,follower,1,30001,2.072263538194302,0.8052517893654709,1.2561421648034068,0.8595642620862598
E1,h5_k0p5,healthy_maneuver,23,5.0,0.5,cusum_fgo,follower,2,30001,2.149575344516291,1.0986502106222722,1.5485159840424245,1.1337016183913455
E1,h5_k0p5,healthy_maneuver,23,5.0,0.5,cusum_fgo,follower,3,30001,1.635879815152464,0.5239167829411624,0.8467415432835499,0.5572562842464854
E1,h5_k0p5,healthy_maneuver,23,5.0,0.5,cusum_fgo,pooled,0,90003,2.149575344516291,0.8092729276429684,1.4203644817921894,0.8821686623564401
E1,h5_k0p5,healthy_maneuver,23,5.0,0.5,cusum_fgo,macro,0,90003,1.9525728992876854,0.8092729276429685,1.2171332307097937,0.8501740549080302
E1,h5_k0p5,healthy_maneuver,24,5.0,0.5,cusum_fgo,follower,1,30001,2.4690382056649995,0.7457118137191432,1.3040406058831957,0.8177435696282693
E1,h5_k0p5,healthy_maneuver,24,5.0,0.5,cusum_fgo,follower,2,30001,3.142297464770318,0.6033162888254875,0.9420390192238101,0.6407654512948481
E1,h5_k0p5,healthy_maneuver,24,5.0,0.5,cusum_fgo,follower,3,30001,1.729964871159707,0.8184154028870119,1.2393005064853941,0.855402152733554
E1,h5_k0p5,healthy_maneuver,24,5.0,0.5,cusum_fgo,pooled,0,90003,3.142297464770318,0.7224811684772142,1.1946252799820611,0.7769594052335623
E1,h5_k0p5,healthy_maneuver,24,5.0,0.5,cusum_fgo,macro,0,90003,2.4471001805316748,0.7224811684772142,1.1617933771974667,0.7713037245522237
E1,h5_k0p5,healthy_maneuver,25,5.0,0.5,cusum_fgo,follower,1,30001,1.8853703095372998,0.656047211081221,1.3454347631080958,0.7487987717302375
E1,h5_k0p5,healthy_maneuver,25,5.0,0.5,cusum_fgo,follower,2,30001,1.6632159954233472,0.6747976922229438,1.0510137870131737,0.7179650028774526
E1,h5_k0p5,healthy_maneuver,25,5.0,0.5,cusum_fgo,follower,3,30001,1.5108594594914586,0.5489845697640522,0.9880547756200246,0.6002733133647795
E1,h5_k0p5,healthy_maneuver,25,5.0,0.5,cusum_fgo,pooled,0,90003,1.8853703095372998,0.6266098243560724,1.1492023130908675,0.6919781780372999
E1,h5_k0p5,healthy_maneuver,25,5.0,0.5,cusum_fgo,macro,0,90003,1.6864819214840352,0.6266098243560724,1.1281677752470982,0.6890123626574898
E1,h5_k0p5,healthy_maneuver,26,5.0,0.5,cusum_fgo,follower,1,30001,2.2320158198209974,0.8410716685043752,1.3772986573343846,0.8923924926143234
E1,h5_k0p5,healthy_maneuver,26,5.0,0.5,cusum_fgo,follower,2,30001,2.06937473751026,0.7639119472116587,1.2824571913418372,0.8157108251722145
E1,h5_k0p5,healthy_maneuver,26,5.0,0.5,cusum_fgo,follower,3,30001,1.7585528564572819,0.7822106352425202,1.263349726179556,0.8242881529021474
E1,h5_k0p5,healthy_maneuver,26,5.0,0.5,cusum_fgo,pooled,0,90003,2.2320158198209974,0.7957314169861847,1.2997449986726164,0.8448272940257029
E1,h5_k0p5,healthy_maneuver,26,5.0,0.5,cusum_fgo,macro,0,90003,2.019981137929513,0.7957314169861848,1.3077018582852593,0.8441304902295618
E1,h5_k0p5,healthy_maneuver,27,5.0,0.5,cusum_fgo,follower,1,30001,3.5964381780635346,1.6679862106404595,2.536022655195429,1.771510226747048
E1,h5_k0p5,healthy_maneuver,27,5.0,0.5,cusum_fgo,follower,2,30001,2.083342540625144,0.8995311929746186,1.3680176924020293,0.9410424629394247
E1,h5_k0p5,healthy_maneuver,27,5.0,0.5,cusum_fgo,follower,3,30001,1.854949863033377,0.7561447082645044,1.2387775736145628,0.8104732880308502
E1,h5_k0p5,healthy_maneuver,27,5.0,0.5,cusum_fgo,pooled,0,90003,3.5964381780635346,1.1078873706265275,2.2501391473140058,1.2490898488013868
E1,h5_k0p5,healthy_maneuver,27,5.0,0.5,cusum_fgo,macro,0,90003,2.5115768605740185,1.1078873706265273,1.7142726404040072,1.174341992572441
E1,h5_k0p5,healthy_maneuver,28,5.0,0.5,cusum_fgo,follower,1,30001,2.336654788613231,1.0640516326475766,1.8219006282022516,1.1544998488430456
E1,h5_k0p5,healthy_maneuver,28,5.0,0.5,cusum_fgo,follower,2,30001,2.144660911903379,1.2664279536928738,1.7192142062774847,1.298398085066661
E1,h5_k0p5,healthy_maneuver,28,5.0,0.5,cusum_fgo,follower,3,30001,1.7417436380135207,0.8652360044709049,1.3460719077874166,0.9247869656820901
E1,h5_k0p5,healthy_maneuver,28,5.0,0.5,cusum_fgo,pooled,0,90003,2.336654788613231,1.0652385302704517,1.7012854639429977,1.1363594531336867
E1,h5_k0p5,healthy_maneuver,28,5.0,0.5,cusum_fgo,macro,0,90003,2.074353112843377,1.0652385302704517,1.6290622474223841,1.1258949665305988
E1,h5_k0p5,healthy_maneuver,29,5.0,0.5,cusum_fgo,follower,1,30001,2.3819434793276053,1.4191116749648183,1.9665560369964916,1.4637989806442349
E1,h5_k0p5,healthy_maneuver,29,5.0,0.5,cusum_fgo,follower,2,30001,1.858644051351229,0.6122122451235158,1.1652882276462995,0.683830245865279
E1,h5_k0p5,healthy_maneuver,29,5.0,0.5,cusum_fgo,follower,3,30001,2.0552051993467257,0.7840850600820211,1.3015954257746987,0.8415443276647232
E1,h5_k0p5,healthy_maneuver,29,5.0,0.5,cusum_fgo,pooled,0,90003,2.3819434793276053,0.938469660056785,1.775155402232324,1.0517490379236452
E1,h5_k0p5,healthy_maneuver,29,5.0,0.5,cusum_fgo,macro,0,90003,2.0985975766751865,0.9384696600567851,1.4778132301391633,0.9963911847247456
E1,h5_k0p5,healthy_maneuver,30,5.0,0.5,cusum_fgo,follower,1,30001,2.4093305612792175,1.1205580945336053,1.6147687152418733,1.1638290227232595
E1,h5_k0p5,healthy_maneuver,30,5.0,0.5,cusum_fgo,follower,2,30001,1.9966948272017264,0.979595220175054,1.5247068178160286,1.0277767523694856
E1,h5_k0p5,healthy_maneuver,30,5.0,0.5,cusum_fgo,follower,3,30001,1.532539582453237,0.5872103150225517,1.0418304624424837,0.6419774654292999
E1,h5_k0p5,healthy_maneuver,30,5.0,0.5,cusum_fgo,pooled,0,90003,2.4093305612792175,0.8957878765770703,1.5111548376816313,0.9700443482925875
E1,h5_k0p5,healthy_maneuver,30,5.0,0.5,cusum_fgo,macro,0,90003,1.9795216569780603,0.8957878765770704,1.393768665166795,0.9445277468406816
E1,h5_k0p5,healthy_maneuver,31,5.0,0.5,cusum_fgo,follower,1,30001,3.538606273068474,1.822926305306109,2.862499495761689,1.9527120233584654
E1,h5_k0p5,healthy_maneuver,31,5.0,0.5,cusum_fgo,follower,2,30001,2.1095528197014652,1.366780358086144,1.8624018171646965,1.411869631963009
E1,h5_k0p5,healthy_maneuver,31,5.0,0.5,cusum_fgo,follower,3,30001,1.7225013800061235,0.8601949348583258,1.4198859773155152,0.9246019627207366
E1,h5_k0p5,healthy_maneuver,31,5.0,0.5,cusum_fgo,pooled,0,90003,3.538606273068474,1.3499671994168596,2.5257646961829088,1.4901173212530519
E1,h5_k0p5,healthy_maneuver,31,5.0,0.5,cusum_fgo,macro,0,90003,2.4568868242586874,1.3499671994168596,2.048262430080634,1.4297278726807372
E1,h5_k0p5,healthy_maneuver,32,5.0,0.5,cusum_fgo,follower,1,30001,1.8565442544527122,0.7437173844024638,1.3061772467449695,0.7979147458007361
E1,h5_k0p5,healthy_maneuver,32,5.0,0.5,cusum_fgo,follower,2,30001,2.323192188961294,0.9711566744589254,1.6262016302092974,1.0445080751206448
E1,h5_k0p5,healthy_maneuver,32,5.0,0.5,cusum_fgo,follower,3,30001,1.9905411716141483,0.936464519390398,1.3989234264494876,0.9785817860056403
E1,h5_k0p5,healthy_maneuver,32,5.0,0.5,cusum_fgo,pooled,0,90003,2.323192188961294,0.883779526083929,1.5005036436992234,0.9460950220882461
E1,h5_k0p5,healthy_maneuver,32,5.0,0.5,cusum_fgo,macro,0,90003,2.0567592050093846,0.883779526083929,1.443767434467918,0.9403348689756736
E1,h5_k0p5,healthy_maneuver,33,5.0,0.5,cusum_fgo,follower,1,30001,3.6194092304500574,1.9046314840079486,2.885032802533619,2.0302065069366964
E1,h5_k0p5,healthy_maneuver,33,5.0,0.5,cusum_fgo,follower,2,30001,2.0772833259870285,1.0520960048742911,1.4691977673145364,1.0910505826280497
E1,h5_k0p5,healthy_maneuver,33,5.0,0.5,cusum_fgo,follower,3,30001,1.7878272423920964,0.6689381452078789,1.1582812189406548,0.7242480979037574
E1,h5_k0p5,healthy_maneuver,33,5.0,0.5,cusum_fgo,pooled,0,90003,3.6194092304500574,1.2085552113633728,2.5734999248196093,1.3948315480107647
E1,h5_k0p5,healthy_maneuver,33,5.0,0.5,cusum_fgo,macro,0,90003,2.494839932943061,1.2085552113633728,1.83750392959627,1.281835062489501
E1,h5_k0p5,healthy_maneuver,34,5.0,0.5,cusum_fgo,follower,1,30001,2.3386256018935505,1.06618237601069,1.6604492426524233,1.117678330656365
E1,h5_k0p5,healthy_maneuver,34,5.0,0.5,cusum_fgo,follower,2,30001,1.8246923411498082,0.7676126930068948,1.3055076917227455,0.8241424212886368
E1,h5_k0p5,healthy_maneuver,34,5.0,0.5,cusum_fgo,follower,3,30001,1.812656317416115,1.0914808582023532,1.4845843702875126,1.1201848855214434
E1,h5_k0p5,healthy_maneuver,34,5.0,0.5,cusum_fgo,pooled,0,90003,2.3386256018935505,0.9750919757399794,1.5098104789634061,1.0300857179764191
E1,h5_k0p5,healthy_maneuver,34,5.0,0.5,cusum_fgo,macro,0,90003,1.9919914201531579,0.9750919757399794,1.4835137682208936,1.0206685458221483
E1,h5_k0p5,healthy_maneuver,35,5.0,0.5,cusum_fgo,follower,1,30001,1.9208970002114263,0.6093804430979907,1.158149087928575,0.6830413723811657
E1,h5_k0p5,healthy_maneuver,35,5.0,0.5,cusum_fgo,follower,2,30001,2.1444538236924733,0.9041818439229963,1.5878998183195676,0.9865777771077241
E1,h5_k0p5,healthy_maneuver,35,5.0,0.5,cusum_fgo,follower,3,30001,1.8837571538824578,0.7239848529088391,1.335032459817132,0.7940363134618106
E1,h5_k0p5,healthy_maneuver,35,5.0,0.5,cusum_fgo,pooled,0,90003,2.1444538236924733,0.7458490466432754,1.4479503338498718,0.8307376027288815
E1,h5_k0p5,healthy_maneuver,35,5.0,0.5,cusum_fgo,macro,0,90003,1.9830359925954524,0.7458490466432753,1.3603604553550914,0.8212184876502334
E1,h5_k0p5,healthy_maneuver,36,5.0,0.5,cusum_fgo,follower,1,30001,2.918323615130247,1.7518227061013971,2.4277661916054227,1.8201496060142084
E1,h5_k0p5,healthy_maneuver,36,5.0,0.5,cusum_fgo,follower,2,30001,2.682183536219787,1.5337535501390323,2.1895530306976307,1.6127093128812149
E1,h5_k0p5,healthy_maneuver,36,5.0,0.5,cusum_fgo,follower,3,30001,1.835919236989679,0.6918980534197415,1.2728212849359375,0.7562855808601249
E1,h5_k0p5,healthy_maneuver,36,5.0,0.5,cusum_fgo,pooled,0,90003,2.918323615130247,1.3258247698867236,2.2760383060172944,1.4703450610819688
E1,h5_k0p5,healthy_maneuver,36,5.0,0.5,cusum_fgo,macro,0,90003,2.478808796113238,1.3258247698867238,1.9633801690796637,1.396381499918516
E1,h5_k0p5,healthy_maneuver,37,5.0,0.5,cusum_fgo,follower,1,30001,2.2973037868828694,0.9195274718057992,1.5279685249458606,0.9969159051985699
E1,h5_k0p5,healthy_maneuver,37,5.0,0.5,cusum_fgo,follower,2,30001,2.439779403579531,1.1443000830478307,1.6645996004643233,1.194725984245984
E1,h5_k0p5,healthy_maneuver,37,5.0,0.5,cusum_fgo,follower,3,30001,1.7226587140907714,0.8722816991470244,1.400479070801894,0.9225961662336496
E1,h5_k0p5,healthy_maneuver,37,5.0,0.5,cusum_fgo,pooled,0,90003,2.439779403579531,0.9787030846668847,1.5681539210226279,1.0444129428247315
E1,h5_k0p5,healthy_maneuver,37,5.0,0.5,cusum_fgo,macro,0,90003,2.1532473015177236,0.9787030846668848,1.5310157320706927,1.0380793518927345
E1,h5_k0p5,healthy_maneuver,38,5.0,0.5,cusum_fgo,follower,1,30001,1.6553532517340566,0.9279313350606151,1.3184346704484045,0.9571443274224846
E1,h5_k0p5,healthy_maneuver,38,5.0,0.5,cusum_fgo,follower,2,30001,1.6863884349532563,0.6617634753751033,1.202693083839293,0.7234010260531372
E1,h5_k0p5,healthy_maneuver,38,5.0,0.5,cusum_fgo,follower,3,30001,1.599351778075713,0.7923871570659984,1.1558027715806645,0.8202252739119804
E1,h5_k0p5,healthy_maneuver,38,5.0,0.5,cusum_fgo,pooled,0,90003,1.6863884349532563,0.7940273225005721,1.251951126680603,0.839087561576215
E1,h5_k0p5,healthy_maneuver,38,5.0,0.5,cusum_fgo,macro,0,90003,1.6470311549210086,0.7940273225005722,1.2256435086227873,0.8335902091292007
E1,h5_k0p5,healthy_maneuver,39,5.0,0.5,cusum_fgo,follower,1,30001,2.141455340022245,1.078733678155908,1.6812560293991068,1.1397047330500092
E1,h5_k0p5,healthy_maneuver,39,5.0,0.5,cusum_fgo,follower,2,30001,1.7466007646601662,0.9355402038821479,1.3856362481727271,0.9731983520205967
E1,h5_k0p5,healthy_maneuver,39,5.0,0.5,cusum_fgo,follower,3,30001,1.6993347327424757,0.7167492403927649,1.173596610241607,0.7641552515905397
E1,h5_k0p5,healthy_maneuver,39,5.0,0.5,cusum_fgo,pooled,0,90003,2.141455340022245,0.9103410408102737,1.5155712986212093,0.9712492229847769
E1,h5_k0p5,healthy_maneuver,39,5.0,0.5,cusum_fgo,macro,0,90003,1.8624636124749623,0.9103410408102737,1.413496295937814,0.9590194455537152
E1,h5_k0p5,healthy_maneuver,40,5.0,0.5,cusum_fgo,follower,1,30001,1.7263612019924,0.6580708323509276,1.1148380991041003,0.7044407086630555
E1,h5_k0p5,healthy_maneuver,40,5.0,0.5,cusum_fgo,follower,2,30001,2.5253713496408614,1.1355082265760696,1.9203346207906262,1.2115522698400414
E1,h5_k0p5,healthy_maneuver,40,5.0,0.5,cusum_fgo,follower,3,30001,1.3729866516010467,0.4652694212096012,0.8102316674765461,0.5040960912254477
E1,h5_k0p5,healthy_maneuver,40,5.0,0.5,cusum_fgo,pooled,0,90003,2.5253713496408614,0.7529494933788663,1.5803215010162193,0.8598853574295121
E1,h5_k0p5,healthy_maneuver,40,5.0,0.5,cusum_fgo,macro,0,90003,1.8749064010781027,0.7529494933788662,1.2818014624570908,0.8066963565761816
E1,h5_k0p5,healthy_maneuver,41,5.0,0.5,cusum_fgo,follower,1,30001,2.559342006490711,1.3275383591096679,2.031074480757477,1.3953845695473173
E1,h5_k0p5,healthy_maneuver,41,5.0,0.5,cusum_fgo,follower,2,30001,1.8916079131523522,0.5794364120023119,1.0079601426073168,0.631050892670068
E1,h5_k0p5,healthy_maneuver,41,5.0,0.5,cusum_fgo,follower,3,30001,2.066824366109879,0.7992710204519781,1.4010812215809678,0.8575259672365532
E1,h5_k0p5,healthy_maneuver,41,5.0,0.5,cusum_fgo,pooled,0,90003,2.559342006490711,0.9020819305213192,1.7788550174079383,1.0133564872171799
E1,h5_k0p5,healthy_maneuver,41,5.0,0.5,cusum_fgo,macro,0,90003,2.172591428584314,0.9020819305213194,1.4800386149819207,0.9613204764846461
E1,h5_k0p5,healthy_maneuver,42,5.0,0.5,cusum_fgo,follower,1,30001,2.186428743497984,1.0054135106221251,1.5926640846386322,1.053054744448923
E1,h5_k0p5,healthy_maneuver,42,5.0,0.5,cusum_fgo,follower,2,30001,1.9014640662623281,0.7503769453893445,1.115174421834731,0.7865552184540812
E1,h5_k0p5,healthy_maneuver,42,5.0,0.5,cusum_fgo,follower,3,30001,1.3948051818784066,0.6439064240862861,1.1181865529048152,0.7024059174137485
E1,h5_k0p5,healthy_maneuver,42,5.0,0.5,cusum_fgo,pooled,0,90003,2.186428743497984,0.7998989600325853,1.336705596011348,0.8604199515937133
E1,h5_k0p5,healthy_maneuver,42,5.0,0.5,cusum_fgo,macro,0,90003,1.8275659972129061,0.7998989600325852,1.2753416864593927,0.847338626772251
E1,h5_k0p5,healthy_maneuver,43,5.0,0.5,cusum_fgo,follower,1,30001,1.7888985962760813,0.7931950143625117,1.2685088434760021,0.8341280455696336
E1,h5_k0p5,healthy_maneuver,43,5.0,0.5,cusum_fgo,follower,2,30001,2.0743526268075585,1.1100090624912053,1.5864501778881364,1.1535571401518048
E1,h5_k0p5,healthy_maneuver,43,5.0,0.5,cusum_fgo,follower,3,30001,1.1569857503084608,0.47765612622669357,0.7898022091312258,0.5107909507162203
E1,h5_k0p5,healthy_maneuver,43,5.0,0.5,cusum_fgo,pooled,0,90003,2.0743526268075585,0.7936200676934703,1.44859745946434,0.8731878506053948
E1,h5_k0p5,healthy_maneuver,43,5.0,0.5,cusum_fgo,macro,0,90003,1.6734123244640333,0.7936200676934702,1.2149204101651214,0.8328253788125529
E1,h5_k0p5,healthy_maneuver,44,5.0,0.5,cusum_fgo,follower,1,30001,2.1995060437157306,1.0581554812347937,1.5600378459494675,1.1041737029058285
E1,h5_k0p5,healthy_maneuver,44,5.0,0.5,cusum_fgo,follower,2,30001,1.8118367820151793,1.0034479149804638,1.504957010218082,1.060795209757516
E1,h5_k0p5,healthy_maneuver,44,5.0,0.5,cusum_fgo,follower,3,30001,2.7479101664462307,0.8863433598007495,1.273835031573351,0.9241442896705645
E1,h5_k0p5,healthy_maneuver,44,5.0,0.5,cusum_fgo,pooled,0,90003,2.7479101664462307,0.9826489186720023,1.4791954401167398,1.032558103508623
E1,h5_k0p5,healthy_maneuver,44,5.0,0.5,cusum_fgo,macro,0,90003,2.2530843307257133,0.9826489186720023,1.4462766292469669,1.0297044007779697
E1,h5_k0p5,healthy_maneuver,45,5.0,0.5,cusum_fgo,follower,1,30001,2.9471750875203218,1.6455184011257924,2.444008885474416,1.7448386645594391
E1,h5_k0p5,healthy_maneuver,45,5.0,0.5,cusum_fgo,follower,2,30001,1.6609649898374224,0.7530215449390542,1.233327364980796,0.8068720143849869
E1,h5_k0p5,healthy_maneuver,45,5.0,0.5,cusum_fgo,follower,3,30001,1.8821777622846854,1.1871596462821479,1.5633749916293995,1.2178212575641933
E1,h5_k0p5,healthy_maneuver,45,5.0,0.5,cusum_fgo,pooled,0,90003,2.9471750875203218,1.195233197448998,2.201004745607399,1.3138484220429802
E1,h5_k0p5,healthy_maneuver,45,5.0,0.5,cusum_fgo,macro,0,90003,2.16343927988081,1.1952331974489983,1.7469037473615374,1.2565106455028732
E1,h5_k0p5,healthy_maneuver,46,5.0,0.5,cusum_fgo,follower,1,30001,2.0519489610654538,1.040671337940385,1.5275400754026969,1.0848679261566654
E1,h5_k0p5,healthy_maneuver,46,5.0,0.5,cusum_fgo,follower,2,30001,2.233669791298656,1.1628950250376384,1.6403327037635642,1.2030666143293565
E1,h5_k0p5,healthy_maneuver,46,5.0,0.5,cusum_fgo,follower,3,30001,1.8540986667081765,0.8425686595499253,1.301613750259851,0.8853154296090275
E1,h5_k0p5,healthy_maneuver,46,5.0,0.5,cusum_fgo,pooled,0,90003,2.233669791298656,1.0153783408426496,1.5360716546886493,1.0658472538503787
E1,h5_k0p5,healthy_maneuver,46,5.0,0.5,cusum_fgo,macro,0,90003,2.0465724730240953,1.0153783408426496,1.4898288431420375,1.0577499900316834
E1,h5_k0p5,healthy_maneuver,47,5.0,0.5,cusum_fgo,follower,1,30001,1.9524040799257298,0.8575845315139187,1.35783286241974,0.905950810976044
E1,h5_k0p5,healthy_maneuver,47,5.0,0.5,cusum_fgo,follower,2,30001,1.7779245504406769,0.7860752480170343,1.2496612129006166,0.8302514864608767
E1,h5_k0p5,healthy_maneuver,47,5.0,0.5,cusum_fgo,follower,3,30001,1.444154992566191,0.7037532681519585,1.101399463658398,0.746301240997154
E1,h5_k0p5,healthy_maneuver,47,5.0,0.5,cusum_fgo,pooled,0,90003,1.9524040799257298,0.7824710158943039,1.2491668058946894,0.8300662513704432
E1,h5_k0p5,healthy_maneuver,47,5.0,0.5,cusum_fgo,macro,0,90003,1.7248278743108658,0.7824710158943038,1.2362978463262515,0.8275011794780248
E1,h5_k0p5,healthy_maneuver,48,5.0,0.5,cusum_fgo,follower,1,30001,2.5905042351058696,0.7600320262222066,1.4386855121892683,0.84824131846283
E1,h5_k0p5,healthy_maneuver,48,5.0,0.5,cusum_fgo,follower,2,30001,2.719416193462742,0.6363399406455509,1.1336480413904468,0.6941176577751978
E1,h5_k0p5,healthy_maneuver,48,5.0,0.5,cusum_fgo,follower,3,30001,1.60895789271181,0.405826654659893,0.714998164045228,0.4455780776966898
E1,h5_k0p5,healthy_maneuver,48,5.0,0.5,cusum_fgo,pooled,0,90003,2.719416193462742,0.6007328738425501,1.206116455181609,0.6830940590447663
E1,h5_k0p5,healthy_maneuver,48,5.0,0.5,cusum_fgo,macro,0,90003,2.306292773760141,0.6007328738425501,1.0957772392083143,0.6626456846449059
E1,h5_k0p5,healthy_maneuver,49,5.0,0.5,cusum_fgo,follower,1,30001,2.2144683258091225,1.1766920752379355,1.7292482157633373,1.240445176933072
E1,h5_k0p5,healthy_maneuver,49,5.0,0.5,cusum_fgo,follower,2,30001,1.676228465747984,0.9009281051297885,1.3192591877453952,0.9377840961735787
E1,h5_k0p5,healthy_maneuver,49,5.0,0.5,cusum_fgo,follower,3,30001,2.061980957867463,1.1113249842833464,1.6637466775140257,1.1650783047884725
E1,h5_k0p5,healthy_maneuver,49,5.0,0.5,cusum_fgo,pooled,0,90003,2.2144683258091225,1.0629817215503568,1.6495441920562384,1.121836396910797
E1,h5_k0p5,healthy_maneuver,49,5.0,0.5,cusum_fgo,macro,0,90003,1.9842259164748564,1.0629817215503568,1.5707513603409193,1.1144358592983743
E1,h5_k0p5,healthy_maneuver,50,5.0,0.5,cusum_fgo,follower,1,30001,2.2387649711560824,1.055131203411379,1.5850030077602324,1.0983085711544605
E1,h5_k0p5,healthy_maneuver,50,5.0,0.5,cusum_fgo,follower,2,30001,2.0080889665484185,1.0003452367049686,1.4712574144936243,1.0453075510785148
E1,h5_k0p5,healthy_maneuver,50,5.0,0.5,cusum_fgo,follower,3,30001,1.6400558824151767,0.8690441183366036,1.244034139188151,0.8984103319856023
E1,h5_k0p5,healthy_maneuver,50,5.0,0.5,cusum_fgo,pooled,0,90003,2.2387649711560824,0.9748401861509838,1.4620097659793163,1.017528168067367
E1,h5_k0p5,healthy_maneuver,50,5.0,0.5,cusum_fgo,macro,0,90003,1.9623032733732257,0.9748401861509836,1.4334315204806691,1.0140088180728593
E1,h5_k0p75,baseline_3f,1,5.0,0.75,cusum_fgo,follower,1,30001,3.3979710771371474,0.9621126342443597,1.586385795033127,1.0434238052577904
E1,h5_k0p75,baseline_3f,1,5.0,0.75,cusum_fgo,follower,2,30001,2.1167721897817793,0.8132899148066915,1.3193682052217393,0.8667680140363984
E1,h5_k0p75,baseline_3f,1,5.0,0.75,cusum_fgo,follower,3,30001,1.8734287213651288,0.8626088233910076,1.3660625638381372,0.9140454153876402
E1,h5_k0p75,baseline_3f,1,5.0,0.75,cusum_fgo,pooled,0,90003,3.3979710771371474,0.8793371241473529,1.4365825070052134,0.9443691102046933
E1,h5_k0p75,baseline_3f,1,5.0,0.75,cusum_fgo,macro,0,90003,2.4627239960946854,0.879337124147353,1.423938854697668,0.9414124115606096
E1,h5_k0p75,baseline_3f,2,5.0,0.75,cusum_fgo,follower,1,30001,2.2355993776023655,0.8158852010810523,1.4344841252985467,0.8794455587193607
E1,h5_k0p75,baseline_3f,2,5.0,0.75,cusum_fgo,follower,2,30001,3.8639782624914982,1.4223788878929269,2.3171016506396653,1.5180560589946859
E1,h5_k0p75,baseline_3f,2,5.0,0.75,cusum_fgo,follower,3,30001,2.6879355490635164,0.9845851323088395,1.5471338773446455,1.0501238234037762
E1,h5_k0p75,baseline_3f,2,5.0,0.75,cusum_fgo,pooled,0,90003,3.8639782624914982,1.0742830737609397,1.890228037050147,1.180491244282347
E1,h5_k0p75,baseline_3f,2,5.0,0.75,cusum_fgo,macro,0,90003,2.92917106305246,1.0742830737609397,1.766239884427619,1.1492084803726075
E1,h5_k0p75,baseline_3f,3,5.0,0.75,cusum_fgo,follower,1,30001,2.165059425240422,0.697987672065482,1.448877014358658,0.7917662582354865
E1,h5_k0p75,baseline_3f,3,5.0,0.75,cusum_fgo,follower,2,30001,2.3657508499606164,0.8293523661254817,1.3868815929146399,0.8932938046244415
E1,h5_k0p75,baseline_3f,3,5.0,0.75,cusum_fgo,follower,3,30001,1.8122883362861757,0.4829302325278456,0.9293919764148819,0.5458588330787035
E1,h5_k0p75,baseline_3f,3,5.0,0.75,cusum_fgo,pooled,0,90003,2.3657508499606164,0.6700900902396031,1.333062040979087,0.7578103313078361
E1,h5_k0p75,baseline_3f,3,5.0,0.75,cusum_fgo,macro,0,90003,2.114366203829071,0.6700900902396031,1.2550501945627266,0.7436396319795439
E1,h5_k0p75,baseline_3f,4,5.0,0.75,cusum_fgo,follower,1,30001,3.8157188353791605,1.4118444031154005,2.0532614869330343,1.4780246165592894
E1,h5_k0p75,baseline_3f,4,5.0,0.75,cusum_fgo,follower,2,30001,3.0350986824755743,1.006535532981611,1.667525511546212,1.061032302447779
E1,h5_k0p75,baseline_3f,4,5.0,0.75,cusum_fgo,follower,3,30001,2.7083312258428522,0.8869102253764862,1.5666156947998018,0.9756470056670941
E1,h5_k0p75,baseline_3f,4,5.0,0.75,cusum_fgo,pooled,0,90003,3.8157188353791605,1.1017633871578327,1.8458842511425955,1.191949858237898
E1,h5_k0p75,baseline_3f,4,5.0,0.75,cusum_fgo,macro,0,90003,3.1863829145658626,1.1017633871578325,1.7624675644263494,1.1715679748913874
E1,h5_k0p75,baseline_3f,5,5.0,0.75,cusum_fgo,follower,1,30001,4.820704848209622,1.710723678646836,3.2979289150606417,1.8834941715785956
E1,h5_k0p75,baseline_3f,5,5.0,0.75,cusum_fgo,follower,2,30001,4.71275791689807,0.7045863649322627,1.5975818520086849,0.8998490128570406
E1,h5_k0p75,baseline_3f,5,5.0,0.75,cusum_fgo,follower,3,30001,2.5715460651864976,0.8891417940454778,1.3420932573281015,0.934665981481199
E1,h5_k0p75,baseline_3f,5,5.0,0.75,cusum_fgo,pooled,0,90003,4.820704848209622,1.1014839458748586,2.3329840331125964,1.3204644431977388
E1,h5_k0p75,baseline_3f,5,5.0,0.75,cusum_fgo,macro,0,90003,4.0350029434313965,1.1014839458748589,2.0792013414658093,1.239336388638945
E1,h5_k0p75,baseline_3f,6,5.0,0.75,cusum_fgo,follower,1,30001,2.6689431884527344,1.1167431925523135,1.8912527649927777,1.2059793036390243
E1,h5_k0p75,baseline_3f,6,5.0,0.75,cusum_fgo,follower,2,30001,2.904247963539321,1.5042266031590001,2.2597995329477953,1.5950660275180044
E1,h5_k0p75,baseline_3f,6,5.0,0.75,cusum_fgo,follower,3,30001,1.8674411864499518,0.7892638765019696,1.2962347051206544,0.8322541419371141
E1,h5_k0p75,baseline_3f,6,5.0,0.75,cusum_fgo,pooled,0,90003,2.904247963539321,1.136744557404428,2.0255791107563472,1.2505023883382782
E1,h5_k0p75,baseline_3f,6,5.0,0.75,cusum_fgo,macro,0,90003,2.4802107794806694,1.1367445574044277,1.8157623343537426,1.2110998243647142
E1,h5_k0p75,baseline_3f,7,5.0,0.75,cusum_fgo,follower,1,30001,3.757683184576601,0.833488232676554,1.6221544499148668,0.9664201798901731
E1,h5_k0p75,baseline_3f,7,5.0,0.75,cusum_fgo,follower,2,30001,2.5134312626293296,1.2927342104424235,1.8845963335058027,1.3531814026718942
E1,h5_k0p75,baseline_3f,7,5.0,0.75,cusum_fgo,follower,3,30001,1.5168823536346216,0.521985207801168,1.0338409574776004,0.5800361815519948
E1,h5_k0p75,baseline_3f,7,5.0,0.75,cusum_fgo,pooled,0,90003,3.757683184576601,0.8827358836400485,1.7494872524261698,1.016777564095748
E1,h5_k0p75,baseline_3f,7,5.0,0.75,cusum_fgo,macro,0,90003,2.5959989336135174,0.8827358836400485,1.5135305802994232,0.966545921371354
E1,h5_k0p75,baseline_3f,8,5.0,0.75,cusum_fgo,follower,1,30001,7.541022732017086,1.2028168734884326,1.8943325028243676,1.5072262135703829
E1,h5_k0p75,baseline_3f,8,5.0,0.75,cusum_fgo,follower,2,30001,3.6908320469895406,0.6468109567751347,1.260941502369422,0.793541759934314
E1,h5_k0p75,baseline_3f,8,5.0,0.75,cusum_fgo,follower,3,30001,2.3743490487042673,0.8793450698965382,1.4102529931369527,0.9399809671511642
E1,h5_k0p75,baseline_3f,8,5.0,0.75,cusum_fgo,pooled,0,90003,7.541022732017086,0.9096576333867018,1.6879739707880073,1.1232398975344788
E1,h5_k0p75,baseline_3f,8,5.0,0.75,cusum_fgo,macro,0,90003,4.535401275903632,0.9096576333867018,1.5218423327769142,1.0802496468852871
E1,h5_k0p75,baseline_3f,9,5.0,0.75,cusum_fgo,follower,1,30001,2.1215232995906543,0.8514331802448177,1.4190289801289229,0.9175298801481955
E1,h5_k0p75,baseline_3f,9,5.0,0.75,cusum_fgo,follower,2,30001,2.8611518384117227,0.7433809520705494,1.5476198323270107,0.838612368383498
E1,h5_k0p75,baseline_3f,9,5.0,0.75,cusum_fgo,follower,3,30001,2.6297884103776528,0.7580938705033282,1.3186017534065204,0.8228273256130023
E1,h5_k0p75,baseline_3f,9,5.0,0.75,cusum_fgo,pooled,0,90003,2.8611518384117227,0.7843026676062317,1.429681516369948,0.8606541297458942
E1,h5_k0p75,baseline_3f,9,5.0,0.75,cusum_fgo,macro,0,90003,2.53748784946001,0.7843026676062318,1.4284168552874847,0.8596565247148987
E1,h5_k0p75,baseline_3f,10,5.0,0.75,cusum_fgo,follower,1,30001,1.921977815440943,0.6383785662472262,1.1107599485253707,0.6871985643371818
E1,h5_k0p75,baseline_3f,10,5.0,0.75,cusum_fgo,follower,2,30001,2.088660127447784,0.9958339983059223,1.6090318099425742,1.0624693003270218
E1,h5_k0p75,baseline_3f,10,5.0,0.75,cusum_fgo,follower,3,30001,1.9496046243293235,0.4278765434461736,0.8227595540989961,0.49629985992881837
E1,h5_k0p75,baseline_3f,10,5.0,0.75,cusum_fgo,pooled,0,90003,2.088660127447784,0.687363035999774,1.452898350551944,0.7847284948587504
E1,h5_k0p75,baseline_3f,10,5.0,0.75,cusum_fgo,macro,0,90003,1.9867475224060167,0.6873630359997741,1.1808504375223137,0.7486559081976739
E1,h5_k0p75,baseline_3f,11,5.0,0.75,cusum_fgo,follower,1,30001,2.663701344660398,0.9623195207610663,1.6221239985572993,1.0296958341286295
E1,h5_k0p75,baseline_3f,11,5.0,0.75,cusum_fgo,follower,2,30001,2.9016326078809316,1.168153609604493,1.77571272405761,1.2257527515837603
E1,h5_k0p75,baseline_3f,11,5.0,0.75,cusum_fgo,follower,3,30001,2.6842293686277814,0.6342881241745059,1.2317518443707676,0.7152256901051401
E1,h5_k0p75,baseline_3f,11,5.0,0.75,cusum_fgo,pooled,0,90003,2.9016326078809316,0.9215870848466883,1.6496002593822914,1.0123061306777688
E1,h5_k0p75,baseline_3f,11,5.0,0.75,cusum_fgo,macro,0,90003,2.749854440389704,0.9215870848466885,1.5431961889952255,0.9902247586058435
E1,h5_k0p75,baseline_3f,12,5.0,0.75,cusum_fgo,follower,1,30001,3.5509251741259096,0.9732869965383957,1.8819137325031603,1.1093394965563341
E1,h5_k0p75,baseline_3f,12,5.0,0.75,cusum_fgo,follower,2,30001,2.361697713630748,0.6923801720971836,1.3887187580005151,0.7693076126956706
E1,h5_k0p75,baseline_3f,12,5.0,0.75,cusum_fgo,follower,3,30001,2.4110652250767965,1.0060318339079402,1.4318386154537448,1.0420337765359802
E1,h5_k0p75,baseline_3f,12,5.0,0.75,cusum_fgo,pooled,0,90003,3.5509251741259096,0.8905663341811733,1.5346723460964802,0.9845985159805342
E1,h5_k0p75,baseline_3f,12,5.0,0.75,cusum_fgo,macro,0,90003,2.7745627042778183,0.8905663341811731,1.5674903686524733,0.9735602952626617
E1,h5_k0p75,baseline_3f,13,5.0,0.75,cusum_fgo,follower,1,30001,4.58784850450014,1.3143938770632448,1.9011394822545133,1.4058109563981662
E1,h5_k0p75,baseline_3f,13,5.0,0.75,cusum_fgo,follower,2,30001,2.288140281674252,0.7545018352468381,1.3287479321997682,0.8191623803736501
E1,h5_k0p75,baseline_3f,13,5.0,0.75,cusum_fgo,follower,3,30001,2.9042264621628213,0.9739926097065412,1.7398952628665156,1.0855528443095266
E1,h5_k0p75,baseline_3f,13,5.0,0.75,cusum_fgo,pooled,0,90003,4.58784850450014,1.0142961073388745,1.7401990925198043,1.1292706242433732
E1,h5_k0p75,baseline_3f,13,5.0,0.75,cusum_fgo,macro,0,90003,3.260071749445738,1.0142961073388748,1.656594225773599,1.1035087270271142
E1,h5_k0p75,baseline_3f,14,5.0,0.75,cusum_fgo,follower,1,30001,3.8487925125482585,0.8341484793113496,1.6544979749190396,0.9584580987999608
E1,h5_k0p75,baseline_3f,14,5.0,0.75,cusum_fgo,follower,2,30001,3.146480753503916,0.8858769861110245,1.849889092201158,1.040038881992476
E1,h5_k0p75,baseline_3f,14,5.0,0.75,cusum_fgo,follower,3,30001,2.307232673053693,1.0584015443704105,1.7187057699468107,1.1225172643293118
E1,h5_k0p75,baseline_3f,14,5.0,0.75,cusum_fgo,pooled,0,90003,3.8487925125482585,0.9261423365975948,1.7570351782709814,1.042491856391655
E1,h5_k0p75,baseline_3f,14,5.0,0.75,cusum_fgo,macro,0,90003,3.1008353130352897,0.9261423365975948,1.741030945689003,1.0403380817072494
E1,h5_k0p75,baseline_3f,15,5.0,0.75,cusum_fgo,follower,1,30001,3.1842852963638792,1.1983375170834005,2.0340281869149344,1.2911254487885404
E1,h5_k0p75,baseline_3f,15,5.0,0.75,cusum_fgo,follower,2,30001,3.3289803912399676,1.259842102881892,1.9729188260124904,1.3261662140761374
E1,h5_k0p75,baseline_3f,15,5.0,0.75,cusum_fgo,follower,3,30001,1.7413469673071964,0.5502947152911131,1.0261039221063717,0.6116338828344664
E1,h5_k0p75,baseline_3f,15,5.0,0.75,cusum_fgo,pooled,0,90003,3.3289803912399676,1.002824778418802,1.8481298198684528,1.1254358797813422
E1,h5_k0p75,baseline_3f,15,5.0,0.75,cusum_fgo,macro,0,90003,2.751537551637014,1.002824778418802,1.6776836450112655,1.076308515233048
E1,h5_k0p75,baseline_3f,16,5.0,0.75,cusum_fgo,follower,1,30001,2.4137536077884536,0.7605548989475687,1.4891830387770573,0.8534608667115747
E1,h5_k0p75,baseline_3f,16,5.0,0.75,cusum_fgo,follower,2,30001,2.5048793909812406,0.7543803108150284,1.2477168001332748,0.8054636517919191
E1,h5_k0p75,baseline_3f,16,5.0,0.75,cusum_fgo,follower,3,30001,1.771694011550364,0.6340740742338027,1.1300541189965732,0.6939298104088304
E1,h5_k0p75,baseline_3f,16,5.0,0.75,cusum_fgo,pooled,0,90003,2.5048793909812406,0.7163364279987999,1.2923432537087123,0.7871267850310777
E1,h5_k0p75,baseline_3f,16,5.0,0.75,cusum_fgo,macro,0,90003,2.2301090034400195,0.7163364279987999,1.2889846526356352,0.7842847763041081
E1,h5_k0p75,baseline_3f,17,5.0,0.75,cusum_fgo,follower,1,30001,2.6880368109428066,1.3100437286999527,1.8947202033430506,1.3573219827521792
E1,h5_k0p75,baseline_3f,17,5.0,0.75,cusum_fgo,follower,2,30001,2.7320580371001006,0.9887228670966262,1.5747360524780696,1.0530953224550919
E1,h5_k0p75,baseline_3f,17,5.0,0.75,cusum_fgo,follower,3,30001,1.7421213175015111,0.9881379575643531,1.4171531364189145,1.0298361003282108
E1,h5_k0p75,baseline_3f,17,5.0,0.75,cusum_fgo,pooled,0,90003,2.7320580371001006,1.095634851120311,1.6835508484153392,1.1564161760338587
E1,h5_k0p75,baseline_3f,17,5.0,0.75,cusum_fgo,macro,0,90003,2.3874053885148063,1.0956348511203107,1.6288697974133448,1.146751135178494
E1,h5_k0p75,baseline_3f,18,5.0,0.75,cusum_fgo,follower,1,30001,4.69914718390439,1.404573639605726,2.3846653468284646,1.5537132517669734
E1,h5_k0p75,baseline_3f,18,5.0,0.75,cusum_fgo,follower,2,30001,3.1283547614056664,1.1969762180034222,1.8404364840618426,1.2598348637669003
E1,h5_k0p75,baseline_3f,18,5.0,0.75,cusum_fgo,follower,3,30001,2.1155946931345198,0.5376115085730836,1.1534220131036244,0.6224633335470741
E1,h5_k0p75,baseline_3f,18,5.0,0.75,cusum_fgo,pooled,0,90003,4.69914718390439,1.046387122060744,2.008529358172812,1.2094998076738723
E1,h5_k0p75,baseline_3f,18,5.0,0.75,cusum_fgo,macro,0,90003,3.314365546148192,1.0463871220607441,1.7928412813313106,1.1453371496936493
E1,h5_k0p75,baseline_3f,19,5.0,0.75,cusum_fgo,follower,1,30001,3.343742783071945,0.9915117447750011,1.516690634257615,1.0700751786557072
E1,h5_k0p75,baseline_3f,19,5.0,0.75,cusum_fgo,follower,2,30001,3.2201001319745557,0.8598381260148554,1.4574217848412496,0.9495882953222106
E1,h5_k0p75,baseline_3f,19,5.0,0.75,cusum_fgo,follower,3,30001,1.9389301677362196,0.4729940564872914,0.8153336026752299,0.5327252545684817
E1,h5_k0p75,baseline_3f,19,5.0,0.75,cusum_fgo,pooled,0,90003,3.343742783071945,0.7747813090923826,1.3790108359307502,0.881395676459224
E1,h5_k0p75,baseline_3f,19,5.0,0.75,cusum_fgo,macro,0,90003,2.834257694260907,0.7747813090923827,1.2631486739246982,0.8507962428488
E1,h5_k0p75,baseline_3f,20,5.0,0.75,cusum_fgo,follower,1,30001,4.799723214281793,1.3895216194322688,2.132080400224331,1.5130458478188598
E1,h5_k0p75,baseline_3f,20,5.0,0.75,cusum_fgo,follower,2,30001,2.7856382158458364,0.8581118119036559,1.4233012556611555,0.9229378791357189
E1,h5_k0p75,baseline_3f,20,5.0,0.75,cusum_fgo,follower,3,30001,2.6497785595484276,0.6849928701390916,1.3008208240596784,0.7590975948421198
E1,h5_k0p75,baseline_3f,20,5.0,0.75,cusum_fgo,pooled,0,90003,4.799723214281793,0.977542100491672,1.819355914534684,1.1131563569179492
E1,h5_k0p75,baseline_3f,20,5.0,0.75,cusum_fgo,macro,0,90003,3.411713329892019,0.9775421004916721,1.6187341599817218,1.0650271072655662
E1,h5_k0p75,baseline_3f,21,5.0,0.75,cusum_fgo,follower,1,30001,5.4434026207401045,1.7187922158276403,2.569066192588617,1.8816204117768456
E1,h5_k0p75,baseline_3f,21,5.0,0.75,cusum_fgo,follower,2,30001,5.639918217384843,1.206460789340834,1.8881826799911778,1.370560846535466
E1,h5_k0p75,baseline_3f,21,5.0,0.75,cusum_fgo,follower,3,30001,7.470781150172473,0.6756585342765465,1.4009109483181819,1.1369100369829679
E1,h5_k0p75,baseline_3f,21,5.0,0.75,cusum_fgo,pooled,0,90003,7.470781150172473,1.2003038464816735,2.3694061773643993,1.495715752882645
E1,h5_k0p75,baseline_3f,21,5.0,0.75,cusum_fgo,macro,0,90003,6.184700662765807,1.2003038464816735,1.9527199402993256,1.463030431765093
E1,h5_k0p75,baseline_3f,22,5.0,0.75,cusum_fgo,follower,1,30001,2.986555798354278,0.912116173682145,1.795893139609194,1.0215317313950032
E1,h5_k0p75,baseline_3f,22,5.0,0.75,cusum_fgo,follower,2,30001,5.602948576715429,1.1637109573171809,2.1871325622768207,1.2987203640685898
E1,h5_k0p75,baseline_3f,22,5.0,0.75,cusum_fgo,follower,3,30001,5.920514175501557,1.2027801199904142,1.72159685111193,1.3142440928402939
E1,h5_k0p75,baseline_3f,22,5.0,0.75,cusum_fgo,pooled,0,90003,5.920514175501557,1.0928690836632469,2.028127844874086,1.2189393200454963
E1,h5_k0p75,baseline_3f,22,5.0,0.75,cusum_fgo,macro,0,90003,4.836672850190421,1.0928690836632466,1.901540850999315,1.2114987294346289
E1,h5_k0p75,baseline_3f,23,5.0,0.75,cusum_fgo,follower,1,30001,2.0819523556200705,0.8430893350321146,1.4577881966509987,0.9110918476386485
E1,h5_k0p75,baseline_3f,23,5.0,0.75,cusum_fgo,follower,2,30001,2.149575319330726,1.1056617587344255,1.5600226047267807,1.1414573127865786
E1,h5_k0p75,baseline_3f,23,5.0,0.75,cusum_fgo,follower,3,30001,1.740232206486,0.5649707121877227,0.9452396632825,0.6092271524004221
E1,h5_k0p75,baseline_3f,23,5.0,0.75,cusum_fgo,pooled,0,90003,2.149575319330726,0.8379072686514207,1.4729225260459595,0.9136321059320487
E1,h5_k0p75,baseline_3f,23,5.0,0.75,cusum_fgo,macro,0,90003,1.9905866271455988,0.837907268651421,1.3210168215534264,0.887258770941883
E1,h5_k0p75,baseline_3f,24,5.0,0.75,cusum_fgo,follower,1,30001,2.863626137831378,0.836006069734358,1.5579216940515601,0.9330965521976354
E1,h5_k0p75,baseline_3f,24,5.0,0.75,cusum_fgo,follower,2,30001,3.1422974909504955,0.6844495826427988,1.202171370850222,0.7470962488586317
E1,h5_k0p75,baseline_3f,24,5.0,0.75,cusum_fgo,follower,3,30001,2.242062165203877,0.8488834735334002,1.3769559515129972,0.8958179647111054
E1,h5_k0p75,baseline_3f,24,5.0,0.75,cusum_fgo,pooled,0,90003,3.1422974909504955,0.7897797086368522,1.3914404323227947,0.8624213600247659
E1,h5_k0p75,baseline_3f,24,5.0,0.75,cusum_fgo,macro,0,90003,2.7493285979952504,0.7897797086368524,1.3790163388049264,0.8586702552557908
E1,h5_k0p75,baseline_3f,25,5.0,0.75,cusum_fgo,follower,1,30001,3.086806335899478,0.7467633280289623,1.4841504891484865,0.8696061850133612
E1,h5_k0p75,baseline_3f,25,5.0,0.75,cusum_fgo,follower,2,30001,2.090879599980194,0.7057612553598651,1.2114291495804497,0.7678643080918731
E1,h5_k0p75,baseline_3f,25,5.0,0.75,cusum_fgo,follower,3,30001,1.9844415514608336,0.552414507428403,1.0493561918373484,0.6173802973829476
E1,h5_k0p75,baseline_3f,25,5.0,0.75,cusum_fgo,pooled,0,90003,3.086806335899478,0.6683130302724101,1.2854827713713433,0.7587245754667411
E1,h5_k0p75,baseline_3f,25,5.0,0.75,cusum_fgo,macro,0,90003,2.3873758291135023,0.6683130302724102,1.2483119435220946,0.7516169301627272
E1,h5_k0p75,baseline_3f,26,5.0,0.75,cusum_fgo,follower,1,30001,4.646232412954992,0.9487335887493757,1.7047518899613445,1.0876853123545966
E1,h5_k0p75,baseline_3f,26,5.0,0.75,cusum_fgo,follower,2,30001,2.267777804954887,0.8387613637904587,1.4971462665123136,0.913575735476097
E1,h5_k0p75,baseline_3f,26,5.0,0.75,cusum_fgo,follower,3,30001,2.374021456243878,0.814227427592318,1.418752009438866,0.86909029867188
E1,h5_k0p75,baseline_3f,26,5.0,0.75,cusum_fgo,pooled,0,90003,4.646232412954992,0.8672407933773844,1.510599725937504,0.9614221948773227
E1,h5_k0p75,baseline_3f,26,5.0,0.75,cusum_fgo,macro,0,90003,3.0960105580512525,0.8672407933773841,1.5402167219708414,0.9567837821675246
E1,h5_k0p75,baseline_3f,27,5.0,0.75,cusum_fgo,follower,1,30001,6.200661831293709,1.8084765589065053,2.9952958002860637,2.0069780515288747
E1,h5_k0p75,baseline_3f,27,5.0,0.75,cusum_fgo,follower,2,30001,4.042726879252575,1.0553388765997451,2.313912606609841,1.2019953471856097
E1,h5_k0p75,baseline_3f,27,5.0,0.75,cusum_fgo,follower,3,30001,2.542068114648254,0.7839216043238044,1.3072598848969716,0.8489499165825738
E1,h5_k0p75,baseline_3f,27,5.0,0.75,cusum_fgo,pooled,0,90003,6.200661831293709,1.2159123466100181,2.6021073408092703,1.4368332859498179
E1,h5_k0p75,baseline_3f,27,5.0,0.75,cusum_fgo,macro,0,90003,4.261818941731513,1.2159123466100183,2.2054894305976256,1.3526411050990195
E1,h5_k0p75,baseline_3f,28,5.0,0.75,cusum_fgo,follower,1,30001,4.335860509805765,1.1476710207633902,1.9861107830279783,1.2921122501720539
E1,h5_k0p75,baseline_3f,28,5.0,0.75,cusum_fgo,follower,2,30001,3.3918823312604474,1.2963776516993306,1.79960147957369,1.3508531334112106
E1,h5_k0p75,baseline_3f,28,5.0,0.75,cusum_fgo,follower,3,30001,2.5220182129794253,0.8753699542232593,1.3987448012055872,0.9447925355589957
E1,h5_k0p75,baseline_3f,28,5.0,0.75,cusum_fgo,pooled,0,90003,4.335860509805765,1.1064728755619935,1.8078856834765573,1.2092685379103587
E1,h5_k0p75,baseline_3f,28,5.0,0.75,cusum_fgo,macro,0,90003,3.4165870180152127,1.1064728755619933,1.7281523546024185,1.1959193063807534
E1,h5_k0p75,baseline_3f,29,5.0,0.75,cusum_fgo,follower,1,30001,4.166708941704728,1.530807742624299,2.2332541070283134,1.618462909410639
E1,h5_k0p75,baseline_3f,29,5.0,0.75,cusum_fgo,follower,2,30001,2.491204661203957,0.6331483821396303,1.2942934217641662,0.7291142649739337
E1,h5_k0p75,baseline_3f,29,5.0,0.75,cusum_fgo,follower,3,30001,2.033476461765128,0.7938213215260302,1.3688809708455736,0.8565555165775637
E1,h5_k0p75,baseline_3f,29,5.0,0.75,cusum_fgo,pooled,0,90003,4.166708941704728,0.9859258154299863,1.9235745623577525,1.1379392417151697
E1,h5_k0p75,baseline_3f,29,5.0,0.75,cusum_fgo,macro,0,90003,2.897130021557938,0.9859258154299865,1.6321428332126844,1.068044230320712
E1,h5_k0p75,baseline_3f,30,5.0,0.75,cusum_fgo,follower,1,30001,3.1776883052194758,1.1947857692688735,1.9746786520622561,1.266764338877831
E1,h5_k0p75,baseline_3f,30,5.0,0.75,cusum_fgo,follower,2,30001,2.352117375296327,1.0150592749620477,1.6398528207445542,1.0727006838813817
E1,h5_k0p75,baseline_3f,30,5.0,0.75,cusum_fgo,follower,3,30001,3.3958364026352523,0.6445415706214265,1.2596515326612032,0.7578874795151135
E1,h5_k0p75,baseline_3f,30,5.0,0.75,cusum_fgo,pooled,0,90003,3.3958364026352523,0.9514622049507826,1.734036227603702,1.0535293191708752
E1,h5_k0p75,baseline_3f,30,5.0,0.75,cusum_fgo,macro,0,90003,2.9752140277170187,0.9514622049507825,1.6247276684893377,1.0324508340914422
E1,h5_k0p75,baseline_3f,31,5.0,0.75,cusum_fgo,follower,1,30001,5.861084815333397,1.9098724202444493,3.0691820803728636,2.094220243941419
E1,h5_k0p75,baseline_3f,31,5.0,0.75,cusum_fgo,follower,2,30001,2.5206459010287134,1.4185273049531835,1.999515614138483,1.4715658704708658
E1,h5_k0p75,baseline_3f,31,5.0,0.75,cusum_fgo,follower,3,30001,2.302781820249058,0.9045186673526527,1.5765374597034716,0.9915374288379586
E1,h5_k0p75,baseline_3f,31,5.0,0.75,cusum_fgo,pooled,0,90003,5.861084815333397,1.4109727975167619,2.7003673110838724,1.5847619184023956
E1,h5_k0p75,baseline_3f,31,5.0,0.75,cusum_fgo,macro,0,90003,3.5615041788703894,1.4109727975167619,2.215078384738273,1.519107847750081
E1,h5_k0p75,baseline_3f,32,5.0,0.75,cusum_fgo,follower,1,30001,3.141672939946989,0.8655853747169514,1.726625063461627,0.9682556172757808
E1,h5_k0p75,baseline_3f,32,5.0,0.75,cusum_fgo,follower,2,30001,4.13114455289373,1.1142932036447155,2.090338887603232,1.2501646953225818
E1,h5_k0p75,baseline_3f,32,5.0,0.75,cusum_fgo,follower,3,30001,2.7831688034642372,1.0009629662680424,1.5650930063218245,1.0658017524883263
E1,h5_k0p75,baseline_3f,32,5.0,0.75,cusum_fgo,pooled,0,90003,4.13114455289373,0.9936138482099031,1.8838385952292966,1.1009638325007614
E1,h5_k0p75,baseline_3f,32,5.0,0.75,cusum_fgo,macro,0,90003,3.3519954321016523,0.9936138482099031,1.794018985795561,1.0947406883622295
E1,h5_k0p75,baseline_3f,33,5.0,0.75,cusum_fgo,follower,1,30001,4.127986454976832,2.0142281344297888,3.0682963794347002,2.1530759212357693
E1,h5_k0p75,baseline_3f,33,5.0,0.75,cusum_fgo,follower,2,30001,2.88779248761079,1.1291334763363308,1.6182663156881407,1.1896013945031458
E1,h5_k0p75,baseline_3f,33,5.0,0.75,cusum_fgo,follower,3,30001,2.13540920661888,0.7084034291772103,1.3408385782948977,0.7851140071737848
E1,h5_k0p75,baseline_3f,33,5.0,0.75,cusum_fgo,pooled,0,90003,4.127986454976832,1.28392167998111,2.7268344577620764,1.4907818311956944
E1,h5_k0p75,baseline_3f,33,5.0,0.75,cusum_fgo,macro,0,90003,3.0503960497355007,1.28392167998111,2.009133757805913,1.3759304409709
E1,h5_k0p75,baseline_3f,34,5.0,0.75,cusum_fgo,follower,1,30001,5.00171157356883,1.4433812710954177,3.3629387967347957,1.6482181691816182
E1,h5_k0p75,baseline_3f,34,5.0,0.75,cusum_fgo,follower,2,30001,3.6308488881264176,0.9226409738458594,1.910088688444077,1.0424075631958736
E1,h5_k0p75,baseline_3f,34,5.0,0.75,cusum_fgo,follower,3,30001,1.8541153800832268,1.1032667476656295,1.4777225865009058,1.1318709828961548
E1,h5_k0p75,baseline_3f,34,5.0,0.75,cusum_fgo,pooled,0,90003,5.00171157356883,1.156429664202302,2.189977824120559,1.3018408227007727
E1,h5_k0p75,baseline_3f,34,5.0,0.75,cusum_fgo,macro,0,90003,3.4955586139261583,1.1564296642023022,2.2502500238932597,1.2741655717578821
E1,h5_k0p75,baseline_3f,35,5.0,0.75,cusum_fgo,follower,1,30001,1.9208970012073674,0.6427535111671508,1.2773415453085755,0.7223077064061326
E1,h5_k0p75,baseline_3f,35,5.0,0.75,cusum_fgo,follower,2,30001,2.68330748480718,1.0030330689802005,1.7670991225227672,1.0980806476134892
E1,h5_k0p75,baseline_3f,35,5.0,0.75,cusum_fgo,follower,3,30001,2.181357868135628,0.7627681507609693,1.5273052305872714,0.8499044226909258
E1,h5_k0p75,baseline_3f,35,5.0,0.75,cusum_fgo,pooled,0,90003,2.68330748480718,0.8028515769694401,1.5786474240347652,0.9036679071256476
E1,h5_k0p75,baseline_3f,35,5.0,0.75,cusum_fgo,macro,0,90003,2.261854118050058,0.8028515769694402,1.5239152994728713,0.8900975922368493
E1,h5_k0p75,baseline_3f,36,5.0,0.75,cusum_fgo,follower,1,30001,4.656325048466215,1.8368265939156492,2.6198450167762246,1.9378652130835226
E1,h5_k0p75,baseline_3f,36,5.0,0.75,cusum_fgo,follower,2,30001,3.713209130856653,1.531415279618889,2.361109911297279,1.631450729821659
E1,h5_k0p75,baseline_3f,36,5.0,0.75,cusum_fgo,follower,3,30001,2.918193479985403,0.7311480881217791,1.462527017072164,0.8341638140013593
E1,h5_k0p75,baseline_3f,36,5.0,0.75,cusum_fgo,pooled,0,90003,4.656325048466215,1.3664633205521057,2.437674189990631,1.5397816226664702
E1,h5_k0p75,baseline_3f,36,5.0,0.75,cusum_fgo,macro,0,90003,3.7625758864360903,1.366463320552106,2.1478273150485556,1.4678265856355137
E1,h5_k0p75,baseline_3f,37,5.0,0.75,cusum_fgo,follower,1,30001,2.4521678979803068,0.996740252152865,1.7167368213082659,1.0913508513621306
E1,h5_k0p75,baseline_3f,37,5.0,0.75,cusum_fgo,follower,2,30001,3.344271320177547,1.1976899002308206,1.9077609229498018,1.2744967797778377
E1,h5_k0p75,baseline_3f,37,5.0,0.75,cusum_fgo,follower,3,30001,3.0579926275500164,0.9620976206052927,1.9008134619878951,1.0636499720719703
E1,h5_k0p75,baseline_3f,37,5.0,0.75,cusum_fgo,pooled,0,90003,3.344271320177547,1.0521759243296593,1.8347806141201624,1.146987356152576
E1,h5_k0p75,baseline_3f,37,5.0,0.75,cusum_fgo,macro,0,90003,2.951477281902623,1.0521759243296593,1.8417704020819876,1.1431658677373129
E1,h5_k0p75,baseline_3f,38,5.0,0.75,cusum_fgo,follower,1,30001,2.795126568961225,1.0029367520211383,1.5249162762639754,1.0574358915765074
E1,h5_k0p75,baseline_3f,38,5.0,0.75,cusum_fgo,follower,2,30001,2.365002243106362,0.7182780086357263,1.390162511117889,0.8002366153486706
E1,h5_k0p75,baseline_3f,38,5.0,0.75,cusum_fgo,follower,3,30001,1.8380720793664114,0.8690477083403539,1.4151961858745183,0.9162429610556547
E1,h5_k0p75,baseline_3f,38,5.0,0.75,cusum_fgo,pooled,0,90003,2.795126568961225,0.8634208229990727,1.4509996685631448,0.9306002487683122
E1,h5_k0p75,baseline_3f,38,5.0,0.75,cusum_fgo,macro,0,90003,2.3327336304779993,0.8634208229990729,1.443424991085461,0.9246384893269443
E1,h5_k0p75,baseline_3f,39,5.0,0.75,cusum_fgo,follower,1,30001,2.965525304829165,1.126537336890525,1.8522548221130997,1.2074836876518826
E1,h5_k0p75,baseline_3f,39,5.0,0.75,cusum_fgo,follower,2,30001,2.622862536019822,0.9056448112501153,1.4026756096249084,0.9518627689702773
E1,h5_k0p75,baseline_3f,39,5.0,0.75,cusum_fgo,follower,3,30001,2.0572054509859132,0.738995587365769,1.2080494205061605,0.7901869955907818
E1,h5_k0p75,baseline_3f,39,5.0,0.75,cusum_fgo,pooled,0,90003,2.965525304829165,0.9237259118354697,1.5988055959781464,0.9980739910611068
E1,h5_k0p75,baseline_3f,39,5.0,0.75,cusum_fgo,macro,0,90003,2.5485310972783,0.9237259118354698,1.4876599507480561,0.9831778174043139
E1,h5_k0p75,baseline_3f,40,5.0,0.75,cusum_fgo,follower,1,30001,3.532121222133243,0.7846238503977129,1.5154754951896412,0.8827748035961097
E1,h5_k0p75,baseline_3f,40,5.0,0.75,cusum_fgo,follower,2,30001,5.854728304583862,1.490791482223925,3.003121698768725,1.7159463831608381
E1,h5_k0p75,baseline_3f,40,5.0,0.75,cusum_fgo,follower,3,30001,2.2468837502992396,0.5406209696126101,1.0282588969065982,0.6088848619774767
E1,h5_k0p75,baseline_3f,40,5.0,0.75,cusum_fgo,pooled,0,90003,5.854728304583862,0.9386787674114161,2.123942159007682,1.1682614032387677
E1,h5_k0p75,baseline_3f,40,5.0,0.75,cusum_fgo,macro,0,90003,3.8779110923387816,0.938678767411416,1.8489520302883211,1.0692020162448082
E1,h5_k0p75,baseline_3f,41,5.0,0.75,cusum_fgo,follower,1,30001,3.6395750239908673,1.4201328634911117,2.2644652508567735,1.5168755468920885
E1,h5_k0p75,baseline_3f,41,5.0,0.75,cusum_fgo,follower,2,30001,2.56701555181568,0.7271020190871864,1.726548189523947,0.847418734103277
E1,h5_k0p75,baseline_3f,41,5.0,0.75,cusum_fgo,follower,3,30001,2.4521277130354124,0.8473027413617495,1.6027543148055163,0.925724170723171
E1,h5_k0p75,baseline_3f,41,5.0,0.75,cusum_fgo,pooled,0,90003,3.6395750239908673,0.9981792079800159,2.004967466480912,1.136661071725645
E1,h5_k0p75,baseline_3f,41,5.0,0.75,cusum_fgo,macro,0,90003,2.886239429613987,0.9981792079800158,1.8645892517287457,1.0966728172395122
E1,h5_k0p75,baseline_3f,42,5.0,0.75,cusum_fgo,follower,1,30001,4.379703631633454,1.0650260382531063,1.7141401678165358,1.1606109804219977
E1,h5_k0p75,baseline_3f,42,5.0,0.75,cusum_fgo,follower,2,30001,3.2298969334578467,0.8122460543774572,1.5831073937202278,0.8995441264126681
E1,h5_k0p75,baseline_3f,42,5.0,0.75,cusum_fgo,follower,3,30001,2.065168296552079,0.7045853250676626,1.51292407130857,0.797025066790191
E1,h5_k0p75,baseline_3f,42,5.0,0.75,cusum_fgo,pooled,0,90003,4.379703631633454,0.8606191392327421,1.6056472229189582,0.9646150251666119
E1,h5_k0p75,baseline_3f,42,5.0,0.75,cusum_fgo,macro,0,90003,3.2249229538811264,0.860619139232742,1.603390544281778,0.9523933912082857
E1,h5_k0p75,baseline_3f,43,5.0,0.75,cusum_fgo,follower,1,30001,2.6236410927106593,0.8574837468810496,1.358026940565819,0.9173797632248469
E1,h5_k0p75,baseline_3f,43,5.0,0.75,cusum_fgo,follower,2,30001,2.479902550642238,1.128124102776951,1.6251575042219437,1.1765343087353635
E1,h5_k0p75,baseline_3f,43,5.0,0.75,cusum_fgo,follower,3,30001,1.9275657604318914,0.5202697302633859,0.9773441509895889,0.5759052030009763
E1,h5_k0p75,baseline_3f,43,5.0,0.75,cusum_fgo,pooled,0,90003,2.6236410927106593,0.8352925266404622,1.505359201000916,0.923306632426713
E1,h5_k0p75,baseline_3f,43,5.0,0.75,cusum_fgo,macro,0,90003,2.3437031345949295,0.8352925266404622,1.3201761985924505,0.8899397583203955
E1,h5_k0p75,baseline_3f,44,5.0,0.75,cusum_fgo,follower,1,30001,3.0814420830046796,1.1238741672649082,1.7599399594106553,1.1884997925229968
E1,h5_k0p75,baseline_3f,44,5.0,0.75,cusum_fgo,follower,2,30001,2.59726957916541,1.0350895000389462,1.5723545432987236,1.1004306574394584
E1,h5_k0p75,baseline_3f,44,5.0,0.75,cusum_fgo,follower,3,30001,2.7479101908104355,0.9400753841095657,1.3931582652399583,0.9852177297013209
E1,h5_k0p75,baseline_3f,44,5.0,0.75,cusum_fgo,pooled,0,90003,3.0814420830046796,1.0330130171378067,1.5918556719408006,1.0945521707647792
E1,h5_k0p75,baseline_3f,44,5.0,0.75,cusum_fgo,macro,0,90003,2.808873950993508,1.0330130171378067,1.5751509226497793,1.0913827265545921
E1,h5_k0p75,baseline_3f,45,5.0,0.75,cusum_fgo,follower,1,30001,4.426452800979741,1.7610966389237184,2.669412634201495,1.8913800223234283
E1,h5_k0p75,baseline_3f,45,5.0,0.75,cusum_fgo,follower,2,30001,3.193257363670645,0.8249185581701889,1.4529569343693074,0.9160760123918442
E1,h5_k0p75,baseline_3f,45,5.0,0.75,cusum_fgo,follower,3,30001,2.6998457355671137,1.2111110991776526,1.627342021122037,1.2497450952127342
E1,h5_k0p75,baseline_3f,45,5.0,0.75,cusum_fgo,pooled,0,90003,4.426452800979741,1.265708765423853,2.3655336710380266,1.41166290267096
E1,h5_k0p75,baseline_3f,45,5.0,0.75,cusum_fgo,macro,0,90003,3.439851966739166,1.2657087654238532,1.9165705298976132,1.352400376642669
E1,h5_k0p75,baseline_3f,46,5.0,0.75,cusum_fgo,follower,1,30001,4.554313152070595,1.1608415628739825,1.7791103149721719,1.2740763524848198
E1,h5_k0p75,baseline_3f,46,5.0,0.75,cusum_fgo,follower,2,30001,3.0593522278164675,1.206929495388777,1.7364540225345946,1.2594998137902442
E1,h5_k0p75,baseline_3f,46,5.0,0.75,cusum_fgo,follower,3,30001,2.7669583077589612,0.892250585192199,1.4312760289806146,0.9519536504247068
E1,h5_k0p75,baseline_3f,46,5.0,0.75,cusum_fgo,pooled,0,90003,4.554313152070595,1.086673881151653,1.6906488143579477,1.1712992907387942
E1,h5_k0p75,baseline_3f,46,5.0,0.75,cusum_fgo,macro,0,90003,3.4602078958820077,1.0866738811516528,1.648946788829127,1.1618432722332568
E1,h5_k0p75,baseline_3f,47,5.0,0.75,cusum_fgo,follower,1,30001,2.710972040545803,0.9023338258966387,1.6268877238549748,0.9748151631929447
E1,h5_k0p75,baseline_3f,47,5.0,0.75,cusum_fgo,follower,2,30001,2.864397529601824,0.844222824831519,1.424344255274911,0.9111423505303993
E1,h5_k0p75,baseline_3f,47,5.0,0.75,cusum_fgo,follower,3,30001,2.1050050483973277,0.7530657197301066,1.2675427263603924,0.8134291454093462
E1,h5_k0p75,baseline_3f,47,5.0,0.75,cusum_fgo,pooled,0,90003,2.864397529601824,0.8332074568194215,1.435263742001202,0.9022401675685412
E1,h5_k0p75,baseline_3f,47,5.0,0.75,cusum_fgo,macro,0,90003,2.560124872848318,0.8332074568194213,1.4395915684967597,0.8997955530442301
E1,h5_k0p75,baseline_3f,48,5.0,0.75,cusum_fgo,follower,1,30001,4.558513549452779,0.9000599562054975,1.88974920013551,1.1195135852216853
E1,h5_k0p75,baseline_3f,48,5.0,0.75,cusum_fgo,follower,2,30001,2.7194161700172854,0.7100268650483869,1.2891248128131716,0.7864261613149213
E1,h5_k0p75,baseline_3f,48,5.0,0.75,cusum_fgo,follower,3,30001,1.7331352048900814,0.43743159525819614,0.8492251675103545,0.49049965553517977
E1,h5_k0p75,baseline_3f,48,5.0,0.75,cusum_fgo,pooled,0,90003,4.558513549452779,0.6825061388373602,1.407135075128923,0.8391199133172335
E1,h5_k0p75,baseline_3f,48,5.0,0.75,cusum_fgo,macro,0,90003,3.0036883081200485,0.6825061388373602,1.3426997268196788,0.7988131340239288
E1,h5_k0p75,baseline_3f,49,5.0,0.75,cusum_fgo,follower,1,30001,3.464554974179759,1.2503298863444439,1.8512990541138488,1.3388488753326602
E1,h5_k0p75,baseline_3f,49,5.0,0.75,cusum_fgo,follower,2,30001,3.12145250999392,0.9340085509044126,1.4920332932989173,0.9945070818567091
E1,h5_k0p75,baseline_3f,49,5.0,0.75,cusum_fgo,follower,3,30001,2.93489969016374,1.1400225334440297,1.7446641086801618,1.2077133694697042
E1,h5_k0p75,baseline_3f,49,5.0,0.75,cusum_fgo,pooled,0,90003,3.464554974179759,1.1081203235642954,1.7603557545426023,1.188855504205416
E1,h5_k0p75,baseline_3f,49,5.0,0.75,cusum_fgo,macro,0,90003,3.1736357247791402,1.1081203235642956,1.6959988186976427,1.180356442219691
E1,h5_k0p75,baseline_3f,50,5.0,0.75,cusum_fgo,follower,1,30001,2.5580750413955795,1.1070677401708227,1.7637245954451526,1.1632737032705371
E1,h5_k0p75,baseline_3f,50,5.0,0.75,cusum_fgo,follower,2,30001,2.596901488256393,1.0581912860532383,1.685729225436192,1.1266436127381312
E1,h5_k0p75,baseline_3f,50,5.0,0.75,cusum_fgo,follower,3,30001,2.4544811372353945,0.9095007837869228,1.4262385915987716,0.9601780759857753
E1,h5_k0p75,baseline_3f,50,5.0,0.75,cusum_fgo,pooled,0,90003,2.596901488256393,1.0249199366703279,1.6857092982238782,1.0869641938978676
E1,h5_k0p75,baseline_3f,50,5.0,0.75,cusum_fgo,macro,0,90003,2.536485888962456,1.0249199366703279,1.6252308041600385,1.0833651306648144
E1,h5_k0p75,healthy_maneuver,1,5.0,0.75,cusum_fgo,follower,1,30001,2.266116464551638,0.912004844225307,1.4457096687535855,0.9690287351804797
E1,h5_k0p75,healthy_maneuver,1,5.0,0.75,cusum_fgo,follower,2,30001,1.7515371487652682,0.7871912103571236,1.212499249396044,0.8335916080781197
E1,h5_k0p75,healthy_maneuver,1,5.0,0.75,cusum_fgo,follower,3,30001,1.620915959071593,0.8210394715712704,1.265098114454421,0.8668005928614919
E1,h5_k0p75,healthy_maneuver,1,5.0,0.75,cusum_fgo,pooled,0,90003,2.266116464551638,0.8400785087179004,1.3246538221329103,0.8916716373285963
E1,h5_k0p75,healthy_maneuver,1,5.0,0.75,cusum_fgo,macro,0,90003,1.8795231907961663,0.8400785087179004,1.307769010868017,0.8898069787066971
E1,h5_k0p75,healthy_maneuver,2,5.0,0.75,cusum_fgo,follower,1,30001,2.2355993776055323,0.7889023313972878,1.3663253801148811,0.8456529382771214
E1,h5_k0p75,healthy_maneuver,2,5.0,0.75,cusum_fgo,follower,2,30001,2.432641736078483,1.3419354187674533,1.8919103461792417,1.3948648879495387
E1,h5_k0p75,healthy_maneuver,2,5.0,0.75,cusum_fgo,follower,3,30001,2.3324430124165225,0.9488140067244051,1.4637755176405183,1.0017407999993777
E1,h5_k0p75,healthy_maneuver,2,5.0,0.75,cusum_fgo,pooled,0,90003,2.432641736078483,1.0265505856297157,1.7423481898687523,1.1051789565547896
E1,h5_k0p75,healthy_maneuver,2,5.0,0.75,cusum_fgo,macro,0,90003,2.333561375366846,1.0265505856297155,1.5740037479782136,1.0807528754086793
E1,h5_k0p75,healthy_maneuver,3,5.0,0.75,cusum_fgo,follower,1,30001,1.9108397541720474,0.6198822262972676,1.1665766870006966,0.688548445000653
E1,h5_k0p75,healthy_maneuver,3,5.0,0.75,cusum_fgo,follower,2,30001,1.7512515565911742,0.7773090908733752,1.2396161854406884,0.8267250488583614
E1,h5_k0p75,healthy_maneuver,3,5.0,0.75,cusum_fgo,follower,3,30001,1.4149717242265074,0.42361491584889216,0.7440959084872778,0.460624788331064
E1,h5_k0p75,healthy_maneuver,3,5.0,0.75,cusum_fgo,pooled,0,90003,1.9108397541720474,0.6069354110065117,1.1545536585813287,0.6757091245863402
E1,h5_k0p75,healthy_maneuver,3,5.0,0.75,cusum_fgo,macro,0,90003,1.6923543449965763,0.6069354110065117,1.0500962603095543,0.6586327607300261
E1,h5_k0p75,healthy_maneuver,4,5.0,0.75,cusum_fgo,follower,1,30001,2.660201834508401,1.3490474147718927,1.8664136942180454,1.3896744979926812
E1,h5_k0p75,healthy_maneuver,4,5.0,0.75,cusum_fgo,follower,2,30001,1.6468104245088548,0.9424005873525845,1.3353234900578812,0.9752607171971881
E1,h5_k0p75,healthy_maneuver,4,5.0,0.75,cusum_fgo,follower,3,30001,1.9499777096975572,0.8565163599146564,1.4088289865162957,0.9196336587428771
E1,h5_k0p75,healthy_maneuver,4,5.0,0.75,cusum_fgo,pooled,0,90003,2.660201834508401,1.0493214540130447,1.6752593106092066,1.1147577828347577
E1,h5_k0p75,healthy_maneuver,4,5.0,0.75,cusum_fgo,macro,0,90003,2.0856633229049377,1.0493214540130447,1.5368553902640743,1.0948562913109157
E1,h5_k0p75,healthy_maneuver,5,5.0,0.75,cusum_fgo,follower,1,30001,2.60008458374243,1.5438124947872878,2.2360077750888943,1.6332751455872507
E1,h5_k0p75,healthy_maneuver,5,5.0,0.75,cusum_fgo,follower,2,30001,1.6192594696140226,0.4615410278936897,0.8239968428067035,0.5031958388887292
E1,h5_k0p75,healthy_maneuver,5,5.0,0.75,cusum_fgo,follower,3,30001,1.4864866918391197,0.8258734596830414,1.1379485061086356,0.8457311203887484
E1,h5_k0p75,healthy_maneuver,5,5.0,0.75,cusum_fgo,pooled,0,90003,2.60008458374243,0.9437423274546729,2.0795556363164707,1.1009170240398072
E1,h5_k0p75,healthy_maneuver,5,5.0,0.75,cusum_fgo,macro,0,90003,1.9019435817318573,0.943742327454673,1.3993177080014112,0.9940673682882428
E1,h5_k0p75,healthy_maneuver,6,5.0,0.75,cusum_fgo,follower,1,30001,2.5966525394488036,1.0499052762856047,1.8227093780535688,1.1409208078545674
E1,h5_k0p75,healthy_maneuver,6,5.0,0.75,cusum_fgo,follower,2,30001,2.567903762953845,1.45741790700054,2.0820780442742968,1.5398497806358769
E1,h5_k0p75,healthy_maneuver,6,5.0,0.75,cusum_fgo,follower,3,30001,1.8674412035450936,0.7558069336598562,1.1635292330999074,0.7923558827234733
E1,h5_k0p75,healthy_maneuver,6,5.0,0.75,cusum_fgo,pooled,0,90003,2.5966525394488036,1.0877100389820002,1.9416865588774428,1.1973116388540859
E1,h5_k0p75,healthy_maneuver,6,5.0,0.75,cusum_fgo,macro,0,90003,2.343999168649247,1.0877100389820005,1.6894388851425912,1.1577088237379725
E1,h5_k0p75,healthy_maneuver,7,5.0,0.75,cusum_fgo,follower,1,30001,1.9914564517048179,0.7645519189408106,1.329461540689393,0.8268286134841296
E1,h5_k0p75,healthy_maneuver,7,5.0,0.75,cusum_fgo,follower,2,30001,2.590950856705331,1.2566603324442076,1.8596652222764718,1.3202779504766964
E1,h5_k0p75,healthy_maneuver,7,5.0,0.75,cusum_fgo,follower,3,30001,1.318383669153354,0.5034602623254659,0.9743312559586528,0.5573870254423609
E1,h5_k0p75,healthy_maneuver,7,5.0,0.75,cusum_fgo,pooled,0,90003,2.590950856705331,0.8415575045701614,1.668523407112639,0.9552416306398637
E1,h5_k0p75,healthy_maneuver,7,5.0,0.75,cusum_fgo,macro,0,90003,1.966930325854501,0.8415575045701614,1.3878193396415057,0.9014978631343956
E1,h5_k0p75,healthy_maneuver,8,5.0,0.75,cusum_fgo,follower,1,30001,2.537888930792906,1.0614516661055167,1.7417299583600963,1.131315881177316
E1,h5_k0p75,healthy_maneuver,8,5.0,0.75,cusum_fgo,follower,2,30001,2.0624353560576645,0.5493906337886888,1.0385501344061163,0.6082833997284844
E1,h5_k0p75,healthy_maneuver,8,5.0,0.75,cusum_fgo,follower,3,30001,1.7053174958724417,0.8115695604350428,1.2392824503660311,0.8510545567452205
E1,h5_k0p75,healthy_maneuver,8,5.0,0.75,cusum_fgo,pooled,0,90003,2.537888930792906,0.8074706201097495,1.5148167272971795,0.8896025659334349
E1,h5_k0p75,healthy_maneuver,8,5.0,0.75,cusum_fgo,macro,0,90003,2.101880594241004,0.8074706201097493,1.3398541810440812,0.863551279217007
E1,h5_k0p75,healthy_maneuver,9,5.0,0.75,cusum_fgo,follower,1,30001,2.1088048543249087,0.8008074379022597,1.3211471918892947,0.8593963386423303
E1,h5_k0p75,healthy_maneuver,9,5.0,0.75,cusum_fgo,follower,2,30001,1.9512690012223948,0.6843346777394452,1.3507045475329722,0.7614120253878871
E1,h5_k0p75,healthy_maneuver,9,5.0,0.75,cusum_fgo,follower,3,30001,1.7094541992992471,0.7165484590439366,1.2336729499454158,0.7657866046128321
E1,h5_k0p75,healthy_maneuver,9,5.0,0.75,cusum_fgo,pooled,0,90003,2.1088048543249087,0.7338968582285471,1.2989640194385432,0.796814378861555
E1,h5_k0p75,healthy_maneuver,9,5.0,0.75,cusum_fgo,macro,0,90003,1.9231760182821835,0.7338968582285471,1.3018415631225608,0.7955316562143498
E1,h5_k0p75,healthy_maneuver,10,5.0,0.75,cusum_fgo,follower,1,30001,1.9219778180476146,0.6095548104970862,1.061541339638323,0.6568839635910645
E1,h5_k0p75,healthy_maneuver,10,5.0,0.75,cusum_fgo,follower,2,30001,1.935256613939816,0.9836393019892732,1.6143785559193442,1.0486140879785835
E1,h5_k0p75,healthy_maneuver,10,5.0,0.75,cusum_fgo,follower,3,30001,1.1208860828293268,0.38007115525897905,0.711748217662756,0.42304805632190445
E1,h5_k0p75,healthy_maneuver,10,5.0,0.75,cusum_fgo,pooled,0,90003,1.935256613939816,0.6577550892484461,1.4315784943387182,0.7549961821289792
E1,h5_k0p75,healthy_maneuver,10,5.0,0.75,cusum_fgo,macro,0,90003,1.6593735049389193,0.6577550892484462,1.1292227044068077,0.7095153692971842
E1,h5_k0p75,healthy_maneuver,11,5.0,0.75,cusum_fgo,follower,1,30001,2.223835289144577,0.9206633791937924,1.4770424278906444,0.9730062252337327
E1,h5_k0p75,healthy_maneuver,11,5.0,0.75,cusum_fgo,follower,2,30001,2.5131038621099075,1.129254020657719,1.7158402851259162,1.1783012785059788
E1,h5_k0p75,healthy_maneuver,11,5.0,0.75,cusum_fgo,follower,3,30001,1.5772027162092797,0.5915090680280041,1.1168862086609797,0.6459264237734537
E1,h5_k0p75,healthy_maneuver,11,5.0,0.75,cusum_fgo,pooled,0,90003,2.5131038621099075,0.8804754892931719,1.562949889328341,0.957837140332528
E1,h5_k0p75,healthy_maneuver,11,5.0,0.75,cusum_fgo,macro,0,90003,2.104713955821255,0.8804754892931719,1.4365896405591798,0.9324113091710551
E1,h5_k0p75,healthy_maneuver,12,5.0,0.75,cusum_fgo,follower,1,30001,2.181068477627953,0.9041104161348611,1.4965123659545025,0.9688009525408102
E1,h5_k0p75,healthy_maneuver,12,5.0,0.75,cusum_fgo,follower,2,30001,1.715441352920476,0.6232237646625387,1.0510121343912293,0.6684403405971943
E1,h5_k0p75,healthy_maneuver,12,5.0,0.75,cusum_fgo,follower,3,30001,1.7915619389131638,0.9921813814546397,1.352861966334639,1.022220733681494
E1,h5_k0p75,healthy_maneuver,12,5.0,0.75,cusum_fgo,pooled,0,90003,2.181068477627953,0.8398385207506799,1.3674691274130033,0.9000598133735346
E1,h5_k0p75,healthy_maneuver,12,5.0,0.75,cusum_fgo,macro,0,90003,1.8960239231538643,0.8398385207506799,1.3001288222267904,0.8864873422731661
E1,h5_k0p75,healthy_maneuver,13,5.0,0.75,cusum_fgo,follower,1,30001,2.1902631029510116,1.2355241127239884,1.7545369620867695,1.2782509751812594
E1,h5_k0p75,healthy_maneuver,13,5.0,0.75,cusum_fgo,follower,2,30001,2.110574287714579,0.729772514314984,1.3212836338495844,0.7943329117185661
E1,h5_k0p75,healthy_maneuver,13,5.0,0.75,cusum_fgo,follower,3,30001,2.284273282827375,0.9255888530111243,1.6004983812558418,1.0083752676705553
E1,h5_k0p75,healthy_maneuver,13,5.0,0.75,cusum_fgo,pooled,0,90003,2.284273282827375,0.9636284933500322,1.6447410625168832,1.0458984990015046
E1,h5_k0p75,healthy_maneuver,13,5.0,0.75,cusum_fgo,macro,0,90003,2.1950368911643214,0.9636284933500322,1.5587729923973985,1.0269863848567935
E1,h5_k0p75,healthy_maneuver,14,5.0,0.75,cusum_fgo,follower,1,30001,2.344608096213897,0.7482730662608362,1.3630933807099703,0.8222541014624764
E1,h5_k0p75,healthy_maneuver,14,5.0,0.75,cusum_fgo,follower,2,30001,2.5336380991274936,0.8111974042324224,1.7118499709495865,0.9369886330161374
E1,h5_k0p75,healthy_maneuver,14,5.0,0.75,cusum_fgo,follower,3,30001,1.932482271414455,1.0016854822917256,1.5264492659316664,1.050556022384297
E1,h5_k0p75,healthy_maneuver,14,5.0,0.75,cusum_fgo,pooled,0,90003,2.5336380991274936,0.8537186509283281,1.5866211950285305,0.9412257012253098
E1,h5_k0p75,healthy_maneuver,14,5.0,0.75,cusum_fgo,macro,0,90003,2.2702428222519484,0.8537186509283282,1.5337975391970744,0.9365995856209702
E1,h5_k0p75,healthy_maneuver,15,5.0,0.75,cusum_fgo,follower,1,30001,2.3402970611767855,1.1090773012833588,1.7287140286915008,1.1681971587504114
E1,h5_k0p75,healthy_maneuver,15,5.0,0.75,cusum_fgo,follower,2,30001,2.4726940489971256,1.2268253820993198,1.8619350287472685,1.281421751386843
E1,h5_k0p75,healthy_maneuver,15,5.0,0.75,cusum_fgo,follower,3,30001,1.26702485463195,0.5152232803422586,0.9323219724588977,0.5614932781712405
E1,h5_k0p75,healthy_maneuver,15,5.0,0.75,cusum_fgo,pooled,0,90003,2.4726940489971256,0.9503753212416458,1.695900690361928,1.0522992299517826
E1,h5_k0p75,healthy_maneuver,15,5.0,0.75,cusum_fgo,macro,0,90003,2.0266719882686206,0.9503753212416456,1.5076570099658888,1.0037040627694982
E1,h5_k0p75,healthy_maneuver,16,5.0,0.75,cusum_fgo,follower,1,30001,2.218546844466134,0.7448029835682984,1.4833977010240063,0.8416959417105948
E1,h5_k0p75,healthy_maneuver,16,5.0,0.75,cusum_fgo,follower,2,30001,2.25262963345268,0.7182517924595767,1.1153104765531772,0.7604623946030593
E1,h5_k0p75,healthy_maneuver,16,5.0,0.75,cusum_fgo,follower,3,30001,1.4520345801918844,0.6244908172770514,1.087729153825761,0.6764946237485281
E1,h5_k0p75,healthy_maneuver,16,5.0,0.75,cusum_fgo,pooled,0,90003,2.25262963345268,0.6958485311016422,1.2248742172868976,0.7625396356601553
E1,h5_k0p75,healthy_maneuver,16,5.0,0.75,cusum_fgo,macro,0,90003,1.9744036860368992,0.6958485311016421,1.2288124438009815,0.759550986687394
E1,h5_k0p75,healthy_maneuver,17,5.0,0.75,cusum_fgo,follower,1,30001,2.3094870144807937,1.2515779326488221,1.7493278740420488,1.2899042128748837
E1,h5_k0p75,healthy_maneuver,17,5.0,0.75,cusum_fgo,follower,2,30001,2.0547218371904665,0.9397343989165168,1.3486327664383724,0.9768260569687321
E1,h5_k0p75,healthy_maneuver,17,5.0,0.75,cusum_fgo,follower,3,30001,1.7323462943275154,0.9533364743431673,1.3445202365029634,0.9906773500190058
E1,h5_k0p75,healthy_maneuver,17,5.0,0.75,cusum_fgo,pooled,0,90003,2.3094870144807937,1.0482162686361687,1.5709076731990035,1.0953665498827525
E1,h5_k0p75,healthy_maneuver,17,5.0,0.75,cusum_fgo,macro,0,90003,2.0321850486662587,1.0482162686361687,1.4808269589944614,1.085802539954207
E1,h5_k0p75,healthy_maneuver,18,5.0,0.75,cusum_fgo,follower,1,30001,2.66411629425261,1.3162306975093987,2.118970661465736,1.4079961096854658
E1,h5_k0p75,healthy_maneuver,18,5.0,0.75,cusum_fgo,follower,2,30001,1.9759680876488182,1.1170744456459176,1.571107233284262,1.156993412532638
E1,h5_k0p75,healthy_maneuver,18,5.0,0.75,cusum_fgo,follower,3,30001,1.163312576559893,0.4603844291649797,0.8630404787319188,0.5072721397911643
E1,h5_k0p75,healthy_maneuver,18,5.0,0.75,cusum_fgo,pooled,0,90003,2.66411629425261,0.9645631907734321,1.8718226431620615,1.092155639906943
E1,h5_k0p75,healthy_maneuver,18,5.0,0.75,cusum_fgo,macro,0,90003,1.9344656528204407,0.9645631907734321,1.5177061244939722,1.0240872206697562
E1,h5_k0p75,healthy_maneuver,19,5.0,0.75,cusum_fgo,follower,1,30001,1.733846498967804,0.9279200584662111,1.371802057376153,0.9615178105361116
E1,h5_k0p75,healthy_maneuver,19,5.0,0.75,cusum_fgo,follower,2,30001,1.6361156101873537,0.7987935149506311,1.2689386996968839,0.8443955037845536
E1,h5_k0p75,healthy_maneuver,19,5.0,0.75,cusum_fgo,follower,3,30001,1.2530966412776114,0.4552286217240566,0.8062778536611602,0.49669814224946923
E1,h5_k0p75,healthy_maneuver,19,5.0,0.75,cusum_fgo,pooled,0,90003,1.733846498967804,0.7273140650469662,1.260182875634632,0.7925127362391517
E1,h5_k0p75,healthy_maneuver,19,5.0,0.75,cusum_fgo,macro,0,90003,1.54101958347759,0.7273140650469663,1.1490062035780657,0.7675371521900449
E1,h5_k0p75,healthy_maneuver,20,5.0,0.75,cusum_fgo,follower,1,30001,2.565408772636586,1.2865340552496654,1.9552558685963466,1.3510062606494488
E1,h5_k0p75,healthy_maneuver,20,5.0,0.75,cusum_fgo,follower,2,30001,1.8774918615539604,0.8119033600895589,1.3273559119377827,0.861658794674791
E1,h5_k0p75,healthy_maneuver,20,5.0,0.75,cusum_fgo,follower,3,30001,1.6825185094354351,0.6341538394911839,1.1984505519152047,0.6905834922555423
E1,h5_k0p75,healthy_maneuver,20,5.0,0.75,cusum_fgo,pooled,0,90003,2.565408772636586,0.9108637516101361,1.678842000653685,1.0074024939632753
E1,h5_k0p75,healthy_maneuver,20,5.0,0.75,cusum_fgo,macro,0,90003,2.0418063812086604,0.9108637516101359,1.4936874441497778,0.9677495158599273
E1,h5_k0p75,healthy_maneuver,21,5.0,0.75,cusum_fgo,follower,1,30001,2.9894228720817284,1.5969915811488913,2.351184261089809,1.6904181645465879
E1,h5_k0p75,healthy_maneuver,21,5.0,0.75,cusum_fgo,follower,2,30001,1.815213085548069,1.0131355184513453,1.433330993319855,1.0574825670978802
E1,h5_k0p75,healthy_maneuver,21,5.0,0.75,cusum_fgo,follower,3,30001,1.305580194503676,0.4791544724120031,0.8938531692357009,0.5216288749336544
E1,h5_k0p75,healthy_maneuver,21,5.0,0.75,cusum_fgo,pooled,0,90003,2.9894228720817284,1.02976052400408,2.153259869232582,1.1899411237409363
E1,h5_k0p75,healthy_maneuver,21,5.0,0.75,cusum_fgo,macro,0,90003,2.0367387173778244,1.02976052400408,1.5594561412151215,1.0898432021927074
E1,h5_k0p75,healthy_maneuver,22,5.0,0.75,cusum_fgo,follower,1,30001,2.701861575946058,0.8478514855956326,1.5372667876067927,0.9259943305376414
E1,h5_k0p75,healthy_maneuver,22,5.0,0.75,cusum_fgo,follower,2,30001,2.6140450610870936,0.9700380810297459,1.6043760203351654,1.0313756679226262
E1,h5_k0p75,healthy_maneuver,22,5.0,0.75,cusum_fgo,follower,3,30001,2.064778910137611,1.0646815492699038,1.4887317614202487,1.09959341848216
E1,h5_k0p75,healthy_maneuver,22,5.0,0.75,cusum_fgo,pooled,0,90003,2.701861575946058,0.9608570386317606,1.5364367365304485,1.0214869805892421
E1,h5_k0p75,healthy_maneuver,22,5.0,0.75,cusum_fgo,macro,0,90003,2.4602285157235877,0.9608570386317608,1.5434581897874022,1.018987805647476
E1,h5_k0p75,healthy_maneuver,23,5.0,0.75,cusum_fgo,follower,1,30001,2.072263538194302,0.8052517893654709,1.2561421648034068,0.8595642620862598
E1,h5_k0p75,healthy_maneuver,23,5.0,0.75,cusum_fgo,follower,2,30001,2.149575344516291,1.0986502106222722,1.5485159840424245,1.1337016183913455
E1,h5_k0p75,healthy_maneuver,23,5.0,0.75,cusum_fgo,follower,3,30001,1.635879815152464,0.5239167829411624,0.8467415432835499,0.5572562842464854
E1,h5_k0p75,healthy_maneuver,23,5.0,0.75,cusum_fgo,pooled,0,90003,2.149575344516291,0.8092729276429684,1.4203644817921894,0.8821686623564401
E1,h5_k0p75,healthy_maneuver,23,5.0,0.75,cusum_fgo,macro,0,90003,1.9525728992876854,0.8092729276429685,1.2171332307097937,0.8501740549080302
E1,h5_k0p75,healthy_maneuver,24,5.0,0.75,cusum_fgo,follower,1,30001,2.4690382056649995,0.7457118137191432,1.3040406058831957,0.8177435696282693
E1,h5_k0p75,healthy_maneuver,24,5.0,0.75,cusum_fgo,follower,2,30001,3.142297464770318,0.6033162888254875,0.9420390192238101,0.6407654512948481
E1,h5_k0p75,healthy_maneuver,24,5.0,0.75,cusum_fgo,follower,3,30001,1.729964871159707,0.8184154028870119,1.2393005064853941,0.855402152733554
E1,h5_k0p75,healthy_maneuver,24,5.0,0.75,cusum_fgo,pooled,0,90003,3.142297464770318,0.7224811684772142,1.1946252799820611,0.7769594052335623
E1,h5_k0p75,healthy_maneuver,24,5.0,0.75,cusum_fgo,macro,0,90003,2.4471001805316748,0.7224811684772142,1.1617933771974667,0.7713037245522237
E1,h5_k0p75,healthy_maneuver,25,5.0,0.75,cusum_fgo,follower,1,30001,1.8761986780173947,0.6392937481457852,1.3099328023846988,0.727410052644956
E1,h5_k0p75,healthy_maneuver,25,5.0,0.75,cusum_fgo,follower,2,30001,1.6632159954233472,0.6572115699289998,1.0378866265391988,0.7012503661434468
E1,h5_k0p75,healthy_maneuver,25,5.0,0.75,cusum_fgo,follower,3,30001,1.5108594594914586,0.5241593666342055,0.9174152107414086,0.5733801991184179
E1,h5_k0p75,healthy_maneuver,25,5.0,0.75,cusum_fgo,pooled,0,90003,1.8761986780173947,0.6068882282363302,1.1162346561212284,0.6707315194239626
E1,h5_k0p75,healthy_maneuver,25,5.0,0.75,cusum_fgo,macro,0,90003,1.6834247109774,0.6068882282363302,1.088411546555102,0.667346872635607
E1,h5_k0p75,healthy_maneuver,26,5.0,0.75,cusum_fgo,follower,1,30001,2.2320158198209974,0.8410716685043752,1.3772986573343846,0.8923924926143234
E1,h5_k0p75,healthy_maneuver,26,5.0,0.75,cusum_fgo,follower,2,30001,2.06937473751026,0.7639119472116587,1.2824571913418372,0.8157108251722145
E1,h5_k0p75,healthy_maneuver,26,5.0,0.75,cusum_fgo,follower,3,30001,1.7585528564572819,0.7822106352425202,1.263349726179556,0.8242881529021474
E1,h5_k0p75,healthy_maneuver,26,5.0,0.75,cusum_fgo,pooled,0,90003,2.2320158198209974,0.7957314169861847,1.2997449986726164,0.8448272940257029
E1,h5_k0p75,healthy_maneuver,26,5.0,0.75,cusum_fgo,macro,0,90003,2.019981137929513,0.7957314169861848,1.3077018582852593,0.8441304902295618
E1,h5_k0p75,healthy_maneuver,27,5.0,0.75,cusum_fgo,follower,1,30001,3.5969043573555823,1.658523555060204,2.5358592703336105,1.7640369701162713
E1,h5_k0p75,healthy_maneuver,27,5.0,0.75,cusum_fgo,follower,2,30001,1.7876435493293366,0.8695875663954038,1.2435552014028668,0.903835433890311
E1,h5_k0p75,healthy_maneuver,27,5.0,0.75,cusum_fgo,follower,3,30001,1.7749954927776852,0.7456027911696895,1.2198278264680804,0.7960640739466615
E1,h5_k0p75,healthy_maneuver,27,5.0,0.75,cusum_fgo,pooled,0,90003,3.5969043573555823,1.091237970875099,2.2508836087990254,1.2332157061008204
E1,h5_k0p75,healthy_maneuver,27,5.0,0.75,cusum_fgo,macro,0,90003,2.3865144664875344,1.0912379708750992,1.6664140994015193,1.1546454926510812
E1,h5_k0p75,healthy_maneuver,28,5.0,0.75,cusum_fgo,follower,1,30001,2.3109463920753064,1.062136453778793,1.7990282879612443,1.1511332742868228
E1,h5_k0p75,healthy_maneuver,28,5.0,0.75,cusum_fgo,follower,2,30001,2.178376121270388,1.2489739936220794,1.680279045581532,1.279434968996984
E1,h5_k0p75,healthy_maneuver,28,5.0,0.75,cusum_fgo,follower,3,30001,1.7192362949607969,0.8422650082216885,1.2884800629325694,0.8993327281753735
E1,h5_k0p75,healthy_maneuver,28,5.0,0.75,cusum_fgo,pooled,0,90003,2.3109463920753064,1.051125151874187,1.6782154851182396,1.1211394517825715
E1,h5_k0p75,healthy_maneuver,28,5.0,0.75,cusum_fgo,macro,0,90003,2.0695196027688305,1.0511251518741869,1.5892624654917817,1.1099669904863934
E1,h5_k0p75,healthy_maneuver,29,5.0,0.75,cusum_fgo,follower,1,30001,2.38657541995551,1.4187750486700612,1.9642109434614792,1.4635082275997506
E1,h5_k0p75,healthy_maneuver,29,5.0,0.75,cusum_fgo,follower,2,30001,1.858644051351229,0.5958949132478597,1.0923730219492134,0.6626422554686499
E1,h5_k0p75,healthy_maneuver,29,5.0,0.75,cusum_fgo,follower,3,30001,1.8338191649603777,0.7738378597532788,1.2630828643172003,0.8263944447104333
E1,h5_k0p75,healthy_maneuver,29,5.0,0.75,cusum_fgo,pooled,0,90003,2.38657541995551,0.9295026072237332,1.7695613457214976,1.043053029849235
E1,h5_k0p75,healthy_maneuver,29,5.0,0.75,cusum_fgo,macro,0,90003,2.026346212089039,0.9295026072237332,1.4398889432426312,0.9841816425929446
E1,h5_k0p75,healthy_maneuver,30,5.0,0.75,cusum_fgo,follower,1,30001,2.4093305612792175,1.1205580945336053,1.6147687152418733,1.1638290227232595
E1,h5_k0p75,healthy_maneuver,30,5.0,0.75,cusum_fgo,follower,2,30001,1.9966948272017264,0.979595220175054,1.5247068178160286,1.0277767523694856
E1,h5_k0p75,healthy_maneuver,30,5.0,0.75,cusum_fgo,follower,3,30001,1.532539582453237,0.5872103150225517,1.0418304624424837,0.6419774654292999
E1,h5_k0p75,healthy_maneuver,30,5.0,0.75,cusum_fgo,pooled,0,90003,2.4093305612792175,0.8957878765770703,1.5111548376816313,0.9700443482925875
E1,h5_k0p75,healthy_maneuver,30,5.0,0.75,cusum_fgo,macro,0,90003,1.9795216569780603,0.8957878765770704,1.393768665166795,0.9445277468406816
E1,h5_k0p75,healthy_maneuver,31,5.0,0.75,cusum_fgo,follower,1,30001,3.538606273068474,1.822926305306109,2.862499495761689,1.9527120233584654
E1,h5_k0p75,healthy_maneuver,31,5.0,0.75,cusum_fgo,follower,2,30001,2.1095528197014652,1.366780358086144,1.8624018171646965,1.411869631963009
E1,h5_k0p75,healthy_maneuver,31,5.0,0.75,cusum_fgo,follower,3,30001,1.7225013800061235,0.8601949348583258,1.4198859773155152,0.9246019627207366
E1,h5_k0p75,healthy_maneuver,31,5.0,0.75,cusum_fgo,pooled,0,90003,3.538606273068474,1.3499671994168596,2.5257646961829088,1.4901173212530519
E1,h5_k0p75,healthy_maneuver,31,5.0,0.75,cusum_fgo,macro,0,90003,2.4568868242586874,1.3499671994168596,2.048262430080634,1.4297278726807372
E1,h5_k0p75,healthy_maneuver,32,5.0,0.75,cusum_fgo,follower,1,30001,1.8565442544527122,0.7437173844024638,1.3061772467449695,0.7979147458007361
E1,h5_k0p75,healthy_maneuver,32,5.0,0.75,cusum_fgo,follower,2,30001,2.323192188961294,0.9711566744589254,1.6262016302092974,1.0445080751206448
E1,h5_k0p75,healthy_maneuver,32,5.0,0.75,cusum_fgo,follower,3,30001,1.9905411716141483,0.936464519390398,1.3989234264494876,0.9785817860056403
E1,h5_k0p75,healthy_maneuver,32,5.0,0.75,cusum_fgo,pooled,0,90003,2.323192188961294,0.883779526083929,1.5005036436992234,0.9460950220882461
E1,h5_k0p75,healthy_maneuver,32,5.0,0.75,cusum_fgo,macro,0,90003,2.0567592050093846,0.883779526083929,1.443767434467918,0.9403348689756736
E1,h5_k0p75,healthy_maneuver,33,5.0,0.75,cusum_fgo,follower,1,30001,3.6194092304500574,1.9046314840079486,2.885032802533619,2.0302065069366964
E1,h5_k0p75,healthy_maneuver,33,5.0,0.75,cusum_fgo,follower,2,30001,2.0772833259870285,1.0520960048742911,1.4691977673145364,1.0910505826280497
E1,h5_k0p75,healthy_maneuver,33,5.0,0.75,cusum_fgo,follower,3,30001,1.7878272423920964,0.6689381452078789,1.1582812189406548,0.7242480979037574
E1,h5_k0p75,healthy_maneuver,33,5.0,0.75,cusum_fgo,pooled,0,90003,3.6194092304500574,1.2085552113633728,2.5734999248196093,1.3948315480107647
E1,h5_k0p75,healthy_maneuver,33,5.0,0.75,cusum_fgo,macro,0,90003,2.494839932943061,1.2085552113633728,1.83750392959627,1.281835062489501
E1,h5_k0p75,healthy_maneuver,34,5.0,0.75,cusum_fgo,follower,1,30001,2.3488666074218445,1.062464852366567,1.656824164877978,1.1141259241922683
E1,h5_k0p75,healthy_maneuver,34,5.0,0.75,cusum_fgo,follower,2,30001,1.8246923411498082,0.7357948716554438,1.2480268740907239,0.7878212589367317
E1,h5_k0p75,healthy_maneuver,34,5.0,0.75,cusum_fgo,follower,3,30001,1.8131996903568626,1.087145193852058,1.467829936315287,1.1153922275686134
E1,h5_k0p75,healthy_maneuver,34,5.0,0.75,cusum_fgo,pooled,0,90003,2.3488666074218445,0.9618016392913563,1.4986870509373196,1.0175196529323003
E1,h5_k0p75,healthy_maneuver,34,5.0,0.75,cusum_fgo,macro,0,90003,1.995586212976172,0.9618016392913562,1.457560325094663,1.0057798035658712
E1,h5_k0p75,healthy_maneuver,35,5.0,0.75,cusum_fgo,follower,1,30001,1.9208970002114263,0.6093804430979907,1.158149087928575,0.6830413723811657
E1,h5_k0p75,healthy_maneuver,35,5.0,0.75,cusum_fgo,follower,2,30001,2.1444538236924733,0.9041818439229963,1.5878998183195676,0.9865777771077241
E1,h5_k0p75,healthy_maneuver,35,5.0,0.75,cusum_fgo,follower,3,30001,1.8837571538824578,0.7239848529088391,1.335032459817132,0.7940363134618106
E1,h5_k0p75,healthy_maneuver,35,5.0,0.75,cusum_fgo,pooled,0,90003,2.1444538236924733,0.7458490466432754,1.4479503338498718,0.8307376027288815
E1,h5_k0p75,healthy_maneuver,35,5.0,0.75,cusum_fgo,macro,0,90003,1.9830359925954524,0.7458490466432753,1.3603604553550914,0.8212184876502334
E1,h5_k0p75,healthy_maneuver,36,5.0,0.75,cusum_fgo,follower,1,30001,2.9172614890432897,1.744711944031292,2.4221181367285194,1.813363073175025
E1,h5_k0p75,healthy_maneuver,36,5.0,0.75,cusum_fgo,follower,2,30001,2.6709815338627294,1.4786366382568372,2.158186952897786,1.5617365162806582
E1,h5_k0p75,healthy_maneuver,36,5.0,0.75,cusum_fgo,follower,3,30001,1.693687707250142,0.6815938408897335,1.197079912946501,0.7404511492608332
E1,h5_k0p75,healthy_maneuver,36,5.0,0.75,cusum_fgo,pooled,0,90003,2.9172614890432897,1.3016474743926207,2.258873578315861,1.4463257454530436
E1,h5_k0p75,healthy_maneuver,36,5.0,0.75,cusum_fgo,macro,0,90003,2.427310243385387,1.301647474392621,1.9257950008576021,1.3718502462388387
E1,h5_k0p75,healthy_maneuver,37,5.0,0.75,cusum_fgo,follower,1,30001,2.2973037868828694,0.9195274718057992,1.5279685249458606,0.9969159051985699
E1,h5_k0p75,healthy_maneuver,37,5.0,0.75,cusum_fgo,follower,2,30001,2.439779403579531,1.1443000830478307,1.6645996004643233,1.194725984245984
E1,h5_k0p75,healthy_maneuver,37,5.0,0.75,cusum_fgo,follower,3,30001,1.7226587140907714,0.8722816991470244,1.400479070801894,0.9225961662336496
E1,h5_k0p75,healthy_maneuver,37,5.0,0.75,cusum_fgo,pooled,0,90003,2.439779403579531,0.9787030846668847,1.5681539210226279,1.0444129428247315
E1,h5_k0p75,healthy_maneuver,37,5.0,0.75,cusum_fgo,macro,0,90003,2.1532473015177236,0.9787030846668848,1.5310157320706927,1.0380793518927345
E1,h5_k0p75,healthy_maneuver,38,5.0,0.75,cusum_fgo,follower,1,30001,1.6553532517340566,0.9279313350606151,1.3184346704484045,0.9571443274224846
E1,h5_k0p75,healthy_maneuver,38,5.0,0.75,cusum_fgo,follower,2,30001,1.6863884349532563,0.6617634753751033,1.202693083839293,0.7234010260531372
E1,h5_k0p75,healthy_maneuver,38,5.0,0.75,cusum_fgo,follower,3,30001,1.599351778075713,0.7923871570659984,1.1558027715806645,0.8202252739119804
E1,h5_k0p75,healthy_maneuver,38,5.0,0.75,cusum_fgo,pooled,0,90003,1.6863884349532563,0.7940273225005721,1.251951126680603,0.839087561576215
E1,h5_k0p75,healthy_maneuver,38,5.0,0.75,cusum_fgo,macro,0,90003,1.6470311549210086,0.7940273225005722,1.2256435086227873,0.8335902091292007
E1,h5_k0p75,healthy_maneuver,39,5.0,0.75,cusum_fgo,follower,1,30001,2.141455340022245,1.0737718208528761,1.6627009157655088,1.134218017841608
E1,h5_k0p75,healthy_maneuver,39,5.0,0.75,cusum_fgo,follower,2,30001,1.6995435186904762,0.8821745427899997,1.2721643026256948,0.9133018609420384
E1,h5_k0p75,healthy_maneuver,39,5.0,0.75,cusum_fgo,follower,3,30001,1.4286583746517034,0.6997596886414453,1.1229077618613856,0.7415147488912094
E1,h5_k0p75,healthy_maneuver,39,5.0,0.75,cusum_fgo,pooled,0,90003,2.141455340022245,0.8852353507614404,1.4950799566283555,0.9434714134549298
E1,h5_k0p75,healthy_maneuver,39,5.0,0.75,cusum_fgo,macro,0,90003,1.756552411121475,0.8852353507614404,1.3525909934175298,0.9296782092249519
E1,h5_k0p75,healthy_maneuver,40,5.0,0.75,cusum_fgo,follower,1,30001,1.7263612019924,0.6550714938959151,1.095782557052499,0.6994950890517271
E1,h5_k0p75,healthy_maneuver,40,5.0,0.75,cusum_fgo,follower,2,30001,1.850009378001116,1.0219651208729572,1.4780482424156822,1.0636412045936947
E1,h5_k0p75,healthy_maneuver,40,5.0,0.75,cusum_fgo,follower,3,30001,1.3981742958909826,0.4653598250189118,0.8149560977851771,0.5063960121397221
E1,h5_k0p75,healthy_maneuver,40,5.0,0.75,cusum_fgo,pooled,0,90003,1.850009378001116,0.714132146595928,1.3214070827497928,0.7910041956964204
E1,h5_k0p75,healthy_maneuver,40,5.0,0.75,cusum_fgo,macro,0,90003,1.658181625294833,0.714132146595928,1.129595632417786,0.756510768595048
E1,h5_k0p75,healthy_maneuver,41,5.0,0.75,cusum_fgo,follower,1,30001,2.4446653175703843,1.316909903748915,1.963517888065634,1.3808534779140214
E1,h5_k0p75,healthy_maneuver,41,5.0,0.75,cusum_fgo,follower,2,30001,1.8916079131523522,0.5762060877301236,1.031939839079688,0.6307962426870004
E1,h5_k0p75,healthy_maneuver,41,5.0,0.75,cusum_fgo,follower,3,30001,1.6991041381687684,0.7777758488686864,1.2573719871406503,0.8246388689739048
E1,h5_k0p75,healthy_maneuver,41,5.0,0.75,cusum_fgo,pooled,0,90003,2.4446653175703843,0.8902972801159083,1.7511874727076335,0.997444984527609
E1,h5_k0p75,healthy_maneuver,41,5.0,0.75,cusum_fgo,macro,0,90003,2.0117924562971683,0.8902972801159083,1.4176099047619906,0.9454295298583087
E1,h5_k0p75,healthy_maneuver,42,5.0,0.75,cusum_fgo,follower,1,30001,2.186428743497984,1.0065094070601484,1.5846891108295438,1.0533055940253981
E1,h5_k0p75,healthy_maneuver,42,5.0,0.75,cusum_fgo,follower,2,30001,1.871528878882152,0.736374129175707,1.0649928010143692,0.7678494437363522
E1,h5_k0p75,healthy_maneuver,42,5.0,0.75,cusum_fgo,follower,3,30001,1.3948051818784066,0.6396387480032921,1.109461739059833,0.6975908163236338
E1,h5_k0p75,healthy_maneuver,42,5.0,0.75,cusum_fgo,pooled,0,90003,2.186428743497984,0.7941740947463825,1.3263776004630738,0.8535569478502876
E1,h5_k0p75,healthy_maneuver,42,5.0,0.75,cusum_fgo,macro,0,90003,1.817587601419514,0.7941740947463826,1.253047883634582,0.8395819513617947
E1,h5_k0p75,healthy_maneuver,43,5.0,0.75,cusum_fgo,follower,1,30001,1.7888985962760813,0.7931950143625117,1.2685088434760021,0.8341280455696336
E1,h5_k0p75,healthy_maneuver,43,5.0,0.75,cusum_fgo,follower,2,30001,2.0743526268075585,1.1100090624912053,1.5864501778881364,1.1535571401518048
E1,h5_k0p75,healthy_maneuver,43,5.0,0.75,cusum_fgo,follower,3,30001,1.1569857503084608,0.47765612622669357,0.7898022091312258,0.5107909507162203
E1,h5_k0p75,healthy_maneuver,43,5.0,0.75,cusum_fgo,pooled,0,90003,2.0743526268075585,0.7936200676934703,1.44859745946434,0.8731878506053948
E1,h5_k0p75,healthy_maneuver,43,5.0,0.75,cusum_fgo,macro,0,90003,1.6734123244640333,0.7936200676934702,1.2149204101651214,0.8328253788125529
E1,h5_k0p75,healthy_maneuver,44,5.0,0.75,cusum_fgo,follower,1,30001,2.1995060437157306,1.0581554812347937,1.5600378459494675,1.1041737029058285
E1,h5_k0p75,healthy_maneuver,44,5.0,0.75,cusum_fgo,follower,2,30001,1.8118367820151793,1.0034479149804638,1.504957010218082,1.060795209757516
E1,h5_k0p75,healthy_maneuver,44,5.0,0.75,cusum_fgo,follower,3,30001,2.7479101664462307,0.8863433598007495,1.273835031573351,0.9241442896705645
E1,h5_k0p75,healthy_maneuver,44,5.0,0.75,cusum_fgo,pooled,0,90003,2.7479101664462307,0.9826489186720023,1.4791954401167398,1.032558103508623
E1,h5_k0p75,healthy_maneuver,44,5.0,0.75,cusum_fgo,macro,0,90003,2.2530843307257133,0.9826489186720023,1.4462766292469669,1.0297044007779697
E1,h5_k0p75,healthy_maneuver,45,5.0,0.75,cusum_fgo,follower,1,30001,2.9471750875203218,1.6455184011257924,2.444008885474416,1.7448386645594391
E1,h5_k0p75,healthy_maneuver,45,5.0,0.75,cusum_fgo,follower,2,30001,1.6609649898374224,0.7530215449390542,1.233327364980796,0.8068720143849869
E1,h5_k0p75,healthy_maneuver,45,5.0,0.75,cusum_fgo,follower,3,30001,1.8821777622846854,1.1871596462821479,1.5633749916293995,1.2178212575641933
E1,h5_k0p75,healthy_maneuver,45,5.0,0.75,cusum_fgo,pooled,0,90003,2.9471750875203218,1.195233197448998,2.201004745607399,1.3138484220429802
E1,h5_k0p75,healthy_maneuver,45,5.0,0.75,cusum_fgo,macro,0,90003,2.16343927988081,1.1952331974489983,1.7469037473615374,1.2565106455028732
E1,h5_k0p75,healthy_maneuver,46,5.0,0.75,cusum_fgo,follower,1,30001,2.0519489610654538,1.040671337940385,1.5275400754026969,1.0848679261566654
E1,h5_k0p75,healthy_maneuver,46,5.0,0.75,cusum_fgo,follower,2,30001,2.233669791298656,1.1628950250376384,1.6403327037635642,1.2030666143293565
E1,h5_k0p75,healthy_maneuver,46,5.0,0.75,cusum_fgo,follower,3,30001,1.8540986667081765,0.8425686595499253,1.301613750259851,0.8853154296090275
E1,h5_k0p75,healthy_maneuver,46,5.0,0.75,cusum_fgo,pooled,0,90003,2.233669791298656,1.0153783408426496,1.5360716546886493,1.0658472538503787
E1,h5_k0p75,healthy_maneuver,46,5.0,0.75,cusum_fgo,macro,0,90003,2.0465724730240953,1.0153783408426496,1.4898288431420375,1.0577499900316834
E1,h5_k0p75,healthy_maneuver,47,5.0,0.75,cusum_fgo,follower,1,30001,1.9524040799257298,0.8575845315139187,1.35783286241974,0.905950810976044
E1,h5_k0p75,healthy_maneuver,47,5.0,0.75,cusum_fgo,follower,2,30001,1.7779245504406769,0.7860752480170343,1.2496612129006166,0.8302514864608767
E1,h5_k0p75,healthy_maneuver,47,5.0,0.75,cusum_fgo,follower,3,30001,1.444154992566191,0.7037532681519585,1.101399463658398,0.746301240997154
E1,h5_k0p75,healthy_maneuver,47,5.0,0.75,cusum_fgo,pooled,0,90003,1.9524040799257298,0.7824710158943039,1.2491668058946894,0.8300662513704432
E1,h5_k0p75,healthy_maneuver,47,5.0,0.75,cusum_fgo,macro,0,90003,1.7248278743108658,0.7824710158943038,1.2362978463262515,0.8275011794780248
E1,h5_k0p75,healthy_maneuver,48,5.0,0.75,cusum_fgo,follower,1,30001,2.5905042351058696,0.7600320262222066,1.4386855121892683,0.84824131846283
E1,h5_k0p75,healthy_maneuver,48,5.0,0.75,cusum_fgo,follower,2,30001,2.719416193462742,0.6363399406455509,1.1336480413904468,0.6941176577751978
E1,h5_k0p75,healthy_maneuver,48,5.0,0.75,cusum_fgo,follower,3,30001,1.60895789271181,0.405826654659893,0.714998164045228,0.4455780776966898
E1,h5_k0p75,healthy_maneuver,48,5.0,0.75,cusum_fgo,pooled,0,90003,2.719416193462742,0.6007328738425501,1.206116455181609,0.6830940590447663
E1,h5_k0p75,healthy_maneuver,48,5.0,0.75,cusum_fgo,macro,0,90003,2.306292773760141,0.6007328738425501,1.0957772392083143,0.6626456846449059
E1,h5_k0p75,healthy_maneuver,49,5.0,0.75,cusum_fgo,follower,1,30001,2.2144683258091225,1.1766920752379355,1.7292482157633373,1.240445176933072
E1,h5_k0p75,healthy_maneuver,49,5.0,0.75,cusum_fgo,follower,2,30001,1.676228465747984,0.9009281051297885,1.3192591877453952,0.9377840961735787
E1,h5_k0p75,healthy_maneuver,49,5.0,0.75,cusum_fgo,follower,3,30001,2.061980957867463,1.1113249842833464,1.6637466775140257,1.1650783047884725
E1,h5_k0p75,healthy_maneuver,49,5.0,0.75,cusum_fgo,pooled,0,90003,2.2144683258091225,1.0629817215503568,1.6495441920562384,1.121836396910797
E1,h5_k0p75,healthy_maneuver,49,5.0,0.75,cusum_fgo,macro,0,90003,1.9842259164748564,1.0629817215503568,1.5707513603409193,1.1144358592983743
E1,h5_k0p75,healthy_maneuver,50,5.0,0.75,cusum_fgo,follower,1,30001,2.2387649711560824,1.055131203411379,1.5850030077602324,1.0983085711544605
E1,h5_k0p75,healthy_maneuver,50,5.0,0.75,cusum_fgo,follower,2,30001,2.0080889665484185,1.0003452367049686,1.4712574144936243,1.0453075510785148
E1,h5_k0p75,healthy_maneuver,50,5.0,0.75,cusum_fgo,follower,3,30001,1.6400558824151767,0.8690441183366036,1.244034139188151,0.8984103319856023
E1,h5_k0p75,healthy_maneuver,50,5.0,0.75,cusum_fgo,pooled,0,90003,2.2387649711560824,0.9748401861509838,1.4620097659793163,1.017528168067367
E1,h5_k0p75,healthy_maneuver,50,5.0,0.75,cusum_fgo,macro,0,90003,1.9623032733732257,0.9748401861509836,1.4334315204806691,1.0140088180728593
E1,h7_k0p25,baseline_3f,1,7.0,0.25,cusum_fgo,follower,1,30001,5.054884453834678,0.9953615953087763,1.6260459135777143,1.126245597673404
E1,h7_k0p25,baseline_3f,1,7.0,0.25,cusum_fgo,follower,2,30001,2.951111310684531,0.8330473055440565,1.3960771427759404,0.9083347159898446
E1,h7_k0p25,baseline_3f,1,7.0,0.25,cusum_fgo,follower,3,30001,2.066910556042627,0.8705459680483231,1.4019538361647366,0.9265912368347546
E1,h7_k0p25,baseline_3f,1,7.0,0.25,cusum_fgo,pooled,0,90003,5.054884453834678,0.8996516229670519,1.505686232969396,0.9919799095294278
E1,h7_k0p25,baseline_3f,1,7.0,0.25,cusum_fgo,macro,0,90003,3.3576354401872788,0.899651622967052,1.4746922975061303,0.9870571834993345
E1,h7_k0p25,baseline_3f,2,7.0,0.25,cusum_fgo,follower,1,30001,2.351904658669537,0.8300979009556552,1.436571113284669,0.8942063634881299
E1,h7_k0p25,baseline_3f,2,7.0,0.25,cusum_fgo,follower,2,30001,3.435513056419596,1.4208604237264493,2.3319754110392266,1.508820030154122
E1,h7_k0p25,baseline_3f,2,7.0,0.25,cusum_fgo,follower,3,30001,2.6877740063023556,0.9878654942232953,1.5440767808207911,1.0533881470394613
E1,h7_k0p25,baseline_3f,2,7.0,0.25,cusum_fgo,pooled,0,90003,3.435513056419596,1.0796079396351332,1.908452194484373,1.1812097601216842
E1,h7_k0p25,baseline_3f,2,7.0,0.25,cusum_fgo,macro,0,90003,2.8250639071304957,1.0796079396351332,1.7708744350482288,1.1521381802272377
E1,h7_k0p25,baseline_3f,3,7.0,0.25,cusum_fgo,follower,1,30001,2.1684561417350787,0.7048742748545477,1.4540998780408905,0.8004679161722527
E1,h7_k0p25,baseline_3f,3,7.0,0.25,cusum_fgo,follower,2,30001,2.3128864599669217,0.8303195879551019,1.3921597931545213,0.8942290378994556
E1,h7_k0p25,baseline_3f,3,7.0,0.25,cusum_fgo,follower,3,30001,1.7962070121881801,0.48287253559668813,0.9190827102558518,0.5438276212417407
E1,h7_k0p25,baseline_3f,3,7.0,0.25,cusum_fgo,pooled,0,90003,2.3128864599669217,0.6726887994687791,1.3371975130470055,0.7607327473493752
E1,h7_k0p25,baseline_3f,3,7.0,0.25,cusum_fgo,macro,0,90003,2.092516537963393,0.6726887994687792,1.2551141271504214,0.7461748584378163
E1,h7_k0p25,baseline_3f,4,7.0,0.25,cusum_fgo,follower,1,30001,3.312757261479281,1.4045946048107318,2.0470297018357253,1.4636326562431987
E1,h7_k0p25,baseline_3f,4,7.0,0.25,cusum_fgo,follower,2,30001,2.9024082168623653,1.0131515592409222,1.69200944554774,1.0690588908253333
E1,h7_k0p25,baseline_3f,4,7.0,0.25,cusum_fgo,follower,3,30001,2.6952562930138084,0.8907064637603622,1.593876489372631,0.9801509991039513
E1,h7_k0p25,baseline_3f,4,7.0,0.25,cusum_fgo,pooled,0,90003,3.312757261479281,1.1028175426040052,1.8451218047219131,1.1896502911246212
E1,h7_k0p25,baseline_3f,4,7.0,0.25,cusum_fgo,macro,0,90003,2.9701405904518183,1.1028175426040054,1.7776385455853656,1.1709475153908278
E1,h7_k0p25,baseline_3f,5,7.0,0.25,cusum_fgo,follower,1,30001,4.807075286957254,1.7111100729154214,3.259471326650415,1.882345507626444
E1,h7_k0p25,baseline_3f,5,7.0,0.25,cusum_fgo,follower,2,30001,4.525499359724567,0.7460335665258663,1.8596121794242761,0.9700060042666498
E1,h7_k0p25,baseline_3f,5,7.0,0.25,cusum_fgo,follower,3,30001,3.7532297964261834,0.9136827652634406,1.4369289527688247,0.9856891490041938
E1,h7_k0p25,baseline_3f,5,7.0,0.25,cusum_fgo,pooled,0,90003,4.807075286957254,1.1236088015682428,2.3904408333862732,1.3485448153298945
E1,h7_k0p25,baseline_3f,5,7.0,0.25,cusum_fgo,macro,0,90003,4.361934814369334,1.1236088015682428,2.185337486281172,1.2793468869657625
E1,h7_k0p25,baseline_3f,6,7.0,0.25,cusum_fgo,follower,1,30001,2.66700358514625,1.1313846004663999,1.8929204445208292,1.2176350028513077
E1,h7_k0p25,baseline_3f,6,7.0,0.25,cusum_fgo,follower,2,30001,2.8785299141843885,1.5065493711159672,2.2675750815361524,1.5991573931952159
E1,h7_k0p25,baseline_3f,6,7.0,0.25,cusum_fgo,follower,3,30001,1.8674411864499518,0.7891766447439837,1.297480786290351,0.832367250622876
E1,h7_k0p25,baseline_3f,6,7.0,0.25,cusum_fgo,pooled,0,90003,2.8785299141843885,1.1423702054421168,2.0321852191913488,1.2560221081240446
E1,h7_k0p25,baseline_3f,6,7.0,0.25,cusum_fgo,macro,0,90003,2.4709915619268634,1.142370205442117,1.819325437449111,1.2163865488897998
E1,h7_k0p25,baseline_3f,7,7.0,0.25,cusum_fgo,follower,1,30001,3.5878108512965867,0.863981137323062,1.7163626201584616,0.9993396317522486
E1,h7_k0p25,baseline_3f,7,7.0,0.25,cusum_fgo,follower,2,30001,3.067415725306007,1.3047379964513943,1.9935846256232668,1.3709934939784332
E1,h7_k0p25,baseline_3f,7,7.0,0.25,cusum_fgo,follower,3,30001,1.888376604601128,0.5448249009598229,1.078682940199231,0.6114243573607444
E1,h7_k0p25,baseline_3f,7,7.0,0.25,cusum_fgo,pooled,0,90003,3.5878108512965867,0.9045146782447598,1.7929822049084092,1.0411760345711496
E1,h7_k0p25,baseline_3f,7,7.0,0.25,cusum_fgo,macro,0,90003,2.847867727067907,0.9045146782447597,1.5962100619936532,0.9939191610304755
E1,h7_k0p25,baseline_3f,8,7.0,0.25,cusum_fgo,follower,1,30001,7.408205923021327,1.2181256961917544,1.9197034858420825,1.5083504319175796
E1,h7_k0p25,baseline_3f,8,7.0,0.25,cusum_fgo,follower,2,30001,3.596859336922765,0.6593273851471702,1.2999131615690909,0.8020745531171989
E1,h7_k0p25,baseline_3f,8,7.0,0.25,cusum_fgo,follower,3,30001,2.668701292850742,0.8898608769911545,1.4309423837769437,0.9599197131884015
E1,h7_k0p25,baseline_3f,8,7.0,0.25,cusum_fgo,pooled,0,90003,7.408205923021327,0.9224379861100264,1.7208390749929923,1.1313547144893457
E1,h7_k0p25,baseline_3f,8,7.0,0.25,cusum_fgo,macro,0,90003,4.557922184264944,0.9224379861100264,1.5501863437293724,1.0901148994077265
E1,h7_k0p25,baseline_3f,9,7.0,0.25,cusum_fgo,follower,1,30001,2.502398709554155,0.8529054584198731,1.40002882573786,0.9196375614691612
E1,h7_k0p25,baseline_3f,9,7.0,0.25,cusum_fgo,follower,2,30001,2.765438932884896,0.7388713868313529,1.529064535824568,0.8316444847388004
E1,h7_k0p25,baseline_3f,9,7.0,0.25,cusum_fgo,follower,3,30001,2.5300265923031793,0.7551746853716939,1.3176256103748945,0.820366125649789
E1,h7_k0p25,baseline_3f,9,7.0,0.25,cusum_fgo,pooled,0,90003,2.765438932884896,0.7823171768743065,1.4143692901712106,0.8583640202103564
E1,h7_k0p25,baseline_3f,9,7.0,0.25,cusum_fgo,macro,0,90003,2.5992880782474104,0.7823171768743066,1.4155729906457741,0.857216057285917
E1,h7_k0p25,baseline_3f,10,7.0,0.25,cusum_fgo,follower,1,30001,1.921977815440943,0.6421387606019733,1.1233042961785014,0.6917596863444071
E1,h7_k0p25,baseline_3f,10,7.0,0.25,cusum_fgo,follower,2,30001,2.260254044566619,0.9984751589440222,1.6183266599946584,1.0664826252886421
E1,h7_k0p25,baseline_3f,10,7.0,0.25,cusum_fgo,follower,3,30001,1.9253124634801206,0.42699298173440714,0.8211361657595059,0.4931448432910606
E1,h7_k0p25,baseline_3f,10,7.0,0.25,cusum_fgo,pooled,0,90003,2.260254044566619,0.6892023004268009,1.452344168420663,0.7872120616789422
E1,h7_k0p25,baseline_3f,10,7.0,0.25,cusum_fgo,macro,0,90003,2.0358481078292274,0.689202300426801,1.187589040644222,0.7504623849747033
E1,h7_k0p25,baseline_3f,11,7.0,0.25,cusum_fgo,follower,1,30001,2.9620780014414123,1.0131577714523519,1.870608145537027,1.1115704618222941
E1,h7_k0p25,baseline_3f,11,7.0,0.25,cusum_fgo,follower,2,30001,7.959486117128644,1.3626407817863384,2.45306880118767,1.5802770613580426
E1,h7_k0p25,baseline_3f,11,7.0,0.25,cusum_fgo,follower,3,30001,2.6695390384565556,0.6538807585986595,1.2494973761234023,0.7360328028095666
E1,h7_k0p25,baseline_3f,11,7.0,0.25,cusum_fgo,pooled,0,90003,7.959486117128644,1.0098931039457832,1.961919020310093,1.1936790145124085
E1,h7_k0p25,baseline_3f,11,7.0,0.25,cusum_fgo,macro,0,90003,4.530367719008871,1.0098931039457832,1.8577247742826997,1.1426267753299677
E1,h7_k0p25,baseline_3f,12,7.0,0.25,cusum_fgo,follower,1,30001,3.588294182054485,0.9780657734186721,1.8772610984954698,1.11699505042515
E1,h7_k0p25,baseline_3f,12,7.0,0.25,cusum_fgo,follower,2,30001,2.902493538009115,0.7241596551858518,1.4589332484978288,0.8185635550785741
E1,h7_k0p25,baseline_3f,12,7.0,0.25,cusum_fgo,follower,3,30001,2.4734958788191177,1.0063353974924998,1.4390264931456447,1.0434468472242642
E1,h7_k0p25,baseline_3f,12,7.0,0.25,cusum_fgo,pooled,0,90003,3.588294182054485,0.9028536086990079,1.5907319884670619,1.0010836727199537
E1,h7_k0p25,baseline_3f,12,7.0,0.25,cusum_fgo,macro,0,90003,2.988094532960906,0.9028536086990079,1.5917402800463145,0.9930018175759961
E1,h7_k0p25,baseline_3f,13,7.0,0.25,cusum_fgo,follower,1,30001,4.5623956151196845,1.3155635509915158,1.9075541176698985,1.407118487987474
E1,h7_k0p25,baseline_3f,13,7.0,0.25,cusum_fgo,follower,2,30001,2.1891174416159753,0.7586430541813137,1.321261735865954,0.8220515451862235
E1,h7_k0p25,baseline_3f,13,7.0,0.25,cusum_fgo,follower,3,30001,3.017130072443048,0.9827027054581108,1.7836502169418698,1.0983555847966884
E1,h7_k0p25,baseline_3f,13,7.0,0.25,cusum_fgo,pooled,0,90003,4.5623956151196845,1.0189697702103135,1.7586341690888478,1.1346271300642174
E1,h7_k0p25,baseline_3f,13,7.0,0.25,cusum_fgo,macro,0,90003,3.2562143763929026,1.0189697702103133,1.6708220234925741,1.1091752059901285
E1,h7_k0p25,baseline_3f,14,7.0,0.25,cusum_fgo,follower,1,30001,3.695299662392584,0.8322655449240982,1.651031565966343,0.9527779619990866
E1,h7_k0p25,baseline_3f,14,7.0,0.25,cusum_fgo,follower,2,30001,3.151013311079404,0.8812018795571948,1.825279940298375,1.0321438416415267
E1,h7_k0p25,baseline_3f,14,7.0,0.25,cusum_fgo,follower,3,30001,2.3452447574921083,1.065072154919532,1.758576849557464,1.13177974516418
E1,h7_k0p25,baseline_3f,14,7.0,0.25,cusum_fgo,pooled,0,90003,3.695299662392584,0.9261798598002752,1.769816855209264,1.041478459734615
E1,h7_k0p25,baseline_3f,14,7.0,0.25,cusum_fgo,macro,0,90003,3.063852576988032,0.926179859800275,1.7449627852740608,1.0389005162682645
E1,h7_k0p25,baseline_3f,15,7.0,0.25,cusum_fgo,follower,1,30001,3.140543659720069,1.2128658832911374,2.0709353637546766,1.305322913095228
E1,h7_k0p25,baseline_3f,15,7.0,0.25,cusum_fgo,follower,2,30001,3.3600835158416844,1.2688045812688296,2.022358080856822,1.3381725741213364
E1,h7_k0p25,baseline_3f,15,7.0,0.25,cusum_fgo,follower,3,30001,2.0895986033019853,0.5553548163735398,1.0450991756442845,0.6240899395885638
E1,h7_k0p25,baseline_3f,15,7.0,0.25,cusum_fgo,pooled,0,90003,3.3600835158416844,1.0123417603111688,1.8880048119436021,1.1378432812822676
E1,h7_k0p25,baseline_3f,15,7.0,0.25,cusum_fgo,macro,0,90003,2.8634085929545794,1.0123417603111688,1.712797540085261,1.089195142268376
E1,h7_k0p25,baseline_3f,16,7.0,0.25,cusum_fgo,follower,1,30001,2.391532675069736,0.7436930465063303,1.410822622191317,0.8325132974387558
E1,h7_k0p25,baseline_3f,16,7.0,0.25,cusum_fgo,follower,2,30001,2.7975841471849003,0.7580555337483567,1.261373623726655,0.8135778523225298
E1,h7_k0p25,baseline_3f,16,7.0,0.25,cusum_fgo,follower,3,30001,1.6998417688911447,0.6330519163018834,1.1299128954436428,0.6933676876398644
E1,h7_k0p25,baseline_3f,16,7.0,0.25,cusum_fgo,pooled,0,90003,2.7975841471849003,0.7116001655188567,1.2744943348694522,0.7822501864205899
E1,h7_k0p25,baseline_3f,16,7.0,0.25,cusum_fgo,macro,0,90003,2.296319530381927,0.7116001655188567,1.2673697137872049,0.7798196124670499
E1,h7_k0p25,baseline_3f,17,7.0,0.25,cusum_fgo,follower,1,30001,2.6496934933071215,1.3139026580810045,1.9050966459893,1.3610911504260912
E1,h7_k0p25,baseline_3f,17,7.0,0.25,cusum_fgo,follower,2,30001,2.6412829559162603,0.9935914040631066,1.6066425106634123,1.0581730705423444
E1,h7_k0p25,baseline_3f,17,7.0,0.25,cusum_fgo,follower,3,30001,1.8947117684248385,0.9949222032550775,1.429387579712361,1.037223520990958
E1,h7_k0p25,baseline_3f,17,7.0,0.25,cusum_fgo,pooled,0,90003,2.6496934933071215,1.1008054217997296,1.6982089571413372,1.1616270198140357
E1,h7_k0p25,baseline_3f,17,7.0,0.25,cusum_fgo,macro,0,90003,2.39522940588274,1.1008054217997296,1.6470422454550244,1.1521625806531313
E1,h7_k0p25,baseline_3f,18,7.0,0.25,cusum_fgo,follower,1,30001,4.701128733476377,1.5273573063146324,3.136940397412229,1.7149757369087482
E1,h7_k0p25,baseline_3f,18,7.0,0.25,cusum_fgo,follower,2,30001,6.736314948635888,1.3908885184219508,2.924226455765037,1.613487459276604
E1,h7_k0p25,baseline_3f,18,7.0,0.25,cusum_fgo,follower,3,30001,2.1087291464163926,0.5682613160185649,1.2599018072435164,0.6618388019879896
E1,h7_k0p25,baseline_3f,18,7.0,0.25,cusum_fgo,pooled,0,90003,6.736314948635888,1.1621690469183827,2.7310686320542388,1.4121513326889428
E1,h7_k0p25,baseline_3f,18,7.0,0.25,cusum_fgo,macro,0,90003,4.515390942842886,1.1621690469183827,2.4403562201402607,1.3301006660577805
E1,h7_k0p25,baseline_3f,19,7.0,0.25,cusum_fgo,follower,1,30001,8.647730737599845,1.376596930460489,3.6514762762008703,1.7043188418899338
E1,h7_k0p25,baseline_3f,19,7.0,0.25,cusum_fgo,follower,2,30001,3.5701271257186447,0.9611893003432822,2.2945310366070637,1.1104793651880256
E1,h7_k0p25,baseline_3f,19,7.0,0.25,cusum_fgo,follower,3,30001,2.672318186848588,0.5027703746804434,0.9244274172076402,0.5948646512993554
E1,h7_k0p25,baseline_3f,19,7.0,0.25,cusum_fgo,pooled,0,90003,8.647730737599845,0.9468522018280715,2.475079539947173,1.2236190976899837
E1,h7_k0p25,baseline_3f,19,7.0,0.25,cusum_fgo,macro,0,90003,4.963392016722359,0.9468522018280715,2.2901449100051914,1.1365542861257716
E1,h7_k0p25,baseline_3f,20,7.0,0.25,cusum_fgo,follower,1,30001,4.701372421759569,1.3882533269008546,2.13029874616762,1.5073930405166385
E1,h7_k0p25,baseline_3f,20,7.0,0.25,cusum_fgo,follower,2,30001,2.6923072083352086,0.8591743131530031,1.4199857640716027,0.9298932943726527
E1,h7_k0p25,baseline_3f,20,7.0,0.25,cusum_fgo,follower,3,30001,2.6060047509394924,0.6881379723471214,1.3147205292314528,0.7615269876627521
E1,h7_k0p25,baseline_3f,20,7.0,0.25,cusum_fgo,pooled,0,90003,4.701372421759569,0.9785218708003264,1.8381184511067168,1.1130826070656101
E1,h7_k0p25,baseline_3f,20,7.0,0.25,cusum_fgo,macro,0,90003,3.3332281270114232,0.9785218708003263,1.6216683464902253,1.0662711075173477
E1,h7_k0p25,baseline_3f,21,7.0,0.25,cusum_fgo,follower,1,30001,5.623945516341995,1.7335386542031266,2.5971664093973894,1.9017172183604512
E1,h7_k0p25,baseline_3f,21,7.0,0.25,cusum_fgo,follower,2,30001,6.489412952149725,1.2558117970206668,1.9726936968552977,1.470925655787266
E1,h7_k0p25,baseline_3f,21,7.0,0.25,cusum_fgo,follower,3,30001,8.649356676554124,0.7054479240185391,1.4021392017839462,1.285331608462028
E1,h7_k0p25,baseline_3f,21,7.0,0.25,cusum_fgo,pooled,0,90003,8.649356676554124,1.2315994584141108,2.390540799566417,1.5739788231499383
E1,h7_k0p25,baseline_3f,21,7.0,0.25,cusum_fgo,macro,0,90003,6.920905048348615,1.2315994584141108,1.990666436012211,1.552658160869915
E1,h7_k0p25,baseline_3f,22,7.0,0.25,cusum_fgo,follower,1,30001,3.7438536842501966,0.9489591896560412,2.1084647356701285,1.0934406453450165
E1,h7_k0p25,baseline_3f,22,7.0,0.25,cusum_fgo,follower,2,30001,5.163826433640194,1.1805094086333299,2.2295082519069878,1.3146063618289054
E1,h7_k0p25,baseline_3f,22,7.0,0.25,cusum_fgo,follower,3,30001,5.568061465433249,1.2200760598900748,1.7790304815142373,1.3402199271175508
E1,h7_k0p25,baseline_3f,22,7.0,0.25,cusum_fgo,pooled,0,90003,5.568061465433249,1.116514886059815,2.1528491664422704,1.2543247565252695
E1,h7_k0p25,baseline_3f,22,7.0,0.25,cusum_fgo,macro,0,90003,4.825247194441213,1.1165148860598153,2.0390011563637844,1.249422311430491
E1,h7_k0p25,baseline_3f,23,7.0,0.25,cusum_fgo,follower,1,30001,2.128299197829501,0.8451684350835532,1.4661457115229843,0.9150484974015967
E1,h7_k0p25,baseline_3f,23,7.0,0.25,cusum_fgo,follower,2,30001,2.149575319330726,1.1080679497187698,1.5626785586532554,1.1434706295214643
E1,h7_k0p25,baseline_3f,23,7.0,0.25,cusum_fgo,follower,3,30001,2.0116122448301366,0.5690582690071756,0.9617493807051454,0.6180754369630262
E1,h7_k0p25,baseline_3f,23,7.0,0.25,cusum_fgo,pooled,0,90003,2.149575319330726,0.8407648846031661,1.4792147521801364,0.9177610580378334
E1,h7_k0p25,baseline_3f,23,7.0,0.25,cusum_fgo,macro,0,90003,2.096495587330121,0.8407648846031662,1.3301912169604617,0.8921981879620291
E1,h7_k0p25,baseline_3f,24,7.0,0.25,cusum_fgo,follower,1,30001,2.4690382092225027,0.8240464556275899,1.5328238544286958,0.9041929686873659
E1,h7_k0p25,baseline_3f,24,7.0,0.25,cusum_fgo,follower,2,30001,3.1422974909504955,0.6836898668542081,1.2148085134739302,0.7514951596498959
E1,h7_k0p25,baseline_3f,24,7.0,0.25,cusum_fgo,follower,3,30001,2.243377809448153,0.851311615086982,1.371359936662933,0.8983431700439269
E1,h7_k0p25,baseline_3f,24,7.0,0.25,cusum_fgo,pooled,0,90003,3.1422974909504955,0.7863493125229267,1.412325465405537,0.8542697370201573
E1,h7_k0p25,baseline_3f,24,7.0,0.25,cusum_fgo,macro,0,90003,2.618237836540384,0.7863493125229267,1.3729974348551863,0.851343766127063
E1,h7_k0p25,baseline_3f,25,7.0,0.25,cusum_fgo,follower,1,30001,3.023107335905982,0.7502708945454819,1.503191344416125,0.8722114734146067
E1,h7_k0p25,baseline_3f,25,7.0,0.25,cusum_fgo,follower,2,30001,2.6221974148312768,0.7160224876947675,1.2400176651795711,0.7865272939477235
E1,h7_k0p25,baseline_3f,25,7.0,0.25,cusum_fgo,follower,3,30001,2.3298968123604977,0.5581031923525389,1.076485451834032,0.629255143678958
E1,h7_k0p25,baseline_3f,25,7.0,0.25,cusum_fgo,pooled,0,90003,3.023107335905982,0.6747988581975961,1.3126701663618465,0.769272399593112
E1,h7_k0p25,baseline_3f,25,7.0,0.25,cusum_fgo,macro,0,90003,2.6584005210325854,0.6747988581975961,1.2732314871432429,0.7626646370137626
E1,h7_k0p25,baseline_3f,26,7.0,0.25,cusum_fgo,follower,1,30001,4.647605307788557,0.948894535083054,1.7006423037888911,1.0876338625094097
E1,h7_k0p25,baseline_3f,26,7.0,0.25,cusum_fgo,follower,2,30001,2.1967304311778526,0.8375165384590979,1.4907891411673782,0.9096767511502754
E1,h7_k0p25,baseline_3f,26,7.0,0.25,cusum_fgo,follower,3,30001,2.3220811962345755,0.8152066074675568,1.4217747412599724,0.8692504958140429
E1,h7_k0p25,baseline_3f,26,7.0,0.25,cusum_fgo,pooled,0,90003,4.647605307788557,0.8672058936699029,1.5090817428126035,0.9602179674312523
E1,h7_k0p25,baseline_3f,26,7.0,0.25,cusum_fgo,macro,0,90003,3.0554723117336615,0.8672058936699029,1.5377353954054138,0.9555203698245759
E1,h7_k0p25,baseline_3f,27,7.0,0.25,cusum_fgo,follower,1,30001,6.4205760882403276,1.8218028582449721,3.090910748651045,2.035263714067298
E1,h7_k0p25,baseline_3f,27,7.0,0.25,cusum_fgo,follower,2,30001,3.99727547864594,1.0687579921392438,2.4696869885394763,1.2226008234293433
E1,h7_k0p25,baseline_3f,27,7.0,0.25,cusum_fgo,follower,3,30001,2.463267593521714,0.7852416245984023,1.3259915687313424,0.8502428903713897
E1,h7_k0p25,baseline_3f,27,7.0,0.25,cusum_fgo,pooled,0,90003,6.4205760882403276,1.2252674916608728,2.650708064214893,1.4560178721288892
E1,h7_k0p25,baseline_3f,27,7.0,0.25,cusum_fgo,macro,0,90003,4.29370638680266,1.2252674916608728,2.295529768640621,1.369369142622677
E1,h7_k0p25,baseline_3f,28,7.0,0.25,cusum_fgo,follower,1,30001,4.6575616656417305,1.184063133084509,2.0126606497068433,1.3541621493100424
E1,h7_k0p25,baseline_3f,28,7.0,0.25,cusum_fgo,follower,2,30001,3.4960240765034616,1.315740979801331,1.8152690712917532,1.3731631304891458
E1,h7_k0p25,baseline_3f,28,7.0,0.25,cusum_fgo,follower,3,30001,3.011808480032092,0.9120582064421159,1.6358410986666836,1.0041547979249088
E1,h7_k0p25,baseline_3f,28,7.0,0.25,cusum_fgo,pooled,0,90003,4.6575616656417305,1.1372874397759851,1.8617204907693263,1.2553431095062362
E1,h7_k0p25,baseline_3f,28,7.0,0.25,cusum_fgo,macro,0,90003,3.721798074059095,1.1372874397759853,1.8212569398884266,1.243826692574699
E1,h7_k0p25,baseline_3f,29,7.0,0.25,cusum_fgo,follower,1,30001,4.122756874983134,1.5288122039733436,2.2223766156381233,1.6152818398470958
E1,h7_k0p25,baseline_3f,29,7.0,0.25,cusum_fgo,follower,2,30001,2.856073586590452,0.6350938190621541,1.3651930654421816,0.7383639083860606
E1,h7_k0p25,baseline_3f,29,7.0,0.25,cusum_fgo,follower,3,30001,2.041508701480636,0.7962474767399331,1.3782685586386512,0.8596260716771286
E1,h7_k0p25,baseline_3f,29,7.0,0.25,cusum_fgo,pooled,0,90003,4.122756874983134,0.986717833258477,1.9332993062870705,1.1391917699922183
E1,h7_k0p25,baseline_3f,29,7.0,0.25,cusum_fgo,macro,0,90003,3.006779721018074,0.986717833258477,1.6552794132396518,1.0710906066367618
E1,h7_k0p25,baseline_3f,30,7.0,0.25,cusum_fgo,follower,1,30001,3.227446171623657,1.2107143082249776,2.0135396561024668,1.2906429586776516
E1,h7_k0p25,baseline_3f,30,7.0,0.25,cusum_fgo,follower,2,30001,2.6434543049724586,1.0309465292896323,1.6695885150707568,1.09006456185732
E1,h7_k0p25,baseline_3f,30,7.0,0.25,cusum_fgo,follower,3,30001,3.367106552624781,0.6496248227558492,1.2645579603594101,0.7632548783332745
E1,h7_k0p25,baseline_3f,30,7.0,0.25,cusum_fgo,pooled,0,90003,3.367106552624781,0.9637618867568196,1.7401718366792274,1.0702893697657867
E1,h7_k0p25,baseline_3f,30,7.0,0.25,cusum_fgo,macro,0,90003,3.079335676406966,0.9637618867568198,1.6492287105108778,1.0479874662894153
E1,h7_k0p25,baseline_3f,31,7.0,0.25,cusum_fgo,follower,1,30001,5.406736631519482,1.9851602777485329,3.3560365855432743,2.185100161247295
E1,h7_k0p25,baseline_3f,31,7.0,0.25,cusum_fgo,follower,2,30001,8.59069156186519,1.8122748548738097,3.5747024664180587,2.0530331430347184
E1,h7_k0p25,baseline_3f,31,7.0,0.25,cusum_fgo,follower,3,30001,3.405303851703321,0.9475989512609942,1.6342551422962848,1.0394287362024663
E1,h7_k0p25,baseline_3f,31,7.0,0.25,cusum_fgo,pooled,0,90003,8.59069156186519,1.5816780279611122,3.0999563896774145,1.8321226213261879
E1,h7_k0p25,baseline_3f,31,7.0,0.25,cusum_fgo,macro,0,90003,5.800910681695998,1.5816780279611125,2.8549980647525395,1.7591873468281598
E1,h7_k0p25,baseline_3f,32,7.0,0.25,cusum_fgo,follower,1,30001,3.0186298490689216,0.8509359653126489,1.5872164998393812,0.9459787429616988
E1,h7_k0p25,baseline_3f,32,7.0,0.25,cusum_fgo,follower,2,30001,5.767650377135988,1.15095997168288,2.26304223566559,1.3545159312346953
E1,h7_k0p25,baseline_3f,32,7.0,0.25,cusum_fgo,follower,3,30001,3.0811864152718305,1.0146981742693062,1.6387139508809685,1.0884493675399702
E1,h7_k0p25,baseline_3f,32,7.0,0.25,cusum_fgo,pooled,0,90003,5.767650377135988,1.0055313704216118,1.8846810492710773,1.1422654705747626
E1,h7_k0p25,baseline_3f,32,7.0,0.25,cusum_fgo,macro,0,90003,3.9558222138255794,1.0055313704216118,1.8296575621286466,1.1296480139121214
E1,h7_k0p25,baseline_3f,33,7.0,0.25,cusum_fgo,follower,1,30001,3.7793048588157903,2.0217972311075254,3.0709269144037914,2.158896845698989
E1,h7_k0p25,baseline_3f,33,7.0,0.25,cusum_fgo,follower,2,30001,3.1219326570140487,1.145364366317649,1.689816913223831,1.2152558558364022
E1,h7_k0p25,baseline_3f,33,7.0,0.25,cusum_fgo,follower,3,30001,2.885664447506728,0.7335553264739323,1.5079747902251759,0.8292263847137528
E1,h7_k0p25,baseline_3f,33,7.0,0.25,cusum_fgo,pooled,0,90003,3.7793048588157903,1.3002389746330356,2.767397395599867,1.5083433276964444
E1,h7_k0p25,baseline_3f,33,7.0,0.25,cusum_fgo,macro,0,90003,3.262300654445523,1.3002389746330356,2.0895728726175995,1.4011263620830479
E1,h7_k0p25,baseline_3f,34,7.0,0.25,cusum_fgo,follower,1,30001,6.332427926811706,1.5371992934209062,3.813396507016948,1.8135687921081391
E1,h7_k0p25,baseline_3f,34,7.0,0.25,cusum_fgo,follower,2,30001,4.1077790312530515,0.9906840677921002,2.184777655058668,1.1502605924070568
E1,h7_k0p25,baseline_3f,34,7.0,0.25,cusum_fgo,follower,3,30001,5.5582680680243834,1.1993439739095746,1.6682987048055615,1.2840588796627026
E1,h7_k0p25,baseline_3f,34,7.0,0.25,cusum_fgo,pooled,0,90003,6.332427926811706,1.2424091117075269,2.555219217293258,1.4446381785293556
E1,h7_k0p25,baseline_3f,34,7.0,0.25,cusum_fgo,macro,0,90003,5.332825008696379,1.2424091117075269,2.555490955627059,1.4159627547259663
E1,h7_k0p25,baseline_3f,35,7.0,0.25,cusum_fgo,follower,1,30001,2.6919123186451115,0.6785112976945128,1.348845454298415,0.7873696131043392
E1,h7_k0p25,baseline_3f,35,7.0,0.25,cusum_fgo,follower,2,30001,2.611186180455486,0.9781288599721035,1.7343627157846189,1.072704949288234
E1,h7_k0p25,baseline_3f,35,7.0,0.25,cusum_fgo,follower,3,30001,2.4298104126223468,0.7675404399150373,1.5705719079667246,0.8573791487038896
E1,h7_k0p25,baseline_3f,35,7.0,0.25,cusum_fgo,pooled,0,90003,2.6919123186451115,0.8080601991938845,1.6096160593741768,0.9139193656079577
E1,h7_k0p25,baseline_3f,35,7.0,0.25,cusum_fgo,macro,0,90003,2.577636303907648,0.8080601991938846,1.551260026016586,0.9058179036988209
E1,h7_k0p25,baseline_3f,36,7.0,0.25,cusum_fgo,follower,1,30001,5.271946885263856,1.856104885994217,2.6843908961274328,1.974490589668953
E1,h7_k0p25,baseline_3f,36,7.0,0.25,cusum_fgo,follower,2,30001,3.5786505013306567,1.5486902174749118,2.397181391752241,1.6527966239943495
E1,h7_k0p25,baseline_3f,36,7.0,0.25,cusum_fgo,follower,3,30001,3.368617968457178,0.7477306544862451,1.5180854279793115,0.8712228148017859
E1,h7_k0p25,baseline_3f,36,7.0,0.25,cusum_fgo,pooled,0,90003,5.271946885263856,1.3841752526517912,2.4779294410745716,1.569435032318904
E1,h7_k0p25,baseline_3f,36,7.0,0.25,cusum_fgo,macro,0,90003,4.0730717850172296,1.3841752526517912,2.199885905286328,1.4995033428216962
E1,h7_k0p25,baseline_3f,37,7.0,0.25,cusum_fgo,follower,1,30001,2.3057158621621197,0.995572903906457,1.7258986022014426,1.088699635114855
E1,h7_k0p25,baseline_3f,37,7.0,0.25,cusum_fgo,follower,2,30001,3.358414180962829,1.2016987350641148,1.910514179904544,1.2816209432593928
E1,h7_k0p25,baseline_3f,37,7.0,0.25,cusum_fgo,follower,3,30001,3.0735906482762227,0.9680039118219935,1.964743836401599,1.0730630685644318
E1,h7_k0p25,baseline_3f,37,7.0,0.25,cusum_fgo,pooled,0,90003,3.358414180962829,1.0550918502641884,1.8372998535128817,1.1517064855852277
E1,h7_k0p25,baseline_3f,37,7.0,0.25,cusum_fgo,macro,0,90003,2.912573563800391,1.0550918502641884,1.8670522061691954,1.1477945489795598
E1,h7_k0p25,baseline_3f,38,7.0,0.25,cusum_fgo,follower,1,30001,2.114760142166981,0.9950394253771229,1.4445689483785642,1.0320462374914765
E1,h7_k0p25,baseline_3f,38,7.0,0.25,cusum_fgo,follower,2,30001,2.3860554593904104,0.7092113155384164,1.360110370600391,0.7918579642728486
E1,h7_k0p25,baseline_3f,38,7.0,0.25,cusum_fgo,follower,3,30001,2.6308450275768416,0.9193952284651964,1.4960983266007106,0.9739619048013086
E1,h7_k0p25,baseline_3f,38,7.0,0.25,cusum_fgo,pooled,0,90003,2.6308450275768416,0.8745486564602454,1.4548994479170272,0.9382182162494407
E1,h7_k0p25,baseline_3f,38,7.0,0.25,cusum_fgo,macro,0,90003,2.377220209711411,0.8745486564602452,1.4335925485265555,0.9326220355218778
E1,h7_k0p25,baseline_3f,39,7.0,0.25,cusum_fgo,follower,1,30001,2.9883658316184314,1.131232582594081,1.8509871958337094,1.2130757300852815
E1,h7_k0p25,baseline_3f,39,7.0,0.25,cusum_fgo,follower,2,30001,2.5168758283925325,0.9146362346319589,1.428070883675967,0.9632767193871477
E1,h7_k0p25,baseline_3f,39,7.0,0.25,cusum_fgo,follower,3,30001,2.0943177312797614,0.744278027762244,1.2284288676703303,0.7985131887514736
E1,h7_k0p25,baseline_3f,39,7.0,0.25,cusum_fgo,pooled,0,90003,2.9883658316184314,0.9300489483294281,1.6288123812063928,1.006160702480018
E1,h7_k0p25,baseline_3f,39,7.0,0.25,cusum_fgo,macro,0,90003,2.5331864637635753,0.930048948329428,1.502495649060002,0.9916218794079675
E1,h7_k0p25,baseline_3f,40,7.0,0.25,cusum_fgo,follower,1,30001,3.373426650416655,0.8120547277812732,1.63755254339422,0.935654394158076
E1,h7_k0p25,baseline_3f,40,7.0,0.25,cusum_fgo,follower,2,30001,5.8561509111303085,1.556466233295113,3.656763182355116,1.8102153088682638
E1,h7_k0p25,baseline_3f,40,7.0,0.25,cusum_fgo,follower,3,30001,3.547726909580507,0.5617970363113832,1.0896338128115175,0.6631588608297564
E1,h7_k0p25,baseline_3f,40,7.0,0.25,cusum_fgo,pooled,0,90003,5.8561509111303085,0.976772665795923,2.321380197982951,1.2372157295671815
E1,h7_k0p25,baseline_3f,40,7.0,0.25,cusum_fgo,macro,0,90003,4.259101490375824,0.9767726657959231,2.127983179520285,1.1363428546186987
E1,h7_k0p25,baseline_3f,41,7.0,0.25,cusum_fgo,follower,1,30001,3.629103820874184,1.422817756368582,2.2684994503134686,1.5196504172059877
E1,h7_k0p25,baseline_3f,41,7.0,0.25,cusum_fgo,follower,2,30001,4.132779336986341,0.7593716926490034,1.7505627287182872,0.9154986252869106
E1,h7_k0p25,baseline_3f,41,7.0,0.25,cusum_fgo,follower,3,30001,2.352105270206421,0.8485497928839378,1.5668552963428912,0.9240566736036674
E1,h7_k0p25,baseline_3f,41,7.0,0.25,cusum_fgo,pooled,0,90003,4.132779336986341,1.0102464139671745,2.0231886019708094,1.1548962232524085
E1,h7_k0p25,baseline_3f,41,7.0,0.25,cusum_fgo,macro,0,90003,3.3713294760223156,1.0102464139671745,1.8619724917915488,1.119735238698855
E1,h7_k0p25,baseline_3f,42,7.0,0.25,cusum_fgo,follower,1,30001,4.234028546259035,1.056900473943949,1.7273865340060162,1.1408837114305146
E1,h7_k0p25,baseline_3f,42,7.0,0.25,cusum_fgo,follower,2,30001,3.0648557919595647,0.8179518873681872,1.5633251277542073,0.9047791666102466
E1,h7_k0p25,baseline_3f,42,7.0,0.25,cusum_fgo,follower,3,30001,2.397515360037903,0.7124228291140495,1.530556309756897,0.8129729551481852
E1,h7_k0p25,baseline_3f,42,7.0,0.25,cusum_fgo,pooled,0,90003,4.234028546259035,0.8624250634753954,1.6361232647974775,0.9628371286882276
E1,h7_k0p25,baseline_3f,42,7.0,0.25,cusum_fgo,macro,0,90003,3.2321332327521675,0.8624250634753953,1.6070893238390402,0.9528786110629821
E1,h7_k0p25,baseline_3f,43,7.0,0.25,cusum_fgo,follower,1,30001,4.345171164787299,0.8970999004770666,1.4095554010236393,1.01095089323041
E1,h7_k0p25,baseline_3f,43,7.0,0.25,cusum_fgo,follower,2,30001,2.5798323356242503,1.1505276677777343,1.7247928191602893,1.2061466566917556
E1,h7_k0p25,baseline_3f,43,7.0,0.25,cusum_fgo,follower,3,30001,1.9597558211213921,0.5204242778349629,0.981427932544177,0.5738105506012061
E1,h7_k0p25,baseline_3f,43,7.0,0.25,cusum_fgo,pooled,0,90003,4.345171164787299,0.8560172820299212,1.5489282608196155,0.9671383930533284
E1,h7_k0p25,baseline_3f,43,7.0,0.25,cusum_fgo,macro,0,90003,2.9615864405109806,0.8560172820299212,1.371925384242702,0.9303027001744573
E1,h7_k0p25,baseline_3f,44,7.0,0.25,cusum_fgo,follower,1,30001,6.2132491524055515,1.4439722817694174,3.044341022595388,1.6342471216118348
E1,h7_k0p25,baseline_3f,44,7.0,0.25,cusum_fgo,follower,2,30001,3.4152107145788353,1.1186724364373457,1.8242081943596178,1.2165313614628765
E1,h7_k0p25,baseline_3f,44,7.0,0.25,cusum_fgo,follower,3,30001,2.7479101908104355,0.951407858392779,1.473250895924378,1.004003048203172
E1,h7_k0p25,baseline_3f,44,7.0,0.25,cusum_fgo,pooled,0,90003,6.2132491524055515,1.171350858866514,2.133854767787116,1.311326850778827
E1,h7_k0p25,baseline_3f,44,7.0,0.25,cusum_fgo,macro,0,90003,4.125456685931607,1.171350858866514,2.1139333709597943,1.2849271770926278
E1,h7_k0p25,baseline_3f,45,7.0,0.25,cusum_fgo,follower,1,30001,4.6381851001145655,1.7644802371171706,2.6451300212971414,1.900599454076554
E1,h7_k0p25,baseline_3f,45,7.0,0.25,cusum_fgo,follower,2,30001,3.097354625211657,0.8237434772024053,1.4526130933685384,0.912997009725749
E1,h7_k0p25,baseline_3f,45,7.0,0.25,cusum_fgo,follower,3,30001,2.6859919271237778,1.212601405819433,1.6376555147921175,1.2514760621599406
E1,h7_k0p25,baseline_3f,45,7.0,0.25,cusum_fgo,pooled,0,90003,4.6381851001145655,1.2669417067130029,2.3607698426808534,1.4156310911584753
E1,h7_k0p25,baseline_3f,45,7.0,0.25,cusum_fgo,macro,0,90003,3.47384388415,1.266941706713003,1.9117995431525994,1.3550241753207477
E1,h7_k0p25,baseline_3f,46,7.0,0.25,cusum_fgo,follower,1,30001,3.1947274566068296,1.1335232047242099,1.763883818385069,1.2068012284503704
E1,h7_k0p25,baseline_3f,46,7.0,0.25,cusum_fgo,follower,2,30001,2.9446176567198497,1.2180227328174613,1.7655495426619707,1.2712798991892995
E1,h7_k0p25,baseline_3f,46,7.0,0.25,cusum_fgo,follower,3,30001,2.7044162583292146,0.9045522961016429,1.4780914329938302,0.9665562735990552
E1,h7_k0p25,baseline_3f,46,7.0,0.25,cusum_fgo,pooled,0,90003,3.1947274566068296,1.0853660778811047,1.706703903018491,1.1556748125526446
E1,h7_k0p25,baseline_3f,46,7.0,0.25,cusum_fgo,macro,0,90003,2.9479204572186313,1.0853660778811047,1.6691749313469566,1.148212467079575
E1,h7_k0p25,baseline_3f,47,7.0,0.25,cusum_fgo,follower,1,30001,2.1803056844778985,0.8984778489333245,1.5544597234535402,0.9591328848456299
E1,h7_k0p25,baseline_3f,47,7.0,0.25,cusum_fgo,follower,2,30001,2.6552753991838265,0.840762689633099,1.4476285920715075,0.9090652156589776
E1,h7_k0p25,baseline_3f,47,7.0,0.25,cusum_fgo,follower,3,30001,2.5197987647916213,0.7739987734338832,1.3095607013334254,0.843112920504278
E1,h7_k0p25,baseline_3f,47,7.0,0.25,cusum_fgo,pooled,0,90003,2.6552753991838265,0.8377464373334355,1.4399836746991366,0.9050183891013222
E1,h7_k0p25,baseline_3f,47,7.0,0.25,cusum_fgo,macro,0,90003,2.451793282817782,0.8377464373334357,1.4372163389528243,0.9037703403362952
E1,h7_k0p25,baseline_3f,48,7.0,0.25,cusum_fgo,follower,1,30001,4.7131038386307305,0.9137144157365275,1.900643188072563,1.1414482719766503
E1,h7_k0p25,baseline_3f,48,7.0,0.25,cusum_fgo,follower,2,30001,2.729983860717938,0.7230700209209685,1.3208502151378578,0.8072446407930032
E1,h7_k0p25,baseline_3f,48,7.0,0.25,cusum_fgo,follower,3,30001,1.702628726527116,0.44461636150563194,0.8899680890820952,0.5001412534527067
E1,h7_k0p25,baseline_3f,48,7.0,0.25,cusum_fgo,pooled,0,90003,4.7131038386307305,0.693800266054376,1.4233136671165583,0.8572610145287822
E1,h7_k0p25,baseline_3f,48,7.0,0.25,cusum_fgo,macro,0,90003,3.0485721419585947,0.693800266054376,1.3704871640975054,0.8162780554074534
E1,h7_k0p25,baseline_3f,49,7.0,0.25,cusum_fgo,follower,1,30001,2.8013088686769745,1.2489367337124917,1.8733160721264421,1.3303500736662826
E1,h7_k0p25,baseline_3f,49,7.0,0.25,cusum_fgo,follower,2,30001,3.002490353804202,0.9323136091113651,1.489607766803423,0.991860148751847
E1,h7_k0p25,baseline_3f,49,7.0,0.25,cusum_fgo,follower,3,30001,2.9075257290131535,1.1440902448395882,1.7488855426124257,1.213375871183164
E1,h7_k0p25,baseline_3f,49,7.0,0.25,cusum_fgo,pooled,0,90003,3.002490353804202,1.1084468625544817,1.7688569181152936,1.1868584411455623
E1,h7_k0p25,baseline_3f,49,7.0,0.25,cusum_fgo,macro,0,90003,2.9037749838314433,1.1084468625544817,1.703936460514097,1.1785286978670977
E1,h7_k0p25,baseline_3f,50,7.0,0.25,cusum_fgo,follower,1,30001,2.6592494481354017,1.1072272114871262,1.764264677173564,1.1632262644333053
E1,h7_k0p25,baseline_3f,50,7.0,0.25,cusum_fgo,follower,2,30001,2.667427070577256,1.0663453215696002,1.7480184840391901,1.138852787661153
E1,h7_k0p25,baseline_3f,50,7.0,0.25,cusum_fgo,follower,3,30001,2.3860743424670794,0.9137401566794433,1.4325907454562135,0.9667481251596378
E1,h7_k0p25,baseline_3f,50,7.0,0.25,cusum_fgo,pooled,0,90003,2.667427070577256,1.0291042299120565,1.7122588862773784,1.0931122162173341
E1,h7_k0p25,baseline_3f,50,7.0,0.25,cusum_fgo,macro,0,90003,2.570916953726579,1.0291042299120565,1.6482913022229893,1.0896090590846987
E1,h7_k0p25,healthy_maneuver,1,7.0,0.25,cusum_fgo,follower,1,30001,2.266116464551638,0.9180212728797539,1.4707885248913006,0.9749946168786143
E1,h7_k0p25,healthy_maneuver,1,7.0,0.25,cusum_fgo,follower,2,30001,2.0250502387540457,0.8519980969217552,1.3690555220021936,0.9136731555173239
E1,h7_k0p25,healthy_maneuver,1,7.0,0.25,cusum_fgo,follower,3,30001,1.915486429852649,0.8598990298392007,1.3430554839958768,0.9126525121690963
E1,h7_k0p25,healthy_maneuver,1,7.0,0.25,cusum_fgo,pooled,0,90003,2.266116464551638,0.8766394665469034,1.3966529551034477,0.9342283350487399
E1,h7_k0p25,healthy_maneuver,1,7.0,0.25,cusum_fgo,macro,0,90003,2.0688843777194443,0.8766394665469033,1.3942998436297902,0.9337734281883447
E1,h7_k0p25,healthy_maneuver,2,7.0,0.25,cusum_fgo,follower,1,30001,2.2355993776055323,0.7981985920838884,1.3867571668340926,0.8576433390359806
E1,h7_k0p25,healthy_maneuver,2,7.0,0.25,cusum_fgo,follower,2,30001,2.576388666332955,1.4123108620434268,2.019650082133386,1.4725733796754086
E1,h7_k0p25,healthy_maneuver,2,7.0,0.25,cusum_fgo,follower,3,30001,2.3324430124165225,1.015477163117996,1.6705746872924463,1.08318289694352
E1,h7_k0p25,healthy_maneuver,2,7.0,0.25,cusum_fgo,pooled,0,90003,2.576388666332955,1.0753288724151038,1.8638869711103503,1.1658058219892935
E1,h7_k0p25,healthy_maneuver,2,7.0,0.25,cusum_fgo,macro,0,90003,2.3814770187850036,1.0753288724151038,1.6923273120866416,1.1377998718849698
E1,h7_k0p25,healthy_maneuver,3,7.0,0.25,cusum_fgo,follower,1,30001,1.9046680377311598,0.6261571495769207,1.1846648907472137,0.6972820542087758
E1,h7_k0p25,healthy_maneuver,3,7.0,0.25,cusum_fgo,follower,2,30001,2.2142904494449502,0.8617058714848582,1.6109892669128625,0.9452870716439288
E1,h7_k0p25,healthy_maneuver,3,7.0,0.25,cusum_fgo,follower,3,30001,1.4149717242265074,0.42883979707154246,0.7572696177409692,0.4665407149254038
E1,h7_k0p25,healthy_maneuver,3,7.0,0.25,cusum_fgo,pooled,0,90003,2.2142904494449502,0.6389009393777738,1.3251087339020413,0.7297100222284354
E1,h7_k0p25,healthy_maneuver,3,7.0,0.25,cusum_fgo,macro,0,90003,1.8446434038008725,0.6389009393777738,1.1843079251336819,0.7030366135927029
E1,h7_k0p25,healthy_maneuver,4,7.0,0.25,cusum_fgo,follower,1,30001,2.660201834508401,1.3536626670085292,1.8664136942180454,1.393512454582919
E1,h7_k0p25,healthy_maneuver,4,7.0,0.25,cusum_fgo,follower,2,30001,2.2283817005545496,0.9732424289763568,1.4352187248516244,1.013191720632428
E1,h7_k0p25,healthy_maneuver,4,7.0,0.25,cusum_fgo,follower,3,30001,1.9552453357196655,0.8707293931305854,1.4381781471185837,0.9350237047147065
E1,h7_k0p25,healthy_maneuver,4,7.0,0.25,cusum_fgo,pooled,0,90003,2.660201834508401,1.0658781630384906,1.697584552808312,1.1317690801298979
E1,h7_k0p25,healthy_maneuver,4,7.0,0.25,cusum_fgo,macro,0,90003,2.281276290260872,1.0658781630384904,1.5799368553960846,1.1139092933100176
E1,h7_k0p25,healthy_maneuver,5,7.0,0.25,cusum_fgo,follower,1,30001,2.5992641335271935,1.5534603035653922,2.237173156717641,1.6411467304451863
E1,h7_k0p25,healthy_maneuver,5,7.0,0.25,cusum_fgo,follower,2,30001,1.6192594696140226,0.4660876654235976,0.8336888761284037,0.5074908418998875
E1,h7_k0p25,healthy_maneuver,5,7.0,0.25,cusum_fgo,follower,3,30001,1.5337842798900063,0.8321149844689518,1.166083621565352,0.8534216922775499
E1,h7_k0p25,healthy_maneuver,5,7.0,0.25,cusum_fgo,pooled,0,90003,2.5992641335271935,0.950554317819314,2.0811390690520124,1.107435194539325
E1,h7_k0p25,healthy_maneuver,5,7.0,0.25,cusum_fgo,macro,0,90003,1.9174359610104075,0.9505543178193139,1.4123152181371321,1.0006864215408746
E1,h7_k0p25,healthy_maneuver,6,7.0,0.25,cusum_fgo,follower,1,30001,2.598888176457071,1.054096006416536,1.8583127679239124,1.1459977157024086
E1,h7_k0p25,healthy_maneuver,6,7.0,0.25,cusum_fgo,follower,2,30001,2.7975448766485407,1.5758003118242956,2.317132422603162,1.6640655905018327
E1,h7_k0p25,healthy_maneuver,6,7.0,0.25,cusum_fgo,follower,3,30001,2.169447400233056,0.7735965968092482,1.2451405292809845,0.817526626651017
E1,h7_k0p25,healthy_maneuver,6,7.0,0.25,cusum_fgo,pooled,0,90003,2.7975448766485407,1.1344976383500265,2.112660173406964,1.2584083649820967
E1,h7_k0p25,healthy_maneuver,6,7.0,0.25,cusum_fgo,macro,0,90003,2.5219601511128893,1.1344976383500265,1.8068619066026865,1.209196644285086
E1,h7_k0p25,healthy_maneuver,7,7.0,0.25,cusum_fgo,follower,1,30001,1.9914564517048179,0.770947414442169,1.3530574786209775,0.8334959596521596
E1,h7_k0p25,healthy_maneuver,7,7.0,0.25,cusum_fgo,follower,2,30001,2.63591885681755,1.3230784538988138,2.105645395790257,1.3973755731682647
E1,h7_k0p25,healthy_maneuver,7,7.0,0.25,cusum_fgo,follower,3,30001,1.5034586913251997,0.5108481346334695,1.0330209726067314,0.5681317841204168
E1,h7_k0p25,healthy_maneuver,7,7.0,0.25,cusum_fgo,pooled,0,90003,2.63591885681755,0.8682913343248175,1.7897794577868376,0.9950121827347406
E1,h7_k0p25,healthy_maneuver,7,7.0,0.25,cusum_fgo,macro,0,90003,2.0436113332825223,0.8682913343248174,1.4972412823393222,0.933001105646947
E1,h7_k0p25,healthy_maneuver,8,7.0,0.25,cusum_fgo,follower,1,30001,2.537888930792906,1.0666931800927535,1.767928952621754,1.1415729536288621
E1,h7_k0p25,healthy_maneuver,8,7.0,0.25,cusum_fgo,follower,2,30001,2.0624353560576645,0.5803525457293897,1.1217338862110757,0.649956570709305
E1,h7_k0p25,healthy_maneuver,8,7.0,0.25,cusum_fgo,follower,3,30001,2.1666075118701262,0.8268195291678531,1.260222512649259,0.8710541110112439
E1,h7_k0p25,healthy_maneuver,8,7.0,0.25,cusum_fgo,pooled,0,90003,2.537888930792906,0.8246217516633321,1.5708301910962867,0.9100123839037781
E1,h7_k0p25,healthy_maneuver,8,7.0,0.25,cusum_fgo,macro,0,90003,2.255643932906899,0.8246217516633321,1.3832951171606964,0.8875278784498036
E1,h7_k0p25,healthy_maneuver,9,7.0,0.25,cusum_fgo,follower,1,30001,2.1088048543249087,0.8038361704890318,1.3412510525519363,0.8645495751816912
E1,h7_k0p25,healthy_maneuver,9,7.0,0.25,cusum_fgo,follower,2,30001,1.9512690012223948,0.7041001131001114,1.4048657396677975,0.7879296180347598
E1,h7_k0p25,healthy_maneuver,9,7.0,0.25,cusum_fgo,follower,3,30001,1.7192826060978041,0.7327995665326009,1.2788519310257063,0.7876446468551634
E1,h7_k0p25,healthy_maneuver,9,7.0,0.25,cusum_fgo,pooled,0,90003,2.1088048543249087,0.7469119500405812,1.3398014270597738,0.8141791655081905
E1,h7_k0p25,healthy_maneuver,9,7.0,0.25,cusum_fgo,macro,0,90003,1.9264521538817025,0.7469119500405813,1.3416562410818134,0.8133746133572047
E1,h7_k0p25,healthy_maneuver,10,7.0,0.25,cusum_fgo,follower,1,30001,1.9219778180476146,0.6131536217217392,1.0764398875031127,0.6621406474159178
E1,h7_k0p25,healthy_maneuver,10,7.0,0.25,cusum_fgo,follower,2,30001,2.573217739701426,1.119412526609896,2.075340851171903,1.2295987540474438
E1,h7_k0p25,healthy_maneuver,10,7.0,0.25,cusum_fgo,follower,3,30001,1.0901099462833803,0.3838164276975606,0.7044020706015659,0.4249890741234732
E1,h7_k0p25,healthy_maneuver,10,7.0,0.25,cusum_fgo,pooled,0,90003,2.573217739701426,0.7054608586763986,1.8175542003958036,0.8428046523443267
E1,h7_k0p25,healthy_maneuver,10,7.0,0.25,cusum_fgo,macro,0,90003,1.8617685013441403,0.7054608586763985,1.2853942697588605,0.7722428251956116
E1,h7_k0p25,healthy_maneuver,11,7.0,0.25,cusum_fgo,follower,1,30001,2.223835289144577,0.9427738522907475,1.5325521470661807,0.9982942220248343
E1,h7_k0p25,healthy_maneuver,11,7.0,0.25,cusum_fgo,follower,2,30001,2.7590870639268057,1.2062932116359073,2.0364697551970043,1.2800366192242767
E1,h7_k0p25,healthy_maneuver,11,7.0,0.25,cusum_fgo,follower,3,30001,1.8505092445202118,0.6269037116048296,1.160046401434981,0.6887162490163466
E1,h7_k0p25,healthy_maneuver,11,7.0,0.25,cusum_fgo,pooled,0,90003,2.7590870639268057,0.9253235918438281,1.7236395829576254,1.018072553397257
E1,h7_k0p25,healthy_maneuver,11,7.0,0.25,cusum_fgo,macro,0,90003,2.2778105325305313,0.9253235918438282,1.576356101232722,0.9890156967551524
E1,h7_k0p25,healthy_maneuver,12,7.0,0.25,cusum_fgo,follower,1,30001,2.2661013718976024,0.9225020314399567,1.5292011775631273,0.9884985123044606
E1,h7_k0p25,healthy_maneuver,12,7.0,0.25,cusum_fgo,follower,2,30001,1.897097346569353,0.6704265291194492,1.2245529887605038,0.7318163097045377
E1,h7_k0p25,healthy_maneuver,12,7.0,0.25,cusum_fgo,follower,3,30001,2.0622713424860333,1.0119850086826976,1.3791834168990607,1.045703677898178
E1,h7_k0p25,healthy_maneuver,12,7.0,0.25,cusum_fgo,pooled,0,90003,2.2661013718976024,0.868304523080701,1.4107329036275469,0.9320551846944608
E1,h7_k0p25,healthy_maneuver,12,7.0,0.25,cusum_fgo,macro,0,90003,2.0751566869843296,0.8683045230807012,1.3776458610742306,0.9220061666357254
E1,h7_k0p25,healthy_maneuver,13,7.0,0.25,cusum_fgo,follower,1,30001,2.1902631029510116,1.2431181204999169,1.7826841642817801,1.2869712548073473
E1,h7_k0p25,healthy_maneuver,13,7.0,0.25,cusum_fgo,follower,2,30001,2.2189176124280787,0.800035918307622,1.6340500123270427,0.8982480471071468
E1,h7_k0p25,healthy_maneuver,13,7.0,0.25,cusum_fgo,follower,3,30001,2.382515132412293,0.9339616535482514,1.6343353752346095,1.0216962921478787
E1,h7_k0p25,healthy_maneuver,13,7.0,0.25,cusum_fgo,pooled,0,90003,2.382515132412293,0.9923718974519302,1.7111807866996256,1.0812042480834236
E1,h7_k0p25,healthy_maneuver,13,7.0,0.25,cusum_fgo,macro,0,90003,2.263898615930461,0.9923718974519301,1.6836898506144775,1.0689718646874578
E1,h7_k0p25,healthy_maneuver,14,7.0,0.25,cusum_fgo,follower,1,30001,2.212085964670595,0.7480870658613795,1.373790981404126,0.8221910430083061
E1,h7_k0p25,healthy_maneuver,14,7.0,0.25,cusum_fgo,follower,2,30001,2.731664313335986,0.8633776185866431,2.0986230674857547,1.035728623182419
E1,h7_k0p25,healthy_maneuver,14,7.0,0.25,cusum_fgo,follower,3,30001,1.9311582581986444,1.0150313817160284,1.528145050467111,1.06443949133507
E1,h7_k0p25,healthy_maneuver,14,7.0,0.25,cusum_fgo,pooled,0,90003,2.731664313335986,0.8754986887213503,1.7574876619035698,0.9800957985142912
E1,h7_k0p25,healthy_maneuver,14,7.0,0.25,cusum_fgo,macro,0,90003,2.291636178735075,0.8754986887213502,1.6668530331189972,0.9741197191752651
E1,h7_k0p25,healthy_maneuver,15,7.0,0.25,cusum_fgo,follower,1,30001,2.461327654423326,1.1248467486749083,1.7882428725905097,1.1898714805730872
E1,h7_k0p25,healthy_maneuver,15,7.0,0.25,cusum_fgo,follower,2,30001,2.478951430856456,1.2685044912051842,2.0374372523870785,1.334434165079079
E1,h7_k0p25,healthy_maneuver,15,7.0,0.25,cusum_fgo,follower,3,30001,1.3572624156271662,0.5315007355816335,0.9679244684808749,0.5804292232045125
E1,h7_k0p25,healthy_maneuver,15,7.0,0.25,cusum_fgo,pooled,0,90003,2.478951430856456,0.974950658487242,1.8313399098003758,1.0852659834285299
E1,h7_k0p25,healthy_maneuver,15,7.0,0.25,cusum_fgo,macro,0,90003,2.099180500302316,0.9749506584872419,1.5978681978194877,1.0349116229522262
E1,h7_k0p25,healthy_maneuver,16,7.0,0.25,cusum_fgo,follower,1,30001,2.3486656835155393,0.7647784505191971,1.5304104191289254,0.8664481093838777
E1,h7_k0p25,healthy_maneuver,16,7.0,0.25,cusum_fgo,follower,2,30001,2.051016344246826,0.7819995711321467,1.2649914917403862,0.8339734056307535
E1,h7_k0p25,healthy_maneuver,16,7.0,0.25,cusum_fgo,follower,3,30001,1.6032690584799691,0.667903468165826,1.1966377047935028,0.7242618221342326
E1,h7_k0p25,healthy_maneuver,16,7.0,0.25,cusum_fgo,pooled,0,90003,2.3486656835155393,0.7382271632723901,1.3215213883295351,0.8105140662064318
E1,h7_k0p25,healthy_maneuver,16,7.0,0.25,cusum_fgo,macro,0,90003,2.0009836954141114,0.7382271632723899,1.3306798718876047,0.8082277790496213
E1,h7_k0p25,healthy_maneuver,17,7.0,0.25,cusum_fgo,follower,1,30001,2.3094870144807937,1.2621852603751607,1.7772425092118989,1.3009846167075423
E1,h7_k0p25,healthy_maneuver,17,7.0,0.25,cusum_fgo,follower,2,30001,2.0558880202087066,0.9471059776653264,1.3648012983499136,0.984838190326999
E1,h7_k0p25,healthy_maneuver,17,7.0,0.25,cusum_fgo,follower,3,30001,1.827834649325501,0.9692498851942667,1.3971423028396657,1.0084265476861332
E1,h7_k0p25,healthy_maneuver,17,7.0,0.25,cusum_fgo,pooled,0,90003,2.3094870144807937,1.059513707744918,1.5941845460684227,1.1074582514500495
E1,h7_k0p25,healthy_maneuver,17,7.0,0.25,cusum_fgo,macro,0,90003,2.0644032280050006,1.059513707744918,1.5130620368004928,1.0980831182402249
E1,h7_k0p25,healthy_maneuver,18,7.0,0.25,cusum_fgo,follower,1,30001,2.807829861766059,1.3406379772725,2.22119495940791,1.4420811416096877
E1,h7_k0p25,healthy_maneuver,18,7.0,0.25,cusum_fgo,follower,2,30001,2.297105552973235,1.183818566354998,1.7383177095137552,1.2301237245161818
E1,h7_k0p25,healthy_maneuver,18,7.0,0.25,cusum_fgo,follower,3,30001,1.163312576559893,0.4713773570143994,0.8764234412488785,0.5176044645864786
E1,h7_k0p25,healthy_maneuver,18,7.0,0.25,cusum_fgo,pooled,0,90003,2.807829861766059,0.9986113002139657,1.9564909916720163,1.1344186144399722
E1,h7_k0p25,healthy_maneuver,18,7.0,0.25,cusum_fgo,macro,0,90003,2.0894159970997292,0.9986113002139657,1.6119787033901813,1.063269776904116
E1,h7_k0p25,healthy_maneuver,19,7.0,0.25,cusum_fgo,follower,1,30001,1.734748768497697,0.9297190945390842,1.3676168474937718,0.9628434590631348
E1,h7_k0p25,healthy_maneuver,19,7.0,0.25,cusum_fgo,follower,2,30001,1.6361156101873537,0.8220232273065299,1.3139637746928108,0.8706085441145884
E1,h7_k0p25,healthy_maneuver,19,7.0,0.25,cusum_fgo,follower,3,30001,1.3235065292437107,0.4605720779177916,0.8177138826924555,0.5049468108405907
E1,h7_k0p25,healthy_maneuver,19,7.0,0.25,cusum_fgo,pooled,0,90003,1.734748768497697,0.7374381332544685,1.2830772309378478,0.8041554670427166
E1,h7_k0p25,healthy_maneuver,19,7.0,0.25,cusum_fgo,macro,0,90003,1.5647903026429202,0.7374381332544685,1.166431501626346,0.7794662713394379
E1,h7_k0p25,healthy_maneuver,20,7.0,0.25,cusum_fgo,follower,1,30001,2.565408772636586,1.2877835309302128,1.956038301649247,1.3533784321516225
E1,h7_k0p25,healthy_maneuver,20,7.0,0.25,cusum_fgo,follower,2,30001,2.4265242952273445,0.9127430335417498,1.6077649213009613,0.9944660870409917
E1,h7_k0p25,healthy_maneuver,20,7.0,0.25,cusum_fgo,follower,3,30001,2.076170469189074,0.6550329950649758,1.2200571512094087,0.7182397314210776
E1,h7_k0p25,healthy_maneuver,20,7.0,0.25,cusum_fgo,pooled,0,90003,2.565408772636586,0.9518531865123128,1.7672014187899108,1.0545874850195576
E1,h7_k0p25,healthy_maneuver,20,7.0,0.25,cusum_fgo,macro,0,90003,2.356034512351002,0.9518531865123127,1.5946201247198726,1.0220280835378972
E1,h7_k0p25,healthy_maneuver,21,7.0,0.25,cusum_fgo,follower,1,30001,3.2243589986253336,1.6244414126865037,2.3935889013945784,1.7190975185305906
E1,h7_k0p25,healthy_maneuver,21,7.0,0.25,cusum_fgo,follower,2,30001,3.0459383221652736,1.1702754968527587,1.7570668745189302,1.236608213384306
E1,h7_k0p25,healthy_maneuver,21,7.0,0.25,cusum_fgo,follower,3,30001,1.7477292927647168,0.49532672391794874,0.9872757949145747,0.5489324528867989
E1,h7_k0p25,healthy_maneuver,21,7.0,0.25,cusum_fgo,pooled,0,90003,3.2243589986253336,1.0966812111524038,2.204406716108175,1.2630416975777004
E1,h7_k0p25,healthy_maneuver,21,7.0,0.25,cusum_fgo,macro,0,90003,2.672675537851775,1.0966812111524036,1.7126438569426943,1.1682127282672319
E1,h7_k0p25,healthy_maneuver,22,7.0,0.25,cusum_fgo,follower,1,30001,2.701861575946058,0.863526374997355,1.5159116919354803,0.9390209462994517
E1,h7_k0p25,healthy_maneuver,22,7.0,0.25,cusum_fgo,follower,2,30001,2.7334539841289085,1.104022886775439,2.142507317123684,1.2071965776910785
E1,h7_k0p25,healthy_maneuver,22,7.0,0.25,cusum_fgo,follower,3,30001,2.064778910137611,1.1197086672979897,1.5415711418739872,1.1565842607421501
E1,h7_k0p25,healthy_maneuver,22,7.0,0.25,cusum_fgo,pooled,0,90003,2.7334539841289085,1.0290859763569278,1.6767721418780834,1.1070638444363596
E1,h7_k0p25,healthy_maneuver,22,7.0,0.25,cusum_fgo,macro,0,90003,2.5000314900708593,1.0290859763569278,1.7333300503110507,1.1009339282442268
E1,h7_k0p25,healthy_maneuver,23,7.0,0.25,cusum_fgo,follower,1,30001,2.072263538194302,0.8057670740560572,1.2627489041821638,0.8605937369973565
E1,h7_k0p25,healthy_maneuver,23,7.0,0.25,cusum_fgo,follower,2,30001,2.2694866231520145,1.1489212921009337,1.7218377057690073,1.1960231618739081
E1,h7_k0p25,healthy_maneuver,23,7.0,0.25,cusum_fgo,follower,3,30001,1.635879815152464,0.5550103386871587,0.9402889021075062,0.5936987678452439
E1,h7_k0p25,healthy_maneuver,23,7.0,0.25,cusum_fgo,pooled,0,90003,2.2694866231520145,0.8365662349480498,1.5449860762173555,0.9171643274860648
E1,h7_k0p25,healthy_maneuver,23,7.0,0.25,cusum_fgo,macro,0,90003,1.9925433254995937,0.8365662349480498,1.3082918373528925,0.8834385555721695
E1,h7_k0p25,healthy_maneuver,24,7.0,0.25,cusum_fgo,follower,1,30001,2.4690382056649995,0.7464273916555357,1.325963778254144,0.8232048253002539
E1,h7_k0p25,healthy_maneuver,24,7.0,0.25,cusum_fgo,follower,2,30001,3.142297464770318,0.6471716227190946,1.0195416960241233,0.687986780952881
E1,h7_k0p25,healthy_maneuver,24,7.0,0.25,cusum_fgo,follower,3,30001,1.9947923282888904,0.8390391078032986,1.3044198089192853,0.8812316448997349
E1,h7_k0p25,healthy_maneuver,24,7.0,0.25,cusum_fgo,pooled,0,90003,3.142297464770318,0.7442127073926429,1.2425099351526414,0.801573703647232
E1,h7_k0p25,healthy_maneuver,24,7.0,0.25,cusum_fgo,macro,0,90003,2.535375999574736,0.7442127073926429,1.216641761065851,0.7974744170509567
E1,h7_k0p25,healthy_maneuver,25,7.0,0.25,cusum_fgo,follower,1,30001,1.8853397952746318,0.6560132947601384,1.3464109998553626,0.7489843373485641
E1,h7_k0p25,healthy_maneuver,25,7.0,0.25,cusum_fgo,follower,2,30001,1.6632159954233472,0.6756488329771152,1.057664907462473,0.719068431027676
E1,h7_k0p25,healthy_maneuver,25,7.0,0.25,cusum_fgo,follower,3,30001,1.5108594594914586,0.5503577591843783,0.9942732418073822,0.6017686233071842
E1,h7_k0p25,healthy_maneuver,25,7.0,0.25,cusum_fgo,pooled,0,90003,1.8853397952746318,0.6273399623072107,1.151359507994962,0.6928593946083373
E1,h7_k0p25,healthy_maneuver,25,7.0,0.25,cusum_fgo,macro,0,90003,1.6864717500631459,0.6273399623072106,1.132783049708406,0.6899404638944748
E1,h7_k0p25,healthy_maneuver,26,7.0,0.25,cusum_fgo,follower,1,30001,2.2320158198209974,0.8508165933163404,1.3886779932700692,0.9009473362203149
E1,h7_k0p25,healthy_maneuver,26,7.0,0.25,cusum_fgo,follower,2,30001,2.06937473751026,0.7824234437909166,1.2889843864341535,0.8323612399898492
E1,h7_k0p25,healthy_maneuver,26,7.0,0.25,cusum_fgo,follower,3,30001,1.848380268453891,0.7867467839052662,1.2429645891733196,0.8283595020237707
E1,h7_k0p25,healthy_maneuver,26,7.0,0.25,cusum_fgo,pooled,0,90003,2.2320158198209974,0.806662273670841,1.3009446863468994,0.8545390182379016
E1,h7_k0p25,healthy_maneuver,26,7.0,0.25,cusum_fgo,macro,0,90003,2.049923608595049,0.8066622736708412,1.3068756562925141,0.8538893594113116
E1,h7_k0p25,healthy_maneuver,27,7.0,0.25,cusum_fgo,follower,1,30001,3.562970764521355,1.6760685240757136,2.547920757560919,1.7800187438669668
E1,h7_k0p25,healthy_maneuver,27,7.0,0.25,cusum_fgo,follower,2,30001,2.026775806315522,0.9241981038357665,1.4074417659159737,0.9676367427056197
E1,h7_k0p25,healthy_maneuver,27,7.0,0.25,cusum_fgo,follower,3,30001,1.8751469338827718,0.7606571265591676,1.2769358906492694,0.8175781606921392
E1,h7_k0p25,healthy_maneuver,27,7.0,0.25,cusum_fgo,pooled,0,90003,3.562970764521355,1.1203079181568825,2.2576911282072634,1.2613777709568768
E1,h7_k0p25,healthy_maneuver,27,7.0,0.25,cusum_fgo,macro,0,90003,2.48829783490655,1.1203079181568827,1.7440994713753872,1.1884112157549087
E1,h7_k0p25,healthy_maneuver,28,7.0,0.25,cusum_fgo,follower,1,30001,2.532284482640418,1.0600783964961296,1.8316115212510584,1.1559313456295697
E1,h7_k0p25,healthy_maneuver,28,7.0,0.25,cusum_fgo,follower,2,30001,2.1932758901741467,1.2727723625191814,1.7063114206279937,1.30388620524623
E1,h7_k0p25,healthy_maneuver,28,7.0,0.25,cusum_fgo,follower,3,30001,1.895931411642151,0.8757318167315908,1.3902787379198442,0.9404296877895043
E1,h7_k0p25,healthy_maneuver,28,7.0,0.25,cusum_fgo,pooled,0,90003,2.532284482640418,1.0695275252489673,1.6989997949375562,1.1431979282865918
E1,h7_k0p25,healthy_maneuver,28,7.0,0.25,cusum_fgo,macro,0,90003,2.2071639281522386,1.069527525248967,1.6427338932662987,1.133415746221768
E1,h7_k0p25,healthy_maneuver,29,7.0,0.25,cusum_fgo,follower,1,30001,2.6639204680872046,1.4288864596924247,1.9969746464046667,1.4753344927896805
E1,h7_k0p25,healthy_maneuver,29,7.0,0.25,cusum_fgo,follower,2,30001,2.2002391621061004,0.6638629226511455,1.3634505237121801,0.7540378851403503
E1,h7_k0p25,healthy_maneuver,29,7.0,0.25,cusum_fgo,follower,3,30001,2.13071278207365,0.7815995396249003,1.2902609169565507,0.8393712723806052
E1,h7_k0p25,healthy_maneuver,29,7.0,0.25,cusum_fgo,pooled,0,90003,2.6639204680872046,0.9581163073228235,1.7908608640238144,1.0723384308354262
E1,h7_k0p25,healthy_maneuver,29,7.0,0.25,cusum_fgo,macro,0,90003,2.331624137422318,0.9581163073228235,1.5502286956911326,1.0229145501035453
E1,h7_k0p25,healthy_maneuver,30,7.0,0.25,cusum_fgo,follower,1,30001,2.369795374979608,1.1419345851436442,1.642205393458783,1.1860793684769724
E1,h7_k0p25,healthy_maneuver,30,7.0,0.25,cusum_fgo,follower,2,30001,2.4317527374730465,1.0238540956611097,1.7353652389371843,1.0888525829792044
E1,h7_k0p25,healthy_maneuver,30,7.0,0.25,cusum_fgo,follower,3,30001,1.5776112090930612,0.6120802503046542,1.1109331059748342,0.672406459482488
E1,h7_k0p25,healthy_maneuver,30,7.0,0.25,cusum_fgo,pooled,0,90003,2.4317527374730465,0.9259563103698027,1.6097085509230473,1.0073917911354042
E1,h7_k0p25,healthy_maneuver,30,7.0,0.25,cusum_fgo,macro,0,90003,2.1263864405152386,0.9259563103698026,1.4961679127902672,0.9824461369795549
E1,h7_k0p25,healthy_maneuver,31,7.0,0.25,cusum_fgo,follower,1,30001,3.6229453497187194,1.8454325734050014,2.8740862582260296,1.9726075786957031
E1,h7_k0p25,healthy_maneuver,31,7.0,0.25,cusum_fgo,follower,2,30001,2.8167602202392237,1.4265427795304162,2.0047733613856953,1.483227418853025
E1,h7_k0p25,healthy_maneuver,31,7.0,0.25,cusum_fgo,follower,3,30001,1.7875082618671767,0.886662803490423,1.4659314898605722,0.9535616868487403
E1,h7_k0p25,healthy_maneuver,31,7.0,0.25,cusum_fgo,pooled,0,90003,3.6229453497187194,1.3862127188086135,2.5456072256203135,1.5275715069123001
E1,h7_k0p25,healthy_maneuver,31,7.0,0.25,cusum_fgo,macro,0,90003,2.7424046106083733,1.3862127188086137,2.114930369824099,1.4697988947991563
E1,h7_k0p25,healthy_maneuver,32,7.0,0.25,cusum_fgo,follower,1,30001,1.8565442544527122,0.7493617977209642,1.3104884750359835,0.803538329736333
E1,h7_k0p25,healthy_maneuver,32,7.0,0.25,cusum_fgo,follower,2,30001,2.5241142736537516,1.0077199026845693,1.8451585194234599,1.1025786484357512
E1,h7_k0p25,healthy_maneuver,32,7.0,0.25,cusum_fgo,follower,3,30001,1.9905411716141483,0.9430873547463637,1.4295633841914588,0.9863890566226863
E1,h7_k0p25,healthy_maneuver,32,7.0,0.25,cusum_fgo,pooled,0,90003,2.5241142736537516,0.9000563517172993,1.5598892424178126,0.9719939804969399
E1,h7_k0p25,healthy_maneuver,32,7.0,0.25,cusum_fgo,macro,0,90003,2.123733233240204,0.900056351717299,1.5284034595503009,0.9641686782649236
E1,h7_k0p25,healthy_maneuver,33,7.0,0.25,cusum_fgo,follower,1,30001,3.5566247604909784,1.914691503002375,2.899279914644368,2.0410812457906617
E1,h7_k0p25,healthy_maneuver,33,7.0,0.25,cusum_fgo,follower,2,30001,2.117560318589032,1.0730246624740902,1.5192262509159502,1.115785109246947
E1,h7_k0p25,healthy_maneuver,33,7.0,0.25,cusum_fgo,follower,3,30001,1.843683272795586,0.6741573611987539,1.1877772979265329,0.7345356073378134
E1,h7_k0p25,healthy_maneuver,33,7.0,0.25,cusum_fgo,pooled,0,90003,3.5566247604909784,1.2206245088917396,2.601465388102873,1.408371591636089
E1,h7_k0p25,healthy_maneuver,33,7.0,0.25,cusum_fgo,macro,0,90003,2.505956117291866,1.2206245088917396,1.868761154495617,1.2971339874584742
E1,h7_k0p25,healthy_maneuver,34,7.0,0.25,cusum_fgo,follower,1,30001,2.274950236679831,1.074624882919369,1.6722656132692988,1.126363547650506
E1,h7_k0p25,healthy_maneuver,34,7.0,0.25,cusum_fgo,follower,2,30001,2.012842680459557,0.8142353237564909,1.4163255225538542,0.879197310243343
E1,h7_k0p25,healthy_maneuver,34,7.0,0.25,cusum_fgo,follower,3,30001,1.8922018174325117,1.094375519127326,1.4843529186142308,1.1228816780343926
E1,h7_k0p25,healthy_maneuver,34,7.0,0.25,cusum_fgo,pooled,0,90003,2.274950236679831,0.9944119086010619,1.5356333090851795,1.0492133584548469
E1,h7_k0p25,healthy_maneuver,34,7.0,0.25,cusum_fgo,macro,0,90003,2.0599982448573,0.9944119086010619,1.5243146848124614,1.0428141786427474
E1,h7_k0p25,healthy_maneuver,35,7.0,0.25,cusum_fgo,follower,1,30001,1.9208970002114263,0.616074379260759,1.1587269302024978,0.6886611800005016
E1,h7_k0p25,healthy_maneuver,35,7.0,0.25,cusum_fgo,follower,2,30001,2.537182400430416,0.9489102742329413,1.836785681413308,1.0515145869279288
E1,h7_k0p25,healthy_maneuver,35,7.0,0.25,cusum_fgo,follower,3,30001,1.8946168311963043,0.7297738530849771,1.3998217255828838,0.8048832963171669
E1,h7_k0p25,healthy_maneuver,35,7.0,0.25,cusum_fgo,pooled,0,90003,2.537182400430416,0.7649195021928926,1.528231096262162,0.8617374441696813
E1,h7_k0p25,healthy_maneuver,35,7.0,0.25,cusum_fgo,macro,0,90003,2.1175654106127157,0.7649195021928925,1.4651114457328964,0.8483530210818658
E1,h7_k0p25,healthy_maneuver,36,7.0,0.25,cusum_fgo,follower,1,30001,2.924904282741681,1.7667320061790792,2.457341170804008,1.837644943080722
E1,h7_k0p25,healthy_maneuver,36,7.0,0.25,cusum_fgo,follower,2,30001,3.335504619096018,1.7200845155092177,2.882907959818287,1.8595259418896384
E1,h7_k0p25,healthy_maneuver,36,7.0,0.25,cusum_fgo,follower,3,30001,1.793450403749343,0.6928653239283737,1.283109233211189,0.758606285523089
E1,h7_k0p25,healthy_maneuver,36,7.0,0.25,cusum_fgo,pooled,0,90003,3.335504619096018,1.3932272818722238,2.674522302343577,1.5716508477633566
E1,h7_k0p25,healthy_maneuver,36,7.0,0.25,cusum_fgo,macro,0,90003,2.684619768529014,1.3932272818722236,2.207786121277828,1.4852590568311497
E1,h7_k0p25,healthy_maneuver,37,7.0,0.25,cusum_fgo,follower,1,30001,2.2973037868828694,0.9389963482430803,1.5534968218497112,1.0161148563006743
E1,h7_k0p25,healthy_maneuver,37,7.0,0.25,cusum_fgo,follower,2,30001,2.4986742907595705,1.2311150141545013,1.8262605083395447,1.2860198186429486
E1,h7_k0p25,healthy_maneuver,37,7.0,0.25,cusum_fgo,follower,3,30001,1.8220559576044602,0.885833416953152,1.4257510747145734,0.9398933426122092
E1,h7_k0p25,healthy_maneuver,37,7.0,0.25,cusum_fgo,pooled,0,90003,2.4986742907595705,1.018648259783578,1.6647326502204474,1.0908308562168159
E1,h7_k0p25,healthy_maneuver,37,7.0,0.25,cusum_fgo,macro,0,90003,2.2060113450823002,1.0186482597835778,1.601836134967943,1.080676005851944
E1,h7_k0p25,healthy_maneuver,38,7.0,0.25,cusum_fgo,follower,1,30001,1.6553532517340566,0.9284635609103498,1.3189589664901085,0.9578609995414828
E1,h7_k0p25,healthy_maneuver,38,7.0,0.25,cusum_fgo,follower,2,30001,1.6861977919551452,0.6798605637514975,1.2194897117924763,0.7439606735033506
E1,h7_k0p25,healthy_maneuver,38,7.0,0.25,cusum_fgo,follower,3,30001,1.6706897530850038,0.8102402616350481,1.2327778150685194,0.8430876594513164
E1,h7_k0p25,healthy_maneuver,38,7.0,0.25,cusum_fgo,pooled,0,90003,1.6861977919551452,0.806188128765632,1.2739607241234467,0.8527938359066757
E1,h7_k0p25,healthy_maneuver,38,7.0,0.25,cusum_fgo,macro,0,90003,1.6707469322580684,0.8061881287656317,1.2570754977837013,0.8483031108320499
E1,h7_k0p25,healthy_maneuver,39,7.0,0.25,cusum_fgo,follower,1,30001,2.141455340022245,1.0837938654366972,1.6822085908097268,1.1446088555175584
E1,h7_k0p25,healthy_maneuver,39,7.0,0.25,cusum_fgo,follower,2,30001,1.7466470695469782,0.9401329125361654,1.400809148099005,0.9789556224840769
E1,h7_k0p25,healthy_maneuver,39,7.0,0.25,cusum_fgo,follower,3,30001,1.6993258873320414,0.7141856484829083,1.1692870334135583,0.7611983368464744
E1,h7_k0p25,healthy_maneuver,39,7.0,0.25,cusum_fgo,pooled,0,90003,2.141455340022245,0.9127041421519236,1.522082525172467,0.9743213793781872
E1,h7_k0p25,healthy_maneuver,39,7.0,0.25,cusum_fgo,macro,0,90003,1.862476098967088,0.9127041421519236,1.41743492410743,0.9615876049493699
E1,h7_k0p25,healthy_maneuver,40,7.0,0.25,cusum_fgo,follower,1,30001,1.7263612019924,0.6616546185064933,1.1138946700927315,0.7079859344423274
E1,h7_k0p25,healthy_maneuver,40,7.0,0.25,cusum_fgo,follower,2,30001,2.458634779556512,1.050113814457841,1.521228813007983,1.0959104637225074
E1,h7_k0p25,healthy_maneuver,40,7.0,0.25,cusum_fgo,follower,3,30001,1.676021519588436,0.47578306608198434,0.8544389681897891,0.5211534435586741
E1,h7_k0p25,healthy_maneuver,40,7.0,0.25,cusum_fgo,pooled,0,90003,2.458634779556512,0.7291838330154395,1.3619980758177366,0.8111442000034521
E1,h7_k0p25,healthy_maneuver,40,7.0,0.25,cusum_fgo,macro,0,90003,1.953672500379116,0.7291838330154395,1.1631874837635012,0.7750166139078364
E1,h7_k0p25,healthy_maneuver,41,7.0,0.25,cusum_fgo,follower,1,30001,2.7215053465986703,1.3355441824398324,2.066514954673242,1.4066053901716522
E1,h7_k0p25,healthy_maneuver,41,7.0,0.25,cusum_fgo,follower,2,30001,1.8916079131523522,0.588177434740004,1.0094208099287751,0.6406462750286339
E1,h7_k0p25,healthy_maneuver,41,7.0,0.25,cusum_fgo,follower,3,30001,2.3504129563555147,0.8062357837879602,1.4019513499169813,0.8719048050363117
E1,h7_k0p25,healthy_maneuver,41,7.0,0.25,cusum_fgo,pooled,0,90003,2.7215053465986703,0.9099858003225989,1.8055925338895142,1.024562404543751
E1,h7_k0p25,healthy_maneuver,41,7.0,0.25,cusum_fgo,macro,0,90003,2.321175405368846,0.9099858003225988,1.4926290381729996,0.9730521567455326
E1,h7_k0p25,healthy_maneuver,42,7.0,0.25,cusum_fgo,follower,1,30001,2.3302471284857282,1.0147756216934118,1.6049958631402206,1.0646828710261609
E1,h7_k0p25,healthy_maneuver,42,7.0,0.25,cusum_fgo,follower,2,30001,1.9493342724379754,0.7794889151007232,1.3135314940375329,0.8233885668748199
E1,h7_k0p25,healthy_maneuver,42,7.0,0.25,cusum_fgo,follower,3,30001,1.4406363905641577,0.6494826901232836,1.1599487933669246,0.7117626000564782
E1,h7_k0p25,healthy_maneuver,42,7.0,0.25,cusum_fgo,pooled,0,90003,2.3302471284857282,0.8145824089724729,1.3858656642418041,0.8790381764094657
E1,h7_k0p25,healthy_maneuver,42,7.0,0.25,cusum_fgo,macro,0,90003,1.906739263829287,0.8145824089724729,1.359492050181559,0.8666113459858197
E1,h7_k0p25,healthy_maneuver,43,7.0,0.25,cusum_fgo,follower,1,30001,1.8495963444303283,0.8052385941639595,1.3129619800131638,0.8496042569796335
E1,h7_k0p25,healthy_maneuver,43,7.0,0.25,cusum_fgo,follower,2,30001,2.073588258432598,1.1432278904994464,1.6099872525659384,1.1858480781805796
E1,h7_k0p25,healthy_maneuver,43,7.0,0.25,cusum_fgo,follower,3,30001,1.2181136550173381,0.48450383714757844,0.8069742379394903,0.5191133045737422
E1,h7_k0p25,healthy_maneuver,43,7.0,0.25,cusum_fgo,pooled,0,90003,2.073588258432598,0.810990107270328,1.484246370145158,0.893968992935057
E1,h7_k0p25,healthy_maneuver,43,7.0,0.25,cusum_fgo,macro,0,90003,1.7137660859600883,0.810990107270328,1.2433078235061974,0.8515218799113184
E1,h7_k0p25,healthy_maneuver,44,7.0,0.25,cusum_fgo,follower,1,30001,2.1995060437157306,1.0562476054797074,1.5418852271467622,1.101473372510005
E1,h7_k0p25,healthy_maneuver,44,7.0,0.25,cusum_fgo,follower,2,30001,2.280998642176512,1.1471219366402359,1.8848408796668195,1.2287406446988212
E1,h7_k0p25,healthy_maneuver,44,7.0,0.25,cusum_fgo,follower,3,30001,2.7479101664462307,0.9115925611491482,1.3091707471580516,0.9511582708403219
E1,h7_k0p25,healthy_maneuver,44,7.0,0.25,cusum_fgo,pooled,0,90003,2.7479101664462307,1.038320701089697,1.6933719791768578,1.099658919615743
E1,h7_k0p25,healthy_maneuver,44,7.0,0.25,cusum_fgo,macro,0,90003,2.4094716174461577,1.038320701089697,1.5786322846572112,1.0937907626830494
E1,h7_k0p25,healthy_maneuver,45,7.0,0.25,cusum_fgo,follower,1,30001,3.0645586600223957,1.6725918139431555,2.4952581281369213,1.7717712851854197
E1,h7_k0p25,healthy_maneuver,45,7.0,0.25,cusum_fgo,follower,2,30001,2.137834939073248,0.802655713580511,1.326509105397687,0.8638001271694055
E1,h7_k0p25,healthy_maneuver,45,7.0,0.25,cusum_fgo,follower,3,30001,1.9933055216158613,1.2146397981177732,1.6025032943221649,1.2459961010250777
E1,h7_k0p25,healthy_maneuver,45,7.0,0.25,cusum_fgo,pooled,0,90003,3.0645586600223957,1.22996244188048,2.2249438091820752,1.3463321074280759
E1,h7_k0p25,healthy_maneuver,45,7.0,0.25,cusum_fgo,macro,0,90003,2.3985663735705014,1.22996244188048,1.8080901759522578,1.293855837793301
E1,h7_k0p25,healthy_maneuver,46,7.0,0.25,cusum_fgo,follower,1,30001,2.7707293403422932,1.0921832667645848,1.7128810799230672,1.154010524932886
E1,h7_k0p25,healthy_maneuver,46,7.0,0.25,cusum_fgo,follower,2,30001,3.2763751648207613,1.266940198375559,1.9117110730340454,1.3318132428558545
E1,h7_k0p25,healthy_maneuver,46,7.0,0.25,cusum_fgo,follower,3,30001,3.420168680539157,0.9430010298424283,1.9309463919242185,1.0516310679052248
E1,h7_k0p25,healthy_maneuver,46,7.0,0.25,cusum_fgo,pooled,0,90003,3.420168680539157,1.1007081649941906,1.8221665366589352,1.1848199171865157
E1,h7_k0p25,healthy_maneuver,46,7.0,0.25,cusum_fgo,macro,0,90003,3.1557577285674037,1.1007081649941906,1.8518461816271106,1.1791516118979883
E1,h7_k0p25,healthy_maneuver,47,7.0,0.25,cusum_fgo,follower,1,30001,2.049176950780698,0.872470753355857,1.3987416436124822,0.9246051413358489
E1,h7_k0p25,healthy_maneuver,47,7.0,0.25,cusum_fgo,follower,2,30001,1.7782338964016478,0.8019935512169536,1.269485679763074,0.8488129683622808
E1,h7_k0p25,healthy_maneuver,47,7.0,0.25,cusum_fgo,follower,3,30001,1.5142502907965814,0.7336070176320468,1.1533902159702487,0.7790950209314353
E1,h7_k0p25,healthy_maneuver,47,7.0,0.25,cusum_fgo,pooled,0,90003,2.049176950780698,0.8026904407349525,1.2821441073089535,0.8529101504622912
E1,h7_k0p25,healthy_maneuver,47,7.0,0.25,cusum_fgo,macro,0,90003,1.7805537126596425,0.8026904407349523,1.2738725131152684,0.8508377102098551
E1,h7_k0p25,healthy_maneuver,48,7.0,0.25,cusum_fgo,follower,1,30001,2.6013455731946777,0.7639962196352144,1.4390970656446551,0.8513095357213629
E1,h7_k0p25,healthy_maneuver,48,7.0,0.25,cusum_fgo,follower,2,30001,2.719416193462742,0.6368144768655799,1.136884634429692,0.694704414063248
E1,h7_k0p25,healthy_maneuver,48,7.0,0.25,cusum_fgo,follower,3,30001,1.60895789271181,0.4055615341172716,0.7151086147252387,0.44563748815348314
E1,h7_k0p25,healthy_maneuver,48,7.0,0.25,cusum_fgo,pooled,0,90003,2.719416193462742,0.6021240768726887,1.20511603055584,0.6845764918003026
E1,h7_k0p25,healthy_maneuver,48,7.0,0.25,cusum_fgo,macro,0,90003,2.3099065531230765,0.6021240768726887,1.0970301049331952,0.6638838126460312
E1,h7_k0p25,healthy_maneuver,49,7.0,0.25,cusum_fgo,follower,1,30001,2.1784274886188237,1.1934667980923144,1.7244564230218706,1.2540016157898541
E1,h7_k0p25,healthy_maneuver,49,7.0,0.25,cusum_fgo,follower,2,30001,1.8938079924120303,0.9206090656416802,1.3490022732243125,0.9581521336341193
E1,h7_k0p25,healthy_maneuver,49,7.0,0.25,cusum_fgo,follower,3,30001,2.226999292484782,1.1212304567766385,1.700181077193429,1.1782446745588435
E1,h7_k0p25,healthy_maneuver,49,7.0,0.25,cusum_fgo,pooled,0,90003,2.226999292484782,1.078435440170211,1.6595498932397192,1.137077551843241
E1,h7_k0p25,healthy_maneuver,49,7.0,0.25,cusum_fgo,macro,0,90003,2.0997449245052118,1.078435440170211,1.591213257813204,1.1301328079942723
E1,h7_k0p25,healthy_maneuver,50,7.0,0.25,cusum_fgo,follower,1,30001,2.3699409806328173,1.066748074348336,1.607385912238821,1.1126870520126007
E1,h7_k0p25,healthy_maneuver,50,7.0,0.25,cusum_fgo,follower,2,30001,2.469706682966055,1.109532823490976,1.752284907037803,1.1765061041792637
E1,h7_k0p25,healthy_maneuver,50,7.0,0.25,cusum_fgo,follower,3,30001,1.6400558824151767,0.8864059714374243,1.2516740719349941,0.9167357953440134
E1,h7_k0p25,healthy_maneuver,50,7.0,0.25,cusum_fgo,pooled,0,90003,2.469706682966055,1.0208956230922455,1.614939722136954,1.0743437698354255
E1,h7_k0p25,healthy_maneuver,50,7.0,0.25,cusum_fgo,macro,0,90003,2.159901182004683,1.0208956230922455,1.5371149637372061,1.0686429838452927
E1,h7_k0p5,baseline_3f,1,7.0,0.5,cusum_fgo,follower,1,30001,2.5794859587938297,0.9600080828024503,1.5837389031590905,1.0290538860843204
E1,h7_k0p5,baseline_3f,1,7.0,0.5,cusum_fgo,follower,2,30001,2.1605626327675465,0.8173786112091271,1.3399624194076396,0.8716156477762594
E1,h7_k0p5,baseline_3f,1,7.0,0.5,cusum_fgo,follower,3,30001,1.8885829653223072,0.8630715640799077,1.360579521552368,0.9143433182834103
E1,h7_k0p5,baseline_3f,1,7.0,0.5,cusum_fgo,pooled,0,90003,2.5794859587938297,0.8801527526971616,1.4428774314689699,0.9406893645270982
E1,h7_k0p5,baseline_3f,1,7.0,0.5,cusum_fgo,macro,0,90003,2.2095438522945607,0.8801527526971618,1.428093614706366,0.9383376173813301
E1,h7_k0p5,baseline_3f,2,7.0,0.5,cusum_fgo,follower,1,30001,2.2355993776023655,0.8200718156249256,1.4317474770428733,0.8821712771011889
E1,h7_k0p5,baseline_3f,2,7.0,0.5,cusum_fgo,follower,2,30001,3.91799042038296,1.4301635917421163,2.3782005786921814,1.5296884201440026
E1,h7_k0p5,baseline_3f,2,7.0,0.5,cusum_fgo,follower,3,30001,2.6878181800408365,0.9886158375556634,1.549767334423593,1.0543391791125185
E1,h7_k0p5,baseline_3f,2,7.0,0.5,cusum_fgo,pooled,0,90003,3.91799042038296,1.0796170816409016,1.9030895666303889,1.187406688190228
E1,h7_k0p5,baseline_3f,2,7.0,0.5,cusum_fgo,macro,0,90003,2.947135992675387,1.0796170816409016,1.7865717967195494,1.15539962545257
E1,h7_k0p5,baseline_3f,3,7.0,0.5,cusum_fgo,follower,1,30001,2.325275582511596,0.7160546454476214,1.5450717089325092,0.8177059507519393
E1,h7_k0p5,baseline_3f,3,7.0,0.5,cusum_fgo,follower,2,30001,2.3450169082038337,0.8422189455096536,1.4172611681484582,0.9119753454703697
E1,h7_k0p5,baseline_3f,3,7.0,0.5,cusum_fgo,follower,3,30001,2.287152027535711,0.49291782461899153,0.9722099763299975,0.5683337831604552
E1,h7_k0p5,baseline_3f,3,7.0,0.5,cusum_fgo,pooled,0,90003,2.3450169082038337,0.6837304718587555,1.3791667814893953,0.7796036047724101
E1,h7_k0p5,baseline_3f,3,7.0,0.5,cusum_fgo,macro,0,90003,2.31914817275038,0.6837304718587555,1.3115142844703216,0.7660050264609214
E1,h7_k0p5,baseline_3f,4,7.0,0.5,cusum_fgo,follower,1,30001,3.305737070539112,1.4046685660445004,2.047741209831591,1.4636702694062544
E1,h7_k0p5,baseline_3f,4,7.0,0.5,cusum_fgo,follower,2,30001,2.964501535835723,1.0149006324740661,1.7037979735589204,1.0718430171084572
E1,h7_k0p5,baseline_3f,4,7.0,0.5,cusum_fgo,follower,3,30001,2.7015608422684068,0.8909358489587068,1.5951984892432314,0.9806194155984813
E1,h7_k0p5,baseline_3f,4,7.0,0.5,cusum_fgo,pooled,0,90003,3.305737070539112,1.1035016824924244,1.8489405330796616,1.1906290423016797
E1,h7_k0p5,baseline_3f,4,7.0,0.5,cusum_fgo,macro,0,90003,2.9905998162144143,1.1035016824924244,1.7822458908779142,1.1720442340377308
E1,h7_k0p5,baseline_3f,5,7.0,0.5,cusum_fgo,follower,1,30001,4.812602325273252,1.7121020077052533,3.283409255726411,1.8836505924146774
E1,h7_k0p5,baseline_3f,5,7.0,0.5,cusum_fgo,follower,2,30001,4.624310223041035,0.7170558199223795,1.7259453511940435,0.9211026260164606
E1,h7_k0p5,baseline_3f,5,7.0,0.5,cusum_fgo,follower,3,30001,3.2341531645535904,0.9030988795144619,1.3792341339875063,0.964531412421113
E1,h7_k0p5,baseline_3f,5,7.0,0.5,cusum_fgo,pooled,0,90003,4.812602325273252,1.1107522357140316,2.3661377804390225,1.3325277292306341
E1,h7_k0p5,baseline_3f,5,7.0,0.5,cusum_fgo,macro,0,90003,4.223688570955958,1.1107522357140318,2.1295295803026537,1.2564282102840836
E1,h7_k0p5,baseline_3f,6,7.0,0.5,cusum_fgo,follower,1,30001,2.6673371854386563,1.133659260423461,1.8954110399149153,1.2199574034865996
E1,h7_k0p5,baseline_3f,6,7.0,0.5,cusum_fgo,follower,2,30001,2.891090217229851,1.5106357859310007,2.2797621535537504,1.6033884497013724
E1,h7_k0p5,baseline_3f,6,7.0,0.5,cusum_fgo,follower,3,30001,1.8674411864499518,0.7894936682426422,1.2985313682908053,0.8328502963338364
E1,h7_k0p5,baseline_3f,6,7.0,0.5,cusum_fgo,pooled,0,90003,2.891090217229851,1.1445962381990344,2.038392530919329,1.2586752563788242
E1,h7_k0p5,baseline_3f,6,7.0,0.5,cusum_fgo,macro,0,90003,2.4752895297061532,1.1445962381990347,1.8245681872531572,1.218732049840603
E1,h7_k0p5,baseline_3f,7,7.0,0.5,cusum_fgo,follower,1,30001,3.291951893550685,0.8286613733055797,1.6335231898230604,0.950664496644035
E1,h7_k0p5,baseline_3f,7,7.0,0.5,cusum_fgo,follower,2,30001,2.519663069375429,1.2971336824042798,1.9335474406162043,1.3587509606954593
E1,h7_k0p5,baseline_3f,7,7.0,0.5,cusum_fgo,follower,3,30001,1.849026092843465,0.5251449565586184,1.0478803195839856,0.5872533213365086
E1,h7_k0p5,baseline_3f,7,7.0,0.5,cusum_fgo,pooled,0,90003,3.291951893550685,0.8836466707561592,1.7686864183810984,1.0156826311716094
E1,h7_k0p5,baseline_3f,7,7.0,0.5,cusum_fgo,macro,0,90003,2.55354701858986,0.8836466707561593,1.5383169833410832,0.9655562595586676
E1,h7_k0p5,baseline_3f,8,7.0,0.5,cusum_fgo,follower,1,30001,7.442891743451601,1.2054702261549222,1.905254850306364,1.501239932573303
E1,h7_k0p5,baseline_3f,8,7.0,0.5,cusum_fgo,follower,2,30001,3.5714741398729277,0.6634896964427758,1.51879556350468,0.8144726894604444
E1,h7_k0p5,baseline_3f,8,7.0,0.5,cusum_fgo,follower,3,30001,2.653176389414545,0.894093724061119,1.4527456241407797,0.9647607904191744
E1,h7_k0p5,baseline_3f,8,7.0,0.5,cusum_fgo,pooled,0,90003,7.442891743451601,0.9210178822196057,1.7290784550915002,1.132526744314066
E1,h7_k0p5,baseline_3f,8,7.0,0.5,cusum_fgo,macro,0,90003,4.555847424246358,0.9210178822196057,1.6255986793172745,1.0934911374843075
E1,h7_k0p5,baseline_3f,9,7.0,0.5,cusum_fgo,follower,1,30001,2.524491434593552,0.8676262116183302,1.4527906818920286,0.9411218624263231
E1,h7_k0p5,baseline_3f,9,7.0,0.5,cusum_fgo,follower,2,30001,2.8110953965429473,0.7538248624096004,1.576612336622865,0.8512173469886011
E1,h7_k0p5,baseline_3f,9,7.0,0.5,cusum_fgo,follower,3,30001,2.577306697459212,0.7601586891858533,1.3203467497541277,0.8250897045929193
E1,h7_k0p5,baseline_3f,9,7.0,0.5,cusum_fgo,pooled,0,90003,2.8110953965429473,0.7938699210712613,1.4577063446508056,0.8738906019207694
E1,h7_k0p5,baseline_3f,9,7.0,0.5,cusum_fgo,macro,0,90003,2.6376311761985707,0.7938699210712613,1.4499165894230073,0.8724763046692812
E1,h7_k0p5,baseline_3f,10,7.0,0.5,cusum_fgo,follower,1,30001,1.921977815440943,0.6472191090293874,1.1451550430751587,0.697095576108351
E1,h7_k0p5,baseline_3f,10,7.0,0.5,cusum_fgo,follower,2,30001,2.2934614131032562,1.000953889226337,1.6215059723740526,1.0703239439716252
E1,h7_k0p5,baseline_3f,10,7.0,0.5,cusum_fgo,follower,3,30001,1.9374186326426308,0.43406986688969895,0.8539087324811713,0.5032145679372723
E1,h7_k0p5,baseline_3f,10,7.0,0.5,cusum_fgo,pooled,0,90003,2.2934614131032562,0.6940809550484743,1.4631703789103967,0.792624435793965
E1,h7_k0p5,baseline_3f,10,7.0,0.5,cusum_fgo,macro,0,90003,2.05095262039561,0.6940809550484746,1.206856582643461,0.7568780293390828
E1,h7_k0p5,baseline_3f,11,7.0,0.5,cusum_fgo,follower,1,30001,2.96341705459564,0.966878021803527,1.6348162849451775,1.039431341762069
E1,h7_k0p5,baseline_3f,11,7.0,0.5,cusum_fgo,follower,2,30001,2.8864391331352865,1.1719334958450127,1.787362222927286,1.2298772192257919
E1,h7_k0p5,baseline_3f,11,7.0,0.5,cusum_fgo,follower,3,30001,2.8268280063378337,0.6375117287452962,1.2358641426472887,0.72133070827431
E1,h7_k0p5,baseline_3f,11,7.0,0.5,cusum_fgo,pooled,0,90003,2.96341705459564,0.9254410821312786,1.6609606407990776,1.018713809877825
E1,h7_k0p5,baseline_3f,11,7.0,0.5,cusum_fgo,macro,0,90003,2.892228064689587,0.9254410821312785,1.5526808835065842,0.9968797564207237
E1,h7_k0p5,baseline_3f,12,7.0,0.5,cusum_fgo,follower,1,30001,3.483943522507434,0.974828203823585,1.8959813000722037,1.1102887123530576
E1,h7_k0p5,baseline_3f,12,7.0,0.5,cusum_fgo,follower,2,30001,2.830144853215022,0.7056050303366845,1.4005599215979285,0.7875136614189334
E1,h7_k0p5,baseline_3f,12,7.0,0.5,cusum_fgo,follower,3,30001,2.5711171582421777,1.0075402744217958,1.4356771795604768,1.0464736196714657
E1,h7_k0p5,baseline_3f,12,7.0,0.5,cusum_fgo,pooled,0,90003,3.483943522507434,0.8959911695273552,1.5541694085252191,0.9912997912452056
E1,h7_k0p5,baseline_3f,12,7.0,0.5,cusum_fgo,macro,0,90003,2.9617351779882113,0.8959911695273552,1.5774061337435363,0.9814253311478188
E1,h7_k0p5,baseline_3f,13,7.0,0.5,cusum_fgo,follower,1,30001,4.574734283091586,1.3170305555655741,1.91723505750524,1.4091044631232008
E1,h7_k0p5,baseline_3f,13,7.0,0.5,cusum_fgo,follower,2,30001,2.2355515433357547,0.7598885320143712,1.3277118515964075,0.8239914350705867
E1,h7_k0p5,baseline_3f,13,7.0,0.5,cusum_fgo,follower,3,30001,3.078920876360123,0.9842924864769617,1.7905410348763666,1.101956301503599
E1,h7_k0p5,baseline_3f,13,7.0,0.5,cusum_fgo,pooled,0,90003,4.574734283091586,1.020403858018969,1.7617144570904366,1.13707885441701
E1,h7_k0p5,baseline_3f,13,7.0,0.5,cusum_fgo,macro,0,90003,3.2964022342624877,1.020403858018969,1.6784959813260045,1.1116840665657954
E1,h7_k0p5,baseline_3f,14,7.0,0.5,cusum_fgo,follower,1,30001,3.769025932676985,0.8405416717830623,1.665707919831552,0.9638639599555386
E1,h7_k0p5,baseline_3f,14,7.0,0.5,cusum_fgo,follower,2,30001,3.5785361845054546,0.8921032064088266,1.869965384456459,1.0528491496614125
E1,h7_k0p5,baseline_3f,14,7.0,0.5,cusum_fgo,follower,3,30001,2.3545841121276574,1.0705552049865958,1.784696417685521,1.139854349615381
E1,h7_k0p5,baseline_3f,14,7.0,0.5,cusum_fgo,pooled,0,90003,3.769025932676985,0.9344000277261615,1.794799132612897,1.0546394334212104
E1,h7_k0p5,baseline_3f,14,7.0,0.5,cusum_fgo,macro,0,90003,3.2340487431033655,0.9344000277261616,1.7734565739911774,1.052189153077444
E1,h7_k0p5,baseline_3f,15,7.0,0.5,cusum_fgo,follower,1,30001,2.7020429140911655,1.1921260490912333,1.9841616761896135,1.2716440329706926
E1,h7_k0p5,baseline_3f,15,7.0,0.5,cusum_fgo,follower,2,30001,3.3048610202333024,1.2718425538383784,2.078752373119668,1.3412256689211606
E1,h7_k0p5,baseline_3f,15,7.0,0.5,cusum_fgo,follower,3,30001,2.129003246306465,0.5616628762682786,1.0566407609836164,0.6364107647722583
E1,h7_k0p5,baseline_3f,15,7.0,0.5,cusum_fgo,pooled,0,90003,3.3048610202333024,1.0085438263992967,1.8808328372542602,1.1285659784406334
E1,h7_k0p5,baseline_3f,15,7.0,0.5,cusum_fgo,macro,0,90003,2.7119690602103113,1.0085438263992967,1.7065182700976325,1.0830934888880372
E1,h7_k0p5,baseline_3f,16,7.0,0.5,cusum_fgo,follower,1,30001,2.3951759472738763,0.7476682982358922,1.4111605237317626,0.8354600954255427
E1,h7_k0p5,baseline_3f,16,7.0,0.5,cusum_fgo,follower,2,30001,2.8499646281889546,0.7671170094973941,1.2800186343089264,0.8242070239411597
E1,h7_k0p5,baseline_3f,16,7.0,0.5,cusum_fgo,follower,3,30001,1.9655125911149514,0.6458757994106752,1.1590100304327056,0.7116184652366906
E1,h7_k0p5,baseline_3f,16,7.0,0.5,cusum_fgo,pooled,0,90003,2.8499646281889546,0.720220369047987,1.2961464874430835,0.7924038594530408
E1,h7_k0p5,baseline_3f,16,7.0,0.5,cusum_fgo,macro,0,90003,2.403551055525927,0.7202203690479871,1.283396396157798,0.7904285282011311
E1,h7_k0p5,baseline_3f,17,7.0,0.5,cusum_fgo,follower,1,30001,2.9983972917170387,1.3206472601176442,1.9109638498157762,1.3713152514419003
E1,h7_k0p5,baseline_3f,17,7.0,0.5,cusum_fgo,follower,2,30001,2.9831089620885285,1.0023166502714687,1.6172053084123263,1.075726537422658
E1,h7_k0p5,baseline_3f,17,7.0,0.5,cusum_fgo,follower,3,30001,1.9134131107297552,0.9970567520241957,1.4360805111545436,1.0398938474370987
E1,h7_k0p5,baseline_3f,17,7.0,0.5,cusum_fgo,pooled,0,90003,2.9983972917170387,1.1066735541377695,1.707322021859766,1.171761112754364
E1,h7_k0p5,baseline_3f,17,7.0,0.5,cusum_fgo,macro,0,90003,2.631639788178441,1.1066735541377695,1.6547498897942152,1.1623118787672189
E1,h7_k0p5,baseline_3f,18,7.0,0.5,cusum_fgo,follower,1,30001,4.7115364811592775,1.5094006859348448,3.456129813560106,1.7030350373485514
E1,h7_k0p5,baseline_3f,18,7.0,0.5,cusum_fgo,follower,2,30001,6.738692183698852,1.3433451657705064,2.6488909928825475,1.5357966326456676
E1,h7_k0p5,baseline_3f,18,7.0,0.5,cusum_fgo,follower,3,30001,2.123314791187588,0.5658216442117316,1.2858914785898212,0.6601472707453331
E1,h7_k0p5,baseline_3f,18,7.0,0.5,cusum_fgo,pooled,0,90003,6.738692183698852,1.1395224986390275,2.428500758148933,1.3777752664295515
E1,h7_k0p5,baseline_3f,18,7.0,0.5,cusum_fgo,macro,0,90003,4.524514485348573,1.1395224986390275,2.463637428344158,1.299659646913184
E1,h7_k0p5,baseline_3f,19,7.0,0.5,cusum_fgo,follower,1,30001,3.3131863632886627,1.0017182977253458,1.545159026822999,1.0834502059469207
E1,h7_k0p5,baseline_3f,19,7.0,0.5,cusum_fgo,follower,2,30001,3.246949802556653,0.8739928774590864,1.509055504367377,0.96722862246366
E1,h7_k0p5,baseline_3f,19,7.0,0.5,cusum_fgo,follower,3,30001,2.5281284786349,0.4823898644479938,0.82426058285492,0.5578147334874773
E1,h7_k0p5,baseline_3f,19,7.0,0.5,cusum_fgo,pooled,0,90003,3.3131863632886627,0.7860336798774753,1.4355817372601374,0.8982488210911791
E1,h7_k0p5,baseline_3f,19,7.0,0.5,cusum_fgo,macro,0,90003,3.0294215481600717,0.7860336798774753,1.2928250380150987,0.8694978539660193
E1,h7_k0p5,baseline_3f,20,7.0,0.5,cusum_fgo,follower,1,30001,4.748026353333672,1.397413013342877,2.13260149236085,1.5178887887137553
E1,h7_k0p5,baseline_3f,20,7.0,0.5,cusum_fgo,follower,2,30001,3.2378945739747693,0.8691126869176229,1.434895546248727,0.9479878950488435
E1,h7_k0p5,baseline_3f,20,7.0,0.5,cusum_fgo,follower,3,30001,2.602851057237747,0.6921190178520956,1.3192096327930263,0.7667319355888087
E1,h7_k0p5,baseline_3f,20,7.0,0.5,cusum_fgo,pooled,0,90003,4.748026353333672,0.9862149060375318,1.8504736810849318,1.124061873313892
E1,h7_k0p5,baseline_3f,20,7.0,0.5,cusum_fgo,macro,0,90003,3.529590661515396,0.9862149060375319,1.6289022238008677,1.0775362064504692
E1,h7_k0p5,baseline_3f,21,7.0,0.5,cusum_fgo,follower,1,30001,5.640756041720257,1.7299663889778463,2.591315890670757,1.9000947400443524
E1,h7_k0p5,baseline_3f,21,7.0,0.5,cusum_fgo,follower,2,30001,6.495712596182922,1.2373155133142832,1.95473763790509,1.455112997952779
E1,h7_k0p5,baseline_3f,21,7.0,0.5,cusum_fgo,follower,3,30001,8.659738624931979,0.7089865103489974,1.4110762621640391,1.288039544253205
E1,h7_k0p5,baseline_3f,21,7.0,0.5,cusum_fgo,pooled,0,90003,8.659738624931979,1.225422804213709,2.386435192260021,1.5691568569899084
E1,h7_k0p5,baseline_3f,21,7.0,0.5,cusum_fgo,macro,0,90003,6.932069087611719,1.225422804213709,1.9857099302466288,1.5477490940834455
E1,h7_k0p5,baseline_3f,22,7.0,0.5,cusum_fgo,follower,1,30001,3.4569191302466655,0.9471514702988868,2.113323111882505,1.0886104259007334
E1,h7_k0p5,baseline_3f,22,7.0,0.5,cusum_fgo,follower,2,30001,5.149521259488117,1.186630764682862,2.2370665256478537,1.3239512876579531
E1,h7_k0p5,baseline_3f,22,7.0,0.5,cusum_fgo,follower,3,30001,5.559371600025162,1.2211780457069827,1.7837865039268261,1.3421628357149549
E1,h7_k0p5,baseline_3f,22,7.0,0.5,cusum_fgo,pooled,0,90003,5.559371600025162,1.1183200935629105,2.159342238825204,1.2568904419300486
E1,h7_k0p5,baseline_3f,22,7.0,0.5,cusum_fgo,macro,0,90003,4.721937329919982,1.1183200935629105,2.0447253804857284,1.2515748497578805
E1,h7_k0p5,baseline_3f,23,7.0,0.5,cusum_fgo,follower,1,30001,2.1064748572308147,0.8473657762830922,1.4647551597403383,0.9166433463910995
E1,h7_k0p5,baseline_3f,23,7.0,0.5,cusum_fgo,follower,2,30001,2.149575319330726,1.1101905011336224,1.566679984884328,1.1465735029658946
E1,h7_k0p5,baseline_3f,23,7.0,0.5,cusum_fgo,follower,3,30001,2.04258219295449,0.5761728433336459,0.9827687208840904,0.6269493234486221
E1,h7_k0p5,baseline_3f,23,7.0,0.5,cusum_fgo,pooled,0,90003,2.149575319330726,0.8445763735834534,1.4830710807612069,0.9215803955451094
E1,h7_k0p5,baseline_3f,23,7.0,0.5,cusum_fgo,macro,0,90003,2.0995441231720102,0.8445763735834535,1.3380679551695855,0.8967220576018722
E1,h7_k0p5,baseline_3f,24,7.0,0.5,cusum_fgo,follower,1,30001,2.4690382092225027,0.8294008809007622,1.5362219556981094,0.9099734312458069
E1,h7_k0p5,baseline_3f,24,7.0,0.5,cusum_fgo,follower,2,30001,3.1422974909504955,0.6960805470019885,1.2892750772422512,0.7734691818651572
E1,h7_k0p5,baseline_3f,24,7.0,0.5,cusum_fgo,follower,3,30001,2.24203327708888,0.853965921141416,1.3802788253507075,0.9019826340072228
E1,h7_k0p5,baseline_3f,24,7.0,0.5,cusum_fgo,pooled,0,90003,3.1422974909504955,0.7931491163480556,1.4308891183190444,0.8640754004366036
E1,h7_k0p5,baseline_3f,24,7.0,0.5,cusum_fgo,macro,0,90003,2.617789659087293,0.7931491163480556,1.4019252860970226,0.8618084157060624
E1,h7_k0p5,baseline_3f,25,7.0,0.5,cusum_fgo,follower,1,30001,3.0544715227772707,0.7541192757688799,1.5148049125787417,0.8787372691231069
E1,h7_k0p5,baseline_3f,25,7.0,0.5,cusum_fgo,follower,2,30001,2.64416217530181,0.7226440050658258,1.2583801902325442,0.7944441403799369
E1,h7_k0p5,baseline_3f,25,7.0,0.5,cusum_fgo,follower,3,30001,2.364603061519737,0.5636624517065638,1.0866822117595354,0.6385842085446999
E1,h7_k0p5,baseline_3f,25,7.0,0.5,cusum_fgo,pooled,0,90003,3.0544715227772707,0.6801419108470897,1.3485368323662486,0.7769835844968269
E1,h7_k0p5,baseline_3f,25,7.0,0.5,cusum_fgo,macro,0,90003,2.687745586532939,0.6801419108470897,1.2866224381902738,0.770588539349248
E1,h7_k0p5,baseline_3f,26,7.0,0.5,cusum_fgo,follower,1,30001,4.647849911347901,0.9517291711797452,1.7016728149606979,1.089884421909964
E1,h7_k0p5,baseline_3f,26,7.0,0.5,cusum_fgo,follower,2,30001,2.230725156760792,0.8394724480732938,1.4993984261901905,0.9129116576638792
E1,h7_k0p5,baseline_3f,26,7.0,0.5,cusum_fgo,follower,3,30001,2.3484995805581357,0.8155638475546367,1.4183359370416355,0.8694418719233376
E1,h7_k0p5,baseline_3f,26,7.0,0.5,cusum_fgo,pooled,0,90003,4.647849911347901,0.8689218222692252,1.5095642531798221,0.9621477565797237
E1,h7_k0p5,baseline_3f,26,7.0,0.5,cusum_fgo,macro,0,90003,3.0756915495556094,0.8689218222692253,1.5398023927308413,0.9574126504990602
E1,h7_k0p5,baseline_3f,27,7.0,0.5,cusum_fgo,follower,1,30001,6.49898025430251,1.8266063496543352,3.0863331106454313,2.04507919876668
E1,h7_k0p5,baseline_3f,27,7.0,0.5,cusum_fgo,follower,2,30001,4.907447935969701,1.0889860409913574,2.5472367266478355,1.2703828837581745
E1,h7_k0p5,baseline_3f,27,7.0,0.5,cusum_fgo,follower,3,30001,2.502393099382269,0.788068747193841,1.3228844669964561,0.8549606251678237
E1,h7_k0p5,baseline_3f,27,7.0,0.5,cusum_fgo,pooled,0,90003,6.49898025430251,1.2345537126131778,2.665221143031009,1.4750343805214912
E1,h7_k0p5,baseline_3f,27,7.0,0.5,cusum_fgo,macro,0,90003,4.636273763218161,1.234553712613178,2.318818101429908,1.390140902564226
E1,h7_k0p5,baseline_3f,28,7.0,0.5,cusum_fgo,follower,1,30001,4.678264683323008,1.167485219964414,2.024730680880103,1.3444643566901302
E1,h7_k0p5,baseline_3f,28,7.0,0.5,cusum_fgo,follower,2,30001,3.4998943350665837,1.303625655685091,1.8070138435406038,1.3627066403685568
E1,h7_k0p5,baseline_3f,28,7.0,0.5,cusum_fgo,follower,3,30001,2.7403629241170733,0.8820270233702943,1.4053135457903585,0.9577552526339586
E1,h7_k0p5,baseline_3f,28,7.0,0.5,cusum_fgo,pooled,0,90003,4.678264683323008,1.1177126330065996,1.8306481207557717,1.2358329064592704
E1,h7_k0p5,baseline_3f,28,7.0,0.5,cusum_fgo,macro,0,90003,3.6395073141688887,1.1177126330065998,1.7456860234036882,1.2216420832308819
E1,h7_k0p5,baseline_3f,29,7.0,0.5,cusum_fgo,follower,1,30001,4.16247602591998,1.53288850959811,2.2554650154236273,1.6213488652952244
E1,h7_k0p5,baseline_3f,29,7.0,0.5,cusum_fgo,follower,2,30001,2.9110582826135327,0.6406959705624832,1.376061717532492,0.748977071560581
E1,h7_k0p5,baseline_3f,29,7.0,0.5,cusum_fgo,follower,3,30001,2.0181066415634175,0.7963445670793486,1.365194551204474,0.8589825587429322
E1,h7_k0p5,baseline_3f,29,7.0,0.5,cusum_fgo,pooled,0,90003,4.16247602591998,0.9899763490799806,1.9500358674768112,1.144201298277847
E1,h7_k0p5,baseline_3f,29,7.0,0.5,cusum_fgo,macro,0,90003,3.030546983365643,0.9899763490799806,1.6655737613868646,1.0764361651995793
E1,h7_k0p5,baseline_3f,30,7.0,0.5,cusum_fgo,follower,1,30001,3.2755101760173244,1.2095277636494426,2.0154447669651407,1.2904306237630099
E1,h7_k0p5,baseline_3f,30,7.0,0.5,cusum_fgo,follower,2,30001,2.3226830059847074,1.0308360645068457,1.683840250017132,1.0902385587712122
E1,h7_k0p5,baseline_3f,30,7.0,0.5,cusum_fgo,follower,3,30001,3.382006657657647,0.6513389961605063,1.3260041904783348,0.7680587427847066
E1,h7_k0p5,baseline_3f,30,7.0,0.5,cusum_fgo,pooled,0,90003,3.382006657657647,0.9639009414389316,1.7431014555237245,1.0714080365178251
E1,h7_k0p5,baseline_3f,30,7.0,0.5,cusum_fgo,macro,0,90003,2.9933999465532266,0.9639009414389316,1.6750964024868693,1.0495759751063096
E1,h7_k0p5,baseline_3f,31,7.0,0.5,cusum_fgo,follower,1,30001,5.5505751972994135,1.9074488288129292,3.1201096174670733,2.0878094851733793
E1,h7_k0p5,baseline_3f,31,7.0,0.5,cusum_fgo,follower,2,30001,2.741383938247121,1.426569170220829,2.0387782598803397,1.482489796864716
E1,h7_k0p5,baseline_3f,31,7.0,0.5,cusum_fgo,follower,3,30001,2.3875040432061923,0.9104039407635521,1.5799619663715458,1.0016898639734397
E1,h7_k0p5,baseline_3f,31,7.0,0.5,cusum_fgo,pooled,0,90003,5.5505751972994135,1.4148073132657701,2.7234651795022704,1.5874620234591488
E1,h7_k0p5,baseline_3f,31,7.0,0.5,cusum_fgo,macro,0,90003,3.5598210595842423,1.4148073132657701,2.2462832812396525,1.5239963820038451
E1,h7_k0p5,baseline_3f,32,7.0,0.5,cusum_fgo,follower,1,30001,3.0406637942067842,0.8542974595996863,1.586937245692182,0.9505809967164058
E1,h7_k0p5,baseline_3f,32,7.0,0.5,cusum_fgo,follower,2,30001,4.871018866178973,1.1354125565627726,2.2152676979910635,1.3083791593638783
E1,h7_k0p5,baseline_3f,32,7.0,0.5,cusum_fgo,follower,3,30001,3.1201322969617302,1.0161957611160901,1.6435849777017422,1.0914517873854197
E1,h7_k0p5,baseline_3f,32,7.0,0.5,cusum_fgo,pooled,0,90003,4.871018866178973,1.001968592426183,1.8769507534244134,1.1264586484736003
E1,h7_k0p5,baseline_3f,32,7.0,0.5,cusum_fgo,macro,0,90003,3.6772716524491624,1.0019685924261832,1.815263307128329,1.1168039811552346
E1,h7_k0p5,baseline_3f,33,7.0,0.5,cusum_fgo,follower,1,30001,3.7553719936790375,2.0071433509298195,3.0490308839850266,2.1419671200867865
E1,h7_k0p5,baseline_3f,33,7.0,0.5,cusum_fgo,follower,2,30001,3.1670289612112548,1.1455025443848166,1.7177540431293852,1.2166822618731925
E1,h7_k0p5,baseline_3f,33,7.0,0.5,cusum_fgo,follower,3,30001,2.924366797450305,0.7268982604814426,1.4592238537328648,0.8163406611877246
E1,h7_k0p5,baseline_3f,33,7.0,0.5,cusum_fgo,pooled,0,90003,3.7553719936790375,1.2931813852653595,2.7517316626068715,1.4983047025441967
E1,h7_k0p5,baseline_3f,33,7.0,0.5,cusum_fgo,macro,0,90003,3.2822559174468657,1.2931813852653595,2.0753362602824255,1.391663347715901
E1,h7_k0p5,baseline_3f,34,7.0,0.5,cusum_fgo,follower,1,30001,6.287749947015352,1.5063198131989766,3.8109342194007896,1.7761279469491584
E1,h7_k0p5,baseline_3f,34,7.0,0.5,cusum_fgo,follower,2,30001,4.071456349263675,0.952512790067966,2.0176803258914444,1.1022419358495954
E1,h7_k0p5,baseline_3f,34,7.0,0.5,cusum_fgo,follower,3,30001,2.0811909499189496,1.1032936757211633,1.4809032856446076,1.132547267236153
E1,h7_k0p5,baseline_3f,34,7.0,0.5,cusum_fgo,pooled,0,90003,6.287749947015352,1.1873754263293688,2.3686341966915982,1.3726168537509382
E1,h7_k0p5,baseline_3f,34,7.0,0.5,cusum_fgo,macro,0,90003,4.146799082065992,1.1873754263293685,2.436505943645614,1.3369723833449687
E1,h7_k0p5,baseline_3f,35,7.0,0.5,cusum_fgo,follower,1,30001,2.6799821816464338,0.68891608667113,1.4006042408304873,0.7999325665974665
E1,h7_k0p5,baseline_3f,35,7.0,0.5,cusum_fgo,follower,2,30001,3.024600799062579,0.9950608000533647,1.776973334934345,1.0968335576346127
E1,h7_k0p5,baseline_3f,35,7.0,0.5,cusum_fgo,follower,3,30001,2.4422596592545847,0.7716632542939001,1.5874062693342295,0.8630447101603266
E1,h7_k0p5,baseline_3f,35,7.0,0.5,cusum_fgo,pooled,0,90003,3.024600799062579,0.8185467136727983,1.6236652499785371,0.9287594119742625
E1,h7_k0p5,baseline_3f,35,7.0,0.5,cusum_fgo,macro,0,90003,2.7156142133211993,0.8185467136727983,1.588327948366354,0.9199369447974686
E1,h7_k0p5,baseline_3f,36,7.0,0.5,cusum_fgo,follower,1,30001,5.276894503892076,1.8576363711625086,2.6970515292494266,1.976352113321294
E1,h7_k0p5,baseline_3f,36,7.0,0.5,cusum_fgo,follower,2,30001,4.1774396726479095,1.5441752425335689,2.4018889395174337,1.6497043917307261
E1,h7_k0p5,baseline_3f,36,7.0,0.5,cusum_fgo,follower,3,30001,3.3765762278647697,0.7493039404173093,1.531359595354055,0.8737150599192618
E1,h7_k0p5,baseline_3f,36,7.0,0.5,cusum_fgo,pooled,0,90003,5.276894503892076,1.3837051847044624,2.4811283177686554,1.569593393404261
E1,h7_k0p5,baseline_3f,36,7.0,0.5,cusum_fgo,macro,0,90003,4.2769701348015845,1.3837051847044624,2.2101000213736386,1.499923854990427
E1,h7_k0p5,baseline_3f,37,7.0,0.5,cusum_fgo,follower,1,30001,3.280237081370428,1.0195925545450009,1.7785546319620416,1.1342223919188588
E1,h7_k0p5,baseline_3f,37,7.0,0.5,cusum_fgo,follower,2,30001,3.376765589845067,1.2055166118134881,1.924184429131406,1.286328431032232
E1,h7_k0p5,baseline_3f,37,7.0,0.5,cusum_fgo,follower,3,30001,3.450060232496894,0.972957237424362,1.9655368773524662,1.0846483148212882
E1,h7_k0p5,baseline_3f,37,7.0,0.5,cusum_fgo,pooled,0,90003,3.450060232496894,1.0660221345942835,1.8748922997103605,1.1715464471737973
E1,h7_k0p5,baseline_3f,37,7.0,0.5,cusum_fgo,macro,0,90003,3.369020967904129,1.0660221345942837,1.8894253128153047,1.168399712590793
E1,h7_k0p5,baseline_3f,38,7.0,0.5,cusum_fgo,follower,1,30001,2.7649287315591318,1.0031224658553406,1.5388868432381682,1.0551705013598527
E1,h7_k0p5,baseline_3f,38,7.0,0.5,cusum_fgo,follower,2,30001,2.5820029853529367,0.7275077899746715,1.435568814440905,0.8159454583656871
E1,h7_k0p5,baseline_3f,38,7.0,0.5,cusum_fgo,follower,3,30001,2.065135850540477,0.8835116266923588,1.4764050033231828,0.9378300446232111
E1,h7_k0p5,baseline_3f,38,7.0,0.5,cusum_fgo,pooled,0,90003,2.7649287315591318,0.8713806275074569,1.4900422474758255,0.9413955899913645
E1,h7_k0p5,baseline_3f,38,7.0,0.5,cusum_fgo,macro,0,90003,2.4706891891508485,0.8713806275074569,1.4836202203340854,0.936315334782917
E1,h7_k0p5,baseline_3f,39,7.0,0.5,cusum_fgo,follower,1,30001,2.7260937180905866,1.1289722065567538,1.8670295418221048,1.2124054708374357
E1,h7_k0p5,baseline_3f,39,7.0,0.5,cusum_fgo,follower,2,30001,2.5801231828804547,0.9192295817673377,1.4311507114914008,0.9692220179007743
E1,h7_k0p5,baseline_3f,39,7.0,0.5,cusum_fgo,follower,3,30001,2.908927948865006,0.7543740954646914,1.2432158408892187,0.8222984673251577
E1,h7_k0p5,baseline_3f,39,7.0,0.5,cusum_fgo,pooled,0,90003,2.908927948865006,0.9341919612629276,1.6521391953098823,1.014148758822803
E1,h7_k0p5,baseline_3f,39,7.0,0.5,cusum_fgo,macro,0,90003,2.7383816166120156,0.9341919612629276,1.5137986980675748,1.0013086520211225
E1,h7_k0p5,baseline_3f,40,7.0,0.5,cusum_fgo,follower,1,30001,3.3715378204835966,0.8155175937185092,1.6227386006335667,0.9378887739819718
E1,h7_k0p5,baseline_3f,40,7.0,0.5,cusum_fgo,follower,2,30001,5.873303427684926,1.535176584228402,3.5524111239268272,1.7906406784400977
E1,h7_k0p5,baseline_3f,40,7.0,0.5,cusum_fgo,follower,3,30001,2.718212736514666,0.5547917906155283,1.1245958578041662,0.6368232537261947
E1,h7_k0p5,baseline_3f,40,7.0,0.5,cusum_fgo,pooled,0,90003,5.873303427684926,0.9684953228541465,2.2619552501841067,1.2235975983593403
E1,h7_k0p5,baseline_3f,40,7.0,0.5,cusum_fgo,macro,0,90003,3.987684661561063,0.9684953228541465,2.09991519412152,1.1217842353827547
E1,h7_k0p5,baseline_3f,41,7.0,0.5,cusum_fgo,follower,1,30001,3.6341696428952703,1.4242601544392188,2.2749339176218135,1.5218555640544527
E1,h7_k0p5,baseline_3f,41,7.0,0.5,cusum_fgo,follower,2,30001,4.151220673829674,0.7663217426853044,1.8207000711088863,0.9332196135531987
E1,h7_k0p5,baseline_3f,41,7.0,0.5,cusum_fgo,follower,3,30001,2.40567060835641,0.8503773394714571,1.5889139953912728,0.9279975922086594
E1,h7_k0p5,baseline_3f,41,7.0,0.5,cusum_fgo,pooled,0,90003,4.151220673829674,1.0136530788653269,2.0525950181274637,1.1616256907324531
E1,h7_k0p5,baseline_3f,41,7.0,0.5,cusum_fgo,macro,0,90003,3.3970203083604513,1.0136530788653266,1.8948493280406578,1.1276909232721035
E1,h7_k0p5,baseline_3f,42,7.0,0.5,cusum_fgo,follower,1,30001,4.240044061001131,1.0531366030194018,1.7102079640045182,1.137552698450175
E1,h7_k0p5,baseline_3f,42,7.0,0.5,cusum_fgo,follower,2,30001,3.2866460300594396,0.8217150767071447,1.5945927728096685,0.9163731924883751
E1,h7_k0p5,baseline_3f,42,7.0,0.5,cusum_fgo,follower,3,30001,2.409841330672883,0.7158679482371446,1.6060404958042533,0.819806306840916
E1,h7_k0p5,baseline_3f,42,7.0,0.5,cusum_fgo,pooled,0,90003,4.240044061001131,0.8635732093212304,1.6592901353775,0.9671001930856239
E1,h7_k0p5,baseline_3f,42,7.0,0.5,cusum_fgo,macro,0,90003,3.312177140577818,0.8635732093212304,1.6369470775394799,0.9579107325931554
E1,h7_k0p5,baseline_3f,43,7.0,0.5,cusum_fgo,follower,1,30001,4.341206006907085,0.9014416424274829,1.4156685212883415,1.0153473743647028
E1,h7_k0p5,baseline_3f,43,7.0,0.5,cusum_fgo,follower,2,30001,2.971191440869381,1.1556737906587173,1.744141500418938,1.2145220805833021
E1,h7_k0p5,baseline_3f,43,7.0,0.5,cusum_fgo,follower,3,30001,1.9600957273752966,0.5316706992029184,0.993950867340352,0.5957065540051553
E1,h7_k0p5,baseline_3f,43,7.0,0.5,cusum_fgo,pooled,0,90003,4.341206006907085,0.8629287107630397,1.5700950740540747,0.9765347703893917
E1,h7_k0p5,baseline_3f,43,7.0,0.5,cusum_fgo,macro,0,90003,3.090831058383921,0.8629287107630396,1.3845869630158774,0.9418586696510535
E1,h7_k0p5,baseline_3f,44,7.0,0.5,cusum_fgo,follower,1,30001,3.0517139314040986,1.1257322736541422,1.7786539888097703,1.190551718334937
E1,h7_k0p5,baseline_3f,44,7.0,0.5,cusum_fgo,follower,2,30001,3.0749507267667453,1.047869155814716,1.6019516079031981,1.1184391861979277
E1,h7_k0p5,baseline_3f,44,7.0,0.5,cusum_fgo,follower,3,30001,2.7479101908104355,0.9497640445295017,1.4278920583538797,0.9987200122673482
E1,h7_k0p5,baseline_3f,44,7.0,0.5,cusum_fgo,pooled,0,90003,3.0749507267667453,1.04112182466612,1.6182510551460068,1.1054050946985674
E1,h7_k0p5,baseline_3f,44,7.0,0.5,cusum_fgo,macro,0,90003,2.958191616327093,1.04112182466612,1.6028325516889492,1.1025703056000709
E1,h7_k0p5,baseline_3f,45,7.0,0.5,cusum_fgo,follower,1,30001,4.623592677206117,1.7651408190708715,2.644640305800985,1.9005905324502046
E1,h7_k0p5,baseline_3f,45,7.0,0.5,cusum_fgo,follower,2,30001,3.143797221385477,0.8316203189840292,1.4959614697190253,0.9267467885270887
E1,h7_k0p5,baseline_3f,45,7.0,0.5,cusum_fgo,follower,3,30001,2.6849379725282594,1.2152945426725723,1.6418257122470463,1.2556244528263996
E1,h7_k0p5,baseline_3f,45,7.0,0.5,cusum_fgo,pooled,0,90003,4.623592677206117,1.2706852269091575,2.3670941130372016,1.419823551081873
E1,h7_k0p5,baseline_3f,45,7.0,0.5,cusum_fgo,macro,0,90003,3.484109290373284,1.2706852269091578,1.9274758292556855,1.360987257934564
E1,h7_k0p5,baseline_3f,46,7.0,0.5,cusum_fgo,follower,1,30001,3.222824368926778,1.1294115052232097,1.7819657101201505,1.2035726889676397
E1,h7_k0p5,baseline_3f,46,7.0,0.5,cusum_fgo,follower,2,30001,2.9909294702425604,1.205601071125782,1.7571936735415332,1.2586695905930148
E1,h7_k0p5,baseline_3f,46,7.0,0.5,cusum_fgo,follower,3,30001,3.2067294222219056,0.8968507217363394,1.4421218528233979,0.9667707811500408
E1,h7_k0p5,baseline_3f,46,7.0,0.5,cusum_fgo,pooled,0,90003,3.222824368926778,1.077287766028444,1.702685668218275,1.1499974056779203
E1,h7_k0p5,baseline_3f,46,7.0,0.5,cusum_fgo,macro,0,90003,3.1401610871304144,1.0772877660284437,1.6604270788283604,1.143004353570232
E1,h7_k0p5,baseline_3f,47,7.0,0.5,cusum_fgo,follower,1,30001,2.2090681075688647,0.9009125465101834,1.5587334056393582,0.9635620039687698
E1,h7_k0p5,baseline_3f,47,7.0,0.5,cusum_fgo,follower,2,30001,2.7662222541683468,0.8479733522169137,1.4767333872559179,0.9220688783702441
E1,h7_k0p5,baseline_3f,47,7.0,0.5,cusum_fgo,follower,3,30001,2.561146543471657,0.7669657180634015,1.3071441194449402,0.8366900950975812
E1,h7_k0p5,baseline_3f,47,7.0,0.5,cusum_fgo,pooled,0,90003,2.7662222541683468,0.8386172055968328,1.4568181482862208,0.9089761762895057
E1,h7_k0p5,baseline_3f,47,7.0,0.5,cusum_fgo,macro,0,90003,2.512145635069623,0.838617205596833,1.447536970780072,0.9074403258121984
E1,h7_k0p5,baseline_3f,48,7.0,0.5,cusum_fgo,follower,1,30001,4.40151637239947,0.9006140085159133,1.8849452758230507,1.1010103154459985
E1,h7_k0p5,baseline_3f,48,7.0,0.5,cusum_fgo,follower,2,30001,2.791641348299746,0.7199029852312689,1.2976572476964414,0.8050884579837748
E1,h7_k0p5,baseline_3f,48,7.0,0.5,cusum_fgo,follower,3,30001,1.7149453369938161,0.45009405059469004,0.9107294784272466,0.5079437212565993
E1,h7_k0p5,baseline_3f,48,7.0,0.5,cusum_fgo,pooled,0,90003,4.40151637239947,0.6902036814472907,1.4307815502350893,0.8403169965081018
E1,h7_k0p5,baseline_3f,48,7.0,0.5,cusum_fgo,macro,0,90003,2.969367685897678,0.6902036814472908,1.3644440006489127,0.8046808315621242
E1,h7_k0p5,baseline_3f,49,7.0,0.5,cusum_fgo,follower,1,30001,2.788548430841375,1.2529697431985785,1.9153133121016521,1.3359323141865256
E1,h7_k0p5,baseline_3f,49,7.0,0.5,cusum_fgo,follower,2,30001,3.6976835582867524,0.9387178781559339,1.5023845477370081,1.0074959778480421
E1,h7_k0p5,baseline_3f,49,7.0,0.5,cusum_fgo,follower,3,30001,2.8972540387506767,1.1441798439275044,1.7678728023413384,1.2127372676053516
E1,h7_k0p5,baseline_3f,49,7.0,0.5,cusum_fgo,pooled,0,90003,3.6976835582867524,1.1119558217606722,1.7922733891110323,1.1931044902140302
E1,h7_k0p5,baseline_3f,49,7.0,0.5,cusum_fgo,macro,0,90003,3.127828675959601,1.1119558217606722,1.7285235540599995,1.1853885198799732
E1,h7_k0p5,baseline_3f,50,7.0,0.5,cusum_fgo,follower,1,30001,2.679503529977267,1.1105983340860202,1.7925563547519707,1.1679317219364043
E1,h7_k0p5,baseline_3f,50,7.0,0.5,cusum_fgo,follower,2,30001,2.7033882043955066,1.071076218210941,1.7670001566925704,1.1443462687781567
E1,h7_k0p5,baseline_3f,50,7.0,0.5,cusum_fgo,follower,3,30001,2.4183897841055795,0.9149945036173324,1.4368552772599854,0.9683843859777918
E1,h7_k0p5,baseline_3f,50,7.0,0.5,cusum_fgo,pooled,0,90003,2.7033882043955066,1.0322230186380978,1.7344734584074484,1.0971723062760634
E1,h7_k0p5,baseline_3f,50,7.0,0.5,cusum_fgo,macro,0,90003,2.6004271728261177,1.0322230186380978,1.6654705962348422,1.0935541255641177
E1,h7_k0p5,healthy_maneuver,1,7.0,0.5,cusum_fgo,follower,1,30001,2.266116464551638,0.912004844225307,1.4457096687535855,0.9690287351804797
E1,h7_k0p5,healthy_maneuver,1,7.0,0.5,cusum_fgo,follower,2,30001,1.7515371487652682,0.7871912103571236,1.212499249396044,0.8335916080781197
E1,h7_k0p5,healthy_maneuver,1,7.0,0.5,cusum_fgo,follower,3,30001,1.620915959071593,0.8210394715712704,1.265098114454421,0.8668005928614919
E1,h7_k0p5,healthy_maneuver,1,7.0,0.5,cusum_fgo,pooled,0,90003,2.266116464551638,0.8400785087179004,1.3246538221329103,0.8916716373285963
E1,h7_k0p5,healthy_maneuver,1,7.0,0.5,cusum_fgo,macro,0,90003,1.8795231907961663,0.8400785087179004,1.307769010868017,0.8898069787066971
E1,h7_k0p5,healthy_maneuver,2,7.0,0.5,cusum_fgo,follower,1,30001,2.2355993776055323,0.7959188080256712,1.384319046103385,0.8552661987201486
E1,h7_k0p5,healthy_maneuver,2,7.0,0.5,cusum_fgo,follower,2,30001,2.5758028108245776,1.4103481647013676,2.0143167662448316,1.470324201328175
E1,h7_k0p5,healthy_maneuver,2,7.0,0.5,cusum_fgo,follower,3,30001,2.3324430124165225,1.0122979970679296,1.6659076615771102,1.0804338221642005
E1,h7_k0p5,healthy_maneuver,2,7.0,0.5,cusum_fgo,pooled,0,90003,2.5758028108245776,1.0728549899316562,1.8600069834394302,1.1634246533060475
E1,h7_k0p5,healthy_maneuver,2,7.0,0.5,cusum_fgo,macro,0,90003,2.3812817336155443,1.0728549899316562,1.688181157975109,1.1353414074041746
E1,h7_k0p5,healthy_maneuver,3,7.0,0.5,cusum_fgo,follower,1,30001,1.9108397541720474,0.6198822262972676,1.1665766870006966,0.688548445000653
E1,h7_k0p5,healthy_maneuver,3,7.0,0.5,cusum_fgo,follower,2,30001,1.7512515565911742,0.7773090908733752,1.2396161854406884,0.8267250488583614
E1,h7_k0p5,healthy_maneuver,3,7.0,0.5,cusum_fgo,follower,3,30001,1.4149717242265074,0.42361491584889216,0.7440959084872778,0.460624788331064
E1,h7_k0p5,healthy_maneuver,3,7.0,0.5,cusum_fgo,pooled,0,90003,1.9108397541720474,0.6069354110065117,1.1545536585813287,0.6757091245863402
E1,h7_k0p5,healthy_maneuver,3,7.0,0.5,cusum_fgo,macro,0,90003,1.6923543449965763,0.6069354110065117,1.0500962603095543,0.6586327607300261
E1,h7_k0p5,healthy_maneuver,4,7.0,0.5,cusum_fgo,follower,1,30001,2.660201834508401,1.34912016603299,1.8664136942180454,1.3896079917820825
E1,h7_k0p5,healthy_maneuver,4,7.0,0.5,cusum_fgo,follower,2,30001,2.0033377272801154,0.9695700532585063,1.413795652491168,1.0052121069529927
E1,h7_k0p5,healthy_maneuver,4,7.0,0.5,cusum_fgo,follower,3,30001,1.9519216376952908,0.870336210714082,1.4645531471735165,0.9370366763939156
E1,h7_k0p5,healthy_maneuver,4,7.0,0.5,cusum_fgo,pooled,0,90003,2.660201834508401,1.0630088100018593,1.6865243974099293,1.128346797117633
E1,h7_k0p5,healthy_maneuver,4,7.0,0.5,cusum_fgo,macro,0,90003,2.205153733161269,1.0630088100018593,1.58158749796091,1.110618925042997
E1,h7_k0p5,healthy_maneuver,5,7.0,0.5,cusum_fgo,follower,1,30001,2.60008458374243,1.5438124947872878,2.2360077750888943,1.6332751455872507
E1,h7_k0p5,healthy_maneuver,5,7.0,0.5,cusum_fgo,follower,2,30001,1.6192594696140226,0.4615410278936897,0.8239968428067035,0.5031958388887292
E1,h7_k0p5,healthy_maneuver,5,7.0,0.5,cusum_fgo,follower,3,30001,1.4864866918391197,0.8258734596830414,1.1379485061086356,0.8457311203887484
E1,h7_k0p5,healthy_maneuver,5,7.0,0.5,cusum_fgo,pooled,0,90003,2.60008458374243,0.9437423274546729,2.0795556363164707,1.1009170240398072
E1,h7_k0p5,healthy_maneuver,5,7.0,0.5,cusum_fgo,macro,0,90003,1.9019435817318573,0.943742327454673,1.3993177080014112,0.9940673682882428
E1,h7_k0p5,healthy_maneuver,6,7.0,0.5,cusum_fgo,follower,1,30001,2.5948728047436003,1.0541223849674408,1.8647619203957204,1.1486843056835412
E1,h7_k0p5,healthy_maneuver,6,7.0,0.5,cusum_fgo,follower,2,30001,2.695192699134456,1.5083964066553779,2.1411673003491156,1.5859444509155098
E1,h7_k0p5,healthy_maneuver,6,7.0,0.5,cusum_fgo,follower,3,30001,2.1075219695002008,0.7713123883381275,1.249671290976251,0.8133664341334003
E1,h7_k0p5,healthy_maneuver,6,7.0,0.5,cusum_fgo,pooled,0,90003,2.695192699134456,1.1112770599869821,1.9866772170659257,1.224235869387957
E1,h7_k0p5,healthy_maneuver,6,7.0,0.5,cusum_fgo,macro,0,90003,2.4658624911260856,1.1112770599869821,1.7518668372403623,1.1826650635774836
E1,h7_k0p5,healthy_maneuver,7,7.0,0.5,cusum_fgo,follower,1,30001,1.9914564517048179,0.7645519189408106,1.329461540689393,0.8268286134841296
E1,h7_k0p5,healthy_maneuver,7,7.0,0.5,cusum_fgo,follower,2,30001,2.590950856705331,1.2566603324442076,1.8596652222764718,1.3202779504766964
E1,h7_k0p5,healthy_maneuver,7,7.0,0.5,cusum_fgo,follower,3,30001,1.318383669153354,0.5034602623254659,0.9743312559586528,0.5573870254423609
E1,h7_k0p5,healthy_maneuver,7,7.0,0.5,cusum_fgo,pooled,0,90003,2.590950856705331,0.8415575045701614,1.668523407112639,0.9552416306398637
E1,h7_k0p5,healthy_maneuver,7,7.0,0.5,cusum_fgo,macro,0,90003,1.966930325854501,0.8415575045701614,1.3878193396415057,0.9014978631343956
E1,h7_k0p5,healthy_maneuver,8,7.0,0.5,cusum_fgo,follower,1,30001,2.537888930792906,1.0614516661055167,1.7417299583600963,1.131315881177316
E1,h7_k0p5,healthy_maneuver,8,7.0,0.5,cusum_fgo,follower,2,30001,2.0624353560576645,0.5493906337886888,1.0385501344061163,0.6082833997284844
E1,h7_k0p5,healthy_maneuver,8,7.0,0.5,cusum_fgo,follower,3,30001,1.7053174958724417,0.8115695604350428,1.2392824503660311,0.8510545567452205
E1,h7_k0p5,healthy_maneuver,8,7.0,0.5,cusum_fgo,pooled,0,90003,2.537888930792906,0.8074706201097495,1.5148167272971795,0.8896025659334349
E1,h7_k0p5,healthy_maneuver,8,7.0,0.5,cusum_fgo,macro,0,90003,2.101880594241004,0.8074706201097493,1.3398541810440812,0.863551279217007
E1,h7_k0p5,healthy_maneuver,9,7.0,0.5,cusum_fgo,follower,1,30001,2.1088048543249087,0.8010731763241207,1.323362291059397,0.8597516108613582
E1,h7_k0p5,healthy_maneuver,9,7.0,0.5,cusum_fgo,follower,2,30001,1.9512690012223948,0.6968085675979302,1.3779173878261404,0.7773004369499419
E1,h7_k0p5,healthy_maneuver,9,7.0,0.5,cusum_fgo,follower,3,30001,1.7605603821634273,0.7289578256689938,1.2752921400324764,0.7831868514305342
E1,h7_k0p5,healthy_maneuver,9,7.0,0.5,cusum_fgo,pooled,0,90003,2.1088048543249087,0.7422798565303482,1.3238571186596286,0.8076200521521953
E1,h7_k0p5,healthy_maneuver,9,7.0,0.5,cusum_fgo,macro,0,90003,1.9402114125702434,0.7422798565303482,1.3255239396393381,0.8067462997472781
E1,h7_k0p5,healthy_maneuver,10,7.0,0.5,cusum_fgo,follower,1,30001,1.9219778180476146,0.6095548104970862,1.061541339638323,0.6568839635910645
E1,h7_k0p5,healthy_maneuver,10,7.0,0.5,cusum_fgo,follower,2,30001,1.935256613939816,0.9836393019892732,1.6143785559193442,1.0486140879785835
E1,h7_k0p5,healthy_maneuver,10,7.0,0.5,cusum_fgo,follower,3,30001,1.1208860828293268,0.38007115525897905,0.711748217662756,0.42304805632190445
E1,h7_k0p5,healthy_maneuver,10,7.0,0.5,cusum_fgo,pooled,0,90003,1.935256613939816,0.6577550892484461,1.4315784943387182,0.7549961821289792
E1,h7_k0p5,healthy_maneuver,10,7.0,0.5,cusum_fgo,macro,0,90003,1.6593735049389193,0.6577550892484462,1.1292227044068077,0.7095153692971842
E1,h7_k0p5,healthy_maneuver,11,7.0,0.5,cusum_fgo,follower,1,30001,2.223835289144577,0.9206633791937924,1.4770424278906444,0.9730062252337327
E1,h7_k0p5,healthy_maneuver,11,7.0,0.5,cusum_fgo,follower,2,30001,2.5131038621099075,1.129254020657719,1.7158402851259162,1.1783012785059788
E1,h7_k0p5,healthy_maneuver,11,7.0,0.5,cusum_fgo,follower,3,30001,1.5772027162092797,0.5915090680280041,1.1168862086609797,0.6459264237734537
E1,h7_k0p5,healthy_maneuver,11,7.0,0.5,cusum_fgo,pooled,0,90003,2.5131038621099075,0.8804754892931719,1.562949889328341,0.957837140332528
E1,h7_k0p5,healthy_maneuver,11,7.0,0.5,cusum_fgo,macro,0,90003,2.104713955821255,0.8804754892931719,1.4365896405591798,0.9324113091710551
E1,h7_k0p5,healthy_maneuver,12,7.0,0.5,cusum_fgo,follower,1,30001,2.181068477627953,0.9041104161348611,1.4965123659545025,0.9688009525408102
E1,h7_k0p5,healthy_maneuver,12,7.0,0.5,cusum_fgo,follower,2,30001,1.715441352920476,0.6232237646625387,1.0510121343912293,0.6684403405971943
E1,h7_k0p5,healthy_maneuver,12,7.0,0.5,cusum_fgo,follower,3,30001,1.7915619389131638,0.9921813814546397,1.352861966334639,1.022220733681494
E1,h7_k0p5,healthy_maneuver,12,7.0,0.5,cusum_fgo,pooled,0,90003,2.181068477627953,0.8398385207506799,1.3674691274130033,0.9000598133735346
E1,h7_k0p5,healthy_maneuver,12,7.0,0.5,cusum_fgo,macro,0,90003,1.8960239231538643,0.8398385207506799,1.3001288222267904,0.8864873422731661
E1,h7_k0p5,healthy_maneuver,13,7.0,0.5,cusum_fgo,follower,1,30001,2.1902631029510116,1.2355241127239884,1.7545369620867695,1.2782509751812594
E1,h7_k0p5,healthy_maneuver,13,7.0,0.5,cusum_fgo,follower,2,30001,2.110574287714579,0.729772514314984,1.3212836338495844,0.7943329117185661
E1,h7_k0p5,healthy_maneuver,13,7.0,0.5,cusum_fgo,follower,3,30001,2.284273282827375,0.9255888530111243,1.6004983812558418,1.0083752676705553
E1,h7_k0p5,healthy_maneuver,13,7.0,0.5,cusum_fgo,pooled,0,90003,2.284273282827375,0.9636284933500322,1.6447410625168832,1.0458984990015046
E1,h7_k0p5,healthy_maneuver,13,7.0,0.5,cusum_fgo,macro,0,90003,2.1950368911643214,0.9636284933500322,1.5587729923973985,1.0269863848567935
E1,h7_k0p5,healthy_maneuver,14,7.0,0.5,cusum_fgo,follower,1,30001,2.344608096213897,0.7482730662608362,1.3630933807099703,0.8222541014624764
E1,h7_k0p5,healthy_maneuver,14,7.0,0.5,cusum_fgo,follower,2,30001,2.5336380991274936,0.8111974042324224,1.7118499709495865,0.9369886330161374
E1,h7_k0p5,healthy_maneuver,14,7.0,0.5,cusum_fgo,follower,3,30001,1.932482271414455,1.0016854822917256,1.5264492659316664,1.050556022384297
E1,h7_k0p5,healthy_maneuver,14,7.0,0.5,cusum_fgo,pooled,0,90003,2.5336380991274936,0.8537186509283281,1.5866211950285305,0.9412257012253098
E1,h7_k0p5,healthy_maneuver,14,7.0,0.5,cusum_fgo,macro,0,90003,2.2702428222519484,0.8537186509283282,1.5337975391970744,0.9365995856209702
E1,h7_k0p5,healthy_maneuver,15,7.0,0.5,cusum_fgo,follower,1,30001,2.3402970611767855,1.1090773012833588,1.7287140286915008,1.1681971587504114
E1,h7_k0p5,healthy_maneuver,15,7.0,0.5,cusum_fgo,follower,2,30001,2.4726940489971256,1.2268253820993198,1.8619350287472685,1.281421751386843
E1,h7_k0p5,healthy_maneuver,15,7.0,0.5,cusum_fgo,follower,3,30001,1.26702485463195,0.5152232803422586,0.9323219724588977,0.5614932781712405
E1,h7_k0p5,healthy_maneuver,15,7.0,0.5,cusum_fgo,pooled,0,90003,2.4726940489971256,0.9503753212416458,1.695900690361928,1.0522992299517826
E1,h7_k0p5,healthy_maneuver,15,7.0,0.5,cusum_fgo,macro,0,90003,2.0266719882686206,0.9503753212416456,1.5076570099658888,1.0037040627694982
E1,h7_k0p5,healthy_maneuver,16,7.0,0.5,cusum_fgo,follower,1,30001,2.218546844466134,0.7448029835682984,1.4833977010240063,0.8416959417105948
E1,h7_k0p5,healthy_maneuver,16,7.0,0.5,cusum_fgo,follower,2,30001,2.25262963345268,0.7182517924595767,1.1153104765531772,0.7604623946030593
E1,h7_k0p5,healthy_maneuver,16,7.0,0.5,cusum_fgo,follower,3,30001,1.4520345801918844,0.6244908172770514,1.087729153825761,0.6764946237485281
E1,h7_k0p5,healthy_maneuver,16,7.0,0.5,cusum_fgo,pooled,0,90003,2.25262963345268,0.6958485311016422,1.2248742172868976,0.7625396356601553
E1,h7_k0p5,healthy_maneuver,16,7.0,0.5,cusum_fgo,macro,0,90003,1.9744036860368992,0.6958485311016421,1.2288124438009815,0.759550986687394
E1,h7_k0p5,healthy_maneuver,17,7.0,0.5,cusum_fgo,follower,1,30001,2.3094870144807937,1.2556699857764864,1.7535674742732534,1.2939614731488356
E1,h7_k0p5,healthy_maneuver,17,7.0,0.5,cusum_fgo,follower,2,30001,2.054485253352722,0.9376408252266762,1.3556133893823603,0.975546777357087
E1,h7_k0p5,healthy_maneuver,17,7.0,0.5,cusum_fgo,follower,3,30001,1.7950281628909976,0.9620571729193546,1.3701048971489764,0.9993372534681911
E1,h7_k0p5,healthy_maneuver,17,7.0,0.5,cusum_fgo,pooled,0,90003,2.3094870144807937,1.0517893279741724,1.5781337616857622,1.0991970940910538
E1,h7_k0p5,healthy_maneuver,17,7.0,0.5,cusum_fgo,macro,0,90003,2.0530001435748377,1.0517893279741724,1.49309525360153,1.0896151679913713
E1,h7_k0p5,healthy_maneuver,18,7.0,0.5,cusum_fgo,follower,1,30001,2.673988808360133,1.3204767317624726,2.13228001913629,1.4135851868936122
E1,h7_k0p5,healthy_maneuver,18,7.0,0.5,cusum_fgo,follower,2,30001,2.168793100663312,1.1315076668873096,1.6743250321164853,1.1766994791478158
E1,h7_k0p5,healthy_maneuver,18,7.0,0.5,cusum_fgo,follower,3,30001,1.163312576559893,0.45867242910104317,0.8638721678320774,0.505129452880988
E1,h7_k0p5,healthy_maneuver,18,7.0,0.5,cusum_fgo,pooled,0,90003,2.673988808360133,0.9702189425836084,1.903668397525563,1.1012115311479498
E1,h7_k0p5,healthy_maneuver,18,7.0,0.5,cusum_fgo,macro,0,90003,2.002031495194446,0.9702189425836084,1.5568257396949512,1.031804706307472
E1,h7_k0p5,healthy_maneuver,19,7.0,0.5,cusum_fgo,follower,1,30001,1.733846498967804,0.9279200584662111,1.371802057376153,0.9615178105361116
E1,h7_k0p5,healthy_maneuver,19,7.0,0.5,cusum_fgo,follower,2,30001,1.6361156101873537,0.7987935149506311,1.2689386996968839,0.8443955037845536
E1,h7_k0p5,healthy_maneuver,19,7.0,0.5,cusum_fgo,follower,3,30001,1.2530966412776114,0.4552286217240566,0.8062778536611602,0.49669814224946923
E1,h7_k0p5,healthy_maneuver,19,7.0,0.5,cusum_fgo,pooled,0,90003,1.733846498967804,0.7273140650469662,1.260182875634632,0.7925127362391517
E1,h7_k0p5,healthy_maneuver,19,7.0,0.5,cusum_fgo,macro,0,90003,1.54101958347759,0.7273140650469663,1.1490062035780657,0.7675371521900449
E1,h7_k0p5,healthy_maneuver,20,7.0,0.5,cusum_fgo,follower,1,30001,2.565408772636586,1.2865340552496654,1.9552558685963466,1.3510062606494488
E1,h7_k0p5,healthy_maneuver,20,7.0,0.5,cusum_fgo,follower,2,30001,1.8774918615539604,0.8119033600895589,1.3273559119377827,0.861658794674791
E1,h7_k0p5,healthy_maneuver,20,7.0,0.5,cusum_fgo,follower,3,30001,1.6825185094354351,0.6341538394911839,1.1984505519152047,0.6905834922555423
E1,h7_k0p5,healthy_maneuver,20,7.0,0.5,cusum_fgo,pooled,0,90003,2.565408772636586,0.9108637516101361,1.678842000653685,1.0074024939632753
E1,h7_k0p5,healthy_maneuver,20,7.0,0.5,cusum_fgo,macro,0,90003,2.0418063812086604,0.9108637516101359,1.4936874441497778,0.9677495158599273
E1,h7_k0p5,healthy_maneuver,21,7.0,0.5,cusum_fgo,follower,1,30001,2.9894228720817284,1.5969915811488913,2.351184261089809,1.6904181645465879
E1,h7_k0p5,healthy_maneuver,21,7.0,0.5,cusum_fgo,follower,2,30001,1.815213085548069,1.0131355184513453,1.433330993319855,1.0574825670978802
E1,h7_k0p5,healthy_maneuver,21,7.0,0.5,cusum_fgo,follower,3,30001,1.305580194503676,0.4791544724120031,0.8938531692357009,0.5216288749336544
E1,h7_k0p5,healthy_maneuver,21,7.0,0.5,cusum_fgo,pooled,0,90003,2.9894228720817284,1.02976052400408,2.153259869232582,1.1899411237409363
E1,h7_k0p5,healthy_maneuver,21,7.0,0.5,cusum_fgo,macro,0,90003,2.0367387173778244,1.02976052400408,1.5594561412151215,1.0898432021927074
E1,h7_k0p5,healthy_maneuver,22,7.0,0.5,cusum_fgo,follower,1,30001,2.701861575946058,0.8478514855956326,1.5372667876067927,0.9259943305376414
E1,h7_k0p5,healthy_maneuver,22,7.0,0.5,cusum_fgo,follower,2,30001,2.6140450610870936,0.9700380810297459,1.6043760203351654,1.0313756679226262
E1,h7_k0p5,healthy_maneuver,22,7.0,0.5,cusum_fgo,follower,3,30001,2.064778910137611,1.0646815492699038,1.4887317614202487,1.09959341848216
E1,h7_k0p5,healthy_maneuver,22,7.0,0.5,cusum_fgo,pooled,0,90003,2.701861575946058,0.9608570386317606,1.5364367365304485,1.0214869805892421
E1,h7_k0p5,healthy_maneuver,22,7.0,0.5,cusum_fgo,macro,0,90003,2.4602285157235877,0.9608570386317608,1.5434581897874022,1.018987805647476
E1,h7_k0p5,healthy_maneuver,23,7.0,0.5,cusum_fgo,follower,1,30001,2.072263538194302,0.8052517893654709,1.2561421648034068,0.8595642620862598
E1,h7_k0p5,healthy_maneuver,23,7.0,0.5,cusum_fgo,follower,2,30001,2.149575344516291,1.0986502106222722,1.5485159840424245,1.1337016183913455
E1,h7_k0p5,healthy_maneuver,23,7.0,0.5,cusum_fgo,follower,3,30001,1.635879815152464,0.5239167829411624,0.8467415432835499,0.5572562842464854
E1,h7_k0p5,healthy_maneuver,23,7.0,0.5,cusum_fgo,pooled,0,90003,2.149575344516291,0.8092729276429684,1.4203644817921894,0.8821686623564401
E1,h7_k0p5,healthy_maneuver,23,7.0,0.5,cusum_fgo,macro,0,90003,1.9525728992876854,0.8092729276429685,1.2171332307097937,0.8501740549080302
E1,h7_k0p5,healthy_maneuver,24,7.0,0.5,cusum_fgo,follower,1,30001,2.4690382056649995,0.7457118137191432,1.3040406058831957,0.8177435696282693
E1,h7_k0p5,healthy_maneuver,24,7.0,0.5,cusum_fgo,follower,2,30001,3.142297464770318,0.6033162888254875,0.9420390192238101,0.6407654512948481
E1,h7_k0p5,healthy_maneuver,24,7.0,0.5,cusum_fgo,follower,3,30001,1.729964871159707,0.8184154028870119,1.2393005064853941,0.855402152733554
E1,h7_k0p5,healthy_maneuver,24,7.0,0.5,cusum_fgo,pooled,0,90003,3.142297464770318,0.7224811684772142,1.1946252799820611,0.7769594052335623
E1,h7_k0p5,healthy_maneuver,24,7.0,0.5,cusum_fgo,macro,0,90003,2.4471001805316748,0.7224811684772142,1.1617933771974667,0.7713037245522237
E1,h7_k0p5,healthy_maneuver,25,7.0,0.5,cusum_fgo,follower,1,30001,1.8853477685456306,0.6552734935180039,1.3447731324249745,0.748202316608007
E1,h7_k0p5,healthy_maneuver,25,7.0,0.5,cusum_fgo,follower,2,30001,1.6632159954233472,0.6734751721708048,1.050642195210145,0.7164497647469643
E1,h7_k0p5,healthy_maneuver,25,7.0,0.5,cusum_fgo,follower,3,30001,1.5108594594914586,0.5488447203666478,0.9872160556413004,0.6000522351915173
E1,h7_k0p5,healthy_maneuver,25,7.0,0.5,cusum_fgo,pooled,0,90003,1.8853477685456306,0.6258644620184854,1.1491054027653804,0.6911752447683835
E1,h7_k0p5,healthy_maneuver,25,7.0,0.5,cusum_fgo,macro,0,90003,1.6864744078201455,0.6258644620184854,1.1275437944254734,0.6882347721821628
E1,h7_k0p5,healthy_maneuver,26,7.0,0.5,cusum_fgo,follower,1,30001,2.2320158198209974,0.8410716685043752,1.3772986573343846,0.8923924926143234
E1,h7_k0p5,healthy_maneuver,26,7.0,0.5,cusum_fgo,follower,2,30001,2.06937473751026,0.7639119472116587,1.2824571913418372,0.8157108251722145
E1,h7_k0p5,healthy_maneuver,26,7.0,0.5,cusum_fgo,follower,3,30001,1.7585528564572819,0.7822106352425202,1.263349726179556,0.8242881529021474
E1,h7_k0p5,healthy_maneuver,26,7.0,0.5,cusum_fgo,pooled,0,90003,2.2320158198209974,0.7957314169861847,1.2997449986726164,0.8448272940257029
E1,h7_k0p5,healthy_maneuver,26,7.0,0.5,cusum_fgo,macro,0,90003,2.019981137929513,0.7957314169861848,1.3077018582852593,0.8441304902295618
E1,h7_k0p5,healthy_maneuver,27,7.0,0.5,cusum_fgo,follower,1,30001,3.596449748844676,1.6673584483556574,2.5360338427942604,1.771145420916597
E1,h7_k0p5,healthy_maneuver,27,7.0,0.5,cusum_fgo,follower,2,30001,2.056504944599918,0.8987208608387652,1.345799581915313,0.9395590165524771
E1,h7_k0p5,healthy_maneuver,27,7.0,0.5,cusum_fgo,follower,3,30001,1.8672475093745775,0.7565196044042448,1.241468620708868,0.8109580547831197
E1,h7_k0p5,healthy_maneuver,27,7.0,0.5,cusum_fgo,pooled,0,90003,3.596449748844676,1.1075329711995558,2.2501378124316673,1.2486499661950248
E1,h7_k0p5,healthy_maneuver,27,7.0,0.5,cusum_fgo,macro,0,90003,2.50673406760639,1.1075329711995558,1.7077673484728138,1.1738874974173978
E1,h7_k0p5,healthy_maneuver,28,7.0,0.5,cusum_fgo,follower,1,30001,2.3384916680372227,1.0639176143710944,1.8217677585766905,1.1543411662073555
E1,h7_k0p5,healthy_maneuver,28,7.0,0.5,cusum_fgo,follower,2,30001,2.144660911903379,1.2650562656655562,1.7192142062774847,1.2970586085630116
E1,h7_k0p5,healthy_maneuver,28,7.0,0.5,cusum_fgo,follower,3,30001,1.7192362949607969,0.8635385796743489,1.343067824818396,0.9226032904189843
E1,h7_k0p5,healthy_maneuver,28,7.0,0.5,cusum_fgo,pooled,0,90003,2.3384916680372227,1.0641708199036666,1.701075834061464,1.1352035637629505
E1,h7_k0p5,healthy_maneuver,28,7.0,0.5,cusum_fgo,macro,0,90003,2.067462958300466,1.0641708199036666,1.6280165965575237,1.1246676883964506
E1,h7_k0p5,healthy_maneuver,29,7.0,0.5,cusum_fgo,follower,1,30001,2.3819408789323235,1.418889336508898,1.9666462264917146,1.4635880588426529
E1,h7_k0p5,healthy_maneuver,29,7.0,0.5,cusum_fgo,follower,2,30001,1.858644051351229,0.6103201322595049,1.1622851192749175,0.6828544287410315
E1,h7_k0p5,healthy_maneuver,29,7.0,0.5,cusum_fgo,follower,3,30001,2.0531020809218106,0.7838625235785983,1.3014548448480832,0.8413163393530625
E1,h7_k0p5,healthy_maneuver,29,7.0,0.5,cusum_fgo,pooled,0,90003,2.3819408789323235,0.937690664115667,1.7749038937526491,1.0513789928312376
E1,h7_k0p5,healthy_maneuver,29,7.0,0.5,cusum_fgo,macro,0,90003,2.0978956704017877,0.9376906641156669,1.476795396871572,0.9959196089789156
E1,h7_k0p5,healthy_maneuver,30,7.0,0.5,cusum_fgo,follower,1,30001,2.4093305612792175,1.1205580945336053,1.6147687152418733,1.1638290227232595
E1,h7_k0p5,healthy_maneuver,30,7.0,0.5,cusum_fgo,follower,2,30001,1.9966948272017264,0.979595220175054,1.5247068178160286,1.0277767523694856
E1,h7_k0p5,healthy_maneuver,30,7.0,0.5,cusum_fgo,follower,3,30001,1.532539582453237,0.5872103150225517,1.0418304624424837,0.6419774654292999
E1,h7_k0p5,healthy_maneuver,30,7.0,0.5,cusum_fgo,pooled,0,90003,2.4093305612792175,0.8957878765770703,1.5111548376816313,0.9700443482925875
E1,h7_k0p5,healthy_maneuver,30,7.0,0.5,cusum_fgo,macro,0,90003,1.9795216569780603,0.8957878765770704,1.393768665166795,0.9445277468406816
E1,h7_k0p5,healthy_maneuver,31,7.0,0.5,cusum_fgo,follower,1,30001,3.538606273068474,1.822926305306109,2.862499495761689,1.9527120233584654
E1,h7_k0p5,healthy_maneuver,31,7.0,0.5,cusum_fgo,follower,2,30001,2.1095528197014652,1.366780358086144,1.8624018171646965,1.411869631963009
E1,h7_k0p5,healthy_maneuver,31,7.0,0.5,cusum_fgo,follower,3,30001,1.7225013800061235,0.8601949348583258,1.4198859773155152,0.9246019627207366
E1,h7_k0p5,healthy_maneuver,31,7.0,0.5,cusum_fgo,pooled,0,90003,3.538606273068474,1.3499671994168596,2.5257646961829088,1.4901173212530519
E1,h7_k0p5,healthy_maneuver,31,7.0,0.5,cusum_fgo,macro,0,90003,2.4568868242586874,1.3499671994168596,2.048262430080634,1.4297278726807372
E1,h7_k0p5,healthy_maneuver,32,7.0,0.5,cusum_fgo,follower,1,30001,1.8565442544527122,0.7437173844024638,1.3061772467449695,0.7979147458007361
E1,h7_k0p5,healthy_maneuver,32,7.0,0.5,cusum_fgo,follower,2,30001,2.323192188961294,0.9711566744589254,1.6262016302092974,1.0445080751206448
E1,h7_k0p5,healthy_maneuver,32,7.0,0.5,cusum_fgo,follower,3,30001,1.9905411716141483,0.936464519390398,1.3989234264494876,0.9785817860056403
E1,h7_k0p5,healthy_maneuver,32,7.0,0.5,cusum_fgo,pooled,0,90003,2.323192188961294,0.883779526083929,1.5005036436992234,0.9460950220882461
E1,h7_k0p5,healthy_maneuver,32,7.0,0.5,cusum_fgo,macro,0,90003,2.0567592050093846,0.883779526083929,1.443767434467918,0.9403348689756736
E1,h7_k0p5,healthy_maneuver,33,7.0,0.5,cusum_fgo,follower,1,30001,3.6194092304500574,1.9046314840079486,2.885032802533619,2.0302065069366964
E1,h7_k0p5,healthy_maneuver,33,7.0,0.5,cusum_fgo,follower,2,30001,2.0772833259870285,1.0520960048742911,1.4691977673145364,1.0910505826280497
E1,h7_k0p5,healthy_maneuver,33,7.0,0.5,cusum_fgo,follower,3,30001,1.7878272423920964,0.6689381452078789,1.1582812189406548,0.7242480979037574
E1,h7_k0p5,healthy_maneuver,33,7.0,0.5,cusum_fgo,pooled,0,90003,3.6194092304500574,1.2085552113633728,2.5734999248196093,1.3948315480107647
E1,h7_k0p5,healthy_maneuver,33,7.0,0.5,cusum_fgo,macro,0,90003,2.494839932943061,1.2085552113633728,1.83750392959627,1.281835062489501
E1,h7_k0p5,healthy_maneuver,34,7.0,0.5,cusum_fgo,follower,1,30001,2.3436933591914104,1.065594000222368,1.6560410523817026,1.116924190344576
E1,h7_k0p5,healthy_maneuver,34,7.0,0.5,cusum_fgo,follower,2,30001,1.8246923411498082,0.7686509295736891,1.3061714229048982,0.8254323083627905
E1,h7_k0p5,healthy_maneuver,34,7.0,0.5,cusum_fgo,follower,3,30001,1.8127400494969994,1.091415181531899,1.484317079077738,1.120094246036459
E1,h7_k0p5,healthy_maneuver,34,7.0,0.5,cusum_fgo,pooled,0,90003,2.3436933591914104,0.9752200371093188,1.50930981299698,1.0301244686395903
E1,h7_k0p5,healthy_maneuver,34,7.0,0.5,cusum_fgo,macro,0,90003,1.993708583279406,0.9752200371093188,1.4821765181214464,1.0208169149146082
E1,h7_k0p5,healthy_maneuver,35,7.0,0.5,cusum_fgo,follower,1,30001,1.9208970002114263,0.6093804430979907,1.158149087928575,0.6830413723811657
E1,h7_k0p5,healthy_maneuver,35,7.0,0.5,cusum_fgo,follower,2,30001,2.1444538236924733,0.9041818439229963,1.5878998183195676,0.9865777771077241
E1,h7_k0p5,healthy_maneuver,35,7.0,0.5,cusum_fgo,follower,3,30001,1.8837571538824578,0.7239848529088391,1.335032459817132,0.7940363134618106
E1,h7_k0p5,healthy_maneuver,35,7.0,0.5,cusum_fgo,pooled,0,90003,2.1444538236924733,0.7458490466432754,1.4479503338498718,0.8307376027288815
E1,h7_k0p5,healthy_maneuver,35,7.0,0.5,cusum_fgo,macro,0,90003,1.9830359925954524,0.7458490466432753,1.3603604553550914,0.8212184876502334
E1,h7_k0p5,healthy_maneuver,36,7.0,0.5,cusum_fgo,follower,1,30001,2.918145962921465,1.751841287887991,2.4274933502220186,1.8200319572010515
E1,h7_k0p5,healthy_maneuver,36,7.0,0.5,cusum_fgo,follower,2,30001,2.695447361651342,1.5308418699047621,2.1906493693665703,1.611040057749304
E1,h7_k0p5,healthy_maneuver,36,7.0,0.5,cusum_fgo,follower,3,30001,1.826364263870969,0.6914396436569459,1.271323275861051,0.755759219722296
E1,h7_k0p5,healthy_maneuver,36,7.0,0.5,cusum_fgo,pooled,0,90003,2.918145962921465,1.324707600483233,2.2759689838691326,1.4695961339884307
E1,h7_k0p5,healthy_maneuver,36,7.0,0.5,cusum_fgo,macro,0,90003,2.4799858628145923,1.324707600483233,1.9631553318165464,1.3956104115575505
E1,h7_k0p5,healthy_maneuver,37,7.0,0.5,cusum_fgo,follower,1,30001,2.2973037868828694,0.9195274718057992,1.5279685249458606,0.9969159051985699
E1,h7_k0p5,healthy_maneuver,37,7.0,0.5,cusum_fgo,follower,2,30001,2.439779403579531,1.1443000830478307,1.6645996004643233,1.194725984245984
E1,h7_k0p5,healthy_maneuver,37,7.0,0.5,cusum_fgo,follower,3,30001,1.7226587140907714,0.8722816991470244,1.400479070801894,0.9225961662336496
E1,h7_k0p5,healthy_maneuver,37,7.0,0.5,cusum_fgo,pooled,0,90003,2.439779403579531,0.9787030846668847,1.5681539210226279,1.0444129428247315
E1,h7_k0p5,healthy_maneuver,37,7.0,0.5,cusum_fgo,macro,0,90003,2.1532473015177236,0.9787030846668848,1.5310157320706927,1.0380793518927345
E1,h7_k0p5,healthy_maneuver,38,7.0,0.5,cusum_fgo,follower,1,30001,1.6553532517340566,0.9279313350606151,1.3184346704484045,0.9571443274224846
E1,h7_k0p5,healthy_maneuver,38,7.0,0.5,cusum_fgo,follower,2,30001,1.6863884349532563,0.6617634753751033,1.202693083839293,0.7234010260531372
E1,h7_k0p5,healthy_maneuver,38,7.0,0.5,cusum_fgo,follower,3,30001,1.599351778075713,0.7923871570659984,1.1558027715806645,0.8202252739119804
E1,h7_k0p5,healthy_maneuver,38,7.0,0.5,cusum_fgo,pooled,0,90003,1.6863884349532563,0.7940273225005721,1.251951126680603,0.839087561576215
E1,h7_k0p5,healthy_maneuver,38,7.0,0.5,cusum_fgo,macro,0,90003,1.6470311549210086,0.7940273225005722,1.2256435086227873,0.8335902091292007
E1,h7_k0p5,healthy_maneuver,39,7.0,0.5,cusum_fgo,follower,1,30001,2.141455340022245,1.0790739192203365,1.6809609565121926,1.1398338423025003
E1,h7_k0p5,healthy_maneuver,39,7.0,0.5,cusum_fgo,follower,2,30001,1.7469939966645642,0.9355545218989837,1.384727067348552,0.9731528327205275
E1,h7_k0p5,healthy_maneuver,39,7.0,0.5,cusum_fgo,follower,3,30001,1.69941718755454,0.7165733789114407,1.1734662766699726,0.7640390953011581
E1,h7_k0p5,healthy_maneuver,39,7.0,0.5,cusum_fgo,pooled,0,90003,2.141455340022245,0.9104006066769201,1.51525476520073,0.9712540627180031
E1,h7_k0p5,healthy_maneuver,39,7.0,0.5,cusum_fgo,macro,0,90003,1.8626221747471166,0.9104006066769204,1.4130514335102393,0.9590085901080619
E1,h7_k0p5,healthy_maneuver,40,7.0,0.5,cusum_fgo,follower,1,30001,1.7263612019924,0.6580668917993834,1.1148380991041003,0.7043740731756254
E1,h7_k0p5,healthy_maneuver,40,7.0,0.5,cusum_fgo,follower,2,30001,2.5262938560699557,1.1356303528962097,1.9209028661772922,1.2116863473050294
E1,h7_k0p5,healthy_maneuver,40,7.0,0.5,cusum_fgo,follower,3,30001,1.368056622992506,0.46525576435236093,0.8102421512903566,0.5040534398489237
E1,h7_k0p5,healthy_maneuver,40,7.0,0.5,cusum_fgo,pooled,0,90003,2.5262938560699557,0.7529843363493182,1.5802221357990738,0.8599218005979686
E1,h7_k0p5,healthy_maneuver,40,7.0,0.5,cusum_fgo,macro,0,90003,1.8735705603516204,0.7529843363493179,1.281994372190583,0.8067046201098594
E1,h7_k0p5,healthy_maneuver,41,7.0,0.5,cusum_fgo,follower,1,30001,2.564635571111716,1.3268388200701413,2.0323505649182274,1.395058617611402
E1,h7_k0p5,healthy_maneuver,41,7.0,0.5,cusum_fgo,follower,2,30001,1.8916079131523522,0.5787818724634619,1.0095830263981427,0.6304903591740242
E1,h7_k0p5,healthy_maneuver,41,7.0,0.5,cusum_fgo,follower,3,30001,2.0708502442656647,0.7984169754270589,1.4015876056214231,0.8570246186012345
E1,h7_k0p5,healthy_maneuver,41,7.0,0.5,cusum_fgo,pooled,0,90003,2.564635571111716,0.9013458893202209,1.779633350933095,1.0129491327261235
E1,h7_k0p5,healthy_maneuver,41,7.0,0.5,cusum_fgo,macro,0,90003,2.175697909509911,0.9013458893202208,1.481173732312598,0.9608578651288869
E1,h7_k0p5,healthy_maneuver,42,7.0,0.5,cusum_fgo,follower,1,30001,2.186428743497984,1.0055544091817887,1.5936350623454447,1.0532569715208113
E1,h7_k0p5,healthy_maneuver,42,7.0,0.5,cusum_fgo,follower,2,30001,1.9129841894431638,0.7496942836523482,1.115174421834731,0.7859174185566399
E1,h7_k0p5,healthy_maneuver,42,7.0,0.5,cusum_fgo,follower,3,30001,1.3948051818784066,0.6432574301583026,1.1143378399888957,0.7014059339888273
E1,h7_k0p5,healthy_maneuver,42,7.0,0.5,cusum_fgo,pooled,0,90003,2.186428743497984,0.79950204099748,1.3371978685841108,0.8600361854950567
E1,h7_k0p5,healthy_maneuver,42,7.0,0.5,cusum_fgo,macro,0,90003,1.8314060382731847,0.7995020409974799,1.2743824413896905,0.8468601080220929
E1,h7_k0p5,healthy_maneuver,43,7.0,0.5,cusum_fgo,follower,1,30001,1.7888985962760813,0.7931950143625117,1.2685088434760021,0.8341280455696336
E1,h7_k0p5,healthy_maneuver,43,7.0,0.5,cusum_fgo,follower,2,30001,2.0743526268075585,1.1100090624912053,1.5864501778881364,1.1535571401518048
E1,h7_k0p5,healthy_maneuver,43,7.0,0.5,cusum_fgo,follower,3,30001,1.1569857503084608,0.47765612622669357,0.7898022091312258,0.5107909507162203
E1,h7_k0p5,healthy_maneuver,43,7.0,0.5,cusum_fgo,pooled,0,90003,2.0743526268075585,0.7936200676934703,1.44859745946434,0.8731878506053948
E1,h7_k0p5,healthy_maneuver,43,7.0,0.5,cusum_fgo,macro,0,90003,1.6734123244640333,0.7936200676934702,1.2149204101651214,0.8328253788125529
E1,h7_k0p5,healthy_maneuver,44,7.0,0.5,cusum_fgo,follower,1,30001,2.1995060437157306,1.0581554812347937,1.5600378459494675,1.1041737029058285
E1,h7_k0p5,healthy_maneuver,44,7.0,0.5,cusum_fgo,follower,2,30001,1.8118367820151793,1.0034479149804638,1.504957010218082,1.060795209757516
E1,h7_k0p5,healthy_maneuver,44,7.0,0.5,cusum_fgo,follower,3,30001,2.7479101664462307,0.8863433598007495,1.273835031573351,0.9241442896705645
E1,h7_k0p5,healthy_maneuver,44,7.0,0.5,cusum_fgo,pooled,0,90003,2.7479101664462307,0.9826489186720023,1.4791954401167398,1.032558103508623
E1,h7_k0p5,healthy_maneuver,44,7.0,0.5,cusum_fgo,macro,0,90003,2.2530843307257133,0.9826489186720023,1.4462766292469669,1.0297044007779697
E1,h7_k0p5,healthy_maneuver,45,7.0,0.5,cusum_fgo,follower,1,30001,2.9471750875203218,1.6455184011257924,2.444008885474416,1.7448386645594391
E1,h7_k0p5,healthy_maneuver,45,7.0,0.5,cusum_fgo,follower,2,30001,1.6609649898374224,0.7530215449390542,1.233327364980796,0.8068720143849869
E1,h7_k0p5,healthy_maneuver,45,7.0,0.5,cusum_fgo,follower,3,30001,1.8821777622846854,1.1871596462821479,1.5633749916293995,1.2178212575641933
E1,h7_k0p5,healthy_maneuver,45,7.0,0.5,cusum_fgo,pooled,0,90003,2.9471750875203218,1.195233197448998,2.201004745607399,1.3138484220429802
E1,h7_k0p5,healthy_maneuver,45,7.0,0.5,cusum_fgo,macro,0,90003,2.16343927988081,1.1952331974489983,1.7469037473615374,1.2565106455028732
E1,h7_k0p5,healthy_maneuver,46,7.0,0.5,cusum_fgo,follower,1,30001,2.0519489610654538,1.040671337940385,1.5275400754026969,1.0848679261566654
E1,h7_k0p5,healthy_maneuver,46,7.0,0.5,cusum_fgo,follower,2,30001,2.233669791298656,1.1628950250376384,1.6403327037635642,1.2030666143293565
E1,h7_k0p5,healthy_maneuver,46,7.0,0.5,cusum_fgo,follower,3,30001,1.8540986667081765,0.8425686595499253,1.301613750259851,0.8853154296090275
E1,h7_k0p5,healthy_maneuver,46,7.0,0.5,cusum_fgo,pooled,0,90003,2.233669791298656,1.0153783408426496,1.5360716546886493,1.0658472538503787
E1,h7_k0p5,healthy_maneuver,46,7.0,0.5,cusum_fgo,macro,0,90003,2.0465724730240953,1.0153783408426496,1.4898288431420375,1.0577499900316834
E1,h7_k0p5,healthy_maneuver,47,7.0,0.5,cusum_fgo,follower,1,30001,1.9524040799257298,0.8575845315139187,1.35783286241974,0.905950810976044
E1,h7_k0p5,healthy_maneuver,47,7.0,0.5,cusum_fgo,follower,2,30001,1.7779245504406769,0.7860752480170343,1.2496612129006166,0.8302514864608767
E1,h7_k0p5,healthy_maneuver,47,7.0,0.5,cusum_fgo,follower,3,30001,1.444154992566191,0.7037532681519585,1.101399463658398,0.746301240997154
E1,h7_k0p5,healthy_maneuver,47,7.0,0.5,cusum_fgo,pooled,0,90003,1.9524040799257298,0.7824710158943039,1.2491668058946894,0.8300662513704432
E1,h7_k0p5,healthy_maneuver,47,7.0,0.5,cusum_fgo,macro,0,90003,1.7248278743108658,0.7824710158943038,1.2362978463262515,0.8275011794780248
E1,h7_k0p5,healthy_maneuver,48,7.0,0.5,cusum_fgo,follower,1,30001,2.5905042351058696,0.7600320262222066,1.4386855121892683,0.84824131846283
E1,h7_k0p5,healthy_maneuver,48,7.0,0.5,cusum_fgo,follower,2,30001,2.719416193462742,0.6363399406455509,1.1336480413904468,0.6941176577751978
E1,h7_k0p5,healthy_maneuver,48,7.0,0.5,cusum_fgo,follower,3,30001,1.60895789271181,0.405826654659893,0.714998164045228,0.4455780776966898
E1,h7_k0p5,healthy_maneuver,48,7.0,0.5,cusum_fgo,pooled,0,90003,2.719416193462742,0.6007328738425501,1.206116455181609,0.6830940590447663
E1,h7_k0p5,healthy_maneuver,48,7.0,0.5,cusum_fgo,macro,0,90003,2.306292773760141,0.6007328738425501,1.0957772392083143,0.6626456846449059
E1,h7_k0p5,healthy_maneuver,49,7.0,0.5,cusum_fgo,follower,1,30001,2.2144683258091225,1.1766920752379355,1.7292482157633373,1.240445176933072
E1,h7_k0p5,healthy_maneuver,49,7.0,0.5,cusum_fgo,follower,2,30001,1.676228465747984,0.9009281051297885,1.3192591877453952,0.9377840961735787
E1,h7_k0p5,healthy_maneuver,49,7.0,0.5,cusum_fgo,follower,3,30001,2.061980957867463,1.1113249842833464,1.6637466775140257,1.1650783047884725
E1,h7_k0p5,healthy_maneuver,49,7.0,0.5,cusum_fgo,pooled,0,90003,2.2144683258091225,1.0629817215503568,1.6495441920562384,1.121836396910797
E1,h7_k0p5,healthy_maneuver,49,7.0,0.5,cusum_fgo,macro,0,90003,1.9842259164748564,1.0629817215503568,1.5707513603409193,1.1144358592983743
E1,h7_k0p5,healthy_maneuver,50,7.0,0.5,cusum_fgo,follower,1,30001,2.2387649711560824,1.055131203411379,1.5850030077602324,1.0983085711544605
E1,h7_k0p5,healthy_maneuver,50,7.0,0.5,cusum_fgo,follower,2,30001,2.0080889665484185,1.0003452367049686,1.4712574144936243,1.0453075510785148
E1,h7_k0p5,healthy_maneuver,50,7.0,0.5,cusum_fgo,follower,3,30001,1.6400558824151767,0.8690441183366036,1.244034139188151,0.8984103319856023
E1,h7_k0p5,healthy_maneuver,50,7.0,0.5,cusum_fgo,pooled,0,90003,2.2387649711560824,0.9748401861509838,1.4620097659793163,1.017528168067367
E1,h7_k0p5,healthy_maneuver,50,7.0,0.5,cusum_fgo,macro,0,90003,1.9623032733732257,0.9748401861509836,1.4334315204806691,1.0140088180728593
E1,h7_k0p75,baseline_3f,1,7.0,0.75,cusum_fgo,follower,1,30001,2.5986218860750863,0.9607511613739834,1.5937874986690141,1.0305732234954572
E1,h7_k0p75,baseline_3f,1,7.0,0.75,cusum_fgo,follower,2,30001,2.218661869220414,0.8252406973292743,1.3605363802975698,0.8803751033379961
E1,h7_k0p75,baseline_3f,1,7.0,0.75,cusum_fgo,follower,3,30001,1.9017450577555537,0.862862226606594,1.3632265961820265,0.9150769456250184
E1,h7_k0p75,baseline_3f,1,7.0,0.75,cusum_fgo,pooled,0,90003,2.5986218860750863,0.8829513617699506,1.4513406951249423,0.9441940669123796
E1,h7_k0p75,baseline_3f,1,7.0,0.75,cusum_fgo,macro,0,90003,2.239676271017018,0.8829513617699506,1.4391834917162036,0.9420084241528239
E1,h7_k0p75,baseline_3f,2,7.0,0.75,cusum_fgo,follower,1,30001,2.2355993776023655,0.8227347029876262,1.444620349861085,0.8860123600641435
E1,h7_k0p75,baseline_3f,2,7.0,0.75,cusum_fgo,follower,2,30001,3.96074805686439,1.4362958705429965,2.4318498424733312,1.5389139734060113
E1,h7_k0p75,baseline_3f,2,7.0,0.75,cusum_fgo,follower,3,30001,2.687820698977366,0.9893973289799239,1.5511706430476235,1.0551453525997598
E1,h7_k0p75,baseline_3f,2,7.0,0.75,cusum_fgo,pooled,0,90003,3.96074805686439,1.082809300836849,1.914814361981337,1.1925610864638594
E1,h7_k0p75,baseline_3f,2,7.0,0.75,cusum_fgo,macro,0,90003,2.9613893778147067,1.082809300836849,1.8092136117940132,1.1600238953566382
E1,h7_k0p75,baseline_3f,3,7.0,0.75,cusum_fgo,follower,1,30001,2.3365520391427146,0.720048253298301,1.5595839715036592,0.8230314860755813
E1,h7_k0p75,baseline_3f,3,7.0,0.75,cusum_fgo,follower,2,30001,2.3806177417095293,0.8457039027961756,1.4279873064839315,0.9169678214815135
E1,h7_k0p75,baseline_3f,3,7.0,0.75,cusum_fgo,follower,3,30001,2.31538138006743,0.5003947223300869,1.0040065043266448,0.5819082478464302
E1,h7_k0p75,baseline_3f,3,7.0,0.75,cusum_fgo,pooled,0,90003,2.3806177417095293,0.6887156261415212,1.398688414816451,0.786729098147521
E1,h7_k0p75,baseline_3f,3,7.0,0.75,cusum_fgo,macro,0,90003,2.344183720306558,0.6887156261415212,1.3305259274380785,0.7739691851345083
E1,h7_k0p75,baseline_3f,4,7.0,0.75,cusum_fgo,follower,1,30001,3.2989296450031227,1.4053006546249307,2.048925908666961,1.4643096369819497
E1,h7_k0p75,baseline_3f,4,7.0,0.75,cusum_fgo,follower,2,30001,3.031463155007818,1.0189461517903822,1.726551004621856,1.0792196439362731
E1,h7_k0p75,baseline_3f,4,7.0,0.75,cusum_fgo,follower,3,30001,2.707878661101226,0.8914307269425612,1.598641970096103,0.9813639239722743
E1,h7_k0p75,baseline_3f,4,7.0,0.75,cusum_fgo,pooled,0,90003,3.2989296450031227,1.1052258444526246,1.85762427727401,1.1933137201494004
E1,h7_k0p75,baseline_3f,4,7.0,0.75,cusum_fgo,macro,0,90003,3.012757153704056,1.1052258444526248,1.7913729611283067,1.1749644016301657
E1,h7_k0p75,baseline_3f,5,7.0,0.75,cusum_fgo,follower,1,30001,4.820856076027048,1.713080699820977,3.2982687214870983,1.8859394530738636
E1,h7_k0p75,baseline_3f,5,7.0,0.75,cusum_fgo,follower,2,30001,4.713293266817855,0.7178705890647602,1.7292100578276386,0.9155193242186433
E1,h7_k0p75,baseline_3f,5,7.0,0.75,cusum_fgo,follower,3,30001,3.118139124143134,0.9034991356811379,1.3890934871858251,0.9632377591511923
E1,h7_k0p75,baseline_3f,5,7.0,0.75,cusum_fgo,pooled,0,90003,4.820856076027048,1.111483474855625,2.3611515725062397,1.3320122915264851
E1,h7_k0p75,baseline_3f,5,7.0,0.75,cusum_fgo,macro,0,90003,4.217429488996012,1.111483474855625,2.1388574221668537,1.254898845481233
E1,h7_k0p75,baseline_3f,6,7.0,0.75,cusum_fgo,follower,1,30001,2.6655631099639816,1.1286804957733103,1.916827262103169,1.2186030649252975
E1,h7_k0p75,baseline_3f,6,7.0,0.75,cusum_fgo,follower,2,30001,2.8930281023076647,1.514813371963227,2.2889702360700594,1.6076981802952408
E1,h7_k0p75,baseline_3f,6,7.0,0.75,cusum_fgo,follower,3,30001,1.9494718303829024,0.7934419610260701,1.3089270038094531,0.839082036371798
E1,h7_k0p75,baseline_3f,6,7.0,0.75,cusum_fgo,pooled,0,90003,2.8930281023076647,1.1456452762542024,2.0482935475206565,1.261446990897332
E1,h7_k0p75,baseline_3f,6,7.0,0.75,cusum_fgo,macro,0,90003,2.5026876808848493,1.1456452762542024,1.8382415006608939,1.2217944271974452
E1,h7_k0p75,baseline_3f,7,7.0,0.75,cusum_fgo,follower,1,30001,3.6865880817856853,0.8423053014590567,1.650508355405136,0.9792026024606605
E1,h7_k0p75,baseline_3f,7,7.0,0.75,cusum_fgo,follower,2,30001,2.519981584803374,1.3056305153740206,1.9548814058339654,1.3671831201326083
E1,h7_k0p75,baseline_3f,7,7.0,0.75,cusum_fgo,follower,3,30001,1.852713390447424,0.5281785335563907,1.0484532773663413,0.5927643821527164
E1,h7_k0p75,baseline_3f,7,7.0,0.75,cusum_fgo,pooled,0,90003,3.6865880817856853,0.8920381167964893,1.777485112351748,1.029465400647371
E1,h7_k0p75,baseline_3f,7,7.0,0.75,cusum_fgo,macro,0,90003,2.6864276856788276,0.8920381167964893,1.5512810128684809,0.9797167015819951
E1,h7_k0p75,baseline_3f,8,7.0,0.75,cusum_fgo,follower,1,30001,7.709261128718462,1.2142502796791688,1.9268102025955618,1.5291535010180768
E1,h7_k0p75,baseline_3f,8,7.0,0.75,cusum_fgo,follower,2,30001,3.6020801615169526,0.6695432774048644,1.5712831922296182,0.8256228334537323
E1,h7_k0p75,baseline_3f,8,7.0,0.75,cusum_fgo,follower,3,30001,2.675187059392414,0.8992683003017565,1.4835302155189032,0.9718471062122943
E1,h7_k0p75,baseline_3f,8,7.0,0.75,cusum_fgo,pooled,0,90003,7.709261128718462,0.9276872857952632,1.755782501366734,1.1495579281690884
E1,h7_k0p75,baseline_3f,8,7.0,0.75,cusum_fgo,macro,0,90003,4.66217611654261,0.9276872857952633,1.6605412034480278,1.1088744802280346
E1,h7_k0p75,baseline_3f,9,7.0,0.75,cusum_fgo,follower,1,30001,2.523881141756641,0.8719096394480228,1.4593559190552245,0.9456866670263765
E1,h7_k0p75,baseline_3f,9,7.0,0.75,cusum_fgo,follower,2,30001,3.0616498155407474,0.7634065415966367,1.6073662845940062,0.8688368057674666
E1,h7_k0p75,baseline_3f,9,7.0,0.75,cusum_fgo,follower,3,30001,2.629797655452314,0.7662466581126082,1.341659175169922,0.8330716711586952
E1,h7_k0p75,baseline_3f,9,7.0,0.75,cusum_fgo,pooled,0,90003,3.0616498155407474,0.8005209463857558,1.471509096986025,0.8837814730906453
E1,h7_k0p75,baseline_3f,9,7.0,0.75,cusum_fgo,macro,0,90003,2.738442870916568,0.8005209463857558,1.469460459606384,0.8825317146508461
E1,h7_k0p75,baseline_3f,10,7.0,0.75,cusum_fgo,follower,1,30001,1.921977815440943,0.6491458966804384,1.1545997169606959,0.6998080282468548
E1,h7_k0p75,baseline_3f,10,7.0,0.75,cusum_fgo,follower,2,30001,2.3431204746461503,1.002378171463578,1.622946300052317,1.0721606777377732
E1,h7_k0p75,baseline_3f,10,7.0,0.75,cusum_fgo,follower,3,30001,1.9497139956553051,0.43588167387082455,0.8564607131261665,0.5064624188347449
E1,h7_k0p75,baseline_3f,10,7.0,0.75,cusum_fgo,pooled,0,90003,2.3431204746461503,0.6958019140049471,1.4676323569706715,0.7949347933379636
E1,h7_k0p75,baseline_3f,10,7.0,0.75,cusum_fgo,macro,0,90003,2.071604095247466,0.6958019140049471,1.2113355767130598,0.7594770416064577
E1,h7_k0p75,baseline_3f,11,7.0,0.75,cusum_fgo,follower,1,30001,2.9555918103024847,0.9706136154998165,1.6406288624742624,1.0438793848548085
E1,h7_k0p75,baseline_3f,11,7.0,0.75,cusum_fgo,follower,2,30001,2.8911476318925264,1.1798803565117009,1.8008033687492895,1.2387470160600382
E1,h7_k0p75,baseline_3f,11,7.0,0.75,cusum_fgo,follower,3,30001,2.8422409793650685,0.6454344564151786,1.2823363689773166,0.7331762538196338
E1,h7_k0p75,baseline_3f,11,7.0,0.75,cusum_fgo,pooled,0,90003,2.9555918103024847,0.9319761428088986,1.6753519623709727,1.0266004998842042
E1,h7_k0p75,baseline_3f,11,7.0,0.75,cusum_fgo,macro,0,90003,2.8963268071866928,0.9319761428088986,1.5745895334002895,1.0052675515781602
E1,h7_k0p75,baseline_3f,12,7.0,0.75,cusum_fgo,follower,1,30001,3.5506389651089214,0.9792129305616041,1.9039277362159541,1.1171558425151815
E1,h7_k0p75,baseline_3f,12,7.0,0.75,cusum_fgo,follower,2,30001,2.877866947617087,0.7098683375151796,1.4167038594477848,0.7935357669513102
E1,h7_k0p75,baseline_3f,12,7.0,0.75,cusum_fgo,follower,3,30001,2.6177688756113557,1.007693976444401,1.4360999751802495,1.046953470498514
E1,h7_k0p75,baseline_3f,12,7.0,0.75,cusum_fgo,pooled,0,90003,3.5506389651089214,0.8989250815070615,1.561319888507863,0.9956317524208255
E1,h7_k0p75,baseline_3f,12,7.0,0.75,cusum_fgo,macro,0,90003,3.0154249294457878,0.8989250815070616,1.5855771902813294,0.9858816933216685
E1,h7_k0p75,baseline_3f,13,7.0,0.75,cusum_fgo,follower,1,30001,4.5878407384854,1.3207406023457164,1.9463714324721992,1.4137828962274082
E1,h7_k0p75,baseline_3f,13,7.0,0.75,cusum_fgo,follower,2,30001,2.288140281674252,0.7616905072585732,1.3371652199641615,0.827160674694744
E1,h7_k0p75,baseline_3f,13,7.0,0.75,cusum_fgo,follower,3,30001,3.277799041076976,0.9876160628041997,1.7974804552672086,1.1090685571082468
E1,h7_k0p75,baseline_3f,13,7.0,0.75,cusum_fgo,pooled,0,90003,4.5878407384854,1.0233490574694966,1.770863879850829,1.1420755847422113
E1,h7_k0p75,baseline_3f,13,7.0,0.75,cusum_fgo,macro,0,90003,3.3845933537455424,1.0233490574694966,1.6936723692345232,1.1166707093434662
E1,h7_k0p75,baseline_3f,14,7.0,0.75,cusum_fgo,follower,1,30001,5.281854715677059,0.8593149639876919,1.6698657188044508,1.0239525984311253
E1,h7_k0p75,baseline_3f,14,7.0,0.75,cusum_fgo,follower,2,30001,3.634244964810289,0.9025621870234798,1.9227174212347182,1.0672040998186154
E1,h7_k0p75,baseline_3f,14,7.0,0.75,cusum_fgo,follower,3,30001,2.404964583965727,1.079271461057384,1.8346331141354224,1.1526452014397168
E1,h7_k0p75,baseline_3f,14,7.0,0.75,cusum_fgo,pooled,0,90003,5.281854715677059,0.9470495373561851,1.8338666050849926,1.0825886376190357
E1,h7_k0p75,baseline_3f,14,7.0,0.75,cusum_fgo,macro,0,90003,3.7736880881510246,0.9470495373561851,1.8090720847248638,1.0812672998964858
E1,h7_k0p75,baseline_3f,15,7.0,0.75,cusum_fgo,follower,1,30001,3.1079789998219547,1.2062958615526274,2.069618622066756,1.2974928060148525
E1,h7_k0p75,baseline_3f,15,7.0,0.75,cusum_fgo,follower,2,30001,3.336715507726963,1.271731528927833,2.103169308574017,1.341438286823644
E1,h7_k0p75,baseline_3f,15,7.0,0.75,cusum_fgo,follower,3,30001,2.1769222566165376,0.5682143628089124,1.0800770540590952,0.6465663194625313
E1,h7_k0p75,baseline_3f,15,7.0,0.75,cusum_fgo,pooled,0,90003,3.336715507726963,1.0154139177631243,1.9297730407642766,1.140320461461013
E1,h7_k0p75,baseline_3f,15,7.0,0.75,cusum_fgo,macro,0,90003,2.8738722547218187,1.0154139177631243,1.750954994899956,1.0951658041003425
E1,h7_k0p75,baseline_3f,16,7.0,0.75,cusum_fgo,follower,1,30001,2.417359959285631,0.7679630532053165,1.490253977497658,0.8631458822476787
E1,h7_k0p75,baseline_3f,16,7.0,0.75,cusum_fgo,follower,2,30001,2.916503703783393,0.7723790171493176,1.300959958914983,0.8322832505766051
E1,h7_k0p75,baseline_3f,16,7.0,0.75,cusum_fgo,follower,3,30001,2.0095243573121717,0.6457238110854008,1.165348494402167,0.7129302466228127
E1,h7_k0p75,baseline_3f,16,7.0,0.75,cusum_fgo,pooled,0,90003,2.916503703783393,0.7286886271466784,1.3254139754091638,0.8053955052811317
E1,h7_k0p75,baseline_3f,16,7.0,0.75,cusum_fgo,macro,0,90003,2.447796006793732,0.7286886271466783,1.318854143604936,0.802786459815699
E1,h7_k0p75,baseline_3f,17,7.0,0.75,cusum_fgo,follower,1,30001,3.543239891039141,1.3368589305968686,1.9300523874171767,1.3958401744863767
E1,h7_k0p75,baseline_3f,17,7.0,0.75,cusum_fgo,follower,2,30001,3.297002871064874,1.0195010192395317,1.6861623549505207,1.1043997164302437
E1,h7_k0p75,baseline_3f,17,7.0,0.75,cusum_fgo,follower,3,30001,1.9329732519160976,0.9975054611497981,1.447347468480225,1.040790614326224
E1,h7_k0p75,baseline_3f,17,7.0,0.75,cusum_fgo,pooled,0,90003,3.543239891039141,1.1179551369953995,1.7319270335612253,1.1904220020971443
E1,h7_k0p75,baseline_3f,17,7.0,0.75,cusum_fgo,macro,0,90003,2.924405338006704,1.1179551369953995,1.6878540702826408,1.1803435017476147
E1,h7_k0p75,baseline_3f,18,7.0,0.75,cusum_fgo,follower,1,30001,5.141305241429706,1.418605493409617,2.4295905777295066,1.5916435273858647
E1,h7_k0p75,baseline_3f,18,7.0,0.75,cusum_fgo,follower,2,30001,3.5320474319462165,1.2179885986396797,1.943475191214121,1.2912097898418795
E1,h7_k0p75,baseline_3f,18,7.0,0.75,cusum_fgo,follower,3,30001,2.1489416611805567,0.5576321771076753,1.3272388876463663,0.6544136896106487
E1,h7_k0p75,baseline_3f,18,7.0,0.75,cusum_fgo,pooled,0,90003,5.141305241429706,1.0647420897189905,2.0459884477619448,1.2421498992744597
E1,h7_k0p75,baseline_3f,18,7.0,0.75,cusum_fgo,macro,0,90003,3.607431444852159,1.0647420897189905,1.9001015521966647,1.1790890022794642
E1,h7_k0p75,baseline_3f,19,7.0,0.75,cusum_fgo,follower,1,30001,3.324267653690503,1.0051410261579572,1.547609713435903,1.087902183331222
E1,h7_k0p75,baseline_3f,19,7.0,0.75,cusum_fgo,follower,2,30001,3.259199791926782,0.8782383740930876,1.5243569771198229,0.9729739864977645
E1,h7_k0p75,baseline_3f,19,7.0,0.75,cusum_fgo,follower,3,30001,2.5519772038259294,0.48431652490879196,0.8322296838740623,0.5609942143783775
E1,h7_k0p75,baseline_3f,19,7.0,0.75,cusum_fgo,pooled,0,90003,3.324267653690503,0.7892319750532788,1.4489119644798683,0.9027594820815056
E1,h7_k0p75,baseline_3f,19,7.0,0.75,cusum_fgo,macro,0,90003,3.045148216481072,0.789231975053279,1.301398791476596,0.873956794735788
E1,h7_k0p75,baseline_3f,20,7.0,0.75,cusum_fgo,follower,1,30001,4.796644021525058,1.4016717517525616,2.1378392509349355,1.5244653241840775
E1,h7_k0p75,baseline_3f,20,7.0,0.75,cusum_fgo,follower,2,30001,3.2909149285138746,0.8756537867570052,1.44638525608483,0.9560347353635159
E1,h7_k0p75,baseline_3f,20,7.0,0.75,cusum_fgo,follower,3,30001,2.8734184265543394,0.6969145478700063,1.3290742392514148,0.7776037452095318
E1,h7_k0p75,baseline_3f,20,7.0,0.75,cusum_fgo,pooled,0,90003,4.796644021525058,0.9914133621265243,1.8640835333933674,1.1317633033494154
E1,h7_k0p75,baseline_3f,20,7.0,0.75,cusum_fgo,macro,0,90003,3.6536591255310906,0.9914133621265244,1.6377662487570601,1.0860346015857085
E1,h7_k0p75,baseline_3f,21,7.0,0.75,cusum_fgo,follower,1,30001,5.655977795606269,1.728886032147619,2.5848394282524483,1.8997721082741517
E1,h7_k0p75,baseline_3f,21,7.0,0.75,cusum_fgo,follower,2,30001,7.800818509344639,1.2642199594968946,1.9912459150302801,1.5699367018778458
E1,h7_k0p75,baseline_3f,21,7.0,0.75,cusum_fgo,follower,3,30001,10.92123132322529,0.771452840316876,1.5060661283008514,1.5776830616003095
E1,h7_k0p75,baseline_3f,21,7.0,0.75,cusum_fgo,pooled,0,90003,10.92123132322529,1.2548529439871299,2.396591951708237,1.6894692612513975
E1,h7_k0p75,baseline_3f,21,7.0,0.75,cusum_fgo,macro,0,90003,8.126009209392066,1.2548529439871299,2.0273838238611934,1.682463957250769
E1,h7_k0p75,baseline_3f,22,7.0,0.75,cusum_fgo,follower,1,30001,3.501160003412086,0.9463651807993327,2.116272455395926,1.0839326658029098
E1,h7_k0p75,baseline_3f,22,7.0,0.75,cusum_fgo,follower,2,30001,4.898903598978944,1.1801503559422395,2.225759804354133,1.3108468538771236
E1,h7_k0p75,baseline_3f,22,7.0,0.75,cusum_fgo,follower,3,30001,5.388923133052152,1.2273854315393513,1.8145228552478976,1.3548129088174659
E1,h7_k0p75,baseline_3f,22,7.0,0.75,cusum_fgo,pooled,0,90003,5.388923133052152,1.1179669894269744,2.153045722337053,1.2554876232248833
E1,h7_k0p75,baseline_3f,22,7.0,0.75,cusum_fgo,macro,0,90003,4.5963289118143935,1.1179669894269746,2.0521850383326523,1.2498641428325
E1,h7_k0p75,baseline_3f,23,7.0,0.75,cusum_fgo,follower,1,30001,2.3198135663694126,0.8576758129458514,1.476237683482791,0.9295871598117077
E1,h7_k0p75,baseline_3f,23,7.0,0.75,cusum_fgo,follower,2,30001,2.1878557009485946,1.1111246763883902,1.5558275388278768,1.1464876898613463
E1,h7_k0p75,baseline_3f,23,7.0,0.75,cusum_fgo,follower,3,30001,2.096176591692566,0.5822152252147546,1.0286134814495564,0.63602868516428
E1,h7_k0p75,baseline_3f,23,7.0,0.75,cusum_fgo,pooled,0,90003,2.3198135663694126,0.8503385715163321,1.4763543953437996,0.9279186025800262
E1,h7_k0p75,baseline_3f,23,7.0,0.75,cusum_fgo,macro,0,90003,2.2012819530035244,0.850338571516332,1.353559567920075,0.9040345116124446
E1,h7_k0p75,baseline_3f,24,7.0,0.75,cusum_fgo,follower,1,30001,3.680569008676335,0.8562735547296539,1.615069527617651,0.9827052911281856
E1,h7_k0p75,baseline_3f,24,7.0,0.75,cusum_fgo,follower,2,30001,3.1422974909504955,0.7048110317018242,1.3105187378715366,0.7858485980100876
E1,h7_k0p75,baseline_3f,24,7.0,0.75,cusum_fgo,follower,3,30001,2.2411380362853186,0.8500836479796042,1.3769673412058876,0.8977714579669213
E1,h7_k0p75,baseline_3f,24,7.0,0.75,cusum_fgo,pooled,0,90003,3.680569008676335,0.8037227448036941,1.4433402228160002,0.8924239087910714
E1,h7_k0p75,baseline_3f,24,7.0,0.75,cusum_fgo,macro,0,90003,3.02133484530405,0.8037227448036942,1.4341852022316914,0.8887751157017315
E1,h7_k0p75,baseline_3f,25,7.0,0.75,cusum_fgo,follower,1,30001,3.0897559462112714,0.7581630055851808,1.5174988881404772,0.8839438296821615
E1,h7_k0p75,baseline_3f,25,7.0,0.75,cusum_fgo,follower,2,30001,2.6668420694082466,0.726115508037442,1.2715778885935447,0.7993016790598721
E1,h7_k0p75,baseline_3f,25,7.0,0.75,cusum_fgo,follower,3,30001,2.404498222011153,0.5685620237815948,1.110238306705592,0.6456461129981947
E1,h7_k0p75,baseline_3f,25,7.0,0.75,cusum_fgo,pooled,0,90003,3.0897559462112714,0.6842801791347393,1.3574489553937694,0.7825383422791019
E1,h7_k0p75,baseline_3f,25,7.0,0.75,cusum_fgo,macro,0,90003,2.7203654125435572,0.6842801791347393,1.2997716944798714,0.7762972072467429
E1,h7_k0p75,baseline_3f,26,7.0,0.75,cusum_fgo,follower,1,30001,4.648361490503184,0.9593062773781232,1.6993275834110244,1.0963052301102567
E1,h7_k0p75,baseline_3f,26,7.0,0.75,cusum_fgo,follower,2,30001,2.5878540664991947,0.8501744587792144,1.5356245774817194,0.9335732593695639
E1,h7_k0p75,baseline_3f,26,7.0,0.75,cusum_fgo,follower,3,30001,2.3762441902980536,0.818620974520478,1.4043304376212624,0.873356420519753
E1,h7_k0p75,baseline_3f,26,7.0,0.75,cusum_fgo,pooled,0,90003,4.648361490503184,0.876033903559272,1.5234417468249783,0.9723160709426556
E1,h7_k0p75,baseline_3f,26,7.0,0.75,cusum_fgo,macro,0,90003,3.2041532491001443,0.8760339035592718,1.546427532838002,0.9677449699998579
E1,h7_k0p75,baseline_3f,27,7.0,0.75,cusum_fgo,follower,1,30001,6.519708904561214,1.822779447702022,3.0633629128861695,2.040343219499589
E1,h7_k0p75,baseline_3f,27,7.0,0.75,cusum_fgo,follower,2,30001,4.95446252774206,1.0965143051995991,2.6208074782399335,1.2872924643645451
E1,h7_k0p75,baseline_3f,27,7.0,0.75,cusum_fgo,follower,3,30001,2.543079131525513,0.7917735628207634,1.3302289382750194,0.8607093213095857
E1,h7_k0p75,baseline_3f,27,7.0,0.75,cusum_fgo,pooled,0,90003,6.519708904561214,1.237022438574128,2.6582393485872853,1.4788444675891266
E1,h7_k0p75,baseline_3f,27,7.0,0.75,cusum_fgo,macro,0,90003,4.672416854609596,1.2370224385741282,2.338133109800374,1.3961150017245734
E1,h7_k0p75,baseline_3f,28,7.0,0.75,cusum_fgo,follower,1,30001,5.362710875940337,1.1849161329409996,2.05567047824068,1.4008045028429448
E1,h7_k0p75,baseline_3f,28,7.0,0.75,cusum_fgo,follower,2,30001,3.6555948103519276,1.3157661416251274,1.8574607469336526,1.3826592537518303
E1,h7_k0p75,baseline_3f,28,7.0,0.75,cusum_fgo,follower,3,30001,2.943581226663449,0.8919412121900212,1.4310175416734148,0.9719193119184821
E1,h7_k0p75,baseline_3f,28,7.0,0.75,cusum_fgo,pooled,0,90003,5.362710875940337,1.1308744955853827,1.8668155822102097,1.2673630124594313
E1,h7_k0p75,baseline_3f,28,7.0,0.75,cusum_fgo,macro,0,90003,3.9872956376519046,1.1308744955853827,1.7813829222825823,1.2517943561710858
E1,h7_k0p75,baseline_3f,29,7.0,0.75,cusum_fgo,follower,1,30001,4.1685651032141235,1.535592004014244,2.280428544277277,1.625500009745323
E1,h7_k0p75,baseline_3f,29,7.0,0.75,cusum_fgo,follower,2,30001,2.9602315436094155,0.6547197236455949,1.3781546363311192,0.7632121121170947
E1,h7_k0p75,baseline_3f,29,7.0,0.75,cusum_fgo,follower,3,30001,2.0822050957488893,0.7989253953032169,1.3587625591175805,0.8614125644310585
E1,h7_k0p75,baseline_3f,29,7.0,0.75,cusum_fgo,pooled,0,90003,4.1685651032141235,0.9964123743210186,1.9632580671335156,1.1498948670674165
E1,h7_k0p75,baseline_3f,29,7.0,0.75,cusum_fgo,macro,0,90003,3.0703339141908095,0.9964123743210186,1.672448579908659,1.0833748954311588
E1,h7_k0p75,baseline_3f,30,7.0,0.75,cusum_fgo,follower,1,30001,3.331326320088465,1.213185882511929,2.0405061688374895,1.2966103452795965
E1,h7_k0p75,baseline_3f,30,7.0,0.75,cusum_fgo,follower,2,30001,2.8020184831439434,1.0429278041415813,1.7323316876057058,1.1098981524314449
E1,h7_k0p75,baseline_3f,30,7.0,0.75,cusum_fgo,follower,3,30001,3.6214274787275715,0.661755102889945,1.333602843220355,0.7878160855624627
E1,h7_k0p75,baseline_3f,30,7.0,0.75,cusum_fgo,pooled,0,90003,3.6214274787275715,0.9726229298478184,1.7786240064412935,1.0853150818890906
E1,h7_k0p75,baseline_3f,30,7.0,0.75,cusum_fgo,macro,0,90003,3.2515907606533268,0.9726229298478183,1.7021468998878502,1.064774861091168
E1,h7_k0p75,baseline_3f,31,7.0,0.75,cusum_fgo,follower,1,30001,5.827479102489398,1.913158975991284,3.135430851236156,2.101512531006409
E1,h7_k0p75,baseline_3f,31,7.0,0.75,cusum_fgo,follower,2,30001,2.788518544286893,1.4306834003120945,2.0756613428741653,1.4882413982416347
E1,h7_k0p75,baseline_3f,31,7.0,0.75,cusum_fgo,follower,3,30001,2.451272377157947,0.9152108048845864,1.588674828484646,1.0090285639450594
E1,h7_k0p75,baseline_3f,31,7.0,0.75,cusum_fgo,pooled,0,90003,5.827479102489398,1.4196843937293215,2.72921666456448,1.5968047282280333
E1,h7_k0p75,baseline_3f,31,7.0,0.75,cusum_fgo,macro,0,90003,3.6890900079780793,1.4196843937293215,2.2665890075316555,1.5329274977310343
E1,h7_k0p75,baseline_3f,32,7.0,0.75,cusum_fgo,follower,1,30001,3.0646581466869147,0.8869840471670577,1.8137701576363499,1.0058571250705928
E1,h7_k0p75,baseline_3f,32,7.0,0.75,cusum_fgo,follower,2,30001,4.917104837833825,1.1585021513286533,2.2477618207108585,1.3366312622769099
E1,h7_k0p75,baseline_3f,32,7.0,0.75,cusum_fgo,follower,3,30001,3.1322479081694463,1.021709418963661,1.6518491334971592,1.0986082210607504
E1,h7_k0p75,baseline_3f,32,7.0,0.75,cusum_fgo,pooled,0,90003,4.917104837833825,1.022398539153124,2.0370564181178588,1.155461193742353
E1,h7_k0p75,baseline_3f,32,7.0,0.75,cusum_fgo,macro,0,90003,3.704670297563395,1.022398539153124,1.9044603706147891,1.147032202802751
E1,h7_k0p75,baseline_3f,33,7.0,0.75,cusum_fgo,follower,1,30001,3.7464054469047707,2.0057413449852457,3.0468101522907816,2.140362160972971
E1,h7_k0p75,baseline_3f,33,7.0,0.75,cusum_fgo,follower,2,30001,3.21619462158673,1.1477918285577975,1.7274176036918099,1.2206545706525675
E1,h7_k0p75,baseline_3f,33,7.0,0.75,cusum_fgo,follower,3,30001,2.9547982380615316,0.7253558897807537,1.47486570830054,0.8126693924072544
E1,h7_k0p75,baseline_3f,33,7.0,0.75,cusum_fgo,pooled,0,90003,3.7464054469047707,1.2929630211079324,2.755848320623625,1.4979518575191777
E1,h7_k0p75,baseline_3f,33,7.0,0.75,cusum_fgo,macro,0,90003,3.3057994355176774,1.2929630211079324,2.083031154761044,1.391228708010931
E1,h7_k0p75,baseline_3f,34,7.0,0.75,cusum_fgo,follower,1,30001,6.289411648363645,1.5360307375012265,4.095457061350991,1.8435905470175775
E1,h7_k0p75,baseline_3f,34,7.0,0.75,cusum_fgo,follower,2,30001,4.123818776602478,0.9766337685664866,2.2417331082569203,1.1440324206540302
E1,h7_k0p75,baseline_3f,34,7.0,0.75,cusum_fgo,follower,3,30001,2.123070709137083,1.1045328216649237,1.4859858186230668,1.1342960003969658
E1,h7_k0p75,baseline_3f,34,7.0,0.75,cusum_fgo,pooled,0,90003,6.289411648363645,1.2057324425775457,2.470831425943544,1.4135373714051147
E1,h7_k0p75,baseline_3f,34,7.0,0.75,cusum_fgo,macro,0,90003,4.178767044701069,1.2057324425775455,2.607725329410326,1.3739729893561912
E1,h7_k0p75,baseline_3f,35,7.0,0.75,cusum_fgo,follower,1,30001,2.669346869010802,0.6950837685901057,1.441282868306908,0.806234530602691
E1,h7_k0p75,baseline_3f,35,7.0,0.75,cusum_fgo,follower,2,30001,3.093840323395637,1.008324655682632,1.8240581167261882,1.1157502612177133
E1,h7_k0p75,baseline_3f,35,7.0,0.75,cusum_fgo,follower,3,30001,2.4705201532964867,0.7788893707795511,1.620862811223643,0.872171320705962
E1,h7_k0p75,baseline_3f,35,7.0,0.75,cusum_fgo,pooled,0,90003,3.093840323395637,0.8274325983507629,1.6479932030002569,0.9408498952906922
E1,h7_k0p75,baseline_3f,35,7.0,0.75,cusum_fgo,macro,0,90003,2.744569115234309,0.827432598350763,1.6287345987522464,0.931385370842122
E1,h7_k0p75,baseline_3f,36,7.0,0.75,cusum_fgo,follower,1,30001,5.281979801193297,1.8582427615417587,2.7006535151257363,1.9772871369805398
E1,h7_k0p75,baseline_3f,36,7.0,0.75,cusum_fgo,follower,2,30001,4.274144800554139,1.5460589398890927,2.407012701775851,1.65260643975013
E1,h7_k0p75,baseline_3f,36,7.0,0.75,cusum_fgo,follower,3,30001,3.384714088953185,0.7502112658773136,1.539423065380192,0.8753598619692197
E1,h7_k0p75,baseline_3f,36,7.0,0.75,cusum_fgo,pooled,0,90003,5.281979801193297,1.3848376557693882,2.4846299401589818,1.5713080914447335
E1,h7_k0p75,baseline_3f,36,7.0,0.75,cusum_fgo,macro,0,90003,4.313612896900207,1.3848376557693882,2.2156964274272597,1.5017511462332964
E1,h7_k0p75,baseline_3f,37,7.0,0.75,cusum_fgo,follower,1,30001,3.3800753148728577,1.0252355447228334,1.822937657055948,1.145023018524749
E1,h7_k0p75,baseline_3f,37,7.0,0.75,cusum_fgo,follower,2,30001,3.888285325244079,1.2143215089193389,1.9781876401890888,1.3028954326243556
E1,h7_k0p75,baseline_3f,37,7.0,0.75,cusum_fgo,follower,3,30001,3.4379137580685586,0.9839380797635885,2.121008701703062,1.1031643319209845
E1,h7_k0p75,baseline_3f,37,7.0,0.75,cusum_fgo,pooled,0,90003,3.888285325244079,1.0744983778019201,1.9545360041735491,1.1868144708318435
E1,h7_k0p75,baseline_3f,37,7.0,0.75,cusum_fgo,macro,0,90003,3.5687581327284987,1.0744983778019201,1.9740446663160327,1.183694261023363
E1,h7_k0p75,baseline_3f,38,7.0,0.75,cusum_fgo,follower,1,30001,3.3655105471811835,1.0316590314442537,1.5902477172384177,1.1104541695042198
E1,h7_k0p75,baseline_3f,38,7.0,0.75,cusum_fgo,follower,2,30001,2.6383002499037262,0.7439975389303352,1.5005150954172408,0.8368646539584533
E1,h7_k0p75,baseline_3f,38,7.0,0.75,cusum_fgo,follower,3,30001,2.0817671104659716,0.8831537966409996,1.4811740379413163,0.9379914781948752
E1,h7_k0p75,baseline_3f,38,7.0,0.75,cusum_fgo,pooled,0,90003,3.3655105471811835,0.8862701223385294,1.520128887396248,0.9683799056122062
E1,h7_k0p75,baseline_3f,38,7.0,0.75,cusum_fgo,macro,0,90003,2.695192635850294,0.8862701223385295,1.5239789501989918,0.9617701005525161
E1,h7_k0p75,baseline_3f,39,7.0,0.75,cusum_fgo,follower,1,30001,2.7674702372947424,1.131160605425362,1.8837414175176213,1.2139616076772626
E1,h7_k0p75,baseline_3f,39,7.0,0.75,cusum_fgo,follower,2,30001,3.196229856678035,0.9259208504536683,1.4454960825521037,0.9832071392385637
E1,h7_k0p75,baseline_3f,39,7.0,0.75,cusum_fgo,follower,3,30001,2.9125736593784946,0.7620167298020312,1.2894160402957853,0.8322117543846603
E1,h7_k0p75,baseline_3f,39,7.0,0.75,cusum_fgo,pooled,0,90003,3.196229856678035,0.9396993952270207,1.6664677255027673,1.0219222846674854
E1,h7_k0p75,baseline_3f,39,7.0,0.75,cusum_fgo,macro,0,90003,2.9587579177837573,0.9396993952270205,1.539551180121837,1.0097935004334957
E1,h7_k0p75,baseline_3f,40,7.0,0.75,cusum_fgo,follower,1,30001,3.332957777833698,0.8212228471102958,1.633653030095949,0.9499776418539998
E1,h7_k0p75,baseline_3f,40,7.0,0.75,cusum_fgo,follower,2,30001,5.873039197894626,1.498892953917589,3.038745148472104,1.7248361608247347
E1,h7_k0p75,baseline_3f,40,7.0,0.75,cusum_fgo,follower,3,30001,2.7644385714794146,0.5562366548477856,1.1319376078937933,0.6396750892134534
E1,h7_k0p75,baseline_3f,40,7.0,0.75,cusum_fgo,pooled,0,90003,5.873039197894626,0.9587841519585568,2.2175367508663086,1.1953662648565553
E1,h7_k0p75,baseline_3f,40,7.0,0.75,cusum_fgo,macro,0,90003,3.9901451824025798,0.9587841519585568,1.9347785954872823,1.1048296306307293
E1,h7_k0p75,baseline_3f,41,7.0,0.75,cusum_fgo,follower,1,30001,3.7358251819309642,1.426765593063035,2.2770536295568777,1.524480341846628
E1,h7_k0p75,baseline_3f,41,7.0,0.75,cusum_fgo,follower,2,30001,4.169946925922633,0.7718337752736689,1.9230319838635332,0.9427551705788129
E1,h7_k0p75,baseline_3f,41,7.0,0.75,cusum_fgo,follower,3,30001,2.5784153548297533,0.8584258381935036,1.7012902906934673,0.9424761404963106
E1,h7_k0p75,baseline_3f,41,7.0,0.75,cusum_fgo,pooled,0,90003,4.169946925922633,1.019008402176736,2.081109944904536,1.1692004247539882
E1,h7_k0p75,baseline_3f,41,7.0,0.75,cusum_fgo,macro,0,90003,3.4947291542277834,1.0190084021767358,1.9671253013712928,1.1365705509739172
E1,h7_k0p75,baseline_3f,42,7.0,0.75,cusum_fgo,follower,1,30001,4.4378522039367,1.0702092652427824,1.7242038780119668,1.1694595738583762
E1,h7_k0p75,baseline_3f,42,7.0,0.75,cusum_fgo,follower,2,30001,3.36354821781483,0.8254150255290509,1.6049581082469466,0.9241099488812204
E1,h7_k0p75,baseline_3f,42,7.0,0.75,cusum_fgo,follower,3,30001,2.4217902914352636,0.7186994549458005,1.6237245816921229,0.8249286585050928
E1,h7_k0p75,baseline_3f,42,7.0,0.75,cusum_fgo,pooled,0,90003,4.4378522039367,0.8714412485725447,1.6752609610104494,0.9835517583623953
E1,h7_k0p75,baseline_3f,42,7.0,0.75,cusum_fgo,macro,0,90003,3.407730237728931,0.8714412485725446,1.6509621893170123,0.972832727081563
E1,h7_k0p75,baseline_3f,43,7.0,0.75,cusum_fgo,follower,1,30001,1.9694825720434546,0.8532888467590605,1.357490363740452,0.9002861956281757
E1,h7_k0p75,baseline_3f,43,7.0,0.75,cusum_fgo,follower,2,30001,2.9741154359643223,1.1378696620120574,1.657378584903964,1.1914243974589633
E1,h7_k0p75,baseline_3f,43,7.0,0.75,cusum_fgo,follower,3,30001,2.015053029042611,0.5342003944231019,1.004281532261827,0.6032175312637943
E1,h7_k0p75,baseline_3f,43,7.0,0.75,cusum_fgo,pooled,0,90003,2.9741154359643223,0.84178630106474,1.5290938678176476,0.9298528053627797
E1,h7_k0p75,baseline_3f,43,7.0,0.75,cusum_fgo,macro,0,90003,2.3195503456834627,0.8417863010647398,1.3397168269687478,0.8983093747836444
E1,h7_k0p75,baseline_3f,44,7.0,0.75,cusum_fgo,follower,1,30001,3.081749901826646,1.1305103880141896,1.7973582862575832,1.196256598854456
E1,h7_k0p75,baseline_3f,44,7.0,0.75,cusum_fgo,follower,2,30001,3.1193382945625605,1.0513021484949328,1.6104186744187876,1.1230543899508032
E1,h7_k0p75,baseline_3f,44,7.0,0.75,cusum_fgo,follower,3,30001,2.7479101908104355,0.9513040654516518,1.4368966347041117,1.0011483655878084
E1,h7_k0p75,baseline_3f,44,7.0,0.75,cusum_fgo,pooled,0,90003,3.1193382945625605,1.0443722006535914,1.6291091513497538,1.1097415709689264
E1,h7_k0p75,baseline_3f,44,7.0,0.75,cusum_fgo,macro,0,90003,2.982999462399881,1.0443722006535914,1.6148911984601606,1.106819784797689
E1,h7_k0p75,baseline_3f,45,7.0,0.75,cusum_fgo,follower,1,30001,4.4423121650913,1.7604023945385054,2.6609817643972207,1.8897569880491862
E1,h7_k0p75,baseline_3f,45,7.0,0.75,cusum_fgo,follower,2,30001,3.193257363670645,0.8382190212086754,1.5663139846069478,0.9428437033007285
E1,h7_k0p75,baseline_3f,45,7.0,0.75,cusum_fgo,follower,3,30001,2.706946570047908,1.2172859727779832,1.6436614167114214,1.257958259504783
E1,h7_k0p75,baseline_3f,45,7.0,0.75,cusum_fgo,pooled,0,90003,4.4423121650913,1.271969129508388,2.384329679050171,1.4192245189293655
E1,h7_k0p75,baseline_3f,45,7.0,0.75,cusum_fgo,macro,0,90003,3.447505366269951,1.2719691295083881,1.9569857219051967,1.3635196502848992
E1,h7_k0p75,baseline_3f,46,7.0,0.75,cusum_fgo,follower,1,30001,3.253230458222651,1.135291671246409,1.7995741932817997,1.210814884708402
E1,h7_k0p75,baseline_3f,46,7.0,0.75,cusum_fgo,follower,2,30001,3.138093767631856,1.2150147741015813,1.7859260499563243,1.273064720954774
E1,h7_k0p75,baseline_3f,46,7.0,0.75,cusum_fgo,follower,3,30001,3.223619353374758,0.9019670734336105,1.4550106747331266,0.9729194706953534
E1,h7_k0p75,baseline_3f,46,7.0,0.75,cusum_fgo,pooled,0,90003,3.253230458222651,1.0840911729272005,1.724625602515683,1.1595025895082776
E1,h7_k0p75,baseline_3f,46,7.0,0.75,cusum_fgo,macro,0,90003,3.204981193076422,1.0840911729272003,1.6801703059904167,1.1522663587861766
E1,h7_k0p75,baseline_3f,47,7.0,0.75,cusum_fgo,follower,1,30001,2.868560870335095,0.918409594804151,1.6475385622182066,0.9976514690206962
E1,h7_k0p75,baseline_3f,47,7.0,0.75,cusum_fgo,follower,2,30001,2.8654023430968922,0.8533147399289419,1.4938271620553165,0.9293919918777102
E1,h7_k0p75,baseline_3f,47,7.0,0.75,cusum_fgo,follower,3,30001,2.5790581486654798,0.7677165993231637,1.3103759291319055,0.8381318543320387
E1,h7_k0p75,baseline_3f,47,7.0,0.75,cusum_fgo,pooled,0,90003,2.868560870335095,0.8464803113520855,1.4858469322700398,0.9240387678468245
E1,h7_k0p75,baseline_3f,47,7.0,0.75,cusum_fgo,macro,0,90003,2.771007120699156,0.8464803113520856,1.4839138844684763,0.921725105076815
E1,h7_k0p75,baseline_3f,48,7.0,0.75,cusum_fgo,follower,1,30001,4.426005441132144,0.9043673566633567,1.8922167701216248,1.107104392176515
E1,h7_k0p75,baseline_3f,48,7.0,0.75,cusum_fgo,follower,2,30001,2.8506640101796497,0.7247375043821401,1.3155420814878398,0.8119582360090832
E1,h7_k0p75,baseline_3f,48,7.0,0.75,cusum_fgo,follower,3,30001,1.9240796102387652,0.4542161418945926,0.9155370929941241,0.5157447416157561
E1,h7_k0p75,baseline_3f,48,7.0,0.75,cusum_fgo,pooled,0,90003,4.426005441132144,0.6944403343133632,1.4518071723839268,0.8467484771571417
E1,h7_k0p75,baseline_3f,48,7.0,0.75,cusum_fgo,macro,0,90003,3.066916353850186,0.694440334313363,1.3744319815345296,0.8116024566004514
E1,h7_k0p75,baseline_3f,49,7.0,0.75,cusum_fgo,follower,1,30001,2.6776401528997393,1.2509540422751722,1.9195974783303933,1.3305442784554897
E1,h7_k0p75,baseline_3f,49,7.0,0.75,cusum_fgo,follower,2,30001,3.7721437348591738,0.94336081583179,1.506172487503916,1.0173975063128948
E1,h7_k0p75,baseline_3f,49,7.0,0.75,cusum_fgo,follower,3,30001,2.896510130084402,1.1455632652402008,1.769865166523853,1.2142251137962317
E1,h7_k0p75,baseline_3f,49,7.0,0.75,cusum_fgo,pooled,0,90003,3.7721437348591738,1.1132927077823878,1.8038023170156052,1.1944019967827426
E1,h7_k0p75,baseline_3f,49,7.0,0.75,cusum_fgo,macro,0,90003,3.1154313392811055,1.1132927077823878,1.7318783774527207,1.1873889661882053
E1,h7_k0p75,baseline_3f,50,7.0,0.75,cusum_fgo,follower,1,30001,2.6990812185634963,1.1161804621300224,1.8245172370769225,1.175193182598814
E1,h7_k0p75,baseline_3f,50,7.0,0.75,cusum_fgo,follower,2,30001,2.751224295587662,1.082201077399884,1.8546766544868398,1.1595893058913882
E1,h7_k0p75,baseline_3f,50,7.0,0.75,cusum_fgo,follower,3,30001,2.452639581305604,0.9183721536975785,1.4821795373655007,0.9728544820371423
E1,h7_k0p75,baseline_3f,50,7.0,0.75,cusum_fgo,pooled,0,90003,2.751224295587662,1.038917897742495,1.7735947805703667,1.10637127854745
E1,h7_k0p75,baseline_3f,50,7.0,0.75,cusum_fgo,macro,0,90003,2.634315031818921,1.0389178977424949,1.7204578096430876,1.102545656842448
E1,h7_k0p75,healthy_maneuver,1,7.0,0.75,cusum_fgo,follower,1,30001,2.266116464551638,0.912004844225307,1.4457096687535855,0.9690287351804797
E1,h7_k0p75,healthy_maneuver,1,7.0,0.75,cusum_fgo,follower,2,30001,1.7515371487652682,0.7871912103571236,1.212499249396044,0.8335916080781197
E1,h7_k0p75,healthy_maneuver,1,7.0,0.75,cusum_fgo,follower,3,30001,1.620915959071593,0.8210394715712704,1.265098114454421,0.8668005928614919
E1,h7_k0p75,healthy_maneuver,1,7.0,0.75,cusum_fgo,pooled,0,90003,2.266116464551638,0.8400785087179004,1.3246538221329103,0.8916716373285963
E1,h7_k0p75,healthy_maneuver,1,7.0,0.75,cusum_fgo,macro,0,90003,1.8795231907961663,0.8400785087179004,1.307769010868017,0.8898069787066971
E1,h7_k0p75,healthy_maneuver,2,7.0,0.75,cusum_fgo,follower,1,30001,2.2355993776055323,0.7889023313972878,1.3663253801148811,0.8456529382771214
E1,h7_k0p75,healthy_maneuver,2,7.0,0.75,cusum_fgo,follower,2,30001,2.432641736078483,1.3419354187674533,1.8919103461792417,1.3948648879495387
E1,h7_k0p75,healthy_maneuver,2,7.0,0.75,cusum_fgo,follower,3,30001,2.3324430124165225,0.9488140067244051,1.4637755176405183,1.0017407999993777
E1,h7_k0p75,healthy_maneuver,2,7.0,0.75,cusum_fgo,pooled,0,90003,2.432641736078483,1.0265505856297157,1.7423481898687523,1.1051789565547896
E1,h7_k0p75,healthy_maneuver,2,7.0,0.75,cusum_fgo,macro,0,90003,2.333561375366846,1.0265505856297155,1.5740037479782136,1.0807528754086793
E1,h7_k0p75,healthy_maneuver,3,7.0,0.75,cusum_fgo,follower,1,30001,1.9108397541720474,0.6198822262972676,1.1665766870006966,0.688548445000653
E1,h7_k0p75,healthy_maneuver,3,7.0,0.75,cusum_fgo,follower,2,30001,1.7512515565911742,0.7773090908733752,1.2396161854406884,0.8267250488583614
E1,h7_k0p75,healthy_maneuver,3,7.0,0.75,cusum_fgo,follower,3,30001,1.4149717242265074,0.42361491584889216,0.7440959084872778,0.460624788331064
E1,h7_k0p75,healthy_maneuver,3,7.0,0.75,cusum_fgo,pooled,0,90003,1.9108397541720474,0.6069354110065117,1.1545536585813287,0.6757091245863402
E1,h7_k0p75,healthy_maneuver,3,7.0,0.75,cusum_fgo,macro,0,90003,1.6923543449965763,0.6069354110065117,1.0500962603095543,0.6586327607300261
E1,h7_k0p75,healthy_maneuver,4,7.0,0.75,cusum_fgo,follower,1,30001,2.660201834508401,1.3490474147718927,1.8664136942180454,1.3896744979926812
E1,h7_k0p75,healthy_maneuver,4,7.0,0.75,cusum_fgo,follower,2,30001,1.6468104245088548,0.9424005873525845,1.3353234900578812,0.9752607171971881
E1,h7_k0p75,healthy_maneuver,4,7.0,0.75,cusum_fgo,follower,3,30001,1.9499777096975572,0.8565163599146564,1.4088289865162957,0.9196336587428771
E1,h7_k0p75,healthy_maneuver,4,7.0,0.75,cusum_fgo,pooled,0,90003,2.660201834508401,1.0493214540130447,1.6752593106092066,1.1147577828347577
E1,h7_k0p75,healthy_maneuver,4,7.0,0.75,cusum_fgo,macro,0,90003,2.0856633229049377,1.0493214540130447,1.5368553902640743,1.0948562913109157
E1,h7_k0p75,healthy_maneuver,5,7.0,0.75,cusum_fgo,follower,1,30001,2.60008458374243,1.5438124947872878,2.2360077750888943,1.6332751455872507
E1,h7_k0p75,healthy_maneuver,5,7.0,0.75,cusum_fgo,follower,2,30001,1.6192594696140226,0.4615410278936897,0.8239968428067035,0.5031958388887292
E1,h7_k0p75,healthy_maneuver,5,7.0,0.75,cusum_fgo,follower,3,30001,1.4864866918391197,0.8258734596830414,1.1379485061086356,0.8457311203887484
E1,h7_k0p75,healthy_maneuver,5,7.0,0.75,cusum_fgo,pooled,0,90003,2.60008458374243,0.9437423274546729,2.0795556363164707,1.1009170240398072
E1,h7_k0p75,healthy_maneuver,5,7.0,0.75,cusum_fgo,macro,0,90003,1.9019435817318573,0.943742327454673,1.3993177080014112,0.9940673682882428
E1,h7_k0p75,healthy_maneuver,6,7.0,0.75,cusum_fgo,follower,1,30001,2.5966525394488036,1.0499052762856047,1.8227093780535688,1.1409208078545674
E1,h7_k0p75,healthy_maneuver,6,7.0,0.75,cusum_fgo,follower,2,30001,2.567903762953845,1.45741790700054,2.0820780442742968,1.5398497806358769
E1,h7_k0p75,healthy_maneuver,6,7.0,0.75,cusum_fgo,follower,3,30001,1.8674412035450936,0.7558069336598562,1.1635292330999074,0.7923558827234733
E1,h7_k0p75,healthy_maneuver,6,7.0,0.75,cusum_fgo,pooled,0,90003,2.5966525394488036,1.0877100389820002,1.9416865588774428,1.1973116388540859
E1,h7_k0p75,healthy_maneuver,6,7.0,0.75,cusum_fgo,macro,0,90003,2.343999168649247,1.0877100389820005,1.6894388851425912,1.1577088237379725
E1,h7_k0p75,healthy_maneuver,7,7.0,0.75,cusum_fgo,follower,1,30001,1.9914564517048179,0.7645519189408106,1.329461540689393,0.8268286134841296
E1,h7_k0p75,healthy_maneuver,7,7.0,0.75,cusum_fgo,follower,2,30001,2.590950856705331,1.2566603324442076,1.8596652222764718,1.3202779504766964
E1,h7_k0p75,healthy_maneuver,7,7.0,0.75,cusum_fgo,follower,3,30001,1.318383669153354,0.5034602623254659,0.9743312559586528,0.5573870254423609
E1,h7_k0p75,healthy_maneuver,7,7.0,0.75,cusum_fgo,pooled,0,90003,2.590950856705331,0.8415575045701614,1.668523407112639,0.9552416306398637
E1,h7_k0p75,healthy_maneuver,7,7.0,0.75,cusum_fgo,macro,0,90003,1.966930325854501,0.8415575045701614,1.3878193396415057,0.9014978631343956
E1,h7_k0p75,healthy_maneuver,8,7.0,0.75,cusum_fgo,follower,1,30001,2.537888930792906,1.0614516661055167,1.7417299583600963,1.131315881177316
E1,h7_k0p75,healthy_maneuver,8,7.0,0.75,cusum_fgo,follower,2,30001,2.0624353560576645,0.5493906337886888,1.0385501344061163,0.6082833997284844
E1,h7_k0p75,healthy_maneuver,8,7.0,0.75,cusum_fgo,follower,3,30001,1.7053174958724417,0.8115695604350428,1.2392824503660311,0.8510545567452205
E1,h7_k0p75,healthy_maneuver,8,7.0,0.75,cusum_fgo,pooled,0,90003,2.537888930792906,0.8074706201097495,1.5148167272971795,0.8896025659334349
E1,h7_k0p75,healthy_maneuver,8,7.0,0.75,cusum_fgo,macro,0,90003,2.101880594241004,0.8074706201097493,1.3398541810440812,0.863551279217007
E1,h7_k0p75,healthy_maneuver,9,7.0,0.75,cusum_fgo,follower,1,30001,2.1088048543249087,0.8008074379022597,1.3211471918892947,0.8593963386423303
E1,h7_k0p75,healthy_maneuver,9,7.0,0.75,cusum_fgo,follower,2,30001,1.9512690012223948,0.6843346777394452,1.3507045475329722,0.7614120253878871
E1,h7_k0p75,healthy_maneuver,9,7.0,0.75,cusum_fgo,follower,3,30001,1.7094541992992471,0.7165484590439366,1.2336729499454158,0.7657866046128321
E1,h7_k0p75,healthy_maneuver,9,7.0,0.75,cusum_fgo,pooled,0,90003,2.1088048543249087,0.7338968582285471,1.2989640194385432,0.796814378861555
E1,h7_k0p75,healthy_maneuver,9,7.0,0.75,cusum_fgo,macro,0,90003,1.9231760182821835,0.7338968582285471,1.3018415631225608,0.7955316562143498
E1,h7_k0p75,healthy_maneuver,10,7.0,0.75,cusum_fgo,follower,1,30001,1.9219778180476146,0.6095548104970862,1.061541339638323,0.6568839635910645
E1,h7_k0p75,healthy_maneuver,10,7.0,0.75,cusum_fgo,follower,2,30001,1.935256613939816,0.9836393019892732,1.6143785559193442,1.0486140879785835
E1,h7_k0p75,healthy_maneuver,10,7.0,0.75,cusum_fgo,follower,3,30001,1.1208860828293268,0.38007115525897905,0.711748217662756,0.42304805632190445
E1,h7_k0p75,healthy_maneuver,10,7.0,0.75,cusum_fgo,pooled,0,90003,1.935256613939816,0.6577550892484461,1.4315784943387182,0.7549961821289792
E1,h7_k0p75,healthy_maneuver,10,7.0,0.75,cusum_fgo,macro,0,90003,1.6593735049389193,0.6577550892484462,1.1292227044068077,0.7095153692971842
E1,h7_k0p75,healthy_maneuver,11,7.0,0.75,cusum_fgo,follower,1,30001,2.223835289144577,0.9206633791937924,1.4770424278906444,0.9730062252337327
E1,h7_k0p75,healthy_maneuver,11,7.0,0.75,cusum_fgo,follower,2,30001,2.5131038621099075,1.129254020657719,1.7158402851259162,1.1783012785059788
E1,h7_k0p75,healthy_maneuver,11,7.0,0.75,cusum_fgo,follower,3,30001,1.5772027162092797,0.5915090680280041,1.1168862086609797,0.6459264237734537
E1,h7_k0p75,healthy_maneuver,11,7.0,0.75,cusum_fgo,pooled,0,90003,2.5131038621099075,0.8804754892931719,1.562949889328341,0.957837140332528
E1,h7_k0p75,healthy_maneuver,11,7.0,0.75,cusum_fgo,macro,0,90003,2.104713955821255,0.8804754892931719,1.4365896405591798,0.9324113091710551
E1,h7_k0p75,healthy_maneuver,12,7.0,0.75,cusum_fgo,follower,1,30001,2.181068477627953,0.9041104161348611,1.4965123659545025,0.9688009525408102
E1,h7_k0p75,healthy_maneuver,12,7.0,0.75,cusum_fgo,follower,2,30001,1.715441352920476,0.6232237646625387,1.0510121343912293,0.6684403405971943
E1,h7_k0p75,healthy_maneuver,12,7.0,0.75,cusum_fgo,follower,3,30001,1.7915619389131638,0.9921813814546397,1.352861966334639,1.022220733681494
E1,h7_k0p75,healthy_maneuver,12,7.0,0.75,cusum_fgo,pooled,0,90003,2.181068477627953,0.8398385207506799,1.3674691274130033,0.9000598133735346
E1,h7_k0p75,healthy_maneuver,12,7.0,0.75,cusum_fgo,macro,0,90003,1.8960239231538643,0.8398385207506799,1.3001288222267904,0.8864873422731661
E1,h7_k0p75,healthy_maneuver,13,7.0,0.75,cusum_fgo,follower,1,30001,2.1902631029510116,1.2355241127239884,1.7545369620867695,1.2782509751812594
E1,h7_k0p75,healthy_maneuver,13,7.0,0.75,cusum_fgo,follower,2,30001,2.110574287714579,0.729772514314984,1.3212836338495844,0.7943329117185661
E1,h7_k0p75,healthy_maneuver,13,7.0,0.75,cusum_fgo,follower,3,30001,2.284273282827375,0.9255888530111243,1.6004983812558418,1.0083752676705553
E1,h7_k0p75,healthy_maneuver,13,7.0,0.75,cusum_fgo,pooled,0,90003,2.284273282827375,0.9636284933500322,1.6447410625168832,1.0458984990015046
E1,h7_k0p75,healthy_maneuver,13,7.0,0.75,cusum_fgo,macro,0,90003,2.1950368911643214,0.9636284933500322,1.5587729923973985,1.0269863848567935
E1,h7_k0p75,healthy_maneuver,14,7.0,0.75,cusum_fgo,follower,1,30001,2.344608096213897,0.7482730662608362,1.3630933807099703,0.8222541014624764
E1,h7_k0p75,healthy_maneuver,14,7.0,0.75,cusum_fgo,follower,2,30001,2.5336380991274936,0.8111974042324224,1.7118499709495865,0.9369886330161374
E1,h7_k0p75,healthy_maneuver,14,7.0,0.75,cusum_fgo,follower,3,30001,1.932482271414455,1.0016854822917256,1.5264492659316664,1.050556022384297
E1,h7_k0p75,healthy_maneuver,14,7.0,0.75,cusum_fgo,pooled,0,90003,2.5336380991274936,0.8537186509283281,1.5866211950285305,0.9412257012253098
E1,h7_k0p75,healthy_maneuver,14,7.0,0.75,cusum_fgo,macro,0,90003,2.2702428222519484,0.8537186509283282,1.5337975391970744,0.9365995856209702
E1,h7_k0p75,healthy_maneuver,15,7.0,0.75,cusum_fgo,follower,1,30001,2.3402970611767855,1.1090773012833588,1.7287140286915008,1.1681971587504114
E1,h7_k0p75,healthy_maneuver,15,7.0,0.75,cusum_fgo,follower,2,30001,2.4726940489971256,1.2268253820993198,1.8619350287472685,1.281421751386843
E1,h7_k0p75,healthy_maneuver,15,7.0,0.75,cusum_fgo,follower,3,30001,1.26702485463195,0.5152232803422586,0.9323219724588977,0.5614932781712405
E1,h7_k0p75,healthy_maneuver,15,7.0,0.75,cusum_fgo,pooled,0,90003,2.4726940489971256,0.9503753212416458,1.695900690361928,1.0522992299517826
E1,h7_k0p75,healthy_maneuver,15,7.0,0.75,cusum_fgo,macro,0,90003,2.0266719882686206,0.9503753212416456,1.5076570099658888,1.0037040627694982
E1,h7_k0p75,healthy_maneuver,16,7.0,0.75,cusum_fgo,follower,1,30001,2.218546844466134,0.7448029835682984,1.4833977010240063,0.8416959417105948
E1,h7_k0p75,healthy_maneuver,16,7.0,0.75,cusum_fgo,follower,2,30001,2.25262963345268,0.7182517924595767,1.1153104765531772,0.7604623946030593
E1,h7_k0p75,healthy_maneuver,16,7.0,0.75,cusum_fgo,follower,3,30001,1.4520345801918844,0.6244908172770514,1.087729153825761,0.6764946237485281
E1,h7_k0p75,healthy_maneuver,16,7.0,0.75,cusum_fgo,pooled,0,90003,2.25262963345268,0.6958485311016422,1.2248742172868976,0.7625396356601553
E1,h7_k0p75,healthy_maneuver,16,7.0,0.75,cusum_fgo,macro,0,90003,1.9744036860368992,0.6958485311016421,1.2288124438009815,0.759550986687394
E1,h7_k0p75,healthy_maneuver,17,7.0,0.75,cusum_fgo,follower,1,30001,2.3094870144807937,1.2515779326488221,1.7493278740420488,1.2899042128748837
E1,h7_k0p75,healthy_maneuver,17,7.0,0.75,cusum_fgo,follower,2,30001,2.0547218371904665,0.9397343989165168,1.3486327664383724,0.9768260569687321
E1,h7_k0p75,healthy_maneuver,17,7.0,0.75,cusum_fgo,follower,3,30001,1.7323462943275154,0.9533364743431673,1.3445202365029634,0.9906773500190058
E1,h7_k0p75,healthy_maneuver,17,7.0,0.75,cusum_fgo,pooled,0,90003,2.3094870144807937,1.0482162686361687,1.5709076731990035,1.0953665498827525
E1,h7_k0p75,healthy_maneuver,17,7.0,0.75,cusum_fgo,macro,0,90003,2.0321850486662587,1.0482162686361687,1.4808269589944614,1.085802539954207
E1,h7_k0p75,healthy_maneuver,18,7.0,0.75,cusum_fgo,follower,1,30001,2.66411629425261,1.3162306975093987,2.118970661465736,1.4079961096854658
E1,h7_k0p75,healthy_maneuver,18,7.0,0.75,cusum_fgo,follower,2,30001,1.9759680876488182,1.1170744456459176,1.571107233284262,1.156993412532638
E1,h7_k0p75,healthy_maneuver,18,7.0,0.75,cusum_fgo,follower,3,30001,1.163312576559893,0.4603844291649797,0.8630404787319188,0.5072721397911643
E1,h7_k0p75,healthy_maneuver,18,7.0,0.75,cusum_fgo,pooled,0,90003,2.66411629425261,0.9645631907734321,1.8718226431620615,1.092155639906943
E1,h7_k0p75,healthy_maneuver,18,7.0,0.75,cusum_fgo,macro,0,90003,1.9344656528204407,0.9645631907734321,1.5177061244939722,1.0240872206697562
E1,h7_k0p75,healthy_maneuver,19,7.0,0.75,cusum_fgo,follower,1,30001,1.733846498967804,0.9279200584662111,1.371802057376153,0.9615178105361116
E1,h7_k0p75,healthy_maneuver,19,7.0,0.75,cusum_fgo,follower,2,30001,1.6361156101873537,0.7987935149506311,1.2689386996968839,0.8443955037845536
E1,h7_k0p75,healthy_maneuver,19,7.0,0.75,cusum_fgo,follower,3,30001,1.2530966412776114,0.4552286217240566,0.8062778536611602,0.49669814224946923
E1,h7_k0p75,healthy_maneuver,19,7.0,0.75,cusum_fgo,pooled,0,90003,1.733846498967804,0.7273140650469662,1.260182875634632,0.7925127362391517
E1,h7_k0p75,healthy_maneuver,19,7.0,0.75,cusum_fgo,macro,0,90003,1.54101958347759,0.7273140650469663,1.1490062035780657,0.7675371521900449
E1,h7_k0p75,healthy_maneuver,20,7.0,0.75,cusum_fgo,follower,1,30001,2.565408772636586,1.2865340552496654,1.9552558685963466,1.3510062606494488
E1,h7_k0p75,healthy_maneuver,20,7.0,0.75,cusum_fgo,follower,2,30001,1.8774918615539604,0.8119033600895589,1.3273559119377827,0.861658794674791
E1,h7_k0p75,healthy_maneuver,20,7.0,0.75,cusum_fgo,follower,3,30001,1.6825185094354351,0.6341538394911839,1.1984505519152047,0.6905834922555423
E1,h7_k0p75,healthy_maneuver,20,7.0,0.75,cusum_fgo,pooled,0,90003,2.565408772636586,0.9108637516101361,1.678842000653685,1.0074024939632753
E1,h7_k0p75,healthy_maneuver,20,7.0,0.75,cusum_fgo,macro,0,90003,2.0418063812086604,0.9108637516101359,1.4936874441497778,0.9677495158599273
E1,h7_k0p75,healthy_maneuver,21,7.0,0.75,cusum_fgo,follower,1,30001,2.9894228720817284,1.5969915811488913,2.351184261089809,1.6904181645465879
E1,h7_k0p75,healthy_maneuver,21,7.0,0.75,cusum_fgo,follower,2,30001,1.815213085548069,1.0131355184513453,1.433330993319855,1.0574825670978802
E1,h7_k0p75,healthy_maneuver,21,7.0,0.75,cusum_fgo,follower,3,30001,1.305580194503676,0.4791544724120031,0.8938531692357009,0.5216288749336544
E1,h7_k0p75,healthy_maneuver,21,7.0,0.75,cusum_fgo,pooled,0,90003,2.9894228720817284,1.02976052400408,2.153259869232582,1.1899411237409363
E1,h7_k0p75,healthy_maneuver,21,7.0,0.75,cusum_fgo,macro,0,90003,2.0367387173778244,1.02976052400408,1.5594561412151215,1.0898432021927074
E1,h7_k0p75,healthy_maneuver,22,7.0,0.75,cusum_fgo,follower,1,30001,2.701861575946058,0.8478514855956326,1.5372667876067927,0.9259943305376414
E1,h7_k0p75,healthy_maneuver,22,7.0,0.75,cusum_fgo,follower,2,30001,2.6140450610870936,0.9700380810297459,1.6043760203351654,1.0313756679226262
E1,h7_k0p75,healthy_maneuver,22,7.0,0.75,cusum_fgo,follower,3,30001,2.064778910137611,1.0646815492699038,1.4887317614202487,1.09959341848216
E1,h7_k0p75,healthy_maneuver,22,7.0,0.75,cusum_fgo,pooled,0,90003,2.701861575946058,0.9608570386317606,1.5364367365304485,1.0214869805892421
E1,h7_k0p75,healthy_maneuver,22,7.0,0.75,cusum_fgo,macro,0,90003,2.4602285157235877,0.9608570386317608,1.5434581897874022,1.018987805647476
E1,h7_k0p75,healthy_maneuver,23,7.0,0.75,cusum_fgo,follower,1,30001,2.072263538194302,0.8052517893654709,1.2561421648034068,0.8595642620862598
E1,h7_k0p75,healthy_maneuver,23,7.0,0.75,cusum_fgo,follower,2,30001,2.149575344516291,1.0986502106222722,1.5485159840424245,1.1337016183913455
E1,h7_k0p75,healthy_maneuver,23,7.0,0.75,cusum_fgo,follower,3,30001,1.635879815152464,0.5239167829411624,0.8467415432835499,0.5572562842464854
E1,h7_k0p75,healthy_maneuver,23,7.0,0.75,cusum_fgo,pooled,0,90003,2.149575344516291,0.8092729276429684,1.4203644817921894,0.8821686623564401
E1,h7_k0p75,healthy_maneuver,23,7.0,0.75,cusum_fgo,macro,0,90003,1.9525728992876854,0.8092729276429685,1.2171332307097937,0.8501740549080302
E1,h7_k0p75,healthy_maneuver,24,7.0,0.75,cusum_fgo,follower,1,30001,2.4690382056649995,0.7457118137191432,1.3040406058831957,0.8177435696282693
E1,h7_k0p75,healthy_maneuver,24,7.0,0.75,cusum_fgo,follower,2,30001,3.142297464770318,0.6033162888254875,0.9420390192238101,0.6407654512948481
E1,h7_k0p75,healthy_maneuver,24,7.0,0.75,cusum_fgo,follower,3,30001,1.729964871159707,0.8184154028870119,1.2393005064853941,0.855402152733554
E1,h7_k0p75,healthy_maneuver,24,7.0,0.75,cusum_fgo,pooled,0,90003,3.142297464770318,0.7224811684772142,1.1946252799820611,0.7769594052335623
E1,h7_k0p75,healthy_maneuver,24,7.0,0.75,cusum_fgo,macro,0,90003,2.4471001805316748,0.7224811684772142,1.1617933771974667,0.7713037245522237
E1,h7_k0p75,healthy_maneuver,25,7.0,0.75,cusum_fgo,follower,1,30001,1.8761986780173947,0.6392937481457852,1.3099328023846988,0.727410052644956
E1,h7_k0p75,healthy_maneuver,25,7.0,0.75,cusum_fgo,follower,2,30001,1.6632159954233472,0.6572115699289998,1.0378866265391988,0.7012503661434468
E1,h7_k0p75,healthy_maneuver,25,7.0,0.75,cusum_fgo,follower,3,30001,1.5108594594914586,0.5241593666342055,0.9174152107414086,0.5733801991184179
E1,h7_k0p75,healthy_maneuver,25,7.0,0.75,cusum_fgo,pooled,0,90003,1.8761986780173947,0.6068882282363302,1.1162346561212284,0.6707315194239626
E1,h7_k0p75,healthy_maneuver,25,7.0,0.75,cusum_fgo,macro,0,90003,1.6834247109774,0.6068882282363302,1.088411546555102,0.667346872635607
E1,h7_k0p75,healthy_maneuver,26,7.0,0.75,cusum_fgo,follower,1,30001,2.2320158198209974,0.8410716685043752,1.3772986573343846,0.8923924926143234
E1,h7_k0p75,healthy_maneuver,26,7.0,0.75,cusum_fgo,follower,2,30001,2.06937473751026,0.7639119472116587,1.2824571913418372,0.8157108251722145
E1,h7_k0p75,healthy_maneuver,26,7.0,0.75,cusum_fgo,follower,3,30001,1.7585528564572819,0.7822106352425202,1.263349726179556,0.8242881529021474
E1,h7_k0p75,healthy_maneuver,26,7.0,0.75,cusum_fgo,pooled,0,90003,2.2320158198209974,0.7957314169861847,1.2997449986726164,0.8448272940257029
E1,h7_k0p75,healthy_maneuver,26,7.0,0.75,cusum_fgo,macro,0,90003,2.019981137929513,0.7957314169861848,1.3077018582852593,0.8441304902295618
E1,h7_k0p75,healthy_maneuver,27,7.0,0.75,cusum_fgo,follower,1,30001,3.5969043573555823,1.658523555060204,2.5358592703336105,1.7640369701162713
E1,h7_k0p75,healthy_maneuver,27,7.0,0.75,cusum_fgo,follower,2,30001,1.7876435493293366,0.8695875663954038,1.2435552014028668,0.903835433890311
E1,h7_k0p75,healthy_maneuver,27,7.0,0.75,cusum_fgo,follower,3,30001,1.7749954927776852,0.7456027911696895,1.2198278264680804,0.7960640739466615
E1,h7_k0p75,healthy_maneuver,27,7.0,0.75,cusum_fgo,pooled,0,90003,3.5969043573555823,1.091237970875099,2.2508836087990254,1.2332157061008204
E1,h7_k0p75,healthy_maneuver,27,7.0,0.75,cusum_fgo,macro,0,90003,2.3865144664875344,1.0912379708750992,1.6664140994015193,1.1546454926510812
E1,h7_k0p75,healthy_maneuver,28,7.0,0.75,cusum_fgo,follower,1,30001,2.3109463920753064,1.062136453778793,1.7990282879612443,1.1511332742868228
E1,h7_k0p75,healthy_maneuver,28,7.0,0.75,cusum_fgo,follower,2,30001,2.178376121270388,1.2489739936220794,1.680279045581532,1.279434968996984
E1,h7_k0p75,healthy_maneuver,28,7.0,0.75,cusum_fgo,follower,3,30001,1.7192362949607969,0.8422650082216885,1.2884800629325694,0.8993327281753735
E1,h7_k0p75,healthy_maneuver,28,7.0,0.75,cusum_fgo,pooled,0,90003,2.3109463920753064,1.051125151874187,1.6782154851182396,1.1211394517825715
E1,h7_k0p75,healthy_maneuver,28,7.0,0.75,cusum_fgo,macro,0,90003,2.0695196027688305,1.0511251518741869,1.5892624654917817,1.1099669904863934
E1,h7_k0p75,healthy_maneuver,29,7.0,0.75,cusum_fgo,follower,1,30001,2.38657541995551,1.4187750486700612,1.9642109434614792,1.4635082275997506
E1,h7_k0p75,healthy_maneuver,29,7.0,0.75,cusum_fgo,follower,2,30001,1.858644051351229,0.5958949132478597,1.0923730219492134,0.6626422554686499
E1,h7_k0p75,healthy_maneuver,29,7.0,0.75,cusum_fgo,follower,3,30001,1.8338191649603777,0.7738378597532788,1.2630828643172003,0.8263944447104333
E1,h7_k0p75,healthy_maneuver,29,7.0,0.75,cusum_fgo,pooled,0,90003,2.38657541995551,0.9295026072237332,1.7695613457214976,1.043053029849235
E1,h7_k0p75,healthy_maneuver,29,7.0,0.75,cusum_fgo,macro,0,90003,2.026346212089039,0.9295026072237332,1.4398889432426312,0.9841816425929446
E1,h7_k0p75,healthy_maneuver,30,7.0,0.75,cusum_fgo,follower,1,30001,2.4093305612792175,1.1205580945336053,1.6147687152418733,1.1638290227232595
E1,h7_k0p75,healthy_maneuver,30,7.0,0.75,cusum_fgo,follower,2,30001,1.9966948272017264,0.979595220175054,1.5247068178160286,1.0277767523694856
E1,h7_k0p75,healthy_maneuver,30,7.0,0.75,cusum_fgo,follower,3,30001,1.532539582453237,0.5872103150225517,1.0418304624424837,0.6419774654292999
E1,h7_k0p75,healthy_maneuver,30,7.0,0.75,cusum_fgo,pooled,0,90003,2.4093305612792175,0.8957878765770703,1.5111548376816313,0.9700443482925875
E1,h7_k0p75,healthy_maneuver,30,7.0,0.75,cusum_fgo,macro,0,90003,1.9795216569780603,0.8957878765770704,1.393768665166795,0.9445277468406816
E1,h7_k0p75,healthy_maneuver,31,7.0,0.75,cusum_fgo,follower,1,30001,3.538606273068474,1.822926305306109,2.862499495761689,1.9527120233584654
E1,h7_k0p75,healthy_maneuver,31,7.0,0.75,cusum_fgo,follower,2,30001,2.1095528197014652,1.366780358086144,1.8624018171646965,1.411869631963009
E1,h7_k0p75,healthy_maneuver,31,7.0,0.75,cusum_fgo,follower,3,30001,1.7225013800061235,0.8601949348583258,1.4198859773155152,0.9246019627207366
E1,h7_k0p75,healthy_maneuver,31,7.0,0.75,cusum_fgo,pooled,0,90003,3.538606273068474,1.3499671994168596,2.5257646961829088,1.4901173212530519
E1,h7_k0p75,healthy_maneuver,31,7.0,0.75,cusum_fgo,macro,0,90003,2.4568868242586874,1.3499671994168596,2.048262430080634,1.4297278726807372
E1,h7_k0p75,healthy_maneuver,32,7.0,0.75,cusum_fgo,follower,1,30001,1.8565442544527122,0.7437173844024638,1.3061772467449695,0.7979147458007361
E1,h7_k0p75,healthy_maneuver,32,7.0,0.75,cusum_fgo,follower,2,30001,2.323192188961294,0.9711566744589254,1.6262016302092974,1.0445080751206448
E1,h7_k0p75,healthy_maneuver,32,7.0,0.75,cusum_fgo,follower,3,30001,1.9905411716141483,0.936464519390398,1.3989234264494876,0.9785817860056403
E1,h7_k0p75,healthy_maneuver,32,7.0,0.75,cusum_fgo,pooled,0,90003,2.323192188961294,0.883779526083929,1.5005036436992234,0.9460950220882461
E1,h7_k0p75,healthy_maneuver,32,7.0,0.75,cusum_fgo,macro,0,90003,2.0567592050093846,0.883779526083929,1.443767434467918,0.9403348689756736
E1,h7_k0p75,healthy_maneuver,33,7.0,0.75,cusum_fgo,follower,1,30001,3.6194092304500574,1.9046314840079486,2.885032802533619,2.0302065069366964
E1,h7_k0p75,healthy_maneuver,33,7.0,0.75,cusum_fgo,follower,2,30001,2.0772833259870285,1.0520960048742911,1.4691977673145364,1.0910505826280497
E1,h7_k0p75,healthy_maneuver,33,7.0,0.75,cusum_fgo,follower,3,30001,1.7878272423920964,0.6689381452078789,1.1582812189406548,0.7242480979037574
E1,h7_k0p75,healthy_maneuver,33,7.0,0.75,cusum_fgo,pooled,0,90003,3.6194092304500574,1.2085552113633728,2.5734999248196093,1.3948315480107647
E1,h7_k0p75,healthy_maneuver,33,7.0,0.75,cusum_fgo,macro,0,90003,2.494839932943061,1.2085552113633728,1.83750392959627,1.281835062489501
E1,h7_k0p75,healthy_maneuver,34,7.0,0.75,cusum_fgo,follower,1,30001,2.3488666074218445,1.062464852366567,1.656824164877978,1.1141259241922683
E1,h7_k0p75,healthy_maneuver,34,7.0,0.75,cusum_fgo,follower,2,30001,1.8246923411498082,0.7357948716554438,1.2480268740907239,0.7878212589367317
E1,h7_k0p75,healthy_maneuver,34,7.0,0.75,cusum_fgo,follower,3,30001,1.8131996903568626,1.087145193852058,1.467829936315287,1.1153922275686134
E1,h7_k0p75,healthy_maneuver,34,7.0,0.75,cusum_fgo,pooled,0,90003,2.3488666074218445,0.9618016392913563,1.4986870509373196,1.0175196529323003
E1,h7_k0p75,healthy_maneuver,34,7.0,0.75,cusum_fgo,macro,0,90003,1.995586212976172,0.9618016392913562,1.457560325094663,1.0057798035658712
E1,h7_k0p75,healthy_maneuver,35,7.0,0.75,cusum_fgo,follower,1,30001,1.9208970002114263,0.6093804430979907,1.158149087928575,0.6830413723811657
E1,h7_k0p75,healthy_maneuver,35,7.0,0.75,cusum_fgo,follower,2,30001,2.1444538236924733,0.9041818439229963,1.5878998183195676,0.9865777771077241
E1,h7_k0p75,healthy_maneuver,35,7.0,0.75,cusum_fgo,follower,3,30001,1.8837571538824578,0.7239848529088391,1.335032459817132,0.7940363134618106
E1,h7_k0p75,healthy_maneuver,35,7.0,0.75,cusum_fgo,pooled,0,90003,2.1444538236924733,0.7458490466432754,1.4479503338498718,0.8307376027288815
E1,h7_k0p75,healthy_maneuver,35,7.0,0.75,cusum_fgo,macro,0,90003,1.9830359925954524,0.7458490466432753,1.3603604553550914,0.8212184876502334
E1,h7_k0p75,healthy_maneuver,36,7.0,0.75,cusum_fgo,follower,1,30001,2.9172614890432897,1.744711944031292,2.4221181367285194,1.813363073175025
E1,h7_k0p75,healthy_maneuver,36,7.0,0.75,cusum_fgo,follower,2,30001,2.6709815338627294,1.4786366382568372,2.158186952897786,1.5617365162806582
E1,h7_k0p75,healthy_maneuver,36,7.0,0.75,cusum_fgo,follower,3,30001,1.693687707250142,0.6815938408897335,1.197079912946501,0.7404511492608332
E1,h7_k0p75,healthy_maneuver,36,7.0,0.75,cusum_fgo,pooled,0,90003,2.9172614890432897,1.3016474743926207,2.258873578315861,1.4463257454530436
E1,h7_k0p75,healthy_maneuver,36,7.0,0.75,cusum_fgo,macro,0,90003,2.427310243385387,1.301647474392621,1.9257950008576021,1.3718502462388387
E1,h7_k0p75,healthy_maneuver,37,7.0,0.75,cusum_fgo,follower,1,30001,2.2973037868828694,0.9195274718057992,1.5279685249458606,0.9969159051985699
E1,h7_k0p75,healthy_maneuver,37,7.0,0.75,cusum_fgo,follower,2,30001,2.439779403579531,1.1443000830478307,1.6645996004643233,1.194725984245984
E1,h7_k0p75,healthy_maneuver,37,7.0,0.75,cusum_fgo,follower,3,30001,1.7226587140907714,0.8722816991470244,1.400479070801894,0.9225961662336496
E1,h7_k0p75,healthy_maneuver,37,7.0,0.75,cusum_fgo,pooled,0,90003,2.439779403579531,0.9787030846668847,1.5681539210226279,1.0444129428247315
E1,h7_k0p75,healthy_maneuver,37,7.0,0.75,cusum_fgo,macro,0,90003,2.1532473015177236,0.9787030846668848,1.5310157320706927,1.0380793518927345
E1,h7_k0p75,healthy_maneuver,38,7.0,0.75,cusum_fgo,follower,1,30001,1.6553532517340566,0.9279313350606151,1.3184346704484045,0.9571443274224846
E1,h7_k0p75,healthy_maneuver,38,7.0,0.75,cusum_fgo,follower,2,30001,1.6863884349532563,0.6617634753751033,1.202693083839293,0.7234010260531372
E1,h7_k0p75,healthy_maneuver,38,7.0,0.75,cusum_fgo,follower,3,30001,1.599351778075713,0.7923871570659984,1.1558027715806645,0.8202252739119804
E1,h7_k0p75,healthy_maneuver,38,7.0,0.75,cusum_fgo,pooled,0,90003,1.6863884349532563,0.7940273225005721,1.251951126680603,0.839087561576215
E1,h7_k0p75,healthy_maneuver,38,7.0,0.75,cusum_fgo,macro,0,90003,1.6470311549210086,0.7940273225005722,1.2256435086227873,0.8335902091292007
E1,h7_k0p75,healthy_maneuver,39,7.0,0.75,cusum_fgo,follower,1,30001,2.141455340022245,1.0737718208528761,1.6627009157655088,1.134218017841608
E1,h7_k0p75,healthy_maneuver,39,7.0,0.75,cusum_fgo,follower,2,30001,1.6995435186904762,0.8821745427899997,1.2721643026256948,0.9133018609420384
E1,h7_k0p75,healthy_maneuver,39,7.0,0.75,cusum_fgo,follower,3,30001,1.4286583746517034,0.6997596886414453,1.1229077618613856,0.7415147488912094
E1,h7_k0p75,healthy_maneuver,39,7.0,0.75,cusum_fgo,pooled,0,90003,2.141455340022245,0.8852353507614404,1.4950799566283555,0.9434714134549298
E1,h7_k0p75,healthy_maneuver,39,7.0,0.75,cusum_fgo,macro,0,90003,1.756552411121475,0.8852353507614404,1.3525909934175298,0.9296782092249519
E1,h7_k0p75,healthy_maneuver,40,7.0,0.75,cusum_fgo,follower,1,30001,1.7263612019924,0.6550714938959151,1.095782557052499,0.6994950890517271
E1,h7_k0p75,healthy_maneuver,40,7.0,0.75,cusum_fgo,follower,2,30001,1.850009378001116,1.0219651208729572,1.4780482424156822,1.0636412045936947
E1,h7_k0p75,healthy_maneuver,40,7.0,0.75,cusum_fgo,follower,3,30001,1.3981742958909826,0.4653598250189118,0.8149560977851771,0.5063960121397221
E1,h7_k0p75,healthy_maneuver,40,7.0,0.75,cusum_fgo,pooled,0,90003,1.850009378001116,0.714132146595928,1.3214070827497928,0.7910041956964204
E1,h7_k0p75,healthy_maneuver,40,7.0,0.75,cusum_fgo,macro,0,90003,1.658181625294833,0.714132146595928,1.129595632417786,0.756510768595048
E1,h7_k0p75,healthy_maneuver,41,7.0,0.75,cusum_fgo,follower,1,30001,2.4446653175703843,1.316909903748915,1.963517888065634,1.3808534779140214
E1,h7_k0p75,healthy_maneuver,41,7.0,0.75,cusum_fgo,follower,2,30001,1.8916079131523522,0.5762060877301236,1.031939839079688,0.6307962426870004
E1,h7_k0p75,healthy_maneuver,41,7.0,0.75,cusum_fgo,follower,3,30001,1.6991041381687684,0.7777758488686864,1.2573719871406503,0.8246388689739048
E1,h7_k0p75,healthy_maneuver,41,7.0,0.75,cusum_fgo,pooled,0,90003,2.4446653175703843,0.8902972801159083,1.7511874727076335,0.997444984527609
E1,h7_k0p75,healthy_maneuver,41,7.0,0.75,cusum_fgo,macro,0,90003,2.0117924562971683,0.8902972801159083,1.4176099047619906,0.9454295298583087
E1,h7_k0p75,healthy_maneuver,42,7.0,0.75,cusum_fgo,follower,1,30001,2.186428743497984,1.0065094070601484,1.5846891108295438,1.0533055940253981
E1,h7_k0p75,healthy_maneuver,42,7.0,0.75,cusum_fgo,follower,2,30001,1.871528878882152,0.736374129175707,1.0649928010143692,0.7678494437363522
E1,h7_k0p75,healthy_maneuver,42,7.0,0.75,cusum_fgo,follower,3,30001,1.3948051818784066,0.6396387480032921,1.109461739059833,0.6975908163236338
E1,h7_k0p75,healthy_maneuver,42,7.0,0.75,cusum_fgo,pooled,0,90003,2.186428743497984,0.7941740947463825,1.3263776004630738,0.8535569478502876
E1,h7_k0p75,healthy_maneuver,42,7.0,0.75,cusum_fgo,macro,0,90003,1.817587601419514,0.7941740947463826,1.253047883634582,0.8395819513617947
E1,h7_k0p75,healthy_maneuver,43,7.0,0.75,cusum_fgo,follower,1,30001,1.7888985962760813,0.7931950143625117,1.2685088434760021,0.8341280455696336
E1,h7_k0p75,healthy_maneuver,43,7.0,0.75,cusum_fgo,follower,2,30001,2.0743526268075585,1.1100090624912053,1.5864501778881364,1.1535571401518048
E1,h7_k0p75,healthy_maneuver,43,7.0,0.75,cusum_fgo,follower,3,30001,1.1569857503084608,0.47765612622669357,0.7898022091312258,0.5107909507162203
E1,h7_k0p75,healthy_maneuver,43,7.0,0.75,cusum_fgo,pooled,0,90003,2.0743526268075585,0.7936200676934703,1.44859745946434,0.8731878506053948
E1,h7_k0p75,healthy_maneuver,43,7.0,0.75,cusum_fgo,macro,0,90003,1.6734123244640333,0.7936200676934702,1.2149204101651214,0.8328253788125529
E1,h7_k0p75,healthy_maneuver,44,7.0,0.75,cusum_fgo,follower,1,30001,2.1995060437157306,1.0581554812347937,1.5600378459494675,1.1041737029058285
E1,h7_k0p75,healthy_maneuver,44,7.0,0.75,cusum_fgo,follower,2,30001,1.8118367820151793,1.0034479149804638,1.504957010218082,1.060795209757516
E1,h7_k0p75,healthy_maneuver,44,7.0,0.75,cusum_fgo,follower,3,30001,2.7479101664462307,0.8863433598007495,1.273835031573351,0.9241442896705645
E1,h7_k0p75,healthy_maneuver,44,7.0,0.75,cusum_fgo,pooled,0,90003,2.7479101664462307,0.9826489186720023,1.4791954401167398,1.032558103508623
E1,h7_k0p75,healthy_maneuver,44,7.0,0.75,cusum_fgo,macro,0,90003,2.2530843307257133,0.9826489186720023,1.4462766292469669,1.0297044007779697
E1,h7_k0p75,healthy_maneuver,45,7.0,0.75,cusum_fgo,follower,1,30001,2.9471750875203218,1.6455184011257924,2.444008885474416,1.7448386645594391
E1,h7_k0p75,healthy_maneuver,45,7.0,0.75,cusum_fgo,follower,2,30001,1.6609649898374224,0.7530215449390542,1.233327364980796,0.8068720143849869
E1,h7_k0p75,healthy_maneuver,45,7.0,0.75,cusum_fgo,follower,3,30001,1.8821777622846854,1.1871596462821479,1.5633749916293995,1.2178212575641933
E1,h7_k0p75,healthy_maneuver,45,7.0,0.75,cusum_fgo,pooled,0,90003,2.9471750875203218,1.195233197448998,2.201004745607399,1.3138484220429802
E1,h7_k0p75,healthy_maneuver,45,7.0,0.75,cusum_fgo,macro,0,90003,2.16343927988081,1.1952331974489983,1.7469037473615374,1.2565106455028732
E1,h7_k0p75,healthy_maneuver,46,7.0,0.75,cusum_fgo,follower,1,30001,2.0519489610654538,1.040671337940385,1.5275400754026969,1.0848679261566654
E1,h7_k0p75,healthy_maneuver,46,7.0,0.75,cusum_fgo,follower,2,30001,2.233669791298656,1.1628950250376384,1.6403327037635642,1.2030666143293565
E1,h7_k0p75,healthy_maneuver,46,7.0,0.75,cusum_fgo,follower,3,30001,1.8540986667081765,0.8425686595499253,1.301613750259851,0.8853154296090275
E1,h7_k0p75,healthy_maneuver,46,7.0,0.75,cusum_fgo,pooled,0,90003,2.233669791298656,1.0153783408426496,1.5360716546886493,1.0658472538503787
E1,h7_k0p75,healthy_maneuver,46,7.0,0.75,cusum_fgo,macro,0,90003,2.0465724730240953,1.0153783408426496,1.4898288431420375,1.0577499900316834
E1,h7_k0p75,healthy_maneuver,47,7.0,0.75,cusum_fgo,follower,1,30001,1.9524040799257298,0.8575845315139187,1.35783286241974,0.905950810976044
E1,h7_k0p75,healthy_maneuver,47,7.0,0.75,cusum_fgo,follower,2,30001,1.7779245504406769,0.7860752480170343,1.2496612129006166,0.8302514864608767
E1,h7_k0p75,healthy_maneuver,47,7.0,0.75,cusum_fgo,follower,3,30001,1.444154992566191,0.7037532681519585,1.101399463658398,0.746301240997154
E1,h7_k0p75,healthy_maneuver,47,7.0,0.75,cusum_fgo,pooled,0,90003,1.9524040799257298,0.7824710158943039,1.2491668058946894,0.8300662513704432
E1,h7_k0p75,healthy_maneuver,47,7.0,0.75,cusum_fgo,macro,0,90003,1.7248278743108658,0.7824710158943038,1.2362978463262515,0.8275011794780248
E1,h7_k0p75,healthy_maneuver,48,7.0,0.75,cusum_fgo,follower,1,30001,2.5905042351058696,0.7600320262222066,1.4386855121892683,0.84824131846283
E1,h7_k0p75,healthy_maneuver,48,7.0,0.75,cusum_fgo,follower,2,30001,2.719416193462742,0.6363399406455509,1.1336480413904468,0.6941176577751978
E1,h7_k0p75,healthy_maneuver,48,7.0,0.75,cusum_fgo,follower,3,30001,1.60895789271181,0.405826654659893,0.714998164045228,0.4455780776966898
E1,h7_k0p75,healthy_maneuver,48,7.0,0.75,cusum_fgo,pooled,0,90003,2.719416193462742,0.6007328738425501,1.206116455181609,0.6830940590447663
E1,h7_k0p75,healthy_maneuver,48,7.0,0.75,cusum_fgo,macro,0,90003,2.306292773760141,0.6007328738425501,1.0957772392083143,0.6626456846449059
E1,h7_k0p75,healthy_maneuver,49,7.0,0.75,cusum_fgo,follower,1,30001,2.2144683258091225,1.1766920752379355,1.7292482157633373,1.240445176933072
E1,h7_k0p75,healthy_maneuver,49,7.0,0.75,cusum_fgo,follower,2,30001,1.676228465747984,0.9009281051297885,1.3192591877453952,0.9377840961735787
E1,h7_k0p75,healthy_maneuver,49,7.0,0.75,cusum_fgo,follower,3,30001,2.061980957867463,1.1113249842833464,1.6637466775140257,1.1650783047884725
E1,h7_k0p75,healthy_maneuver,49,7.0,0.75,cusum_fgo,pooled,0,90003,2.2144683258091225,1.0629817215503568,1.6495441920562384,1.121836396910797
E1,h7_k0p75,healthy_maneuver,49,7.0,0.75,cusum_fgo,macro,0,90003,1.9842259164748564,1.0629817215503568,1.5707513603409193,1.1144358592983743
E1,h7_k0p75,healthy_maneuver,50,7.0,0.75,cusum_fgo,follower,1,30001,2.2387649711560824,1.055131203411379,1.5850030077602324,1.0983085711544605
E1,h7_k0p75,healthy_maneuver,50,7.0,0.75,cusum_fgo,follower,2,30001,2.0080889665484185,1.0003452367049686,1.4712574144936243,1.0453075510785148
E1,h7_k0p75,healthy_maneuver,50,7.0,0.75,cusum_fgo,follower,3,30001,1.6400558824151767,0.8690441183366036,1.244034139188151,0.8984103319856023
E1,h7_k0p75,healthy_maneuver,50,7.0,0.75,cusum_fgo,pooled,0,90003,2.2387649711560824,0.9748401861509838,1.4620097659793163,1.017528168067367
E1,h7_k0p75,healthy_maneuver,50,7.0,0.75,cusum_fgo,macro,0,90003,1.9623032733732257,0.9748401861509836,1.4334315204806691,1.0140088180728593
